ARM GAS  /tmp/ccLxLv8v.s 			page 1


   1              		.cpu cortex-m4
   2              		.arch armv7e-m
   3              		.fpu fpv4-sp-d16
   4              		.eabi_attribute 27, 1
   5              		.eabi_attribute 28, 1
   6              		.eabi_attribute 20, 1
   7              		.eabi_attribute 21, 1
   8              		.eabi_attribute 23, 3
   9              		.eabi_attribute 24, 1
  10              		.eabi_attribute 25, 1
  11              		.eabi_attribute 26, 1
  12              		.eabi_attribute 30, 6
  13              		.eabi_attribute 34, 1
  14              		.eabi_attribute 18, 4
  15              		.file	"stm32f4xx_ll_usb.c"
  16              		.text
  17              	.Ltext0:
  18              		.cfi_sections	.debug_frame
  19              		.file 1 "Drivers/STM32F4xx_HAL_Driver/Src/stm32f4xx_ll_usb.c"
  20              		.section	.text.USB_CoreInit,"ax",%progbits
  21              		.align	1
  22              		.global	USB_CoreInit
  23              		.syntax unified
  24              		.thumb
  25              		.thumb_func
  27              	USB_CoreInit:
  28              	.LFB220:
   1:Drivers/STM32F4xx_HAL_Driver/Src/stm32f4xx_ll_usb.c **** /**
   2:Drivers/STM32F4xx_HAL_Driver/Src/stm32f4xx_ll_usb.c ****   ******************************************************************************
   3:Drivers/STM32F4xx_HAL_Driver/Src/stm32f4xx_ll_usb.c ****   * @file    stm32f4xx_ll_usb.c
   4:Drivers/STM32F4xx_HAL_Driver/Src/stm32f4xx_ll_usb.c ****   * @author  MCD Application Team
   5:Drivers/STM32F4xx_HAL_Driver/Src/stm32f4xx_ll_usb.c ****   * @brief   USB Low Layer HAL module driver.
   6:Drivers/STM32F4xx_HAL_Driver/Src/stm32f4xx_ll_usb.c ****   *
   7:Drivers/STM32F4xx_HAL_Driver/Src/stm32f4xx_ll_usb.c ****   *          This file provides firmware functions to manage the following
   8:Drivers/STM32F4xx_HAL_Driver/Src/stm32f4xx_ll_usb.c ****   *          functionalities of the USB Peripheral Controller:
   9:Drivers/STM32F4xx_HAL_Driver/Src/stm32f4xx_ll_usb.c ****   *           + Initialization/de-initialization functions
  10:Drivers/STM32F4xx_HAL_Driver/Src/stm32f4xx_ll_usb.c ****   *           + I/O operation functions
  11:Drivers/STM32F4xx_HAL_Driver/Src/stm32f4xx_ll_usb.c ****   *           + Peripheral Control functions
  12:Drivers/STM32F4xx_HAL_Driver/Src/stm32f4xx_ll_usb.c ****   *           + Peripheral State functions
  13:Drivers/STM32F4xx_HAL_Driver/Src/stm32f4xx_ll_usb.c ****   *
  14:Drivers/STM32F4xx_HAL_Driver/Src/stm32f4xx_ll_usb.c ****   ******************************************************************************
  15:Drivers/STM32F4xx_HAL_Driver/Src/stm32f4xx_ll_usb.c ****   * @attention
  16:Drivers/STM32F4xx_HAL_Driver/Src/stm32f4xx_ll_usb.c ****   *
  17:Drivers/STM32F4xx_HAL_Driver/Src/stm32f4xx_ll_usb.c ****   * Copyright (c) 2016 STMicroelectronics.
  18:Drivers/STM32F4xx_HAL_Driver/Src/stm32f4xx_ll_usb.c ****   * All rights reserved.
  19:Drivers/STM32F4xx_HAL_Driver/Src/stm32f4xx_ll_usb.c ****   *
  20:Drivers/STM32F4xx_HAL_Driver/Src/stm32f4xx_ll_usb.c ****   * This software is licensed under terms that can be found in the LICENSE file
  21:Drivers/STM32F4xx_HAL_Driver/Src/stm32f4xx_ll_usb.c ****   * in the root directory of this software component.
  22:Drivers/STM32F4xx_HAL_Driver/Src/stm32f4xx_ll_usb.c ****   * If no LICENSE file comes with this software, it is provided AS-IS.
  23:Drivers/STM32F4xx_HAL_Driver/Src/stm32f4xx_ll_usb.c ****   *
  24:Drivers/STM32F4xx_HAL_Driver/Src/stm32f4xx_ll_usb.c ****   ******************************************************************************
  25:Drivers/STM32F4xx_HAL_Driver/Src/stm32f4xx_ll_usb.c ****   @verbatim
  26:Drivers/STM32F4xx_HAL_Driver/Src/stm32f4xx_ll_usb.c ****   ==============================================================================
  27:Drivers/STM32F4xx_HAL_Driver/Src/stm32f4xx_ll_usb.c ****                     ##### How to use this driver #####
  28:Drivers/STM32F4xx_HAL_Driver/Src/stm32f4xx_ll_usb.c ****   ==============================================================================
  29:Drivers/STM32F4xx_HAL_Driver/Src/stm32f4xx_ll_usb.c ****     [..]
  30:Drivers/STM32F4xx_HAL_Driver/Src/stm32f4xx_ll_usb.c ****       (#) Fill parameters of Init structure in USB_CfgTypeDef structure.
ARM GAS  /tmp/ccLxLv8v.s 			page 2


  31:Drivers/STM32F4xx_HAL_Driver/Src/stm32f4xx_ll_usb.c **** 
  32:Drivers/STM32F4xx_HAL_Driver/Src/stm32f4xx_ll_usb.c ****       (#) Call USB_CoreInit() API to initialize the USB Core peripheral.
  33:Drivers/STM32F4xx_HAL_Driver/Src/stm32f4xx_ll_usb.c **** 
  34:Drivers/STM32F4xx_HAL_Driver/Src/stm32f4xx_ll_usb.c ****       (#) The upper HAL HCD/PCD driver will call the right routines for its internal processes.
  35:Drivers/STM32F4xx_HAL_Driver/Src/stm32f4xx_ll_usb.c **** 
  36:Drivers/STM32F4xx_HAL_Driver/Src/stm32f4xx_ll_usb.c ****   @endverbatim
  37:Drivers/STM32F4xx_HAL_Driver/Src/stm32f4xx_ll_usb.c **** 
  38:Drivers/STM32F4xx_HAL_Driver/Src/stm32f4xx_ll_usb.c ****   ******************************************************************************
  39:Drivers/STM32F4xx_HAL_Driver/Src/stm32f4xx_ll_usb.c ****   */
  40:Drivers/STM32F4xx_HAL_Driver/Src/stm32f4xx_ll_usb.c **** 
  41:Drivers/STM32F4xx_HAL_Driver/Src/stm32f4xx_ll_usb.c **** /* Includes ------------------------------------------------------------------*/
  42:Drivers/STM32F4xx_HAL_Driver/Src/stm32f4xx_ll_usb.c **** #include "stm32f4xx_hal.h"
  43:Drivers/STM32F4xx_HAL_Driver/Src/stm32f4xx_ll_usb.c **** 
  44:Drivers/STM32F4xx_HAL_Driver/Src/stm32f4xx_ll_usb.c **** /** @addtogroup STM32F4xx_LL_USB_DRIVER
  45:Drivers/STM32F4xx_HAL_Driver/Src/stm32f4xx_ll_usb.c ****   * @{
  46:Drivers/STM32F4xx_HAL_Driver/Src/stm32f4xx_ll_usb.c ****   */
  47:Drivers/STM32F4xx_HAL_Driver/Src/stm32f4xx_ll_usb.c **** 
  48:Drivers/STM32F4xx_HAL_Driver/Src/stm32f4xx_ll_usb.c **** #if defined (HAL_PCD_MODULE_ENABLED) || defined (HAL_HCD_MODULE_ENABLED)
  49:Drivers/STM32F4xx_HAL_Driver/Src/stm32f4xx_ll_usb.c **** #if defined (USB_OTG_FS) || defined (USB_OTG_HS)
  50:Drivers/STM32F4xx_HAL_Driver/Src/stm32f4xx_ll_usb.c **** /* Private typedef -----------------------------------------------------------*/
  51:Drivers/STM32F4xx_HAL_Driver/Src/stm32f4xx_ll_usb.c **** /* Private define ------------------------------------------------------------*/
  52:Drivers/STM32F4xx_HAL_Driver/Src/stm32f4xx_ll_usb.c **** /* Private macro -------------------------------------------------------------*/
  53:Drivers/STM32F4xx_HAL_Driver/Src/stm32f4xx_ll_usb.c **** /* Private variables ---------------------------------------------------------*/
  54:Drivers/STM32F4xx_HAL_Driver/Src/stm32f4xx_ll_usb.c **** /* Private function prototypes -----------------------------------------------*/
  55:Drivers/STM32F4xx_HAL_Driver/Src/stm32f4xx_ll_usb.c **** /* Private functions ---------------------------------------------------------*/
  56:Drivers/STM32F4xx_HAL_Driver/Src/stm32f4xx_ll_usb.c **** #if defined (USB_OTG_FS) || defined (USB_OTG_HS)
  57:Drivers/STM32F4xx_HAL_Driver/Src/stm32f4xx_ll_usb.c **** static HAL_StatusTypeDef USB_CoreReset(USB_OTG_GlobalTypeDef *USBx);
  58:Drivers/STM32F4xx_HAL_Driver/Src/stm32f4xx_ll_usb.c **** 
  59:Drivers/STM32F4xx_HAL_Driver/Src/stm32f4xx_ll_usb.c **** /* Exported functions --------------------------------------------------------*/
  60:Drivers/STM32F4xx_HAL_Driver/Src/stm32f4xx_ll_usb.c **** /** @defgroup USB_LL_Exported_Functions USB Low Layer Exported Functions
  61:Drivers/STM32F4xx_HAL_Driver/Src/stm32f4xx_ll_usb.c ****   * @{
  62:Drivers/STM32F4xx_HAL_Driver/Src/stm32f4xx_ll_usb.c ****   */
  63:Drivers/STM32F4xx_HAL_Driver/Src/stm32f4xx_ll_usb.c **** 
  64:Drivers/STM32F4xx_HAL_Driver/Src/stm32f4xx_ll_usb.c **** /** @defgroup USB_LL_Exported_Functions_Group1 Initialization/de-initialization functions
  65:Drivers/STM32F4xx_HAL_Driver/Src/stm32f4xx_ll_usb.c ****   *  @brief    Initialization and Configuration functions
  66:Drivers/STM32F4xx_HAL_Driver/Src/stm32f4xx_ll_usb.c ****   *
  67:Drivers/STM32F4xx_HAL_Driver/Src/stm32f4xx_ll_usb.c **** @verbatim
  68:Drivers/STM32F4xx_HAL_Driver/Src/stm32f4xx_ll_usb.c ****  ===============================================================================
  69:Drivers/STM32F4xx_HAL_Driver/Src/stm32f4xx_ll_usb.c ****                       ##### Initialization/de-initialization functions #####
  70:Drivers/STM32F4xx_HAL_Driver/Src/stm32f4xx_ll_usb.c ****  ===============================================================================
  71:Drivers/STM32F4xx_HAL_Driver/Src/stm32f4xx_ll_usb.c **** 
  72:Drivers/STM32F4xx_HAL_Driver/Src/stm32f4xx_ll_usb.c **** @endverbatim
  73:Drivers/STM32F4xx_HAL_Driver/Src/stm32f4xx_ll_usb.c ****   * @{
  74:Drivers/STM32F4xx_HAL_Driver/Src/stm32f4xx_ll_usb.c ****   */
  75:Drivers/STM32F4xx_HAL_Driver/Src/stm32f4xx_ll_usb.c **** 
  76:Drivers/STM32F4xx_HAL_Driver/Src/stm32f4xx_ll_usb.c **** /**
  77:Drivers/STM32F4xx_HAL_Driver/Src/stm32f4xx_ll_usb.c ****   * @brief  Initializes the USB Core
  78:Drivers/STM32F4xx_HAL_Driver/Src/stm32f4xx_ll_usb.c ****   * @param  USBx USB Instance
  79:Drivers/STM32F4xx_HAL_Driver/Src/stm32f4xx_ll_usb.c ****   * @param  cfg pointer to a USB_OTG_CfgTypeDef structure that contains
  80:Drivers/STM32F4xx_HAL_Driver/Src/stm32f4xx_ll_usb.c ****   *         the configuration information for the specified USBx peripheral.
  81:Drivers/STM32F4xx_HAL_Driver/Src/stm32f4xx_ll_usb.c ****   * @retval HAL status
  82:Drivers/STM32F4xx_HAL_Driver/Src/stm32f4xx_ll_usb.c ****   */
  83:Drivers/STM32F4xx_HAL_Driver/Src/stm32f4xx_ll_usb.c **** HAL_StatusTypeDef USB_CoreInit(USB_OTG_GlobalTypeDef *USBx, USB_OTG_CfgTypeDef cfg)
  84:Drivers/STM32F4xx_HAL_Driver/Src/stm32f4xx_ll_usb.c **** {
  29              		.loc 1 84 1
  30              		.cfi_startproc
  31              		@ args = 20, pretend = 16, frame = 16
ARM GAS  /tmp/ccLxLv8v.s 			page 3


  32              		@ frame_needed = 1, uses_anonymous_args = 0
  33 0000 84B0     		sub	sp, sp, #16
  34              	.LCFI0:
  35              		.cfi_def_cfa_offset 16
  36 0002 80B5     		push	{r7, lr}
  37              	.LCFI1:
  38              		.cfi_def_cfa_offset 24
  39              		.cfi_offset 7, -24
  40              		.cfi_offset 14, -20
  41 0004 84B0     		sub	sp, sp, #16
  42              	.LCFI2:
  43              		.cfi_def_cfa_offset 40
  44 0006 00AF     		add	r7, sp, #0
  45              	.LCFI3:
  46              		.cfi_def_cfa_register 7
  47 0008 7860     		str	r0, [r7, #4]
  48 000a 07F11C00 		add	r0, r7, #28
  49 000e 80E80E00 		stm	r0, {r1, r2, r3}
  85:Drivers/STM32F4xx_HAL_Driver/Src/stm32f4xx_ll_usb.c ****   HAL_StatusTypeDef ret;
  86:Drivers/STM32F4xx_HAL_Driver/Src/stm32f4xx_ll_usb.c ****   if (cfg.phy_itface == USB_OTG_ULPI_PHY)
  50              		.loc 1 86 10
  51 0012 97F82130 		ldrb	r3, [r7, #33]	@ zero_extendqisi2
  52              		.loc 1 86 6
  53 0016 012B     		cmp	r3, #1
  54 0018 23D1     		bne	.L2
  87:Drivers/STM32F4xx_HAL_Driver/Src/stm32f4xx_ll_usb.c ****   {
  88:Drivers/STM32F4xx_HAL_Driver/Src/stm32f4xx_ll_usb.c ****     USBx->GCCFG &= ~(USB_OTG_GCCFG_PWRDWN);
  55              		.loc 1 88 9
  56 001a 7B68     		ldr	r3, [r7, #4]
  57 001c 9B6B     		ldr	r3, [r3, #56]
  58              		.loc 1 88 17
  59 001e 23F48032 		bic	r2, r3, #65536
  60 0022 7B68     		ldr	r3, [r7, #4]
  61 0024 9A63     		str	r2, [r3, #56]
  89:Drivers/STM32F4xx_HAL_Driver/Src/stm32f4xx_ll_usb.c **** 
  90:Drivers/STM32F4xx_HAL_Driver/Src/stm32f4xx_ll_usb.c ****     /* Init The ULPI Interface */
  91:Drivers/STM32F4xx_HAL_Driver/Src/stm32f4xx_ll_usb.c ****     USBx->GUSBCFG &= ~(USB_OTG_GUSBCFG_TSDPS | USB_OTG_GUSBCFG_ULPIFSLS | USB_OTG_GUSBCFG_PHYSEL);
  62              		.loc 1 91 9
  63 0026 7B68     		ldr	r3, [r7, #4]
  64 0028 DB68     		ldr	r3, [r3, #12]
  65              		.loc 1 91 19
  66 002a 23F48403 		bic	r3, r3, #4325376
  67 002e 23F04003 		bic	r3, r3, #64
  68 0032 7A68     		ldr	r2, [r7, #4]
  69 0034 D360     		str	r3, [r2, #12]
  92:Drivers/STM32F4xx_HAL_Driver/Src/stm32f4xx_ll_usb.c **** 
  93:Drivers/STM32F4xx_HAL_Driver/Src/stm32f4xx_ll_usb.c ****     /* Select vbus source */
  94:Drivers/STM32F4xx_HAL_Driver/Src/stm32f4xx_ll_usb.c ****     USBx->GUSBCFG &= ~(USB_OTG_GUSBCFG_ULPIEVBUSD | USB_OTG_GUSBCFG_ULPIEVBUSI);
  70              		.loc 1 94 9
  71 0036 7B68     		ldr	r3, [r7, #4]
  72 0038 DB68     		ldr	r3, [r3, #12]
  73              		.loc 1 94 19
  74 003a 23F44012 		bic	r2, r3, #3145728
  75 003e 7B68     		ldr	r3, [r7, #4]
  76 0040 DA60     		str	r2, [r3, #12]
  95:Drivers/STM32F4xx_HAL_Driver/Src/stm32f4xx_ll_usb.c ****     if (cfg.use_external_vbus == 1U)
  77              		.loc 1 95 12
ARM GAS  /tmp/ccLxLv8v.s 			page 4


  78 0042 97F82830 		ldrb	r3, [r7, #40]	@ zero_extendqisi2
  79              		.loc 1 95 8
  80 0046 012B     		cmp	r3, #1
  81 0048 05D1     		bne	.L3
  96:Drivers/STM32F4xx_HAL_Driver/Src/stm32f4xx_ll_usb.c ****     {
  97:Drivers/STM32F4xx_HAL_Driver/Src/stm32f4xx_ll_usb.c ****       USBx->GUSBCFG |= USB_OTG_GUSBCFG_ULPIEVBUSD;
  82              		.loc 1 97 11
  83 004a 7B68     		ldr	r3, [r7, #4]
  84 004c DB68     		ldr	r3, [r3, #12]
  85              		.loc 1 97 21
  86 004e 43F48012 		orr	r2, r3, #1048576
  87 0052 7B68     		ldr	r3, [r7, #4]
  88 0054 DA60     		str	r2, [r3, #12]
  89              	.L3:
  98:Drivers/STM32F4xx_HAL_Driver/Src/stm32f4xx_ll_usb.c ****     }
  99:Drivers/STM32F4xx_HAL_Driver/Src/stm32f4xx_ll_usb.c **** 
 100:Drivers/STM32F4xx_HAL_Driver/Src/stm32f4xx_ll_usb.c ****     /* Reset after a PHY select */
 101:Drivers/STM32F4xx_HAL_Driver/Src/stm32f4xx_ll_usb.c ****     ret = USB_CoreReset(USBx);
  90              		.loc 1 101 11
  91 0056 7868     		ldr	r0, [r7, #4]
  92 0058 FFF7FEFF 		bl	USB_CoreReset
  93 005c 0346     		mov	r3, r0
  94 005e FB73     		strb	r3, [r7, #15]
  95 0060 1BE0     		b	.L4
  96              	.L2:
 102:Drivers/STM32F4xx_HAL_Driver/Src/stm32f4xx_ll_usb.c ****   }
 103:Drivers/STM32F4xx_HAL_Driver/Src/stm32f4xx_ll_usb.c ****   else /* FS interface (embedded Phy) */
 104:Drivers/STM32F4xx_HAL_Driver/Src/stm32f4xx_ll_usb.c ****   {
 105:Drivers/STM32F4xx_HAL_Driver/Src/stm32f4xx_ll_usb.c ****     /* Select FS Embedded PHY */
 106:Drivers/STM32F4xx_HAL_Driver/Src/stm32f4xx_ll_usb.c ****     USBx->GUSBCFG |= USB_OTG_GUSBCFG_PHYSEL;
  97              		.loc 1 106 9
  98 0062 7B68     		ldr	r3, [r7, #4]
  99 0064 DB68     		ldr	r3, [r3, #12]
 100              		.loc 1 106 19
 101 0066 43F04002 		orr	r2, r3, #64
 102 006a 7B68     		ldr	r3, [r7, #4]
 103 006c DA60     		str	r2, [r3, #12]
 107:Drivers/STM32F4xx_HAL_Driver/Src/stm32f4xx_ll_usb.c **** 
 108:Drivers/STM32F4xx_HAL_Driver/Src/stm32f4xx_ll_usb.c ****     /* Reset after a PHY select */
 109:Drivers/STM32F4xx_HAL_Driver/Src/stm32f4xx_ll_usb.c ****     ret = USB_CoreReset(USBx);
 104              		.loc 1 109 11
 105 006e 7868     		ldr	r0, [r7, #4]
 106 0070 FFF7FEFF 		bl	USB_CoreReset
 107 0074 0346     		mov	r3, r0
 108 0076 FB73     		strb	r3, [r7, #15]
 110:Drivers/STM32F4xx_HAL_Driver/Src/stm32f4xx_ll_usb.c **** 
 111:Drivers/STM32F4xx_HAL_Driver/Src/stm32f4xx_ll_usb.c ****     if (cfg.battery_charging_enable == 0U)
 109              		.loc 1 111 12
 110 0078 97F82530 		ldrb	r3, [r7, #37]	@ zero_extendqisi2
 111              		.loc 1 111 8
 112 007c 002B     		cmp	r3, #0
 113 007e 06D1     		bne	.L5
 112:Drivers/STM32F4xx_HAL_Driver/Src/stm32f4xx_ll_usb.c ****     {
 113:Drivers/STM32F4xx_HAL_Driver/Src/stm32f4xx_ll_usb.c ****       /* Activate the USB Transceiver */
 114:Drivers/STM32F4xx_HAL_Driver/Src/stm32f4xx_ll_usb.c ****       USBx->GCCFG |= USB_OTG_GCCFG_PWRDWN;
 114              		.loc 1 114 11
 115 0080 7B68     		ldr	r3, [r7, #4]
ARM GAS  /tmp/ccLxLv8v.s 			page 5


 116 0082 9B6B     		ldr	r3, [r3, #56]
 117              		.loc 1 114 19
 118 0084 43F48032 		orr	r2, r3, #65536
 119 0088 7B68     		ldr	r3, [r7, #4]
 120 008a 9A63     		str	r2, [r3, #56]
 121 008c 05E0     		b	.L4
 122              	.L5:
 115:Drivers/STM32F4xx_HAL_Driver/Src/stm32f4xx_ll_usb.c ****     }
 116:Drivers/STM32F4xx_HAL_Driver/Src/stm32f4xx_ll_usb.c ****     else
 117:Drivers/STM32F4xx_HAL_Driver/Src/stm32f4xx_ll_usb.c ****     {
 118:Drivers/STM32F4xx_HAL_Driver/Src/stm32f4xx_ll_usb.c ****       /* Deactivate the USB Transceiver */
 119:Drivers/STM32F4xx_HAL_Driver/Src/stm32f4xx_ll_usb.c ****       USBx->GCCFG &= ~(USB_OTG_GCCFG_PWRDWN);
 123              		.loc 1 119 11
 124 008e 7B68     		ldr	r3, [r7, #4]
 125 0090 9B6B     		ldr	r3, [r3, #56]
 126              		.loc 1 119 19
 127 0092 23F48032 		bic	r2, r3, #65536
 128 0096 7B68     		ldr	r3, [r7, #4]
 129 0098 9A63     		str	r2, [r3, #56]
 130              	.L4:
 120:Drivers/STM32F4xx_HAL_Driver/Src/stm32f4xx_ll_usb.c ****     }
 121:Drivers/STM32F4xx_HAL_Driver/Src/stm32f4xx_ll_usb.c ****   }
 122:Drivers/STM32F4xx_HAL_Driver/Src/stm32f4xx_ll_usb.c **** 
 123:Drivers/STM32F4xx_HAL_Driver/Src/stm32f4xx_ll_usb.c ****   if (cfg.dma_enable == 1U)
 131              		.loc 1 123 10
 132 009a BB7F     		ldrb	r3, [r7, #30]	@ zero_extendqisi2
 133              		.loc 1 123 6
 134 009c 012B     		cmp	r3, #1
 135 009e 0BD1     		bne	.L6
 124:Drivers/STM32F4xx_HAL_Driver/Src/stm32f4xx_ll_usb.c ****   {
 125:Drivers/STM32F4xx_HAL_Driver/Src/stm32f4xx_ll_usb.c ****     USBx->GAHBCFG |= USB_OTG_GAHBCFG_HBSTLEN_2;
 136              		.loc 1 125 9
 137 00a0 7B68     		ldr	r3, [r7, #4]
 138 00a2 9B68     		ldr	r3, [r3, #8]
 139              		.loc 1 125 19
 140 00a4 43F00602 		orr	r2, r3, #6
 141 00a8 7B68     		ldr	r3, [r7, #4]
 142 00aa 9A60     		str	r2, [r3, #8]
 126:Drivers/STM32F4xx_HAL_Driver/Src/stm32f4xx_ll_usb.c ****     USBx->GAHBCFG |= USB_OTG_GAHBCFG_DMAEN;
 143              		.loc 1 126 9
 144 00ac 7B68     		ldr	r3, [r7, #4]
 145 00ae 9B68     		ldr	r3, [r3, #8]
 146              		.loc 1 126 19
 147 00b0 43F02002 		orr	r2, r3, #32
 148 00b4 7B68     		ldr	r3, [r7, #4]
 149 00b6 9A60     		str	r2, [r3, #8]
 150              	.L6:
 127:Drivers/STM32F4xx_HAL_Driver/Src/stm32f4xx_ll_usb.c ****   }
 128:Drivers/STM32F4xx_HAL_Driver/Src/stm32f4xx_ll_usb.c **** 
 129:Drivers/STM32F4xx_HAL_Driver/Src/stm32f4xx_ll_usb.c ****   return ret;
 151              		.loc 1 129 10
 152 00b8 FB7B     		ldrb	r3, [r7, #15]	@ zero_extendqisi2
 130:Drivers/STM32F4xx_HAL_Driver/Src/stm32f4xx_ll_usb.c **** }
 153              		.loc 1 130 1
 154 00ba 1846     		mov	r0, r3
 155 00bc 1037     		adds	r7, r7, #16
 156              	.LCFI4:
ARM GAS  /tmp/ccLxLv8v.s 			page 6


 157              		.cfi_def_cfa_offset 24
 158 00be BD46     		mov	sp, r7
 159              	.LCFI5:
 160              		.cfi_def_cfa_register 13
 161              		@ sp needed
 162 00c0 BDE88040 		pop	{r7, lr}
 163              	.LCFI6:
 164              		.cfi_restore 14
 165              		.cfi_restore 7
 166              		.cfi_def_cfa_offset 16
 167 00c4 04B0     		add	sp, sp, #16
 168              	.LCFI7:
 169              		.cfi_def_cfa_offset 0
 170 00c6 7047     		bx	lr
 171              		.cfi_endproc
 172              	.LFE220:
 174              		.section	.text.USB_SetTurnaroundTime,"ax",%progbits
 175              		.align	1
 176              		.global	USB_SetTurnaroundTime
 177              		.syntax unified
 178              		.thumb
 179              		.thumb_func
 181              	USB_SetTurnaroundTime:
 182              	.LFB221:
 131:Drivers/STM32F4xx_HAL_Driver/Src/stm32f4xx_ll_usb.c **** 
 132:Drivers/STM32F4xx_HAL_Driver/Src/stm32f4xx_ll_usb.c **** 
 133:Drivers/STM32F4xx_HAL_Driver/Src/stm32f4xx_ll_usb.c **** /**
 134:Drivers/STM32F4xx_HAL_Driver/Src/stm32f4xx_ll_usb.c ****   * @brief  Set the USB turnaround time
 135:Drivers/STM32F4xx_HAL_Driver/Src/stm32f4xx_ll_usb.c ****   * @param  USBx USB Instance
 136:Drivers/STM32F4xx_HAL_Driver/Src/stm32f4xx_ll_usb.c ****   * @param  hclk: AHB clock frequency
 137:Drivers/STM32F4xx_HAL_Driver/Src/stm32f4xx_ll_usb.c ****   * @retval USB turnaround time In PHY Clocks number
 138:Drivers/STM32F4xx_HAL_Driver/Src/stm32f4xx_ll_usb.c ****   */
 139:Drivers/STM32F4xx_HAL_Driver/Src/stm32f4xx_ll_usb.c **** HAL_StatusTypeDef USB_SetTurnaroundTime(USB_OTG_GlobalTypeDef *USBx,
 140:Drivers/STM32F4xx_HAL_Driver/Src/stm32f4xx_ll_usb.c ****                                         uint32_t hclk, uint8_t speed)
 141:Drivers/STM32F4xx_HAL_Driver/Src/stm32f4xx_ll_usb.c **** {
 183              		.loc 1 141 1
 184              		.cfi_startproc
 185              		@ args = 0, pretend = 0, frame = 24
 186              		@ frame_needed = 1, uses_anonymous_args = 0
 187              		@ link register save eliminated.
 188 0000 80B4     		push	{r7}
 189              	.LCFI8:
 190              		.cfi_def_cfa_offset 4
 191              		.cfi_offset 7, -4
 192 0002 87B0     		sub	sp, sp, #28
 193              	.LCFI9:
 194              		.cfi_def_cfa_offset 32
 195 0004 00AF     		add	r7, sp, #0
 196              	.LCFI10:
 197              		.cfi_def_cfa_register 7
 198 0006 F860     		str	r0, [r7, #12]
 199 0008 B960     		str	r1, [r7, #8]
 200 000a 1346     		mov	r3, r2
 201 000c FB71     		strb	r3, [r7, #7]
 142:Drivers/STM32F4xx_HAL_Driver/Src/stm32f4xx_ll_usb.c ****   uint32_t UsbTrd;
 143:Drivers/STM32F4xx_HAL_Driver/Src/stm32f4xx_ll_usb.c **** 
 144:Drivers/STM32F4xx_HAL_Driver/Src/stm32f4xx_ll_usb.c ****   /* The USBTRD is configured according to the tables below, depending on AHB frequency
ARM GAS  /tmp/ccLxLv8v.s 			page 7


 145:Drivers/STM32F4xx_HAL_Driver/Src/stm32f4xx_ll_usb.c ****   used by application. In the low AHB frequency range it is used to stretch enough the USB response
 146:Drivers/STM32F4xx_HAL_Driver/Src/stm32f4xx_ll_usb.c ****   time to IN tokens, the USB turnaround time, so to compensate for the longer AHB read access
 147:Drivers/STM32F4xx_HAL_Driver/Src/stm32f4xx_ll_usb.c ****   latency to the Data FIFO */
 148:Drivers/STM32F4xx_HAL_Driver/Src/stm32f4xx_ll_usb.c ****   if (speed == USBD_FS_SPEED)
 202              		.loc 1 148 6
 203 000e FB79     		ldrb	r3, [r7, #7]	@ zero_extendqisi2
 204 0010 022B     		cmp	r3, #2
 205 0012 65D1     		bne	.L9
 149:Drivers/STM32F4xx_HAL_Driver/Src/stm32f4xx_ll_usb.c ****   {
 150:Drivers/STM32F4xx_HAL_Driver/Src/stm32f4xx_ll_usb.c ****     if ((hclk >= 14200000U) && (hclk < 15000000U))
 206              		.loc 1 150 8
 207 0014 BB68     		ldr	r3, [r7, #8]
 208 0016 414A     		ldr	r2, .L23
 209 0018 9342     		cmp	r3, r2
 210 001a 06D9     		bls	.L10
 211              		.loc 1 150 29 discriminator 1
 212 001c BB68     		ldr	r3, [r7, #8]
 213 001e 404A     		ldr	r2, .L23+4
 214 0020 9342     		cmp	r3, r2
 215 0022 02D2     		bcs	.L10
 151:Drivers/STM32F4xx_HAL_Driver/Src/stm32f4xx_ll_usb.c ****     {
 152:Drivers/STM32F4xx_HAL_Driver/Src/stm32f4xx_ll_usb.c ****       /* hclk Clock Range between 14.2-15 MHz */
 153:Drivers/STM32F4xx_HAL_Driver/Src/stm32f4xx_ll_usb.c ****       UsbTrd = 0xFU;
 216              		.loc 1 153 14
 217 0024 0F23     		movs	r3, #15
 218 0026 7B61     		str	r3, [r7, #20]
 219 0028 62E0     		b	.L20
 220              	.L10:
 154:Drivers/STM32F4xx_HAL_Driver/Src/stm32f4xx_ll_usb.c ****     }
 155:Drivers/STM32F4xx_HAL_Driver/Src/stm32f4xx_ll_usb.c ****     else if ((hclk >= 15000000U) && (hclk < 16000000U))
 221              		.loc 1 155 13
 222 002a BB68     		ldr	r3, [r7, #8]
 223 002c 3C4A     		ldr	r2, .L23+4
 224 002e 9342     		cmp	r3, r2
 225 0030 06D3     		bcc	.L12
 226              		.loc 1 155 34 discriminator 1
 227 0032 BB68     		ldr	r3, [r7, #8]
 228 0034 3B4A     		ldr	r2, .L23+8
 229 0036 9342     		cmp	r3, r2
 230 0038 02D2     		bcs	.L12
 156:Drivers/STM32F4xx_HAL_Driver/Src/stm32f4xx_ll_usb.c ****     {
 157:Drivers/STM32F4xx_HAL_Driver/Src/stm32f4xx_ll_usb.c ****       /* hclk Clock Range between 15-16 MHz */
 158:Drivers/STM32F4xx_HAL_Driver/Src/stm32f4xx_ll_usb.c ****       UsbTrd = 0xEU;
 231              		.loc 1 158 14
 232 003a 0E23     		movs	r3, #14
 233 003c 7B61     		str	r3, [r7, #20]
 234 003e 57E0     		b	.L20
 235              	.L12:
 159:Drivers/STM32F4xx_HAL_Driver/Src/stm32f4xx_ll_usb.c ****     }
 160:Drivers/STM32F4xx_HAL_Driver/Src/stm32f4xx_ll_usb.c ****     else if ((hclk >= 16000000U) && (hclk < 17200000U))
 236              		.loc 1 160 13
 237 0040 BB68     		ldr	r3, [r7, #8]
 238 0042 384A     		ldr	r2, .L23+8
 239 0044 9342     		cmp	r3, r2
 240 0046 06D3     		bcc	.L13
 241              		.loc 1 160 34 discriminator 1
 242 0048 BB68     		ldr	r3, [r7, #8]
ARM GAS  /tmp/ccLxLv8v.s 			page 8


 243 004a 374A     		ldr	r2, .L23+12
 244 004c 9342     		cmp	r3, r2
 245 004e 02D2     		bcs	.L13
 161:Drivers/STM32F4xx_HAL_Driver/Src/stm32f4xx_ll_usb.c ****     {
 162:Drivers/STM32F4xx_HAL_Driver/Src/stm32f4xx_ll_usb.c ****       /* hclk Clock Range between 16-17.2 MHz */
 163:Drivers/STM32F4xx_HAL_Driver/Src/stm32f4xx_ll_usb.c ****       UsbTrd = 0xDU;
 246              		.loc 1 163 14
 247 0050 0D23     		movs	r3, #13
 248 0052 7B61     		str	r3, [r7, #20]
 249 0054 4CE0     		b	.L20
 250              	.L13:
 164:Drivers/STM32F4xx_HAL_Driver/Src/stm32f4xx_ll_usb.c ****     }
 165:Drivers/STM32F4xx_HAL_Driver/Src/stm32f4xx_ll_usb.c ****     else if ((hclk >= 17200000U) && (hclk < 18500000U))
 251              		.loc 1 165 13
 252 0056 BB68     		ldr	r3, [r7, #8]
 253 0058 334A     		ldr	r2, .L23+12
 254 005a 9342     		cmp	r3, r2
 255 005c 06D3     		bcc	.L14
 256              		.loc 1 165 34 discriminator 1
 257 005e BB68     		ldr	r3, [r7, #8]
 258 0060 324A     		ldr	r2, .L23+16
 259 0062 9342     		cmp	r3, r2
 260 0064 02D8     		bhi	.L14
 166:Drivers/STM32F4xx_HAL_Driver/Src/stm32f4xx_ll_usb.c ****     {
 167:Drivers/STM32F4xx_HAL_Driver/Src/stm32f4xx_ll_usb.c ****       /* hclk Clock Range between 17.2-18.5 MHz */
 168:Drivers/STM32F4xx_HAL_Driver/Src/stm32f4xx_ll_usb.c ****       UsbTrd = 0xCU;
 261              		.loc 1 168 14
 262 0066 0C23     		movs	r3, #12
 263 0068 7B61     		str	r3, [r7, #20]
 264 006a 41E0     		b	.L20
 265              	.L14:
 169:Drivers/STM32F4xx_HAL_Driver/Src/stm32f4xx_ll_usb.c ****     }
 170:Drivers/STM32F4xx_HAL_Driver/Src/stm32f4xx_ll_usb.c ****     else if ((hclk >= 18500000U) && (hclk < 20000000U))
 266              		.loc 1 170 13
 267 006c BB68     		ldr	r3, [r7, #8]
 268 006e 2F4A     		ldr	r2, .L23+16
 269 0070 9342     		cmp	r3, r2
 270 0072 06D9     		bls	.L15
 271              		.loc 1 170 34 discriminator 1
 272 0074 BB68     		ldr	r3, [r7, #8]
 273 0076 2E4A     		ldr	r2, .L23+20
 274 0078 9342     		cmp	r3, r2
 275 007a 02D8     		bhi	.L15
 171:Drivers/STM32F4xx_HAL_Driver/Src/stm32f4xx_ll_usb.c ****     {
 172:Drivers/STM32F4xx_HAL_Driver/Src/stm32f4xx_ll_usb.c ****       /* hclk Clock Range between 18.5-20 MHz */
 173:Drivers/STM32F4xx_HAL_Driver/Src/stm32f4xx_ll_usb.c ****       UsbTrd = 0xBU;
 276              		.loc 1 173 14
 277 007c 0B23     		movs	r3, #11
 278 007e 7B61     		str	r3, [r7, #20]
 279 0080 36E0     		b	.L20
 280              	.L15:
 174:Drivers/STM32F4xx_HAL_Driver/Src/stm32f4xx_ll_usb.c ****     }
 175:Drivers/STM32F4xx_HAL_Driver/Src/stm32f4xx_ll_usb.c ****     else if ((hclk >= 20000000U) && (hclk < 21800000U))
 281              		.loc 1 175 13
 282 0082 BB68     		ldr	r3, [r7, #8]
 283 0084 2A4A     		ldr	r2, .L23+20
 284 0086 9342     		cmp	r3, r2
ARM GAS  /tmp/ccLxLv8v.s 			page 9


 285 0088 06D9     		bls	.L16
 286              		.loc 1 175 34 discriminator 1
 287 008a BB68     		ldr	r3, [r7, #8]
 288 008c 294A     		ldr	r2, .L23+24
 289 008e 9342     		cmp	r3, r2
 290 0090 02D8     		bhi	.L16
 176:Drivers/STM32F4xx_HAL_Driver/Src/stm32f4xx_ll_usb.c ****     {
 177:Drivers/STM32F4xx_HAL_Driver/Src/stm32f4xx_ll_usb.c ****       /* hclk Clock Range between 20-21.8 MHz */
 178:Drivers/STM32F4xx_HAL_Driver/Src/stm32f4xx_ll_usb.c ****       UsbTrd = 0xAU;
 291              		.loc 1 178 14
 292 0092 0A23     		movs	r3, #10
 293 0094 7B61     		str	r3, [r7, #20]
 294 0096 2BE0     		b	.L20
 295              	.L16:
 179:Drivers/STM32F4xx_HAL_Driver/Src/stm32f4xx_ll_usb.c ****     }
 180:Drivers/STM32F4xx_HAL_Driver/Src/stm32f4xx_ll_usb.c ****     else if ((hclk >= 21800000U) && (hclk < 24000000U))
 296              		.loc 1 180 13
 297 0098 BB68     		ldr	r3, [r7, #8]
 298 009a 264A     		ldr	r2, .L23+24
 299 009c 9342     		cmp	r3, r2
 300 009e 06D9     		bls	.L17
 301              		.loc 1 180 34 discriminator 1
 302 00a0 BB68     		ldr	r3, [r7, #8]
 303 00a2 254A     		ldr	r2, .L23+28
 304 00a4 9342     		cmp	r3, r2
 305 00a6 02D2     		bcs	.L17
 181:Drivers/STM32F4xx_HAL_Driver/Src/stm32f4xx_ll_usb.c ****     {
 182:Drivers/STM32F4xx_HAL_Driver/Src/stm32f4xx_ll_usb.c ****       /* hclk Clock Range between 21.8-24 MHz */
 183:Drivers/STM32F4xx_HAL_Driver/Src/stm32f4xx_ll_usb.c ****       UsbTrd = 0x9U;
 306              		.loc 1 183 14
 307 00a8 0923     		movs	r3, #9
 308 00aa 7B61     		str	r3, [r7, #20]
 309 00ac 20E0     		b	.L20
 310              	.L17:
 184:Drivers/STM32F4xx_HAL_Driver/Src/stm32f4xx_ll_usb.c ****     }
 185:Drivers/STM32F4xx_HAL_Driver/Src/stm32f4xx_ll_usb.c ****     else if ((hclk >= 24000000U) && (hclk < 27700000U))
 311              		.loc 1 185 13
 312 00ae BB68     		ldr	r3, [r7, #8]
 313 00b0 214A     		ldr	r2, .L23+28
 314 00b2 9342     		cmp	r3, r2
 315 00b4 06D3     		bcc	.L18
 316              		.loc 1 185 34 discriminator 1
 317 00b6 BB68     		ldr	r3, [r7, #8]
 318 00b8 204A     		ldr	r2, .L23+32
 319 00ba 9342     		cmp	r3, r2
 320 00bc 02D8     		bhi	.L18
 186:Drivers/STM32F4xx_HAL_Driver/Src/stm32f4xx_ll_usb.c ****     {
 187:Drivers/STM32F4xx_HAL_Driver/Src/stm32f4xx_ll_usb.c ****       /* hclk Clock Range between 24-27.7 MHz */
 188:Drivers/STM32F4xx_HAL_Driver/Src/stm32f4xx_ll_usb.c ****       UsbTrd = 0x8U;
 321              		.loc 1 188 14
 322 00be 0823     		movs	r3, #8
 323 00c0 7B61     		str	r3, [r7, #20]
 324 00c2 15E0     		b	.L20
 325              	.L18:
 189:Drivers/STM32F4xx_HAL_Driver/Src/stm32f4xx_ll_usb.c ****     }
 190:Drivers/STM32F4xx_HAL_Driver/Src/stm32f4xx_ll_usb.c ****     else if ((hclk >= 27700000U) && (hclk < 32000000U))
 326              		.loc 1 190 13
ARM GAS  /tmp/ccLxLv8v.s 			page 10


 327 00c4 BB68     		ldr	r3, [r7, #8]
 328 00c6 1D4A     		ldr	r2, .L23+32
 329 00c8 9342     		cmp	r3, r2
 330 00ca 06D9     		bls	.L19
 331              		.loc 1 190 34 discriminator 1
 332 00cc BB68     		ldr	r3, [r7, #8]
 333 00ce 1C4A     		ldr	r2, .L23+36
 334 00d0 9342     		cmp	r3, r2
 335 00d2 02D2     		bcs	.L19
 191:Drivers/STM32F4xx_HAL_Driver/Src/stm32f4xx_ll_usb.c ****     {
 192:Drivers/STM32F4xx_HAL_Driver/Src/stm32f4xx_ll_usb.c ****       /* hclk Clock Range between 27.7-32 MHz */
 193:Drivers/STM32F4xx_HAL_Driver/Src/stm32f4xx_ll_usb.c ****       UsbTrd = 0x7U;
 336              		.loc 1 193 14
 337 00d4 0723     		movs	r3, #7
 338 00d6 7B61     		str	r3, [r7, #20]
 339 00d8 0AE0     		b	.L20
 340              	.L19:
 194:Drivers/STM32F4xx_HAL_Driver/Src/stm32f4xx_ll_usb.c ****     }
 195:Drivers/STM32F4xx_HAL_Driver/Src/stm32f4xx_ll_usb.c ****     else /* if(hclk >= 32000000) */
 196:Drivers/STM32F4xx_HAL_Driver/Src/stm32f4xx_ll_usb.c ****     {
 197:Drivers/STM32F4xx_HAL_Driver/Src/stm32f4xx_ll_usb.c ****       /* hclk Clock Range between 32-200 MHz */
 198:Drivers/STM32F4xx_HAL_Driver/Src/stm32f4xx_ll_usb.c ****       UsbTrd = 0x6U;
 341              		.loc 1 198 14
 342 00da 0623     		movs	r3, #6
 343 00dc 7B61     		str	r3, [r7, #20]
 344 00de 07E0     		b	.L20
 345              	.L9:
 199:Drivers/STM32F4xx_HAL_Driver/Src/stm32f4xx_ll_usb.c ****     }
 200:Drivers/STM32F4xx_HAL_Driver/Src/stm32f4xx_ll_usb.c ****   }
 201:Drivers/STM32F4xx_HAL_Driver/Src/stm32f4xx_ll_usb.c ****   else if (speed == USBD_HS_SPEED)
 346              		.loc 1 201 11
 347 00e0 FB79     		ldrb	r3, [r7, #7]	@ zero_extendqisi2
 348 00e2 002B     		cmp	r3, #0
 349 00e4 02D1     		bne	.L21
 202:Drivers/STM32F4xx_HAL_Driver/Src/stm32f4xx_ll_usb.c ****   {
 203:Drivers/STM32F4xx_HAL_Driver/Src/stm32f4xx_ll_usb.c ****     UsbTrd = USBD_HS_TRDT_VALUE;
 350              		.loc 1 203 12
 351 00e6 0923     		movs	r3, #9
 352 00e8 7B61     		str	r3, [r7, #20]
 353 00ea 01E0     		b	.L20
 354              	.L21:
 204:Drivers/STM32F4xx_HAL_Driver/Src/stm32f4xx_ll_usb.c ****   }
 205:Drivers/STM32F4xx_HAL_Driver/Src/stm32f4xx_ll_usb.c ****   else
 206:Drivers/STM32F4xx_HAL_Driver/Src/stm32f4xx_ll_usb.c ****   {
 207:Drivers/STM32F4xx_HAL_Driver/Src/stm32f4xx_ll_usb.c ****     UsbTrd = USBD_DEFAULT_TRDT_VALUE;
 355              		.loc 1 207 12
 356 00ec 0923     		movs	r3, #9
 357 00ee 7B61     		str	r3, [r7, #20]
 358              	.L20:
 208:Drivers/STM32F4xx_HAL_Driver/Src/stm32f4xx_ll_usb.c ****   }
 209:Drivers/STM32F4xx_HAL_Driver/Src/stm32f4xx_ll_usb.c **** 
 210:Drivers/STM32F4xx_HAL_Driver/Src/stm32f4xx_ll_usb.c ****   USBx->GUSBCFG &= ~USB_OTG_GUSBCFG_TRDT;
 359              		.loc 1 210 7
 360 00f0 FB68     		ldr	r3, [r7, #12]
 361 00f2 DB68     		ldr	r3, [r3, #12]
 362              		.loc 1 210 17
 363 00f4 23F47052 		bic	r2, r3, #15360
ARM GAS  /tmp/ccLxLv8v.s 			page 11


 364 00f8 FB68     		ldr	r3, [r7, #12]
 365 00fa DA60     		str	r2, [r3, #12]
 211:Drivers/STM32F4xx_HAL_Driver/Src/stm32f4xx_ll_usb.c ****   USBx->GUSBCFG |= (uint32_t)((UsbTrd << 10) & USB_OTG_GUSBCFG_TRDT);
 366              		.loc 1 211 7
 367 00fc FB68     		ldr	r3, [r7, #12]
 368 00fe DA68     		ldr	r2, [r3, #12]
 369              		.loc 1 211 39
 370 0100 7B69     		ldr	r3, [r7, #20]
 371 0102 9B02     		lsls	r3, r3, #10
 372              		.loc 1 211 20
 373 0104 03F47053 		and	r3, r3, #15360
 374              		.loc 1 211 17
 375 0108 1A43     		orrs	r2, r2, r3
 376 010a FB68     		ldr	r3, [r7, #12]
 377 010c DA60     		str	r2, [r3, #12]
 212:Drivers/STM32F4xx_HAL_Driver/Src/stm32f4xx_ll_usb.c **** 
 213:Drivers/STM32F4xx_HAL_Driver/Src/stm32f4xx_ll_usb.c ****   return HAL_OK;
 378              		.loc 1 213 10
 379 010e 0023     		movs	r3, #0
 214:Drivers/STM32F4xx_HAL_Driver/Src/stm32f4xx_ll_usb.c **** }
 380              		.loc 1 214 1
 381 0110 1846     		mov	r0, r3
 382 0112 1C37     		adds	r7, r7, #28
 383              	.LCFI11:
 384              		.cfi_def_cfa_offset 4
 385 0114 BD46     		mov	sp, r7
 386              	.LCFI12:
 387              		.cfi_def_cfa_register 13
 388              		@ sp needed
 389 0116 80BC     		pop	{r7}
 390              	.LCFI13:
 391              		.cfi_restore 7
 392              		.cfi_def_cfa_offset 0
 393 0118 7047     		bx	lr
 394              	.L24:
 395 011a 00BF     		.align	2
 396              	.L23:
 397 011c BFACD800 		.word	14199999
 398 0120 C0E1E400 		.word	15000000
 399 0124 0024F400 		.word	16000000
 400 0128 80730601 		.word	17200000
 401 012c 9F491A01 		.word	18499999
 402 0130 FF2C3101 		.word	19999999
 403 0134 3FA44C01 		.word	21799999
 404 0138 00366E01 		.word	24000000
 405 013c 1FABA601 		.word	27699999
 406 0140 0048E801 		.word	32000000
 407              		.cfi_endproc
 408              	.LFE221:
 410              		.section	.text.USB_EnableGlobalInt,"ax",%progbits
 411              		.align	1
 412              		.global	USB_EnableGlobalInt
 413              		.syntax unified
 414              		.thumb
 415              		.thumb_func
 417              	USB_EnableGlobalInt:
 418              	.LFB222:
ARM GAS  /tmp/ccLxLv8v.s 			page 12


 215:Drivers/STM32F4xx_HAL_Driver/Src/stm32f4xx_ll_usb.c **** 
 216:Drivers/STM32F4xx_HAL_Driver/Src/stm32f4xx_ll_usb.c **** /**
 217:Drivers/STM32F4xx_HAL_Driver/Src/stm32f4xx_ll_usb.c ****   * @brief  USB_EnableGlobalInt
 218:Drivers/STM32F4xx_HAL_Driver/Src/stm32f4xx_ll_usb.c ****   *         Enables the controller's Global Int in the AHB Config reg
 219:Drivers/STM32F4xx_HAL_Driver/Src/stm32f4xx_ll_usb.c ****   * @param  USBx  Selected device
 220:Drivers/STM32F4xx_HAL_Driver/Src/stm32f4xx_ll_usb.c ****   * @retval HAL status
 221:Drivers/STM32F4xx_HAL_Driver/Src/stm32f4xx_ll_usb.c ****   */
 222:Drivers/STM32F4xx_HAL_Driver/Src/stm32f4xx_ll_usb.c **** HAL_StatusTypeDef USB_EnableGlobalInt(USB_OTG_GlobalTypeDef *USBx)
 223:Drivers/STM32F4xx_HAL_Driver/Src/stm32f4xx_ll_usb.c **** {
 419              		.loc 1 223 1
 420              		.cfi_startproc
 421              		@ args = 0, pretend = 0, frame = 8
 422              		@ frame_needed = 1, uses_anonymous_args = 0
 423              		@ link register save eliminated.
 424 0000 80B4     		push	{r7}
 425              	.LCFI14:
 426              		.cfi_def_cfa_offset 4
 427              		.cfi_offset 7, -4
 428 0002 83B0     		sub	sp, sp, #12
 429              	.LCFI15:
 430              		.cfi_def_cfa_offset 16
 431 0004 00AF     		add	r7, sp, #0
 432              	.LCFI16:
 433              		.cfi_def_cfa_register 7
 434 0006 7860     		str	r0, [r7, #4]
 224:Drivers/STM32F4xx_HAL_Driver/Src/stm32f4xx_ll_usb.c ****   USBx->GAHBCFG |= USB_OTG_GAHBCFG_GINT;
 435              		.loc 1 224 7
 436 0008 7B68     		ldr	r3, [r7, #4]
 437 000a 9B68     		ldr	r3, [r3, #8]
 438              		.loc 1 224 17
 439 000c 43F00102 		orr	r2, r3, #1
 440 0010 7B68     		ldr	r3, [r7, #4]
 441 0012 9A60     		str	r2, [r3, #8]
 225:Drivers/STM32F4xx_HAL_Driver/Src/stm32f4xx_ll_usb.c ****   return HAL_OK;
 442              		.loc 1 225 10
 443 0014 0023     		movs	r3, #0
 226:Drivers/STM32F4xx_HAL_Driver/Src/stm32f4xx_ll_usb.c **** }
 444              		.loc 1 226 1
 445 0016 1846     		mov	r0, r3
 446 0018 0C37     		adds	r7, r7, #12
 447              	.LCFI17:
 448              		.cfi_def_cfa_offset 4
 449 001a BD46     		mov	sp, r7
 450              	.LCFI18:
 451              		.cfi_def_cfa_register 13
 452              		@ sp needed
 453 001c 80BC     		pop	{r7}
 454              	.LCFI19:
 455              		.cfi_restore 7
 456              		.cfi_def_cfa_offset 0
 457 001e 7047     		bx	lr
 458              		.cfi_endproc
 459              	.LFE222:
 461              		.section	.text.USB_DisableGlobalInt,"ax",%progbits
 462              		.align	1
 463              		.global	USB_DisableGlobalInt
 464              		.syntax unified
ARM GAS  /tmp/ccLxLv8v.s 			page 13


 465              		.thumb
 466              		.thumb_func
 468              	USB_DisableGlobalInt:
 469              	.LFB223:
 227:Drivers/STM32F4xx_HAL_Driver/Src/stm32f4xx_ll_usb.c **** 
 228:Drivers/STM32F4xx_HAL_Driver/Src/stm32f4xx_ll_usb.c **** /**
 229:Drivers/STM32F4xx_HAL_Driver/Src/stm32f4xx_ll_usb.c ****   * @brief  USB_DisableGlobalInt
 230:Drivers/STM32F4xx_HAL_Driver/Src/stm32f4xx_ll_usb.c ****   *         Disable the controller's Global Int in the AHB Config reg
 231:Drivers/STM32F4xx_HAL_Driver/Src/stm32f4xx_ll_usb.c ****   * @param  USBx  Selected device
 232:Drivers/STM32F4xx_HAL_Driver/Src/stm32f4xx_ll_usb.c ****   * @retval HAL status
 233:Drivers/STM32F4xx_HAL_Driver/Src/stm32f4xx_ll_usb.c ****   */
 234:Drivers/STM32F4xx_HAL_Driver/Src/stm32f4xx_ll_usb.c **** HAL_StatusTypeDef USB_DisableGlobalInt(USB_OTG_GlobalTypeDef *USBx)
 235:Drivers/STM32F4xx_HAL_Driver/Src/stm32f4xx_ll_usb.c **** {
 470              		.loc 1 235 1
 471              		.cfi_startproc
 472              		@ args = 0, pretend = 0, frame = 8
 473              		@ frame_needed = 1, uses_anonymous_args = 0
 474              		@ link register save eliminated.
 475 0000 80B4     		push	{r7}
 476              	.LCFI20:
 477              		.cfi_def_cfa_offset 4
 478              		.cfi_offset 7, -4
 479 0002 83B0     		sub	sp, sp, #12
 480              	.LCFI21:
 481              		.cfi_def_cfa_offset 16
 482 0004 00AF     		add	r7, sp, #0
 483              	.LCFI22:
 484              		.cfi_def_cfa_register 7
 485 0006 7860     		str	r0, [r7, #4]
 236:Drivers/STM32F4xx_HAL_Driver/Src/stm32f4xx_ll_usb.c ****   USBx->GAHBCFG &= ~USB_OTG_GAHBCFG_GINT;
 486              		.loc 1 236 7
 487 0008 7B68     		ldr	r3, [r7, #4]
 488 000a 9B68     		ldr	r3, [r3, #8]
 489              		.loc 1 236 17
 490 000c 23F00102 		bic	r2, r3, #1
 491 0010 7B68     		ldr	r3, [r7, #4]
 492 0012 9A60     		str	r2, [r3, #8]
 237:Drivers/STM32F4xx_HAL_Driver/Src/stm32f4xx_ll_usb.c ****   return HAL_OK;
 493              		.loc 1 237 10
 494 0014 0023     		movs	r3, #0
 238:Drivers/STM32F4xx_HAL_Driver/Src/stm32f4xx_ll_usb.c **** }
 495              		.loc 1 238 1
 496 0016 1846     		mov	r0, r3
 497 0018 0C37     		adds	r7, r7, #12
 498              	.LCFI23:
 499              		.cfi_def_cfa_offset 4
 500 001a BD46     		mov	sp, r7
 501              	.LCFI24:
 502              		.cfi_def_cfa_register 13
 503              		@ sp needed
 504 001c 80BC     		pop	{r7}
 505              	.LCFI25:
 506              		.cfi_restore 7
 507              		.cfi_def_cfa_offset 0
 508 001e 7047     		bx	lr
 509              		.cfi_endproc
 510              	.LFE223:
ARM GAS  /tmp/ccLxLv8v.s 			page 14


 512              		.section	.text.USB_SetCurrentMode,"ax",%progbits
 513              		.align	1
 514              		.global	USB_SetCurrentMode
 515              		.syntax unified
 516              		.thumb
 517              		.thumb_func
 519              	USB_SetCurrentMode:
 520              	.LFB224:
 239:Drivers/STM32F4xx_HAL_Driver/Src/stm32f4xx_ll_usb.c **** 
 240:Drivers/STM32F4xx_HAL_Driver/Src/stm32f4xx_ll_usb.c **** /**
 241:Drivers/STM32F4xx_HAL_Driver/Src/stm32f4xx_ll_usb.c ****   * @brief  USB_SetCurrentMode Set functional mode
 242:Drivers/STM32F4xx_HAL_Driver/Src/stm32f4xx_ll_usb.c ****   * @param  USBx  Selected device
 243:Drivers/STM32F4xx_HAL_Driver/Src/stm32f4xx_ll_usb.c ****   * @param  mode  current core mode
 244:Drivers/STM32F4xx_HAL_Driver/Src/stm32f4xx_ll_usb.c ****   *          This parameter can be one of these values:
 245:Drivers/STM32F4xx_HAL_Driver/Src/stm32f4xx_ll_usb.c ****   *            @arg USB_DEVICE_MODE Peripheral mode
 246:Drivers/STM32F4xx_HAL_Driver/Src/stm32f4xx_ll_usb.c ****   *            @arg USB_HOST_MODE Host mode
 247:Drivers/STM32F4xx_HAL_Driver/Src/stm32f4xx_ll_usb.c ****   * @retval HAL status
 248:Drivers/STM32F4xx_HAL_Driver/Src/stm32f4xx_ll_usb.c ****   */
 249:Drivers/STM32F4xx_HAL_Driver/Src/stm32f4xx_ll_usb.c **** HAL_StatusTypeDef USB_SetCurrentMode(USB_OTG_GlobalTypeDef *USBx, USB_OTG_ModeTypeDef mode)
 250:Drivers/STM32F4xx_HAL_Driver/Src/stm32f4xx_ll_usb.c **** {
 521              		.loc 1 250 1
 522              		.cfi_startproc
 523              		@ args = 0, pretend = 0, frame = 16
 524              		@ frame_needed = 1, uses_anonymous_args = 0
 525 0000 80B5     		push	{r7, lr}
 526              	.LCFI26:
 527              		.cfi_def_cfa_offset 8
 528              		.cfi_offset 7, -8
 529              		.cfi_offset 14, -4
 530 0002 84B0     		sub	sp, sp, #16
 531              	.LCFI27:
 532              		.cfi_def_cfa_offset 24
 533 0004 00AF     		add	r7, sp, #0
 534              	.LCFI28:
 535              		.cfi_def_cfa_register 7
 536 0006 7860     		str	r0, [r7, #4]
 537 0008 0B46     		mov	r3, r1
 538 000a FB70     		strb	r3, [r7, #3]
 251:Drivers/STM32F4xx_HAL_Driver/Src/stm32f4xx_ll_usb.c ****   uint32_t ms = 0U;
 539              		.loc 1 251 12
 540 000c 0023     		movs	r3, #0
 541 000e FB60     		str	r3, [r7, #12]
 252:Drivers/STM32F4xx_HAL_Driver/Src/stm32f4xx_ll_usb.c **** 
 253:Drivers/STM32F4xx_HAL_Driver/Src/stm32f4xx_ll_usb.c ****   USBx->GUSBCFG &= ~(USB_OTG_GUSBCFG_FHMOD | USB_OTG_GUSBCFG_FDMOD);
 542              		.loc 1 253 7
 543 0010 7B68     		ldr	r3, [r7, #4]
 544 0012 DB68     		ldr	r3, [r3, #12]
 545              		.loc 1 253 17
 546 0014 23F0C042 		bic	r2, r3, #1610612736
 547 0018 7B68     		ldr	r3, [r7, #4]
 548 001a DA60     		str	r2, [r3, #12]
 254:Drivers/STM32F4xx_HAL_Driver/Src/stm32f4xx_ll_usb.c **** 
 255:Drivers/STM32F4xx_HAL_Driver/Src/stm32f4xx_ll_usb.c ****   if (mode == USB_HOST_MODE)
 549              		.loc 1 255 6
 550 001c FB78     		ldrb	r3, [r7, #3]	@ zero_extendqisi2
 551 001e 012B     		cmp	r3, #1
 552 0020 15D1     		bne	.L30
ARM GAS  /tmp/ccLxLv8v.s 			page 15


 256:Drivers/STM32F4xx_HAL_Driver/Src/stm32f4xx_ll_usb.c ****   {
 257:Drivers/STM32F4xx_HAL_Driver/Src/stm32f4xx_ll_usb.c ****     USBx->GUSBCFG |= USB_OTG_GUSBCFG_FHMOD;
 553              		.loc 1 257 9
 554 0022 7B68     		ldr	r3, [r7, #4]
 555 0024 DB68     		ldr	r3, [r3, #12]
 556              		.loc 1 257 19
 557 0026 43F00052 		orr	r2, r3, #536870912
 558 002a 7B68     		ldr	r3, [r7, #4]
 559 002c DA60     		str	r2, [r3, #12]
 560              	.L32:
 258:Drivers/STM32F4xx_HAL_Driver/Src/stm32f4xx_ll_usb.c **** 
 259:Drivers/STM32F4xx_HAL_Driver/Src/stm32f4xx_ll_usb.c ****     do
 260:Drivers/STM32F4xx_HAL_Driver/Src/stm32f4xx_ll_usb.c ****     {
 261:Drivers/STM32F4xx_HAL_Driver/Src/stm32f4xx_ll_usb.c ****       HAL_Delay(10U);
 561              		.loc 1 261 7
 562 002e 0A20     		movs	r0, #10
 563 0030 FFF7FEFF 		bl	HAL_Delay
 262:Drivers/STM32F4xx_HAL_Driver/Src/stm32f4xx_ll_usb.c ****       ms += 10U;
 564              		.loc 1 262 10
 565 0034 FB68     		ldr	r3, [r7, #12]
 566 0036 0A33     		adds	r3, r3, #10
 567 0038 FB60     		str	r3, [r7, #12]
 263:Drivers/STM32F4xx_HAL_Driver/Src/stm32f4xx_ll_usb.c ****     } while ((USB_GetMode(USBx) != (uint32_t)USB_HOST_MODE) && (ms < HAL_USB_CURRENT_MODE_MAX_DELAY
 568              		.loc 1 263 15 discriminator 3
 569 003a 7868     		ldr	r0, [r7, #4]
 570 003c FFF7FEFF 		bl	USB_GetMode
 571 0040 0346     		mov	r3, r0
 572              		.loc 1 263 61 discriminator 3
 573 0042 012B     		cmp	r3, #1
 574 0044 1ED0     		beq	.L31
 575              		.loc 1 263 61 is_stmt 0 discriminator 2
 576 0046 FB68     		ldr	r3, [r7, #12]
 577 0048 C72B     		cmp	r3, #199
 578 004a F0D9     		bls	.L32
 579 004c 1AE0     		b	.L31
 580              	.L30:
 264:Drivers/STM32F4xx_HAL_Driver/Src/stm32f4xx_ll_usb.c ****   }
 265:Drivers/STM32F4xx_HAL_Driver/Src/stm32f4xx_ll_usb.c ****   else if (mode == USB_DEVICE_MODE)
 581              		.loc 1 265 11 is_stmt 1
 582 004e FB78     		ldrb	r3, [r7, #3]	@ zero_extendqisi2
 583 0050 002B     		cmp	r3, #0
 584 0052 15D1     		bne	.L33
 266:Drivers/STM32F4xx_HAL_Driver/Src/stm32f4xx_ll_usb.c ****   {
 267:Drivers/STM32F4xx_HAL_Driver/Src/stm32f4xx_ll_usb.c ****     USBx->GUSBCFG |= USB_OTG_GUSBCFG_FDMOD;
 585              		.loc 1 267 9
 586 0054 7B68     		ldr	r3, [r7, #4]
 587 0056 DB68     		ldr	r3, [r3, #12]
 588              		.loc 1 267 19
 589 0058 43F08042 		orr	r2, r3, #1073741824
 590 005c 7B68     		ldr	r3, [r7, #4]
 591 005e DA60     		str	r2, [r3, #12]
 592              	.L34:
 268:Drivers/STM32F4xx_HAL_Driver/Src/stm32f4xx_ll_usb.c **** 
 269:Drivers/STM32F4xx_HAL_Driver/Src/stm32f4xx_ll_usb.c ****     do
 270:Drivers/STM32F4xx_HAL_Driver/Src/stm32f4xx_ll_usb.c ****     {
 271:Drivers/STM32F4xx_HAL_Driver/Src/stm32f4xx_ll_usb.c ****       HAL_Delay(10U);
 593              		.loc 1 271 7
ARM GAS  /tmp/ccLxLv8v.s 			page 16


 594 0060 0A20     		movs	r0, #10
 595 0062 FFF7FEFF 		bl	HAL_Delay
 272:Drivers/STM32F4xx_HAL_Driver/Src/stm32f4xx_ll_usb.c ****       ms += 10U;
 596              		.loc 1 272 10
 597 0066 FB68     		ldr	r3, [r7, #12]
 598 0068 0A33     		adds	r3, r3, #10
 599 006a FB60     		str	r3, [r7, #12]
 273:Drivers/STM32F4xx_HAL_Driver/Src/stm32f4xx_ll_usb.c ****     } while ((USB_GetMode(USBx) != (uint32_t)USB_DEVICE_MODE) && (ms < HAL_USB_CURRENT_MODE_MAX_DEL
 600              		.loc 1 273 15 discriminator 3
 601 006c 7868     		ldr	r0, [r7, #4]
 602 006e FFF7FEFF 		bl	USB_GetMode
 603 0072 0346     		mov	r3, r0
 604              		.loc 1 273 63 discriminator 3
 605 0074 002B     		cmp	r3, #0
 606 0076 05D0     		beq	.L31
 607              		.loc 1 273 63 is_stmt 0 discriminator 2
 608 0078 FB68     		ldr	r3, [r7, #12]
 609 007a C72B     		cmp	r3, #199
 610 007c F0D9     		bls	.L34
 611 007e 01E0     		b	.L31
 612              	.L33:
 274:Drivers/STM32F4xx_HAL_Driver/Src/stm32f4xx_ll_usb.c ****   }
 275:Drivers/STM32F4xx_HAL_Driver/Src/stm32f4xx_ll_usb.c ****   else
 276:Drivers/STM32F4xx_HAL_Driver/Src/stm32f4xx_ll_usb.c ****   {
 277:Drivers/STM32F4xx_HAL_Driver/Src/stm32f4xx_ll_usb.c ****     return HAL_ERROR;
 613              		.loc 1 277 12 is_stmt 1
 614 0080 0123     		movs	r3, #1
 615 0082 05E0     		b	.L35
 616              	.L31:
 278:Drivers/STM32F4xx_HAL_Driver/Src/stm32f4xx_ll_usb.c ****   }
 279:Drivers/STM32F4xx_HAL_Driver/Src/stm32f4xx_ll_usb.c **** 
 280:Drivers/STM32F4xx_HAL_Driver/Src/stm32f4xx_ll_usb.c ****   if (ms == HAL_USB_CURRENT_MODE_MAX_DELAY_MS)
 617              		.loc 1 280 6
 618 0084 FB68     		ldr	r3, [r7, #12]
 619 0086 C82B     		cmp	r3, #200
 620 0088 01D1     		bne	.L36
 281:Drivers/STM32F4xx_HAL_Driver/Src/stm32f4xx_ll_usb.c ****   {
 282:Drivers/STM32F4xx_HAL_Driver/Src/stm32f4xx_ll_usb.c ****     return HAL_ERROR;
 621              		.loc 1 282 12
 622 008a 0123     		movs	r3, #1
 623 008c 00E0     		b	.L35
 624              	.L36:
 283:Drivers/STM32F4xx_HAL_Driver/Src/stm32f4xx_ll_usb.c ****   }
 284:Drivers/STM32F4xx_HAL_Driver/Src/stm32f4xx_ll_usb.c **** 
 285:Drivers/STM32F4xx_HAL_Driver/Src/stm32f4xx_ll_usb.c ****   return HAL_OK;
 625              		.loc 1 285 10
 626 008e 0023     		movs	r3, #0
 627              	.L35:
 286:Drivers/STM32F4xx_HAL_Driver/Src/stm32f4xx_ll_usb.c **** }
 628              		.loc 1 286 1
 629 0090 1846     		mov	r0, r3
 630 0092 1037     		adds	r7, r7, #16
 631              	.LCFI29:
 632              		.cfi_def_cfa_offset 8
 633 0094 BD46     		mov	sp, r7
 634              	.LCFI30:
 635              		.cfi_def_cfa_register 13
ARM GAS  /tmp/ccLxLv8v.s 			page 17


 636              		@ sp needed
 637 0096 80BD     		pop	{r7, pc}
 638              		.cfi_endproc
 639              	.LFE224:
 641              		.section	.text.USB_DevInit,"ax",%progbits
 642              		.align	1
 643              		.global	USB_DevInit
 644              		.syntax unified
 645              		.thumb
 646              		.thumb_func
 648              	USB_DevInit:
 649              	.LFB225:
 287:Drivers/STM32F4xx_HAL_Driver/Src/stm32f4xx_ll_usb.c **** 
 288:Drivers/STM32F4xx_HAL_Driver/Src/stm32f4xx_ll_usb.c **** /**
 289:Drivers/STM32F4xx_HAL_Driver/Src/stm32f4xx_ll_usb.c ****   * @brief  USB_DevInit Initializes the USB_OTG controller registers
 290:Drivers/STM32F4xx_HAL_Driver/Src/stm32f4xx_ll_usb.c ****   *         for device mode
 291:Drivers/STM32F4xx_HAL_Driver/Src/stm32f4xx_ll_usb.c ****   * @param  USBx  Selected device
 292:Drivers/STM32F4xx_HAL_Driver/Src/stm32f4xx_ll_usb.c ****   * @param  cfg   pointer to a USB_OTG_CfgTypeDef structure that contains
 293:Drivers/STM32F4xx_HAL_Driver/Src/stm32f4xx_ll_usb.c ****   *         the configuration information for the specified USBx peripheral.
 294:Drivers/STM32F4xx_HAL_Driver/Src/stm32f4xx_ll_usb.c ****   * @retval HAL status
 295:Drivers/STM32F4xx_HAL_Driver/Src/stm32f4xx_ll_usb.c ****   */
 296:Drivers/STM32F4xx_HAL_Driver/Src/stm32f4xx_ll_usb.c **** HAL_StatusTypeDef USB_DevInit(USB_OTG_GlobalTypeDef *USBx, USB_OTG_CfgTypeDef cfg)
 297:Drivers/STM32F4xx_HAL_Driver/Src/stm32f4xx_ll_usb.c **** {
 650              		.loc 1 297 1
 651              		.cfi_startproc
 652              		@ args = 20, pretend = 16, frame = 24
 653              		@ frame_needed = 1, uses_anonymous_args = 0
 654 0000 84B0     		sub	sp, sp, #16
 655              	.LCFI31:
 656              		.cfi_def_cfa_offset 16
 657 0002 80B5     		push	{r7, lr}
 658              	.LCFI32:
 659              		.cfi_def_cfa_offset 24
 660              		.cfi_offset 7, -24
 661              		.cfi_offset 14, -20
 662 0004 86B0     		sub	sp, sp, #24
 663              	.LCFI33:
 664              		.cfi_def_cfa_offset 48
 665 0006 00AF     		add	r7, sp, #0
 666              	.LCFI34:
 667              		.cfi_def_cfa_register 7
 668 0008 7860     		str	r0, [r7, #4]
 669 000a 07F12400 		add	r0, r7, #36
 670 000e 80E80E00 		stm	r0, {r1, r2, r3}
 298:Drivers/STM32F4xx_HAL_Driver/Src/stm32f4xx_ll_usb.c ****   HAL_StatusTypeDef ret = HAL_OK;
 671              		.loc 1 298 21
 672 0012 0023     		movs	r3, #0
 673 0014 FB75     		strb	r3, [r7, #23]
 299:Drivers/STM32F4xx_HAL_Driver/Src/stm32f4xx_ll_usb.c ****   uint32_t USBx_BASE = (uint32_t)USBx;
 674              		.loc 1 299 12
 675 0016 7B68     		ldr	r3, [r7, #4]
 676 0018 FB60     		str	r3, [r7, #12]
 300:Drivers/STM32F4xx_HAL_Driver/Src/stm32f4xx_ll_usb.c ****   uint32_t i;
 301:Drivers/STM32F4xx_HAL_Driver/Src/stm32f4xx_ll_usb.c **** 
 302:Drivers/STM32F4xx_HAL_Driver/Src/stm32f4xx_ll_usb.c ****   for (i = 0U; i < 15U; i++)
 677              		.loc 1 302 10
 678 001a 0023     		movs	r3, #0
ARM GAS  /tmp/ccLxLv8v.s 			page 18


 679 001c 3B61     		str	r3, [r7, #16]
 680              		.loc 1 302 3
 681 001e 09E0     		b	.L38
 682              	.L39:
 303:Drivers/STM32F4xx_HAL_Driver/Src/stm32f4xx_ll_usb.c ****   {
 304:Drivers/STM32F4xx_HAL_Driver/Src/stm32f4xx_ll_usb.c ****     USBx->DIEPTXF[i] = 0U;
 683              		.loc 1 304 22
 684 0020 7A68     		ldr	r2, [r7, #4]
 685 0022 3B69     		ldr	r3, [r7, #16]
 686 0024 4033     		adds	r3, r3, #64
 687 0026 9B00     		lsls	r3, r3, #2
 688 0028 1344     		add	r3, r3, r2
 689 002a 0022     		movs	r2, #0
 690 002c 5A60     		str	r2, [r3, #4]
 302:Drivers/STM32F4xx_HAL_Driver/Src/stm32f4xx_ll_usb.c ****   {
 691              		.loc 1 302 26 discriminator 3
 692 002e 3B69     		ldr	r3, [r7, #16]
 693 0030 0133     		adds	r3, r3, #1
 694 0032 3B61     		str	r3, [r7, #16]
 695              	.L38:
 302:Drivers/STM32F4xx_HAL_Driver/Src/stm32f4xx_ll_usb.c ****   {
 696              		.loc 1 302 18 discriminator 1
 697 0034 3B69     		ldr	r3, [r7, #16]
 698 0036 0E2B     		cmp	r3, #14
 699 0038 F2D9     		bls	.L39
 305:Drivers/STM32F4xx_HAL_Driver/Src/stm32f4xx_ll_usb.c ****   }
 306:Drivers/STM32F4xx_HAL_Driver/Src/stm32f4xx_ll_usb.c **** 
 307:Drivers/STM32F4xx_HAL_Driver/Src/stm32f4xx_ll_usb.c **** #if defined(STM32F446xx) || defined(STM32F469xx) || defined(STM32F479xx) || defined(STM32F412Zx) \
 308:Drivers/STM32F4xx_HAL_Driver/Src/stm32f4xx_ll_usb.c ****  || defined(STM32F412Vx) || defined(STM32F412Rx) || defined(STM32F412Cx) || defined(STM32F413xx) \
 309:Drivers/STM32F4xx_HAL_Driver/Src/stm32f4xx_ll_usb.c ****  || defined(STM32F423xx)
 310:Drivers/STM32F4xx_HAL_Driver/Src/stm32f4xx_ll_usb.c ****   /* VBUS Sensing setup */
 311:Drivers/STM32F4xx_HAL_Driver/Src/stm32f4xx_ll_usb.c ****   if (cfg.vbus_sensing_enable == 0U)
 312:Drivers/STM32F4xx_HAL_Driver/Src/stm32f4xx_ll_usb.c ****   {
 313:Drivers/STM32F4xx_HAL_Driver/Src/stm32f4xx_ll_usb.c ****     USBx_DEVICE->DCTL |= USB_OTG_DCTL_SDIS;
 314:Drivers/STM32F4xx_HAL_Driver/Src/stm32f4xx_ll_usb.c **** 
 315:Drivers/STM32F4xx_HAL_Driver/Src/stm32f4xx_ll_usb.c ****     /* Deactivate VBUS Sensing B */
 316:Drivers/STM32F4xx_HAL_Driver/Src/stm32f4xx_ll_usb.c ****     USBx->GCCFG &= ~USB_OTG_GCCFG_VBDEN;
 317:Drivers/STM32F4xx_HAL_Driver/Src/stm32f4xx_ll_usb.c **** 
 318:Drivers/STM32F4xx_HAL_Driver/Src/stm32f4xx_ll_usb.c ****     /* B-peripheral session valid override enable */
 319:Drivers/STM32F4xx_HAL_Driver/Src/stm32f4xx_ll_usb.c ****     USBx->GOTGCTL |= USB_OTG_GOTGCTL_BVALOEN;
 320:Drivers/STM32F4xx_HAL_Driver/Src/stm32f4xx_ll_usb.c ****     USBx->GOTGCTL |= USB_OTG_GOTGCTL_BVALOVAL;
 321:Drivers/STM32F4xx_HAL_Driver/Src/stm32f4xx_ll_usb.c ****   }
 322:Drivers/STM32F4xx_HAL_Driver/Src/stm32f4xx_ll_usb.c ****   else
 323:Drivers/STM32F4xx_HAL_Driver/Src/stm32f4xx_ll_usb.c ****   {
 324:Drivers/STM32F4xx_HAL_Driver/Src/stm32f4xx_ll_usb.c ****     /* Enable HW VBUS sensing */
 325:Drivers/STM32F4xx_HAL_Driver/Src/stm32f4xx_ll_usb.c ****     USBx->GCCFG |= USB_OTG_GCCFG_VBDEN;
 326:Drivers/STM32F4xx_HAL_Driver/Src/stm32f4xx_ll_usb.c ****   }
 327:Drivers/STM32F4xx_HAL_Driver/Src/stm32f4xx_ll_usb.c **** #else
 328:Drivers/STM32F4xx_HAL_Driver/Src/stm32f4xx_ll_usb.c ****   /* VBUS Sensing setup */
 329:Drivers/STM32F4xx_HAL_Driver/Src/stm32f4xx_ll_usb.c ****   if (cfg.vbus_sensing_enable == 0U)
 700              		.loc 1 329 10
 701 003a 97F82E30 		ldrb	r3, [r7, #46]	@ zero_extendqisi2
 702              		.loc 1 329 6
 703 003e 002B     		cmp	r3, #0
 704 0040 1CD1     		bne	.L40
 330:Drivers/STM32F4xx_HAL_Driver/Src/stm32f4xx_ll_usb.c ****   {
 331:Drivers/STM32F4xx_HAL_Driver/Src/stm32f4xx_ll_usb.c ****     /*
ARM GAS  /tmp/ccLxLv8v.s 			page 19


 332:Drivers/STM32F4xx_HAL_Driver/Src/stm32f4xx_ll_usb.c ****      * Disable HW VBUS sensing. VBUS is internally considered to be always
 333:Drivers/STM32F4xx_HAL_Driver/Src/stm32f4xx_ll_usb.c ****      * at VBUS-Valid level (5V).
 334:Drivers/STM32F4xx_HAL_Driver/Src/stm32f4xx_ll_usb.c ****      */
 335:Drivers/STM32F4xx_HAL_Driver/Src/stm32f4xx_ll_usb.c ****     USBx_DEVICE->DCTL |= USB_OTG_DCTL_SDIS;
 705              		.loc 1 335 16
 706 0042 FB68     		ldr	r3, [r7, #12]
 707 0044 03F50063 		add	r3, r3, #2048
 708 0048 5B68     		ldr	r3, [r3, #4]
 709 004a FA68     		ldr	r2, [r7, #12]
 710 004c 02F50062 		add	r2, r2, #2048
 711              		.loc 1 335 23
 712 0050 43F00203 		orr	r3, r3, #2
 713 0054 5360     		str	r3, [r2, #4]
 336:Drivers/STM32F4xx_HAL_Driver/Src/stm32f4xx_ll_usb.c ****     USBx->GCCFG |= USB_OTG_GCCFG_NOVBUSSENS;
 714              		.loc 1 336 9
 715 0056 7B68     		ldr	r3, [r7, #4]
 716 0058 9B6B     		ldr	r3, [r3, #56]
 717              		.loc 1 336 17
 718 005a 43F40012 		orr	r2, r3, #2097152
 719 005e 7B68     		ldr	r3, [r7, #4]
 720 0060 9A63     		str	r2, [r3, #56]
 337:Drivers/STM32F4xx_HAL_Driver/Src/stm32f4xx_ll_usb.c ****     USBx->GCCFG &= ~USB_OTG_GCCFG_VBUSBSEN;
 721              		.loc 1 337 9
 722 0062 7B68     		ldr	r3, [r7, #4]
 723 0064 9B6B     		ldr	r3, [r3, #56]
 724              		.loc 1 337 17
 725 0066 23F40022 		bic	r2, r3, #524288
 726 006a 7B68     		ldr	r3, [r7, #4]
 727 006c 9A63     		str	r2, [r3, #56]
 338:Drivers/STM32F4xx_HAL_Driver/Src/stm32f4xx_ll_usb.c ****     USBx->GCCFG &= ~USB_OTG_GCCFG_VBUSASEN;
 728              		.loc 1 338 9
 729 006e 7B68     		ldr	r3, [r7, #4]
 730 0070 9B6B     		ldr	r3, [r3, #56]
 731              		.loc 1 338 17
 732 0072 23F48022 		bic	r2, r3, #262144
 733 0076 7B68     		ldr	r3, [r7, #4]
 734 0078 9A63     		str	r2, [r3, #56]
 735 007a 0BE0     		b	.L41
 736              	.L40:
 339:Drivers/STM32F4xx_HAL_Driver/Src/stm32f4xx_ll_usb.c ****   }
 340:Drivers/STM32F4xx_HAL_Driver/Src/stm32f4xx_ll_usb.c ****   else
 341:Drivers/STM32F4xx_HAL_Driver/Src/stm32f4xx_ll_usb.c ****   {
 342:Drivers/STM32F4xx_HAL_Driver/Src/stm32f4xx_ll_usb.c ****     /* Enable HW VBUS sensing */
 343:Drivers/STM32F4xx_HAL_Driver/Src/stm32f4xx_ll_usb.c ****     USBx->GCCFG &= ~USB_OTG_GCCFG_NOVBUSSENS;
 737              		.loc 1 343 9
 738 007c 7B68     		ldr	r3, [r7, #4]
 739 007e 9B6B     		ldr	r3, [r3, #56]
 740              		.loc 1 343 17
 741 0080 23F40012 		bic	r2, r3, #2097152
 742 0084 7B68     		ldr	r3, [r7, #4]
 743 0086 9A63     		str	r2, [r3, #56]
 344:Drivers/STM32F4xx_HAL_Driver/Src/stm32f4xx_ll_usb.c ****     USBx->GCCFG |= USB_OTG_GCCFG_VBUSBSEN;
 744              		.loc 1 344 9
 745 0088 7B68     		ldr	r3, [r7, #4]
 746 008a 9B6B     		ldr	r3, [r3, #56]
 747              		.loc 1 344 17
 748 008c 43F40022 		orr	r2, r3, #524288
ARM GAS  /tmp/ccLxLv8v.s 			page 20


 749 0090 7B68     		ldr	r3, [r7, #4]
 750 0092 9A63     		str	r2, [r3, #56]
 751              	.L41:
 345:Drivers/STM32F4xx_HAL_Driver/Src/stm32f4xx_ll_usb.c ****   }
 346:Drivers/STM32F4xx_HAL_Driver/Src/stm32f4xx_ll_usb.c **** #endif /* defined(STM32F446xx) || defined(STM32F469xx) || defined(STM32F479xx) || defined(STM32F412
 347:Drivers/STM32F4xx_HAL_Driver/Src/stm32f4xx_ll_usb.c ****           defined(STM32F412Vx) || defined(STM32F412Rx) || defined(STM32F412Cx) || defined(STM32F413
 348:Drivers/STM32F4xx_HAL_Driver/Src/stm32f4xx_ll_usb.c ****           defined(STM32F423xx) */
 349:Drivers/STM32F4xx_HAL_Driver/Src/stm32f4xx_ll_usb.c **** 
 350:Drivers/STM32F4xx_HAL_Driver/Src/stm32f4xx_ll_usb.c ****   /* Restart the Phy Clock */
 351:Drivers/STM32F4xx_HAL_Driver/Src/stm32f4xx_ll_usb.c ****   USBx_PCGCCTL = 0U;
 752              		.loc 1 351 3
 753 0094 FB68     		ldr	r3, [r7, #12]
 754 0096 03F56063 		add	r3, r3, #3584
 755 009a 1A46     		mov	r2, r3
 756              		.loc 1 351 16
 757 009c 0023     		movs	r3, #0
 758 009e 1360     		str	r3, [r2]
 352:Drivers/STM32F4xx_HAL_Driver/Src/stm32f4xx_ll_usb.c **** 
 353:Drivers/STM32F4xx_HAL_Driver/Src/stm32f4xx_ll_usb.c ****   if (cfg.phy_itface == USB_OTG_ULPI_PHY)
 759              		.loc 1 353 10
 760 00a0 97F82930 		ldrb	r3, [r7, #41]	@ zero_extendqisi2
 761              		.loc 1 353 6
 762 00a4 012B     		cmp	r3, #1
 763 00a6 0DD1     		bne	.L42
 354:Drivers/STM32F4xx_HAL_Driver/Src/stm32f4xx_ll_usb.c ****   {
 355:Drivers/STM32F4xx_HAL_Driver/Src/stm32f4xx_ll_usb.c ****     if (cfg.speed == USBD_HS_SPEED)
 764              		.loc 1 355 12
 765 00a8 97F82730 		ldrb	r3, [r7, #39]	@ zero_extendqisi2
 766              		.loc 1 355 8
 767 00ac 002B     		cmp	r3, #0
 768 00ae 04D1     		bne	.L43
 356:Drivers/STM32F4xx_HAL_Driver/Src/stm32f4xx_ll_usb.c ****     {
 357:Drivers/STM32F4xx_HAL_Driver/Src/stm32f4xx_ll_usb.c ****       /* Set Core speed to High speed mode */
 358:Drivers/STM32F4xx_HAL_Driver/Src/stm32f4xx_ll_usb.c ****       (void)USB_SetDevSpeed(USBx, USB_OTG_SPEED_HIGH);
 769              		.loc 1 358 13
 770 00b0 0021     		movs	r1, #0
 771 00b2 7868     		ldr	r0, [r7, #4]
 772 00b4 FFF7FEFF 		bl	USB_SetDevSpeed
 773 00b8 08E0     		b	.L44
 774              	.L43:
 359:Drivers/STM32F4xx_HAL_Driver/Src/stm32f4xx_ll_usb.c ****     }
 360:Drivers/STM32F4xx_HAL_Driver/Src/stm32f4xx_ll_usb.c ****     else
 361:Drivers/STM32F4xx_HAL_Driver/Src/stm32f4xx_ll_usb.c ****     {
 362:Drivers/STM32F4xx_HAL_Driver/Src/stm32f4xx_ll_usb.c ****       /* Set Core speed to Full speed mode */
 363:Drivers/STM32F4xx_HAL_Driver/Src/stm32f4xx_ll_usb.c ****       (void)USB_SetDevSpeed(USBx, USB_OTG_SPEED_HIGH_IN_FULL);
 775              		.loc 1 363 13
 776 00ba 0121     		movs	r1, #1
 777 00bc 7868     		ldr	r0, [r7, #4]
 778 00be FFF7FEFF 		bl	USB_SetDevSpeed
 779 00c2 03E0     		b	.L44
 780              	.L42:
 364:Drivers/STM32F4xx_HAL_Driver/Src/stm32f4xx_ll_usb.c ****     }
 365:Drivers/STM32F4xx_HAL_Driver/Src/stm32f4xx_ll_usb.c ****   }
 366:Drivers/STM32F4xx_HAL_Driver/Src/stm32f4xx_ll_usb.c ****   else
 367:Drivers/STM32F4xx_HAL_Driver/Src/stm32f4xx_ll_usb.c ****   {
 368:Drivers/STM32F4xx_HAL_Driver/Src/stm32f4xx_ll_usb.c ****     /* Set Core speed to Full speed mode */
 369:Drivers/STM32F4xx_HAL_Driver/Src/stm32f4xx_ll_usb.c ****     (void)USB_SetDevSpeed(USBx, USB_OTG_SPEED_FULL);
ARM GAS  /tmp/ccLxLv8v.s 			page 21


 781              		.loc 1 369 11
 782 00c4 0321     		movs	r1, #3
 783 00c6 7868     		ldr	r0, [r7, #4]
 784 00c8 FFF7FEFF 		bl	USB_SetDevSpeed
 785              	.L44:
 370:Drivers/STM32F4xx_HAL_Driver/Src/stm32f4xx_ll_usb.c ****   }
 371:Drivers/STM32F4xx_HAL_Driver/Src/stm32f4xx_ll_usb.c **** 
 372:Drivers/STM32F4xx_HAL_Driver/Src/stm32f4xx_ll_usb.c ****   /* Flush the FIFOs */
 373:Drivers/STM32F4xx_HAL_Driver/Src/stm32f4xx_ll_usb.c ****   if (USB_FlushTxFifo(USBx, 0x10U) != HAL_OK) /* all Tx FIFOs */
 786              		.loc 1 373 7
 787 00cc 1021     		movs	r1, #16
 788 00ce 7868     		ldr	r0, [r7, #4]
 789 00d0 FFF7FEFF 		bl	USB_FlushTxFifo
 790 00d4 0346     		mov	r3, r0
 791              		.loc 1 373 6 discriminator 1
 792 00d6 002B     		cmp	r3, #0
 793 00d8 01D0     		beq	.L45
 374:Drivers/STM32F4xx_HAL_Driver/Src/stm32f4xx_ll_usb.c ****   {
 375:Drivers/STM32F4xx_HAL_Driver/Src/stm32f4xx_ll_usb.c ****     ret = HAL_ERROR;
 794              		.loc 1 375 9
 795 00da 0123     		movs	r3, #1
 796 00dc FB75     		strb	r3, [r7, #23]
 797              	.L45:
 376:Drivers/STM32F4xx_HAL_Driver/Src/stm32f4xx_ll_usb.c ****   }
 377:Drivers/STM32F4xx_HAL_Driver/Src/stm32f4xx_ll_usb.c **** 
 378:Drivers/STM32F4xx_HAL_Driver/Src/stm32f4xx_ll_usb.c ****   if (USB_FlushRxFifo(USBx) != HAL_OK)
 798              		.loc 1 378 7
 799 00de 7868     		ldr	r0, [r7, #4]
 800 00e0 FFF7FEFF 		bl	USB_FlushRxFifo
 801 00e4 0346     		mov	r3, r0
 802              		.loc 1 378 6 discriminator 1
 803 00e6 002B     		cmp	r3, #0
 804 00e8 01D0     		beq	.L46
 379:Drivers/STM32F4xx_HAL_Driver/Src/stm32f4xx_ll_usb.c ****   {
 380:Drivers/STM32F4xx_HAL_Driver/Src/stm32f4xx_ll_usb.c ****     ret = HAL_ERROR;
 805              		.loc 1 380 9
 806 00ea 0123     		movs	r3, #1
 807 00ec FB75     		strb	r3, [r7, #23]
 808              	.L46:
 381:Drivers/STM32F4xx_HAL_Driver/Src/stm32f4xx_ll_usb.c ****   }
 382:Drivers/STM32F4xx_HAL_Driver/Src/stm32f4xx_ll_usb.c **** 
 383:Drivers/STM32F4xx_HAL_Driver/Src/stm32f4xx_ll_usb.c ****   /* Clear all pending Device Interrupts */
 384:Drivers/STM32F4xx_HAL_Driver/Src/stm32f4xx_ll_usb.c ****   USBx_DEVICE->DIEPMSK = 0U;
 809              		.loc 1 384 3
 810 00ee FB68     		ldr	r3, [r7, #12]
 811 00f0 03F50063 		add	r3, r3, #2048
 812 00f4 1A46     		mov	r2, r3
 813              		.loc 1 384 24
 814 00f6 0023     		movs	r3, #0
 815 00f8 1361     		str	r3, [r2, #16]
 385:Drivers/STM32F4xx_HAL_Driver/Src/stm32f4xx_ll_usb.c ****   USBx_DEVICE->DOEPMSK = 0U;
 816              		.loc 1 385 3
 817 00fa FB68     		ldr	r3, [r7, #12]
 818 00fc 03F50063 		add	r3, r3, #2048
 819 0100 1A46     		mov	r2, r3
 820              		.loc 1 385 24
 821 0102 0023     		movs	r3, #0
ARM GAS  /tmp/ccLxLv8v.s 			page 22


 822 0104 5361     		str	r3, [r2, #20]
 386:Drivers/STM32F4xx_HAL_Driver/Src/stm32f4xx_ll_usb.c ****   USBx_DEVICE->DAINTMSK = 0U;
 823              		.loc 1 386 3
 824 0106 FB68     		ldr	r3, [r7, #12]
 825 0108 03F50063 		add	r3, r3, #2048
 826 010c 1A46     		mov	r2, r3
 827              		.loc 1 386 25
 828 010e 0023     		movs	r3, #0
 829 0110 D361     		str	r3, [r2, #28]
 387:Drivers/STM32F4xx_HAL_Driver/Src/stm32f4xx_ll_usb.c **** 
 388:Drivers/STM32F4xx_HAL_Driver/Src/stm32f4xx_ll_usb.c ****   for (i = 0U; i < cfg.dev_endpoints; i++)
 830              		.loc 1 388 10
 831 0112 0023     		movs	r3, #0
 832 0114 3B61     		str	r3, [r7, #16]
 833              		.loc 1 388 3
 834 0116 43E0     		b	.L47
 835              	.L51:
 389:Drivers/STM32F4xx_HAL_Driver/Src/stm32f4xx_ll_usb.c ****   {
 390:Drivers/STM32F4xx_HAL_Driver/Src/stm32f4xx_ll_usb.c ****     if ((USBx_INEP(i)->DIEPCTL & USB_OTG_DIEPCTL_EPENA) == USB_OTG_DIEPCTL_EPENA)
 836              		.loc 1 390 10
 837 0118 3B69     		ldr	r3, [r7, #16]
 838 011a 5A01     		lsls	r2, r3, #5
 839 011c FB68     		ldr	r3, [r7, #12]
 840 011e 1344     		add	r3, r3, r2
 841 0120 03F51063 		add	r3, r3, #2304
 842              		.loc 1 390 22
 843 0124 1B68     		ldr	r3, [r3]
 844              		.loc 1 390 32
 845 0126 03F00043 		and	r3, r3, #-2147483648
 846              		.loc 1 390 8
 847 012a B3F1004F 		cmp	r3, #-2147483648
 848 012e 18D1     		bne	.L48
 391:Drivers/STM32F4xx_HAL_Driver/Src/stm32f4xx_ll_usb.c ****     {
 392:Drivers/STM32F4xx_HAL_Driver/Src/stm32f4xx_ll_usb.c ****       if (i == 0U)
 849              		.loc 1 392 10
 850 0130 3B69     		ldr	r3, [r7, #16]
 851 0132 002B     		cmp	r3, #0
 852 0134 0AD1     		bne	.L49
 393:Drivers/STM32F4xx_HAL_Driver/Src/stm32f4xx_ll_usb.c ****       {
 394:Drivers/STM32F4xx_HAL_Driver/Src/stm32f4xx_ll_usb.c ****         USBx_INEP(i)->DIEPCTL = USB_OTG_DIEPCTL_SNAK;
 853              		.loc 1 394 9
 854 0136 3B69     		ldr	r3, [r7, #16]
 855 0138 5A01     		lsls	r2, r3, #5
 856 013a FB68     		ldr	r3, [r7, #12]
 857 013c 1344     		add	r3, r3, r2
 858 013e 03F51063 		add	r3, r3, #2304
 859 0142 1A46     		mov	r2, r3
 860              		.loc 1 394 31
 861 0144 4FF00063 		mov	r3, #134217728
 862 0148 1360     		str	r3, [r2]
 863 014a 13E0     		b	.L50
 864              	.L49:
 395:Drivers/STM32F4xx_HAL_Driver/Src/stm32f4xx_ll_usb.c ****       }
 396:Drivers/STM32F4xx_HAL_Driver/Src/stm32f4xx_ll_usb.c ****       else
 397:Drivers/STM32F4xx_HAL_Driver/Src/stm32f4xx_ll_usb.c ****       {
 398:Drivers/STM32F4xx_HAL_Driver/Src/stm32f4xx_ll_usb.c ****         USBx_INEP(i)->DIEPCTL = USB_OTG_DIEPCTL_EPDIS | USB_OTG_DIEPCTL_SNAK;
 865              		.loc 1 398 9
ARM GAS  /tmp/ccLxLv8v.s 			page 23


 866 014c 3B69     		ldr	r3, [r7, #16]
 867 014e 5A01     		lsls	r2, r3, #5
 868 0150 FB68     		ldr	r3, [r7, #12]
 869 0152 1344     		add	r3, r3, r2
 870 0154 03F51063 		add	r3, r3, #2304
 871 0158 1A46     		mov	r2, r3
 872              		.loc 1 398 31
 873 015a 4FF09043 		mov	r3, #1207959552
 874 015e 1360     		str	r3, [r2]
 875 0160 08E0     		b	.L50
 876              	.L48:
 399:Drivers/STM32F4xx_HAL_Driver/Src/stm32f4xx_ll_usb.c ****       }
 400:Drivers/STM32F4xx_HAL_Driver/Src/stm32f4xx_ll_usb.c ****     }
 401:Drivers/STM32F4xx_HAL_Driver/Src/stm32f4xx_ll_usb.c ****     else
 402:Drivers/STM32F4xx_HAL_Driver/Src/stm32f4xx_ll_usb.c ****     {
 403:Drivers/STM32F4xx_HAL_Driver/Src/stm32f4xx_ll_usb.c ****       USBx_INEP(i)->DIEPCTL = 0U;
 877              		.loc 1 403 7
 878 0162 3B69     		ldr	r3, [r7, #16]
 879 0164 5A01     		lsls	r2, r3, #5
 880 0166 FB68     		ldr	r3, [r7, #12]
 881 0168 1344     		add	r3, r3, r2
 882 016a 03F51063 		add	r3, r3, #2304
 883 016e 1A46     		mov	r2, r3
 884              		.loc 1 403 29
 885 0170 0023     		movs	r3, #0
 886 0172 1360     		str	r3, [r2]
 887              	.L50:
 404:Drivers/STM32F4xx_HAL_Driver/Src/stm32f4xx_ll_usb.c ****     }
 405:Drivers/STM32F4xx_HAL_Driver/Src/stm32f4xx_ll_usb.c **** 
 406:Drivers/STM32F4xx_HAL_Driver/Src/stm32f4xx_ll_usb.c ****     USBx_INEP(i)->DIEPTSIZ = 0U;
 888              		.loc 1 406 5
 889 0174 3B69     		ldr	r3, [r7, #16]
 890 0176 5A01     		lsls	r2, r3, #5
 891 0178 FB68     		ldr	r3, [r7, #12]
 892 017a 1344     		add	r3, r3, r2
 893 017c 03F51063 		add	r3, r3, #2304
 894 0180 1A46     		mov	r2, r3
 895              		.loc 1 406 28
 896 0182 0023     		movs	r3, #0
 897 0184 1361     		str	r3, [r2, #16]
 407:Drivers/STM32F4xx_HAL_Driver/Src/stm32f4xx_ll_usb.c ****     USBx_INEP(i)->DIEPINT  = 0xFB7FU;
 898              		.loc 1 407 5
 899 0186 3B69     		ldr	r3, [r7, #16]
 900 0188 5A01     		lsls	r2, r3, #5
 901 018a FB68     		ldr	r3, [r7, #12]
 902 018c 1344     		add	r3, r3, r2
 903 018e 03F51063 		add	r3, r3, #2304
 904 0192 1A46     		mov	r2, r3
 905              		.loc 1 407 28
 906 0194 4FF67F33 		movw	r3, #64383
 907 0198 9360     		str	r3, [r2, #8]
 388:Drivers/STM32F4xx_HAL_Driver/Src/stm32f4xx_ll_usb.c ****   {
 908              		.loc 1 388 40 discriminator 2
 909 019a 3B69     		ldr	r3, [r7, #16]
 910 019c 0133     		adds	r3, r3, #1
 911 019e 3B61     		str	r3, [r7, #16]
 912              	.L47:
ARM GAS  /tmp/ccLxLv8v.s 			page 24


 388:Drivers/STM32F4xx_HAL_Driver/Src/stm32f4xx_ll_usb.c ****   {
 913              		.loc 1 388 23 discriminator 1
 914 01a0 97F82430 		ldrb	r3, [r7, #36]	@ zero_extendqisi2
 915 01a4 1A46     		mov	r2, r3
 388:Drivers/STM32F4xx_HAL_Driver/Src/stm32f4xx_ll_usb.c ****   {
 916              		.loc 1 388 18 discriminator 1
 917 01a6 3B69     		ldr	r3, [r7, #16]
 918 01a8 9342     		cmp	r3, r2
 919 01aa B5D3     		bcc	.L51
 408:Drivers/STM32F4xx_HAL_Driver/Src/stm32f4xx_ll_usb.c ****   }
 409:Drivers/STM32F4xx_HAL_Driver/Src/stm32f4xx_ll_usb.c **** 
 410:Drivers/STM32F4xx_HAL_Driver/Src/stm32f4xx_ll_usb.c ****   for (i = 0U; i < cfg.dev_endpoints; i++)
 920              		.loc 1 410 10
 921 01ac 0023     		movs	r3, #0
 922 01ae 3B61     		str	r3, [r7, #16]
 923              		.loc 1 410 3
 924 01b0 43E0     		b	.L52
 925              	.L56:
 411:Drivers/STM32F4xx_HAL_Driver/Src/stm32f4xx_ll_usb.c ****   {
 412:Drivers/STM32F4xx_HAL_Driver/Src/stm32f4xx_ll_usb.c ****     if ((USBx_OUTEP(i)->DOEPCTL & USB_OTG_DOEPCTL_EPENA) == USB_OTG_DOEPCTL_EPENA)
 926              		.loc 1 412 10
 927 01b2 3B69     		ldr	r3, [r7, #16]
 928 01b4 5A01     		lsls	r2, r3, #5
 929 01b6 FB68     		ldr	r3, [r7, #12]
 930 01b8 1344     		add	r3, r3, r2
 931 01ba 03F53063 		add	r3, r3, #2816
 932              		.loc 1 412 23
 933 01be 1B68     		ldr	r3, [r3]
 934              		.loc 1 412 33
 935 01c0 03F00043 		and	r3, r3, #-2147483648
 936              		.loc 1 412 8
 937 01c4 B3F1004F 		cmp	r3, #-2147483648
 938 01c8 18D1     		bne	.L53
 413:Drivers/STM32F4xx_HAL_Driver/Src/stm32f4xx_ll_usb.c ****     {
 414:Drivers/STM32F4xx_HAL_Driver/Src/stm32f4xx_ll_usb.c ****       if (i == 0U)
 939              		.loc 1 414 10
 940 01ca 3B69     		ldr	r3, [r7, #16]
 941 01cc 002B     		cmp	r3, #0
 942 01ce 0AD1     		bne	.L54
 415:Drivers/STM32F4xx_HAL_Driver/Src/stm32f4xx_ll_usb.c ****       {
 416:Drivers/STM32F4xx_HAL_Driver/Src/stm32f4xx_ll_usb.c ****         USBx_OUTEP(i)->DOEPCTL = USB_OTG_DOEPCTL_SNAK;
 943              		.loc 1 416 9
 944 01d0 3B69     		ldr	r3, [r7, #16]
 945 01d2 5A01     		lsls	r2, r3, #5
 946 01d4 FB68     		ldr	r3, [r7, #12]
 947 01d6 1344     		add	r3, r3, r2
 948 01d8 03F53063 		add	r3, r3, #2816
 949 01dc 1A46     		mov	r2, r3
 950              		.loc 1 416 32
 951 01de 4FF00063 		mov	r3, #134217728
 952 01e2 1360     		str	r3, [r2]
 953 01e4 13E0     		b	.L55
 954              	.L54:
 417:Drivers/STM32F4xx_HAL_Driver/Src/stm32f4xx_ll_usb.c ****       }
 418:Drivers/STM32F4xx_HAL_Driver/Src/stm32f4xx_ll_usb.c ****       else
 419:Drivers/STM32F4xx_HAL_Driver/Src/stm32f4xx_ll_usb.c ****       {
 420:Drivers/STM32F4xx_HAL_Driver/Src/stm32f4xx_ll_usb.c ****         USBx_OUTEP(i)->DOEPCTL = USB_OTG_DOEPCTL_EPDIS | USB_OTG_DOEPCTL_SNAK;
ARM GAS  /tmp/ccLxLv8v.s 			page 25


 955              		.loc 1 420 9
 956 01e6 3B69     		ldr	r3, [r7, #16]
 957 01e8 5A01     		lsls	r2, r3, #5
 958 01ea FB68     		ldr	r3, [r7, #12]
 959 01ec 1344     		add	r3, r3, r2
 960 01ee 03F53063 		add	r3, r3, #2816
 961 01f2 1A46     		mov	r2, r3
 962              		.loc 1 420 32
 963 01f4 4FF09043 		mov	r3, #1207959552
 964 01f8 1360     		str	r3, [r2]
 965 01fa 08E0     		b	.L55
 966              	.L53:
 421:Drivers/STM32F4xx_HAL_Driver/Src/stm32f4xx_ll_usb.c ****       }
 422:Drivers/STM32F4xx_HAL_Driver/Src/stm32f4xx_ll_usb.c ****     }
 423:Drivers/STM32F4xx_HAL_Driver/Src/stm32f4xx_ll_usb.c ****     else
 424:Drivers/STM32F4xx_HAL_Driver/Src/stm32f4xx_ll_usb.c ****     {
 425:Drivers/STM32F4xx_HAL_Driver/Src/stm32f4xx_ll_usb.c ****       USBx_OUTEP(i)->DOEPCTL = 0U;
 967              		.loc 1 425 7
 968 01fc 3B69     		ldr	r3, [r7, #16]
 969 01fe 5A01     		lsls	r2, r3, #5
 970 0200 FB68     		ldr	r3, [r7, #12]
 971 0202 1344     		add	r3, r3, r2
 972 0204 03F53063 		add	r3, r3, #2816
 973 0208 1A46     		mov	r2, r3
 974              		.loc 1 425 30
 975 020a 0023     		movs	r3, #0
 976 020c 1360     		str	r3, [r2]
 977              	.L55:
 426:Drivers/STM32F4xx_HAL_Driver/Src/stm32f4xx_ll_usb.c ****     }
 427:Drivers/STM32F4xx_HAL_Driver/Src/stm32f4xx_ll_usb.c **** 
 428:Drivers/STM32F4xx_HAL_Driver/Src/stm32f4xx_ll_usb.c ****     USBx_OUTEP(i)->DOEPTSIZ = 0U;
 978              		.loc 1 428 5
 979 020e 3B69     		ldr	r3, [r7, #16]
 980 0210 5A01     		lsls	r2, r3, #5
 981 0212 FB68     		ldr	r3, [r7, #12]
 982 0214 1344     		add	r3, r3, r2
 983 0216 03F53063 		add	r3, r3, #2816
 984 021a 1A46     		mov	r2, r3
 985              		.loc 1 428 29
 986 021c 0023     		movs	r3, #0
 987 021e 1361     		str	r3, [r2, #16]
 429:Drivers/STM32F4xx_HAL_Driver/Src/stm32f4xx_ll_usb.c ****     USBx_OUTEP(i)->DOEPINT  = 0xFB7FU;
 988              		.loc 1 429 5
 989 0220 3B69     		ldr	r3, [r7, #16]
 990 0222 5A01     		lsls	r2, r3, #5
 991 0224 FB68     		ldr	r3, [r7, #12]
 992 0226 1344     		add	r3, r3, r2
 993 0228 03F53063 		add	r3, r3, #2816
 994 022c 1A46     		mov	r2, r3
 995              		.loc 1 429 29
 996 022e 4FF67F33 		movw	r3, #64383
 997 0232 9360     		str	r3, [r2, #8]
 410:Drivers/STM32F4xx_HAL_Driver/Src/stm32f4xx_ll_usb.c ****   {
 998              		.loc 1 410 40 discriminator 2
 999 0234 3B69     		ldr	r3, [r7, #16]
 1000 0236 0133     		adds	r3, r3, #1
 1001 0238 3B61     		str	r3, [r7, #16]
ARM GAS  /tmp/ccLxLv8v.s 			page 26


 1002              	.L52:
 410:Drivers/STM32F4xx_HAL_Driver/Src/stm32f4xx_ll_usb.c ****   {
 1003              		.loc 1 410 23 discriminator 1
 1004 023a 97F82430 		ldrb	r3, [r7, #36]	@ zero_extendqisi2
 1005 023e 1A46     		mov	r2, r3
 410:Drivers/STM32F4xx_HAL_Driver/Src/stm32f4xx_ll_usb.c ****   {
 1006              		.loc 1 410 18 discriminator 1
 1007 0240 3B69     		ldr	r3, [r7, #16]
 1008 0242 9342     		cmp	r3, r2
 1009 0244 B5D3     		bcc	.L56
 430:Drivers/STM32F4xx_HAL_Driver/Src/stm32f4xx_ll_usb.c ****   }
 431:Drivers/STM32F4xx_HAL_Driver/Src/stm32f4xx_ll_usb.c **** 
 432:Drivers/STM32F4xx_HAL_Driver/Src/stm32f4xx_ll_usb.c ****   USBx_DEVICE->DIEPMSK &= ~(USB_OTG_DIEPMSK_TXFURM);
 1010              		.loc 1 432 14
 1011 0246 FB68     		ldr	r3, [r7, #12]
 1012 0248 03F50063 		add	r3, r3, #2048
 1013 024c 1B69     		ldr	r3, [r3, #16]
 1014 024e FA68     		ldr	r2, [r7, #12]
 1015 0250 02F50062 		add	r2, r2, #2048
 1016              		.loc 1 432 24
 1017 0254 23F48073 		bic	r3, r3, #256
 1018 0258 1361     		str	r3, [r2, #16]
 433:Drivers/STM32F4xx_HAL_Driver/Src/stm32f4xx_ll_usb.c **** 
 434:Drivers/STM32F4xx_HAL_Driver/Src/stm32f4xx_ll_usb.c ****   /* Disable all interrupts. */
 435:Drivers/STM32F4xx_HAL_Driver/Src/stm32f4xx_ll_usb.c ****   USBx->GINTMSK = 0U;
 1019              		.loc 1 435 17
 1020 025a 7B68     		ldr	r3, [r7, #4]
 1021 025c 0022     		movs	r2, #0
 1022 025e 9A61     		str	r2, [r3, #24]
 436:Drivers/STM32F4xx_HAL_Driver/Src/stm32f4xx_ll_usb.c **** 
 437:Drivers/STM32F4xx_HAL_Driver/Src/stm32f4xx_ll_usb.c ****   /* Clear any pending interrupts */
 438:Drivers/STM32F4xx_HAL_Driver/Src/stm32f4xx_ll_usb.c ****   USBx->GINTSTS = 0xBFFFFFFFU;
 1023              		.loc 1 438 17
 1024 0260 7B68     		ldr	r3, [r7, #4]
 1025 0262 6FF08042 		mvn	r2, #1073741824
 1026 0266 5A61     		str	r2, [r3, #20]
 439:Drivers/STM32F4xx_HAL_Driver/Src/stm32f4xx_ll_usb.c **** 
 440:Drivers/STM32F4xx_HAL_Driver/Src/stm32f4xx_ll_usb.c ****   /* Enable the common interrupts */
 441:Drivers/STM32F4xx_HAL_Driver/Src/stm32f4xx_ll_usb.c ****   if (cfg.dma_enable == 0U)
 1027              		.loc 1 441 10
 1028 0268 97F82630 		ldrb	r3, [r7, #38]	@ zero_extendqisi2
 1029              		.loc 1 441 6
 1030 026c 002B     		cmp	r3, #0
 1031 026e 05D1     		bne	.L57
 442:Drivers/STM32F4xx_HAL_Driver/Src/stm32f4xx_ll_usb.c ****   {
 443:Drivers/STM32F4xx_HAL_Driver/Src/stm32f4xx_ll_usb.c ****     USBx->GINTMSK |= USB_OTG_GINTMSK_RXFLVLM;
 1032              		.loc 1 443 9
 1033 0270 7B68     		ldr	r3, [r7, #4]
 1034 0272 9B69     		ldr	r3, [r3, #24]
 1035              		.loc 1 443 19
 1036 0274 43F01002 		orr	r2, r3, #16
 1037 0278 7B68     		ldr	r3, [r7, #4]
 1038 027a 9A61     		str	r2, [r3, #24]
 1039              	.L57:
 444:Drivers/STM32F4xx_HAL_Driver/Src/stm32f4xx_ll_usb.c ****   }
 445:Drivers/STM32F4xx_HAL_Driver/Src/stm32f4xx_ll_usb.c **** 
 446:Drivers/STM32F4xx_HAL_Driver/Src/stm32f4xx_ll_usb.c ****   /* Enable interrupts matching to the Device mode ONLY */
ARM GAS  /tmp/ccLxLv8v.s 			page 27


 447:Drivers/STM32F4xx_HAL_Driver/Src/stm32f4xx_ll_usb.c ****   USBx->GINTMSK |= USB_OTG_GINTMSK_USBSUSPM | USB_OTG_GINTMSK_USBRST |
 1040              		.loc 1 447 7
 1041 027c 7B68     		ldr	r3, [r7, #4]
 1042 027e 9A69     		ldr	r2, [r3, #24]
 1043              		.loc 1 447 17
 1044 0280 104B     		ldr	r3, .L61
 1045 0282 1343     		orrs	r3, r3, r2
 1046 0284 7A68     		ldr	r2, [r7, #4]
 1047 0286 9361     		str	r3, [r2, #24]
 448:Drivers/STM32F4xx_HAL_Driver/Src/stm32f4xx_ll_usb.c ****                    USB_OTG_GINTMSK_ENUMDNEM | USB_OTG_GINTMSK_IEPINT |
 449:Drivers/STM32F4xx_HAL_Driver/Src/stm32f4xx_ll_usb.c ****                    USB_OTG_GINTMSK_OEPINT   | USB_OTG_GINTMSK_IISOIXFRM |
 450:Drivers/STM32F4xx_HAL_Driver/Src/stm32f4xx_ll_usb.c ****                    USB_OTG_GINTMSK_PXFRM_IISOOXFRM | USB_OTG_GINTMSK_WUIM;
 451:Drivers/STM32F4xx_HAL_Driver/Src/stm32f4xx_ll_usb.c **** 
 452:Drivers/STM32F4xx_HAL_Driver/Src/stm32f4xx_ll_usb.c ****   if (cfg.Sof_enable != 0U)
 1048              		.loc 1 452 10
 1049 0288 97F82A30 		ldrb	r3, [r7, #42]	@ zero_extendqisi2
 1050              		.loc 1 452 6
 1051 028c 002B     		cmp	r3, #0
 1052 028e 05D0     		beq	.L58
 453:Drivers/STM32F4xx_HAL_Driver/Src/stm32f4xx_ll_usb.c ****   {
 454:Drivers/STM32F4xx_HAL_Driver/Src/stm32f4xx_ll_usb.c ****     USBx->GINTMSK |= USB_OTG_GINTMSK_SOFM;
 1053              		.loc 1 454 9
 1054 0290 7B68     		ldr	r3, [r7, #4]
 1055 0292 9B69     		ldr	r3, [r3, #24]
 1056              		.loc 1 454 19
 1057 0294 43F00802 		orr	r2, r3, #8
 1058 0298 7B68     		ldr	r3, [r7, #4]
 1059 029a 9A61     		str	r2, [r3, #24]
 1060              	.L58:
 455:Drivers/STM32F4xx_HAL_Driver/Src/stm32f4xx_ll_usb.c ****   }
 456:Drivers/STM32F4xx_HAL_Driver/Src/stm32f4xx_ll_usb.c **** 
 457:Drivers/STM32F4xx_HAL_Driver/Src/stm32f4xx_ll_usb.c ****   if (cfg.vbus_sensing_enable == 1U)
 1061              		.loc 1 457 10
 1062 029c 97F82E30 		ldrb	r3, [r7, #46]	@ zero_extendqisi2
 1063              		.loc 1 457 6
 1064 02a0 012B     		cmp	r3, #1
 1065 02a2 07D1     		bne	.L59
 458:Drivers/STM32F4xx_HAL_Driver/Src/stm32f4xx_ll_usb.c ****   {
 459:Drivers/STM32F4xx_HAL_Driver/Src/stm32f4xx_ll_usb.c ****     USBx->GINTMSK |= (USB_OTG_GINTMSK_SRQIM | USB_OTG_GINTMSK_OTGINT);
 1066              		.loc 1 459 9
 1067 02a4 7B68     		ldr	r3, [r7, #4]
 1068 02a6 9B69     		ldr	r3, [r3, #24]
 1069              		.loc 1 459 19
 1070 02a8 43F08043 		orr	r3, r3, #1073741824
 1071 02ac 43F00403 		orr	r3, r3, #4
 1072 02b0 7A68     		ldr	r2, [r7, #4]
 1073 02b2 9361     		str	r3, [r2, #24]
 1074              	.L59:
 460:Drivers/STM32F4xx_HAL_Driver/Src/stm32f4xx_ll_usb.c ****   }
 461:Drivers/STM32F4xx_HAL_Driver/Src/stm32f4xx_ll_usb.c **** 
 462:Drivers/STM32F4xx_HAL_Driver/Src/stm32f4xx_ll_usb.c ****   return ret;
 1075              		.loc 1 462 10
 1076 02b4 FB7D     		ldrb	r3, [r7, #23]	@ zero_extendqisi2
 463:Drivers/STM32F4xx_HAL_Driver/Src/stm32f4xx_ll_usb.c **** }
 1077              		.loc 1 463 1
 1078 02b6 1846     		mov	r0, r3
 1079 02b8 1837     		adds	r7, r7, #24
ARM GAS  /tmp/ccLxLv8v.s 			page 28


 1080              	.LCFI35:
 1081              		.cfi_def_cfa_offset 24
 1082 02ba BD46     		mov	sp, r7
 1083              	.LCFI36:
 1084              		.cfi_def_cfa_register 13
 1085              		@ sp needed
 1086 02bc BDE88040 		pop	{r7, lr}
 1087              	.LCFI37:
 1088              		.cfi_restore 14
 1089              		.cfi_restore 7
 1090              		.cfi_def_cfa_offset 16
 1091 02c0 04B0     		add	sp, sp, #16
 1092              	.LCFI38:
 1093              		.cfi_def_cfa_offset 0
 1094 02c2 7047     		bx	lr
 1095              	.L62:
 1096              		.align	2
 1097              	.L61:
 1098 02c4 00383C80 		.word	-2143537152
 1099              		.cfi_endproc
 1100              	.LFE225:
 1102              		.section	.text.USB_FlushTxFifo,"ax",%progbits
 1103              		.align	1
 1104              		.global	USB_FlushTxFifo
 1105              		.syntax unified
 1106              		.thumb
 1107              		.thumb_func
 1109              	USB_FlushTxFifo:
 1110              	.LFB226:
 464:Drivers/STM32F4xx_HAL_Driver/Src/stm32f4xx_ll_usb.c **** 
 465:Drivers/STM32F4xx_HAL_Driver/Src/stm32f4xx_ll_usb.c **** /**
 466:Drivers/STM32F4xx_HAL_Driver/Src/stm32f4xx_ll_usb.c ****   * @brief  USB_FlushTxFifo Flush a Tx FIFO
 467:Drivers/STM32F4xx_HAL_Driver/Src/stm32f4xx_ll_usb.c ****   * @param  USBx  Selected device
 468:Drivers/STM32F4xx_HAL_Driver/Src/stm32f4xx_ll_usb.c ****   * @param  num  FIFO number
 469:Drivers/STM32F4xx_HAL_Driver/Src/stm32f4xx_ll_usb.c ****   *         This parameter can be a value from 1 to 15
 470:Drivers/STM32F4xx_HAL_Driver/Src/stm32f4xx_ll_usb.c ****             15 means Flush all Tx FIFOs
 471:Drivers/STM32F4xx_HAL_Driver/Src/stm32f4xx_ll_usb.c ****   * @retval HAL status
 472:Drivers/STM32F4xx_HAL_Driver/Src/stm32f4xx_ll_usb.c ****   */
 473:Drivers/STM32F4xx_HAL_Driver/Src/stm32f4xx_ll_usb.c **** HAL_StatusTypeDef USB_FlushTxFifo(USB_OTG_GlobalTypeDef *USBx, uint32_t num)
 474:Drivers/STM32F4xx_HAL_Driver/Src/stm32f4xx_ll_usb.c **** {
 1111              		.loc 1 474 1
 1112              		.cfi_startproc
 1113              		@ args = 0, pretend = 0, frame = 16
 1114              		@ frame_needed = 1, uses_anonymous_args = 0
 1115              		@ link register save eliminated.
 1116 0000 80B4     		push	{r7}
 1117              	.LCFI39:
 1118              		.cfi_def_cfa_offset 4
 1119              		.cfi_offset 7, -4
 1120 0002 85B0     		sub	sp, sp, #20
 1121              	.LCFI40:
 1122              		.cfi_def_cfa_offset 24
 1123 0004 00AF     		add	r7, sp, #0
 1124              	.LCFI41:
 1125              		.cfi_def_cfa_register 7
 1126 0006 7860     		str	r0, [r7, #4]
 1127 0008 3960     		str	r1, [r7]
ARM GAS  /tmp/ccLxLv8v.s 			page 29


 475:Drivers/STM32F4xx_HAL_Driver/Src/stm32f4xx_ll_usb.c ****   __IO uint32_t count = 0U;
 1128              		.loc 1 475 17
 1129 000a 0023     		movs	r3, #0
 1130 000c FB60     		str	r3, [r7, #12]
 1131              	.L66:
 476:Drivers/STM32F4xx_HAL_Driver/Src/stm32f4xx_ll_usb.c **** 
 477:Drivers/STM32F4xx_HAL_Driver/Src/stm32f4xx_ll_usb.c ****   /* Wait for AHB master IDLE state. */
 478:Drivers/STM32F4xx_HAL_Driver/Src/stm32f4xx_ll_usb.c ****   do
 479:Drivers/STM32F4xx_HAL_Driver/Src/stm32f4xx_ll_usb.c ****   {
 480:Drivers/STM32F4xx_HAL_Driver/Src/stm32f4xx_ll_usb.c ****     count++;
 1132              		.loc 1 480 10
 1133 000e FB68     		ldr	r3, [r7, #12]
 1134 0010 0133     		adds	r3, r3, #1
 1135 0012 FB60     		str	r3, [r7, #12]
 481:Drivers/STM32F4xx_HAL_Driver/Src/stm32f4xx_ll_usb.c **** 
 482:Drivers/STM32F4xx_HAL_Driver/Src/stm32f4xx_ll_usb.c ****     if (count > HAL_USB_TIMEOUT)
 1136              		.loc 1 482 15
 1137 0014 FB68     		ldr	r3, [r7, #12]
 1138              		.loc 1 482 8
 1139 0016 B3F1706F 		cmp	r3, #251658240
 1140 001a 01D9     		bls	.L64
 483:Drivers/STM32F4xx_HAL_Driver/Src/stm32f4xx_ll_usb.c ****     {
 484:Drivers/STM32F4xx_HAL_Driver/Src/stm32f4xx_ll_usb.c ****       return HAL_TIMEOUT;
 1141              		.loc 1 484 14
 1142 001c 0323     		movs	r3, #3
 1143 001e 1BE0     		b	.L65
 1144              	.L64:
 485:Drivers/STM32F4xx_HAL_Driver/Src/stm32f4xx_ll_usb.c ****     }
 486:Drivers/STM32F4xx_HAL_Driver/Src/stm32f4xx_ll_usb.c ****   } while ((USBx->GRSTCTL & USB_OTG_GRSTCTL_AHBIDL) == 0U);
 1145              		.loc 1 486 17
 1146 0020 7B68     		ldr	r3, [r7, #4]
 1147 0022 1B69     		ldr	r3, [r3, #16]
 1148              		.loc 1 486 53
 1149 0024 002B     		cmp	r3, #0
 1150 0026 F2DA     		bge	.L66
 487:Drivers/STM32F4xx_HAL_Driver/Src/stm32f4xx_ll_usb.c **** 
 488:Drivers/STM32F4xx_HAL_Driver/Src/stm32f4xx_ll_usb.c ****   /* Flush TX Fifo */
 489:Drivers/STM32F4xx_HAL_Driver/Src/stm32f4xx_ll_usb.c ****   count = 0U;
 1151              		.loc 1 489 9
 1152 0028 0023     		movs	r3, #0
 1153 002a FB60     		str	r3, [r7, #12]
 490:Drivers/STM32F4xx_HAL_Driver/Src/stm32f4xx_ll_usb.c ****   USBx->GRSTCTL = (USB_OTG_GRSTCTL_TXFFLSH | (num << 6));
 1154              		.loc 1 490 51
 1155 002c 3B68     		ldr	r3, [r7]
 1156 002e 9B01     		lsls	r3, r3, #6
 1157              		.loc 1 490 44
 1158 0030 43F02002 		orr	r2, r3, #32
 1159              		.loc 1 490 17
 1160 0034 7B68     		ldr	r3, [r7, #4]
 1161 0036 1A61     		str	r2, [r3, #16]
 1162              	.L68:
 491:Drivers/STM32F4xx_HAL_Driver/Src/stm32f4xx_ll_usb.c **** 
 492:Drivers/STM32F4xx_HAL_Driver/Src/stm32f4xx_ll_usb.c ****   do
 493:Drivers/STM32F4xx_HAL_Driver/Src/stm32f4xx_ll_usb.c ****   {
 494:Drivers/STM32F4xx_HAL_Driver/Src/stm32f4xx_ll_usb.c ****     count++;
 1163              		.loc 1 494 10
 1164 0038 FB68     		ldr	r3, [r7, #12]
ARM GAS  /tmp/ccLxLv8v.s 			page 30


 1165 003a 0133     		adds	r3, r3, #1
 1166 003c FB60     		str	r3, [r7, #12]
 495:Drivers/STM32F4xx_HAL_Driver/Src/stm32f4xx_ll_usb.c **** 
 496:Drivers/STM32F4xx_HAL_Driver/Src/stm32f4xx_ll_usb.c ****     if (count > HAL_USB_TIMEOUT)
 1167              		.loc 1 496 15
 1168 003e FB68     		ldr	r3, [r7, #12]
 1169              		.loc 1 496 8
 1170 0040 B3F1706F 		cmp	r3, #251658240
 1171 0044 01D9     		bls	.L67
 497:Drivers/STM32F4xx_HAL_Driver/Src/stm32f4xx_ll_usb.c ****     {
 498:Drivers/STM32F4xx_HAL_Driver/Src/stm32f4xx_ll_usb.c ****       return HAL_TIMEOUT;
 1172              		.loc 1 498 14
 1173 0046 0323     		movs	r3, #3
 1174 0048 06E0     		b	.L65
 1175              	.L67:
 499:Drivers/STM32F4xx_HAL_Driver/Src/stm32f4xx_ll_usb.c ****     }
 500:Drivers/STM32F4xx_HAL_Driver/Src/stm32f4xx_ll_usb.c ****   } while ((USBx->GRSTCTL & USB_OTG_GRSTCTL_TXFFLSH) == USB_OTG_GRSTCTL_TXFFLSH);
 1176              		.loc 1 500 17
 1177 004a 7B68     		ldr	r3, [r7, #4]
 1178 004c 1B69     		ldr	r3, [r3, #16]
 1179              		.loc 1 500 27
 1180 004e 03F02003 		and	r3, r3, #32
 1181              		.loc 1 500 54
 1182 0052 202B     		cmp	r3, #32
 1183 0054 F0D0     		beq	.L68
 501:Drivers/STM32F4xx_HAL_Driver/Src/stm32f4xx_ll_usb.c **** 
 502:Drivers/STM32F4xx_HAL_Driver/Src/stm32f4xx_ll_usb.c ****   return HAL_OK;
 1184              		.loc 1 502 10
 1185 0056 0023     		movs	r3, #0
 1186              	.L65:
 503:Drivers/STM32F4xx_HAL_Driver/Src/stm32f4xx_ll_usb.c **** }
 1187              		.loc 1 503 1
 1188 0058 1846     		mov	r0, r3
 1189 005a 1437     		adds	r7, r7, #20
 1190              	.LCFI42:
 1191              		.cfi_def_cfa_offset 4
 1192 005c BD46     		mov	sp, r7
 1193              	.LCFI43:
 1194              		.cfi_def_cfa_register 13
 1195              		@ sp needed
 1196 005e 80BC     		pop	{r7}
 1197              	.LCFI44:
 1198              		.cfi_restore 7
 1199              		.cfi_def_cfa_offset 0
 1200 0060 7047     		bx	lr
 1201              		.cfi_endproc
 1202              	.LFE226:
 1204              		.section	.text.USB_FlushRxFifo,"ax",%progbits
 1205              		.align	1
 1206              		.global	USB_FlushRxFifo
 1207              		.syntax unified
 1208              		.thumb
 1209              		.thumb_func
 1211              	USB_FlushRxFifo:
 1212              	.LFB227:
 504:Drivers/STM32F4xx_HAL_Driver/Src/stm32f4xx_ll_usb.c **** 
 505:Drivers/STM32F4xx_HAL_Driver/Src/stm32f4xx_ll_usb.c **** /**
ARM GAS  /tmp/ccLxLv8v.s 			page 31


 506:Drivers/STM32F4xx_HAL_Driver/Src/stm32f4xx_ll_usb.c ****   * @brief  USB_FlushRxFifo  Flush Rx FIFO
 507:Drivers/STM32F4xx_HAL_Driver/Src/stm32f4xx_ll_usb.c ****   * @param  USBx  Selected device
 508:Drivers/STM32F4xx_HAL_Driver/Src/stm32f4xx_ll_usb.c ****   * @retval HAL status
 509:Drivers/STM32F4xx_HAL_Driver/Src/stm32f4xx_ll_usb.c ****   */
 510:Drivers/STM32F4xx_HAL_Driver/Src/stm32f4xx_ll_usb.c **** HAL_StatusTypeDef USB_FlushRxFifo(USB_OTG_GlobalTypeDef *USBx)
 511:Drivers/STM32F4xx_HAL_Driver/Src/stm32f4xx_ll_usb.c **** {
 1213              		.loc 1 511 1
 1214              		.cfi_startproc
 1215              		@ args = 0, pretend = 0, frame = 16
 1216              		@ frame_needed = 1, uses_anonymous_args = 0
 1217              		@ link register save eliminated.
 1218 0000 80B4     		push	{r7}
 1219              	.LCFI45:
 1220              		.cfi_def_cfa_offset 4
 1221              		.cfi_offset 7, -4
 1222 0002 85B0     		sub	sp, sp, #20
 1223              	.LCFI46:
 1224              		.cfi_def_cfa_offset 24
 1225 0004 00AF     		add	r7, sp, #0
 1226              	.LCFI47:
 1227              		.cfi_def_cfa_register 7
 1228 0006 7860     		str	r0, [r7, #4]
 512:Drivers/STM32F4xx_HAL_Driver/Src/stm32f4xx_ll_usb.c ****   __IO uint32_t count = 0U;
 1229              		.loc 1 512 17
 1230 0008 0023     		movs	r3, #0
 1231 000a FB60     		str	r3, [r7, #12]
 1232              	.L72:
 513:Drivers/STM32F4xx_HAL_Driver/Src/stm32f4xx_ll_usb.c **** 
 514:Drivers/STM32F4xx_HAL_Driver/Src/stm32f4xx_ll_usb.c ****   /* Wait for AHB master IDLE state. */
 515:Drivers/STM32F4xx_HAL_Driver/Src/stm32f4xx_ll_usb.c ****   do
 516:Drivers/STM32F4xx_HAL_Driver/Src/stm32f4xx_ll_usb.c ****   {
 517:Drivers/STM32F4xx_HAL_Driver/Src/stm32f4xx_ll_usb.c ****     count++;
 1233              		.loc 1 517 10
 1234 000c FB68     		ldr	r3, [r7, #12]
 1235 000e 0133     		adds	r3, r3, #1
 1236 0010 FB60     		str	r3, [r7, #12]
 518:Drivers/STM32F4xx_HAL_Driver/Src/stm32f4xx_ll_usb.c **** 
 519:Drivers/STM32F4xx_HAL_Driver/Src/stm32f4xx_ll_usb.c ****     if (count > HAL_USB_TIMEOUT)
 1237              		.loc 1 519 15
 1238 0012 FB68     		ldr	r3, [r7, #12]
 1239              		.loc 1 519 8
 1240 0014 B3F1706F 		cmp	r3, #251658240
 1241 0018 01D9     		bls	.L70
 520:Drivers/STM32F4xx_HAL_Driver/Src/stm32f4xx_ll_usb.c ****     {
 521:Drivers/STM32F4xx_HAL_Driver/Src/stm32f4xx_ll_usb.c ****       return HAL_TIMEOUT;
 1242              		.loc 1 521 14
 1243 001a 0323     		movs	r3, #3
 1244 001c 18E0     		b	.L71
 1245              	.L70:
 522:Drivers/STM32F4xx_HAL_Driver/Src/stm32f4xx_ll_usb.c ****     }
 523:Drivers/STM32F4xx_HAL_Driver/Src/stm32f4xx_ll_usb.c ****   } while ((USBx->GRSTCTL & USB_OTG_GRSTCTL_AHBIDL) == 0U);
 1246              		.loc 1 523 17
 1247 001e 7B68     		ldr	r3, [r7, #4]
 1248 0020 1B69     		ldr	r3, [r3, #16]
 1249              		.loc 1 523 53
 1250 0022 002B     		cmp	r3, #0
 1251 0024 F2DA     		bge	.L72
ARM GAS  /tmp/ccLxLv8v.s 			page 32


 524:Drivers/STM32F4xx_HAL_Driver/Src/stm32f4xx_ll_usb.c **** 
 525:Drivers/STM32F4xx_HAL_Driver/Src/stm32f4xx_ll_usb.c ****   /* Flush RX Fifo */
 526:Drivers/STM32F4xx_HAL_Driver/Src/stm32f4xx_ll_usb.c ****   count = 0U;
 1252              		.loc 1 526 9
 1253 0026 0023     		movs	r3, #0
 1254 0028 FB60     		str	r3, [r7, #12]
 527:Drivers/STM32F4xx_HAL_Driver/Src/stm32f4xx_ll_usb.c ****   USBx->GRSTCTL = USB_OTG_GRSTCTL_RXFFLSH;
 1255              		.loc 1 527 17
 1256 002a 7B68     		ldr	r3, [r7, #4]
 1257 002c 1022     		movs	r2, #16
 1258 002e 1A61     		str	r2, [r3, #16]
 1259              	.L74:
 528:Drivers/STM32F4xx_HAL_Driver/Src/stm32f4xx_ll_usb.c **** 
 529:Drivers/STM32F4xx_HAL_Driver/Src/stm32f4xx_ll_usb.c ****   do
 530:Drivers/STM32F4xx_HAL_Driver/Src/stm32f4xx_ll_usb.c ****   {
 531:Drivers/STM32F4xx_HAL_Driver/Src/stm32f4xx_ll_usb.c ****     count++;
 1260              		.loc 1 531 10
 1261 0030 FB68     		ldr	r3, [r7, #12]
 1262 0032 0133     		adds	r3, r3, #1
 1263 0034 FB60     		str	r3, [r7, #12]
 532:Drivers/STM32F4xx_HAL_Driver/Src/stm32f4xx_ll_usb.c **** 
 533:Drivers/STM32F4xx_HAL_Driver/Src/stm32f4xx_ll_usb.c ****     if (count > HAL_USB_TIMEOUT)
 1264              		.loc 1 533 15
 1265 0036 FB68     		ldr	r3, [r7, #12]
 1266              		.loc 1 533 8
 1267 0038 B3F1706F 		cmp	r3, #251658240
 1268 003c 01D9     		bls	.L73
 534:Drivers/STM32F4xx_HAL_Driver/Src/stm32f4xx_ll_usb.c ****     {
 535:Drivers/STM32F4xx_HAL_Driver/Src/stm32f4xx_ll_usb.c ****       return HAL_TIMEOUT;
 1269              		.loc 1 535 14
 1270 003e 0323     		movs	r3, #3
 1271 0040 06E0     		b	.L71
 1272              	.L73:
 536:Drivers/STM32F4xx_HAL_Driver/Src/stm32f4xx_ll_usb.c ****     }
 537:Drivers/STM32F4xx_HAL_Driver/Src/stm32f4xx_ll_usb.c ****   } while ((USBx->GRSTCTL & USB_OTG_GRSTCTL_RXFFLSH) == USB_OTG_GRSTCTL_RXFFLSH);
 1273              		.loc 1 537 17
 1274 0042 7B68     		ldr	r3, [r7, #4]
 1275 0044 1B69     		ldr	r3, [r3, #16]
 1276              		.loc 1 537 27
 1277 0046 03F01003 		and	r3, r3, #16
 1278              		.loc 1 537 54
 1279 004a 102B     		cmp	r3, #16
 1280 004c F0D0     		beq	.L74
 538:Drivers/STM32F4xx_HAL_Driver/Src/stm32f4xx_ll_usb.c **** 
 539:Drivers/STM32F4xx_HAL_Driver/Src/stm32f4xx_ll_usb.c ****   return HAL_OK;
 1281              		.loc 1 539 10
 1282 004e 0023     		movs	r3, #0
 1283              	.L71:
 540:Drivers/STM32F4xx_HAL_Driver/Src/stm32f4xx_ll_usb.c **** }
 1284              		.loc 1 540 1
 1285 0050 1846     		mov	r0, r3
 1286 0052 1437     		adds	r7, r7, #20
 1287              	.LCFI48:
 1288              		.cfi_def_cfa_offset 4
 1289 0054 BD46     		mov	sp, r7
 1290              	.LCFI49:
 1291              		.cfi_def_cfa_register 13
ARM GAS  /tmp/ccLxLv8v.s 			page 33


 1292              		@ sp needed
 1293 0056 80BC     		pop	{r7}
 1294              	.LCFI50:
 1295              		.cfi_restore 7
 1296              		.cfi_def_cfa_offset 0
 1297 0058 7047     		bx	lr
 1298              		.cfi_endproc
 1299              	.LFE227:
 1301              		.section	.text.USB_SetDevSpeed,"ax",%progbits
 1302              		.align	1
 1303              		.global	USB_SetDevSpeed
 1304              		.syntax unified
 1305              		.thumb
 1306              		.thumb_func
 1308              	USB_SetDevSpeed:
 1309              	.LFB228:
 541:Drivers/STM32F4xx_HAL_Driver/Src/stm32f4xx_ll_usb.c **** 
 542:Drivers/STM32F4xx_HAL_Driver/Src/stm32f4xx_ll_usb.c **** /**
 543:Drivers/STM32F4xx_HAL_Driver/Src/stm32f4xx_ll_usb.c ****   * @brief  USB_SetDevSpeed  Initializes the DevSpd field of DCFG register
 544:Drivers/STM32F4xx_HAL_Driver/Src/stm32f4xx_ll_usb.c ****   *         depending the PHY type and the enumeration speed of the device.
 545:Drivers/STM32F4xx_HAL_Driver/Src/stm32f4xx_ll_usb.c ****   * @param  USBx  Selected device
 546:Drivers/STM32F4xx_HAL_Driver/Src/stm32f4xx_ll_usb.c ****   * @param  speed  device speed
 547:Drivers/STM32F4xx_HAL_Driver/Src/stm32f4xx_ll_usb.c ****   *          This parameter can be one of these values:
 548:Drivers/STM32F4xx_HAL_Driver/Src/stm32f4xx_ll_usb.c ****   *            @arg USB_OTG_SPEED_HIGH: High speed mode
 549:Drivers/STM32F4xx_HAL_Driver/Src/stm32f4xx_ll_usb.c ****   *            @arg USB_OTG_SPEED_HIGH_IN_FULL: High speed core in Full Speed mode
 550:Drivers/STM32F4xx_HAL_Driver/Src/stm32f4xx_ll_usb.c ****   *            @arg USB_OTG_SPEED_FULL: Full speed mode
 551:Drivers/STM32F4xx_HAL_Driver/Src/stm32f4xx_ll_usb.c ****   * @retval  Hal status
 552:Drivers/STM32F4xx_HAL_Driver/Src/stm32f4xx_ll_usb.c ****   */
 553:Drivers/STM32F4xx_HAL_Driver/Src/stm32f4xx_ll_usb.c **** HAL_StatusTypeDef USB_SetDevSpeed(const USB_OTG_GlobalTypeDef *USBx, uint8_t speed)
 554:Drivers/STM32F4xx_HAL_Driver/Src/stm32f4xx_ll_usb.c **** {
 1310              		.loc 1 554 1
 1311              		.cfi_startproc
 1312              		@ args = 0, pretend = 0, frame = 16
 1313              		@ frame_needed = 1, uses_anonymous_args = 0
 1314              		@ link register save eliminated.
 1315 0000 80B4     		push	{r7}
 1316              	.LCFI51:
 1317              		.cfi_def_cfa_offset 4
 1318              		.cfi_offset 7, -4
 1319 0002 85B0     		sub	sp, sp, #20
 1320              	.LCFI52:
 1321              		.cfi_def_cfa_offset 24
 1322 0004 00AF     		add	r7, sp, #0
 1323              	.LCFI53:
 1324              		.cfi_def_cfa_register 7
 1325 0006 7860     		str	r0, [r7, #4]
 1326 0008 0B46     		mov	r3, r1
 1327 000a FB70     		strb	r3, [r7, #3]
 555:Drivers/STM32F4xx_HAL_Driver/Src/stm32f4xx_ll_usb.c ****   uint32_t USBx_BASE = (uint32_t)USBx;
 1328              		.loc 1 555 12
 1329 000c 7B68     		ldr	r3, [r7, #4]
 1330 000e FB60     		str	r3, [r7, #12]
 556:Drivers/STM32F4xx_HAL_Driver/Src/stm32f4xx_ll_usb.c **** 
 557:Drivers/STM32F4xx_HAL_Driver/Src/stm32f4xx_ll_usb.c ****   USBx_DEVICE->DCFG |= speed;
 1331              		.loc 1 557 14
 1332 0010 FB68     		ldr	r3, [r7, #12]
 1333 0012 03F50063 		add	r3, r3, #2048
ARM GAS  /tmp/ccLxLv8v.s 			page 34


 1334 0016 1A68     		ldr	r2, [r3]
 1335              		.loc 1 557 21
 1336 0018 FB78     		ldrb	r3, [r7, #3]	@ zero_extendqisi2
 1337              		.loc 1 557 14
 1338 001a F968     		ldr	r1, [r7, #12]
 1339 001c 01F50061 		add	r1, r1, #2048
 1340              		.loc 1 557 21
 1341 0020 1343     		orrs	r3, r3, r2
 1342 0022 0B60     		str	r3, [r1]
 558:Drivers/STM32F4xx_HAL_Driver/Src/stm32f4xx_ll_usb.c ****   return HAL_OK;
 1343              		.loc 1 558 10
 1344 0024 0023     		movs	r3, #0
 559:Drivers/STM32F4xx_HAL_Driver/Src/stm32f4xx_ll_usb.c **** }
 1345              		.loc 1 559 1
 1346 0026 1846     		mov	r0, r3
 1347 0028 1437     		adds	r7, r7, #20
 1348              	.LCFI54:
 1349              		.cfi_def_cfa_offset 4
 1350 002a BD46     		mov	sp, r7
 1351              	.LCFI55:
 1352              		.cfi_def_cfa_register 13
 1353              		@ sp needed
 1354 002c 80BC     		pop	{r7}
 1355              	.LCFI56:
 1356              		.cfi_restore 7
 1357              		.cfi_def_cfa_offset 0
 1358 002e 7047     		bx	lr
 1359              		.cfi_endproc
 1360              	.LFE228:
 1362              		.section	.text.USB_GetDevSpeed,"ax",%progbits
 1363              		.align	1
 1364              		.global	USB_GetDevSpeed
 1365              		.syntax unified
 1366              		.thumb
 1367              		.thumb_func
 1369              	USB_GetDevSpeed:
 1370              	.LFB229:
 560:Drivers/STM32F4xx_HAL_Driver/Src/stm32f4xx_ll_usb.c **** 
 561:Drivers/STM32F4xx_HAL_Driver/Src/stm32f4xx_ll_usb.c **** /**
 562:Drivers/STM32F4xx_HAL_Driver/Src/stm32f4xx_ll_usb.c ****   * @brief  USB_GetDevSpeed  Return the Dev Speed
 563:Drivers/STM32F4xx_HAL_Driver/Src/stm32f4xx_ll_usb.c ****   * @param  USBx  Selected device
 564:Drivers/STM32F4xx_HAL_Driver/Src/stm32f4xx_ll_usb.c ****   * @retval speed  device speed
 565:Drivers/STM32F4xx_HAL_Driver/Src/stm32f4xx_ll_usb.c ****   *          This parameter can be one of these values:
 566:Drivers/STM32F4xx_HAL_Driver/Src/stm32f4xx_ll_usb.c ****   *            @arg USBD_HS_SPEED: High speed mode
 567:Drivers/STM32F4xx_HAL_Driver/Src/stm32f4xx_ll_usb.c ****   *            @arg USBD_FS_SPEED: Full speed mode
 568:Drivers/STM32F4xx_HAL_Driver/Src/stm32f4xx_ll_usb.c ****   */
 569:Drivers/STM32F4xx_HAL_Driver/Src/stm32f4xx_ll_usb.c **** uint8_t USB_GetDevSpeed(const USB_OTG_GlobalTypeDef *USBx)
 570:Drivers/STM32F4xx_HAL_Driver/Src/stm32f4xx_ll_usb.c **** {
 1371              		.loc 1 570 1
 1372              		.cfi_startproc
 1373              		@ args = 0, pretend = 0, frame = 24
 1374              		@ frame_needed = 1, uses_anonymous_args = 0
 1375              		@ link register save eliminated.
 1376 0000 80B4     		push	{r7}
 1377              	.LCFI57:
 1378              		.cfi_def_cfa_offset 4
 1379              		.cfi_offset 7, -4
ARM GAS  /tmp/ccLxLv8v.s 			page 35


 1380 0002 87B0     		sub	sp, sp, #28
 1381              	.LCFI58:
 1382              		.cfi_def_cfa_offset 32
 1383 0004 00AF     		add	r7, sp, #0
 1384              	.LCFI59:
 1385              		.cfi_def_cfa_register 7
 1386 0006 7860     		str	r0, [r7, #4]
 571:Drivers/STM32F4xx_HAL_Driver/Src/stm32f4xx_ll_usb.c ****   uint32_t USBx_BASE = (uint32_t)USBx;
 1387              		.loc 1 571 12
 1388 0008 7B68     		ldr	r3, [r7, #4]
 1389 000a 3B61     		str	r3, [r7, #16]
 572:Drivers/STM32F4xx_HAL_Driver/Src/stm32f4xx_ll_usb.c ****   uint8_t speed;
 573:Drivers/STM32F4xx_HAL_Driver/Src/stm32f4xx_ll_usb.c ****   uint32_t DevEnumSpeed = USBx_DEVICE->DSTS & USB_OTG_DSTS_ENUMSPD;
 1390              		.loc 1 573 27
 1391 000c 3B69     		ldr	r3, [r7, #16]
 1392 000e 03F50063 		add	r3, r3, #2048
 1393              		.loc 1 573 38
 1394 0012 9B68     		ldr	r3, [r3, #8]
 1395              		.loc 1 573 12
 1396 0014 03F00603 		and	r3, r3, #6
 1397 0018 FB60     		str	r3, [r7, #12]
 574:Drivers/STM32F4xx_HAL_Driver/Src/stm32f4xx_ll_usb.c **** 
 575:Drivers/STM32F4xx_HAL_Driver/Src/stm32f4xx_ll_usb.c ****   if (DevEnumSpeed == DSTS_ENUMSPD_HS_PHY_30MHZ_OR_60MHZ)
 1398              		.loc 1 575 6
 1399 001a FB68     		ldr	r3, [r7, #12]
 1400 001c 002B     		cmp	r3, #0
 1401 001e 02D1     		bne	.L78
 576:Drivers/STM32F4xx_HAL_Driver/Src/stm32f4xx_ll_usb.c ****   {
 577:Drivers/STM32F4xx_HAL_Driver/Src/stm32f4xx_ll_usb.c ****     speed = USBD_HS_SPEED;
 1402              		.loc 1 577 11
 1403 0020 0023     		movs	r3, #0
 1404 0022 FB75     		strb	r3, [r7, #23]
 1405 0024 0AE0     		b	.L79
 1406              	.L78:
 578:Drivers/STM32F4xx_HAL_Driver/Src/stm32f4xx_ll_usb.c ****   }
 579:Drivers/STM32F4xx_HAL_Driver/Src/stm32f4xx_ll_usb.c ****   else if ((DevEnumSpeed == DSTS_ENUMSPD_FS_PHY_30MHZ_OR_60MHZ) ||
 1407              		.loc 1 579 11
 1408 0026 FB68     		ldr	r3, [r7, #12]
 1409 0028 022B     		cmp	r3, #2
 1410 002a 02D0     		beq	.L80
 1411              		.loc 1 579 65 discriminator 1
 1412 002c FB68     		ldr	r3, [r7, #12]
 1413 002e 062B     		cmp	r3, #6
 1414 0030 02D1     		bne	.L81
 1415              	.L80:
 580:Drivers/STM32F4xx_HAL_Driver/Src/stm32f4xx_ll_usb.c ****            (DevEnumSpeed == DSTS_ENUMSPD_FS_PHY_48MHZ))
 581:Drivers/STM32F4xx_HAL_Driver/Src/stm32f4xx_ll_usb.c ****   {
 582:Drivers/STM32F4xx_HAL_Driver/Src/stm32f4xx_ll_usb.c ****     speed = USBD_FS_SPEED;
 1416              		.loc 1 582 11
 1417 0032 0223     		movs	r3, #2
 1418 0034 FB75     		strb	r3, [r7, #23]
 1419 0036 01E0     		b	.L79
 1420              	.L81:
 583:Drivers/STM32F4xx_HAL_Driver/Src/stm32f4xx_ll_usb.c ****   }
 584:Drivers/STM32F4xx_HAL_Driver/Src/stm32f4xx_ll_usb.c ****   else
 585:Drivers/STM32F4xx_HAL_Driver/Src/stm32f4xx_ll_usb.c ****   {
 586:Drivers/STM32F4xx_HAL_Driver/Src/stm32f4xx_ll_usb.c ****     speed = 0xFU;
ARM GAS  /tmp/ccLxLv8v.s 			page 36


 1421              		.loc 1 586 11
 1422 0038 0F23     		movs	r3, #15
 1423 003a FB75     		strb	r3, [r7, #23]
 1424              	.L79:
 587:Drivers/STM32F4xx_HAL_Driver/Src/stm32f4xx_ll_usb.c ****   }
 588:Drivers/STM32F4xx_HAL_Driver/Src/stm32f4xx_ll_usb.c **** 
 589:Drivers/STM32F4xx_HAL_Driver/Src/stm32f4xx_ll_usb.c ****   return speed;
 1425              		.loc 1 589 10
 1426 003c FB7D     		ldrb	r3, [r7, #23]	@ zero_extendqisi2
 590:Drivers/STM32F4xx_HAL_Driver/Src/stm32f4xx_ll_usb.c **** }
 1427              		.loc 1 590 1
 1428 003e 1846     		mov	r0, r3
 1429 0040 1C37     		adds	r7, r7, #28
 1430              	.LCFI60:
 1431              		.cfi_def_cfa_offset 4
 1432 0042 BD46     		mov	sp, r7
 1433              	.LCFI61:
 1434              		.cfi_def_cfa_register 13
 1435              		@ sp needed
 1436 0044 80BC     		pop	{r7}
 1437              	.LCFI62:
 1438              		.cfi_restore 7
 1439              		.cfi_def_cfa_offset 0
 1440 0046 7047     		bx	lr
 1441              		.cfi_endproc
 1442              	.LFE229:
 1444              		.section	.text.USB_ActivateEndpoint,"ax",%progbits
 1445              		.align	1
 1446              		.global	USB_ActivateEndpoint
 1447              		.syntax unified
 1448              		.thumb
 1449              		.thumb_func
 1451              	USB_ActivateEndpoint:
 1452              	.LFB230:
 591:Drivers/STM32F4xx_HAL_Driver/Src/stm32f4xx_ll_usb.c **** 
 592:Drivers/STM32F4xx_HAL_Driver/Src/stm32f4xx_ll_usb.c **** /**
 593:Drivers/STM32F4xx_HAL_Driver/Src/stm32f4xx_ll_usb.c ****   * @brief  Activate and configure an endpoint
 594:Drivers/STM32F4xx_HAL_Driver/Src/stm32f4xx_ll_usb.c ****   * @param  USBx  Selected device
 595:Drivers/STM32F4xx_HAL_Driver/Src/stm32f4xx_ll_usb.c ****   * @param  ep pointer to endpoint structure
 596:Drivers/STM32F4xx_HAL_Driver/Src/stm32f4xx_ll_usb.c ****   * @retval HAL status
 597:Drivers/STM32F4xx_HAL_Driver/Src/stm32f4xx_ll_usb.c ****   */
 598:Drivers/STM32F4xx_HAL_Driver/Src/stm32f4xx_ll_usb.c **** HAL_StatusTypeDef USB_ActivateEndpoint(const USB_OTG_GlobalTypeDef *USBx, const USB_OTG_EPTypeDef *
 599:Drivers/STM32F4xx_HAL_Driver/Src/stm32f4xx_ll_usb.c **** {
 1453              		.loc 1 599 1
 1454              		.cfi_startproc
 1455              		@ args = 0, pretend = 0, frame = 16
 1456              		@ frame_needed = 1, uses_anonymous_args = 0
 1457              		@ link register save eliminated.
 1458 0000 80B4     		push	{r7}
 1459              	.LCFI63:
 1460              		.cfi_def_cfa_offset 4
 1461              		.cfi_offset 7, -4
 1462 0002 85B0     		sub	sp, sp, #20
 1463              	.LCFI64:
 1464              		.cfi_def_cfa_offset 24
 1465 0004 00AF     		add	r7, sp, #0
 1466              	.LCFI65:
ARM GAS  /tmp/ccLxLv8v.s 			page 37


 1467              		.cfi_def_cfa_register 7
 1468 0006 7860     		str	r0, [r7, #4]
 1469 0008 3960     		str	r1, [r7]
 600:Drivers/STM32F4xx_HAL_Driver/Src/stm32f4xx_ll_usb.c ****   uint32_t USBx_BASE = (uint32_t)USBx;
 1470              		.loc 1 600 12
 1471 000a 7B68     		ldr	r3, [r7, #4]
 1472 000c FB60     		str	r3, [r7, #12]
 601:Drivers/STM32F4xx_HAL_Driver/Src/stm32f4xx_ll_usb.c ****   uint32_t epnum = (uint32_t)ep->num;
 1473              		.loc 1 601 32
 1474 000e 3B68     		ldr	r3, [r7]
 1475 0010 1B78     		ldrb	r3, [r3]	@ zero_extendqisi2
 1476              		.loc 1 601 12
 1477 0012 BB60     		str	r3, [r7, #8]
 602:Drivers/STM32F4xx_HAL_Driver/Src/stm32f4xx_ll_usb.c **** 
 603:Drivers/STM32F4xx_HAL_Driver/Src/stm32f4xx_ll_usb.c ****   if (ep->is_in == 1U)
 1478              		.loc 1 603 9
 1479 0014 3B68     		ldr	r3, [r7]
 1480 0016 5B78     		ldrb	r3, [r3, #1]	@ zero_extendqisi2
 1481              		.loc 1 603 6
 1482 0018 012B     		cmp	r3, #1
 1483 001a 3AD1     		bne	.L84
 604:Drivers/STM32F4xx_HAL_Driver/Src/stm32f4xx_ll_usb.c ****   {
 605:Drivers/STM32F4xx_HAL_Driver/Src/stm32f4xx_ll_usb.c ****     USBx_DEVICE->DAINTMSK |= USB_OTG_DAINTMSK_IEPM & (uint32_t)(1UL << (ep->num & EP_ADDR_MSK));
 1484              		.loc 1 605 16
 1485 001c FB68     		ldr	r3, [r7, #12]
 1486 001e 03F50063 		add	r3, r3, #2048
 1487 0022 DA69     		ldr	r2, [r3, #28]
 1488              		.loc 1 605 75
 1489 0024 3B68     		ldr	r3, [r7]
 1490 0026 1B78     		ldrb	r3, [r3]	@ zero_extendqisi2
 1491              		.loc 1 605 81
 1492 0028 03F00F03 		and	r3, r3, #15
 1493              		.loc 1 605 54
 1494 002c 0121     		movs	r1, #1
 1495 002e 01FA03F3 		lsl	r3, r1, r3
 1496              		.loc 1 605 52
 1497 0032 9BB2     		uxth	r3, r3
 1498              		.loc 1 605 16
 1499 0034 F968     		ldr	r1, [r7, #12]
 1500 0036 01F50061 		add	r1, r1, #2048
 1501              		.loc 1 605 27
 1502 003a 1343     		orrs	r3, r3, r2
 1503 003c CB61     		str	r3, [r1, #28]
 606:Drivers/STM32F4xx_HAL_Driver/Src/stm32f4xx_ll_usb.c **** 
 607:Drivers/STM32F4xx_HAL_Driver/Src/stm32f4xx_ll_usb.c ****     if ((USBx_INEP(epnum)->DIEPCTL & USB_OTG_DIEPCTL_USBAEP) == 0U)
 1504              		.loc 1 607 10
 1505 003e BB68     		ldr	r3, [r7, #8]
 1506 0040 5A01     		lsls	r2, r3, #5
 1507 0042 FB68     		ldr	r3, [r7, #12]
 1508 0044 1344     		add	r3, r3, r2
 1509 0046 03F51063 		add	r3, r3, #2304
 1510              		.loc 1 607 26
 1511 004a 1B68     		ldr	r3, [r3]
 1512              		.loc 1 607 36
 1513 004c 03F40043 		and	r3, r3, #32768
 1514              		.loc 1 607 8
 1515 0050 002B     		cmp	r3, #0
ARM GAS  /tmp/ccLxLv8v.s 			page 38


 1516 0052 55D1     		bne	.L85
 608:Drivers/STM32F4xx_HAL_Driver/Src/stm32f4xx_ll_usb.c ****     {
 609:Drivers/STM32F4xx_HAL_Driver/Src/stm32f4xx_ll_usb.c ****       USBx_INEP(epnum)->DIEPCTL |= (ep->maxpacket & USB_OTG_DIEPCTL_MPSIZ) |
 1517              		.loc 1 609 23
 1518 0054 BB68     		ldr	r3, [r7, #8]
 1519 0056 5A01     		lsls	r2, r3, #5
 1520 0058 FB68     		ldr	r3, [r7, #12]
 1521 005a 1344     		add	r3, r3, r2
 1522 005c 03F51063 		add	r3, r3, #2304
 1523 0060 1A68     		ldr	r2, [r3]
 1524              		.loc 1 609 39
 1525 0062 3B68     		ldr	r3, [r7]
 1526 0064 9B68     		ldr	r3, [r3, #8]
 1527              		.loc 1 609 51
 1528 0066 C3F30A01 		ubfx	r1, r3, #0, #11
 610:Drivers/STM32F4xx_HAL_Driver/Src/stm32f4xx_ll_usb.c ****                                    ((uint32_t)ep->type << 18) | (epnum << 22) |
 1529              		.loc 1 610 49
 1530 006a 3B68     		ldr	r3, [r7]
 1531 006c 1B79     		ldrb	r3, [r3, #4]	@ zero_extendqisi2
 1532              		.loc 1 610 56
 1533 006e 9B04     		lsls	r3, r3, #18
 609:Drivers/STM32F4xx_HAL_Driver/Src/stm32f4xx_ll_usb.c ****                                    ((uint32_t)ep->type << 18) | (epnum << 22) |
 1534              		.loc 1 609 76
 1535 0070 1943     		orrs	r1, r1, r3
 1536              		.loc 1 610 72
 1537 0072 BB68     		ldr	r3, [r7, #8]
 1538 0074 9B05     		lsls	r3, r3, #22
 1539              		.loc 1 610 63
 1540 0076 0B43     		orrs	r3, r3, r1
 609:Drivers/STM32F4xx_HAL_Driver/Src/stm32f4xx_ll_usb.c ****                                    ((uint32_t)ep->type << 18) | (epnum << 22) |
 1541              		.loc 1 609 33
 1542 0078 1343     		orrs	r3, r3, r2
 609:Drivers/STM32F4xx_HAL_Driver/Src/stm32f4xx_ll_usb.c ****                                    ((uint32_t)ep->type << 18) | (epnum << 22) |
 1543              		.loc 1 609 23
 1544 007a BA68     		ldr	r2, [r7, #8]
 1545 007c 5101     		lsls	r1, r2, #5
 1546 007e FA68     		ldr	r2, [r7, #12]
 1547 0080 0A44     		add	r2, r2, r1
 1548 0082 02F51062 		add	r2, r2, #2304
 609:Drivers/STM32F4xx_HAL_Driver/Src/stm32f4xx_ll_usb.c ****                                    ((uint32_t)ep->type << 18) | (epnum << 22) |
 1549              		.loc 1 609 33
 1550 0086 43F08053 		orr	r3, r3, #268435456
 1551 008a 43F40043 		orr	r3, r3, #32768
 1552 008e 1360     		str	r3, [r2]
 1553 0090 36E0     		b	.L85
 1554              	.L84:
 611:Drivers/STM32F4xx_HAL_Driver/Src/stm32f4xx_ll_usb.c ****                                    USB_OTG_DIEPCTL_SD0PID_SEVNFRM |
 612:Drivers/STM32F4xx_HAL_Driver/Src/stm32f4xx_ll_usb.c ****                                    USB_OTG_DIEPCTL_USBAEP;
 613:Drivers/STM32F4xx_HAL_Driver/Src/stm32f4xx_ll_usb.c ****     }
 614:Drivers/STM32F4xx_HAL_Driver/Src/stm32f4xx_ll_usb.c ****   }
 615:Drivers/STM32F4xx_HAL_Driver/Src/stm32f4xx_ll_usb.c ****   else
 616:Drivers/STM32F4xx_HAL_Driver/Src/stm32f4xx_ll_usb.c ****   {
 617:Drivers/STM32F4xx_HAL_Driver/Src/stm32f4xx_ll_usb.c ****     USBx_DEVICE->DAINTMSK |= USB_OTG_DAINTMSK_OEPM & ((uint32_t)(1UL << (ep->num & EP_ADDR_MSK)) <<
 1555              		.loc 1 617 16
 1556 0092 FB68     		ldr	r3, [r7, #12]
 1557 0094 03F50063 		add	r3, r3, #2048
 1558 0098 DA69     		ldr	r2, [r3, #28]
ARM GAS  /tmp/ccLxLv8v.s 			page 39


 1559              		.loc 1 617 76
 1560 009a 3B68     		ldr	r3, [r7]
 1561 009c 1B78     		ldrb	r3, [r3]	@ zero_extendqisi2
 1562              		.loc 1 617 82
 1563 009e 03F00F03 		and	r3, r3, #15
 1564              		.loc 1 617 55
 1565 00a2 0121     		movs	r1, #1
 1566 00a4 01FA03F3 		lsl	r3, r1, r3
 1567              		.loc 1 617 52
 1568 00a8 1B04     		lsls	r3, r3, #16
 1569              		.loc 1 617 16
 1570 00aa F968     		ldr	r1, [r7, #12]
 1571 00ac 01F50061 		add	r1, r1, #2048
 1572              		.loc 1 617 27
 1573 00b0 1343     		orrs	r3, r3, r2
 1574 00b2 CB61     		str	r3, [r1, #28]
 618:Drivers/STM32F4xx_HAL_Driver/Src/stm32f4xx_ll_usb.c **** 
 619:Drivers/STM32F4xx_HAL_Driver/Src/stm32f4xx_ll_usb.c ****     if (((USBx_OUTEP(epnum)->DOEPCTL) & USB_OTG_DOEPCTL_USBAEP) == 0U)
 1575              		.loc 1 619 11
 1576 00b4 BB68     		ldr	r3, [r7, #8]
 1577 00b6 5A01     		lsls	r2, r3, #5
 1578 00b8 FB68     		ldr	r3, [r7, #12]
 1579 00ba 1344     		add	r3, r3, r2
 1580 00bc 03F53063 		add	r3, r3, #2816
 1581              		.loc 1 619 28
 1582 00c0 1B68     		ldr	r3, [r3]
 1583              		.loc 1 619 39
 1584 00c2 03F40043 		and	r3, r3, #32768
 1585              		.loc 1 619 8
 1586 00c6 002B     		cmp	r3, #0
 1587 00c8 1AD1     		bne	.L85
 620:Drivers/STM32F4xx_HAL_Driver/Src/stm32f4xx_ll_usb.c ****     {
 621:Drivers/STM32F4xx_HAL_Driver/Src/stm32f4xx_ll_usb.c ****       USBx_OUTEP(epnum)->DOEPCTL |= (ep->maxpacket & USB_OTG_DOEPCTL_MPSIZ) |
 1588              		.loc 1 621 24
 1589 00ca BB68     		ldr	r3, [r7, #8]
 1590 00cc 5A01     		lsls	r2, r3, #5
 1591 00ce FB68     		ldr	r3, [r7, #12]
 1592 00d0 1344     		add	r3, r3, r2
 1593 00d2 03F53063 		add	r3, r3, #2816
 1594 00d6 1A68     		ldr	r2, [r3]
 1595              		.loc 1 621 40
 1596 00d8 3B68     		ldr	r3, [r7]
 1597 00da 9B68     		ldr	r3, [r3, #8]
 1598              		.loc 1 621 52
 1599 00dc C3F30A01 		ubfx	r1, r3, #0, #11
 622:Drivers/STM32F4xx_HAL_Driver/Src/stm32f4xx_ll_usb.c ****                                     ((uint32_t)ep->type << 18) |
 1600              		.loc 1 622 50
 1601 00e0 3B68     		ldr	r3, [r7]
 1602 00e2 1B79     		ldrb	r3, [r3, #4]	@ zero_extendqisi2
 1603              		.loc 1 622 57
 1604 00e4 9B04     		lsls	r3, r3, #18
 621:Drivers/STM32F4xx_HAL_Driver/Src/stm32f4xx_ll_usb.c ****                                     ((uint32_t)ep->type << 18) |
 1605              		.loc 1 621 77
 1606 00e6 0B43     		orrs	r3, r3, r1
 621:Drivers/STM32F4xx_HAL_Driver/Src/stm32f4xx_ll_usb.c ****                                     ((uint32_t)ep->type << 18) |
 1607              		.loc 1 621 34
 1608 00e8 1343     		orrs	r3, r3, r2
ARM GAS  /tmp/ccLxLv8v.s 			page 40


 621:Drivers/STM32F4xx_HAL_Driver/Src/stm32f4xx_ll_usb.c ****                                     ((uint32_t)ep->type << 18) |
 1609              		.loc 1 621 24
 1610 00ea BA68     		ldr	r2, [r7, #8]
 1611 00ec 5101     		lsls	r1, r2, #5
 1612 00ee FA68     		ldr	r2, [r7, #12]
 1613 00f0 0A44     		add	r2, r2, r1
 1614 00f2 02F53062 		add	r2, r2, #2816
 621:Drivers/STM32F4xx_HAL_Driver/Src/stm32f4xx_ll_usb.c ****                                     ((uint32_t)ep->type << 18) |
 1615              		.loc 1 621 34
 1616 00f6 43F08053 		orr	r3, r3, #268435456
 1617 00fa 43F40043 		orr	r3, r3, #32768
 1618 00fe 1360     		str	r3, [r2]
 1619              	.L85:
 623:Drivers/STM32F4xx_HAL_Driver/Src/stm32f4xx_ll_usb.c ****                                     USB_OTG_DIEPCTL_SD0PID_SEVNFRM |
 624:Drivers/STM32F4xx_HAL_Driver/Src/stm32f4xx_ll_usb.c ****                                     USB_OTG_DOEPCTL_USBAEP;
 625:Drivers/STM32F4xx_HAL_Driver/Src/stm32f4xx_ll_usb.c ****     }
 626:Drivers/STM32F4xx_HAL_Driver/Src/stm32f4xx_ll_usb.c ****   }
 627:Drivers/STM32F4xx_HAL_Driver/Src/stm32f4xx_ll_usb.c ****   return HAL_OK;
 1620              		.loc 1 627 10
 1621 0100 0023     		movs	r3, #0
 628:Drivers/STM32F4xx_HAL_Driver/Src/stm32f4xx_ll_usb.c **** }
 1622              		.loc 1 628 1
 1623 0102 1846     		mov	r0, r3
 1624 0104 1437     		adds	r7, r7, #20
 1625              	.LCFI66:
 1626              		.cfi_def_cfa_offset 4
 1627 0106 BD46     		mov	sp, r7
 1628              	.LCFI67:
 1629              		.cfi_def_cfa_register 13
 1630              		@ sp needed
 1631 0108 80BC     		pop	{r7}
 1632              	.LCFI68:
 1633              		.cfi_restore 7
 1634              		.cfi_def_cfa_offset 0
 1635 010a 7047     		bx	lr
 1636              		.cfi_endproc
 1637              	.LFE230:
 1639              		.section	.text.USB_ActivateDedicatedEndpoint,"ax",%progbits
 1640              		.align	1
 1641              		.global	USB_ActivateDedicatedEndpoint
 1642              		.syntax unified
 1643              		.thumb
 1644              		.thumb_func
 1646              	USB_ActivateDedicatedEndpoint:
 1647              	.LFB231:
 629:Drivers/STM32F4xx_HAL_Driver/Src/stm32f4xx_ll_usb.c **** 
 630:Drivers/STM32F4xx_HAL_Driver/Src/stm32f4xx_ll_usb.c **** /**
 631:Drivers/STM32F4xx_HAL_Driver/Src/stm32f4xx_ll_usb.c ****   * @brief  Activate and configure a dedicated endpoint
 632:Drivers/STM32F4xx_HAL_Driver/Src/stm32f4xx_ll_usb.c ****   * @param  USBx  Selected device
 633:Drivers/STM32F4xx_HAL_Driver/Src/stm32f4xx_ll_usb.c ****   * @param  ep pointer to endpoint structure
 634:Drivers/STM32F4xx_HAL_Driver/Src/stm32f4xx_ll_usb.c ****   * @retval HAL status
 635:Drivers/STM32F4xx_HAL_Driver/Src/stm32f4xx_ll_usb.c ****   */
 636:Drivers/STM32F4xx_HAL_Driver/Src/stm32f4xx_ll_usb.c **** HAL_StatusTypeDef USB_ActivateDedicatedEndpoint(const USB_OTG_GlobalTypeDef *USBx, const USB_OTG_EP
 637:Drivers/STM32F4xx_HAL_Driver/Src/stm32f4xx_ll_usb.c **** {
 1648              		.loc 1 637 1
 1649              		.cfi_startproc
 1650              		@ args = 0, pretend = 0, frame = 16
ARM GAS  /tmp/ccLxLv8v.s 			page 41


 1651              		@ frame_needed = 1, uses_anonymous_args = 0
 1652              		@ link register save eliminated.
 1653 0000 80B4     		push	{r7}
 1654              	.LCFI69:
 1655              		.cfi_def_cfa_offset 4
 1656              		.cfi_offset 7, -4
 1657 0002 85B0     		sub	sp, sp, #20
 1658              	.LCFI70:
 1659              		.cfi_def_cfa_offset 24
 1660 0004 00AF     		add	r7, sp, #0
 1661              	.LCFI71:
 1662              		.cfi_def_cfa_register 7
 1663 0006 7860     		str	r0, [r7, #4]
 1664 0008 3960     		str	r1, [r7]
 638:Drivers/STM32F4xx_HAL_Driver/Src/stm32f4xx_ll_usb.c ****   uint32_t USBx_BASE = (uint32_t)USBx;
 1665              		.loc 1 638 12
 1666 000a 7B68     		ldr	r3, [r7, #4]
 1667 000c FB60     		str	r3, [r7, #12]
 639:Drivers/STM32F4xx_HAL_Driver/Src/stm32f4xx_ll_usb.c ****   uint32_t epnum = (uint32_t)ep->num;
 1668              		.loc 1 639 32
 1669 000e 3B68     		ldr	r3, [r7]
 1670 0010 1B78     		ldrb	r3, [r3]	@ zero_extendqisi2
 1671              		.loc 1 639 12
 1672 0012 BB60     		str	r3, [r7, #8]
 640:Drivers/STM32F4xx_HAL_Driver/Src/stm32f4xx_ll_usb.c **** 
 641:Drivers/STM32F4xx_HAL_Driver/Src/stm32f4xx_ll_usb.c ****   /* Read DEPCTLn register */
 642:Drivers/STM32F4xx_HAL_Driver/Src/stm32f4xx_ll_usb.c ****   if (ep->is_in == 1U)
 1673              		.loc 1 642 9
 1674 0014 3B68     		ldr	r3, [r7]
 1675 0016 5B78     		ldrb	r3, [r3, #1]	@ zero_extendqisi2
 1676              		.loc 1 642 6
 1677 0018 012B     		cmp	r3, #1
 1678 001a 3AD1     		bne	.L88
 643:Drivers/STM32F4xx_HAL_Driver/Src/stm32f4xx_ll_usb.c ****   {
 644:Drivers/STM32F4xx_HAL_Driver/Src/stm32f4xx_ll_usb.c ****     if (((USBx_INEP(epnum)->DIEPCTL) & USB_OTG_DIEPCTL_USBAEP) == 0U)
 1679              		.loc 1 644 11
 1680 001c BB68     		ldr	r3, [r7, #8]
 1681 001e 5A01     		lsls	r2, r3, #5
 1682 0020 FB68     		ldr	r3, [r7, #12]
 1683 0022 1344     		add	r3, r3, r2
 1684 0024 03F51063 		add	r3, r3, #2304
 1685              		.loc 1 644 27
 1686 0028 1B68     		ldr	r3, [r3]
 1687              		.loc 1 644 38
 1688 002a 03F40043 		and	r3, r3, #32768
 1689              		.loc 1 644 8
 1690 002e 002B     		cmp	r3, #0
 1691 0030 1DD1     		bne	.L89
 645:Drivers/STM32F4xx_HAL_Driver/Src/stm32f4xx_ll_usb.c ****     {
 646:Drivers/STM32F4xx_HAL_Driver/Src/stm32f4xx_ll_usb.c ****       USBx_INEP(epnum)->DIEPCTL |= (ep->maxpacket & USB_OTG_DIEPCTL_MPSIZ) |
 1692              		.loc 1 646 23
 1693 0032 BB68     		ldr	r3, [r7, #8]
 1694 0034 5A01     		lsls	r2, r3, #5
 1695 0036 FB68     		ldr	r3, [r7, #12]
 1696 0038 1344     		add	r3, r3, r2
 1697 003a 03F51063 		add	r3, r3, #2304
 1698 003e 1A68     		ldr	r2, [r3]
ARM GAS  /tmp/ccLxLv8v.s 			page 42


 1699              		.loc 1 646 39
 1700 0040 3B68     		ldr	r3, [r7]
 1701 0042 9B68     		ldr	r3, [r3, #8]
 1702              		.loc 1 646 51
 1703 0044 C3F30A01 		ubfx	r1, r3, #0, #11
 647:Drivers/STM32F4xx_HAL_Driver/Src/stm32f4xx_ll_usb.c ****                                    ((uint32_t)ep->type << 18) | (epnum << 22) |
 1704              		.loc 1 647 49
 1705 0048 3B68     		ldr	r3, [r7]
 1706 004a 1B79     		ldrb	r3, [r3, #4]	@ zero_extendqisi2
 1707              		.loc 1 647 56
 1708 004c 9B04     		lsls	r3, r3, #18
 646:Drivers/STM32F4xx_HAL_Driver/Src/stm32f4xx_ll_usb.c ****                                    ((uint32_t)ep->type << 18) | (epnum << 22) |
 1709              		.loc 1 646 76
 1710 004e 1943     		orrs	r1, r1, r3
 1711              		.loc 1 647 72
 1712 0050 BB68     		ldr	r3, [r7, #8]
 1713 0052 9B05     		lsls	r3, r3, #22
 1714              		.loc 1 647 63
 1715 0054 0B43     		orrs	r3, r3, r1
 646:Drivers/STM32F4xx_HAL_Driver/Src/stm32f4xx_ll_usb.c ****                                    ((uint32_t)ep->type << 18) | (epnum << 22) |
 1716              		.loc 1 646 33
 1717 0056 1343     		orrs	r3, r3, r2
 646:Drivers/STM32F4xx_HAL_Driver/Src/stm32f4xx_ll_usb.c ****                                    ((uint32_t)ep->type << 18) | (epnum << 22) |
 1718              		.loc 1 646 23
 1719 0058 BA68     		ldr	r2, [r7, #8]
 1720 005a 5101     		lsls	r1, r2, #5
 1721 005c FA68     		ldr	r2, [r7, #12]
 1722 005e 0A44     		add	r2, r2, r1
 1723 0060 02F51062 		add	r2, r2, #2304
 646:Drivers/STM32F4xx_HAL_Driver/Src/stm32f4xx_ll_usb.c ****                                    ((uint32_t)ep->type << 18) | (epnum << 22) |
 1724              		.loc 1 646 33
 1725 0064 43F08053 		orr	r3, r3, #268435456
 1726 0068 43F40043 		orr	r3, r3, #32768
 1727 006c 1360     		str	r3, [r2]
 1728              	.L89:
 648:Drivers/STM32F4xx_HAL_Driver/Src/stm32f4xx_ll_usb.c ****                                    USB_OTG_DIEPCTL_SD0PID_SEVNFRM |
 649:Drivers/STM32F4xx_HAL_Driver/Src/stm32f4xx_ll_usb.c ****                                    USB_OTG_DIEPCTL_USBAEP;
 650:Drivers/STM32F4xx_HAL_Driver/Src/stm32f4xx_ll_usb.c ****     }
 651:Drivers/STM32F4xx_HAL_Driver/Src/stm32f4xx_ll_usb.c **** 
 652:Drivers/STM32F4xx_HAL_Driver/Src/stm32f4xx_ll_usb.c ****     USBx_DEVICE->DEACHMSK |= USB_OTG_DAINTMSK_IEPM & (uint32_t)(1UL << (ep->num & EP_ADDR_MSK));
 1729              		.loc 1 652 16
 1730 006e FB68     		ldr	r3, [r7, #12]
 1731 0070 03F50063 		add	r3, r3, #2048
 1732 0074 DA6B     		ldr	r2, [r3, #60]
 1733              		.loc 1 652 75
 1734 0076 3B68     		ldr	r3, [r7]
 1735 0078 1B78     		ldrb	r3, [r3]	@ zero_extendqisi2
 1736              		.loc 1 652 81
 1737 007a 03F00F03 		and	r3, r3, #15
 1738              		.loc 1 652 54
 1739 007e 0121     		movs	r1, #1
 1740 0080 01FA03F3 		lsl	r3, r1, r3
 1741              		.loc 1 652 52
 1742 0084 9BB2     		uxth	r3, r3
 1743              		.loc 1 652 16
 1744 0086 F968     		ldr	r1, [r7, #12]
 1745 0088 01F50061 		add	r1, r1, #2048
ARM GAS  /tmp/ccLxLv8v.s 			page 43


 1746              		.loc 1 652 27
 1747 008c 1343     		orrs	r3, r3, r2
 1748 008e CB63     		str	r3, [r1, #60]
 1749 0090 37E0     		b	.L90
 1750              	.L88:
 653:Drivers/STM32F4xx_HAL_Driver/Src/stm32f4xx_ll_usb.c ****   }
 654:Drivers/STM32F4xx_HAL_Driver/Src/stm32f4xx_ll_usb.c ****   else
 655:Drivers/STM32F4xx_HAL_Driver/Src/stm32f4xx_ll_usb.c ****   {
 656:Drivers/STM32F4xx_HAL_Driver/Src/stm32f4xx_ll_usb.c ****     if (((USBx_OUTEP(epnum)->DOEPCTL) & USB_OTG_DOEPCTL_USBAEP) == 0U)
 1751              		.loc 1 656 11
 1752 0092 BB68     		ldr	r3, [r7, #8]
 1753 0094 5A01     		lsls	r2, r3, #5
 1754 0096 FB68     		ldr	r3, [r7, #12]
 1755 0098 1344     		add	r3, r3, r2
 1756 009a 03F53063 		add	r3, r3, #2816
 1757              		.loc 1 656 28
 1758 009e 1B68     		ldr	r3, [r3]
 1759              		.loc 1 656 39
 1760 00a0 03F40043 		and	r3, r3, #32768
 1761              		.loc 1 656 8
 1762 00a4 002B     		cmp	r3, #0
 1763 00a6 1BD1     		bne	.L91
 657:Drivers/STM32F4xx_HAL_Driver/Src/stm32f4xx_ll_usb.c ****     {
 658:Drivers/STM32F4xx_HAL_Driver/Src/stm32f4xx_ll_usb.c ****       USBx_OUTEP(epnum)->DOEPCTL |= (ep->maxpacket & USB_OTG_DOEPCTL_MPSIZ) |
 1764              		.loc 1 658 24
 1765 00a8 BB68     		ldr	r3, [r7, #8]
 1766 00aa 5A01     		lsls	r2, r3, #5
 1767 00ac FB68     		ldr	r3, [r7, #12]
 1768 00ae 1344     		add	r3, r3, r2
 1769 00b0 03F53063 		add	r3, r3, #2816
 1770 00b4 1A68     		ldr	r2, [r3]
 1771              		.loc 1 658 40
 1772 00b6 3B68     		ldr	r3, [r7]
 1773 00b8 9B68     		ldr	r3, [r3, #8]
 1774              		.loc 1 658 52
 1775 00ba C3F30A01 		ubfx	r1, r3, #0, #11
 659:Drivers/STM32F4xx_HAL_Driver/Src/stm32f4xx_ll_usb.c ****                                     ((uint32_t)ep->type << 18) | (epnum << 22) |
 1776              		.loc 1 659 50
 1777 00be 3B68     		ldr	r3, [r7]
 1778 00c0 1B79     		ldrb	r3, [r3, #4]	@ zero_extendqisi2
 1779              		.loc 1 659 57
 1780 00c2 9B04     		lsls	r3, r3, #18
 658:Drivers/STM32F4xx_HAL_Driver/Src/stm32f4xx_ll_usb.c ****                                     ((uint32_t)ep->type << 18) | (epnum << 22) |
 1781              		.loc 1 658 77
 1782 00c4 1943     		orrs	r1, r1, r3
 1783              		.loc 1 659 73
 1784 00c6 BB68     		ldr	r3, [r7, #8]
 1785 00c8 9B05     		lsls	r3, r3, #22
 1786              		.loc 1 659 64
 1787 00ca 0B43     		orrs	r3, r3, r1
 658:Drivers/STM32F4xx_HAL_Driver/Src/stm32f4xx_ll_usb.c ****                                     ((uint32_t)ep->type << 18) | (epnum << 22) |
 1788              		.loc 1 658 34
 1789 00cc 1343     		orrs	r3, r3, r2
 658:Drivers/STM32F4xx_HAL_Driver/Src/stm32f4xx_ll_usb.c ****                                     ((uint32_t)ep->type << 18) | (epnum << 22) |
 1790              		.loc 1 658 24
 1791 00ce BA68     		ldr	r2, [r7, #8]
 1792 00d0 5101     		lsls	r1, r2, #5
ARM GAS  /tmp/ccLxLv8v.s 			page 44


 1793 00d2 FA68     		ldr	r2, [r7, #12]
 1794 00d4 0A44     		add	r2, r2, r1
 1795 00d6 02F53062 		add	r2, r2, #2816
 658:Drivers/STM32F4xx_HAL_Driver/Src/stm32f4xx_ll_usb.c ****                                     ((uint32_t)ep->type << 18) | (epnum << 22) |
 1796              		.loc 1 658 34
 1797 00da 43F40043 		orr	r3, r3, #32768
 1798 00de 1360     		str	r3, [r2]
 1799              	.L91:
 660:Drivers/STM32F4xx_HAL_Driver/Src/stm32f4xx_ll_usb.c ****                                     USB_OTG_DOEPCTL_USBAEP;
 661:Drivers/STM32F4xx_HAL_Driver/Src/stm32f4xx_ll_usb.c ****     }
 662:Drivers/STM32F4xx_HAL_Driver/Src/stm32f4xx_ll_usb.c **** 
 663:Drivers/STM32F4xx_HAL_Driver/Src/stm32f4xx_ll_usb.c ****     USBx_DEVICE->DEACHMSK |= USB_OTG_DAINTMSK_OEPM & ((uint32_t)(1UL << (ep->num & EP_ADDR_MSK)) <<
 1800              		.loc 1 663 16
 1801 00e0 FB68     		ldr	r3, [r7, #12]
 1802 00e2 03F50063 		add	r3, r3, #2048
 1803 00e6 DA6B     		ldr	r2, [r3, #60]
 1804              		.loc 1 663 76
 1805 00e8 3B68     		ldr	r3, [r7]
 1806 00ea 1B78     		ldrb	r3, [r3]	@ zero_extendqisi2
 1807              		.loc 1 663 82
 1808 00ec 03F00F03 		and	r3, r3, #15
 1809              		.loc 1 663 55
 1810 00f0 0121     		movs	r1, #1
 1811 00f2 01FA03F3 		lsl	r3, r1, r3
 1812              		.loc 1 663 52
 1813 00f6 1B04     		lsls	r3, r3, #16
 1814              		.loc 1 663 16
 1815 00f8 F968     		ldr	r1, [r7, #12]
 1816 00fa 01F50061 		add	r1, r1, #2048
 1817              		.loc 1 663 27
 1818 00fe 1343     		orrs	r3, r3, r2
 1819 0100 CB63     		str	r3, [r1, #60]
 1820              	.L90:
 664:Drivers/STM32F4xx_HAL_Driver/Src/stm32f4xx_ll_usb.c ****   }
 665:Drivers/STM32F4xx_HAL_Driver/Src/stm32f4xx_ll_usb.c **** 
 666:Drivers/STM32F4xx_HAL_Driver/Src/stm32f4xx_ll_usb.c ****   return HAL_OK;
 1821              		.loc 1 666 10
 1822 0102 0023     		movs	r3, #0
 667:Drivers/STM32F4xx_HAL_Driver/Src/stm32f4xx_ll_usb.c **** }
 1823              		.loc 1 667 1
 1824 0104 1846     		mov	r0, r3
 1825 0106 1437     		adds	r7, r7, #20
 1826              	.LCFI72:
 1827              		.cfi_def_cfa_offset 4
 1828 0108 BD46     		mov	sp, r7
 1829              	.LCFI73:
 1830              		.cfi_def_cfa_register 13
 1831              		@ sp needed
 1832 010a 80BC     		pop	{r7}
 1833              	.LCFI74:
 1834              		.cfi_restore 7
 1835              		.cfi_def_cfa_offset 0
 1836 010c 7047     		bx	lr
 1837              		.cfi_endproc
 1838              	.LFE231:
 1840              		.section	.text.USB_DeactivateEndpoint,"ax",%progbits
 1841              		.align	1
ARM GAS  /tmp/ccLxLv8v.s 			page 45


 1842              		.global	USB_DeactivateEndpoint
 1843              		.syntax unified
 1844              		.thumb
 1845              		.thumb_func
 1847              	USB_DeactivateEndpoint:
 1848              	.LFB232:
 668:Drivers/STM32F4xx_HAL_Driver/Src/stm32f4xx_ll_usb.c **** 
 669:Drivers/STM32F4xx_HAL_Driver/Src/stm32f4xx_ll_usb.c **** /**
 670:Drivers/STM32F4xx_HAL_Driver/Src/stm32f4xx_ll_usb.c ****   * @brief  De-activate and de-initialize an endpoint
 671:Drivers/STM32F4xx_HAL_Driver/Src/stm32f4xx_ll_usb.c ****   * @param  USBx  Selected device
 672:Drivers/STM32F4xx_HAL_Driver/Src/stm32f4xx_ll_usb.c ****   * @param  ep pointer to endpoint structure
 673:Drivers/STM32F4xx_HAL_Driver/Src/stm32f4xx_ll_usb.c ****   * @retval HAL status
 674:Drivers/STM32F4xx_HAL_Driver/Src/stm32f4xx_ll_usb.c ****   */
 675:Drivers/STM32F4xx_HAL_Driver/Src/stm32f4xx_ll_usb.c **** HAL_StatusTypeDef USB_DeactivateEndpoint(const USB_OTG_GlobalTypeDef *USBx, const USB_OTG_EPTypeDef
 676:Drivers/STM32F4xx_HAL_Driver/Src/stm32f4xx_ll_usb.c **** {
 1849              		.loc 1 676 1
 1850              		.cfi_startproc
 1851              		@ args = 0, pretend = 0, frame = 16
 1852              		@ frame_needed = 1, uses_anonymous_args = 0
 1853              		@ link register save eliminated.
 1854 0000 80B4     		push	{r7}
 1855              	.LCFI75:
 1856              		.cfi_def_cfa_offset 4
 1857              		.cfi_offset 7, -4
 1858 0002 85B0     		sub	sp, sp, #20
 1859              	.LCFI76:
 1860              		.cfi_def_cfa_offset 24
 1861 0004 00AF     		add	r7, sp, #0
 1862              	.LCFI77:
 1863              		.cfi_def_cfa_register 7
 1864 0006 7860     		str	r0, [r7, #4]
 1865 0008 3960     		str	r1, [r7]
 677:Drivers/STM32F4xx_HAL_Driver/Src/stm32f4xx_ll_usb.c ****   uint32_t USBx_BASE = (uint32_t)USBx;
 1866              		.loc 1 677 12
 1867 000a 7B68     		ldr	r3, [r7, #4]
 1868 000c FB60     		str	r3, [r7, #12]
 678:Drivers/STM32F4xx_HAL_Driver/Src/stm32f4xx_ll_usb.c ****   uint32_t epnum = (uint32_t)ep->num;
 1869              		.loc 1 678 32
 1870 000e 3B68     		ldr	r3, [r7]
 1871 0010 1B78     		ldrb	r3, [r3]	@ zero_extendqisi2
 1872              		.loc 1 678 12
 1873 0012 BB60     		str	r3, [r7, #8]
 679:Drivers/STM32F4xx_HAL_Driver/Src/stm32f4xx_ll_usb.c **** 
 680:Drivers/STM32F4xx_HAL_Driver/Src/stm32f4xx_ll_usb.c ****   /* Read DEPCTLn register */
 681:Drivers/STM32F4xx_HAL_Driver/Src/stm32f4xx_ll_usb.c ****   if (ep->is_in == 1U)
 1874              		.loc 1 681 9
 1875 0014 3B68     		ldr	r3, [r7]
 1876 0016 5B78     		ldrb	r3, [r3, #1]	@ zero_extendqisi2
 1877              		.loc 1 681 6
 1878 0018 012B     		cmp	r3, #1
 1879 001a 61D1     		bne	.L94
 682:Drivers/STM32F4xx_HAL_Driver/Src/stm32f4xx_ll_usb.c ****   {
 683:Drivers/STM32F4xx_HAL_Driver/Src/stm32f4xx_ll_usb.c ****     if ((USBx_INEP(epnum)->DIEPCTL & USB_OTG_DIEPCTL_EPENA) == USB_OTG_DIEPCTL_EPENA)
 1880              		.loc 1 683 10
 1881 001c BB68     		ldr	r3, [r7, #8]
 1882 001e 5A01     		lsls	r2, r3, #5
 1883 0020 FB68     		ldr	r3, [r7, #12]
ARM GAS  /tmp/ccLxLv8v.s 			page 46


 1884 0022 1344     		add	r3, r3, r2
 1885 0024 03F51063 		add	r3, r3, #2304
 1886              		.loc 1 683 26
 1887 0028 1B68     		ldr	r3, [r3]
 1888              		.loc 1 683 36
 1889 002a 03F00043 		and	r3, r3, #-2147483648
 1890              		.loc 1 683 8
 1891 002e B3F1004F 		cmp	r3, #-2147483648
 1892 0032 1FD1     		bne	.L95
 684:Drivers/STM32F4xx_HAL_Driver/Src/stm32f4xx_ll_usb.c ****     {
 685:Drivers/STM32F4xx_HAL_Driver/Src/stm32f4xx_ll_usb.c ****       USBx_INEP(epnum)->DIEPCTL |= USB_OTG_DIEPCTL_SNAK;
 1893              		.loc 1 685 23
 1894 0034 BB68     		ldr	r3, [r7, #8]
 1895 0036 5A01     		lsls	r2, r3, #5
 1896 0038 FB68     		ldr	r3, [r7, #12]
 1897 003a 1344     		add	r3, r3, r2
 1898 003c 03F51063 		add	r3, r3, #2304
 1899 0040 1B68     		ldr	r3, [r3]
 1900 0042 BA68     		ldr	r2, [r7, #8]
 1901 0044 5101     		lsls	r1, r2, #5
 1902 0046 FA68     		ldr	r2, [r7, #12]
 1903 0048 0A44     		add	r2, r2, r1
 1904 004a 02F51062 		add	r2, r2, #2304
 1905              		.loc 1 685 33
 1906 004e 43F00063 		orr	r3, r3, #134217728
 1907 0052 1360     		str	r3, [r2]
 686:Drivers/STM32F4xx_HAL_Driver/Src/stm32f4xx_ll_usb.c ****       USBx_INEP(epnum)->DIEPCTL |= USB_OTG_DIEPCTL_EPDIS;
 1908              		.loc 1 686 23
 1909 0054 BB68     		ldr	r3, [r7, #8]
 1910 0056 5A01     		lsls	r2, r3, #5
 1911 0058 FB68     		ldr	r3, [r7, #12]
 1912 005a 1344     		add	r3, r3, r2
 1913 005c 03F51063 		add	r3, r3, #2304
 1914 0060 1B68     		ldr	r3, [r3]
 1915 0062 BA68     		ldr	r2, [r7, #8]
 1916 0064 5101     		lsls	r1, r2, #5
 1917 0066 FA68     		ldr	r2, [r7, #12]
 1918 0068 0A44     		add	r2, r2, r1
 1919 006a 02F51062 		add	r2, r2, #2304
 1920              		.loc 1 686 33
 1921 006e 43F08043 		orr	r3, r3, #1073741824
 1922 0072 1360     		str	r3, [r2]
 1923              	.L95:
 687:Drivers/STM32F4xx_HAL_Driver/Src/stm32f4xx_ll_usb.c ****     }
 688:Drivers/STM32F4xx_HAL_Driver/Src/stm32f4xx_ll_usb.c **** 
 689:Drivers/STM32F4xx_HAL_Driver/Src/stm32f4xx_ll_usb.c ****     USBx_DEVICE->DEACHMSK &= ~(USB_OTG_DAINTMSK_IEPM & (uint32_t)(1UL << (ep->num & EP_ADDR_MSK)));
 1924              		.loc 1 689 16
 1925 0074 FB68     		ldr	r3, [r7, #12]
 1926 0076 03F50063 		add	r3, r3, #2048
 1927 007a DA6B     		ldr	r2, [r3, #60]
 1928              		.loc 1 689 77
 1929 007c 3B68     		ldr	r3, [r7]
 1930 007e 1B78     		ldrb	r3, [r3]	@ zero_extendqisi2
 1931              		.loc 1 689 83
 1932 0080 03F00F03 		and	r3, r3, #15
 1933              		.loc 1 689 56
 1934 0084 0121     		movs	r1, #1
ARM GAS  /tmp/ccLxLv8v.s 			page 47


 1935 0086 01FA03F3 		lsl	r3, r1, r3
 1936              		.loc 1 689 54
 1937 008a 9BB2     		uxth	r3, r3
 1938              		.loc 1 689 30
 1939 008c DB43     		mvns	r3, r3
 1940              		.loc 1 689 16
 1941 008e F968     		ldr	r1, [r7, #12]
 1942 0090 01F50061 		add	r1, r1, #2048
 1943              		.loc 1 689 27
 1944 0094 1340     		ands	r3, r3, r2
 1945 0096 CB63     		str	r3, [r1, #60]
 690:Drivers/STM32F4xx_HAL_Driver/Src/stm32f4xx_ll_usb.c ****     USBx_DEVICE->DAINTMSK &= ~(USB_OTG_DAINTMSK_IEPM & (uint32_t)(1UL << (ep->num & EP_ADDR_MSK)));
 1946              		.loc 1 690 16
 1947 0098 FB68     		ldr	r3, [r7, #12]
 1948 009a 03F50063 		add	r3, r3, #2048
 1949 009e DA69     		ldr	r2, [r3, #28]
 1950              		.loc 1 690 77
 1951 00a0 3B68     		ldr	r3, [r7]
 1952 00a2 1B78     		ldrb	r3, [r3]	@ zero_extendqisi2
 1953              		.loc 1 690 83
 1954 00a4 03F00F03 		and	r3, r3, #15
 1955              		.loc 1 690 56
 1956 00a8 0121     		movs	r1, #1
 1957 00aa 01FA03F3 		lsl	r3, r1, r3
 1958              		.loc 1 690 54
 1959 00ae 9BB2     		uxth	r3, r3
 1960              		.loc 1 690 30
 1961 00b0 DB43     		mvns	r3, r3
 1962              		.loc 1 690 16
 1963 00b2 F968     		ldr	r1, [r7, #12]
 1964 00b4 01F50061 		add	r1, r1, #2048
 1965              		.loc 1 690 27
 1966 00b8 1340     		ands	r3, r3, r2
 1967 00ba CB61     		str	r3, [r1, #28]
 691:Drivers/STM32F4xx_HAL_Driver/Src/stm32f4xx_ll_usb.c ****     USBx_INEP(epnum)->DIEPCTL &= ~(USB_OTG_DIEPCTL_USBAEP |
 1968              		.loc 1 691 21
 1969 00bc BB68     		ldr	r3, [r7, #8]
 1970 00be 5A01     		lsls	r2, r3, #5
 1971 00c0 FB68     		ldr	r3, [r7, #12]
 1972 00c2 1344     		add	r3, r3, r2
 1973 00c4 03F51063 		add	r3, r3, #2304
 1974 00c8 1A68     		ldr	r2, [r3]
 1975 00ca BB68     		ldr	r3, [r7, #8]
 1976 00cc 5901     		lsls	r1, r3, #5
 1977 00ce FB68     		ldr	r3, [r7, #12]
 1978 00d0 0B44     		add	r3, r3, r1
 1979 00d2 03F51063 		add	r3, r3, #2304
 1980 00d6 1946     		mov	r1, r3
 1981              		.loc 1 691 31
 1982 00d8 354B     		ldr	r3, .L99
 1983 00da 1340     		ands	r3, r3, r2
 1984 00dc 0B60     		str	r3, [r1]
 1985 00de 60E0     		b	.L96
 1986              	.L94:
 692:Drivers/STM32F4xx_HAL_Driver/Src/stm32f4xx_ll_usb.c ****                                    USB_OTG_DIEPCTL_MPSIZ |
 693:Drivers/STM32F4xx_HAL_Driver/Src/stm32f4xx_ll_usb.c ****                                    USB_OTG_DIEPCTL_TXFNUM |
 694:Drivers/STM32F4xx_HAL_Driver/Src/stm32f4xx_ll_usb.c ****                                    USB_OTG_DIEPCTL_SD0PID_SEVNFRM |
ARM GAS  /tmp/ccLxLv8v.s 			page 48


 695:Drivers/STM32F4xx_HAL_Driver/Src/stm32f4xx_ll_usb.c ****                                    USB_OTG_DIEPCTL_EPTYP);
 696:Drivers/STM32F4xx_HAL_Driver/Src/stm32f4xx_ll_usb.c ****   }
 697:Drivers/STM32F4xx_HAL_Driver/Src/stm32f4xx_ll_usb.c ****   else
 698:Drivers/STM32F4xx_HAL_Driver/Src/stm32f4xx_ll_usb.c ****   {
 699:Drivers/STM32F4xx_HAL_Driver/Src/stm32f4xx_ll_usb.c ****     if ((USBx_OUTEP(epnum)->DOEPCTL & USB_OTG_DOEPCTL_EPENA) == USB_OTG_DOEPCTL_EPENA)
 1987              		.loc 1 699 10
 1988 00e0 BB68     		ldr	r3, [r7, #8]
 1989 00e2 5A01     		lsls	r2, r3, #5
 1990 00e4 FB68     		ldr	r3, [r7, #12]
 1991 00e6 1344     		add	r3, r3, r2
 1992 00e8 03F53063 		add	r3, r3, #2816
 1993              		.loc 1 699 27
 1994 00ec 1B68     		ldr	r3, [r3]
 1995              		.loc 1 699 37
 1996 00ee 03F00043 		and	r3, r3, #-2147483648
 1997              		.loc 1 699 8
 1998 00f2 B3F1004F 		cmp	r3, #-2147483648
 1999 00f6 1FD1     		bne	.L97
 700:Drivers/STM32F4xx_HAL_Driver/Src/stm32f4xx_ll_usb.c ****     {
 701:Drivers/STM32F4xx_HAL_Driver/Src/stm32f4xx_ll_usb.c ****       USBx_OUTEP(epnum)->DOEPCTL |= USB_OTG_DOEPCTL_SNAK;
 2000              		.loc 1 701 24
 2001 00f8 BB68     		ldr	r3, [r7, #8]
 2002 00fa 5A01     		lsls	r2, r3, #5
 2003 00fc FB68     		ldr	r3, [r7, #12]
 2004 00fe 1344     		add	r3, r3, r2
 2005 0100 03F53063 		add	r3, r3, #2816
 2006 0104 1B68     		ldr	r3, [r3]
 2007 0106 BA68     		ldr	r2, [r7, #8]
 2008 0108 5101     		lsls	r1, r2, #5
 2009 010a FA68     		ldr	r2, [r7, #12]
 2010 010c 0A44     		add	r2, r2, r1
 2011 010e 02F53062 		add	r2, r2, #2816
 2012              		.loc 1 701 34
 2013 0112 43F00063 		orr	r3, r3, #134217728
 2014 0116 1360     		str	r3, [r2]
 702:Drivers/STM32F4xx_HAL_Driver/Src/stm32f4xx_ll_usb.c ****       USBx_OUTEP(epnum)->DOEPCTL |= USB_OTG_DOEPCTL_EPDIS;
 2015              		.loc 1 702 24
 2016 0118 BB68     		ldr	r3, [r7, #8]
 2017 011a 5A01     		lsls	r2, r3, #5
 2018 011c FB68     		ldr	r3, [r7, #12]
 2019 011e 1344     		add	r3, r3, r2
 2020 0120 03F53063 		add	r3, r3, #2816
 2021 0124 1B68     		ldr	r3, [r3]
 2022 0126 BA68     		ldr	r2, [r7, #8]
 2023 0128 5101     		lsls	r1, r2, #5
 2024 012a FA68     		ldr	r2, [r7, #12]
 2025 012c 0A44     		add	r2, r2, r1
 2026 012e 02F53062 		add	r2, r2, #2816
 2027              		.loc 1 702 34
 2028 0132 43F08043 		orr	r3, r3, #1073741824
 2029 0136 1360     		str	r3, [r2]
 2030              	.L97:
 703:Drivers/STM32F4xx_HAL_Driver/Src/stm32f4xx_ll_usb.c ****     }
 704:Drivers/STM32F4xx_HAL_Driver/Src/stm32f4xx_ll_usb.c **** 
 705:Drivers/STM32F4xx_HAL_Driver/Src/stm32f4xx_ll_usb.c ****     USBx_DEVICE->DEACHMSK &= ~(USB_OTG_DAINTMSK_OEPM & ((uint32_t)(1UL << (ep->num & EP_ADDR_MSK)) 
 2031              		.loc 1 705 16
 2032 0138 FB68     		ldr	r3, [r7, #12]
ARM GAS  /tmp/ccLxLv8v.s 			page 49


 2033 013a 03F50063 		add	r3, r3, #2048
 2034 013e DA6B     		ldr	r2, [r3, #60]
 2035              		.loc 1 705 78
 2036 0140 3B68     		ldr	r3, [r7]
 2037 0142 1B78     		ldrb	r3, [r3]	@ zero_extendqisi2
 2038              		.loc 1 705 84
 2039 0144 03F00F03 		and	r3, r3, #15
 2040              		.loc 1 705 57
 2041 0148 0121     		movs	r1, #1
 2042 014a 01FA03F3 		lsl	r3, r1, r3
 2043              		.loc 1 705 54
 2044 014e 1B04     		lsls	r3, r3, #16
 2045              		.loc 1 705 30
 2046 0150 DB43     		mvns	r3, r3
 2047              		.loc 1 705 16
 2048 0152 F968     		ldr	r1, [r7, #12]
 2049 0154 01F50061 		add	r1, r1, #2048
 2050              		.loc 1 705 27
 2051 0158 1340     		ands	r3, r3, r2
 2052 015a CB63     		str	r3, [r1, #60]
 706:Drivers/STM32F4xx_HAL_Driver/Src/stm32f4xx_ll_usb.c ****     USBx_DEVICE->DAINTMSK &= ~(USB_OTG_DAINTMSK_OEPM & ((uint32_t)(1UL << (ep->num & EP_ADDR_MSK)) 
 2053              		.loc 1 706 16
 2054 015c FB68     		ldr	r3, [r7, #12]
 2055 015e 03F50063 		add	r3, r3, #2048
 2056 0162 DA69     		ldr	r2, [r3, #28]
 2057              		.loc 1 706 78
 2058 0164 3B68     		ldr	r3, [r7]
 2059 0166 1B78     		ldrb	r3, [r3]	@ zero_extendqisi2
 2060              		.loc 1 706 84
 2061 0168 03F00F03 		and	r3, r3, #15
 2062              		.loc 1 706 57
 2063 016c 0121     		movs	r1, #1
 2064 016e 01FA03F3 		lsl	r3, r1, r3
 2065              		.loc 1 706 54
 2066 0172 1B04     		lsls	r3, r3, #16
 2067              		.loc 1 706 30
 2068 0174 DB43     		mvns	r3, r3
 2069              		.loc 1 706 16
 2070 0176 F968     		ldr	r1, [r7, #12]
 2071 0178 01F50061 		add	r1, r1, #2048
 2072              		.loc 1 706 27
 2073 017c 1340     		ands	r3, r3, r2
 2074 017e CB61     		str	r3, [r1, #28]
 707:Drivers/STM32F4xx_HAL_Driver/Src/stm32f4xx_ll_usb.c ****     USBx_OUTEP(epnum)->DOEPCTL &= ~(USB_OTG_DOEPCTL_USBAEP |
 2075              		.loc 1 707 22
 2076 0180 BB68     		ldr	r3, [r7, #8]
 2077 0182 5A01     		lsls	r2, r3, #5
 2078 0184 FB68     		ldr	r3, [r7, #12]
 2079 0186 1344     		add	r3, r3, r2
 2080 0188 03F53063 		add	r3, r3, #2816
 2081 018c 1A68     		ldr	r2, [r3]
 2082 018e BB68     		ldr	r3, [r7, #8]
 2083 0190 5901     		lsls	r1, r3, #5
 2084 0192 FB68     		ldr	r3, [r7, #12]
 2085 0194 0B44     		add	r3, r3, r1
 2086 0196 03F53063 		add	r3, r3, #2816
 2087 019a 1946     		mov	r1, r3
ARM GAS  /tmp/ccLxLv8v.s 			page 50


 2088              		.loc 1 707 32
 2089 019c 054B     		ldr	r3, .L99+4
 2090 019e 1340     		ands	r3, r3, r2
 2091 01a0 0B60     		str	r3, [r1]
 2092              	.L96:
 708:Drivers/STM32F4xx_HAL_Driver/Src/stm32f4xx_ll_usb.c ****                                     USB_OTG_DOEPCTL_MPSIZ |
 709:Drivers/STM32F4xx_HAL_Driver/Src/stm32f4xx_ll_usb.c ****                                     USB_OTG_DOEPCTL_SD0PID_SEVNFRM |
 710:Drivers/STM32F4xx_HAL_Driver/Src/stm32f4xx_ll_usb.c ****                                     USB_OTG_DOEPCTL_EPTYP);
 711:Drivers/STM32F4xx_HAL_Driver/Src/stm32f4xx_ll_usb.c ****   }
 712:Drivers/STM32F4xx_HAL_Driver/Src/stm32f4xx_ll_usb.c **** 
 713:Drivers/STM32F4xx_HAL_Driver/Src/stm32f4xx_ll_usb.c ****   return HAL_OK;
 2093              		.loc 1 713 10
 2094 01a2 0023     		movs	r3, #0
 714:Drivers/STM32F4xx_HAL_Driver/Src/stm32f4xx_ll_usb.c **** }
 2095              		.loc 1 714 1
 2096 01a4 1846     		mov	r0, r3
 2097 01a6 1437     		adds	r7, r7, #20
 2098              	.LCFI78:
 2099              		.cfi_def_cfa_offset 4
 2100 01a8 BD46     		mov	sp, r7
 2101              	.LCFI79:
 2102              		.cfi_def_cfa_register 13
 2103              		@ sp needed
 2104 01aa 80BC     		pop	{r7}
 2105              	.LCFI80:
 2106              		.cfi_restore 7
 2107              		.cfi_def_cfa_offset 0
 2108 01ac 7047     		bx	lr
 2109              	.L100:
 2110 01ae 00BF     		.align	2
 2111              	.L99:
 2112 01b0 007833EC 		.word	-332171264
 2113 01b4 0078F3EF 		.word	-269256704
 2114              		.cfi_endproc
 2115              	.LFE232:
 2117              		.section	.text.USB_DeactivateDedicatedEndpoint,"ax",%progbits
 2118              		.align	1
 2119              		.global	USB_DeactivateDedicatedEndpoint
 2120              		.syntax unified
 2121              		.thumb
 2122              		.thumb_func
 2124              	USB_DeactivateDedicatedEndpoint:
 2125              	.LFB233:
 715:Drivers/STM32F4xx_HAL_Driver/Src/stm32f4xx_ll_usb.c **** 
 716:Drivers/STM32F4xx_HAL_Driver/Src/stm32f4xx_ll_usb.c **** /**
 717:Drivers/STM32F4xx_HAL_Driver/Src/stm32f4xx_ll_usb.c ****   * @brief  De-activate and de-initialize a dedicated endpoint
 718:Drivers/STM32F4xx_HAL_Driver/Src/stm32f4xx_ll_usb.c ****   * @param  USBx  Selected device
 719:Drivers/STM32F4xx_HAL_Driver/Src/stm32f4xx_ll_usb.c ****   * @param  ep pointer to endpoint structure
 720:Drivers/STM32F4xx_HAL_Driver/Src/stm32f4xx_ll_usb.c ****   * @retval HAL status
 721:Drivers/STM32F4xx_HAL_Driver/Src/stm32f4xx_ll_usb.c ****   */
 722:Drivers/STM32F4xx_HAL_Driver/Src/stm32f4xx_ll_usb.c **** HAL_StatusTypeDef USB_DeactivateDedicatedEndpoint(const USB_OTG_GlobalTypeDef *USBx, const USB_OTG_
 723:Drivers/STM32F4xx_HAL_Driver/Src/stm32f4xx_ll_usb.c **** {
 2126              		.loc 1 723 1
 2127              		.cfi_startproc
 2128              		@ args = 0, pretend = 0, frame = 16
 2129              		@ frame_needed = 1, uses_anonymous_args = 0
 2130              		@ link register save eliminated.
ARM GAS  /tmp/ccLxLv8v.s 			page 51


 2131 0000 80B4     		push	{r7}
 2132              	.LCFI81:
 2133              		.cfi_def_cfa_offset 4
 2134              		.cfi_offset 7, -4
 2135 0002 85B0     		sub	sp, sp, #20
 2136              	.LCFI82:
 2137              		.cfi_def_cfa_offset 24
 2138 0004 00AF     		add	r7, sp, #0
 2139              	.LCFI83:
 2140              		.cfi_def_cfa_register 7
 2141 0006 7860     		str	r0, [r7, #4]
 2142 0008 3960     		str	r1, [r7]
 724:Drivers/STM32F4xx_HAL_Driver/Src/stm32f4xx_ll_usb.c ****   uint32_t USBx_BASE = (uint32_t)USBx;
 2143              		.loc 1 724 12
 2144 000a 7B68     		ldr	r3, [r7, #4]
 2145 000c FB60     		str	r3, [r7, #12]
 725:Drivers/STM32F4xx_HAL_Driver/Src/stm32f4xx_ll_usb.c ****   uint32_t epnum = (uint32_t)ep->num;
 2146              		.loc 1 725 32
 2147 000e 3B68     		ldr	r3, [r7]
 2148 0010 1B78     		ldrb	r3, [r3]	@ zero_extendqisi2
 2149              		.loc 1 725 12
 2150 0012 BB60     		str	r3, [r7, #8]
 726:Drivers/STM32F4xx_HAL_Driver/Src/stm32f4xx_ll_usb.c **** 
 727:Drivers/STM32F4xx_HAL_Driver/Src/stm32f4xx_ll_usb.c ****   /* Read DEPCTLn register */
 728:Drivers/STM32F4xx_HAL_Driver/Src/stm32f4xx_ll_usb.c ****   if (ep->is_in == 1U)
 2151              		.loc 1 728 9
 2152 0014 3B68     		ldr	r3, [r7]
 2153 0016 5B78     		ldrb	r3, [r3, #1]	@ zero_extendqisi2
 2154              		.loc 1 728 6
 2155 0018 012B     		cmp	r3, #1
 2156 001a 4ED1     		bne	.L102
 729:Drivers/STM32F4xx_HAL_Driver/Src/stm32f4xx_ll_usb.c ****   {
 730:Drivers/STM32F4xx_HAL_Driver/Src/stm32f4xx_ll_usb.c ****     if ((USBx_INEP(epnum)->DIEPCTL & USB_OTG_DIEPCTL_EPENA) == USB_OTG_DIEPCTL_EPENA)
 2157              		.loc 1 730 10
 2158 001c BB68     		ldr	r3, [r7, #8]
 2159 001e 5A01     		lsls	r2, r3, #5
 2160 0020 FB68     		ldr	r3, [r7, #12]
 2161 0022 1344     		add	r3, r3, r2
 2162 0024 03F51063 		add	r3, r3, #2304
 2163              		.loc 1 730 26
 2164 0028 1B68     		ldr	r3, [r3]
 2165              		.loc 1 730 36
 2166 002a 03F00043 		and	r3, r3, #-2147483648
 2167              		.loc 1 730 8
 2168 002e B3F1004F 		cmp	r3, #-2147483648
 2169 0032 1FD1     		bne	.L103
 731:Drivers/STM32F4xx_HAL_Driver/Src/stm32f4xx_ll_usb.c ****     {
 732:Drivers/STM32F4xx_HAL_Driver/Src/stm32f4xx_ll_usb.c ****       USBx_INEP(epnum)->DIEPCTL  |= USB_OTG_DIEPCTL_SNAK;
 2170              		.loc 1 732 23
 2171 0034 BB68     		ldr	r3, [r7, #8]
 2172 0036 5A01     		lsls	r2, r3, #5
 2173 0038 FB68     		ldr	r3, [r7, #12]
 2174 003a 1344     		add	r3, r3, r2
 2175 003c 03F51063 		add	r3, r3, #2304
 2176 0040 1B68     		ldr	r3, [r3]
 2177 0042 BA68     		ldr	r2, [r7, #8]
 2178 0044 5101     		lsls	r1, r2, #5
ARM GAS  /tmp/ccLxLv8v.s 			page 52


 2179 0046 FA68     		ldr	r2, [r7, #12]
 2180 0048 0A44     		add	r2, r2, r1
 2181 004a 02F51062 		add	r2, r2, #2304
 2182              		.loc 1 732 34
 2183 004e 43F00063 		orr	r3, r3, #134217728
 2184 0052 1360     		str	r3, [r2]
 733:Drivers/STM32F4xx_HAL_Driver/Src/stm32f4xx_ll_usb.c ****       USBx_INEP(epnum)->DIEPCTL  |= USB_OTG_DIEPCTL_EPDIS;
 2185              		.loc 1 733 23
 2186 0054 BB68     		ldr	r3, [r7, #8]
 2187 0056 5A01     		lsls	r2, r3, #5
 2188 0058 FB68     		ldr	r3, [r7, #12]
 2189 005a 1344     		add	r3, r3, r2
 2190 005c 03F51063 		add	r3, r3, #2304
 2191 0060 1B68     		ldr	r3, [r3]
 2192 0062 BA68     		ldr	r2, [r7, #8]
 2193 0064 5101     		lsls	r1, r2, #5
 2194 0066 FA68     		ldr	r2, [r7, #12]
 2195 0068 0A44     		add	r2, r2, r1
 2196 006a 02F51062 		add	r2, r2, #2304
 2197              		.loc 1 733 34
 2198 006e 43F08043 		orr	r3, r3, #1073741824
 2199 0072 1360     		str	r3, [r2]
 2200              	.L103:
 734:Drivers/STM32F4xx_HAL_Driver/Src/stm32f4xx_ll_usb.c ****     }
 735:Drivers/STM32F4xx_HAL_Driver/Src/stm32f4xx_ll_usb.c **** 
 736:Drivers/STM32F4xx_HAL_Driver/Src/stm32f4xx_ll_usb.c ****     USBx_INEP(epnum)->DIEPCTL &= ~ USB_OTG_DIEPCTL_USBAEP;
 2201              		.loc 1 736 21
 2202 0074 BB68     		ldr	r3, [r7, #8]
 2203 0076 5A01     		lsls	r2, r3, #5
 2204 0078 FB68     		ldr	r3, [r7, #12]
 2205 007a 1344     		add	r3, r3, r2
 2206 007c 03F51063 		add	r3, r3, #2304
 2207 0080 1B68     		ldr	r3, [r3]
 2208 0082 BA68     		ldr	r2, [r7, #8]
 2209 0084 5101     		lsls	r1, r2, #5
 2210 0086 FA68     		ldr	r2, [r7, #12]
 2211 0088 0A44     		add	r2, r2, r1
 2212 008a 02F51062 		add	r2, r2, #2304
 2213              		.loc 1 736 31
 2214 008e 23F40043 		bic	r3, r3, #32768
 2215 0092 1360     		str	r3, [r2]
 737:Drivers/STM32F4xx_HAL_Driver/Src/stm32f4xx_ll_usb.c ****     USBx_DEVICE->DAINTMSK &= ~(USB_OTG_DAINTMSK_IEPM & (uint32_t)(1UL << (ep->num & EP_ADDR_MSK)));
 2216              		.loc 1 737 16
 2217 0094 FB68     		ldr	r3, [r7, #12]
 2218 0096 03F50063 		add	r3, r3, #2048
 2219 009a DA69     		ldr	r2, [r3, #28]
 2220              		.loc 1 737 77
 2221 009c 3B68     		ldr	r3, [r7]
 2222 009e 1B78     		ldrb	r3, [r3]	@ zero_extendqisi2
 2223              		.loc 1 737 83
 2224 00a0 03F00F03 		and	r3, r3, #15
 2225              		.loc 1 737 56
 2226 00a4 0121     		movs	r1, #1
 2227 00a6 01FA03F3 		lsl	r3, r1, r3
 2228              		.loc 1 737 54
 2229 00aa 9BB2     		uxth	r3, r3
 2230              		.loc 1 737 30
ARM GAS  /tmp/ccLxLv8v.s 			page 53


 2231 00ac DB43     		mvns	r3, r3
 2232              		.loc 1 737 16
 2233 00ae F968     		ldr	r1, [r7, #12]
 2234 00b0 01F50061 		add	r1, r1, #2048
 2235              		.loc 1 737 27
 2236 00b4 1340     		ands	r3, r3, r2
 2237 00b6 CB61     		str	r3, [r1, #28]
 2238 00b8 4DE0     		b	.L104
 2239              	.L102:
 738:Drivers/STM32F4xx_HAL_Driver/Src/stm32f4xx_ll_usb.c ****   }
 739:Drivers/STM32F4xx_HAL_Driver/Src/stm32f4xx_ll_usb.c ****   else
 740:Drivers/STM32F4xx_HAL_Driver/Src/stm32f4xx_ll_usb.c ****   {
 741:Drivers/STM32F4xx_HAL_Driver/Src/stm32f4xx_ll_usb.c ****     if ((USBx_OUTEP(epnum)->DOEPCTL & USB_OTG_DOEPCTL_EPENA) == USB_OTG_DOEPCTL_EPENA)
 2240              		.loc 1 741 10
 2241 00ba BB68     		ldr	r3, [r7, #8]
 2242 00bc 5A01     		lsls	r2, r3, #5
 2243 00be FB68     		ldr	r3, [r7, #12]
 2244 00c0 1344     		add	r3, r3, r2
 2245 00c2 03F53063 		add	r3, r3, #2816
 2246              		.loc 1 741 27
 2247 00c6 1B68     		ldr	r3, [r3]
 2248              		.loc 1 741 37
 2249 00c8 03F00043 		and	r3, r3, #-2147483648
 2250              		.loc 1 741 8
 2251 00cc B3F1004F 		cmp	r3, #-2147483648
 2252 00d0 1FD1     		bne	.L105
 742:Drivers/STM32F4xx_HAL_Driver/Src/stm32f4xx_ll_usb.c ****     {
 743:Drivers/STM32F4xx_HAL_Driver/Src/stm32f4xx_ll_usb.c ****       USBx_OUTEP(epnum)->DOEPCTL  |= USB_OTG_DOEPCTL_SNAK;
 2253              		.loc 1 743 24
 2254 00d2 BB68     		ldr	r3, [r7, #8]
 2255 00d4 5A01     		lsls	r2, r3, #5
 2256 00d6 FB68     		ldr	r3, [r7, #12]
 2257 00d8 1344     		add	r3, r3, r2
 2258 00da 03F53063 		add	r3, r3, #2816
 2259 00de 1B68     		ldr	r3, [r3]
 2260 00e0 BA68     		ldr	r2, [r7, #8]
 2261 00e2 5101     		lsls	r1, r2, #5
 2262 00e4 FA68     		ldr	r2, [r7, #12]
 2263 00e6 0A44     		add	r2, r2, r1
 2264 00e8 02F53062 		add	r2, r2, #2816
 2265              		.loc 1 743 35
 2266 00ec 43F00063 		orr	r3, r3, #134217728
 2267 00f0 1360     		str	r3, [r2]
 744:Drivers/STM32F4xx_HAL_Driver/Src/stm32f4xx_ll_usb.c ****       USBx_OUTEP(epnum)->DOEPCTL  |= USB_OTG_DOEPCTL_EPDIS;
 2268              		.loc 1 744 24
 2269 00f2 BB68     		ldr	r3, [r7, #8]
 2270 00f4 5A01     		lsls	r2, r3, #5
 2271 00f6 FB68     		ldr	r3, [r7, #12]
 2272 00f8 1344     		add	r3, r3, r2
 2273 00fa 03F53063 		add	r3, r3, #2816
 2274 00fe 1B68     		ldr	r3, [r3]
 2275 0100 BA68     		ldr	r2, [r7, #8]
 2276 0102 5101     		lsls	r1, r2, #5
 2277 0104 FA68     		ldr	r2, [r7, #12]
 2278 0106 0A44     		add	r2, r2, r1
 2279 0108 02F53062 		add	r2, r2, #2816
 2280              		.loc 1 744 35
ARM GAS  /tmp/ccLxLv8v.s 			page 54


 2281 010c 43F08043 		orr	r3, r3, #1073741824
 2282 0110 1360     		str	r3, [r2]
 2283              	.L105:
 745:Drivers/STM32F4xx_HAL_Driver/Src/stm32f4xx_ll_usb.c ****     }
 746:Drivers/STM32F4xx_HAL_Driver/Src/stm32f4xx_ll_usb.c **** 
 747:Drivers/STM32F4xx_HAL_Driver/Src/stm32f4xx_ll_usb.c ****     USBx_OUTEP(epnum)->DOEPCTL &= ~USB_OTG_DOEPCTL_USBAEP;
 2284              		.loc 1 747 22
 2285 0112 BB68     		ldr	r3, [r7, #8]
 2286 0114 5A01     		lsls	r2, r3, #5
 2287 0116 FB68     		ldr	r3, [r7, #12]
 2288 0118 1344     		add	r3, r3, r2
 2289 011a 03F53063 		add	r3, r3, #2816
 2290 011e 1B68     		ldr	r3, [r3]
 2291 0120 BA68     		ldr	r2, [r7, #8]
 2292 0122 5101     		lsls	r1, r2, #5
 2293 0124 FA68     		ldr	r2, [r7, #12]
 2294 0126 0A44     		add	r2, r2, r1
 2295 0128 02F53062 		add	r2, r2, #2816
 2296              		.loc 1 747 32
 2297 012c 23F40043 		bic	r3, r3, #32768
 2298 0130 1360     		str	r3, [r2]
 748:Drivers/STM32F4xx_HAL_Driver/Src/stm32f4xx_ll_usb.c ****     USBx_DEVICE->DAINTMSK &= ~(USB_OTG_DAINTMSK_OEPM & ((uint32_t)(1UL << (ep->num & EP_ADDR_MSK)) 
 2299              		.loc 1 748 16
 2300 0132 FB68     		ldr	r3, [r7, #12]
 2301 0134 03F50063 		add	r3, r3, #2048
 2302 0138 DA69     		ldr	r2, [r3, #28]
 2303              		.loc 1 748 78
 2304 013a 3B68     		ldr	r3, [r7]
 2305 013c 1B78     		ldrb	r3, [r3]	@ zero_extendqisi2
 2306              		.loc 1 748 84
 2307 013e 03F00F03 		and	r3, r3, #15
 2308              		.loc 1 748 57
 2309 0142 0121     		movs	r1, #1
 2310 0144 01FA03F3 		lsl	r3, r1, r3
 2311              		.loc 1 748 54
 2312 0148 1B04     		lsls	r3, r3, #16
 2313              		.loc 1 748 30
 2314 014a DB43     		mvns	r3, r3
 2315              		.loc 1 748 16
 2316 014c F968     		ldr	r1, [r7, #12]
 2317 014e 01F50061 		add	r1, r1, #2048
 2318              		.loc 1 748 27
 2319 0152 1340     		ands	r3, r3, r2
 2320 0154 CB61     		str	r3, [r1, #28]
 2321              	.L104:
 749:Drivers/STM32F4xx_HAL_Driver/Src/stm32f4xx_ll_usb.c ****   }
 750:Drivers/STM32F4xx_HAL_Driver/Src/stm32f4xx_ll_usb.c **** 
 751:Drivers/STM32F4xx_HAL_Driver/Src/stm32f4xx_ll_usb.c ****   return HAL_OK;
 2322              		.loc 1 751 10
 2323 0156 0023     		movs	r3, #0
 752:Drivers/STM32F4xx_HAL_Driver/Src/stm32f4xx_ll_usb.c **** }
 2324              		.loc 1 752 1
 2325 0158 1846     		mov	r0, r3
 2326 015a 1437     		adds	r7, r7, #20
 2327              	.LCFI84:
 2328              		.cfi_def_cfa_offset 4
 2329 015c BD46     		mov	sp, r7
ARM GAS  /tmp/ccLxLv8v.s 			page 55


 2330              	.LCFI85:
 2331              		.cfi_def_cfa_register 13
 2332              		@ sp needed
 2333 015e 80BC     		pop	{r7}
 2334              	.LCFI86:
 2335              		.cfi_restore 7
 2336              		.cfi_def_cfa_offset 0
 2337 0160 7047     		bx	lr
 2338              		.cfi_endproc
 2339              	.LFE233:
 2341              		.section	.text.USB_EPStartXfer,"ax",%progbits
 2342              		.align	1
 2343              		.global	USB_EPStartXfer
 2344              		.syntax unified
 2345              		.thumb
 2346              		.thumb_func
 2348              	USB_EPStartXfer:
 2349              	.LFB234:
 753:Drivers/STM32F4xx_HAL_Driver/Src/stm32f4xx_ll_usb.c **** 
 754:Drivers/STM32F4xx_HAL_Driver/Src/stm32f4xx_ll_usb.c **** /**
 755:Drivers/STM32F4xx_HAL_Driver/Src/stm32f4xx_ll_usb.c ****   * @brief  USB_EPStartXfer : setup and starts a transfer over an EP
 756:Drivers/STM32F4xx_HAL_Driver/Src/stm32f4xx_ll_usb.c ****   * @param  USBx  Selected device
 757:Drivers/STM32F4xx_HAL_Driver/Src/stm32f4xx_ll_usb.c ****   * @param  ep pointer to endpoint structure
 758:Drivers/STM32F4xx_HAL_Driver/Src/stm32f4xx_ll_usb.c ****   * @param  dma USB dma enabled or disabled
 759:Drivers/STM32F4xx_HAL_Driver/Src/stm32f4xx_ll_usb.c ****   *          This parameter can be one of these values:
 760:Drivers/STM32F4xx_HAL_Driver/Src/stm32f4xx_ll_usb.c ****   *           0 : DMA feature not used
 761:Drivers/STM32F4xx_HAL_Driver/Src/stm32f4xx_ll_usb.c ****   *           1 : DMA feature used
 762:Drivers/STM32F4xx_HAL_Driver/Src/stm32f4xx_ll_usb.c ****   * @retval HAL status
 763:Drivers/STM32F4xx_HAL_Driver/Src/stm32f4xx_ll_usb.c ****   */
 764:Drivers/STM32F4xx_HAL_Driver/Src/stm32f4xx_ll_usb.c **** HAL_StatusTypeDef USB_EPStartXfer(USB_OTG_GlobalTypeDef *USBx, USB_OTG_EPTypeDef *ep, uint8_t dma)
 765:Drivers/STM32F4xx_HAL_Driver/Src/stm32f4xx_ll_usb.c **** {
 2350              		.loc 1 765 1
 2351              		.cfi_startproc
 2352              		@ args = 0, pretend = 0, frame = 32
 2353              		@ frame_needed = 1, uses_anonymous_args = 0
 2354 0000 80B5     		push	{r7, lr}
 2355              	.LCFI87:
 2356              		.cfi_def_cfa_offset 8
 2357              		.cfi_offset 7, -8
 2358              		.cfi_offset 14, -4
 2359 0002 8AB0     		sub	sp, sp, #40
 2360              	.LCFI88:
 2361              		.cfi_def_cfa_offset 48
 2362 0004 02AF     		add	r7, sp, #8
 2363              	.LCFI89:
 2364              		.cfi_def_cfa 7, 40
 2365 0006 F860     		str	r0, [r7, #12]
 2366 0008 B960     		str	r1, [r7, #8]
 2367 000a 1346     		mov	r3, r2
 2368 000c FB71     		strb	r3, [r7, #7]
 766:Drivers/STM32F4xx_HAL_Driver/Src/stm32f4xx_ll_usb.c ****   uint32_t USBx_BASE = (uint32_t)USBx;
 2369              		.loc 1 766 12
 2370 000e FB68     		ldr	r3, [r7, #12]
 2371 0010 FB61     		str	r3, [r7, #28]
 767:Drivers/STM32F4xx_HAL_Driver/Src/stm32f4xx_ll_usb.c ****   uint32_t epnum = (uint32_t)ep->num;
 2372              		.loc 1 767 32
 2373 0012 BB68     		ldr	r3, [r7, #8]
ARM GAS  /tmp/ccLxLv8v.s 			page 56


 2374 0014 1B78     		ldrb	r3, [r3]	@ zero_extendqisi2
 2375              		.loc 1 767 12
 2376 0016 BB61     		str	r3, [r7, #24]
 768:Drivers/STM32F4xx_HAL_Driver/Src/stm32f4xx_ll_usb.c ****   uint16_t pktcnt;
 769:Drivers/STM32F4xx_HAL_Driver/Src/stm32f4xx_ll_usb.c **** 
 770:Drivers/STM32F4xx_HAL_Driver/Src/stm32f4xx_ll_usb.c ****   /* IN endpoint */
 771:Drivers/STM32F4xx_HAL_Driver/Src/stm32f4xx_ll_usb.c ****   if (ep->is_in == 1U)
 2377              		.loc 1 771 9
 2378 0018 BB68     		ldr	r3, [r7, #8]
 2379 001a 5B78     		ldrb	r3, [r3, #1]	@ zero_extendqisi2
 2380              		.loc 1 771 6
 2381 001c 012B     		cmp	r3, #1
 2382 001e 40F07F81 		bne	.L108
 772:Drivers/STM32F4xx_HAL_Driver/Src/stm32f4xx_ll_usb.c ****   {
 773:Drivers/STM32F4xx_HAL_Driver/Src/stm32f4xx_ll_usb.c ****     /* Zero Length Packet? */
 774:Drivers/STM32F4xx_HAL_Driver/Src/stm32f4xx_ll_usb.c ****     if (ep->xfer_len == 0U)
 2383              		.loc 1 774 11
 2384 0022 BB68     		ldr	r3, [r7, #8]
 2385 0024 1B69     		ldr	r3, [r3, #16]
 2386              		.loc 1 774 8
 2387 0026 002B     		cmp	r3, #0
 2388 0028 32D1     		bne	.L109
 775:Drivers/STM32F4xx_HAL_Driver/Src/stm32f4xx_ll_usb.c ****     {
 776:Drivers/STM32F4xx_HAL_Driver/Src/stm32f4xx_ll_usb.c ****       USBx_INEP(epnum)->DIEPTSIZ &= ~(USB_OTG_DIEPTSIZ_PKTCNT);
 2389              		.loc 1 776 23
 2390 002a BB69     		ldr	r3, [r7, #24]
 2391 002c 5A01     		lsls	r2, r3, #5
 2392 002e FB69     		ldr	r3, [r7, #28]
 2393 0030 1344     		add	r3, r3, r2
 2394 0032 03F51063 		add	r3, r3, #2304
 2395 0036 1B69     		ldr	r3, [r3, #16]
 2396 0038 BA69     		ldr	r2, [r7, #24]
 2397 003a 5101     		lsls	r1, r2, #5
 2398 003c FA69     		ldr	r2, [r7, #28]
 2399 003e 0A44     		add	r2, r2, r1
 2400 0040 02F51062 		add	r2, r2, #2304
 2401              		.loc 1 776 34
 2402 0044 23F0FF53 		bic	r3, r3, #534773760
 2403 0048 23F4C013 		bic	r3, r3, #1572864
 2404 004c 1361     		str	r3, [r2, #16]
 777:Drivers/STM32F4xx_HAL_Driver/Src/stm32f4xx_ll_usb.c ****       USBx_INEP(epnum)->DIEPTSIZ |= (USB_OTG_DIEPTSIZ_PKTCNT & (1U << 19));
 2405              		.loc 1 777 23
 2406 004e BB69     		ldr	r3, [r7, #24]
 2407 0050 5A01     		lsls	r2, r3, #5
 2408 0052 FB69     		ldr	r3, [r7, #28]
 2409 0054 1344     		add	r3, r3, r2
 2410 0056 03F51063 		add	r3, r3, #2304
 2411 005a 1B69     		ldr	r3, [r3, #16]
 2412 005c BA69     		ldr	r2, [r7, #24]
 2413 005e 5101     		lsls	r1, r2, #5
 2414 0060 FA69     		ldr	r2, [r7, #28]
 2415 0062 0A44     		add	r2, r2, r1
 2416 0064 02F51062 		add	r2, r2, #2304
 2417              		.loc 1 777 34
 2418 0068 43F40023 		orr	r3, r3, #524288
 2419 006c 1361     		str	r3, [r2, #16]
 778:Drivers/STM32F4xx_HAL_Driver/Src/stm32f4xx_ll_usb.c ****       USBx_INEP(epnum)->DIEPTSIZ &= ~(USB_OTG_DIEPTSIZ_XFRSIZ);
ARM GAS  /tmp/ccLxLv8v.s 			page 57


 2420              		.loc 1 778 23
 2421 006e BB69     		ldr	r3, [r7, #24]
 2422 0070 5A01     		lsls	r2, r3, #5
 2423 0072 FB69     		ldr	r3, [r7, #28]
 2424 0074 1344     		add	r3, r3, r2
 2425 0076 03F51063 		add	r3, r3, #2304
 2426 007a 1B69     		ldr	r3, [r3, #16]
 2427 007c BA69     		ldr	r2, [r7, #24]
 2428 007e 5101     		lsls	r1, r2, #5
 2429 0080 FA69     		ldr	r2, [r7, #28]
 2430 0082 0A44     		add	r2, r2, r1
 2431 0084 02F51062 		add	r2, r2, #2304
 2432              		.loc 1 778 34
 2433 0088 DB0C     		lsrs	r3, r3, #19
 2434 008a DB04     		lsls	r3, r3, #19
 2435 008c 1361     		str	r3, [r2, #16]
 2436 008e 97E0     		b	.L110
 2437              	.L109:
 779:Drivers/STM32F4xx_HAL_Driver/Src/stm32f4xx_ll_usb.c ****     }
 780:Drivers/STM32F4xx_HAL_Driver/Src/stm32f4xx_ll_usb.c ****     else
 781:Drivers/STM32F4xx_HAL_Driver/Src/stm32f4xx_ll_usb.c ****     {
 782:Drivers/STM32F4xx_HAL_Driver/Src/stm32f4xx_ll_usb.c ****       /* Program the transfer size and packet count
 783:Drivers/STM32F4xx_HAL_Driver/Src/stm32f4xx_ll_usb.c ****       * as follows: xfersize = N * maxpacket +
 784:Drivers/STM32F4xx_HAL_Driver/Src/stm32f4xx_ll_usb.c ****       * short_packet pktcnt = N + (short_packet
 785:Drivers/STM32F4xx_HAL_Driver/Src/stm32f4xx_ll_usb.c ****       * exist ? 1 : 0)
 786:Drivers/STM32F4xx_HAL_Driver/Src/stm32f4xx_ll_usb.c ****       */
 787:Drivers/STM32F4xx_HAL_Driver/Src/stm32f4xx_ll_usb.c ****       USBx_INEP(epnum)->DIEPTSIZ &= ~(USB_OTG_DIEPTSIZ_XFRSIZ);
 2438              		.loc 1 787 23
 2439 0090 BB69     		ldr	r3, [r7, #24]
 2440 0092 5A01     		lsls	r2, r3, #5
 2441 0094 FB69     		ldr	r3, [r7, #28]
 2442 0096 1344     		add	r3, r3, r2
 2443 0098 03F51063 		add	r3, r3, #2304
 2444 009c 1B69     		ldr	r3, [r3, #16]
 2445 009e BA69     		ldr	r2, [r7, #24]
 2446 00a0 5101     		lsls	r1, r2, #5
 2447 00a2 FA69     		ldr	r2, [r7, #28]
 2448 00a4 0A44     		add	r2, r2, r1
 2449 00a6 02F51062 		add	r2, r2, #2304
 2450              		.loc 1 787 34
 2451 00aa DB0C     		lsrs	r3, r3, #19
 2452 00ac DB04     		lsls	r3, r3, #19
 2453 00ae 1361     		str	r3, [r2, #16]
 788:Drivers/STM32F4xx_HAL_Driver/Src/stm32f4xx_ll_usb.c ****       USBx_INEP(epnum)->DIEPTSIZ &= ~(USB_OTG_DIEPTSIZ_PKTCNT);
 2454              		.loc 1 788 23
 2455 00b0 BB69     		ldr	r3, [r7, #24]
 2456 00b2 5A01     		lsls	r2, r3, #5
 2457 00b4 FB69     		ldr	r3, [r7, #28]
 2458 00b6 1344     		add	r3, r3, r2
 2459 00b8 03F51063 		add	r3, r3, #2304
 2460 00bc 1B69     		ldr	r3, [r3, #16]
 2461 00be BA69     		ldr	r2, [r7, #24]
 2462 00c0 5101     		lsls	r1, r2, #5
 2463 00c2 FA69     		ldr	r2, [r7, #28]
 2464 00c4 0A44     		add	r2, r2, r1
 2465 00c6 02F51062 		add	r2, r2, #2304
 2466              		.loc 1 788 34
ARM GAS  /tmp/ccLxLv8v.s 			page 58


 2467 00ca 23F0FF53 		bic	r3, r3, #534773760
 2468 00ce 23F4C013 		bic	r3, r3, #1572864
 2469 00d2 1361     		str	r3, [r2, #16]
 789:Drivers/STM32F4xx_HAL_Driver/Src/stm32f4xx_ll_usb.c **** 
 790:Drivers/STM32F4xx_HAL_Driver/Src/stm32f4xx_ll_usb.c ****       if (epnum == 0U)
 2470              		.loc 1 790 10
 2471 00d4 BB69     		ldr	r3, [r7, #24]
 2472 00d6 002B     		cmp	r3, #0
 2473 00d8 1AD1     		bne	.L111
 791:Drivers/STM32F4xx_HAL_Driver/Src/stm32f4xx_ll_usb.c ****       {
 792:Drivers/STM32F4xx_HAL_Driver/Src/stm32f4xx_ll_usb.c ****         if (ep->xfer_len > ep->maxpacket)
 2474              		.loc 1 792 15
 2475 00da BB68     		ldr	r3, [r7, #8]
 2476 00dc 1A69     		ldr	r2, [r3, #16]
 2477              		.loc 1 792 30
 2478 00de BB68     		ldr	r3, [r7, #8]
 2479 00e0 9B68     		ldr	r3, [r3, #8]
 2480              		.loc 1 792 12
 2481 00e2 9A42     		cmp	r2, r3
 2482 00e4 03D9     		bls	.L112
 793:Drivers/STM32F4xx_HAL_Driver/Src/stm32f4xx_ll_usb.c ****         {
 794:Drivers/STM32F4xx_HAL_Driver/Src/stm32f4xx_ll_usb.c ****           ep->xfer_len = ep->maxpacket;
 2483              		.loc 1 794 28
 2484 00e6 BB68     		ldr	r3, [r7, #8]
 2485 00e8 9A68     		ldr	r2, [r3, #8]
 2486              		.loc 1 794 24
 2487 00ea BB68     		ldr	r3, [r7, #8]
 2488 00ec 1A61     		str	r2, [r3, #16]
 2489              	.L112:
 795:Drivers/STM32F4xx_HAL_Driver/Src/stm32f4xx_ll_usb.c ****         }
 796:Drivers/STM32F4xx_HAL_Driver/Src/stm32f4xx_ll_usb.c **** 
 797:Drivers/STM32F4xx_HAL_Driver/Src/stm32f4xx_ll_usb.c ****         USBx_INEP(epnum)->DIEPTSIZ |= (USB_OTG_DIEPTSIZ_PKTCNT & (1U << 19));
 2490              		.loc 1 797 25
 2491 00ee BB69     		ldr	r3, [r7, #24]
 2492 00f0 5A01     		lsls	r2, r3, #5
 2493 00f2 FB69     		ldr	r3, [r7, #28]
 2494 00f4 1344     		add	r3, r3, r2
 2495 00f6 03F51063 		add	r3, r3, #2304
 2496 00fa 1B69     		ldr	r3, [r3, #16]
 2497 00fc BA69     		ldr	r2, [r7, #24]
 2498 00fe 5101     		lsls	r1, r2, #5
 2499 0100 FA69     		ldr	r2, [r7, #28]
 2500 0102 0A44     		add	r2, r2, r1
 2501 0104 02F51062 		add	r2, r2, #2304
 2502              		.loc 1 797 36
 2503 0108 43F40023 		orr	r3, r3, #524288
 2504 010c 1361     		str	r3, [r2, #16]
 2505 010e 44E0     		b	.L113
 2506              	.L111:
 798:Drivers/STM32F4xx_HAL_Driver/Src/stm32f4xx_ll_usb.c ****       }
 799:Drivers/STM32F4xx_HAL_Driver/Src/stm32f4xx_ll_usb.c ****       else
 800:Drivers/STM32F4xx_HAL_Driver/Src/stm32f4xx_ll_usb.c ****       {
 801:Drivers/STM32F4xx_HAL_Driver/Src/stm32f4xx_ll_usb.c ****         pktcnt = (uint16_t)((ep->xfer_len + ep->maxpacket - 1U) / ep->maxpacket);
 2507              		.loc 1 801 32
 2508 0110 BB68     		ldr	r3, [r7, #8]
 2509 0112 1A69     		ldr	r2, [r3, #16]
 2510              		.loc 1 801 47
ARM GAS  /tmp/ccLxLv8v.s 			page 59


 2511 0114 BB68     		ldr	r3, [r7, #8]
 2512 0116 9B68     		ldr	r3, [r3, #8]
 2513              		.loc 1 801 43
 2514 0118 1344     		add	r3, r3, r2
 2515              		.loc 1 801 59
 2516 011a 5A1E     		subs	r2, r3, #1
 2517              		.loc 1 801 69
 2518 011c BB68     		ldr	r3, [r7, #8]
 2519 011e 9B68     		ldr	r3, [r3, #8]
 2520              		.loc 1 801 65
 2521 0120 B2FBF3F3 		udiv	r3, r2, r3
 2522              		.loc 1 801 16
 2523 0124 FB82     		strh	r3, [r7, #22]	@ movhi
 802:Drivers/STM32F4xx_HAL_Driver/Src/stm32f4xx_ll_usb.c ****         USBx_INEP(epnum)->DIEPTSIZ |= (USB_OTG_DIEPTSIZ_PKTCNT & (pktcnt << 19));
 2524              		.loc 1 802 25
 2525 0126 BB69     		ldr	r3, [r7, #24]
 2526 0128 5A01     		lsls	r2, r3, #5
 2527 012a FB69     		ldr	r3, [r7, #28]
 2528 012c 1344     		add	r3, r3, r2
 2529 012e 03F51063 		add	r3, r3, #2304
 2530 0132 1A69     		ldr	r2, [r3, #16]
 2531              		.loc 1 802 74
 2532 0134 FB8A     		ldrh	r3, [r7, #22]
 2533 0136 D904     		lsls	r1, r3, #19
 2534              		.loc 1 802 64
 2535 0138 A44B     		ldr	r3, .L130
 2536 013a 0B40     		ands	r3, r3, r1
 2537              		.loc 1 802 25
 2538 013c B969     		ldr	r1, [r7, #24]
 2539 013e 4801     		lsls	r0, r1, #5
 2540 0140 F969     		ldr	r1, [r7, #28]
 2541 0142 0144     		add	r1, r1, r0
 2542 0144 01F51061 		add	r1, r1, #2304
 2543              		.loc 1 802 36
 2544 0148 1343     		orrs	r3, r3, r2
 2545 014a 0B61     		str	r3, [r1, #16]
 803:Drivers/STM32F4xx_HAL_Driver/Src/stm32f4xx_ll_usb.c **** 
 804:Drivers/STM32F4xx_HAL_Driver/Src/stm32f4xx_ll_usb.c ****         if (ep->type == EP_TYPE_ISOC)
 2546              		.loc 1 804 15
 2547 014c BB68     		ldr	r3, [r7, #8]
 2548 014e 1B79     		ldrb	r3, [r3, #4]	@ zero_extendqisi2
 2549              		.loc 1 804 12
 2550 0150 012B     		cmp	r3, #1
 2551 0152 22D1     		bne	.L113
 805:Drivers/STM32F4xx_HAL_Driver/Src/stm32f4xx_ll_usb.c ****         {
 806:Drivers/STM32F4xx_HAL_Driver/Src/stm32f4xx_ll_usb.c ****           USBx_INEP(epnum)->DIEPTSIZ &= ~(USB_OTG_DIEPTSIZ_MULCNT);
 2552              		.loc 1 806 27
 2553 0154 BB69     		ldr	r3, [r7, #24]
 2554 0156 5A01     		lsls	r2, r3, #5
 2555 0158 FB69     		ldr	r3, [r7, #28]
 2556 015a 1344     		add	r3, r3, r2
 2557 015c 03F51063 		add	r3, r3, #2304
 2558 0160 1B69     		ldr	r3, [r3, #16]
 2559 0162 BA69     		ldr	r2, [r7, #24]
 2560 0164 5101     		lsls	r1, r2, #5
 2561 0166 FA69     		ldr	r2, [r7, #28]
 2562 0168 0A44     		add	r2, r2, r1
ARM GAS  /tmp/ccLxLv8v.s 			page 60


 2563 016a 02F51062 		add	r2, r2, #2304
 2564              		.loc 1 806 38
 2565 016e 23F0C043 		bic	r3, r3, #1610612736
 2566 0172 1361     		str	r3, [r2, #16]
 807:Drivers/STM32F4xx_HAL_Driver/Src/stm32f4xx_ll_usb.c ****           USBx_INEP(epnum)->DIEPTSIZ |= (USB_OTG_DIEPTSIZ_MULCNT & (pktcnt << 29));
 2567              		.loc 1 807 27
 2568 0174 BB69     		ldr	r3, [r7, #24]
 2569 0176 5A01     		lsls	r2, r3, #5
 2570 0178 FB69     		ldr	r3, [r7, #28]
 2571 017a 1344     		add	r3, r3, r2
 2572 017c 03F51063 		add	r3, r3, #2304
 2573 0180 1A69     		ldr	r2, [r3, #16]
 2574              		.loc 1 807 76
 2575 0182 FB8A     		ldrh	r3, [r7, #22]
 2576 0184 5B07     		lsls	r3, r3, #29
 2577              		.loc 1 807 66
 2578 0186 03F0C043 		and	r3, r3, #1610612736
 2579              		.loc 1 807 27
 2580 018a B969     		ldr	r1, [r7, #24]
 2581 018c 4801     		lsls	r0, r1, #5
 2582 018e F969     		ldr	r1, [r7, #28]
 2583 0190 0144     		add	r1, r1, r0
 2584 0192 01F51061 		add	r1, r1, #2304
 2585              		.loc 1 807 38
 2586 0196 1343     		orrs	r3, r3, r2
 2587 0198 0B61     		str	r3, [r1, #16]
 2588              	.L113:
 808:Drivers/STM32F4xx_HAL_Driver/Src/stm32f4xx_ll_usb.c ****         }
 809:Drivers/STM32F4xx_HAL_Driver/Src/stm32f4xx_ll_usb.c ****       }
 810:Drivers/STM32F4xx_HAL_Driver/Src/stm32f4xx_ll_usb.c **** 
 811:Drivers/STM32F4xx_HAL_Driver/Src/stm32f4xx_ll_usb.c ****       USBx_INEP(epnum)->DIEPTSIZ |= (USB_OTG_DIEPTSIZ_XFRSIZ & ep->xfer_len);
 2589              		.loc 1 811 23
 2590 019a BB69     		ldr	r3, [r7, #24]
 2591 019c 5A01     		lsls	r2, r3, #5
 2592 019e FB69     		ldr	r3, [r7, #28]
 2593 01a0 1344     		add	r3, r3, r2
 2594 01a2 03F51063 		add	r3, r3, #2304
 2595 01a6 1A69     		ldr	r2, [r3, #16]
 2596              		.loc 1 811 66
 2597 01a8 BB68     		ldr	r3, [r7, #8]
 2598 01aa 1B69     		ldr	r3, [r3, #16]
 2599              		.loc 1 811 62
 2600 01ac C3F31203 		ubfx	r3, r3, #0, #19
 2601              		.loc 1 811 23
 2602 01b0 B969     		ldr	r1, [r7, #24]
 2603 01b2 4801     		lsls	r0, r1, #5
 2604 01b4 F969     		ldr	r1, [r7, #28]
 2605 01b6 0144     		add	r1, r1, r0
 2606 01b8 01F51061 		add	r1, r1, #2304
 2607              		.loc 1 811 34
 2608 01bc 1343     		orrs	r3, r3, r2
 2609 01be 0B61     		str	r3, [r1, #16]
 2610              	.L110:
 812:Drivers/STM32F4xx_HAL_Driver/Src/stm32f4xx_ll_usb.c ****     }
 813:Drivers/STM32F4xx_HAL_Driver/Src/stm32f4xx_ll_usb.c **** 
 814:Drivers/STM32F4xx_HAL_Driver/Src/stm32f4xx_ll_usb.c ****     if (dma == 1U)
 2611              		.loc 1 814 8
ARM GAS  /tmp/ccLxLv8v.s 			page 61


 2612 01c0 FB79     		ldrb	r3, [r7, #7]	@ zero_extendqisi2
 2613 01c2 012B     		cmp	r3, #1
 2614 01c4 4BD1     		bne	.L114
 815:Drivers/STM32F4xx_HAL_Driver/Src/stm32f4xx_ll_usb.c ****     {
 816:Drivers/STM32F4xx_HAL_Driver/Src/stm32f4xx_ll_usb.c ****       if ((uint32_t)ep->dma_addr != 0U)
 2615              		.loc 1 816 23
 2616 01c6 BB68     		ldr	r3, [r7, #8]
 2617 01c8 DB69     		ldr	r3, [r3, #28]
 2618              		.loc 1 816 10
 2619 01ca 002B     		cmp	r3, #0
 2620 01cc 09D0     		beq	.L115
 817:Drivers/STM32F4xx_HAL_Driver/Src/stm32f4xx_ll_usb.c ****       {
 818:Drivers/STM32F4xx_HAL_Driver/Src/stm32f4xx_ll_usb.c ****         USBx_INEP(epnum)->DIEPDMA = (uint32_t)(ep->dma_addr);
 2621              		.loc 1 818 9
 2622 01ce BB69     		ldr	r3, [r7, #24]
 2623 01d0 5A01     		lsls	r2, r3, #5
 2624 01d2 FB69     		ldr	r3, [r7, #28]
 2625 01d4 1344     		add	r3, r3, r2
 2626 01d6 03F51063 		add	r3, r3, #2304
 2627 01da 1A46     		mov	r2, r3
 2628              		.loc 1 818 50
 2629 01dc BB68     		ldr	r3, [r7, #8]
 2630 01de DB69     		ldr	r3, [r3, #28]
 2631              		.loc 1 818 35
 2632 01e0 5361     		str	r3, [r2, #20]
 2633              	.L115:
 819:Drivers/STM32F4xx_HAL_Driver/Src/stm32f4xx_ll_usb.c ****       }
 820:Drivers/STM32F4xx_HAL_Driver/Src/stm32f4xx_ll_usb.c **** 
 821:Drivers/STM32F4xx_HAL_Driver/Src/stm32f4xx_ll_usb.c ****       if (ep->type == EP_TYPE_ISOC)
 2634              		.loc 1 821 13
 2635 01e2 BB68     		ldr	r3, [r7, #8]
 2636 01e4 1B79     		ldrb	r3, [r3, #4]	@ zero_extendqisi2
 2637              		.loc 1 821 10
 2638 01e6 012B     		cmp	r3, #1
 2639 01e8 28D1     		bne	.L116
 822:Drivers/STM32F4xx_HAL_Driver/Src/stm32f4xx_ll_usb.c ****       {
 823:Drivers/STM32F4xx_HAL_Driver/Src/stm32f4xx_ll_usb.c ****         if ((USBx_DEVICE->DSTS & (1U << 8)) == 0U)
 2640              		.loc 1 823 14
 2641 01ea FB69     		ldr	r3, [r7, #28]
 2642 01ec 03F50063 		add	r3, r3, #2048
 2643              		.loc 1 823 25
 2644 01f0 9B68     		ldr	r3, [r3, #8]
 2645              		.loc 1 823 32
 2646 01f2 03F48073 		and	r3, r3, #256
 2647              		.loc 1 823 12
 2648 01f6 002B     		cmp	r3, #0
 2649 01f8 10D1     		bne	.L117
 824:Drivers/STM32F4xx_HAL_Driver/Src/stm32f4xx_ll_usb.c ****         {
 825:Drivers/STM32F4xx_HAL_Driver/Src/stm32f4xx_ll_usb.c ****           USBx_INEP(epnum)->DIEPCTL |= USB_OTG_DIEPCTL_SODDFRM;
 2650              		.loc 1 825 27
 2651 01fa BB69     		ldr	r3, [r7, #24]
 2652 01fc 5A01     		lsls	r2, r3, #5
 2653 01fe FB69     		ldr	r3, [r7, #28]
 2654 0200 1344     		add	r3, r3, r2
 2655 0202 03F51063 		add	r3, r3, #2304
 2656 0206 1B68     		ldr	r3, [r3]
 2657 0208 BA69     		ldr	r2, [r7, #24]
ARM GAS  /tmp/ccLxLv8v.s 			page 62


 2658 020a 5101     		lsls	r1, r2, #5
 2659 020c FA69     		ldr	r2, [r7, #28]
 2660 020e 0A44     		add	r2, r2, r1
 2661 0210 02F51062 		add	r2, r2, #2304
 2662              		.loc 1 825 37
 2663 0214 43F00053 		orr	r3, r3, #536870912
 2664 0218 1360     		str	r3, [r2]
 2665 021a 0FE0     		b	.L116
 2666              	.L117:
 826:Drivers/STM32F4xx_HAL_Driver/Src/stm32f4xx_ll_usb.c ****         }
 827:Drivers/STM32F4xx_HAL_Driver/Src/stm32f4xx_ll_usb.c ****         else
 828:Drivers/STM32F4xx_HAL_Driver/Src/stm32f4xx_ll_usb.c ****         {
 829:Drivers/STM32F4xx_HAL_Driver/Src/stm32f4xx_ll_usb.c ****           USBx_INEP(epnum)->DIEPCTL |= USB_OTG_DIEPCTL_SD0PID_SEVNFRM;
 2667              		.loc 1 829 27
 2668 021c BB69     		ldr	r3, [r7, #24]
 2669 021e 5A01     		lsls	r2, r3, #5
 2670 0220 FB69     		ldr	r3, [r7, #28]
 2671 0222 1344     		add	r3, r3, r2
 2672 0224 03F51063 		add	r3, r3, #2304
 2673 0228 1B68     		ldr	r3, [r3]
 2674 022a BA69     		ldr	r2, [r7, #24]
 2675 022c 5101     		lsls	r1, r2, #5
 2676 022e FA69     		ldr	r2, [r7, #28]
 2677 0230 0A44     		add	r2, r2, r1
 2678 0232 02F51062 		add	r2, r2, #2304
 2679              		.loc 1 829 37
 2680 0236 43F08053 		orr	r3, r3, #268435456
 2681 023a 1360     		str	r3, [r2]
 2682              	.L116:
 830:Drivers/STM32F4xx_HAL_Driver/Src/stm32f4xx_ll_usb.c ****         }
 831:Drivers/STM32F4xx_HAL_Driver/Src/stm32f4xx_ll_usb.c ****       }
 832:Drivers/STM32F4xx_HAL_Driver/Src/stm32f4xx_ll_usb.c **** 
 833:Drivers/STM32F4xx_HAL_Driver/Src/stm32f4xx_ll_usb.c ****       /* EP enable, IN data in FIFO */
 834:Drivers/STM32F4xx_HAL_Driver/Src/stm32f4xx_ll_usb.c ****       USBx_INEP(epnum)->DIEPCTL |= (USB_OTG_DIEPCTL_CNAK | USB_OTG_DIEPCTL_EPENA);
 2683              		.loc 1 834 23
 2684 023c BB69     		ldr	r3, [r7, #24]
 2685 023e 5A01     		lsls	r2, r3, #5
 2686 0240 FB69     		ldr	r3, [r7, #28]
 2687 0242 1344     		add	r3, r3, r2
 2688 0244 03F51063 		add	r3, r3, #2304
 2689 0248 1B68     		ldr	r3, [r3]
 2690 024a BA69     		ldr	r2, [r7, #24]
 2691 024c 5101     		lsls	r1, r2, #5
 2692 024e FA69     		ldr	r2, [r7, #28]
 2693 0250 0A44     		add	r2, r2, r1
 2694 0252 02F51062 		add	r2, r2, #2304
 2695              		.loc 1 834 33
 2696 0256 43F00443 		orr	r3, r3, #-2080374784
 2697 025a 1360     		str	r3, [r2]
 2698 025c 66E1     		b	.L118
 2699              	.L114:
 835:Drivers/STM32F4xx_HAL_Driver/Src/stm32f4xx_ll_usb.c ****     }
 836:Drivers/STM32F4xx_HAL_Driver/Src/stm32f4xx_ll_usb.c ****     else
 837:Drivers/STM32F4xx_HAL_Driver/Src/stm32f4xx_ll_usb.c ****     {
 838:Drivers/STM32F4xx_HAL_Driver/Src/stm32f4xx_ll_usb.c ****       /* EP enable, IN data in FIFO */
 839:Drivers/STM32F4xx_HAL_Driver/Src/stm32f4xx_ll_usb.c ****       USBx_INEP(epnum)->DIEPCTL |= (USB_OTG_DIEPCTL_CNAK | USB_OTG_DIEPCTL_EPENA);
 2700              		.loc 1 839 23
ARM GAS  /tmp/ccLxLv8v.s 			page 63


 2701 025e BB69     		ldr	r3, [r7, #24]
 2702 0260 5A01     		lsls	r2, r3, #5
 2703 0262 FB69     		ldr	r3, [r7, #28]
 2704 0264 1344     		add	r3, r3, r2
 2705 0266 03F51063 		add	r3, r3, #2304
 2706 026a 1B68     		ldr	r3, [r3]
 2707 026c BA69     		ldr	r2, [r7, #24]
 2708 026e 5101     		lsls	r1, r2, #5
 2709 0270 FA69     		ldr	r2, [r7, #28]
 2710 0272 0A44     		add	r2, r2, r1
 2711 0274 02F51062 		add	r2, r2, #2304
 2712              		.loc 1 839 33
 2713 0278 43F00443 		orr	r3, r3, #-2080374784
 2714 027c 1360     		str	r3, [r2]
 840:Drivers/STM32F4xx_HAL_Driver/Src/stm32f4xx_ll_usb.c **** 
 841:Drivers/STM32F4xx_HAL_Driver/Src/stm32f4xx_ll_usb.c ****       if (ep->type != EP_TYPE_ISOC)
 2715              		.loc 1 841 13
 2716 027e BB68     		ldr	r3, [r7, #8]
 2717 0280 1B79     		ldrb	r3, [r3, #4]	@ zero_extendqisi2
 2718              		.loc 1 841 10
 2719 0282 012B     		cmp	r3, #1
 2720 0284 15D0     		beq	.L119
 842:Drivers/STM32F4xx_HAL_Driver/Src/stm32f4xx_ll_usb.c ****       {
 843:Drivers/STM32F4xx_HAL_Driver/Src/stm32f4xx_ll_usb.c ****         /* Enable the Tx FIFO Empty Interrupt for this EP */
 844:Drivers/STM32F4xx_HAL_Driver/Src/stm32f4xx_ll_usb.c ****         if (ep->xfer_len > 0U)
 2721              		.loc 1 844 15
 2722 0286 BB68     		ldr	r3, [r7, #8]
 2723 0288 1B69     		ldr	r3, [r3, #16]
 2724              		.loc 1 844 12
 2725 028a 002B     		cmp	r3, #0
 2726 028c 00F04E81 		beq	.L118
 845:Drivers/STM32F4xx_HAL_Driver/Src/stm32f4xx_ll_usb.c ****         {
 846:Drivers/STM32F4xx_HAL_Driver/Src/stm32f4xx_ll_usb.c ****           USBx_DEVICE->DIEPEMPMSK |= 1UL << (ep->num & EP_ADDR_MSK);
 2727              		.loc 1 846 22
 2728 0290 FB69     		ldr	r3, [r7, #28]
 2729 0292 03F50063 		add	r3, r3, #2048
 2730 0296 5A6B     		ldr	r2, [r3, #52]
 2731              		.loc 1 846 48
 2732 0298 BB68     		ldr	r3, [r7, #8]
 2733 029a 1B78     		ldrb	r3, [r3]	@ zero_extendqisi2
 2734              		.loc 1 846 54
 2735 029c 03F00F03 		and	r3, r3, #15
 2736              		.loc 1 846 42
 2737 02a0 0121     		movs	r1, #1
 2738 02a2 01FA03F3 		lsl	r3, r1, r3
 2739              		.loc 1 846 22
 2740 02a6 F969     		ldr	r1, [r7, #28]
 2741 02a8 01F50061 		add	r1, r1, #2048
 2742              		.loc 1 846 35
 2743 02ac 1343     		orrs	r3, r3, r2
 2744 02ae 4B63     		str	r3, [r1, #52]
 2745 02b0 3CE1     		b	.L118
 2746              	.L119:
 847:Drivers/STM32F4xx_HAL_Driver/Src/stm32f4xx_ll_usb.c ****         }
 848:Drivers/STM32F4xx_HAL_Driver/Src/stm32f4xx_ll_usb.c ****       }
 849:Drivers/STM32F4xx_HAL_Driver/Src/stm32f4xx_ll_usb.c ****       else
 850:Drivers/STM32F4xx_HAL_Driver/Src/stm32f4xx_ll_usb.c ****       {
ARM GAS  /tmp/ccLxLv8v.s 			page 64


 851:Drivers/STM32F4xx_HAL_Driver/Src/stm32f4xx_ll_usb.c ****         if ((USBx_DEVICE->DSTS & (1U << 8)) == 0U)
 2747              		.loc 1 851 14
 2748 02b2 FB69     		ldr	r3, [r7, #28]
 2749 02b4 03F50063 		add	r3, r3, #2048
 2750              		.loc 1 851 25
 2751 02b8 9B68     		ldr	r3, [r3, #8]
 2752              		.loc 1 851 32
 2753 02ba 03F48073 		and	r3, r3, #256
 2754              		.loc 1 851 12
 2755 02be 002B     		cmp	r3, #0
 2756 02c0 10D1     		bne	.L120
 852:Drivers/STM32F4xx_HAL_Driver/Src/stm32f4xx_ll_usb.c ****         {
 853:Drivers/STM32F4xx_HAL_Driver/Src/stm32f4xx_ll_usb.c ****           USBx_INEP(epnum)->DIEPCTL |= USB_OTG_DIEPCTL_SODDFRM;
 2757              		.loc 1 853 27
 2758 02c2 BB69     		ldr	r3, [r7, #24]
 2759 02c4 5A01     		lsls	r2, r3, #5
 2760 02c6 FB69     		ldr	r3, [r7, #28]
 2761 02c8 1344     		add	r3, r3, r2
 2762 02ca 03F51063 		add	r3, r3, #2304
 2763 02ce 1B68     		ldr	r3, [r3]
 2764 02d0 BA69     		ldr	r2, [r7, #24]
 2765 02d2 5101     		lsls	r1, r2, #5
 2766 02d4 FA69     		ldr	r2, [r7, #28]
 2767 02d6 0A44     		add	r2, r2, r1
 2768 02d8 02F51062 		add	r2, r2, #2304
 2769              		.loc 1 853 37
 2770 02dc 43F00053 		orr	r3, r3, #536870912
 2771 02e0 1360     		str	r3, [r2]
 2772 02e2 0FE0     		b	.L121
 2773              	.L120:
 854:Drivers/STM32F4xx_HAL_Driver/Src/stm32f4xx_ll_usb.c ****         }
 855:Drivers/STM32F4xx_HAL_Driver/Src/stm32f4xx_ll_usb.c ****         else
 856:Drivers/STM32F4xx_HAL_Driver/Src/stm32f4xx_ll_usb.c ****         {
 857:Drivers/STM32F4xx_HAL_Driver/Src/stm32f4xx_ll_usb.c ****           USBx_INEP(epnum)->DIEPCTL |= USB_OTG_DIEPCTL_SD0PID_SEVNFRM;
 2774              		.loc 1 857 27
 2775 02e4 BB69     		ldr	r3, [r7, #24]
 2776 02e6 5A01     		lsls	r2, r3, #5
 2777 02e8 FB69     		ldr	r3, [r7, #28]
 2778 02ea 1344     		add	r3, r3, r2
 2779 02ec 03F51063 		add	r3, r3, #2304
 2780 02f0 1B68     		ldr	r3, [r3]
 2781 02f2 BA69     		ldr	r2, [r7, #24]
 2782 02f4 5101     		lsls	r1, r2, #5
 2783 02f6 FA69     		ldr	r2, [r7, #28]
 2784 02f8 0A44     		add	r2, r2, r1
 2785 02fa 02F51062 		add	r2, r2, #2304
 2786              		.loc 1 857 37
 2787 02fe 43F08053 		orr	r3, r3, #268435456
 2788 0302 1360     		str	r3, [r2]
 2789              	.L121:
 858:Drivers/STM32F4xx_HAL_Driver/Src/stm32f4xx_ll_usb.c ****         }
 859:Drivers/STM32F4xx_HAL_Driver/Src/stm32f4xx_ll_usb.c **** 
 860:Drivers/STM32F4xx_HAL_Driver/Src/stm32f4xx_ll_usb.c ****         (void)USB_WritePacket(USBx, ep->xfer_buff, ep->num, (uint16_t)ep->xfer_len, dma);
 2790              		.loc 1 860 15
 2791 0304 BB68     		ldr	r3, [r7, #8]
 2792 0306 D968     		ldr	r1, [r3, #12]
 2793 0308 BB68     		ldr	r3, [r7, #8]
ARM GAS  /tmp/ccLxLv8v.s 			page 65


 2794 030a 1A78     		ldrb	r2, [r3]	@ zero_extendqisi2
 2795              		.loc 1 860 73
 2796 030c BB68     		ldr	r3, [r7, #8]
 2797 030e 1B69     		ldr	r3, [r3, #16]
 2798              		.loc 1 860 15
 2799 0310 98B2     		uxth	r0, r3
 2800 0312 FB79     		ldrb	r3, [r7, #7]	@ zero_extendqisi2
 2801 0314 0093     		str	r3, [sp]
 2802 0316 0346     		mov	r3, r0
 2803 0318 F868     		ldr	r0, [r7, #12]
 2804 031a FFF7FEFF 		bl	USB_WritePacket
 2805 031e 05E1     		b	.L118
 2806              	.L108:
 861:Drivers/STM32F4xx_HAL_Driver/Src/stm32f4xx_ll_usb.c ****       }
 862:Drivers/STM32F4xx_HAL_Driver/Src/stm32f4xx_ll_usb.c ****     }
 863:Drivers/STM32F4xx_HAL_Driver/Src/stm32f4xx_ll_usb.c ****   }
 864:Drivers/STM32F4xx_HAL_Driver/Src/stm32f4xx_ll_usb.c ****   else /* OUT endpoint */
 865:Drivers/STM32F4xx_HAL_Driver/Src/stm32f4xx_ll_usb.c ****   {
 866:Drivers/STM32F4xx_HAL_Driver/Src/stm32f4xx_ll_usb.c ****     /* Program the transfer size and packet count as follows:
 867:Drivers/STM32F4xx_HAL_Driver/Src/stm32f4xx_ll_usb.c ****     * pktcnt = N
 868:Drivers/STM32F4xx_HAL_Driver/Src/stm32f4xx_ll_usb.c ****     * xfersize = N * maxpacket
 869:Drivers/STM32F4xx_HAL_Driver/Src/stm32f4xx_ll_usb.c ****     */
 870:Drivers/STM32F4xx_HAL_Driver/Src/stm32f4xx_ll_usb.c ****     USBx_OUTEP(epnum)->DOEPTSIZ &= ~(USB_OTG_DOEPTSIZ_XFRSIZ);
 2807              		.loc 1 870 22
 2808 0320 BB69     		ldr	r3, [r7, #24]
 2809 0322 5A01     		lsls	r2, r3, #5
 2810 0324 FB69     		ldr	r3, [r7, #28]
 2811 0326 1344     		add	r3, r3, r2
 2812 0328 03F53063 		add	r3, r3, #2816
 2813 032c 1B69     		ldr	r3, [r3, #16]
 2814 032e BA69     		ldr	r2, [r7, #24]
 2815 0330 5101     		lsls	r1, r2, #5
 2816 0332 FA69     		ldr	r2, [r7, #28]
 2817 0334 0A44     		add	r2, r2, r1
 2818 0336 02F53062 		add	r2, r2, #2816
 2819              		.loc 1 870 33
 2820 033a DB0C     		lsrs	r3, r3, #19
 2821 033c DB04     		lsls	r3, r3, #19
 2822 033e 1361     		str	r3, [r2, #16]
 871:Drivers/STM32F4xx_HAL_Driver/Src/stm32f4xx_ll_usb.c ****     USBx_OUTEP(epnum)->DOEPTSIZ &= ~(USB_OTG_DOEPTSIZ_PKTCNT);
 2823              		.loc 1 871 22
 2824 0340 BB69     		ldr	r3, [r7, #24]
 2825 0342 5A01     		lsls	r2, r3, #5
 2826 0344 FB69     		ldr	r3, [r7, #28]
 2827 0346 1344     		add	r3, r3, r2
 2828 0348 03F53063 		add	r3, r3, #2816
 2829 034c 1B69     		ldr	r3, [r3, #16]
 2830 034e BA69     		ldr	r2, [r7, #24]
 2831 0350 5101     		lsls	r1, r2, #5
 2832 0352 FA69     		ldr	r2, [r7, #28]
 2833 0354 0A44     		add	r2, r2, r1
 2834 0356 02F53062 		add	r2, r2, #2816
 2835              		.loc 1 871 33
 2836 035a 23F0FF53 		bic	r3, r3, #534773760
 2837 035e 23F4C013 		bic	r3, r3, #1572864
 2838 0362 1361     		str	r3, [r2, #16]
 872:Drivers/STM32F4xx_HAL_Driver/Src/stm32f4xx_ll_usb.c **** 
ARM GAS  /tmp/ccLxLv8v.s 			page 66


 873:Drivers/STM32F4xx_HAL_Driver/Src/stm32f4xx_ll_usb.c ****     if (epnum == 0U)
 2839              		.loc 1 873 8
 2840 0364 BB69     		ldr	r3, [r7, #24]
 2841 0366 002B     		cmp	r3, #0
 2842 0368 32D1     		bne	.L122
 874:Drivers/STM32F4xx_HAL_Driver/Src/stm32f4xx_ll_usb.c ****     {
 875:Drivers/STM32F4xx_HAL_Driver/Src/stm32f4xx_ll_usb.c ****       if (ep->xfer_len > 0U)
 2843              		.loc 1 875 13
 2844 036a BB68     		ldr	r3, [r7, #8]
 2845 036c 1B69     		ldr	r3, [r3, #16]
 2846              		.loc 1 875 10
 2847 036e 002B     		cmp	r3, #0
 2848 0370 03D0     		beq	.L123
 876:Drivers/STM32F4xx_HAL_Driver/Src/stm32f4xx_ll_usb.c ****       {
 877:Drivers/STM32F4xx_HAL_Driver/Src/stm32f4xx_ll_usb.c ****         ep->xfer_len = ep->maxpacket;
 2849              		.loc 1 877 26
 2850 0372 BB68     		ldr	r3, [r7, #8]
 2851 0374 9A68     		ldr	r2, [r3, #8]
 2852              		.loc 1 877 22
 2853 0376 BB68     		ldr	r3, [r7, #8]
 2854 0378 1A61     		str	r2, [r3, #16]
 2855              	.L123:
 878:Drivers/STM32F4xx_HAL_Driver/Src/stm32f4xx_ll_usb.c ****       }
 879:Drivers/STM32F4xx_HAL_Driver/Src/stm32f4xx_ll_usb.c **** 
 880:Drivers/STM32F4xx_HAL_Driver/Src/stm32f4xx_ll_usb.c ****       /* Store transfer size, for EP0 this is equal to endpoint max packet size */
 881:Drivers/STM32F4xx_HAL_Driver/Src/stm32f4xx_ll_usb.c ****       ep->xfer_size = ep->maxpacket;
 2856              		.loc 1 881 25
 2857 037a BB68     		ldr	r3, [r7, #8]
 2858 037c 9A68     		ldr	r2, [r3, #8]
 2859              		.loc 1 881 21
 2860 037e BB68     		ldr	r3, [r7, #8]
 2861 0380 1A62     		str	r2, [r3, #32]
 882:Drivers/STM32F4xx_HAL_Driver/Src/stm32f4xx_ll_usb.c **** 
 883:Drivers/STM32F4xx_HAL_Driver/Src/stm32f4xx_ll_usb.c ****       USBx_OUTEP(epnum)->DOEPTSIZ |= (USB_OTG_DOEPTSIZ_XFRSIZ & ep->xfer_size);
 2862              		.loc 1 883 24
 2863 0382 BB69     		ldr	r3, [r7, #24]
 2864 0384 5A01     		lsls	r2, r3, #5
 2865 0386 FB69     		ldr	r3, [r7, #28]
 2866 0388 1344     		add	r3, r3, r2
 2867 038a 03F53063 		add	r3, r3, #2816
 2868 038e 1A69     		ldr	r2, [r3, #16]
 2869              		.loc 1 883 67
 2870 0390 BB68     		ldr	r3, [r7, #8]
 2871 0392 1B6A     		ldr	r3, [r3, #32]
 2872              		.loc 1 883 63
 2873 0394 C3F31203 		ubfx	r3, r3, #0, #19
 2874              		.loc 1 883 24
 2875 0398 B969     		ldr	r1, [r7, #24]
 2876 039a 4801     		lsls	r0, r1, #5
 2877 039c F969     		ldr	r1, [r7, #28]
 2878 039e 0144     		add	r1, r1, r0
 2879 03a0 01F53061 		add	r1, r1, #2816
 2880              		.loc 1 883 35
 2881 03a4 1343     		orrs	r3, r3, r2
 2882 03a6 0B61     		str	r3, [r1, #16]
 884:Drivers/STM32F4xx_HAL_Driver/Src/stm32f4xx_ll_usb.c ****       USBx_OUTEP(epnum)->DOEPTSIZ |= (USB_OTG_DOEPTSIZ_PKTCNT & (1U << 19));
 2883              		.loc 1 884 24
ARM GAS  /tmp/ccLxLv8v.s 			page 67


 2884 03a8 BB69     		ldr	r3, [r7, #24]
 2885 03aa 5A01     		lsls	r2, r3, #5
 2886 03ac FB69     		ldr	r3, [r7, #28]
 2887 03ae 1344     		add	r3, r3, r2
 2888 03b0 03F53063 		add	r3, r3, #2816
 2889 03b4 1B69     		ldr	r3, [r3, #16]
 2890 03b6 BA69     		ldr	r2, [r7, #24]
 2891 03b8 5101     		lsls	r1, r2, #5
 2892 03ba FA69     		ldr	r2, [r7, #28]
 2893 03bc 0A44     		add	r2, r2, r1
 2894 03be 02F53062 		add	r2, r2, #2816
 2895              		.loc 1 884 35
 2896 03c2 43F40023 		orr	r3, r3, #524288
 2897 03c6 1361     		str	r3, [r2, #16]
 2898 03c8 62E0     		b	.L124
 2899              	.L131:
 2900 03ca 00BF     		.align	2
 2901              	.L130:
 2902 03cc 0000F81F 		.word	536346624
 2903              	.L122:
 885:Drivers/STM32F4xx_HAL_Driver/Src/stm32f4xx_ll_usb.c ****     }
 886:Drivers/STM32F4xx_HAL_Driver/Src/stm32f4xx_ll_usb.c ****     else
 887:Drivers/STM32F4xx_HAL_Driver/Src/stm32f4xx_ll_usb.c ****     {
 888:Drivers/STM32F4xx_HAL_Driver/Src/stm32f4xx_ll_usb.c ****       if (ep->xfer_len == 0U)
 2904              		.loc 1 888 13
 2905 03d0 BB68     		ldr	r3, [r7, #8]
 2906 03d2 1B69     		ldr	r3, [r3, #16]
 2907              		.loc 1 888 10
 2908 03d4 002B     		cmp	r3, #0
 2909 03d6 23D1     		bne	.L125
 889:Drivers/STM32F4xx_HAL_Driver/Src/stm32f4xx_ll_usb.c ****       {
 890:Drivers/STM32F4xx_HAL_Driver/Src/stm32f4xx_ll_usb.c ****         USBx_OUTEP(epnum)->DOEPTSIZ |= (USB_OTG_DOEPTSIZ_XFRSIZ & ep->maxpacket);
 2910              		.loc 1 890 26
 2911 03d8 BB69     		ldr	r3, [r7, #24]
 2912 03da 5A01     		lsls	r2, r3, #5
 2913 03dc FB69     		ldr	r3, [r7, #28]
 2914 03de 1344     		add	r3, r3, r2
 2915 03e0 03F53063 		add	r3, r3, #2816
 2916 03e4 1A69     		ldr	r2, [r3, #16]
 2917              		.loc 1 890 69
 2918 03e6 BB68     		ldr	r3, [r7, #8]
 2919 03e8 9B68     		ldr	r3, [r3, #8]
 2920              		.loc 1 890 65
 2921 03ea C3F31203 		ubfx	r3, r3, #0, #19
 2922              		.loc 1 890 26
 2923 03ee B969     		ldr	r1, [r7, #24]
 2924 03f0 4801     		lsls	r0, r1, #5
 2925 03f2 F969     		ldr	r1, [r7, #28]
 2926 03f4 0144     		add	r1, r1, r0
 2927 03f6 01F53061 		add	r1, r1, #2816
 2928              		.loc 1 890 37
 2929 03fa 1343     		orrs	r3, r3, r2
 2930 03fc 0B61     		str	r3, [r1, #16]
 891:Drivers/STM32F4xx_HAL_Driver/Src/stm32f4xx_ll_usb.c ****         USBx_OUTEP(epnum)->DOEPTSIZ |= (USB_OTG_DOEPTSIZ_PKTCNT & (1U << 19));
 2931              		.loc 1 891 26
 2932 03fe BB69     		ldr	r3, [r7, #24]
 2933 0400 5A01     		lsls	r2, r3, #5
ARM GAS  /tmp/ccLxLv8v.s 			page 68


 2934 0402 FB69     		ldr	r3, [r7, #28]
 2935 0404 1344     		add	r3, r3, r2
 2936 0406 03F53063 		add	r3, r3, #2816
 2937 040a 1B69     		ldr	r3, [r3, #16]
 2938 040c BA69     		ldr	r2, [r7, #24]
 2939 040e 5101     		lsls	r1, r2, #5
 2940 0410 FA69     		ldr	r2, [r7, #28]
 2941 0412 0A44     		add	r2, r2, r1
 2942 0414 02F53062 		add	r2, r2, #2816
 2943              		.loc 1 891 37
 2944 0418 43F40023 		orr	r3, r3, #524288
 2945 041c 1361     		str	r3, [r2, #16]
 2946 041e 37E0     		b	.L124
 2947              	.L125:
 892:Drivers/STM32F4xx_HAL_Driver/Src/stm32f4xx_ll_usb.c ****       }
 893:Drivers/STM32F4xx_HAL_Driver/Src/stm32f4xx_ll_usb.c ****       else
 894:Drivers/STM32F4xx_HAL_Driver/Src/stm32f4xx_ll_usb.c ****       {
 895:Drivers/STM32F4xx_HAL_Driver/Src/stm32f4xx_ll_usb.c ****         pktcnt = (uint16_t)((ep->xfer_len + ep->maxpacket - 1U) / ep->maxpacket);
 2948              		.loc 1 895 32
 2949 0420 BB68     		ldr	r3, [r7, #8]
 2950 0422 1A69     		ldr	r2, [r3, #16]
 2951              		.loc 1 895 47
 2952 0424 BB68     		ldr	r3, [r7, #8]
 2953 0426 9B68     		ldr	r3, [r3, #8]
 2954              		.loc 1 895 43
 2955 0428 1344     		add	r3, r3, r2
 2956              		.loc 1 895 59
 2957 042a 5A1E     		subs	r2, r3, #1
 2958              		.loc 1 895 69
 2959 042c BB68     		ldr	r3, [r7, #8]
 2960 042e 9B68     		ldr	r3, [r3, #8]
 2961              		.loc 1 895 65
 2962 0430 B2FBF3F3 		udiv	r3, r2, r3
 2963              		.loc 1 895 16
 2964 0434 FB82     		strh	r3, [r7, #22]	@ movhi
 896:Drivers/STM32F4xx_HAL_Driver/Src/stm32f4xx_ll_usb.c ****         ep->xfer_size = ep->maxpacket * pktcnt;
 2965              		.loc 1 896 27
 2966 0436 BB68     		ldr	r3, [r7, #8]
 2967 0438 9B68     		ldr	r3, [r3, #8]
 2968              		.loc 1 896 39
 2969 043a FA8A     		ldrh	r2, [r7, #22]
 2970 043c 03FB02F2 		mul	r2, r3, r2
 2971              		.loc 1 896 23
 2972 0440 BB68     		ldr	r3, [r7, #8]
 2973 0442 1A62     		str	r2, [r3, #32]
 897:Drivers/STM32F4xx_HAL_Driver/Src/stm32f4xx_ll_usb.c **** 
 898:Drivers/STM32F4xx_HAL_Driver/Src/stm32f4xx_ll_usb.c ****         USBx_OUTEP(epnum)->DOEPTSIZ |= USB_OTG_DOEPTSIZ_PKTCNT & ((uint32_t)pktcnt << 19);
 2974              		.loc 1 898 26
 2975 0444 BB69     		ldr	r3, [r7, #24]
 2976 0446 5A01     		lsls	r2, r3, #5
 2977 0448 FB69     		ldr	r3, [r7, #28]
 2978 044a 1344     		add	r3, r3, r2
 2979 044c 03F53063 		add	r3, r3, #2816
 2980 0450 1A69     		ldr	r2, [r3, #16]
 2981              		.loc 1 898 67
 2982 0452 FB8A     		ldrh	r3, [r7, #22]
 2983              		.loc 1 898 84
ARM GAS  /tmp/ccLxLv8v.s 			page 69


 2984 0454 D904     		lsls	r1, r3, #19
 2985              		.loc 1 898 64
 2986 0456 384B     		ldr	r3, .L132
 2987 0458 0B40     		ands	r3, r3, r1
 2988              		.loc 1 898 26
 2989 045a B969     		ldr	r1, [r7, #24]
 2990 045c 4801     		lsls	r0, r1, #5
 2991 045e F969     		ldr	r1, [r7, #28]
 2992 0460 0144     		add	r1, r1, r0
 2993 0462 01F53061 		add	r1, r1, #2816
 2994              		.loc 1 898 37
 2995 0466 1343     		orrs	r3, r3, r2
 2996 0468 0B61     		str	r3, [r1, #16]
 899:Drivers/STM32F4xx_HAL_Driver/Src/stm32f4xx_ll_usb.c ****         USBx_OUTEP(epnum)->DOEPTSIZ |= USB_OTG_DOEPTSIZ_XFRSIZ & ep->xfer_size;
 2997              		.loc 1 899 26
 2998 046a BB69     		ldr	r3, [r7, #24]
 2999 046c 5A01     		lsls	r2, r3, #5
 3000 046e FB69     		ldr	r3, [r7, #28]
 3001 0470 1344     		add	r3, r3, r2
 3002 0472 03F53063 		add	r3, r3, #2816
 3003 0476 1A69     		ldr	r2, [r3, #16]
 3004              		.loc 1 899 68
 3005 0478 BB68     		ldr	r3, [r7, #8]
 3006 047a 1B6A     		ldr	r3, [r3, #32]
 3007              		.loc 1 899 64
 3008 047c C3F31203 		ubfx	r3, r3, #0, #19
 3009              		.loc 1 899 26
 3010 0480 B969     		ldr	r1, [r7, #24]
 3011 0482 4801     		lsls	r0, r1, #5
 3012 0484 F969     		ldr	r1, [r7, #28]
 3013 0486 0144     		add	r1, r1, r0
 3014 0488 01F53061 		add	r1, r1, #2816
 3015              		.loc 1 899 37
 3016 048c 1343     		orrs	r3, r3, r2
 3017 048e 0B61     		str	r3, [r1, #16]
 3018              	.L124:
 900:Drivers/STM32F4xx_HAL_Driver/Src/stm32f4xx_ll_usb.c ****       }
 901:Drivers/STM32F4xx_HAL_Driver/Src/stm32f4xx_ll_usb.c ****     }
 902:Drivers/STM32F4xx_HAL_Driver/Src/stm32f4xx_ll_usb.c **** 
 903:Drivers/STM32F4xx_HAL_Driver/Src/stm32f4xx_ll_usb.c ****     if (dma == 1U)
 3019              		.loc 1 903 8
 3020 0490 FB79     		ldrb	r3, [r7, #7]	@ zero_extendqisi2
 3021 0492 012B     		cmp	r3, #1
 3022 0494 0DD1     		bne	.L126
 904:Drivers/STM32F4xx_HAL_Driver/Src/stm32f4xx_ll_usb.c ****     {
 905:Drivers/STM32F4xx_HAL_Driver/Src/stm32f4xx_ll_usb.c ****       if ((uint32_t)ep->xfer_buff != 0U)
 3023              		.loc 1 905 23
 3024 0496 BB68     		ldr	r3, [r7, #8]
 3025 0498 DB68     		ldr	r3, [r3, #12]
 3026              		.loc 1 905 10
 3027 049a 002B     		cmp	r3, #0
 3028 049c 09D0     		beq	.L126
 906:Drivers/STM32F4xx_HAL_Driver/Src/stm32f4xx_ll_usb.c ****       {
 907:Drivers/STM32F4xx_HAL_Driver/Src/stm32f4xx_ll_usb.c ****         USBx_OUTEP(epnum)->DOEPDMA = (uint32_t)(ep->xfer_buff);
 3029              		.loc 1 907 51
 3030 049e BB68     		ldr	r3, [r7, #8]
 3031 04a0 D968     		ldr	r1, [r3, #12]
ARM GAS  /tmp/ccLxLv8v.s 			page 70


 3032              		.loc 1 907 9
 3033 04a2 BB69     		ldr	r3, [r7, #24]
 3034 04a4 5A01     		lsls	r2, r3, #5
 3035 04a6 FB69     		ldr	r3, [r7, #28]
 3036 04a8 1344     		add	r3, r3, r2
 3037 04aa 03F53063 		add	r3, r3, #2816
 3038              		.loc 1 907 38
 3039 04ae 0A46     		mov	r2, r1
 3040              		.loc 1 907 36
 3041 04b0 5A61     		str	r2, [r3, #20]
 3042              	.L126:
 908:Drivers/STM32F4xx_HAL_Driver/Src/stm32f4xx_ll_usb.c ****       }
 909:Drivers/STM32F4xx_HAL_Driver/Src/stm32f4xx_ll_usb.c ****     }
 910:Drivers/STM32F4xx_HAL_Driver/Src/stm32f4xx_ll_usb.c **** 
 911:Drivers/STM32F4xx_HAL_Driver/Src/stm32f4xx_ll_usb.c ****     if (ep->type == EP_TYPE_ISOC)
 3043              		.loc 1 911 11
 3044 04b2 BB68     		ldr	r3, [r7, #8]
 3045 04b4 1B79     		ldrb	r3, [r3, #4]	@ zero_extendqisi2
 3046              		.loc 1 911 8
 3047 04b6 012B     		cmp	r3, #1
 3048 04b8 28D1     		bne	.L127
 912:Drivers/STM32F4xx_HAL_Driver/Src/stm32f4xx_ll_usb.c ****     {
 913:Drivers/STM32F4xx_HAL_Driver/Src/stm32f4xx_ll_usb.c ****       if ((USBx_DEVICE->DSTS & (1U << 8)) == 0U)
 3049              		.loc 1 913 12
 3050 04ba FB69     		ldr	r3, [r7, #28]
 3051 04bc 03F50063 		add	r3, r3, #2048
 3052              		.loc 1 913 23
 3053 04c0 9B68     		ldr	r3, [r3, #8]
 3054              		.loc 1 913 30
 3055 04c2 03F48073 		and	r3, r3, #256
 3056              		.loc 1 913 10
 3057 04c6 002B     		cmp	r3, #0
 3058 04c8 10D1     		bne	.L128
 914:Drivers/STM32F4xx_HAL_Driver/Src/stm32f4xx_ll_usb.c ****       {
 915:Drivers/STM32F4xx_HAL_Driver/Src/stm32f4xx_ll_usb.c ****         USBx_OUTEP(epnum)->DOEPCTL |= USB_OTG_DOEPCTL_SODDFRM;
 3059              		.loc 1 915 26
 3060 04ca BB69     		ldr	r3, [r7, #24]
 3061 04cc 5A01     		lsls	r2, r3, #5
 3062 04ce FB69     		ldr	r3, [r7, #28]
 3063 04d0 1344     		add	r3, r3, r2
 3064 04d2 03F53063 		add	r3, r3, #2816
 3065 04d6 1B68     		ldr	r3, [r3]
 3066 04d8 BA69     		ldr	r2, [r7, #24]
 3067 04da 5101     		lsls	r1, r2, #5
 3068 04dc FA69     		ldr	r2, [r7, #28]
 3069 04de 0A44     		add	r2, r2, r1
 3070 04e0 02F53062 		add	r2, r2, #2816
 3071              		.loc 1 915 36
 3072 04e4 43F00053 		orr	r3, r3, #536870912
 3073 04e8 1360     		str	r3, [r2]
 3074 04ea 0FE0     		b	.L127
 3075              	.L128:
 916:Drivers/STM32F4xx_HAL_Driver/Src/stm32f4xx_ll_usb.c ****       }
 917:Drivers/STM32F4xx_HAL_Driver/Src/stm32f4xx_ll_usb.c ****       else
 918:Drivers/STM32F4xx_HAL_Driver/Src/stm32f4xx_ll_usb.c ****       {
 919:Drivers/STM32F4xx_HAL_Driver/Src/stm32f4xx_ll_usb.c ****         USBx_OUTEP(epnum)->DOEPCTL |= USB_OTG_DOEPCTL_SD0PID_SEVNFRM;
 3076              		.loc 1 919 26
ARM GAS  /tmp/ccLxLv8v.s 			page 71


 3077 04ec BB69     		ldr	r3, [r7, #24]
 3078 04ee 5A01     		lsls	r2, r3, #5
 3079 04f0 FB69     		ldr	r3, [r7, #28]
 3080 04f2 1344     		add	r3, r3, r2
 3081 04f4 03F53063 		add	r3, r3, #2816
 3082 04f8 1B68     		ldr	r3, [r3]
 3083 04fa BA69     		ldr	r2, [r7, #24]
 3084 04fc 5101     		lsls	r1, r2, #5
 3085 04fe FA69     		ldr	r2, [r7, #28]
 3086 0500 0A44     		add	r2, r2, r1
 3087 0502 02F53062 		add	r2, r2, #2816
 3088              		.loc 1 919 36
 3089 0506 43F08053 		orr	r3, r3, #268435456
 3090 050a 1360     		str	r3, [r2]
 3091              	.L127:
 920:Drivers/STM32F4xx_HAL_Driver/Src/stm32f4xx_ll_usb.c ****       }
 921:Drivers/STM32F4xx_HAL_Driver/Src/stm32f4xx_ll_usb.c ****     }
 922:Drivers/STM32F4xx_HAL_Driver/Src/stm32f4xx_ll_usb.c ****     /* EP enable */
 923:Drivers/STM32F4xx_HAL_Driver/Src/stm32f4xx_ll_usb.c ****     USBx_OUTEP(epnum)->DOEPCTL |= (USB_OTG_DOEPCTL_CNAK | USB_OTG_DOEPCTL_EPENA);
 3092              		.loc 1 923 22
 3093 050c BB69     		ldr	r3, [r7, #24]
 3094 050e 5A01     		lsls	r2, r3, #5
 3095 0510 FB69     		ldr	r3, [r7, #28]
 3096 0512 1344     		add	r3, r3, r2
 3097 0514 03F53063 		add	r3, r3, #2816
 3098 0518 1B68     		ldr	r3, [r3]
 3099 051a BA69     		ldr	r2, [r7, #24]
 3100 051c 5101     		lsls	r1, r2, #5
 3101 051e FA69     		ldr	r2, [r7, #28]
 3102 0520 0A44     		add	r2, r2, r1
 3103 0522 02F53062 		add	r2, r2, #2816
 3104              		.loc 1 923 32
 3105 0526 43F00443 		orr	r3, r3, #-2080374784
 3106 052a 1360     		str	r3, [r2]
 3107              	.L118:
 924:Drivers/STM32F4xx_HAL_Driver/Src/stm32f4xx_ll_usb.c ****   }
 925:Drivers/STM32F4xx_HAL_Driver/Src/stm32f4xx_ll_usb.c **** 
 926:Drivers/STM32F4xx_HAL_Driver/Src/stm32f4xx_ll_usb.c ****   return HAL_OK;
 3108              		.loc 1 926 10
 3109 052c 0023     		movs	r3, #0
 927:Drivers/STM32F4xx_HAL_Driver/Src/stm32f4xx_ll_usb.c **** }
 3110              		.loc 1 927 1
 3111 052e 1846     		mov	r0, r3
 3112 0530 2037     		adds	r7, r7, #32
 3113              	.LCFI90:
 3114              		.cfi_def_cfa_offset 8
 3115 0532 BD46     		mov	sp, r7
 3116              	.LCFI91:
 3117              		.cfi_def_cfa_register 13
 3118              		@ sp needed
 3119 0534 80BD     		pop	{r7, pc}
 3120              	.L133:
 3121 0536 00BF     		.align	2
 3122              	.L132:
 3123 0538 0000F81F 		.word	536346624
 3124              		.cfi_endproc
 3125              	.LFE234:
ARM GAS  /tmp/ccLxLv8v.s 			page 72


 3127              		.section	.text.USB_EPStopXfer,"ax",%progbits
 3128              		.align	1
 3129              		.global	USB_EPStopXfer
 3130              		.syntax unified
 3131              		.thumb
 3132              		.thumb_func
 3134              	USB_EPStopXfer:
 3135              	.LFB235:
 928:Drivers/STM32F4xx_HAL_Driver/Src/stm32f4xx_ll_usb.c **** 
 929:Drivers/STM32F4xx_HAL_Driver/Src/stm32f4xx_ll_usb.c **** 
 930:Drivers/STM32F4xx_HAL_Driver/Src/stm32f4xx_ll_usb.c **** /**
 931:Drivers/STM32F4xx_HAL_Driver/Src/stm32f4xx_ll_usb.c ****    * @brief  USB_EPStoptXfer  Stop transfer on an EP
 932:Drivers/STM32F4xx_HAL_Driver/Src/stm32f4xx_ll_usb.c ****    * @param  USBx  usb device instance
 933:Drivers/STM32F4xx_HAL_Driver/Src/stm32f4xx_ll_usb.c ****    * @param  ep pointer to endpoint structure
 934:Drivers/STM32F4xx_HAL_Driver/Src/stm32f4xx_ll_usb.c ****    * @retval HAL status
 935:Drivers/STM32F4xx_HAL_Driver/Src/stm32f4xx_ll_usb.c ****    */
 936:Drivers/STM32F4xx_HAL_Driver/Src/stm32f4xx_ll_usb.c **** HAL_StatusTypeDef USB_EPStopXfer(const USB_OTG_GlobalTypeDef *USBx, USB_OTG_EPTypeDef *ep)
 937:Drivers/STM32F4xx_HAL_Driver/Src/stm32f4xx_ll_usb.c **** {
 3136              		.loc 1 937 1
 3137              		.cfi_startproc
 3138              		@ args = 0, pretend = 0, frame = 24
 3139              		@ frame_needed = 1, uses_anonymous_args = 0
 3140              		@ link register save eliminated.
 3141 0000 80B4     		push	{r7}
 3142              	.LCFI92:
 3143              		.cfi_def_cfa_offset 4
 3144              		.cfi_offset 7, -4
 3145 0002 87B0     		sub	sp, sp, #28
 3146              	.LCFI93:
 3147              		.cfi_def_cfa_offset 32
 3148 0004 00AF     		add	r7, sp, #0
 3149              	.LCFI94:
 3150              		.cfi_def_cfa_register 7
 3151 0006 7860     		str	r0, [r7, #4]
 3152 0008 3960     		str	r1, [r7]
 938:Drivers/STM32F4xx_HAL_Driver/Src/stm32f4xx_ll_usb.c ****   __IO uint32_t count = 0U;
 3153              		.loc 1 938 17
 3154 000a 0023     		movs	r3, #0
 3155 000c FB60     		str	r3, [r7, #12]
 939:Drivers/STM32F4xx_HAL_Driver/Src/stm32f4xx_ll_usb.c ****   HAL_StatusTypeDef ret = HAL_OK;
 3156              		.loc 1 939 21
 3157 000e 0023     		movs	r3, #0
 3158 0010 FB75     		strb	r3, [r7, #23]
 940:Drivers/STM32F4xx_HAL_Driver/Src/stm32f4xx_ll_usb.c ****   uint32_t USBx_BASE = (uint32_t)USBx;
 3159              		.loc 1 940 12
 3160 0012 7B68     		ldr	r3, [r7, #4]
 3161 0014 3B61     		str	r3, [r7, #16]
 941:Drivers/STM32F4xx_HAL_Driver/Src/stm32f4xx_ll_usb.c **** 
 942:Drivers/STM32F4xx_HAL_Driver/Src/stm32f4xx_ll_usb.c ****   /* IN endpoint */
 943:Drivers/STM32F4xx_HAL_Driver/Src/stm32f4xx_ll_usb.c ****   if (ep->is_in == 1U)
 3162              		.loc 1 943 9
 3163 0016 3B68     		ldr	r3, [r7]
 3164 0018 5B78     		ldrb	r3, [r3, #1]	@ zero_extendqisi2
 3165              		.loc 1 943 6
 3166 001a 012B     		cmp	r3, #1
 3167 001c 4AD1     		bne	.L135
 944:Drivers/STM32F4xx_HAL_Driver/Src/stm32f4xx_ll_usb.c ****   {
ARM GAS  /tmp/ccLxLv8v.s 			page 73


 945:Drivers/STM32F4xx_HAL_Driver/Src/stm32f4xx_ll_usb.c ****     /* EP enable, IN data in FIFO */
 946:Drivers/STM32F4xx_HAL_Driver/Src/stm32f4xx_ll_usb.c ****     if (((USBx_INEP(ep->num)->DIEPCTL) & USB_OTG_DIEPCTL_EPENA) == USB_OTG_DIEPCTL_EPENA)
 3168              		.loc 1 946 11
 3169 001e 3B68     		ldr	r3, [r7]
 3170 0020 1B78     		ldrb	r3, [r3]	@ zero_extendqisi2
 3171 0022 5A01     		lsls	r2, r3, #5
 3172 0024 3B69     		ldr	r3, [r7, #16]
 3173 0026 1344     		add	r3, r3, r2
 3174 0028 03F51063 		add	r3, r3, #2304
 3175              		.loc 1 946 29
 3176 002c 1B68     		ldr	r3, [r3]
 3177              		.loc 1 946 40
 3178 002e 03F00043 		and	r3, r3, #-2147483648
 3179              		.loc 1 946 8
 3180 0032 B3F1004F 		cmp	r3, #-2147483648
 3181 0036 40F08680 		bne	.L139
 947:Drivers/STM32F4xx_HAL_Driver/Src/stm32f4xx_ll_usb.c ****     {
 948:Drivers/STM32F4xx_HAL_Driver/Src/stm32f4xx_ll_usb.c ****       USBx_INEP(ep->num)->DIEPCTL |= (USB_OTG_DIEPCTL_SNAK);
 3182              		.loc 1 948 7
 3183 003a 3B68     		ldr	r3, [r7]
 3184 003c 1B78     		ldrb	r3, [r3]	@ zero_extendqisi2
 3185              		.loc 1 948 25
 3186 003e 5A01     		lsls	r2, r3, #5
 3187 0040 3B69     		ldr	r3, [r7, #16]
 3188 0042 1344     		add	r3, r3, r2
 3189 0044 03F51063 		add	r3, r3, #2304
 3190 0048 1B68     		ldr	r3, [r3]
 3191              		.loc 1 948 7
 3192 004a 3A68     		ldr	r2, [r7]
 3193 004c 1278     		ldrb	r2, [r2]	@ zero_extendqisi2
 3194              		.loc 1 948 25
 3195 004e 5101     		lsls	r1, r2, #5
 3196 0050 3A69     		ldr	r2, [r7, #16]
 3197 0052 0A44     		add	r2, r2, r1
 3198 0054 02F51062 		add	r2, r2, #2304
 3199              		.loc 1 948 35
 3200 0058 43F00063 		orr	r3, r3, #134217728
 3201 005c 1360     		str	r3, [r2]
 949:Drivers/STM32F4xx_HAL_Driver/Src/stm32f4xx_ll_usb.c ****       USBx_INEP(ep->num)->DIEPCTL |= (USB_OTG_DIEPCTL_EPDIS);
 3202              		.loc 1 949 7
 3203 005e 3B68     		ldr	r3, [r7]
 3204 0060 1B78     		ldrb	r3, [r3]	@ zero_extendqisi2
 3205              		.loc 1 949 25
 3206 0062 5A01     		lsls	r2, r3, #5
 3207 0064 3B69     		ldr	r3, [r7, #16]
 3208 0066 1344     		add	r3, r3, r2
 3209 0068 03F51063 		add	r3, r3, #2304
 3210 006c 1B68     		ldr	r3, [r3]
 3211              		.loc 1 949 7
 3212 006e 3A68     		ldr	r2, [r7]
 3213 0070 1278     		ldrb	r2, [r2]	@ zero_extendqisi2
 3214              		.loc 1 949 25
 3215 0072 5101     		lsls	r1, r2, #5
 3216 0074 3A69     		ldr	r2, [r7, #16]
 3217 0076 0A44     		add	r2, r2, r1
 3218 0078 02F51062 		add	r2, r2, #2304
 3219              		.loc 1 949 35
ARM GAS  /tmp/ccLxLv8v.s 			page 74


 3220 007c 43F08043 		orr	r3, r3, #1073741824
 3221 0080 1360     		str	r3, [r2]
 3222              	.L138:
 950:Drivers/STM32F4xx_HAL_Driver/Src/stm32f4xx_ll_usb.c **** 
 951:Drivers/STM32F4xx_HAL_Driver/Src/stm32f4xx_ll_usb.c ****       do
 952:Drivers/STM32F4xx_HAL_Driver/Src/stm32f4xx_ll_usb.c ****       {
 953:Drivers/STM32F4xx_HAL_Driver/Src/stm32f4xx_ll_usb.c ****         count++;
 3223              		.loc 1 953 14
 3224 0082 FB68     		ldr	r3, [r7, #12]
 3225 0084 0133     		adds	r3, r3, #1
 3226 0086 FB60     		str	r3, [r7, #12]
 954:Drivers/STM32F4xx_HAL_Driver/Src/stm32f4xx_ll_usb.c **** 
 955:Drivers/STM32F4xx_HAL_Driver/Src/stm32f4xx_ll_usb.c ****         if (count > 10000U)
 3227              		.loc 1 955 19
 3228 0088 FB68     		ldr	r3, [r7, #12]
 3229              		.loc 1 955 12
 3230 008a 42F21072 		movw	r2, #10000
 3231 008e 9342     		cmp	r3, r2
 3232 0090 02D9     		bls	.L137
 956:Drivers/STM32F4xx_HAL_Driver/Src/stm32f4xx_ll_usb.c ****         {
 957:Drivers/STM32F4xx_HAL_Driver/Src/stm32f4xx_ll_usb.c ****           ret = HAL_ERROR;
 3233              		.loc 1 957 15
 3234 0092 0123     		movs	r3, #1
 3235 0094 FB75     		strb	r3, [r7, #23]
 958:Drivers/STM32F4xx_HAL_Driver/Src/stm32f4xx_ll_usb.c ****           break;
 3236              		.loc 1 958 11
 3237 0096 56E0     		b	.L139
 3238              	.L137:
 959:Drivers/STM32F4xx_HAL_Driver/Src/stm32f4xx_ll_usb.c ****         }
 960:Drivers/STM32F4xx_HAL_Driver/Src/stm32f4xx_ll_usb.c ****       } while (((USBx_INEP(ep->num)->DIEPCTL) & USB_OTG_DIEPCTL_EPENA) ==  USB_OTG_DIEPCTL_EPENA);
 3239              		.loc 1 960 18
 3240 0098 3B68     		ldr	r3, [r7]
 3241 009a 1B78     		ldrb	r3, [r3]	@ zero_extendqisi2
 3242 009c 5A01     		lsls	r2, r3, #5
 3243 009e 3B69     		ldr	r3, [r7, #16]
 3244 00a0 1344     		add	r3, r3, r2
 3245 00a2 03F51063 		add	r3, r3, #2304
 3246              		.loc 1 960 36
 3247 00a6 1B68     		ldr	r3, [r3]
 3248              		.loc 1 960 47
 3249 00a8 03F00043 		and	r3, r3, #-2147483648
 3250              		.loc 1 960 72
 3251 00ac B3F1004F 		cmp	r3, #-2147483648
 3252 00b0 E7D0     		beq	.L138
 3253 00b2 48E0     		b	.L139
 3254              	.L135:
 961:Drivers/STM32F4xx_HAL_Driver/Src/stm32f4xx_ll_usb.c ****     }
 962:Drivers/STM32F4xx_HAL_Driver/Src/stm32f4xx_ll_usb.c ****   }
 963:Drivers/STM32F4xx_HAL_Driver/Src/stm32f4xx_ll_usb.c ****   else /* OUT endpoint */
 964:Drivers/STM32F4xx_HAL_Driver/Src/stm32f4xx_ll_usb.c ****   {
 965:Drivers/STM32F4xx_HAL_Driver/Src/stm32f4xx_ll_usb.c ****     if (((USBx_OUTEP(ep->num)->DOEPCTL) & USB_OTG_DOEPCTL_EPENA) == USB_OTG_DOEPCTL_EPENA)
 3255              		.loc 1 965 11
 3256 00b4 3B68     		ldr	r3, [r7]
 3257 00b6 1B78     		ldrb	r3, [r3]	@ zero_extendqisi2
 3258 00b8 5A01     		lsls	r2, r3, #5
 3259 00ba 3B69     		ldr	r3, [r7, #16]
 3260 00bc 1344     		add	r3, r3, r2
ARM GAS  /tmp/ccLxLv8v.s 			page 75


 3261 00be 03F53063 		add	r3, r3, #2816
 3262              		.loc 1 965 30
 3263 00c2 1B68     		ldr	r3, [r3]
 3264              		.loc 1 965 41
 3265 00c4 03F00043 		and	r3, r3, #-2147483648
 3266              		.loc 1 965 8
 3267 00c8 B3F1004F 		cmp	r3, #-2147483648
 3268 00cc 3BD1     		bne	.L139
 966:Drivers/STM32F4xx_HAL_Driver/Src/stm32f4xx_ll_usb.c ****     {
 967:Drivers/STM32F4xx_HAL_Driver/Src/stm32f4xx_ll_usb.c ****       USBx_OUTEP(ep->num)->DOEPCTL |= (USB_OTG_DOEPCTL_SNAK);
 3269              		.loc 1 967 7
 3270 00ce 3B68     		ldr	r3, [r7]
 3271 00d0 1B78     		ldrb	r3, [r3]	@ zero_extendqisi2
 3272              		.loc 1 967 26
 3273 00d2 5A01     		lsls	r2, r3, #5
 3274 00d4 3B69     		ldr	r3, [r7, #16]
 3275 00d6 1344     		add	r3, r3, r2
 3276 00d8 03F53063 		add	r3, r3, #2816
 3277 00dc 1B68     		ldr	r3, [r3]
 3278              		.loc 1 967 7
 3279 00de 3A68     		ldr	r2, [r7]
 3280 00e0 1278     		ldrb	r2, [r2]	@ zero_extendqisi2
 3281              		.loc 1 967 26
 3282 00e2 5101     		lsls	r1, r2, #5
 3283 00e4 3A69     		ldr	r2, [r7, #16]
 3284 00e6 0A44     		add	r2, r2, r1
 3285 00e8 02F53062 		add	r2, r2, #2816
 3286              		.loc 1 967 36
 3287 00ec 43F00063 		orr	r3, r3, #134217728
 3288 00f0 1360     		str	r3, [r2]
 968:Drivers/STM32F4xx_HAL_Driver/Src/stm32f4xx_ll_usb.c ****       USBx_OUTEP(ep->num)->DOEPCTL |= (USB_OTG_DOEPCTL_EPDIS);
 3289              		.loc 1 968 7
 3290 00f2 3B68     		ldr	r3, [r7]
 3291 00f4 1B78     		ldrb	r3, [r3]	@ zero_extendqisi2
 3292              		.loc 1 968 26
 3293 00f6 5A01     		lsls	r2, r3, #5
 3294 00f8 3B69     		ldr	r3, [r7, #16]
 3295 00fa 1344     		add	r3, r3, r2
 3296 00fc 03F53063 		add	r3, r3, #2816
 3297 0100 1B68     		ldr	r3, [r3]
 3298              		.loc 1 968 7
 3299 0102 3A68     		ldr	r2, [r7]
 3300 0104 1278     		ldrb	r2, [r2]	@ zero_extendqisi2
 3301              		.loc 1 968 26
 3302 0106 5101     		lsls	r1, r2, #5
 3303 0108 3A69     		ldr	r2, [r7, #16]
 3304 010a 0A44     		add	r2, r2, r1
 3305 010c 02F53062 		add	r2, r2, #2816
 3306              		.loc 1 968 36
 3307 0110 43F08043 		orr	r3, r3, #1073741824
 3308 0114 1360     		str	r3, [r2]
 3309              	.L141:
 969:Drivers/STM32F4xx_HAL_Driver/Src/stm32f4xx_ll_usb.c **** 
 970:Drivers/STM32F4xx_HAL_Driver/Src/stm32f4xx_ll_usb.c ****       do
 971:Drivers/STM32F4xx_HAL_Driver/Src/stm32f4xx_ll_usb.c ****       {
 972:Drivers/STM32F4xx_HAL_Driver/Src/stm32f4xx_ll_usb.c ****         count++;
 3310              		.loc 1 972 14
ARM GAS  /tmp/ccLxLv8v.s 			page 76


 3311 0116 FB68     		ldr	r3, [r7, #12]
 3312 0118 0133     		adds	r3, r3, #1
 3313 011a FB60     		str	r3, [r7, #12]
 973:Drivers/STM32F4xx_HAL_Driver/Src/stm32f4xx_ll_usb.c **** 
 974:Drivers/STM32F4xx_HAL_Driver/Src/stm32f4xx_ll_usb.c ****         if (count > 10000U)
 3314              		.loc 1 974 19
 3315 011c FB68     		ldr	r3, [r7, #12]
 3316              		.loc 1 974 12
 3317 011e 42F21072 		movw	r2, #10000
 3318 0122 9342     		cmp	r3, r2
 3319 0124 02D9     		bls	.L140
 975:Drivers/STM32F4xx_HAL_Driver/Src/stm32f4xx_ll_usb.c ****         {
 976:Drivers/STM32F4xx_HAL_Driver/Src/stm32f4xx_ll_usb.c ****           ret = HAL_ERROR;
 3320              		.loc 1 976 15
 3321 0126 0123     		movs	r3, #1
 3322 0128 FB75     		strb	r3, [r7, #23]
 977:Drivers/STM32F4xx_HAL_Driver/Src/stm32f4xx_ll_usb.c ****           break;
 3323              		.loc 1 977 11
 3324 012a 0CE0     		b	.L139
 3325              	.L140:
 978:Drivers/STM32F4xx_HAL_Driver/Src/stm32f4xx_ll_usb.c ****         }
 979:Drivers/STM32F4xx_HAL_Driver/Src/stm32f4xx_ll_usb.c ****       } while (((USBx_OUTEP(ep->num)->DOEPCTL) & USB_OTG_DOEPCTL_EPENA) ==  USB_OTG_DOEPCTL_EPENA);
 3326              		.loc 1 979 18
 3327 012c 3B68     		ldr	r3, [r7]
 3328 012e 1B78     		ldrb	r3, [r3]	@ zero_extendqisi2
 3329 0130 5A01     		lsls	r2, r3, #5
 3330 0132 3B69     		ldr	r3, [r7, #16]
 3331 0134 1344     		add	r3, r3, r2
 3332 0136 03F53063 		add	r3, r3, #2816
 3333              		.loc 1 979 37
 3334 013a 1B68     		ldr	r3, [r3]
 3335              		.loc 1 979 48
 3336 013c 03F00043 		and	r3, r3, #-2147483648
 3337              		.loc 1 979 73
 3338 0140 B3F1004F 		cmp	r3, #-2147483648
 3339 0144 E7D0     		beq	.L141
 3340              	.L139:
 980:Drivers/STM32F4xx_HAL_Driver/Src/stm32f4xx_ll_usb.c ****     }
 981:Drivers/STM32F4xx_HAL_Driver/Src/stm32f4xx_ll_usb.c ****   }
 982:Drivers/STM32F4xx_HAL_Driver/Src/stm32f4xx_ll_usb.c **** 
 983:Drivers/STM32F4xx_HAL_Driver/Src/stm32f4xx_ll_usb.c ****   return ret;
 3341              		.loc 1 983 10
 3342 0146 FB7D     		ldrb	r3, [r7, #23]	@ zero_extendqisi2
 984:Drivers/STM32F4xx_HAL_Driver/Src/stm32f4xx_ll_usb.c **** }
 3343              		.loc 1 984 1
 3344 0148 1846     		mov	r0, r3
 3345 014a 1C37     		adds	r7, r7, #28
 3346              	.LCFI95:
 3347              		.cfi_def_cfa_offset 4
 3348 014c BD46     		mov	sp, r7
 3349              	.LCFI96:
 3350              		.cfi_def_cfa_register 13
 3351              		@ sp needed
 3352 014e 80BC     		pop	{r7}
 3353              	.LCFI97:
 3354              		.cfi_restore 7
 3355              		.cfi_def_cfa_offset 0
ARM GAS  /tmp/ccLxLv8v.s 			page 77


 3356 0150 7047     		bx	lr
 3357              		.cfi_endproc
 3358              	.LFE235:
 3360              		.section	.text.USB_WritePacket,"ax",%progbits
 3361              		.align	1
 3362              		.global	USB_WritePacket
 3363              		.syntax unified
 3364              		.thumb
 3365              		.thumb_func
 3367              	USB_WritePacket:
 3368              	.LFB236:
 985:Drivers/STM32F4xx_HAL_Driver/Src/stm32f4xx_ll_usb.c **** 
 986:Drivers/STM32F4xx_HAL_Driver/Src/stm32f4xx_ll_usb.c **** 
 987:Drivers/STM32F4xx_HAL_Driver/Src/stm32f4xx_ll_usb.c **** /**
 988:Drivers/STM32F4xx_HAL_Driver/Src/stm32f4xx_ll_usb.c ****   * @brief  USB_WritePacket : Writes a packet into the Tx FIFO associated
 989:Drivers/STM32F4xx_HAL_Driver/Src/stm32f4xx_ll_usb.c ****   *         with the EP/channel
 990:Drivers/STM32F4xx_HAL_Driver/Src/stm32f4xx_ll_usb.c ****   * @param  USBx  Selected device
 991:Drivers/STM32F4xx_HAL_Driver/Src/stm32f4xx_ll_usb.c ****   * @param  src   pointer to source buffer
 992:Drivers/STM32F4xx_HAL_Driver/Src/stm32f4xx_ll_usb.c ****   * @param  ch_ep_num  endpoint or host channel number
 993:Drivers/STM32F4xx_HAL_Driver/Src/stm32f4xx_ll_usb.c ****   * @param  len  Number of bytes to write
 994:Drivers/STM32F4xx_HAL_Driver/Src/stm32f4xx_ll_usb.c ****   * @param  dma USB dma enabled or disabled
 995:Drivers/STM32F4xx_HAL_Driver/Src/stm32f4xx_ll_usb.c ****   *          This parameter can be one of these values:
 996:Drivers/STM32F4xx_HAL_Driver/Src/stm32f4xx_ll_usb.c ****   *           0 : DMA feature not used
 997:Drivers/STM32F4xx_HAL_Driver/Src/stm32f4xx_ll_usb.c ****   *           1 : DMA feature used
 998:Drivers/STM32F4xx_HAL_Driver/Src/stm32f4xx_ll_usb.c ****   * @retval HAL status
 999:Drivers/STM32F4xx_HAL_Driver/Src/stm32f4xx_ll_usb.c ****   */
1000:Drivers/STM32F4xx_HAL_Driver/Src/stm32f4xx_ll_usb.c **** HAL_StatusTypeDef USB_WritePacket(const USB_OTG_GlobalTypeDef *USBx, uint8_t *src,
1001:Drivers/STM32F4xx_HAL_Driver/Src/stm32f4xx_ll_usb.c ****                                   uint8_t ch_ep_num, uint16_t len, uint8_t dma)
1002:Drivers/STM32F4xx_HAL_Driver/Src/stm32f4xx_ll_usb.c **** {
 3369              		.loc 1 1002 1
 3370              		.cfi_startproc
 3371              		@ args = 4, pretend = 0, frame = 32
 3372              		@ frame_needed = 1, uses_anonymous_args = 0
 3373              		@ link register save eliminated.
 3374 0000 80B4     		push	{r7}
 3375              	.LCFI98:
 3376              		.cfi_def_cfa_offset 4
 3377              		.cfi_offset 7, -4
 3378 0002 89B0     		sub	sp, sp, #36
 3379              	.LCFI99:
 3380              		.cfi_def_cfa_offset 40
 3381 0004 00AF     		add	r7, sp, #0
 3382              	.LCFI100:
 3383              		.cfi_def_cfa_register 7
 3384 0006 F860     		str	r0, [r7, #12]
 3385 0008 B960     		str	r1, [r7, #8]
 3386 000a 1146     		mov	r1, r2
 3387 000c 1A46     		mov	r2, r3
 3388 000e 0B46     		mov	r3, r1
 3389 0010 FB71     		strb	r3, [r7, #7]
 3390 0012 1346     		mov	r3, r2	@ movhi
 3391 0014 BB80     		strh	r3, [r7, #4]	@ movhi
1003:Drivers/STM32F4xx_HAL_Driver/Src/stm32f4xx_ll_usb.c ****   uint32_t USBx_BASE = (uint32_t)USBx;
 3392              		.loc 1 1003 12
 3393 0016 FB68     		ldr	r3, [r7, #12]
 3394 0018 7B61     		str	r3, [r7, #20]
1004:Drivers/STM32F4xx_HAL_Driver/Src/stm32f4xx_ll_usb.c ****   uint8_t *pSrc = src;
ARM GAS  /tmp/ccLxLv8v.s 			page 78


 3395              		.loc 1 1004 12
 3396 001a BB68     		ldr	r3, [r7, #8]
 3397 001c FB61     		str	r3, [r7, #28]
1005:Drivers/STM32F4xx_HAL_Driver/Src/stm32f4xx_ll_usb.c ****   uint32_t count32b;
1006:Drivers/STM32F4xx_HAL_Driver/Src/stm32f4xx_ll_usb.c ****   uint32_t i;
1007:Drivers/STM32F4xx_HAL_Driver/Src/stm32f4xx_ll_usb.c **** 
1008:Drivers/STM32F4xx_HAL_Driver/Src/stm32f4xx_ll_usb.c ****   if (dma == 0U)
 3398              		.loc 1 1008 6
 3399 001e 97F82830 		ldrb	r3, [r7, #40]	@ zero_extendqisi2
 3400 0022 002B     		cmp	r3, #0
 3401 0024 23D1     		bne	.L144
1009:Drivers/STM32F4xx_HAL_Driver/Src/stm32f4xx_ll_usb.c ****   {
1010:Drivers/STM32F4xx_HAL_Driver/Src/stm32f4xx_ll_usb.c ****     count32b = ((uint32_t)len + 3U) / 4U;
 3402              		.loc 1 1010 17
 3403 0026 BB88     		ldrh	r3, [r7, #4]
 3404              		.loc 1 1010 31
 3405 0028 0333     		adds	r3, r3, #3
 3406              		.loc 1 1010 14
 3407 002a 9B08     		lsrs	r3, r3, #2
 3408 002c 3B61     		str	r3, [r7, #16]
1011:Drivers/STM32F4xx_HAL_Driver/Src/stm32f4xx_ll_usb.c ****     for (i = 0U; i < count32b; i++)
 3409              		.loc 1 1011 12
 3410 002e 0023     		movs	r3, #0
 3411 0030 BB61     		str	r3, [r7, #24]
 3412              		.loc 1 1011 5
 3413 0032 18E0     		b	.L145
 3414              	.L146:
1012:Drivers/STM32F4xx_HAL_Driver/Src/stm32f4xx_ll_usb.c ****     {
1013:Drivers/STM32F4xx_HAL_Driver/Src/stm32f4xx_ll_usb.c ****       USBx_DFIFO((uint32_t)ch_ep_num) = __UNALIGNED_UINT32_READ(pSrc);
 3415              		.loc 1 1013 7
 3416 0034 FB79     		ldrb	r3, [r7, #7]	@ zero_extendqisi2
 3417 0036 1A03     		lsls	r2, r3, #12
 3418 0038 7B69     		ldr	r3, [r7, #20]
 3419 003a 1344     		add	r3, r3, r2
 3420 003c 03F58053 		add	r3, r3, #4096
 3421 0040 1A46     		mov	r2, r3
 3422              		.loc 1 1013 41
 3423 0042 FB69     		ldr	r3, [r7, #28]
 3424 0044 1B68     		ldr	r3, [r3]	@ unaligned
 3425              		.loc 1 1013 39
 3426 0046 1360     		str	r3, [r2]
1014:Drivers/STM32F4xx_HAL_Driver/Src/stm32f4xx_ll_usb.c ****       pSrc++;
 3427              		.loc 1 1014 11
 3428 0048 FB69     		ldr	r3, [r7, #28]
 3429 004a 0133     		adds	r3, r3, #1
 3430 004c FB61     		str	r3, [r7, #28]
1015:Drivers/STM32F4xx_HAL_Driver/Src/stm32f4xx_ll_usb.c ****       pSrc++;
 3431              		.loc 1 1015 11
 3432 004e FB69     		ldr	r3, [r7, #28]
 3433 0050 0133     		adds	r3, r3, #1
 3434 0052 FB61     		str	r3, [r7, #28]
1016:Drivers/STM32F4xx_HAL_Driver/Src/stm32f4xx_ll_usb.c ****       pSrc++;
 3435              		.loc 1 1016 11
 3436 0054 FB69     		ldr	r3, [r7, #28]
 3437 0056 0133     		adds	r3, r3, #1
 3438 0058 FB61     		str	r3, [r7, #28]
1017:Drivers/STM32F4xx_HAL_Driver/Src/stm32f4xx_ll_usb.c ****       pSrc++;
ARM GAS  /tmp/ccLxLv8v.s 			page 79


 3439              		.loc 1 1017 11
 3440 005a FB69     		ldr	r3, [r7, #28]
 3441 005c 0133     		adds	r3, r3, #1
 3442 005e FB61     		str	r3, [r7, #28]
1011:Drivers/STM32F4xx_HAL_Driver/Src/stm32f4xx_ll_usb.c ****     {
 3443              		.loc 1 1011 33 discriminator 3
 3444 0060 BB69     		ldr	r3, [r7, #24]
 3445 0062 0133     		adds	r3, r3, #1
 3446 0064 BB61     		str	r3, [r7, #24]
 3447              	.L145:
1011:Drivers/STM32F4xx_HAL_Driver/Src/stm32f4xx_ll_usb.c ****     {
 3448              		.loc 1 1011 20 discriminator 1
 3449 0066 BA69     		ldr	r2, [r7, #24]
 3450 0068 3B69     		ldr	r3, [r7, #16]
 3451 006a 9A42     		cmp	r2, r3
 3452 006c E2D3     		bcc	.L146
 3453              	.L144:
1018:Drivers/STM32F4xx_HAL_Driver/Src/stm32f4xx_ll_usb.c ****     }
1019:Drivers/STM32F4xx_HAL_Driver/Src/stm32f4xx_ll_usb.c ****   }
1020:Drivers/STM32F4xx_HAL_Driver/Src/stm32f4xx_ll_usb.c **** 
1021:Drivers/STM32F4xx_HAL_Driver/Src/stm32f4xx_ll_usb.c ****   return HAL_OK;
 3454              		.loc 1 1021 10
 3455 006e 0023     		movs	r3, #0
1022:Drivers/STM32F4xx_HAL_Driver/Src/stm32f4xx_ll_usb.c **** }
 3456              		.loc 1 1022 1
 3457 0070 1846     		mov	r0, r3
 3458 0072 2437     		adds	r7, r7, #36
 3459              	.LCFI101:
 3460              		.cfi_def_cfa_offset 4
 3461 0074 BD46     		mov	sp, r7
 3462              	.LCFI102:
 3463              		.cfi_def_cfa_register 13
 3464              		@ sp needed
 3465 0076 80BC     		pop	{r7}
 3466              	.LCFI103:
 3467              		.cfi_restore 7
 3468              		.cfi_def_cfa_offset 0
 3469 0078 7047     		bx	lr
 3470              		.cfi_endproc
 3471              	.LFE236:
 3473              		.section	.text.USB_ReadPacket,"ax",%progbits
 3474              		.align	1
 3475              		.global	USB_ReadPacket
 3476              		.syntax unified
 3477              		.thumb
 3478              		.thumb_func
 3480              	USB_ReadPacket:
 3481              	.LFB237:
1023:Drivers/STM32F4xx_HAL_Driver/Src/stm32f4xx_ll_usb.c **** 
1024:Drivers/STM32F4xx_HAL_Driver/Src/stm32f4xx_ll_usb.c **** /**
1025:Drivers/STM32F4xx_HAL_Driver/Src/stm32f4xx_ll_usb.c ****   * @brief  USB_ReadPacket : read a packet from the RX FIFO
1026:Drivers/STM32F4xx_HAL_Driver/Src/stm32f4xx_ll_usb.c ****   * @param  USBx  Selected device
1027:Drivers/STM32F4xx_HAL_Driver/Src/stm32f4xx_ll_usb.c ****   * @param  dest  source pointer
1028:Drivers/STM32F4xx_HAL_Driver/Src/stm32f4xx_ll_usb.c ****   * @param  len  Number of bytes to read
1029:Drivers/STM32F4xx_HAL_Driver/Src/stm32f4xx_ll_usb.c ****   * @retval pointer to destination buffer
1030:Drivers/STM32F4xx_HAL_Driver/Src/stm32f4xx_ll_usb.c ****   */
1031:Drivers/STM32F4xx_HAL_Driver/Src/stm32f4xx_ll_usb.c **** void *USB_ReadPacket(const USB_OTG_GlobalTypeDef *USBx, uint8_t *dest, uint16_t len)
ARM GAS  /tmp/ccLxLv8v.s 			page 80


1032:Drivers/STM32F4xx_HAL_Driver/Src/stm32f4xx_ll_usb.c **** {
 3482              		.loc 1 1032 1
 3483              		.cfi_startproc
 3484              		@ args = 0, pretend = 0, frame = 40
 3485              		@ frame_needed = 1, uses_anonymous_args = 0
 3486              		@ link register save eliminated.
 3487 0000 80B4     		push	{r7}
 3488              	.LCFI104:
 3489              		.cfi_def_cfa_offset 4
 3490              		.cfi_offset 7, -4
 3491 0002 8BB0     		sub	sp, sp, #44
 3492              	.LCFI105:
 3493              		.cfi_def_cfa_offset 48
 3494 0004 00AF     		add	r7, sp, #0
 3495              	.LCFI106:
 3496              		.cfi_def_cfa_register 7
 3497 0006 F860     		str	r0, [r7, #12]
 3498 0008 B960     		str	r1, [r7, #8]
 3499 000a 1346     		mov	r3, r2
 3500 000c FB80     		strh	r3, [r7, #6]	@ movhi
1033:Drivers/STM32F4xx_HAL_Driver/Src/stm32f4xx_ll_usb.c ****   uint32_t USBx_BASE = (uint32_t)USBx;
 3501              		.loc 1 1033 12
 3502 000e FB68     		ldr	r3, [r7, #12]
 3503 0010 BB61     		str	r3, [r7, #24]
1034:Drivers/STM32F4xx_HAL_Driver/Src/stm32f4xx_ll_usb.c ****   uint8_t *pDest = dest;
 3504              		.loc 1 1034 12
 3505 0012 BB68     		ldr	r3, [r7, #8]
 3506 0014 7B62     		str	r3, [r7, #36]
1035:Drivers/STM32F4xx_HAL_Driver/Src/stm32f4xx_ll_usb.c ****   uint32_t pData;
1036:Drivers/STM32F4xx_HAL_Driver/Src/stm32f4xx_ll_usb.c ****   uint32_t i;
1037:Drivers/STM32F4xx_HAL_Driver/Src/stm32f4xx_ll_usb.c ****   uint32_t count32b = (uint32_t)len >> 2U;
 3507              		.loc 1 1037 37
 3508 0016 FB88     		ldrh	r3, [r7, #6]
 3509 0018 9B08     		lsrs	r3, r3, #2
 3510 001a 9BB2     		uxth	r3, r3
 3511              		.loc 1 1037 12
 3512 001c 7B61     		str	r3, [r7, #20]
1038:Drivers/STM32F4xx_HAL_Driver/Src/stm32f4xx_ll_usb.c ****   uint16_t remaining_bytes = len % 4U;
 3513              		.loc 1 1038 12
 3514 001e FB88     		ldrh	r3, [r7, #6]	@ movhi
 3515 0020 03F00303 		and	r3, r3, #3
 3516 0024 FB83     		strh	r3, [r7, #30]	@ movhi
1039:Drivers/STM32F4xx_HAL_Driver/Src/stm32f4xx_ll_usb.c **** 
1040:Drivers/STM32F4xx_HAL_Driver/Src/stm32f4xx_ll_usb.c ****   for (i = 0U; i < count32b; i++)
 3517              		.loc 1 1040 10
 3518 0026 0023     		movs	r3, #0
 3519 0028 3B62     		str	r3, [r7, #32]
 3520              		.loc 1 1040 3
 3521 002a 14E0     		b	.L149
 3522              	.L150:
1041:Drivers/STM32F4xx_HAL_Driver/Src/stm32f4xx_ll_usb.c ****   {
1042:Drivers/STM32F4xx_HAL_Driver/Src/stm32f4xx_ll_usb.c ****     __UNALIGNED_UINT32_WRITE(pDest, USBx_DFIFO(0U));
 3523              		.loc 1 1042 5
 3524 002c BB69     		ldr	r3, [r7, #24]
 3525 002e 03F58053 		add	r3, r3, #4096
 3526 0032 1A68     		ldr	r2, [r3]
 3527 0034 7B6A     		ldr	r3, [r7, #36]
ARM GAS  /tmp/ccLxLv8v.s 			page 81


 3528 0036 1A60     		str	r2, [r3]	@ unaligned
1043:Drivers/STM32F4xx_HAL_Driver/Src/stm32f4xx_ll_usb.c ****     pDest++;
 3529              		.loc 1 1043 10
 3530 0038 7B6A     		ldr	r3, [r7, #36]
 3531 003a 0133     		adds	r3, r3, #1
 3532 003c 7B62     		str	r3, [r7, #36]
1044:Drivers/STM32F4xx_HAL_Driver/Src/stm32f4xx_ll_usb.c ****     pDest++;
 3533              		.loc 1 1044 10
 3534 003e 7B6A     		ldr	r3, [r7, #36]
 3535 0040 0133     		adds	r3, r3, #1
 3536 0042 7B62     		str	r3, [r7, #36]
1045:Drivers/STM32F4xx_HAL_Driver/Src/stm32f4xx_ll_usb.c ****     pDest++;
 3537              		.loc 1 1045 10
 3538 0044 7B6A     		ldr	r3, [r7, #36]
 3539 0046 0133     		adds	r3, r3, #1
 3540 0048 7B62     		str	r3, [r7, #36]
1046:Drivers/STM32F4xx_HAL_Driver/Src/stm32f4xx_ll_usb.c ****     pDest++;
 3541              		.loc 1 1046 10
 3542 004a 7B6A     		ldr	r3, [r7, #36]
 3543 004c 0133     		adds	r3, r3, #1
 3544 004e 7B62     		str	r3, [r7, #36]
1040:Drivers/STM32F4xx_HAL_Driver/Src/stm32f4xx_ll_usb.c ****   {
 3545              		.loc 1 1040 31 discriminator 3
 3546 0050 3B6A     		ldr	r3, [r7, #32]
 3547 0052 0133     		adds	r3, r3, #1
 3548 0054 3B62     		str	r3, [r7, #32]
 3549              	.L149:
1040:Drivers/STM32F4xx_HAL_Driver/Src/stm32f4xx_ll_usb.c ****   {
 3550              		.loc 1 1040 18 discriminator 1
 3551 0056 3A6A     		ldr	r2, [r7, #32]
 3552 0058 7B69     		ldr	r3, [r7, #20]
 3553 005a 9A42     		cmp	r2, r3
 3554 005c E6D3     		bcc	.L150
1047:Drivers/STM32F4xx_HAL_Driver/Src/stm32f4xx_ll_usb.c ****   }
1048:Drivers/STM32F4xx_HAL_Driver/Src/stm32f4xx_ll_usb.c **** 
1049:Drivers/STM32F4xx_HAL_Driver/Src/stm32f4xx_ll_usb.c ****   /* When Number of data is not word aligned, read the remaining byte */
1050:Drivers/STM32F4xx_HAL_Driver/Src/stm32f4xx_ll_usb.c ****   if (remaining_bytes != 0U)
 3555              		.loc 1 1050 6
 3556 005e FB8B     		ldrh	r3, [r7, #30]
 3557 0060 002B     		cmp	r3, #0
 3558 0062 1ED0     		beq	.L151
1051:Drivers/STM32F4xx_HAL_Driver/Src/stm32f4xx_ll_usb.c ****   {
1052:Drivers/STM32F4xx_HAL_Driver/Src/stm32f4xx_ll_usb.c ****     i = 0U;
 3559              		.loc 1 1052 7
 3560 0064 0023     		movs	r3, #0
 3561 0066 3B62     		str	r3, [r7, #32]
1053:Drivers/STM32F4xx_HAL_Driver/Src/stm32f4xx_ll_usb.c ****     __UNALIGNED_UINT32_WRITE(&pData, USBx_DFIFO(0U));
 3562              		.loc 1 1053 5
 3563 0068 BB69     		ldr	r3, [r7, #24]
 3564 006a 03F58053 		add	r3, r3, #4096
 3565 006e 1A46     		mov	r2, r3
 3566 0070 07F11003 		add	r3, r7, #16
 3567 0074 1268     		ldr	r2, [r2]
 3568 0076 1A60     		str	r2, [r3]	@ unaligned
 3569              	.L152:
1054:Drivers/STM32F4xx_HAL_Driver/Src/stm32f4xx_ll_usb.c **** 
1055:Drivers/STM32F4xx_HAL_Driver/Src/stm32f4xx_ll_usb.c ****     do
ARM GAS  /tmp/ccLxLv8v.s 			page 82


1056:Drivers/STM32F4xx_HAL_Driver/Src/stm32f4xx_ll_usb.c ****     {
1057:Drivers/STM32F4xx_HAL_Driver/Src/stm32f4xx_ll_usb.c ****       *(uint8_t *)pDest = (uint8_t)(pData >> (8U * (uint8_t)(i)));
 3570              		.loc 1 1057 43
 3571 0078 3A69     		ldr	r2, [r7, #16]
 3572              		.loc 1 1057 52
 3573 007a 3B6A     		ldr	r3, [r7, #32]
 3574 007c DBB2     		uxtb	r3, r3
 3575              		.loc 1 1057 50
 3576 007e DB00     		lsls	r3, r3, #3
 3577              		.loc 1 1057 43
 3578 0080 22FA03F3 		lsr	r3, r2, r3
 3579              		.loc 1 1057 27
 3580 0084 DAB2     		uxtb	r2, r3
 3581              		.loc 1 1057 25
 3582 0086 7B6A     		ldr	r3, [r7, #36]
 3583 0088 1A70     		strb	r2, [r3]
1058:Drivers/STM32F4xx_HAL_Driver/Src/stm32f4xx_ll_usb.c ****       i++;
 3584              		.loc 1 1058 8
 3585 008a 3B6A     		ldr	r3, [r7, #32]
 3586 008c 0133     		adds	r3, r3, #1
 3587 008e 3B62     		str	r3, [r7, #32]
1059:Drivers/STM32F4xx_HAL_Driver/Src/stm32f4xx_ll_usb.c ****       pDest++;
 3588              		.loc 1 1059 12
 3589 0090 7B6A     		ldr	r3, [r7, #36]
 3590 0092 0133     		adds	r3, r3, #1
 3591 0094 7B62     		str	r3, [r7, #36]
1060:Drivers/STM32F4xx_HAL_Driver/Src/stm32f4xx_ll_usb.c ****       remaining_bytes--;
 3592              		.loc 1 1060 22
 3593 0096 FB8B     		ldrh	r3, [r7, #30]
 3594 0098 013B     		subs	r3, r3, #1
 3595 009a FB83     		strh	r3, [r7, #30]	@ movhi
1061:Drivers/STM32F4xx_HAL_Driver/Src/stm32f4xx_ll_usb.c ****     } while (remaining_bytes != 0U);
 3596              		.loc 1 1061 30 discriminator 1
 3597 009c FB8B     		ldrh	r3, [r7, #30]
 3598 009e 002B     		cmp	r3, #0
 3599 00a0 EAD1     		bne	.L152
 3600              	.L151:
1062:Drivers/STM32F4xx_HAL_Driver/Src/stm32f4xx_ll_usb.c ****   }
1063:Drivers/STM32F4xx_HAL_Driver/Src/stm32f4xx_ll_usb.c **** 
1064:Drivers/STM32F4xx_HAL_Driver/Src/stm32f4xx_ll_usb.c ****   return ((void *)pDest);
 3601              		.loc 1 1064 11
 3602 00a2 7B6A     		ldr	r3, [r7, #36]
1065:Drivers/STM32F4xx_HAL_Driver/Src/stm32f4xx_ll_usb.c **** }
 3603              		.loc 1 1065 1
 3604 00a4 1846     		mov	r0, r3
 3605 00a6 2C37     		adds	r7, r7, #44
 3606              	.LCFI107:
 3607              		.cfi_def_cfa_offset 4
 3608 00a8 BD46     		mov	sp, r7
 3609              	.LCFI108:
 3610              		.cfi_def_cfa_register 13
 3611              		@ sp needed
 3612 00aa 80BC     		pop	{r7}
 3613              	.LCFI109:
 3614              		.cfi_restore 7
 3615              		.cfi_def_cfa_offset 0
 3616 00ac 7047     		bx	lr
ARM GAS  /tmp/ccLxLv8v.s 			page 83


 3617              		.cfi_endproc
 3618              	.LFE237:
 3620              		.section	.text.USB_EPSetStall,"ax",%progbits
 3621              		.align	1
 3622              		.global	USB_EPSetStall
 3623              		.syntax unified
 3624              		.thumb
 3625              		.thumb_func
 3627              	USB_EPSetStall:
 3628              	.LFB238:
1066:Drivers/STM32F4xx_HAL_Driver/Src/stm32f4xx_ll_usb.c **** 
1067:Drivers/STM32F4xx_HAL_Driver/Src/stm32f4xx_ll_usb.c **** /**
1068:Drivers/STM32F4xx_HAL_Driver/Src/stm32f4xx_ll_usb.c ****   * @brief  USB_EPSetStall : set a stall condition over an EP
1069:Drivers/STM32F4xx_HAL_Driver/Src/stm32f4xx_ll_usb.c ****   * @param  USBx  Selected device
1070:Drivers/STM32F4xx_HAL_Driver/Src/stm32f4xx_ll_usb.c ****   * @param  ep pointer to endpoint structure
1071:Drivers/STM32F4xx_HAL_Driver/Src/stm32f4xx_ll_usb.c ****   * @retval HAL status
1072:Drivers/STM32F4xx_HAL_Driver/Src/stm32f4xx_ll_usb.c ****   */
1073:Drivers/STM32F4xx_HAL_Driver/Src/stm32f4xx_ll_usb.c **** HAL_StatusTypeDef USB_EPSetStall(const USB_OTG_GlobalTypeDef *USBx, const USB_OTG_EPTypeDef *ep)
1074:Drivers/STM32F4xx_HAL_Driver/Src/stm32f4xx_ll_usb.c **** {
 3629              		.loc 1 1074 1
 3630              		.cfi_startproc
 3631              		@ args = 0, pretend = 0, frame = 16
 3632              		@ frame_needed = 1, uses_anonymous_args = 0
 3633              		@ link register save eliminated.
 3634 0000 80B4     		push	{r7}
 3635              	.LCFI110:
 3636              		.cfi_def_cfa_offset 4
 3637              		.cfi_offset 7, -4
 3638 0002 85B0     		sub	sp, sp, #20
 3639              	.LCFI111:
 3640              		.cfi_def_cfa_offset 24
 3641 0004 00AF     		add	r7, sp, #0
 3642              	.LCFI112:
 3643              		.cfi_def_cfa_register 7
 3644 0006 7860     		str	r0, [r7, #4]
 3645 0008 3960     		str	r1, [r7]
1075:Drivers/STM32F4xx_HAL_Driver/Src/stm32f4xx_ll_usb.c ****   uint32_t USBx_BASE = (uint32_t)USBx;
 3646              		.loc 1 1075 12
 3647 000a 7B68     		ldr	r3, [r7, #4]
 3648 000c FB60     		str	r3, [r7, #12]
1076:Drivers/STM32F4xx_HAL_Driver/Src/stm32f4xx_ll_usb.c ****   uint32_t epnum = (uint32_t)ep->num;
 3649              		.loc 1 1076 32
 3650 000e 3B68     		ldr	r3, [r7]
 3651 0010 1B78     		ldrb	r3, [r3]	@ zero_extendqisi2
 3652              		.loc 1 1076 12
 3653 0012 BB60     		str	r3, [r7, #8]
1077:Drivers/STM32F4xx_HAL_Driver/Src/stm32f4xx_ll_usb.c **** 
1078:Drivers/STM32F4xx_HAL_Driver/Src/stm32f4xx_ll_usb.c ****   if (ep->is_in == 1U)
 3654              		.loc 1 1078 9
 3655 0014 3B68     		ldr	r3, [r7]
 3656 0016 5B78     		ldrb	r3, [r3, #1]	@ zero_extendqisi2
 3657              		.loc 1 1078 6
 3658 0018 012B     		cmp	r3, #1
 3659 001a 2CD1     		bne	.L155
1079:Drivers/STM32F4xx_HAL_Driver/Src/stm32f4xx_ll_usb.c ****   {
1080:Drivers/STM32F4xx_HAL_Driver/Src/stm32f4xx_ll_usb.c ****     if (((USBx_INEP(epnum)->DIEPCTL & USB_OTG_DIEPCTL_EPENA) == 0U) && (epnum != 0U))
 3660              		.loc 1 1080 11
ARM GAS  /tmp/ccLxLv8v.s 			page 84


 3661 001c BB68     		ldr	r3, [r7, #8]
 3662 001e 5A01     		lsls	r2, r3, #5
 3663 0020 FB68     		ldr	r3, [r7, #12]
 3664 0022 1344     		add	r3, r3, r2
 3665 0024 03F51063 		add	r3, r3, #2304
 3666              		.loc 1 1080 27
 3667 0028 1B68     		ldr	r3, [r3]
 3668              		.loc 1 1080 8
 3669 002a 002B     		cmp	r3, #0
 3670 002c 12DB     		blt	.L156
 3671              		.loc 1 1080 69 discriminator 1
 3672 002e BB68     		ldr	r3, [r7, #8]
 3673 0030 002B     		cmp	r3, #0
 3674 0032 0FD0     		beq	.L156
1081:Drivers/STM32F4xx_HAL_Driver/Src/stm32f4xx_ll_usb.c ****     {
1082:Drivers/STM32F4xx_HAL_Driver/Src/stm32f4xx_ll_usb.c ****       USBx_INEP(epnum)->DIEPCTL &= ~(USB_OTG_DIEPCTL_EPDIS);
 3675              		.loc 1 1082 23
 3676 0034 BB68     		ldr	r3, [r7, #8]
 3677 0036 5A01     		lsls	r2, r3, #5
 3678 0038 FB68     		ldr	r3, [r7, #12]
 3679 003a 1344     		add	r3, r3, r2
 3680 003c 03F51063 		add	r3, r3, #2304
 3681 0040 1B68     		ldr	r3, [r3]
 3682 0042 BA68     		ldr	r2, [r7, #8]
 3683 0044 5101     		lsls	r1, r2, #5
 3684 0046 FA68     		ldr	r2, [r7, #12]
 3685 0048 0A44     		add	r2, r2, r1
 3686 004a 02F51062 		add	r2, r2, #2304
 3687              		.loc 1 1082 33
 3688 004e 23F08043 		bic	r3, r3, #1073741824
 3689 0052 1360     		str	r3, [r2]
 3690              	.L156:
1083:Drivers/STM32F4xx_HAL_Driver/Src/stm32f4xx_ll_usb.c ****     }
1084:Drivers/STM32F4xx_HAL_Driver/Src/stm32f4xx_ll_usb.c ****     USBx_INEP(epnum)->DIEPCTL |= USB_OTG_DIEPCTL_STALL;
 3691              		.loc 1 1084 21
 3692 0054 BB68     		ldr	r3, [r7, #8]
 3693 0056 5A01     		lsls	r2, r3, #5
 3694 0058 FB68     		ldr	r3, [r7, #12]
 3695 005a 1344     		add	r3, r3, r2
 3696 005c 03F51063 		add	r3, r3, #2304
 3697 0060 1B68     		ldr	r3, [r3]
 3698 0062 BA68     		ldr	r2, [r7, #8]
 3699 0064 5101     		lsls	r1, r2, #5
 3700 0066 FA68     		ldr	r2, [r7, #12]
 3701 0068 0A44     		add	r2, r2, r1
 3702 006a 02F51062 		add	r2, r2, #2304
 3703              		.loc 1 1084 31
 3704 006e 43F40013 		orr	r3, r3, #2097152
 3705 0072 1360     		str	r3, [r2]
 3706 0074 2BE0     		b	.L157
 3707              	.L155:
1085:Drivers/STM32F4xx_HAL_Driver/Src/stm32f4xx_ll_usb.c ****   }
1086:Drivers/STM32F4xx_HAL_Driver/Src/stm32f4xx_ll_usb.c ****   else
1087:Drivers/STM32F4xx_HAL_Driver/Src/stm32f4xx_ll_usb.c ****   {
1088:Drivers/STM32F4xx_HAL_Driver/Src/stm32f4xx_ll_usb.c ****     if (((USBx_OUTEP(epnum)->DOEPCTL & USB_OTG_DOEPCTL_EPENA) == 0U) && (epnum != 0U))
 3708              		.loc 1 1088 11
 3709 0076 BB68     		ldr	r3, [r7, #8]
ARM GAS  /tmp/ccLxLv8v.s 			page 85


 3710 0078 5A01     		lsls	r2, r3, #5
 3711 007a FB68     		ldr	r3, [r7, #12]
 3712 007c 1344     		add	r3, r3, r2
 3713 007e 03F53063 		add	r3, r3, #2816
 3714              		.loc 1 1088 28
 3715 0082 1B68     		ldr	r3, [r3]
 3716              		.loc 1 1088 8
 3717 0084 002B     		cmp	r3, #0
 3718 0086 12DB     		blt	.L158
 3719              		.loc 1 1088 70 discriminator 1
 3720 0088 BB68     		ldr	r3, [r7, #8]
 3721 008a 002B     		cmp	r3, #0
 3722 008c 0FD0     		beq	.L158
1089:Drivers/STM32F4xx_HAL_Driver/Src/stm32f4xx_ll_usb.c ****     {
1090:Drivers/STM32F4xx_HAL_Driver/Src/stm32f4xx_ll_usb.c ****       USBx_OUTEP(epnum)->DOEPCTL &= ~(USB_OTG_DOEPCTL_EPDIS);
 3723              		.loc 1 1090 24
 3724 008e BB68     		ldr	r3, [r7, #8]
 3725 0090 5A01     		lsls	r2, r3, #5
 3726 0092 FB68     		ldr	r3, [r7, #12]
 3727 0094 1344     		add	r3, r3, r2
 3728 0096 03F53063 		add	r3, r3, #2816
 3729 009a 1B68     		ldr	r3, [r3]
 3730 009c BA68     		ldr	r2, [r7, #8]
 3731 009e 5101     		lsls	r1, r2, #5
 3732 00a0 FA68     		ldr	r2, [r7, #12]
 3733 00a2 0A44     		add	r2, r2, r1
 3734 00a4 02F53062 		add	r2, r2, #2816
 3735              		.loc 1 1090 34
 3736 00a8 23F08043 		bic	r3, r3, #1073741824
 3737 00ac 1360     		str	r3, [r2]
 3738              	.L158:
1091:Drivers/STM32F4xx_HAL_Driver/Src/stm32f4xx_ll_usb.c ****     }
1092:Drivers/STM32F4xx_HAL_Driver/Src/stm32f4xx_ll_usb.c ****     USBx_OUTEP(epnum)->DOEPCTL |= USB_OTG_DOEPCTL_STALL;
 3739              		.loc 1 1092 22
 3740 00ae BB68     		ldr	r3, [r7, #8]
 3741 00b0 5A01     		lsls	r2, r3, #5
 3742 00b2 FB68     		ldr	r3, [r7, #12]
 3743 00b4 1344     		add	r3, r3, r2
 3744 00b6 03F53063 		add	r3, r3, #2816
 3745 00ba 1B68     		ldr	r3, [r3]
 3746 00bc BA68     		ldr	r2, [r7, #8]
 3747 00be 5101     		lsls	r1, r2, #5
 3748 00c0 FA68     		ldr	r2, [r7, #12]
 3749 00c2 0A44     		add	r2, r2, r1
 3750 00c4 02F53062 		add	r2, r2, #2816
 3751              		.loc 1 1092 32
 3752 00c8 43F40013 		orr	r3, r3, #2097152
 3753 00cc 1360     		str	r3, [r2]
 3754              	.L157:
1093:Drivers/STM32F4xx_HAL_Driver/Src/stm32f4xx_ll_usb.c ****   }
1094:Drivers/STM32F4xx_HAL_Driver/Src/stm32f4xx_ll_usb.c **** 
1095:Drivers/STM32F4xx_HAL_Driver/Src/stm32f4xx_ll_usb.c ****   return HAL_OK;
 3755              		.loc 1 1095 10
 3756 00ce 0023     		movs	r3, #0
1096:Drivers/STM32F4xx_HAL_Driver/Src/stm32f4xx_ll_usb.c **** }
 3757              		.loc 1 1096 1
 3758 00d0 1846     		mov	r0, r3
ARM GAS  /tmp/ccLxLv8v.s 			page 86


 3759 00d2 1437     		adds	r7, r7, #20
 3760              	.LCFI113:
 3761              		.cfi_def_cfa_offset 4
 3762 00d4 BD46     		mov	sp, r7
 3763              	.LCFI114:
 3764              		.cfi_def_cfa_register 13
 3765              		@ sp needed
 3766 00d6 80BC     		pop	{r7}
 3767              	.LCFI115:
 3768              		.cfi_restore 7
 3769              		.cfi_def_cfa_offset 0
 3770 00d8 7047     		bx	lr
 3771              		.cfi_endproc
 3772              	.LFE238:
 3774              		.section	.text.USB_EPClearStall,"ax",%progbits
 3775              		.align	1
 3776              		.global	USB_EPClearStall
 3777              		.syntax unified
 3778              		.thumb
 3779              		.thumb_func
 3781              	USB_EPClearStall:
 3782              	.LFB239:
1097:Drivers/STM32F4xx_HAL_Driver/Src/stm32f4xx_ll_usb.c **** 
1098:Drivers/STM32F4xx_HAL_Driver/Src/stm32f4xx_ll_usb.c **** /**
1099:Drivers/STM32F4xx_HAL_Driver/Src/stm32f4xx_ll_usb.c ****   * @brief  USB_EPClearStall : Clear a stall condition over an EP
1100:Drivers/STM32F4xx_HAL_Driver/Src/stm32f4xx_ll_usb.c ****   * @param  USBx  Selected device
1101:Drivers/STM32F4xx_HAL_Driver/Src/stm32f4xx_ll_usb.c ****   * @param  ep pointer to endpoint structure
1102:Drivers/STM32F4xx_HAL_Driver/Src/stm32f4xx_ll_usb.c ****   * @retval HAL status
1103:Drivers/STM32F4xx_HAL_Driver/Src/stm32f4xx_ll_usb.c ****   */
1104:Drivers/STM32F4xx_HAL_Driver/Src/stm32f4xx_ll_usb.c **** HAL_StatusTypeDef USB_EPClearStall(const USB_OTG_GlobalTypeDef *USBx, const USB_OTG_EPTypeDef *ep)
1105:Drivers/STM32F4xx_HAL_Driver/Src/stm32f4xx_ll_usb.c **** {
 3783              		.loc 1 1105 1
 3784              		.cfi_startproc
 3785              		@ args = 0, pretend = 0, frame = 16
 3786              		@ frame_needed = 1, uses_anonymous_args = 0
 3787              		@ link register save eliminated.
 3788 0000 80B4     		push	{r7}
 3789              	.LCFI116:
 3790              		.cfi_def_cfa_offset 4
 3791              		.cfi_offset 7, -4
 3792 0002 85B0     		sub	sp, sp, #20
 3793              	.LCFI117:
 3794              		.cfi_def_cfa_offset 24
 3795 0004 00AF     		add	r7, sp, #0
 3796              	.LCFI118:
 3797              		.cfi_def_cfa_register 7
 3798 0006 7860     		str	r0, [r7, #4]
 3799 0008 3960     		str	r1, [r7]
1106:Drivers/STM32F4xx_HAL_Driver/Src/stm32f4xx_ll_usb.c ****   uint32_t USBx_BASE = (uint32_t)USBx;
 3800              		.loc 1 1106 12
 3801 000a 7B68     		ldr	r3, [r7, #4]
 3802 000c FB60     		str	r3, [r7, #12]
1107:Drivers/STM32F4xx_HAL_Driver/Src/stm32f4xx_ll_usb.c ****   uint32_t epnum = (uint32_t)ep->num;
 3803              		.loc 1 1107 32
 3804 000e 3B68     		ldr	r3, [r7]
 3805 0010 1B78     		ldrb	r3, [r3]	@ zero_extendqisi2
 3806              		.loc 1 1107 12
ARM GAS  /tmp/ccLxLv8v.s 			page 87


 3807 0012 BB60     		str	r3, [r7, #8]
1108:Drivers/STM32F4xx_HAL_Driver/Src/stm32f4xx_ll_usb.c **** 
1109:Drivers/STM32F4xx_HAL_Driver/Src/stm32f4xx_ll_usb.c ****   if (ep->is_in == 1U)
 3808              		.loc 1 1109 9
 3809 0014 3B68     		ldr	r3, [r7]
 3810 0016 5B78     		ldrb	r3, [r3, #1]	@ zero_extendqisi2
 3811              		.loc 1 1109 6
 3812 0018 012B     		cmp	r3, #1
 3813 001a 28D1     		bne	.L161
1110:Drivers/STM32F4xx_HAL_Driver/Src/stm32f4xx_ll_usb.c ****   {
1111:Drivers/STM32F4xx_HAL_Driver/Src/stm32f4xx_ll_usb.c ****     USBx_INEP(epnum)->DIEPCTL &= ~USB_OTG_DIEPCTL_STALL;
 3814              		.loc 1 1111 21
 3815 001c BB68     		ldr	r3, [r7, #8]
 3816 001e 5A01     		lsls	r2, r3, #5
 3817 0020 FB68     		ldr	r3, [r7, #12]
 3818 0022 1344     		add	r3, r3, r2
 3819 0024 03F51063 		add	r3, r3, #2304
 3820 0028 1B68     		ldr	r3, [r3]
 3821 002a BA68     		ldr	r2, [r7, #8]
 3822 002c 5101     		lsls	r1, r2, #5
 3823 002e FA68     		ldr	r2, [r7, #12]
 3824 0030 0A44     		add	r2, r2, r1
 3825 0032 02F51062 		add	r2, r2, #2304
 3826              		.loc 1 1111 31
 3827 0036 23F40013 		bic	r3, r3, #2097152
 3828 003a 1360     		str	r3, [r2]
1112:Drivers/STM32F4xx_HAL_Driver/Src/stm32f4xx_ll_usb.c ****     if ((ep->type == EP_TYPE_INTR) || (ep->type == EP_TYPE_BULK))
 3829              		.loc 1 1112 12
 3830 003c 3B68     		ldr	r3, [r7]
 3831 003e 1B79     		ldrb	r3, [r3, #4]	@ zero_extendqisi2
 3832              		.loc 1 1112 8
 3833 0040 032B     		cmp	r3, #3
 3834 0042 03D0     		beq	.L162
 3835              		.loc 1 1112 42 discriminator 1
 3836 0044 3B68     		ldr	r3, [r7]
 3837 0046 1B79     		ldrb	r3, [r3, #4]	@ zero_extendqisi2
 3838              		.loc 1 1112 36 discriminator 1
 3839 0048 022B     		cmp	r3, #2
 3840 004a 38D1     		bne	.L163
 3841              	.L162:
1113:Drivers/STM32F4xx_HAL_Driver/Src/stm32f4xx_ll_usb.c ****     {
1114:Drivers/STM32F4xx_HAL_Driver/Src/stm32f4xx_ll_usb.c ****       USBx_INEP(epnum)->DIEPCTL |= USB_OTG_DIEPCTL_SD0PID_SEVNFRM; /* DATA0 */
 3842              		.loc 1 1114 23
 3843 004c BB68     		ldr	r3, [r7, #8]
 3844 004e 5A01     		lsls	r2, r3, #5
 3845 0050 FB68     		ldr	r3, [r7, #12]
 3846 0052 1344     		add	r3, r3, r2
 3847 0054 03F51063 		add	r3, r3, #2304
 3848 0058 1B68     		ldr	r3, [r3]
 3849 005a BA68     		ldr	r2, [r7, #8]
 3850 005c 5101     		lsls	r1, r2, #5
 3851 005e FA68     		ldr	r2, [r7, #12]
 3852 0060 0A44     		add	r2, r2, r1
 3853 0062 02F51062 		add	r2, r2, #2304
 3854              		.loc 1 1114 33
 3855 0066 43F08053 		orr	r3, r3, #268435456
 3856 006a 1360     		str	r3, [r2]
ARM GAS  /tmp/ccLxLv8v.s 			page 88


 3857 006c 27E0     		b	.L163
 3858              	.L161:
1115:Drivers/STM32F4xx_HAL_Driver/Src/stm32f4xx_ll_usb.c ****     }
1116:Drivers/STM32F4xx_HAL_Driver/Src/stm32f4xx_ll_usb.c ****   }
1117:Drivers/STM32F4xx_HAL_Driver/Src/stm32f4xx_ll_usb.c ****   else
1118:Drivers/STM32F4xx_HAL_Driver/Src/stm32f4xx_ll_usb.c ****   {
1119:Drivers/STM32F4xx_HAL_Driver/Src/stm32f4xx_ll_usb.c ****     USBx_OUTEP(epnum)->DOEPCTL &= ~USB_OTG_DOEPCTL_STALL;
 3859              		.loc 1 1119 22
 3860 006e BB68     		ldr	r3, [r7, #8]
 3861 0070 5A01     		lsls	r2, r3, #5
 3862 0072 FB68     		ldr	r3, [r7, #12]
 3863 0074 1344     		add	r3, r3, r2
 3864 0076 03F53063 		add	r3, r3, #2816
 3865 007a 1B68     		ldr	r3, [r3]
 3866 007c BA68     		ldr	r2, [r7, #8]
 3867 007e 5101     		lsls	r1, r2, #5
 3868 0080 FA68     		ldr	r2, [r7, #12]
 3869 0082 0A44     		add	r2, r2, r1
 3870 0084 02F53062 		add	r2, r2, #2816
 3871              		.loc 1 1119 32
 3872 0088 23F40013 		bic	r3, r3, #2097152
 3873 008c 1360     		str	r3, [r2]
1120:Drivers/STM32F4xx_HAL_Driver/Src/stm32f4xx_ll_usb.c ****     if ((ep->type == EP_TYPE_INTR) || (ep->type == EP_TYPE_BULK))
 3874              		.loc 1 1120 12
 3875 008e 3B68     		ldr	r3, [r7]
 3876 0090 1B79     		ldrb	r3, [r3, #4]	@ zero_extendqisi2
 3877              		.loc 1 1120 8
 3878 0092 032B     		cmp	r3, #3
 3879 0094 03D0     		beq	.L164
 3880              		.loc 1 1120 42 discriminator 1
 3881 0096 3B68     		ldr	r3, [r7]
 3882 0098 1B79     		ldrb	r3, [r3, #4]	@ zero_extendqisi2
 3883              		.loc 1 1120 36 discriminator 1
 3884 009a 022B     		cmp	r3, #2
 3885 009c 0FD1     		bne	.L163
 3886              	.L164:
1121:Drivers/STM32F4xx_HAL_Driver/Src/stm32f4xx_ll_usb.c ****     {
1122:Drivers/STM32F4xx_HAL_Driver/Src/stm32f4xx_ll_usb.c ****       USBx_OUTEP(epnum)->DOEPCTL |= USB_OTG_DOEPCTL_SD0PID_SEVNFRM; /* DATA0 */
 3887              		.loc 1 1122 24
 3888 009e BB68     		ldr	r3, [r7, #8]
 3889 00a0 5A01     		lsls	r2, r3, #5
 3890 00a2 FB68     		ldr	r3, [r7, #12]
 3891 00a4 1344     		add	r3, r3, r2
 3892 00a6 03F53063 		add	r3, r3, #2816
 3893 00aa 1B68     		ldr	r3, [r3]
 3894 00ac BA68     		ldr	r2, [r7, #8]
 3895 00ae 5101     		lsls	r1, r2, #5
 3896 00b0 FA68     		ldr	r2, [r7, #12]
 3897 00b2 0A44     		add	r2, r2, r1
 3898 00b4 02F53062 		add	r2, r2, #2816
 3899              		.loc 1 1122 34
 3900 00b8 43F08053 		orr	r3, r3, #268435456
 3901 00bc 1360     		str	r3, [r2]
 3902              	.L163:
1123:Drivers/STM32F4xx_HAL_Driver/Src/stm32f4xx_ll_usb.c ****     }
1124:Drivers/STM32F4xx_HAL_Driver/Src/stm32f4xx_ll_usb.c ****   }
1125:Drivers/STM32F4xx_HAL_Driver/Src/stm32f4xx_ll_usb.c ****   return HAL_OK;
ARM GAS  /tmp/ccLxLv8v.s 			page 89


 3903              		.loc 1 1125 10
 3904 00be 0023     		movs	r3, #0
1126:Drivers/STM32F4xx_HAL_Driver/Src/stm32f4xx_ll_usb.c **** }
 3905              		.loc 1 1126 1
 3906 00c0 1846     		mov	r0, r3
 3907 00c2 1437     		adds	r7, r7, #20
 3908              	.LCFI119:
 3909              		.cfi_def_cfa_offset 4
 3910 00c4 BD46     		mov	sp, r7
 3911              	.LCFI120:
 3912              		.cfi_def_cfa_register 13
 3913              		@ sp needed
 3914 00c6 80BC     		pop	{r7}
 3915              	.LCFI121:
 3916              		.cfi_restore 7
 3917              		.cfi_def_cfa_offset 0
 3918 00c8 7047     		bx	lr
 3919              		.cfi_endproc
 3920              	.LFE239:
 3922              		.section	.text.USB_StopDevice,"ax",%progbits
 3923              		.align	1
 3924              		.global	USB_StopDevice
 3925              		.syntax unified
 3926              		.thumb
 3927              		.thumb_func
 3929              	USB_StopDevice:
 3930              	.LFB240:
1127:Drivers/STM32F4xx_HAL_Driver/Src/stm32f4xx_ll_usb.c **** 
1128:Drivers/STM32F4xx_HAL_Driver/Src/stm32f4xx_ll_usb.c **** /**
1129:Drivers/STM32F4xx_HAL_Driver/Src/stm32f4xx_ll_usb.c ****   * @brief  USB_StopDevice : Stop the usb device mode
1130:Drivers/STM32F4xx_HAL_Driver/Src/stm32f4xx_ll_usb.c ****   * @param  USBx  Selected device
1131:Drivers/STM32F4xx_HAL_Driver/Src/stm32f4xx_ll_usb.c ****   * @retval HAL status
1132:Drivers/STM32F4xx_HAL_Driver/Src/stm32f4xx_ll_usb.c ****   */
1133:Drivers/STM32F4xx_HAL_Driver/Src/stm32f4xx_ll_usb.c **** HAL_StatusTypeDef USB_StopDevice(USB_OTG_GlobalTypeDef *USBx)
1134:Drivers/STM32F4xx_HAL_Driver/Src/stm32f4xx_ll_usb.c **** {
 3931              		.loc 1 1134 1
 3932              		.cfi_startproc
 3933              		@ args = 0, pretend = 0, frame = 24
 3934              		@ frame_needed = 1, uses_anonymous_args = 0
 3935 0000 80B5     		push	{r7, lr}
 3936              	.LCFI122:
 3937              		.cfi_def_cfa_offset 8
 3938              		.cfi_offset 7, -8
 3939              		.cfi_offset 14, -4
 3940 0002 86B0     		sub	sp, sp, #24
 3941              	.LCFI123:
 3942              		.cfi_def_cfa_offset 32
 3943 0004 00AF     		add	r7, sp, #0
 3944              	.LCFI124:
 3945              		.cfi_def_cfa_register 7
 3946 0006 7860     		str	r0, [r7, #4]
1135:Drivers/STM32F4xx_HAL_Driver/Src/stm32f4xx_ll_usb.c ****   HAL_StatusTypeDef ret;
1136:Drivers/STM32F4xx_HAL_Driver/Src/stm32f4xx_ll_usb.c ****   uint32_t USBx_BASE = (uint32_t)USBx;
 3947              		.loc 1 1136 12
 3948 0008 7B68     		ldr	r3, [r7, #4]
 3949 000a 3B61     		str	r3, [r7, #16]
1137:Drivers/STM32F4xx_HAL_Driver/Src/stm32f4xx_ll_usb.c ****   uint32_t i;
ARM GAS  /tmp/ccLxLv8v.s 			page 90


1138:Drivers/STM32F4xx_HAL_Driver/Src/stm32f4xx_ll_usb.c **** 
1139:Drivers/STM32F4xx_HAL_Driver/Src/stm32f4xx_ll_usb.c ****   /* Clear Pending interrupt */
1140:Drivers/STM32F4xx_HAL_Driver/Src/stm32f4xx_ll_usb.c ****   for (i = 0U; i < 15U; i++)
 3950              		.loc 1 1140 10
 3951 000c 0023     		movs	r3, #0
 3952 000e 7B61     		str	r3, [r7, #20]
 3953              		.loc 1 1140 3
 3954 0010 16E0     		b	.L167
 3955              	.L168:
1141:Drivers/STM32F4xx_HAL_Driver/Src/stm32f4xx_ll_usb.c ****   {
1142:Drivers/STM32F4xx_HAL_Driver/Src/stm32f4xx_ll_usb.c ****     USBx_INEP(i)->DIEPINT = 0xFB7FU;
 3956              		.loc 1 1142 5
 3957 0012 7B69     		ldr	r3, [r7, #20]
 3958 0014 5A01     		lsls	r2, r3, #5
 3959 0016 3B69     		ldr	r3, [r7, #16]
 3960 0018 1344     		add	r3, r3, r2
 3961 001a 03F51063 		add	r3, r3, #2304
 3962 001e 1A46     		mov	r2, r3
 3963              		.loc 1 1142 27
 3964 0020 4FF67F33 		movw	r3, #64383
 3965 0024 9360     		str	r3, [r2, #8]
1143:Drivers/STM32F4xx_HAL_Driver/Src/stm32f4xx_ll_usb.c ****     USBx_OUTEP(i)->DOEPINT = 0xFB7FU;
 3966              		.loc 1 1143 5
 3967 0026 7B69     		ldr	r3, [r7, #20]
 3968 0028 5A01     		lsls	r2, r3, #5
 3969 002a 3B69     		ldr	r3, [r7, #16]
 3970 002c 1344     		add	r3, r3, r2
 3971 002e 03F53063 		add	r3, r3, #2816
 3972 0032 1A46     		mov	r2, r3
 3973              		.loc 1 1143 28
 3974 0034 4FF67F33 		movw	r3, #64383
 3975 0038 9360     		str	r3, [r2, #8]
1140:Drivers/STM32F4xx_HAL_Driver/Src/stm32f4xx_ll_usb.c ****   {
 3976              		.loc 1 1140 26 discriminator 3
 3977 003a 7B69     		ldr	r3, [r7, #20]
 3978 003c 0133     		adds	r3, r3, #1
 3979 003e 7B61     		str	r3, [r7, #20]
 3980              	.L167:
1140:Drivers/STM32F4xx_HAL_Driver/Src/stm32f4xx_ll_usb.c ****   {
 3981              		.loc 1 1140 18 discriminator 1
 3982 0040 7B69     		ldr	r3, [r7, #20]
 3983 0042 0E2B     		cmp	r3, #14
 3984 0044 E5D9     		bls	.L168
1144:Drivers/STM32F4xx_HAL_Driver/Src/stm32f4xx_ll_usb.c ****   }
1145:Drivers/STM32F4xx_HAL_Driver/Src/stm32f4xx_ll_usb.c **** 
1146:Drivers/STM32F4xx_HAL_Driver/Src/stm32f4xx_ll_usb.c ****   /* Clear interrupt masks */
1147:Drivers/STM32F4xx_HAL_Driver/Src/stm32f4xx_ll_usb.c ****   USBx_DEVICE->DIEPMSK  = 0U;
 3985              		.loc 1 1147 3
 3986 0046 3B69     		ldr	r3, [r7, #16]
 3987 0048 03F50063 		add	r3, r3, #2048
 3988 004c 1A46     		mov	r2, r3
 3989              		.loc 1 1147 25
 3990 004e 0023     		movs	r3, #0
 3991 0050 1361     		str	r3, [r2, #16]
1148:Drivers/STM32F4xx_HAL_Driver/Src/stm32f4xx_ll_usb.c ****   USBx_DEVICE->DOEPMSK  = 0U;
 3992              		.loc 1 1148 3
 3993 0052 3B69     		ldr	r3, [r7, #16]
ARM GAS  /tmp/ccLxLv8v.s 			page 91


 3994 0054 03F50063 		add	r3, r3, #2048
 3995 0058 1A46     		mov	r2, r3
 3996              		.loc 1 1148 25
 3997 005a 0023     		movs	r3, #0
 3998 005c 5361     		str	r3, [r2, #20]
1149:Drivers/STM32F4xx_HAL_Driver/Src/stm32f4xx_ll_usb.c ****   USBx_DEVICE->DAINTMSK = 0U;
 3999              		.loc 1 1149 3
 4000 005e 3B69     		ldr	r3, [r7, #16]
 4001 0060 03F50063 		add	r3, r3, #2048
 4002 0064 1A46     		mov	r2, r3
 4003              		.loc 1 1149 25
 4004 0066 0023     		movs	r3, #0
 4005 0068 D361     		str	r3, [r2, #28]
1150:Drivers/STM32F4xx_HAL_Driver/Src/stm32f4xx_ll_usb.c **** 
1151:Drivers/STM32F4xx_HAL_Driver/Src/stm32f4xx_ll_usb.c ****   /* Flush the FIFO */
1152:Drivers/STM32F4xx_HAL_Driver/Src/stm32f4xx_ll_usb.c ****   ret = USB_FlushRxFifo(USBx);
 4006              		.loc 1 1152 9
 4007 006a 7868     		ldr	r0, [r7, #4]
 4008 006c FFF7FEFF 		bl	USB_FlushRxFifo
 4009 0070 0346     		mov	r3, r0
 4010 0072 FB73     		strb	r3, [r7, #15]
1153:Drivers/STM32F4xx_HAL_Driver/Src/stm32f4xx_ll_usb.c ****   if (ret != HAL_OK)
 4011              		.loc 1 1153 6
 4012 0074 FB7B     		ldrb	r3, [r7, #15]	@ zero_extendqisi2
 4013 0076 002B     		cmp	r3, #0
 4014 0078 01D0     		beq	.L169
1154:Drivers/STM32F4xx_HAL_Driver/Src/stm32f4xx_ll_usb.c ****   {
1155:Drivers/STM32F4xx_HAL_Driver/Src/stm32f4xx_ll_usb.c ****     return ret;
 4015              		.loc 1 1155 12
 4016 007a FB7B     		ldrb	r3, [r7, #15]	@ zero_extendqisi2
 4017 007c 0BE0     		b	.L170
 4018              	.L169:
1156:Drivers/STM32F4xx_HAL_Driver/Src/stm32f4xx_ll_usb.c ****   }
1157:Drivers/STM32F4xx_HAL_Driver/Src/stm32f4xx_ll_usb.c **** 
1158:Drivers/STM32F4xx_HAL_Driver/Src/stm32f4xx_ll_usb.c ****   ret = USB_FlushTxFifo(USBx,  0x10U);
 4019              		.loc 1 1158 9
 4020 007e 1021     		movs	r1, #16
 4021 0080 7868     		ldr	r0, [r7, #4]
 4022 0082 FFF7FEFF 		bl	USB_FlushTxFifo
 4023 0086 0346     		mov	r3, r0
 4024 0088 FB73     		strb	r3, [r7, #15]
1159:Drivers/STM32F4xx_HAL_Driver/Src/stm32f4xx_ll_usb.c ****   if (ret != HAL_OK)
 4025              		.loc 1 1159 6
 4026 008a FB7B     		ldrb	r3, [r7, #15]	@ zero_extendqisi2
 4027 008c 002B     		cmp	r3, #0
 4028 008e 01D0     		beq	.L171
1160:Drivers/STM32F4xx_HAL_Driver/Src/stm32f4xx_ll_usb.c ****   {
1161:Drivers/STM32F4xx_HAL_Driver/Src/stm32f4xx_ll_usb.c ****     return ret;
 4029              		.loc 1 1161 12
 4030 0090 FB7B     		ldrb	r3, [r7, #15]	@ zero_extendqisi2
 4031 0092 00E0     		b	.L170
 4032              	.L171:
1162:Drivers/STM32F4xx_HAL_Driver/Src/stm32f4xx_ll_usb.c ****   }
1163:Drivers/STM32F4xx_HAL_Driver/Src/stm32f4xx_ll_usb.c **** 
1164:Drivers/STM32F4xx_HAL_Driver/Src/stm32f4xx_ll_usb.c ****   return ret;
 4033              		.loc 1 1164 10
 4034 0094 FB7B     		ldrb	r3, [r7, #15]	@ zero_extendqisi2
ARM GAS  /tmp/ccLxLv8v.s 			page 92


 4035              	.L170:
1165:Drivers/STM32F4xx_HAL_Driver/Src/stm32f4xx_ll_usb.c **** }
 4036              		.loc 1 1165 1
 4037 0096 1846     		mov	r0, r3
 4038 0098 1837     		adds	r7, r7, #24
 4039              	.LCFI125:
 4040              		.cfi_def_cfa_offset 8
 4041 009a BD46     		mov	sp, r7
 4042              	.LCFI126:
 4043              		.cfi_def_cfa_register 13
 4044              		@ sp needed
 4045 009c 80BD     		pop	{r7, pc}
 4046              		.cfi_endproc
 4047              	.LFE240:
 4049              		.section	.text.USB_SetDevAddress,"ax",%progbits
 4050              		.align	1
 4051              		.global	USB_SetDevAddress
 4052              		.syntax unified
 4053              		.thumb
 4054              		.thumb_func
 4056              	USB_SetDevAddress:
 4057              	.LFB241:
1166:Drivers/STM32F4xx_HAL_Driver/Src/stm32f4xx_ll_usb.c **** 
1167:Drivers/STM32F4xx_HAL_Driver/Src/stm32f4xx_ll_usb.c **** /**
1168:Drivers/STM32F4xx_HAL_Driver/Src/stm32f4xx_ll_usb.c ****   * @brief  USB_SetDevAddress : Stop the usb device mode
1169:Drivers/STM32F4xx_HAL_Driver/Src/stm32f4xx_ll_usb.c ****   * @param  USBx  Selected device
1170:Drivers/STM32F4xx_HAL_Driver/Src/stm32f4xx_ll_usb.c ****   * @param  address  new device address to be assigned
1171:Drivers/STM32F4xx_HAL_Driver/Src/stm32f4xx_ll_usb.c ****   *          This parameter can be a value from 0 to 255
1172:Drivers/STM32F4xx_HAL_Driver/Src/stm32f4xx_ll_usb.c ****   * @retval HAL status
1173:Drivers/STM32F4xx_HAL_Driver/Src/stm32f4xx_ll_usb.c ****   */
1174:Drivers/STM32F4xx_HAL_Driver/Src/stm32f4xx_ll_usb.c **** HAL_StatusTypeDef USB_SetDevAddress(const USB_OTG_GlobalTypeDef *USBx, uint8_t address)
1175:Drivers/STM32F4xx_HAL_Driver/Src/stm32f4xx_ll_usb.c **** {
 4058              		.loc 1 1175 1
 4059              		.cfi_startproc
 4060              		@ args = 0, pretend = 0, frame = 16
 4061              		@ frame_needed = 1, uses_anonymous_args = 0
 4062              		@ link register save eliminated.
 4063 0000 80B4     		push	{r7}
 4064              	.LCFI127:
 4065              		.cfi_def_cfa_offset 4
 4066              		.cfi_offset 7, -4
 4067 0002 85B0     		sub	sp, sp, #20
 4068              	.LCFI128:
 4069              		.cfi_def_cfa_offset 24
 4070 0004 00AF     		add	r7, sp, #0
 4071              	.LCFI129:
 4072              		.cfi_def_cfa_register 7
 4073 0006 7860     		str	r0, [r7, #4]
 4074 0008 0B46     		mov	r3, r1
 4075 000a FB70     		strb	r3, [r7, #3]
1176:Drivers/STM32F4xx_HAL_Driver/Src/stm32f4xx_ll_usb.c ****   uint32_t USBx_BASE = (uint32_t)USBx;
 4076              		.loc 1 1176 12
 4077 000c 7B68     		ldr	r3, [r7, #4]
 4078 000e FB60     		str	r3, [r7, #12]
1177:Drivers/STM32F4xx_HAL_Driver/Src/stm32f4xx_ll_usb.c **** 
1178:Drivers/STM32F4xx_HAL_Driver/Src/stm32f4xx_ll_usb.c ****   USBx_DEVICE->DCFG &= ~(USB_OTG_DCFG_DAD);
 4079              		.loc 1 1178 14
ARM GAS  /tmp/ccLxLv8v.s 			page 93


 4080 0010 FB68     		ldr	r3, [r7, #12]
 4081 0012 03F50063 		add	r3, r3, #2048
 4082 0016 1B68     		ldr	r3, [r3]
 4083 0018 FA68     		ldr	r2, [r7, #12]
 4084 001a 02F50062 		add	r2, r2, #2048
 4085              		.loc 1 1178 21
 4086 001e 23F4FE63 		bic	r3, r3, #2032
 4087 0022 1360     		str	r3, [r2]
1179:Drivers/STM32F4xx_HAL_Driver/Src/stm32f4xx_ll_usb.c ****   USBx_DEVICE->DCFG |= ((uint32_t)address << 4) & USB_OTG_DCFG_DAD;
 4088              		.loc 1 1179 14
 4089 0024 FB68     		ldr	r3, [r7, #12]
 4090 0026 03F50063 		add	r3, r3, #2048
 4091 002a 1A68     		ldr	r2, [r3]
 4092              		.loc 1 1179 25
 4093 002c FB78     		ldrb	r3, [r7, #3]	@ zero_extendqisi2
 4094              		.loc 1 1179 43
 4095 002e 1B01     		lsls	r3, r3, #4
 4096              		.loc 1 1179 49
 4097 0030 03F4FE63 		and	r3, r3, #2032
 4098              		.loc 1 1179 14
 4099 0034 F968     		ldr	r1, [r7, #12]
 4100 0036 01F50061 		add	r1, r1, #2048
 4101              		.loc 1 1179 21
 4102 003a 1343     		orrs	r3, r3, r2
 4103 003c 0B60     		str	r3, [r1]
1180:Drivers/STM32F4xx_HAL_Driver/Src/stm32f4xx_ll_usb.c **** 
1181:Drivers/STM32F4xx_HAL_Driver/Src/stm32f4xx_ll_usb.c ****   return HAL_OK;
 4104              		.loc 1 1181 10
 4105 003e 0023     		movs	r3, #0
1182:Drivers/STM32F4xx_HAL_Driver/Src/stm32f4xx_ll_usb.c **** }
 4106              		.loc 1 1182 1
 4107 0040 1846     		mov	r0, r3
 4108 0042 1437     		adds	r7, r7, #20
 4109              	.LCFI130:
 4110              		.cfi_def_cfa_offset 4
 4111 0044 BD46     		mov	sp, r7
 4112              	.LCFI131:
 4113              		.cfi_def_cfa_register 13
 4114              		@ sp needed
 4115 0046 80BC     		pop	{r7}
 4116              	.LCFI132:
 4117              		.cfi_restore 7
 4118              		.cfi_def_cfa_offset 0
 4119 0048 7047     		bx	lr
 4120              		.cfi_endproc
 4121              	.LFE241:
 4123              		.section	.text.USB_DevConnect,"ax",%progbits
 4124              		.align	1
 4125              		.global	USB_DevConnect
 4126              		.syntax unified
 4127              		.thumb
 4128              		.thumb_func
 4130              	USB_DevConnect:
 4131              	.LFB242:
1183:Drivers/STM32F4xx_HAL_Driver/Src/stm32f4xx_ll_usb.c **** 
1184:Drivers/STM32F4xx_HAL_Driver/Src/stm32f4xx_ll_usb.c **** /**
1185:Drivers/STM32F4xx_HAL_Driver/Src/stm32f4xx_ll_usb.c ****   * @brief  USB_DevConnect : Connect the USB device by enabling Rpu
ARM GAS  /tmp/ccLxLv8v.s 			page 94


1186:Drivers/STM32F4xx_HAL_Driver/Src/stm32f4xx_ll_usb.c ****   * @param  USBx  Selected device
1187:Drivers/STM32F4xx_HAL_Driver/Src/stm32f4xx_ll_usb.c ****   * @retval HAL status
1188:Drivers/STM32F4xx_HAL_Driver/Src/stm32f4xx_ll_usb.c ****   */
1189:Drivers/STM32F4xx_HAL_Driver/Src/stm32f4xx_ll_usb.c **** HAL_StatusTypeDef USB_DevConnect(const USB_OTG_GlobalTypeDef *USBx)
1190:Drivers/STM32F4xx_HAL_Driver/Src/stm32f4xx_ll_usb.c **** {
 4132              		.loc 1 1190 1
 4133              		.cfi_startproc
 4134              		@ args = 0, pretend = 0, frame = 16
 4135              		@ frame_needed = 1, uses_anonymous_args = 0
 4136              		@ link register save eliminated.
 4137 0000 80B4     		push	{r7}
 4138              	.LCFI133:
 4139              		.cfi_def_cfa_offset 4
 4140              		.cfi_offset 7, -4
 4141 0002 85B0     		sub	sp, sp, #20
 4142              	.LCFI134:
 4143              		.cfi_def_cfa_offset 24
 4144 0004 00AF     		add	r7, sp, #0
 4145              	.LCFI135:
 4146              		.cfi_def_cfa_register 7
 4147 0006 7860     		str	r0, [r7, #4]
1191:Drivers/STM32F4xx_HAL_Driver/Src/stm32f4xx_ll_usb.c ****   uint32_t USBx_BASE = (uint32_t)USBx;
 4148              		.loc 1 1191 12
 4149 0008 7B68     		ldr	r3, [r7, #4]
 4150 000a FB60     		str	r3, [r7, #12]
1192:Drivers/STM32F4xx_HAL_Driver/Src/stm32f4xx_ll_usb.c **** 
1193:Drivers/STM32F4xx_HAL_Driver/Src/stm32f4xx_ll_usb.c ****   /* In case phy is stopped, ensure to ungate and restore the phy CLK */
1194:Drivers/STM32F4xx_HAL_Driver/Src/stm32f4xx_ll_usb.c ****   USBx_PCGCCTL &= ~(USB_OTG_PCGCCTL_STOPCLK | USB_OTG_PCGCCTL_GATECLK);
 4151              		.loc 1 1194 16
 4152 000c FB68     		ldr	r3, [r7, #12]
 4153 000e 03F56063 		add	r3, r3, #3584
 4154 0012 1B68     		ldr	r3, [r3]
 4155              		.loc 1 1194 3
 4156 0014 FA68     		ldr	r2, [r7, #12]
 4157 0016 02F56062 		add	r2, r2, #3584
 4158              		.loc 1 1194 16
 4159 001a 23F00303 		bic	r3, r3, #3
 4160 001e 1360     		str	r3, [r2]
1195:Drivers/STM32F4xx_HAL_Driver/Src/stm32f4xx_ll_usb.c **** 
1196:Drivers/STM32F4xx_HAL_Driver/Src/stm32f4xx_ll_usb.c ****   USBx_DEVICE->DCTL &= ~USB_OTG_DCTL_SDIS;
 4161              		.loc 1 1196 14
 4162 0020 FB68     		ldr	r3, [r7, #12]
 4163 0022 03F50063 		add	r3, r3, #2048
 4164 0026 5B68     		ldr	r3, [r3, #4]
 4165 0028 FA68     		ldr	r2, [r7, #12]
 4166 002a 02F50062 		add	r2, r2, #2048
 4167              		.loc 1 1196 21
 4168 002e 23F00203 		bic	r3, r3, #2
 4169 0032 5360     		str	r3, [r2, #4]
1197:Drivers/STM32F4xx_HAL_Driver/Src/stm32f4xx_ll_usb.c **** 
1198:Drivers/STM32F4xx_HAL_Driver/Src/stm32f4xx_ll_usb.c ****   return HAL_OK;
 4170              		.loc 1 1198 10
 4171 0034 0023     		movs	r3, #0
1199:Drivers/STM32F4xx_HAL_Driver/Src/stm32f4xx_ll_usb.c **** }
 4172              		.loc 1 1199 1
 4173 0036 1846     		mov	r0, r3
 4174 0038 1437     		adds	r7, r7, #20
ARM GAS  /tmp/ccLxLv8v.s 			page 95


 4175              	.LCFI136:
 4176              		.cfi_def_cfa_offset 4
 4177 003a BD46     		mov	sp, r7
 4178              	.LCFI137:
 4179              		.cfi_def_cfa_register 13
 4180              		@ sp needed
 4181 003c 80BC     		pop	{r7}
 4182              	.LCFI138:
 4183              		.cfi_restore 7
 4184              		.cfi_def_cfa_offset 0
 4185 003e 7047     		bx	lr
 4186              		.cfi_endproc
 4187              	.LFE242:
 4189              		.section	.text.USB_DevDisconnect,"ax",%progbits
 4190              		.align	1
 4191              		.global	USB_DevDisconnect
 4192              		.syntax unified
 4193              		.thumb
 4194              		.thumb_func
 4196              	USB_DevDisconnect:
 4197              	.LFB243:
1200:Drivers/STM32F4xx_HAL_Driver/Src/stm32f4xx_ll_usb.c **** 
1201:Drivers/STM32F4xx_HAL_Driver/Src/stm32f4xx_ll_usb.c **** /**
1202:Drivers/STM32F4xx_HAL_Driver/Src/stm32f4xx_ll_usb.c ****   * @brief  USB_DevDisconnect : Disconnect the USB device by disabling Rpu
1203:Drivers/STM32F4xx_HAL_Driver/Src/stm32f4xx_ll_usb.c ****   * @param  USBx  Selected device
1204:Drivers/STM32F4xx_HAL_Driver/Src/stm32f4xx_ll_usb.c ****   * @retval HAL status
1205:Drivers/STM32F4xx_HAL_Driver/Src/stm32f4xx_ll_usb.c ****   */
1206:Drivers/STM32F4xx_HAL_Driver/Src/stm32f4xx_ll_usb.c **** HAL_StatusTypeDef USB_DevDisconnect(const USB_OTG_GlobalTypeDef *USBx)
1207:Drivers/STM32F4xx_HAL_Driver/Src/stm32f4xx_ll_usb.c **** {
 4198              		.loc 1 1207 1
 4199              		.cfi_startproc
 4200              		@ args = 0, pretend = 0, frame = 16
 4201              		@ frame_needed = 1, uses_anonymous_args = 0
 4202              		@ link register save eliminated.
 4203 0000 80B4     		push	{r7}
 4204              	.LCFI139:
 4205              		.cfi_def_cfa_offset 4
 4206              		.cfi_offset 7, -4
 4207 0002 85B0     		sub	sp, sp, #20
 4208              	.LCFI140:
 4209              		.cfi_def_cfa_offset 24
 4210 0004 00AF     		add	r7, sp, #0
 4211              	.LCFI141:
 4212              		.cfi_def_cfa_register 7
 4213 0006 7860     		str	r0, [r7, #4]
1208:Drivers/STM32F4xx_HAL_Driver/Src/stm32f4xx_ll_usb.c ****   uint32_t USBx_BASE = (uint32_t)USBx;
 4214              		.loc 1 1208 12
 4215 0008 7B68     		ldr	r3, [r7, #4]
 4216 000a FB60     		str	r3, [r7, #12]
1209:Drivers/STM32F4xx_HAL_Driver/Src/stm32f4xx_ll_usb.c **** 
1210:Drivers/STM32F4xx_HAL_Driver/Src/stm32f4xx_ll_usb.c ****   /* In case phy is stopped, ensure to ungate and restore the phy CLK */
1211:Drivers/STM32F4xx_HAL_Driver/Src/stm32f4xx_ll_usb.c ****   USBx_PCGCCTL &= ~(USB_OTG_PCGCCTL_STOPCLK | USB_OTG_PCGCCTL_GATECLK);
 4217              		.loc 1 1211 16
 4218 000c FB68     		ldr	r3, [r7, #12]
 4219 000e 03F56063 		add	r3, r3, #3584
 4220 0012 1B68     		ldr	r3, [r3]
 4221              		.loc 1 1211 3
ARM GAS  /tmp/ccLxLv8v.s 			page 96


 4222 0014 FA68     		ldr	r2, [r7, #12]
 4223 0016 02F56062 		add	r2, r2, #3584
 4224              		.loc 1 1211 16
 4225 001a 23F00303 		bic	r3, r3, #3
 4226 001e 1360     		str	r3, [r2]
1212:Drivers/STM32F4xx_HAL_Driver/Src/stm32f4xx_ll_usb.c **** 
1213:Drivers/STM32F4xx_HAL_Driver/Src/stm32f4xx_ll_usb.c ****   USBx_DEVICE->DCTL |= USB_OTG_DCTL_SDIS;
 4227              		.loc 1 1213 14
 4228 0020 FB68     		ldr	r3, [r7, #12]
 4229 0022 03F50063 		add	r3, r3, #2048
 4230 0026 5B68     		ldr	r3, [r3, #4]
 4231 0028 FA68     		ldr	r2, [r7, #12]
 4232 002a 02F50062 		add	r2, r2, #2048
 4233              		.loc 1 1213 21
 4234 002e 43F00203 		orr	r3, r3, #2
 4235 0032 5360     		str	r3, [r2, #4]
1214:Drivers/STM32F4xx_HAL_Driver/Src/stm32f4xx_ll_usb.c **** 
1215:Drivers/STM32F4xx_HAL_Driver/Src/stm32f4xx_ll_usb.c ****   return HAL_OK;
 4236              		.loc 1 1215 10
 4237 0034 0023     		movs	r3, #0
1216:Drivers/STM32F4xx_HAL_Driver/Src/stm32f4xx_ll_usb.c **** }
 4238              		.loc 1 1216 1
 4239 0036 1846     		mov	r0, r3
 4240 0038 1437     		adds	r7, r7, #20
 4241              	.LCFI142:
 4242              		.cfi_def_cfa_offset 4
 4243 003a BD46     		mov	sp, r7
 4244              	.LCFI143:
 4245              		.cfi_def_cfa_register 13
 4246              		@ sp needed
 4247 003c 80BC     		pop	{r7}
 4248              	.LCFI144:
 4249              		.cfi_restore 7
 4250              		.cfi_def_cfa_offset 0
 4251 003e 7047     		bx	lr
 4252              		.cfi_endproc
 4253              	.LFE243:
 4255              		.section	.text.USB_ReadInterrupts,"ax",%progbits
 4256              		.align	1
 4257              		.global	USB_ReadInterrupts
 4258              		.syntax unified
 4259              		.thumb
 4260              		.thumb_func
 4262              	USB_ReadInterrupts:
 4263              	.LFB244:
1217:Drivers/STM32F4xx_HAL_Driver/Src/stm32f4xx_ll_usb.c **** 
1218:Drivers/STM32F4xx_HAL_Driver/Src/stm32f4xx_ll_usb.c **** /**
1219:Drivers/STM32F4xx_HAL_Driver/Src/stm32f4xx_ll_usb.c ****   * @brief  USB_ReadInterrupts: return the global USB interrupt status
1220:Drivers/STM32F4xx_HAL_Driver/Src/stm32f4xx_ll_usb.c ****   * @param  USBx  Selected device
1221:Drivers/STM32F4xx_HAL_Driver/Src/stm32f4xx_ll_usb.c ****   * @retval USB Global Interrupt status
1222:Drivers/STM32F4xx_HAL_Driver/Src/stm32f4xx_ll_usb.c ****   */
1223:Drivers/STM32F4xx_HAL_Driver/Src/stm32f4xx_ll_usb.c **** uint32_t USB_ReadInterrupts(USB_OTG_GlobalTypeDef const *USBx)
1224:Drivers/STM32F4xx_HAL_Driver/Src/stm32f4xx_ll_usb.c **** {
 4264              		.loc 1 1224 1
 4265              		.cfi_startproc
 4266              		@ args = 0, pretend = 0, frame = 16
 4267              		@ frame_needed = 1, uses_anonymous_args = 0
ARM GAS  /tmp/ccLxLv8v.s 			page 97


 4268              		@ link register save eliminated.
 4269 0000 80B4     		push	{r7}
 4270              	.LCFI145:
 4271              		.cfi_def_cfa_offset 4
 4272              		.cfi_offset 7, -4
 4273 0002 85B0     		sub	sp, sp, #20
 4274              	.LCFI146:
 4275              		.cfi_def_cfa_offset 24
 4276 0004 00AF     		add	r7, sp, #0
 4277              	.LCFI147:
 4278              		.cfi_def_cfa_register 7
 4279 0006 7860     		str	r0, [r7, #4]
1225:Drivers/STM32F4xx_HAL_Driver/Src/stm32f4xx_ll_usb.c ****   uint32_t tmpreg;
1226:Drivers/STM32F4xx_HAL_Driver/Src/stm32f4xx_ll_usb.c **** 
1227:Drivers/STM32F4xx_HAL_Driver/Src/stm32f4xx_ll_usb.c ****   tmpreg = USBx->GINTSTS;
 4280              		.loc 1 1227 10
 4281 0008 7B68     		ldr	r3, [r7, #4]
 4282 000a 5B69     		ldr	r3, [r3, #20]
 4283 000c FB60     		str	r3, [r7, #12]
1228:Drivers/STM32F4xx_HAL_Driver/Src/stm32f4xx_ll_usb.c ****   tmpreg &= USBx->GINTMSK;
 4284              		.loc 1 1228 17
 4285 000e 7B68     		ldr	r3, [r7, #4]
 4286 0010 9B69     		ldr	r3, [r3, #24]
 4287              		.loc 1 1228 10
 4288 0012 FA68     		ldr	r2, [r7, #12]
 4289 0014 1340     		ands	r3, r3, r2
 4290 0016 FB60     		str	r3, [r7, #12]
1229:Drivers/STM32F4xx_HAL_Driver/Src/stm32f4xx_ll_usb.c **** 
1230:Drivers/STM32F4xx_HAL_Driver/Src/stm32f4xx_ll_usb.c ****   return tmpreg;
 4291              		.loc 1 1230 10
 4292 0018 FB68     		ldr	r3, [r7, #12]
1231:Drivers/STM32F4xx_HAL_Driver/Src/stm32f4xx_ll_usb.c **** }
 4293              		.loc 1 1231 1
 4294 001a 1846     		mov	r0, r3
 4295 001c 1437     		adds	r7, r7, #20
 4296              	.LCFI148:
 4297              		.cfi_def_cfa_offset 4
 4298 001e BD46     		mov	sp, r7
 4299              	.LCFI149:
 4300              		.cfi_def_cfa_register 13
 4301              		@ sp needed
 4302 0020 80BC     		pop	{r7}
 4303              	.LCFI150:
 4304              		.cfi_restore 7
 4305              		.cfi_def_cfa_offset 0
 4306 0022 7047     		bx	lr
 4307              		.cfi_endproc
 4308              	.LFE244:
 4310              		.section	.text.USB_ReadChInterrupts,"ax",%progbits
 4311              		.align	1
 4312              		.global	USB_ReadChInterrupts
 4313              		.syntax unified
 4314              		.thumb
 4315              		.thumb_func
 4317              	USB_ReadChInterrupts:
 4318              	.LFB245:
1232:Drivers/STM32F4xx_HAL_Driver/Src/stm32f4xx_ll_usb.c **** 
ARM GAS  /tmp/ccLxLv8v.s 			page 98


1233:Drivers/STM32F4xx_HAL_Driver/Src/stm32f4xx_ll_usb.c **** /**
1234:Drivers/STM32F4xx_HAL_Driver/Src/stm32f4xx_ll_usb.c ****   * @brief  USB_ReadChInterrupts: return USB channel interrupt status
1235:Drivers/STM32F4xx_HAL_Driver/Src/stm32f4xx_ll_usb.c ****   * @param  USBx  Selected device
1236:Drivers/STM32F4xx_HAL_Driver/Src/stm32f4xx_ll_usb.c ****   * @param  chnum Channel number
1237:Drivers/STM32F4xx_HAL_Driver/Src/stm32f4xx_ll_usb.c ****   * @retval USB Channel Interrupt status
1238:Drivers/STM32F4xx_HAL_Driver/Src/stm32f4xx_ll_usb.c ****   */
1239:Drivers/STM32F4xx_HAL_Driver/Src/stm32f4xx_ll_usb.c **** uint32_t USB_ReadChInterrupts(const USB_OTG_GlobalTypeDef *USBx, uint8_t chnum)
1240:Drivers/STM32F4xx_HAL_Driver/Src/stm32f4xx_ll_usb.c **** {
 4319              		.loc 1 1240 1
 4320              		.cfi_startproc
 4321              		@ args = 0, pretend = 0, frame = 16
 4322              		@ frame_needed = 1, uses_anonymous_args = 0
 4323              		@ link register save eliminated.
 4324 0000 80B4     		push	{r7}
 4325              	.LCFI151:
 4326              		.cfi_def_cfa_offset 4
 4327              		.cfi_offset 7, -4
 4328 0002 85B0     		sub	sp, sp, #20
 4329              	.LCFI152:
 4330              		.cfi_def_cfa_offset 24
 4331 0004 00AF     		add	r7, sp, #0
 4332              	.LCFI153:
 4333              		.cfi_def_cfa_register 7
 4334 0006 7860     		str	r0, [r7, #4]
 4335 0008 0B46     		mov	r3, r1
 4336 000a FB70     		strb	r3, [r7, #3]
1241:Drivers/STM32F4xx_HAL_Driver/Src/stm32f4xx_ll_usb.c ****   uint32_t USBx_BASE = (uint32_t)USBx;
 4337              		.loc 1 1241 12
 4338 000c 7B68     		ldr	r3, [r7, #4]
 4339 000e FB60     		str	r3, [r7, #12]
1242:Drivers/STM32F4xx_HAL_Driver/Src/stm32f4xx_ll_usb.c ****   uint32_t tmpreg;
1243:Drivers/STM32F4xx_HAL_Driver/Src/stm32f4xx_ll_usb.c **** 
1244:Drivers/STM32F4xx_HAL_Driver/Src/stm32f4xx_ll_usb.c ****   tmpreg = USBx_HC(chnum)->HCINT;
 4340              		.loc 1 1244 12
 4341 0010 FB78     		ldrb	r3, [r7, #3]	@ zero_extendqisi2
 4342 0012 5A01     		lsls	r2, r3, #5
 4343 0014 FB68     		ldr	r3, [r7, #12]
 4344 0016 1344     		add	r3, r3, r2
 4345 0018 03F5A063 		add	r3, r3, #1280
 4346              		.loc 1 1244 10
 4347 001c 9B68     		ldr	r3, [r3, #8]
 4348 001e BB60     		str	r3, [r7, #8]
1245:Drivers/STM32F4xx_HAL_Driver/Src/stm32f4xx_ll_usb.c ****   tmpreg &= USBx_HC(chnum)->HCINTMSK;
 4349              		.loc 1 1245 13
 4350 0020 FB78     		ldrb	r3, [r7, #3]	@ zero_extendqisi2
 4351 0022 5A01     		lsls	r2, r3, #5
 4352 0024 FB68     		ldr	r3, [r7, #12]
 4353 0026 1344     		add	r3, r3, r2
 4354 0028 03F5A063 		add	r3, r3, #1280
 4355              		.loc 1 1245 27
 4356 002c DB68     		ldr	r3, [r3, #12]
 4357              		.loc 1 1245 10
 4358 002e BA68     		ldr	r2, [r7, #8]
 4359 0030 1340     		ands	r3, r3, r2
 4360 0032 BB60     		str	r3, [r7, #8]
1246:Drivers/STM32F4xx_HAL_Driver/Src/stm32f4xx_ll_usb.c **** 
1247:Drivers/STM32F4xx_HAL_Driver/Src/stm32f4xx_ll_usb.c ****   return tmpreg;
ARM GAS  /tmp/ccLxLv8v.s 			page 99


 4361              		.loc 1 1247 10
 4362 0034 BB68     		ldr	r3, [r7, #8]
1248:Drivers/STM32F4xx_HAL_Driver/Src/stm32f4xx_ll_usb.c **** }
 4363              		.loc 1 1248 1
 4364 0036 1846     		mov	r0, r3
 4365 0038 1437     		adds	r7, r7, #20
 4366              	.LCFI154:
 4367              		.cfi_def_cfa_offset 4
 4368 003a BD46     		mov	sp, r7
 4369              	.LCFI155:
 4370              		.cfi_def_cfa_register 13
 4371              		@ sp needed
 4372 003c 80BC     		pop	{r7}
 4373              	.LCFI156:
 4374              		.cfi_restore 7
 4375              		.cfi_def_cfa_offset 0
 4376 003e 7047     		bx	lr
 4377              		.cfi_endproc
 4378              	.LFE245:
 4380              		.section	.text.USB_ReadDevAllOutEpInterrupt,"ax",%progbits
 4381              		.align	1
 4382              		.global	USB_ReadDevAllOutEpInterrupt
 4383              		.syntax unified
 4384              		.thumb
 4385              		.thumb_func
 4387              	USB_ReadDevAllOutEpInterrupt:
 4388              	.LFB246:
1249:Drivers/STM32F4xx_HAL_Driver/Src/stm32f4xx_ll_usb.c **** 
1250:Drivers/STM32F4xx_HAL_Driver/Src/stm32f4xx_ll_usb.c **** /**
1251:Drivers/STM32F4xx_HAL_Driver/Src/stm32f4xx_ll_usb.c ****   * @brief  USB_ReadDevAllOutEpInterrupt: return the USB device OUT endpoints interrupt status
1252:Drivers/STM32F4xx_HAL_Driver/Src/stm32f4xx_ll_usb.c ****   * @param  USBx  Selected device
1253:Drivers/STM32F4xx_HAL_Driver/Src/stm32f4xx_ll_usb.c ****   * @retval USB Device OUT EP interrupt status
1254:Drivers/STM32F4xx_HAL_Driver/Src/stm32f4xx_ll_usb.c ****   */
1255:Drivers/STM32F4xx_HAL_Driver/Src/stm32f4xx_ll_usb.c **** uint32_t USB_ReadDevAllOutEpInterrupt(const USB_OTG_GlobalTypeDef *USBx)
1256:Drivers/STM32F4xx_HAL_Driver/Src/stm32f4xx_ll_usb.c **** {
 4389              		.loc 1 1256 1
 4390              		.cfi_startproc
 4391              		@ args = 0, pretend = 0, frame = 16
 4392              		@ frame_needed = 1, uses_anonymous_args = 0
 4393              		@ link register save eliminated.
 4394 0000 80B4     		push	{r7}
 4395              	.LCFI157:
 4396              		.cfi_def_cfa_offset 4
 4397              		.cfi_offset 7, -4
 4398 0002 85B0     		sub	sp, sp, #20
 4399              	.LCFI158:
 4400              		.cfi_def_cfa_offset 24
 4401 0004 00AF     		add	r7, sp, #0
 4402              	.LCFI159:
 4403              		.cfi_def_cfa_register 7
 4404 0006 7860     		str	r0, [r7, #4]
1257:Drivers/STM32F4xx_HAL_Driver/Src/stm32f4xx_ll_usb.c ****   uint32_t USBx_BASE = (uint32_t)USBx;
 4405              		.loc 1 1257 12
 4406 0008 7B68     		ldr	r3, [r7, #4]
 4407 000a FB60     		str	r3, [r7, #12]
1258:Drivers/STM32F4xx_HAL_Driver/Src/stm32f4xx_ll_usb.c ****   uint32_t tmpreg;
1259:Drivers/STM32F4xx_HAL_Driver/Src/stm32f4xx_ll_usb.c **** 
ARM GAS  /tmp/ccLxLv8v.s 			page 100


1260:Drivers/STM32F4xx_HAL_Driver/Src/stm32f4xx_ll_usb.c ****   tmpreg  = USBx_DEVICE->DAINT;
 4408              		.loc 1 1260 13
 4409 000c FB68     		ldr	r3, [r7, #12]
 4410 000e 03F50063 		add	r3, r3, #2048
 4411              		.loc 1 1260 11
 4412 0012 9B69     		ldr	r3, [r3, #24]
 4413 0014 BB60     		str	r3, [r7, #8]
1261:Drivers/STM32F4xx_HAL_Driver/Src/stm32f4xx_ll_usb.c ****   tmpreg &= USBx_DEVICE->DAINTMSK;
 4414              		.loc 1 1261 13
 4415 0016 FB68     		ldr	r3, [r7, #12]
 4416 0018 03F50063 		add	r3, r3, #2048
 4417              		.loc 1 1261 24
 4418 001c DB69     		ldr	r3, [r3, #28]
 4419              		.loc 1 1261 10
 4420 001e BA68     		ldr	r2, [r7, #8]
 4421 0020 1340     		ands	r3, r3, r2
 4422 0022 BB60     		str	r3, [r7, #8]
1262:Drivers/STM32F4xx_HAL_Driver/Src/stm32f4xx_ll_usb.c **** 
1263:Drivers/STM32F4xx_HAL_Driver/Src/stm32f4xx_ll_usb.c ****   return ((tmpreg & 0xffff0000U) >> 16);
 4423              		.loc 1 1263 34
 4424 0024 BB68     		ldr	r3, [r7, #8]
 4425 0026 1B0C     		lsrs	r3, r3, #16
1264:Drivers/STM32F4xx_HAL_Driver/Src/stm32f4xx_ll_usb.c **** }
 4426              		.loc 1 1264 1
 4427 0028 1846     		mov	r0, r3
 4428 002a 1437     		adds	r7, r7, #20
 4429              	.LCFI160:
 4430              		.cfi_def_cfa_offset 4
 4431 002c BD46     		mov	sp, r7
 4432              	.LCFI161:
 4433              		.cfi_def_cfa_register 13
 4434              		@ sp needed
 4435 002e 80BC     		pop	{r7}
 4436              	.LCFI162:
 4437              		.cfi_restore 7
 4438              		.cfi_def_cfa_offset 0
 4439 0030 7047     		bx	lr
 4440              		.cfi_endproc
 4441              	.LFE246:
 4443              		.section	.text.USB_ReadDevAllInEpInterrupt,"ax",%progbits
 4444              		.align	1
 4445              		.global	USB_ReadDevAllInEpInterrupt
 4446              		.syntax unified
 4447              		.thumb
 4448              		.thumb_func
 4450              	USB_ReadDevAllInEpInterrupt:
 4451              	.LFB247:
1265:Drivers/STM32F4xx_HAL_Driver/Src/stm32f4xx_ll_usb.c **** 
1266:Drivers/STM32F4xx_HAL_Driver/Src/stm32f4xx_ll_usb.c **** /**
1267:Drivers/STM32F4xx_HAL_Driver/Src/stm32f4xx_ll_usb.c ****   * @brief  USB_ReadDevAllInEpInterrupt: return the USB device IN endpoints interrupt status
1268:Drivers/STM32F4xx_HAL_Driver/Src/stm32f4xx_ll_usb.c ****   * @param  USBx  Selected device
1269:Drivers/STM32F4xx_HAL_Driver/Src/stm32f4xx_ll_usb.c ****   * @retval USB Device IN EP interrupt status
1270:Drivers/STM32F4xx_HAL_Driver/Src/stm32f4xx_ll_usb.c ****   */
1271:Drivers/STM32F4xx_HAL_Driver/Src/stm32f4xx_ll_usb.c **** uint32_t USB_ReadDevAllInEpInterrupt(const USB_OTG_GlobalTypeDef *USBx)
1272:Drivers/STM32F4xx_HAL_Driver/Src/stm32f4xx_ll_usb.c **** {
 4452              		.loc 1 1272 1
 4453              		.cfi_startproc
ARM GAS  /tmp/ccLxLv8v.s 			page 101


 4454              		@ args = 0, pretend = 0, frame = 16
 4455              		@ frame_needed = 1, uses_anonymous_args = 0
 4456              		@ link register save eliminated.
 4457 0000 80B4     		push	{r7}
 4458              	.LCFI163:
 4459              		.cfi_def_cfa_offset 4
 4460              		.cfi_offset 7, -4
 4461 0002 85B0     		sub	sp, sp, #20
 4462              	.LCFI164:
 4463              		.cfi_def_cfa_offset 24
 4464 0004 00AF     		add	r7, sp, #0
 4465              	.LCFI165:
 4466              		.cfi_def_cfa_register 7
 4467 0006 7860     		str	r0, [r7, #4]
1273:Drivers/STM32F4xx_HAL_Driver/Src/stm32f4xx_ll_usb.c ****   uint32_t USBx_BASE = (uint32_t)USBx;
 4468              		.loc 1 1273 12
 4469 0008 7B68     		ldr	r3, [r7, #4]
 4470 000a FB60     		str	r3, [r7, #12]
1274:Drivers/STM32F4xx_HAL_Driver/Src/stm32f4xx_ll_usb.c ****   uint32_t tmpreg;
1275:Drivers/STM32F4xx_HAL_Driver/Src/stm32f4xx_ll_usb.c **** 
1276:Drivers/STM32F4xx_HAL_Driver/Src/stm32f4xx_ll_usb.c ****   tmpreg  = USBx_DEVICE->DAINT;
 4471              		.loc 1 1276 13
 4472 000c FB68     		ldr	r3, [r7, #12]
 4473 000e 03F50063 		add	r3, r3, #2048
 4474              		.loc 1 1276 11
 4475 0012 9B69     		ldr	r3, [r3, #24]
 4476 0014 BB60     		str	r3, [r7, #8]
1277:Drivers/STM32F4xx_HAL_Driver/Src/stm32f4xx_ll_usb.c ****   tmpreg &= USBx_DEVICE->DAINTMSK;
 4477              		.loc 1 1277 13
 4478 0016 FB68     		ldr	r3, [r7, #12]
 4479 0018 03F50063 		add	r3, r3, #2048
 4480              		.loc 1 1277 24
 4481 001c DB69     		ldr	r3, [r3, #28]
 4482              		.loc 1 1277 10
 4483 001e BA68     		ldr	r2, [r7, #8]
 4484 0020 1340     		ands	r3, r3, r2
 4485 0022 BB60     		str	r3, [r7, #8]
1278:Drivers/STM32F4xx_HAL_Driver/Src/stm32f4xx_ll_usb.c **** 
1279:Drivers/STM32F4xx_HAL_Driver/Src/stm32f4xx_ll_usb.c ****   return ((tmpreg & 0xFFFFU));
 4486              		.loc 1 1279 19
 4487 0024 BB68     		ldr	r3, [r7, #8]
 4488 0026 9BB2     		uxth	r3, r3
1280:Drivers/STM32F4xx_HAL_Driver/Src/stm32f4xx_ll_usb.c **** }
 4489              		.loc 1 1280 1
 4490 0028 1846     		mov	r0, r3
 4491 002a 1437     		adds	r7, r7, #20
 4492              	.LCFI166:
 4493              		.cfi_def_cfa_offset 4
 4494 002c BD46     		mov	sp, r7
 4495              	.LCFI167:
 4496              		.cfi_def_cfa_register 13
 4497              		@ sp needed
 4498 002e 80BC     		pop	{r7}
 4499              	.LCFI168:
 4500              		.cfi_restore 7
 4501              		.cfi_def_cfa_offset 0
 4502 0030 7047     		bx	lr
ARM GAS  /tmp/ccLxLv8v.s 			page 102


 4503              		.cfi_endproc
 4504              	.LFE247:
 4506              		.section	.text.USB_ReadDevOutEPInterrupt,"ax",%progbits
 4507              		.align	1
 4508              		.global	USB_ReadDevOutEPInterrupt
 4509              		.syntax unified
 4510              		.thumb
 4511              		.thumb_func
 4513              	USB_ReadDevOutEPInterrupt:
 4514              	.LFB248:
1281:Drivers/STM32F4xx_HAL_Driver/Src/stm32f4xx_ll_usb.c **** 
1282:Drivers/STM32F4xx_HAL_Driver/Src/stm32f4xx_ll_usb.c **** /**
1283:Drivers/STM32F4xx_HAL_Driver/Src/stm32f4xx_ll_usb.c ****   * @brief  Returns Device OUT EP Interrupt register
1284:Drivers/STM32F4xx_HAL_Driver/Src/stm32f4xx_ll_usb.c ****   * @param  USBx  Selected device
1285:Drivers/STM32F4xx_HAL_Driver/Src/stm32f4xx_ll_usb.c ****   * @param  epnum  endpoint number
1286:Drivers/STM32F4xx_HAL_Driver/Src/stm32f4xx_ll_usb.c ****   *          This parameter can be a value from 0 to 15
1287:Drivers/STM32F4xx_HAL_Driver/Src/stm32f4xx_ll_usb.c ****   * @retval Device OUT EP Interrupt register
1288:Drivers/STM32F4xx_HAL_Driver/Src/stm32f4xx_ll_usb.c ****   */
1289:Drivers/STM32F4xx_HAL_Driver/Src/stm32f4xx_ll_usb.c **** uint32_t USB_ReadDevOutEPInterrupt(const USB_OTG_GlobalTypeDef *USBx, uint8_t epnum)
1290:Drivers/STM32F4xx_HAL_Driver/Src/stm32f4xx_ll_usb.c **** {
 4515              		.loc 1 1290 1
 4516              		.cfi_startproc
 4517              		@ args = 0, pretend = 0, frame = 16
 4518              		@ frame_needed = 1, uses_anonymous_args = 0
 4519              		@ link register save eliminated.
 4520 0000 80B4     		push	{r7}
 4521              	.LCFI169:
 4522              		.cfi_def_cfa_offset 4
 4523              		.cfi_offset 7, -4
 4524 0002 85B0     		sub	sp, sp, #20
 4525              	.LCFI170:
 4526              		.cfi_def_cfa_offset 24
 4527 0004 00AF     		add	r7, sp, #0
 4528              	.LCFI171:
 4529              		.cfi_def_cfa_register 7
 4530 0006 7860     		str	r0, [r7, #4]
 4531 0008 0B46     		mov	r3, r1
 4532 000a FB70     		strb	r3, [r7, #3]
1291:Drivers/STM32F4xx_HAL_Driver/Src/stm32f4xx_ll_usb.c ****   uint32_t USBx_BASE = (uint32_t)USBx;
 4533              		.loc 1 1291 12
 4534 000c 7B68     		ldr	r3, [r7, #4]
 4535 000e FB60     		str	r3, [r7, #12]
1292:Drivers/STM32F4xx_HAL_Driver/Src/stm32f4xx_ll_usb.c ****   uint32_t tmpreg;
1293:Drivers/STM32F4xx_HAL_Driver/Src/stm32f4xx_ll_usb.c **** 
1294:Drivers/STM32F4xx_HAL_Driver/Src/stm32f4xx_ll_usb.c ****   tmpreg  = USBx_OUTEP((uint32_t)epnum)->DOEPINT;
 4536              		.loc 1 1294 13
 4537 0010 FB78     		ldrb	r3, [r7, #3]	@ zero_extendqisi2
 4538 0012 5A01     		lsls	r2, r3, #5
 4539 0014 FB68     		ldr	r3, [r7, #12]
 4540 0016 1344     		add	r3, r3, r2
 4541 0018 03F53063 		add	r3, r3, #2816
 4542              		.loc 1 1294 11
 4543 001c 9B68     		ldr	r3, [r3, #8]
 4544 001e BB60     		str	r3, [r7, #8]
1295:Drivers/STM32F4xx_HAL_Driver/Src/stm32f4xx_ll_usb.c ****   tmpreg &= USBx_DEVICE->DOEPMSK;
 4545              		.loc 1 1295 13
 4546 0020 FB68     		ldr	r3, [r7, #12]
ARM GAS  /tmp/ccLxLv8v.s 			page 103


 4547 0022 03F50063 		add	r3, r3, #2048
 4548              		.loc 1 1295 24
 4549 0026 5B69     		ldr	r3, [r3, #20]
 4550              		.loc 1 1295 10
 4551 0028 BA68     		ldr	r2, [r7, #8]
 4552 002a 1340     		ands	r3, r3, r2
 4553 002c BB60     		str	r3, [r7, #8]
1296:Drivers/STM32F4xx_HAL_Driver/Src/stm32f4xx_ll_usb.c **** 
1297:Drivers/STM32F4xx_HAL_Driver/Src/stm32f4xx_ll_usb.c ****   return tmpreg;
 4554              		.loc 1 1297 10
 4555 002e BB68     		ldr	r3, [r7, #8]
1298:Drivers/STM32F4xx_HAL_Driver/Src/stm32f4xx_ll_usb.c **** }
 4556              		.loc 1 1298 1
 4557 0030 1846     		mov	r0, r3
 4558 0032 1437     		adds	r7, r7, #20
 4559              	.LCFI172:
 4560              		.cfi_def_cfa_offset 4
 4561 0034 BD46     		mov	sp, r7
 4562              	.LCFI173:
 4563              		.cfi_def_cfa_register 13
 4564              		@ sp needed
 4565 0036 80BC     		pop	{r7}
 4566              	.LCFI174:
 4567              		.cfi_restore 7
 4568              		.cfi_def_cfa_offset 0
 4569 0038 7047     		bx	lr
 4570              		.cfi_endproc
 4571              	.LFE248:
 4573              		.section	.text.USB_ReadDevInEPInterrupt,"ax",%progbits
 4574              		.align	1
 4575              		.global	USB_ReadDevInEPInterrupt
 4576              		.syntax unified
 4577              		.thumb
 4578              		.thumb_func
 4580              	USB_ReadDevInEPInterrupt:
 4581              	.LFB249:
1299:Drivers/STM32F4xx_HAL_Driver/Src/stm32f4xx_ll_usb.c **** 
1300:Drivers/STM32F4xx_HAL_Driver/Src/stm32f4xx_ll_usb.c **** /**
1301:Drivers/STM32F4xx_HAL_Driver/Src/stm32f4xx_ll_usb.c ****   * @brief  Returns Device IN EP Interrupt register
1302:Drivers/STM32F4xx_HAL_Driver/Src/stm32f4xx_ll_usb.c ****   * @param  USBx  Selected device
1303:Drivers/STM32F4xx_HAL_Driver/Src/stm32f4xx_ll_usb.c ****   * @param  epnum  endpoint number
1304:Drivers/STM32F4xx_HAL_Driver/Src/stm32f4xx_ll_usb.c ****   *          This parameter can be a value from 0 to 15
1305:Drivers/STM32F4xx_HAL_Driver/Src/stm32f4xx_ll_usb.c ****   * @retval Device IN EP Interrupt register
1306:Drivers/STM32F4xx_HAL_Driver/Src/stm32f4xx_ll_usb.c ****   */
1307:Drivers/STM32F4xx_HAL_Driver/Src/stm32f4xx_ll_usb.c **** uint32_t USB_ReadDevInEPInterrupt(const USB_OTG_GlobalTypeDef *USBx, uint8_t epnum)
1308:Drivers/STM32F4xx_HAL_Driver/Src/stm32f4xx_ll_usb.c **** {
 4582              		.loc 1 1308 1
 4583              		.cfi_startproc
 4584              		@ args = 0, pretend = 0, frame = 24
 4585              		@ frame_needed = 1, uses_anonymous_args = 0
 4586              		@ link register save eliminated.
 4587 0000 80B4     		push	{r7}
 4588              	.LCFI175:
 4589              		.cfi_def_cfa_offset 4
 4590              		.cfi_offset 7, -4
 4591 0002 87B0     		sub	sp, sp, #28
 4592              	.LCFI176:
ARM GAS  /tmp/ccLxLv8v.s 			page 104


 4593              		.cfi_def_cfa_offset 32
 4594 0004 00AF     		add	r7, sp, #0
 4595              	.LCFI177:
 4596              		.cfi_def_cfa_register 7
 4597 0006 7860     		str	r0, [r7, #4]
 4598 0008 0B46     		mov	r3, r1
 4599 000a FB70     		strb	r3, [r7, #3]
1309:Drivers/STM32F4xx_HAL_Driver/Src/stm32f4xx_ll_usb.c ****   uint32_t USBx_BASE = (uint32_t)USBx;
 4600              		.loc 1 1309 12
 4601 000c 7B68     		ldr	r3, [r7, #4]
 4602 000e 7B61     		str	r3, [r7, #20]
1310:Drivers/STM32F4xx_HAL_Driver/Src/stm32f4xx_ll_usb.c ****   uint32_t tmpreg;
1311:Drivers/STM32F4xx_HAL_Driver/Src/stm32f4xx_ll_usb.c ****   uint32_t msk;
1312:Drivers/STM32F4xx_HAL_Driver/Src/stm32f4xx_ll_usb.c ****   uint32_t emp;
1313:Drivers/STM32F4xx_HAL_Driver/Src/stm32f4xx_ll_usb.c **** 
1314:Drivers/STM32F4xx_HAL_Driver/Src/stm32f4xx_ll_usb.c ****   msk = USBx_DEVICE->DIEPMSK;
 4603              		.loc 1 1314 9
 4604 0010 7B69     		ldr	r3, [r7, #20]
 4605 0012 03F50063 		add	r3, r3, #2048
 4606              		.loc 1 1314 7
 4607 0016 1B69     		ldr	r3, [r3, #16]
 4608 0018 3B61     		str	r3, [r7, #16]
1315:Drivers/STM32F4xx_HAL_Driver/Src/stm32f4xx_ll_usb.c ****   emp = USBx_DEVICE->DIEPEMPMSK;
 4609              		.loc 1 1315 9
 4610 001a 7B69     		ldr	r3, [r7, #20]
 4611 001c 03F50063 		add	r3, r3, #2048
 4612              		.loc 1 1315 7
 4613 0020 5B6B     		ldr	r3, [r3, #52]
 4614 0022 FB60     		str	r3, [r7, #12]
1316:Drivers/STM32F4xx_HAL_Driver/Src/stm32f4xx_ll_usb.c ****   msk |= ((emp >> (epnum & EP_ADDR_MSK)) & 0x1U) << 7;
 4615              		.loc 1 1316 26
 4616 0024 FB78     		ldrb	r3, [r7, #3]	@ zero_extendqisi2
 4617 0026 03F00F03 		and	r3, r3, #15
 4618              		.loc 1 1316 16
 4619 002a FA68     		ldr	r2, [r7, #12]
 4620 002c 22FA03F3 		lsr	r3, r2, r3
 4621              		.loc 1 1316 50
 4622 0030 DB01     		lsls	r3, r3, #7
 4623 0032 DBB2     		uxtb	r3, r3
 4624              		.loc 1 1316 7
 4625 0034 3A69     		ldr	r2, [r7, #16]
 4626 0036 1343     		orrs	r3, r3, r2
 4627 0038 3B61     		str	r3, [r7, #16]
1317:Drivers/STM32F4xx_HAL_Driver/Src/stm32f4xx_ll_usb.c ****   tmpreg = USBx_INEP((uint32_t)epnum)->DIEPINT & msk;
 4628              		.loc 1 1317 12
 4629 003a FB78     		ldrb	r3, [r7, #3]	@ zero_extendqisi2
 4630 003c 5A01     		lsls	r2, r3, #5
 4631 003e 7B69     		ldr	r3, [r7, #20]
 4632 0040 1344     		add	r3, r3, r2
 4633 0042 03F51063 		add	r3, r3, #2304
 4634              		.loc 1 1317 38
 4635 0046 9B68     		ldr	r3, [r3, #8]
 4636              		.loc 1 1317 10
 4637 0048 3A69     		ldr	r2, [r7, #16]
 4638 004a 1340     		ands	r3, r3, r2
 4639 004c BB60     		str	r3, [r7, #8]
1318:Drivers/STM32F4xx_HAL_Driver/Src/stm32f4xx_ll_usb.c **** 
ARM GAS  /tmp/ccLxLv8v.s 			page 105


1319:Drivers/STM32F4xx_HAL_Driver/Src/stm32f4xx_ll_usb.c ****   return tmpreg;
 4640              		.loc 1 1319 10
 4641 004e BB68     		ldr	r3, [r7, #8]
1320:Drivers/STM32F4xx_HAL_Driver/Src/stm32f4xx_ll_usb.c **** }
 4642              		.loc 1 1320 1
 4643 0050 1846     		mov	r0, r3
 4644 0052 1C37     		adds	r7, r7, #28
 4645              	.LCFI178:
 4646              		.cfi_def_cfa_offset 4
 4647 0054 BD46     		mov	sp, r7
 4648              	.LCFI179:
 4649              		.cfi_def_cfa_register 13
 4650              		@ sp needed
 4651 0056 80BC     		pop	{r7}
 4652              	.LCFI180:
 4653              		.cfi_restore 7
 4654              		.cfi_def_cfa_offset 0
 4655 0058 7047     		bx	lr
 4656              		.cfi_endproc
 4657              	.LFE249:
 4659              		.section	.text.USB_ClearInterrupts,"ax",%progbits
 4660              		.align	1
 4661              		.global	USB_ClearInterrupts
 4662              		.syntax unified
 4663              		.thumb
 4664              		.thumb_func
 4666              	USB_ClearInterrupts:
 4667              	.LFB250:
1321:Drivers/STM32F4xx_HAL_Driver/Src/stm32f4xx_ll_usb.c **** 
1322:Drivers/STM32F4xx_HAL_Driver/Src/stm32f4xx_ll_usb.c **** /**
1323:Drivers/STM32F4xx_HAL_Driver/Src/stm32f4xx_ll_usb.c ****   * @brief  USB_ClearInterrupts: clear a USB interrupt
1324:Drivers/STM32F4xx_HAL_Driver/Src/stm32f4xx_ll_usb.c ****   * @param  USBx  Selected device
1325:Drivers/STM32F4xx_HAL_Driver/Src/stm32f4xx_ll_usb.c ****   * @param  interrupt  flag
1326:Drivers/STM32F4xx_HAL_Driver/Src/stm32f4xx_ll_usb.c ****   * @retval None
1327:Drivers/STM32F4xx_HAL_Driver/Src/stm32f4xx_ll_usb.c ****   */
1328:Drivers/STM32F4xx_HAL_Driver/Src/stm32f4xx_ll_usb.c **** void  USB_ClearInterrupts(USB_OTG_GlobalTypeDef *USBx, uint32_t interrupt)
1329:Drivers/STM32F4xx_HAL_Driver/Src/stm32f4xx_ll_usb.c **** {
 4668              		.loc 1 1329 1
 4669              		.cfi_startproc
 4670              		@ args = 0, pretend = 0, frame = 8
 4671              		@ frame_needed = 1, uses_anonymous_args = 0
 4672              		@ link register save eliminated.
 4673 0000 80B4     		push	{r7}
 4674              	.LCFI181:
 4675              		.cfi_def_cfa_offset 4
 4676              		.cfi_offset 7, -4
 4677 0002 83B0     		sub	sp, sp, #12
 4678              	.LCFI182:
 4679              		.cfi_def_cfa_offset 16
 4680 0004 00AF     		add	r7, sp, #0
 4681              	.LCFI183:
 4682              		.cfi_def_cfa_register 7
 4683 0006 7860     		str	r0, [r7, #4]
 4684 0008 3960     		str	r1, [r7]
1330:Drivers/STM32F4xx_HAL_Driver/Src/stm32f4xx_ll_usb.c ****   USBx->GINTSTS &= interrupt;
 4685              		.loc 1 1330 7
 4686 000a 7B68     		ldr	r3, [r7, #4]
ARM GAS  /tmp/ccLxLv8v.s 			page 106


 4687 000c 5A69     		ldr	r2, [r3, #20]
 4688              		.loc 1 1330 17
 4689 000e 3B68     		ldr	r3, [r7]
 4690 0010 1A40     		ands	r2, r2, r3
 4691 0012 7B68     		ldr	r3, [r7, #4]
 4692 0014 5A61     		str	r2, [r3, #20]
1331:Drivers/STM32F4xx_HAL_Driver/Src/stm32f4xx_ll_usb.c **** }
 4693              		.loc 1 1331 1
 4694 0016 00BF     		nop
 4695 0018 0C37     		adds	r7, r7, #12
 4696              	.LCFI184:
 4697              		.cfi_def_cfa_offset 4
 4698 001a BD46     		mov	sp, r7
 4699              	.LCFI185:
 4700              		.cfi_def_cfa_register 13
 4701              		@ sp needed
 4702 001c 80BC     		pop	{r7}
 4703              	.LCFI186:
 4704              		.cfi_restore 7
 4705              		.cfi_def_cfa_offset 0
 4706 001e 7047     		bx	lr
 4707              		.cfi_endproc
 4708              	.LFE250:
 4710              		.section	.text.USB_GetMode,"ax",%progbits
 4711              		.align	1
 4712              		.global	USB_GetMode
 4713              		.syntax unified
 4714              		.thumb
 4715              		.thumb_func
 4717              	USB_GetMode:
 4718              	.LFB251:
1332:Drivers/STM32F4xx_HAL_Driver/Src/stm32f4xx_ll_usb.c **** 
1333:Drivers/STM32F4xx_HAL_Driver/Src/stm32f4xx_ll_usb.c **** /**
1334:Drivers/STM32F4xx_HAL_Driver/Src/stm32f4xx_ll_usb.c ****   * @brief  Returns USB core mode
1335:Drivers/STM32F4xx_HAL_Driver/Src/stm32f4xx_ll_usb.c ****   * @param  USBx  Selected device
1336:Drivers/STM32F4xx_HAL_Driver/Src/stm32f4xx_ll_usb.c ****   * @retval return core mode : Host or Device
1337:Drivers/STM32F4xx_HAL_Driver/Src/stm32f4xx_ll_usb.c ****   *          This parameter can be one of these values:
1338:Drivers/STM32F4xx_HAL_Driver/Src/stm32f4xx_ll_usb.c ****   *           0 : Host
1339:Drivers/STM32F4xx_HAL_Driver/Src/stm32f4xx_ll_usb.c ****   *           1 : Device
1340:Drivers/STM32F4xx_HAL_Driver/Src/stm32f4xx_ll_usb.c ****   */
1341:Drivers/STM32F4xx_HAL_Driver/Src/stm32f4xx_ll_usb.c **** uint32_t USB_GetMode(const USB_OTG_GlobalTypeDef *USBx)
1342:Drivers/STM32F4xx_HAL_Driver/Src/stm32f4xx_ll_usb.c **** {
 4719              		.loc 1 1342 1
 4720              		.cfi_startproc
 4721              		@ args = 0, pretend = 0, frame = 8
 4722              		@ frame_needed = 1, uses_anonymous_args = 0
 4723              		@ link register save eliminated.
 4724 0000 80B4     		push	{r7}
 4725              	.LCFI187:
 4726              		.cfi_def_cfa_offset 4
 4727              		.cfi_offset 7, -4
 4728 0002 83B0     		sub	sp, sp, #12
 4729              	.LCFI188:
 4730              		.cfi_def_cfa_offset 16
 4731 0004 00AF     		add	r7, sp, #0
 4732              	.LCFI189:
 4733              		.cfi_def_cfa_register 7
ARM GAS  /tmp/ccLxLv8v.s 			page 107


 4734 0006 7860     		str	r0, [r7, #4]
1343:Drivers/STM32F4xx_HAL_Driver/Src/stm32f4xx_ll_usb.c ****   return ((USBx->GINTSTS) & 0x1U);
 4735              		.loc 1 1343 16
 4736 0008 7B68     		ldr	r3, [r7, #4]
 4737 000a 5B69     		ldr	r3, [r3, #20]
 4738              		.loc 1 1343 27
 4739 000c 03F00103 		and	r3, r3, #1
1344:Drivers/STM32F4xx_HAL_Driver/Src/stm32f4xx_ll_usb.c **** }
 4740              		.loc 1 1344 1
 4741 0010 1846     		mov	r0, r3
 4742 0012 0C37     		adds	r7, r7, #12
 4743              	.LCFI190:
 4744              		.cfi_def_cfa_offset 4
 4745 0014 BD46     		mov	sp, r7
 4746              	.LCFI191:
 4747              		.cfi_def_cfa_register 13
 4748              		@ sp needed
 4749 0016 80BC     		pop	{r7}
 4750              	.LCFI192:
 4751              		.cfi_restore 7
 4752              		.cfi_def_cfa_offset 0
 4753 0018 7047     		bx	lr
 4754              		.cfi_endproc
 4755              	.LFE251:
 4757              		.section	.text.USB_ActivateSetup,"ax",%progbits
 4758              		.align	1
 4759              		.global	USB_ActivateSetup
 4760              		.syntax unified
 4761              		.thumb
 4762              		.thumb_func
 4764              	USB_ActivateSetup:
 4765              	.LFB252:
1345:Drivers/STM32F4xx_HAL_Driver/Src/stm32f4xx_ll_usb.c **** 
1346:Drivers/STM32F4xx_HAL_Driver/Src/stm32f4xx_ll_usb.c **** /**
1347:Drivers/STM32F4xx_HAL_Driver/Src/stm32f4xx_ll_usb.c ****   * @brief  Activate EP0 for Setup transactions
1348:Drivers/STM32F4xx_HAL_Driver/Src/stm32f4xx_ll_usb.c ****   * @param  USBx  Selected device
1349:Drivers/STM32F4xx_HAL_Driver/Src/stm32f4xx_ll_usb.c ****   * @retval HAL status
1350:Drivers/STM32F4xx_HAL_Driver/Src/stm32f4xx_ll_usb.c ****   */
1351:Drivers/STM32F4xx_HAL_Driver/Src/stm32f4xx_ll_usb.c **** HAL_StatusTypeDef USB_ActivateSetup(const USB_OTG_GlobalTypeDef *USBx)
1352:Drivers/STM32F4xx_HAL_Driver/Src/stm32f4xx_ll_usb.c **** {
 4766              		.loc 1 1352 1
 4767              		.cfi_startproc
 4768              		@ args = 0, pretend = 0, frame = 16
 4769              		@ frame_needed = 1, uses_anonymous_args = 0
 4770              		@ link register save eliminated.
 4771 0000 80B4     		push	{r7}
 4772              	.LCFI193:
 4773              		.cfi_def_cfa_offset 4
 4774              		.cfi_offset 7, -4
 4775 0002 85B0     		sub	sp, sp, #20
 4776              	.LCFI194:
 4777              		.cfi_def_cfa_offset 24
 4778 0004 00AF     		add	r7, sp, #0
 4779              	.LCFI195:
 4780              		.cfi_def_cfa_register 7
 4781 0006 7860     		str	r0, [r7, #4]
1353:Drivers/STM32F4xx_HAL_Driver/Src/stm32f4xx_ll_usb.c ****   uint32_t USBx_BASE = (uint32_t)USBx;
ARM GAS  /tmp/ccLxLv8v.s 			page 108


 4782              		.loc 1 1353 12
 4783 0008 7B68     		ldr	r3, [r7, #4]
 4784 000a FB60     		str	r3, [r7, #12]
1354:Drivers/STM32F4xx_HAL_Driver/Src/stm32f4xx_ll_usb.c **** 
1355:Drivers/STM32F4xx_HAL_Driver/Src/stm32f4xx_ll_usb.c ****   /* Set the MPS of the IN EP0 to 64 bytes */
1356:Drivers/STM32F4xx_HAL_Driver/Src/stm32f4xx_ll_usb.c ****   USBx_INEP(0U)->DIEPCTL &= ~USB_OTG_DIEPCTL_MPSIZ;
 4785              		.loc 1 1356 16
 4786 000c FB68     		ldr	r3, [r7, #12]
 4787 000e 03F51063 		add	r3, r3, #2304
 4788 0012 1B68     		ldr	r3, [r3]
 4789 0014 FA68     		ldr	r2, [r7, #12]
 4790 0016 02F51062 		add	r2, r2, #2304
 4791              		.loc 1 1356 26
 4792 001a 23F4FF63 		bic	r3, r3, #2040
 4793 001e 23F00703 		bic	r3, r3, #7
 4794 0022 1360     		str	r3, [r2]
1357:Drivers/STM32F4xx_HAL_Driver/Src/stm32f4xx_ll_usb.c **** 
1358:Drivers/STM32F4xx_HAL_Driver/Src/stm32f4xx_ll_usb.c ****   USBx_DEVICE->DCTL |= USB_OTG_DCTL_CGINAK;
 4795              		.loc 1 1358 14
 4796 0024 FB68     		ldr	r3, [r7, #12]
 4797 0026 03F50063 		add	r3, r3, #2048
 4798 002a 5B68     		ldr	r3, [r3, #4]
 4799 002c FA68     		ldr	r2, [r7, #12]
 4800 002e 02F50062 		add	r2, r2, #2048
 4801              		.loc 1 1358 21
 4802 0032 43F48073 		orr	r3, r3, #256
 4803 0036 5360     		str	r3, [r2, #4]
1359:Drivers/STM32F4xx_HAL_Driver/Src/stm32f4xx_ll_usb.c **** 
1360:Drivers/STM32F4xx_HAL_Driver/Src/stm32f4xx_ll_usb.c ****   return HAL_OK;
 4804              		.loc 1 1360 10
 4805 0038 0023     		movs	r3, #0
1361:Drivers/STM32F4xx_HAL_Driver/Src/stm32f4xx_ll_usb.c **** }
 4806              		.loc 1 1361 1
 4807 003a 1846     		mov	r0, r3
 4808 003c 1437     		adds	r7, r7, #20
 4809              	.LCFI196:
 4810              		.cfi_def_cfa_offset 4
 4811 003e BD46     		mov	sp, r7
 4812              	.LCFI197:
 4813              		.cfi_def_cfa_register 13
 4814              		@ sp needed
 4815 0040 80BC     		pop	{r7}
 4816              	.LCFI198:
 4817              		.cfi_restore 7
 4818              		.cfi_def_cfa_offset 0
 4819 0042 7047     		bx	lr
 4820              		.cfi_endproc
 4821              	.LFE252:
 4823              		.section	.text.USB_EP0_OutStart,"ax",%progbits
 4824              		.align	1
 4825              		.global	USB_EP0_OutStart
 4826              		.syntax unified
 4827              		.thumb
 4828              		.thumb_func
 4830              	USB_EP0_OutStart:
 4831              	.LFB253:
1362:Drivers/STM32F4xx_HAL_Driver/Src/stm32f4xx_ll_usb.c **** 
ARM GAS  /tmp/ccLxLv8v.s 			page 109


1363:Drivers/STM32F4xx_HAL_Driver/Src/stm32f4xx_ll_usb.c **** /**
1364:Drivers/STM32F4xx_HAL_Driver/Src/stm32f4xx_ll_usb.c ****   * @brief  Prepare the EP0 to start the first control setup
1365:Drivers/STM32F4xx_HAL_Driver/Src/stm32f4xx_ll_usb.c ****   * @param  USBx  Selected device
1366:Drivers/STM32F4xx_HAL_Driver/Src/stm32f4xx_ll_usb.c ****   * @param  dma USB dma enabled or disabled
1367:Drivers/STM32F4xx_HAL_Driver/Src/stm32f4xx_ll_usb.c ****   *          This parameter can be one of these values:
1368:Drivers/STM32F4xx_HAL_Driver/Src/stm32f4xx_ll_usb.c ****   *           0 : DMA feature not used
1369:Drivers/STM32F4xx_HAL_Driver/Src/stm32f4xx_ll_usb.c ****   *           1 : DMA feature used
1370:Drivers/STM32F4xx_HAL_Driver/Src/stm32f4xx_ll_usb.c ****   * @param  psetup  pointer to setup packet
1371:Drivers/STM32F4xx_HAL_Driver/Src/stm32f4xx_ll_usb.c ****   * @retval HAL status
1372:Drivers/STM32F4xx_HAL_Driver/Src/stm32f4xx_ll_usb.c ****   */
1373:Drivers/STM32F4xx_HAL_Driver/Src/stm32f4xx_ll_usb.c **** HAL_StatusTypeDef USB_EP0_OutStart(const USB_OTG_GlobalTypeDef *USBx, uint8_t dma, const uint8_t *p
1374:Drivers/STM32F4xx_HAL_Driver/Src/stm32f4xx_ll_usb.c **** {
 4832              		.loc 1 1374 1
 4833              		.cfi_startproc
 4834              		@ args = 0, pretend = 0, frame = 24
 4835              		@ frame_needed = 1, uses_anonymous_args = 0
 4836              		@ link register save eliminated.
 4837 0000 80B4     		push	{r7}
 4838              	.LCFI199:
 4839              		.cfi_def_cfa_offset 4
 4840              		.cfi_offset 7, -4
 4841 0002 87B0     		sub	sp, sp, #28
 4842              	.LCFI200:
 4843              		.cfi_def_cfa_offset 32
 4844 0004 00AF     		add	r7, sp, #0
 4845              	.LCFI201:
 4846              		.cfi_def_cfa_register 7
 4847 0006 F860     		str	r0, [r7, #12]
 4848 0008 0B46     		mov	r3, r1
 4849 000a 7A60     		str	r2, [r7, #4]
 4850 000c FB72     		strb	r3, [r7, #11]
1375:Drivers/STM32F4xx_HAL_Driver/Src/stm32f4xx_ll_usb.c ****   uint32_t USBx_BASE = (uint32_t)USBx;
 4851              		.loc 1 1375 12
 4852 000e FB68     		ldr	r3, [r7, #12]
 4853 0010 7B61     		str	r3, [r7, #20]
1376:Drivers/STM32F4xx_HAL_Driver/Src/stm32f4xx_ll_usb.c ****   uint32_t gSNPSiD = *(__IO const uint32_t *)(&USBx->CID + 0x1U);
 4854              		.loc 1 1376 47
 4855 0012 FB68     		ldr	r3, [r7, #12]
 4856 0014 3C33     		adds	r3, r3, #60
 4857              		.loc 1 1376 23
 4858 0016 0433     		adds	r3, r3, #4
 4859              		.loc 1 1376 12
 4860 0018 1B68     		ldr	r3, [r3]
 4861 001a 3B61     		str	r3, [r7, #16]
1377:Drivers/STM32F4xx_HAL_Driver/Src/stm32f4xx_ll_usb.c **** 
1378:Drivers/STM32F4xx_HAL_Driver/Src/stm32f4xx_ll_usb.c ****   if (gSNPSiD > USB_OTG_CORE_ID_300A)
 4862              		.loc 1 1378 6
 4863 001c 3B69     		ldr	r3, [r7, #16]
 4864 001e 254A     		ldr	r2, .L199
 4865 0020 9342     		cmp	r3, r2
 4866 0022 0AD9     		bls	.L196
1379:Drivers/STM32F4xx_HAL_Driver/Src/stm32f4xx_ll_usb.c ****   {
1380:Drivers/STM32F4xx_HAL_Driver/Src/stm32f4xx_ll_usb.c ****     if ((USBx_OUTEP(0U)->DOEPCTL & USB_OTG_DOEPCTL_EPENA) == USB_OTG_DOEPCTL_EPENA)
 4867              		.loc 1 1380 10
 4868 0024 7B69     		ldr	r3, [r7, #20]
 4869 0026 03F53063 		add	r3, r3, #2816
 4870              		.loc 1 1380 24
ARM GAS  /tmp/ccLxLv8v.s 			page 110


 4871 002a 1B68     		ldr	r3, [r3]
 4872              		.loc 1 1380 34
 4873 002c 03F00043 		and	r3, r3, #-2147483648
 4874              		.loc 1 1380 8
 4875 0030 B3F1004F 		cmp	r3, #-2147483648
 4876 0034 01D1     		bne	.L196
1381:Drivers/STM32F4xx_HAL_Driver/Src/stm32f4xx_ll_usb.c ****     {
1382:Drivers/STM32F4xx_HAL_Driver/Src/stm32f4xx_ll_usb.c ****       return HAL_OK;
 4877              		.loc 1 1382 14
 4878 0036 0023     		movs	r3, #0
 4879 0038 37E0     		b	.L197
 4880              	.L196:
1383:Drivers/STM32F4xx_HAL_Driver/Src/stm32f4xx_ll_usb.c ****     }
1384:Drivers/STM32F4xx_HAL_Driver/Src/stm32f4xx_ll_usb.c ****   }
1385:Drivers/STM32F4xx_HAL_Driver/Src/stm32f4xx_ll_usb.c **** 
1386:Drivers/STM32F4xx_HAL_Driver/Src/stm32f4xx_ll_usb.c ****   USBx_OUTEP(0U)->DOEPTSIZ = 0U;
 4881              		.loc 1 1386 3
 4882 003a 7B69     		ldr	r3, [r7, #20]
 4883 003c 03F53063 		add	r3, r3, #2816
 4884 0040 1A46     		mov	r2, r3
 4885              		.loc 1 1386 28
 4886 0042 0023     		movs	r3, #0
 4887 0044 1361     		str	r3, [r2, #16]
1387:Drivers/STM32F4xx_HAL_Driver/Src/stm32f4xx_ll_usb.c ****   USBx_OUTEP(0U)->DOEPTSIZ |= (USB_OTG_DOEPTSIZ_PKTCNT & (1U << 19));
 4888              		.loc 1 1387 17
 4889 0046 7B69     		ldr	r3, [r7, #20]
 4890 0048 03F53063 		add	r3, r3, #2816
 4891 004c 1B69     		ldr	r3, [r3, #16]
 4892 004e 7A69     		ldr	r2, [r7, #20]
 4893 0050 02F53062 		add	r2, r2, #2816
 4894              		.loc 1 1387 28
 4895 0054 43F40023 		orr	r3, r3, #524288
 4896 0058 1361     		str	r3, [r2, #16]
1388:Drivers/STM32F4xx_HAL_Driver/Src/stm32f4xx_ll_usb.c ****   USBx_OUTEP(0U)->DOEPTSIZ |= (3U * 8U);
 4897              		.loc 1 1388 17
 4898 005a 7B69     		ldr	r3, [r7, #20]
 4899 005c 03F53063 		add	r3, r3, #2816
 4900 0060 1B69     		ldr	r3, [r3, #16]
 4901 0062 7A69     		ldr	r2, [r7, #20]
 4902 0064 02F53062 		add	r2, r2, #2816
 4903              		.loc 1 1388 28
 4904 0068 43F01803 		orr	r3, r3, #24
 4905 006c 1361     		str	r3, [r2, #16]
1389:Drivers/STM32F4xx_HAL_Driver/Src/stm32f4xx_ll_usb.c ****   USBx_OUTEP(0U)->DOEPTSIZ |=  USB_OTG_DOEPTSIZ_STUPCNT;
 4906              		.loc 1 1389 17
 4907 006e 7B69     		ldr	r3, [r7, #20]
 4908 0070 03F53063 		add	r3, r3, #2816
 4909 0074 1B69     		ldr	r3, [r3, #16]
 4910 0076 7A69     		ldr	r2, [r7, #20]
 4911 0078 02F53062 		add	r2, r2, #2816
 4912              		.loc 1 1389 28
 4913 007c 43F0C043 		orr	r3, r3, #1610612736
 4914 0080 1361     		str	r3, [r2, #16]
1390:Drivers/STM32F4xx_HAL_Driver/Src/stm32f4xx_ll_usb.c **** 
1391:Drivers/STM32F4xx_HAL_Driver/Src/stm32f4xx_ll_usb.c ****   if (dma == 1U)
 4915              		.loc 1 1391 6
 4916 0082 FB7A     		ldrb	r3, [r7, #11]	@ zero_extendqisi2
ARM GAS  /tmp/ccLxLv8v.s 			page 111


 4917 0084 012B     		cmp	r3, #1
 4918 0086 0FD1     		bne	.L198
1392:Drivers/STM32F4xx_HAL_Driver/Src/stm32f4xx_ll_usb.c ****   {
1393:Drivers/STM32F4xx_HAL_Driver/Src/stm32f4xx_ll_usb.c ****     USBx_OUTEP(0U)->DOEPDMA = (uint32_t)psetup;
 4919              		.loc 1 1393 5
 4920 0088 7B69     		ldr	r3, [r7, #20]
 4921 008a 03F53063 		add	r3, r3, #2816
 4922 008e 1A46     		mov	r2, r3
 4923              		.loc 1 1393 31
 4924 0090 7B68     		ldr	r3, [r7, #4]
 4925              		.loc 1 1393 29
 4926 0092 5361     		str	r3, [r2, #20]
1394:Drivers/STM32F4xx_HAL_Driver/Src/stm32f4xx_ll_usb.c ****     /* EP enable */
1395:Drivers/STM32F4xx_HAL_Driver/Src/stm32f4xx_ll_usb.c ****     USBx_OUTEP(0U)->DOEPCTL |= USB_OTG_DOEPCTL_EPENA | USB_OTG_DOEPCTL_USBAEP;
 4927              		.loc 1 1395 19
 4928 0094 7B69     		ldr	r3, [r7, #20]
 4929 0096 03F53063 		add	r3, r3, #2816
 4930 009a 1B68     		ldr	r3, [r3]
 4931 009c 7A69     		ldr	r2, [r7, #20]
 4932 009e 02F53062 		add	r2, r2, #2816
 4933              		.loc 1 1395 29
 4934 00a2 43F08023 		orr	r3, r3, #-2147450880
 4935 00a6 1360     		str	r3, [r2]
 4936              	.L198:
1396:Drivers/STM32F4xx_HAL_Driver/Src/stm32f4xx_ll_usb.c ****   }
1397:Drivers/STM32F4xx_HAL_Driver/Src/stm32f4xx_ll_usb.c **** 
1398:Drivers/STM32F4xx_HAL_Driver/Src/stm32f4xx_ll_usb.c ****   return HAL_OK;
 4937              		.loc 1 1398 10
 4938 00a8 0023     		movs	r3, #0
 4939              	.L197:
1399:Drivers/STM32F4xx_HAL_Driver/Src/stm32f4xx_ll_usb.c **** }
 4940              		.loc 1 1399 1
 4941 00aa 1846     		mov	r0, r3
 4942 00ac 1C37     		adds	r7, r7, #28
 4943              	.LCFI202:
 4944              		.cfi_def_cfa_offset 4
 4945 00ae BD46     		mov	sp, r7
 4946              	.LCFI203:
 4947              		.cfi_def_cfa_register 13
 4948              		@ sp needed
 4949 00b0 80BC     		pop	{r7}
 4950              	.LCFI204:
 4951              		.cfi_restore 7
 4952              		.cfi_def_cfa_offset 0
 4953 00b2 7047     		bx	lr
 4954              	.L200:
 4955              		.align	2
 4956              	.L199:
 4957 00b4 0A30544F 		.word	1330917386
 4958              		.cfi_endproc
 4959              	.LFE253:
 4961              		.section	.text.USB_CoreReset,"ax",%progbits
 4962              		.align	1
 4963              		.syntax unified
 4964              		.thumb
 4965              		.thumb_func
 4967              	USB_CoreReset:
ARM GAS  /tmp/ccLxLv8v.s 			page 112


 4968              	.LFB254:
1400:Drivers/STM32F4xx_HAL_Driver/Src/stm32f4xx_ll_usb.c **** 
1401:Drivers/STM32F4xx_HAL_Driver/Src/stm32f4xx_ll_usb.c **** /**
1402:Drivers/STM32F4xx_HAL_Driver/Src/stm32f4xx_ll_usb.c ****   * @brief  Reset the USB Core (needed after USB clock settings change)
1403:Drivers/STM32F4xx_HAL_Driver/Src/stm32f4xx_ll_usb.c ****   * @param  USBx  Selected device
1404:Drivers/STM32F4xx_HAL_Driver/Src/stm32f4xx_ll_usb.c ****   * @retval HAL status
1405:Drivers/STM32F4xx_HAL_Driver/Src/stm32f4xx_ll_usb.c ****   */
1406:Drivers/STM32F4xx_HAL_Driver/Src/stm32f4xx_ll_usb.c **** static HAL_StatusTypeDef USB_CoreReset(USB_OTG_GlobalTypeDef *USBx)
1407:Drivers/STM32F4xx_HAL_Driver/Src/stm32f4xx_ll_usb.c **** {
 4969              		.loc 1 1407 1
 4970              		.cfi_startproc
 4971              		@ args = 0, pretend = 0, frame = 16
 4972              		@ frame_needed = 1, uses_anonymous_args = 0
 4973              		@ link register save eliminated.
 4974 0000 80B4     		push	{r7}
 4975              	.LCFI205:
 4976              		.cfi_def_cfa_offset 4
 4977              		.cfi_offset 7, -4
 4978 0002 85B0     		sub	sp, sp, #20
 4979              	.LCFI206:
 4980              		.cfi_def_cfa_offset 24
 4981 0004 00AF     		add	r7, sp, #0
 4982              	.LCFI207:
 4983              		.cfi_def_cfa_register 7
 4984 0006 7860     		str	r0, [r7, #4]
1408:Drivers/STM32F4xx_HAL_Driver/Src/stm32f4xx_ll_usb.c ****   __IO uint32_t count = 0U;
 4985              		.loc 1 1408 17
 4986 0008 0023     		movs	r3, #0
 4987 000a FB60     		str	r3, [r7, #12]
 4988              	.L204:
1409:Drivers/STM32F4xx_HAL_Driver/Src/stm32f4xx_ll_usb.c **** 
1410:Drivers/STM32F4xx_HAL_Driver/Src/stm32f4xx_ll_usb.c ****   /* Wait for AHB master IDLE state. */
1411:Drivers/STM32F4xx_HAL_Driver/Src/stm32f4xx_ll_usb.c ****   do
1412:Drivers/STM32F4xx_HAL_Driver/Src/stm32f4xx_ll_usb.c ****   {
1413:Drivers/STM32F4xx_HAL_Driver/Src/stm32f4xx_ll_usb.c ****     count++;
 4989              		.loc 1 1413 10
 4990 000c FB68     		ldr	r3, [r7, #12]
 4991 000e 0133     		adds	r3, r3, #1
 4992 0010 FB60     		str	r3, [r7, #12]
1414:Drivers/STM32F4xx_HAL_Driver/Src/stm32f4xx_ll_usb.c **** 
1415:Drivers/STM32F4xx_HAL_Driver/Src/stm32f4xx_ll_usb.c ****     if (count > HAL_USB_TIMEOUT)
 4993              		.loc 1 1415 15
 4994 0012 FB68     		ldr	r3, [r7, #12]
 4995              		.loc 1 1415 8
 4996 0014 B3F1706F 		cmp	r3, #251658240
 4997 0018 01D9     		bls	.L202
1416:Drivers/STM32F4xx_HAL_Driver/Src/stm32f4xx_ll_usb.c ****     {
1417:Drivers/STM32F4xx_HAL_Driver/Src/stm32f4xx_ll_usb.c ****       return HAL_TIMEOUT;
 4998              		.loc 1 1417 14
 4999 001a 0323     		movs	r3, #3
 5000 001c 1BE0     		b	.L203
 5001              	.L202:
1418:Drivers/STM32F4xx_HAL_Driver/Src/stm32f4xx_ll_usb.c ****     }
1419:Drivers/STM32F4xx_HAL_Driver/Src/stm32f4xx_ll_usb.c ****   } while ((USBx->GRSTCTL & USB_OTG_GRSTCTL_AHBIDL) == 0U);
 5002              		.loc 1 1419 17
 5003 001e 7B68     		ldr	r3, [r7, #4]
 5004 0020 1B69     		ldr	r3, [r3, #16]
ARM GAS  /tmp/ccLxLv8v.s 			page 113


 5005              		.loc 1 1419 53
 5006 0022 002B     		cmp	r3, #0
 5007 0024 F2DA     		bge	.L204
1420:Drivers/STM32F4xx_HAL_Driver/Src/stm32f4xx_ll_usb.c **** 
1421:Drivers/STM32F4xx_HAL_Driver/Src/stm32f4xx_ll_usb.c ****   /* Core Soft Reset */
1422:Drivers/STM32F4xx_HAL_Driver/Src/stm32f4xx_ll_usb.c ****   count = 0U;
 5008              		.loc 1 1422 9
 5009 0026 0023     		movs	r3, #0
 5010 0028 FB60     		str	r3, [r7, #12]
1423:Drivers/STM32F4xx_HAL_Driver/Src/stm32f4xx_ll_usb.c ****   USBx->GRSTCTL |= USB_OTG_GRSTCTL_CSRST;
 5011              		.loc 1 1423 7
 5012 002a 7B68     		ldr	r3, [r7, #4]
 5013 002c 1B69     		ldr	r3, [r3, #16]
 5014              		.loc 1 1423 17
 5015 002e 43F00102 		orr	r2, r3, #1
 5016 0032 7B68     		ldr	r3, [r7, #4]
 5017 0034 1A61     		str	r2, [r3, #16]
 5018              	.L206:
1424:Drivers/STM32F4xx_HAL_Driver/Src/stm32f4xx_ll_usb.c **** 
1425:Drivers/STM32F4xx_HAL_Driver/Src/stm32f4xx_ll_usb.c ****   do
1426:Drivers/STM32F4xx_HAL_Driver/Src/stm32f4xx_ll_usb.c ****   {
1427:Drivers/STM32F4xx_HAL_Driver/Src/stm32f4xx_ll_usb.c ****     count++;
 5019              		.loc 1 1427 10
 5020 0036 FB68     		ldr	r3, [r7, #12]
 5021 0038 0133     		adds	r3, r3, #1
 5022 003a FB60     		str	r3, [r7, #12]
1428:Drivers/STM32F4xx_HAL_Driver/Src/stm32f4xx_ll_usb.c **** 
1429:Drivers/STM32F4xx_HAL_Driver/Src/stm32f4xx_ll_usb.c ****     if (count > HAL_USB_TIMEOUT)
 5023              		.loc 1 1429 15
 5024 003c FB68     		ldr	r3, [r7, #12]
 5025              		.loc 1 1429 8
 5026 003e B3F1706F 		cmp	r3, #251658240
 5027 0042 01D9     		bls	.L205
1430:Drivers/STM32F4xx_HAL_Driver/Src/stm32f4xx_ll_usb.c ****     {
1431:Drivers/STM32F4xx_HAL_Driver/Src/stm32f4xx_ll_usb.c ****       return HAL_TIMEOUT;
 5028              		.loc 1 1431 14
 5029 0044 0323     		movs	r3, #3
 5030 0046 06E0     		b	.L203
 5031              	.L205:
1432:Drivers/STM32F4xx_HAL_Driver/Src/stm32f4xx_ll_usb.c ****     }
1433:Drivers/STM32F4xx_HAL_Driver/Src/stm32f4xx_ll_usb.c ****   } while ((USBx->GRSTCTL & USB_OTG_GRSTCTL_CSRST) == USB_OTG_GRSTCTL_CSRST);
 5032              		.loc 1 1433 17
 5033 0048 7B68     		ldr	r3, [r7, #4]
 5034 004a 1B69     		ldr	r3, [r3, #16]
 5035              		.loc 1 1433 27
 5036 004c 03F00103 		and	r3, r3, #1
 5037              		.loc 1 1433 52
 5038 0050 012B     		cmp	r3, #1
 5039 0052 F0D0     		beq	.L206
1434:Drivers/STM32F4xx_HAL_Driver/Src/stm32f4xx_ll_usb.c **** 
1435:Drivers/STM32F4xx_HAL_Driver/Src/stm32f4xx_ll_usb.c ****   return HAL_OK;
 5040              		.loc 1 1435 10
 5041 0054 0023     		movs	r3, #0
 5042              	.L203:
1436:Drivers/STM32F4xx_HAL_Driver/Src/stm32f4xx_ll_usb.c **** }
 5043              		.loc 1 1436 1
 5044 0056 1846     		mov	r0, r3
ARM GAS  /tmp/ccLxLv8v.s 			page 114


 5045 0058 1437     		adds	r7, r7, #20
 5046              	.LCFI208:
 5047              		.cfi_def_cfa_offset 4
 5048 005a BD46     		mov	sp, r7
 5049              	.LCFI209:
 5050              		.cfi_def_cfa_register 13
 5051              		@ sp needed
 5052 005c 80BC     		pop	{r7}
 5053              	.LCFI210:
 5054              		.cfi_restore 7
 5055              		.cfi_def_cfa_offset 0
 5056 005e 7047     		bx	lr
 5057              		.cfi_endproc
 5058              	.LFE254:
 5060              		.section	.text.USB_HostInit,"ax",%progbits
 5061              		.align	1
 5062              		.global	USB_HostInit
 5063              		.syntax unified
 5064              		.thumb
 5065              		.thumb_func
 5067              	USB_HostInit:
 5068              	.LFB255:
1437:Drivers/STM32F4xx_HAL_Driver/Src/stm32f4xx_ll_usb.c **** 
1438:Drivers/STM32F4xx_HAL_Driver/Src/stm32f4xx_ll_usb.c **** /**
1439:Drivers/STM32F4xx_HAL_Driver/Src/stm32f4xx_ll_usb.c ****   * @brief  USB_HostInit : Initializes the USB OTG controller registers
1440:Drivers/STM32F4xx_HAL_Driver/Src/stm32f4xx_ll_usb.c ****   *         for Host mode
1441:Drivers/STM32F4xx_HAL_Driver/Src/stm32f4xx_ll_usb.c ****   * @param  USBx  Selected device
1442:Drivers/STM32F4xx_HAL_Driver/Src/stm32f4xx_ll_usb.c ****   * @param  cfg   pointer to a USB_OTG_CfgTypeDef structure that contains
1443:Drivers/STM32F4xx_HAL_Driver/Src/stm32f4xx_ll_usb.c ****   *         the configuration information for the specified USBx peripheral.
1444:Drivers/STM32F4xx_HAL_Driver/Src/stm32f4xx_ll_usb.c ****   * @retval HAL status
1445:Drivers/STM32F4xx_HAL_Driver/Src/stm32f4xx_ll_usb.c ****   */
1446:Drivers/STM32F4xx_HAL_Driver/Src/stm32f4xx_ll_usb.c **** HAL_StatusTypeDef USB_HostInit(USB_OTG_GlobalTypeDef *USBx, USB_OTG_CfgTypeDef cfg)
1447:Drivers/STM32F4xx_HAL_Driver/Src/stm32f4xx_ll_usb.c **** {
 5069              		.loc 1 1447 1
 5070              		.cfi_startproc
 5071              		@ args = 20, pretend = 16, frame = 24
 5072              		@ frame_needed = 1, uses_anonymous_args = 0
 5073 0000 84B0     		sub	sp, sp, #16
 5074              	.LCFI211:
 5075              		.cfi_def_cfa_offset 16
 5076 0002 80B5     		push	{r7, lr}
 5077              	.LCFI212:
 5078              		.cfi_def_cfa_offset 24
 5079              		.cfi_offset 7, -24
 5080              		.cfi_offset 14, -20
 5081 0004 86B0     		sub	sp, sp, #24
 5082              	.LCFI213:
 5083              		.cfi_def_cfa_offset 48
 5084 0006 00AF     		add	r7, sp, #0
 5085              	.LCFI214:
 5086              		.cfi_def_cfa_register 7
 5087 0008 7860     		str	r0, [r7, #4]
 5088 000a 07F12400 		add	r0, r7, #36
 5089 000e 80E80E00 		stm	r0, {r1, r2, r3}
1448:Drivers/STM32F4xx_HAL_Driver/Src/stm32f4xx_ll_usb.c ****   HAL_StatusTypeDef ret = HAL_OK;
 5090              		.loc 1 1448 21
 5091 0012 0023     		movs	r3, #0
ARM GAS  /tmp/ccLxLv8v.s 			page 115


 5092 0014 FB75     		strb	r3, [r7, #23]
1449:Drivers/STM32F4xx_HAL_Driver/Src/stm32f4xx_ll_usb.c ****   uint32_t USBx_BASE = (uint32_t)USBx;
 5093              		.loc 1 1449 12
 5094 0016 7B68     		ldr	r3, [r7, #4]
 5095 0018 FB60     		str	r3, [r7, #12]
1450:Drivers/STM32F4xx_HAL_Driver/Src/stm32f4xx_ll_usb.c ****   uint32_t i;
1451:Drivers/STM32F4xx_HAL_Driver/Src/stm32f4xx_ll_usb.c **** 
1452:Drivers/STM32F4xx_HAL_Driver/Src/stm32f4xx_ll_usb.c ****   /* Restart the Phy Clock */
1453:Drivers/STM32F4xx_HAL_Driver/Src/stm32f4xx_ll_usb.c ****   USBx_PCGCCTL = 0U;
 5096              		.loc 1 1453 3
 5097 001a FB68     		ldr	r3, [r7, #12]
 5098 001c 03F56063 		add	r3, r3, #3584
 5099 0020 1A46     		mov	r2, r3
 5100              		.loc 1 1453 16
 5101 0022 0023     		movs	r3, #0
 5102 0024 1360     		str	r3, [r2]
1454:Drivers/STM32F4xx_HAL_Driver/Src/stm32f4xx_ll_usb.c **** 
1455:Drivers/STM32F4xx_HAL_Driver/Src/stm32f4xx_ll_usb.c **** #if defined(STM32F446xx) || defined(STM32F469xx) || defined(STM32F479xx) || defined(STM32F412Zx) \
1456:Drivers/STM32F4xx_HAL_Driver/Src/stm32f4xx_ll_usb.c ****  || defined(STM32F412Vx) || defined(STM32F412Rx) || defined(STM32F412Cx) || defined(STM32F413xx) \
1457:Drivers/STM32F4xx_HAL_Driver/Src/stm32f4xx_ll_usb.c ****  || defined(STM32F423xx)
1458:Drivers/STM32F4xx_HAL_Driver/Src/stm32f4xx_ll_usb.c ****   /* Disable HW VBUS sensing */
1459:Drivers/STM32F4xx_HAL_Driver/Src/stm32f4xx_ll_usb.c ****   USBx->GCCFG &= ~(USB_OTG_GCCFG_VBDEN);
1460:Drivers/STM32F4xx_HAL_Driver/Src/stm32f4xx_ll_usb.c **** #else
1461:Drivers/STM32F4xx_HAL_Driver/Src/stm32f4xx_ll_usb.c ****   /*
1462:Drivers/STM32F4xx_HAL_Driver/Src/stm32f4xx_ll_usb.c ****   * Disable HW VBUS sensing. VBUS is internally considered to be always
1463:Drivers/STM32F4xx_HAL_Driver/Src/stm32f4xx_ll_usb.c ****   * at VBUS-Valid level (5V).
1464:Drivers/STM32F4xx_HAL_Driver/Src/stm32f4xx_ll_usb.c ****   */
1465:Drivers/STM32F4xx_HAL_Driver/Src/stm32f4xx_ll_usb.c ****   USBx->GCCFG |= USB_OTG_GCCFG_NOVBUSSENS;
 5103              		.loc 1 1465 7
 5104 0026 7B68     		ldr	r3, [r7, #4]
 5105 0028 9B6B     		ldr	r3, [r3, #56]
 5106              		.loc 1 1465 15
 5107 002a 43F40012 		orr	r2, r3, #2097152
 5108 002e 7B68     		ldr	r3, [r7, #4]
 5109 0030 9A63     		str	r2, [r3, #56]
1466:Drivers/STM32F4xx_HAL_Driver/Src/stm32f4xx_ll_usb.c ****   USBx->GCCFG &= ~USB_OTG_GCCFG_VBUSBSEN;
 5110              		.loc 1 1466 7
 5111 0032 7B68     		ldr	r3, [r7, #4]
 5112 0034 9B6B     		ldr	r3, [r3, #56]
 5113              		.loc 1 1466 15
 5114 0036 23F40022 		bic	r2, r3, #524288
 5115 003a 7B68     		ldr	r3, [r7, #4]
 5116 003c 9A63     		str	r2, [r3, #56]
1467:Drivers/STM32F4xx_HAL_Driver/Src/stm32f4xx_ll_usb.c ****   USBx->GCCFG &= ~USB_OTG_GCCFG_VBUSASEN;
 5117              		.loc 1 1467 7
 5118 003e 7B68     		ldr	r3, [r7, #4]
 5119 0040 9B6B     		ldr	r3, [r3, #56]
 5120              		.loc 1 1467 15
 5121 0042 23F48022 		bic	r2, r3, #262144
 5122 0046 7B68     		ldr	r3, [r7, #4]
 5123 0048 9A63     		str	r2, [r3, #56]
1468:Drivers/STM32F4xx_HAL_Driver/Src/stm32f4xx_ll_usb.c **** #endif /* defined(STM32F446xx) || defined(STM32F469xx) || defined(STM32F479xx) || defined(STM32F412
1469:Drivers/STM32F4xx_HAL_Driver/Src/stm32f4xx_ll_usb.c ****           defined(STM32F412Vx) || defined(STM32F412Rx) || defined(STM32F412Cx) || defined(STM32F413
1470:Drivers/STM32F4xx_HAL_Driver/Src/stm32f4xx_ll_usb.c ****           defined(STM32F423xx) */
1471:Drivers/STM32F4xx_HAL_Driver/Src/stm32f4xx_ll_usb.c **** #if defined(STM32F412Zx) || defined(STM32F412Vx) || defined(STM32F412Rx) \
1472:Drivers/STM32F4xx_HAL_Driver/Src/stm32f4xx_ll_usb.c ****  || defined(STM32F412Cx) || defined(STM32F413xx) || defined(STM32F423xx)
1473:Drivers/STM32F4xx_HAL_Driver/Src/stm32f4xx_ll_usb.c ****   /* Disable Battery chargin detector */
ARM GAS  /tmp/ccLxLv8v.s 			page 116


1474:Drivers/STM32F4xx_HAL_Driver/Src/stm32f4xx_ll_usb.c ****   USBx->GCCFG &= ~(USB_OTG_GCCFG_BCDEN);
1475:Drivers/STM32F4xx_HAL_Driver/Src/stm32f4xx_ll_usb.c **** #endif /* defined(STM32F412Zx) || defined(STM32F412Vx) || defined(STM32F412Rx) ||
1476:Drivers/STM32F4xx_HAL_Driver/Src/stm32f4xx_ll_usb.c ****           defined(STM32F412Cx) || defined(STM32F413xx) || defined(STM32F423xx) */
1477:Drivers/STM32F4xx_HAL_Driver/Src/stm32f4xx_ll_usb.c **** 
1478:Drivers/STM32F4xx_HAL_Driver/Src/stm32f4xx_ll_usb.c ****   if ((USBx->GUSBCFG & USB_OTG_GUSBCFG_PHYSEL) == 0U)
 5124              		.loc 1 1478 12
 5125 004a 7B68     		ldr	r3, [r7, #4]
 5126 004c DB68     		ldr	r3, [r3, #12]
 5127              		.loc 1 1478 22
 5128 004e 03F04003 		and	r3, r3, #64
 5129              		.loc 1 1478 6
 5130 0052 002B     		cmp	r3, #0
 5131 0054 19D1     		bne	.L208
1479:Drivers/STM32F4xx_HAL_Driver/Src/stm32f4xx_ll_usb.c ****   {
1480:Drivers/STM32F4xx_HAL_Driver/Src/stm32f4xx_ll_usb.c ****     if (cfg.speed == USBH_FSLS_SPEED)
 5132              		.loc 1 1480 12
 5133 0056 97F82730 		ldrb	r3, [r7, #39]	@ zero_extendqisi2
 5134              		.loc 1 1480 8
 5135 005a 012B     		cmp	r3, #1
 5136 005c 0AD1     		bne	.L209
1481:Drivers/STM32F4xx_HAL_Driver/Src/stm32f4xx_ll_usb.c ****     {
1482:Drivers/STM32F4xx_HAL_Driver/Src/stm32f4xx_ll_usb.c ****       /* Force Device Enumeration to FS/LS mode only */
1483:Drivers/STM32F4xx_HAL_Driver/Src/stm32f4xx_ll_usb.c ****       USBx_HOST->HCFG |= USB_OTG_HCFG_FSLSS;
 5137              		.loc 1 1483 16
 5138 005e FB68     		ldr	r3, [r7, #12]
 5139 0060 03F58063 		add	r3, r3, #1024
 5140 0064 1B68     		ldr	r3, [r3]
 5141 0066 FA68     		ldr	r2, [r7, #12]
 5142 0068 02F58062 		add	r2, r2, #1024
 5143              		.loc 1 1483 23
 5144 006c 43F00403 		orr	r3, r3, #4
 5145 0070 1360     		str	r3, [r2]
 5146 0072 14E0     		b	.L210
 5147              	.L209:
1484:Drivers/STM32F4xx_HAL_Driver/Src/stm32f4xx_ll_usb.c ****     }
1485:Drivers/STM32F4xx_HAL_Driver/Src/stm32f4xx_ll_usb.c ****     else
1486:Drivers/STM32F4xx_HAL_Driver/Src/stm32f4xx_ll_usb.c ****     {
1487:Drivers/STM32F4xx_HAL_Driver/Src/stm32f4xx_ll_usb.c ****       /* Set default Max speed support */
1488:Drivers/STM32F4xx_HAL_Driver/Src/stm32f4xx_ll_usb.c ****       USBx_HOST->HCFG &= ~(USB_OTG_HCFG_FSLSS);
 5148              		.loc 1 1488 16
 5149 0074 FB68     		ldr	r3, [r7, #12]
 5150 0076 03F58063 		add	r3, r3, #1024
 5151 007a 1B68     		ldr	r3, [r3]
 5152 007c FA68     		ldr	r2, [r7, #12]
 5153 007e 02F58062 		add	r2, r2, #1024
 5154              		.loc 1 1488 23
 5155 0082 23F00403 		bic	r3, r3, #4
 5156 0086 1360     		str	r3, [r2]
 5157 0088 09E0     		b	.L210
 5158              	.L208:
1489:Drivers/STM32F4xx_HAL_Driver/Src/stm32f4xx_ll_usb.c ****     }
1490:Drivers/STM32F4xx_HAL_Driver/Src/stm32f4xx_ll_usb.c ****   }
1491:Drivers/STM32F4xx_HAL_Driver/Src/stm32f4xx_ll_usb.c ****   else
1492:Drivers/STM32F4xx_HAL_Driver/Src/stm32f4xx_ll_usb.c ****   {
1493:Drivers/STM32F4xx_HAL_Driver/Src/stm32f4xx_ll_usb.c ****     /* Set default Max speed support */
1494:Drivers/STM32F4xx_HAL_Driver/Src/stm32f4xx_ll_usb.c ****     USBx_HOST->HCFG &= ~(USB_OTG_HCFG_FSLSS);
 5159              		.loc 1 1494 14
ARM GAS  /tmp/ccLxLv8v.s 			page 117


 5160 008a FB68     		ldr	r3, [r7, #12]
 5161 008c 03F58063 		add	r3, r3, #1024
 5162 0090 1B68     		ldr	r3, [r3]
 5163 0092 FA68     		ldr	r2, [r7, #12]
 5164 0094 02F58062 		add	r2, r2, #1024
 5165              		.loc 1 1494 21
 5166 0098 23F00403 		bic	r3, r3, #4
 5167 009c 1360     		str	r3, [r2]
 5168              	.L210:
1495:Drivers/STM32F4xx_HAL_Driver/Src/stm32f4xx_ll_usb.c ****   }
1496:Drivers/STM32F4xx_HAL_Driver/Src/stm32f4xx_ll_usb.c **** 
1497:Drivers/STM32F4xx_HAL_Driver/Src/stm32f4xx_ll_usb.c ****   /* Make sure the FIFOs are flushed. */
1498:Drivers/STM32F4xx_HAL_Driver/Src/stm32f4xx_ll_usb.c ****   if (USB_FlushTxFifo(USBx, 0x10U) != HAL_OK) /* all Tx FIFOs */
 5169              		.loc 1 1498 7
 5170 009e 1021     		movs	r1, #16
 5171 00a0 7868     		ldr	r0, [r7, #4]
 5172 00a2 FFF7FEFF 		bl	USB_FlushTxFifo
 5173 00a6 0346     		mov	r3, r0
 5174              		.loc 1 1498 6 discriminator 1
 5175 00a8 002B     		cmp	r3, #0
 5176 00aa 01D0     		beq	.L211
1499:Drivers/STM32F4xx_HAL_Driver/Src/stm32f4xx_ll_usb.c ****   {
1500:Drivers/STM32F4xx_HAL_Driver/Src/stm32f4xx_ll_usb.c ****     ret = HAL_ERROR;
 5177              		.loc 1 1500 9
 5178 00ac 0123     		movs	r3, #1
 5179 00ae FB75     		strb	r3, [r7, #23]
 5180              	.L211:
1501:Drivers/STM32F4xx_HAL_Driver/Src/stm32f4xx_ll_usb.c ****   }
1502:Drivers/STM32F4xx_HAL_Driver/Src/stm32f4xx_ll_usb.c **** 
1503:Drivers/STM32F4xx_HAL_Driver/Src/stm32f4xx_ll_usb.c ****   if (USB_FlushRxFifo(USBx) != HAL_OK)
 5181              		.loc 1 1503 7
 5182 00b0 7868     		ldr	r0, [r7, #4]
 5183 00b2 FFF7FEFF 		bl	USB_FlushRxFifo
 5184 00b6 0346     		mov	r3, r0
 5185              		.loc 1 1503 6 discriminator 1
 5186 00b8 002B     		cmp	r3, #0
 5187 00ba 01D0     		beq	.L212
1504:Drivers/STM32F4xx_HAL_Driver/Src/stm32f4xx_ll_usb.c ****   {
1505:Drivers/STM32F4xx_HAL_Driver/Src/stm32f4xx_ll_usb.c ****     ret = HAL_ERROR;
 5188              		.loc 1 1505 9
 5189 00bc 0123     		movs	r3, #1
 5190 00be FB75     		strb	r3, [r7, #23]
 5191              	.L212:
1506:Drivers/STM32F4xx_HAL_Driver/Src/stm32f4xx_ll_usb.c ****   }
1507:Drivers/STM32F4xx_HAL_Driver/Src/stm32f4xx_ll_usb.c **** 
1508:Drivers/STM32F4xx_HAL_Driver/Src/stm32f4xx_ll_usb.c ****   /* Clear all pending HC Interrupts */
1509:Drivers/STM32F4xx_HAL_Driver/Src/stm32f4xx_ll_usb.c ****   for (i = 0U; i < cfg.Host_channels; i++)
 5192              		.loc 1 1509 10
 5193 00c0 0023     		movs	r3, #0
 5194 00c2 3B61     		str	r3, [r7, #16]
 5195              		.loc 1 1509 3
 5196 00c4 15E0     		b	.L213
 5197              	.L214:
1510:Drivers/STM32F4xx_HAL_Driver/Src/stm32f4xx_ll_usb.c ****   {
1511:Drivers/STM32F4xx_HAL_Driver/Src/stm32f4xx_ll_usb.c ****     USBx_HC(i)->HCINT = CLEAR_INTERRUPT_MASK;
 5198              		.loc 1 1511 5
 5199 00c6 3B69     		ldr	r3, [r7, #16]
ARM GAS  /tmp/ccLxLv8v.s 			page 118


 5200 00c8 5A01     		lsls	r2, r3, #5
 5201 00ca FB68     		ldr	r3, [r7, #12]
 5202 00cc 1344     		add	r3, r3, r2
 5203 00ce 03F5A063 		add	r3, r3, #1280
 5204 00d2 1A46     		mov	r2, r3
 5205              		.loc 1 1511 23
 5206 00d4 4FF0FF33 		mov	r3, #-1
 5207 00d8 9360     		str	r3, [r2, #8]
1512:Drivers/STM32F4xx_HAL_Driver/Src/stm32f4xx_ll_usb.c ****     USBx_HC(i)->HCINTMSK = 0U;
 5208              		.loc 1 1512 5
 5209 00da 3B69     		ldr	r3, [r7, #16]
 5210 00dc 5A01     		lsls	r2, r3, #5
 5211 00de FB68     		ldr	r3, [r7, #12]
 5212 00e0 1344     		add	r3, r3, r2
 5213 00e2 03F5A063 		add	r3, r3, #1280
 5214 00e6 1A46     		mov	r2, r3
 5215              		.loc 1 1512 26
 5216 00e8 0023     		movs	r3, #0
 5217 00ea D360     		str	r3, [r2, #12]
1509:Drivers/STM32F4xx_HAL_Driver/Src/stm32f4xx_ll_usb.c ****   {
 5218              		.loc 1 1509 40 discriminator 3
 5219 00ec 3B69     		ldr	r3, [r7, #16]
 5220 00ee 0133     		adds	r3, r3, #1
 5221 00f0 3B61     		str	r3, [r7, #16]
 5222              	.L213:
1509:Drivers/STM32F4xx_HAL_Driver/Src/stm32f4xx_ll_usb.c ****   {
 5223              		.loc 1 1509 23 discriminator 1
 5224 00f2 97F82530 		ldrb	r3, [r7, #37]	@ zero_extendqisi2
 5225 00f6 1A46     		mov	r2, r3
1509:Drivers/STM32F4xx_HAL_Driver/Src/stm32f4xx_ll_usb.c ****   {
 5226              		.loc 1 1509 18 discriminator 1
 5227 00f8 3B69     		ldr	r3, [r7, #16]
 5228 00fa 9342     		cmp	r3, r2
 5229 00fc E3D3     		bcc	.L214
1513:Drivers/STM32F4xx_HAL_Driver/Src/stm32f4xx_ll_usb.c ****   }
1514:Drivers/STM32F4xx_HAL_Driver/Src/stm32f4xx_ll_usb.c **** 
1515:Drivers/STM32F4xx_HAL_Driver/Src/stm32f4xx_ll_usb.c ****   /* Disable all interrupts. */
1516:Drivers/STM32F4xx_HAL_Driver/Src/stm32f4xx_ll_usb.c ****   USBx->GINTMSK = 0U;
 5230              		.loc 1 1516 17
 5231 00fe 7B68     		ldr	r3, [r7, #4]
 5232 0100 0022     		movs	r2, #0
 5233 0102 9A61     		str	r2, [r3, #24]
1517:Drivers/STM32F4xx_HAL_Driver/Src/stm32f4xx_ll_usb.c **** 
1518:Drivers/STM32F4xx_HAL_Driver/Src/stm32f4xx_ll_usb.c ****   /* Clear any pending interrupts */
1519:Drivers/STM32F4xx_HAL_Driver/Src/stm32f4xx_ll_usb.c ****   USBx->GINTSTS = CLEAR_INTERRUPT_MASK;
 5234              		.loc 1 1519 17
 5235 0104 7B68     		ldr	r3, [r7, #4]
 5236 0106 4FF0FF32 		mov	r2, #-1
 5237 010a 5A61     		str	r2, [r3, #20]
1520:Drivers/STM32F4xx_HAL_Driver/Src/stm32f4xx_ll_usb.c **** #if defined (USB_OTG_HS)
1521:Drivers/STM32F4xx_HAL_Driver/Src/stm32f4xx_ll_usb.c ****   if (USBx == USB_OTG_HS)
1522:Drivers/STM32F4xx_HAL_Driver/Src/stm32f4xx_ll_usb.c ****   {
1523:Drivers/STM32F4xx_HAL_Driver/Src/stm32f4xx_ll_usb.c ****     /* set Rx FIFO size */
1524:Drivers/STM32F4xx_HAL_Driver/Src/stm32f4xx_ll_usb.c ****     USBx->GRXFSIZ  = 0x200U;
1525:Drivers/STM32F4xx_HAL_Driver/Src/stm32f4xx_ll_usb.c ****     USBx->DIEPTXF0_HNPTXFSIZ = (uint32_t)(((0x100U << 16) & USB_OTG_NPTXFD) | 0x200U);
1526:Drivers/STM32F4xx_HAL_Driver/Src/stm32f4xx_ll_usb.c ****     USBx->HPTXFSIZ = (uint32_t)(((0xE0U << 16) & USB_OTG_HPTXFSIZ_PTXFD) | 0x300U);
1527:Drivers/STM32F4xx_HAL_Driver/Src/stm32f4xx_ll_usb.c ****   }
ARM GAS  /tmp/ccLxLv8v.s 			page 119


1528:Drivers/STM32F4xx_HAL_Driver/Src/stm32f4xx_ll_usb.c ****   else
1529:Drivers/STM32F4xx_HAL_Driver/Src/stm32f4xx_ll_usb.c **** #endif /* defined (USB_OTG_HS) */
1530:Drivers/STM32F4xx_HAL_Driver/Src/stm32f4xx_ll_usb.c ****   {
1531:Drivers/STM32F4xx_HAL_Driver/Src/stm32f4xx_ll_usb.c ****     /* set Rx FIFO size */
1532:Drivers/STM32F4xx_HAL_Driver/Src/stm32f4xx_ll_usb.c ****     USBx->GRXFSIZ  = 0x80U;
 5238              		.loc 1 1532 20
 5239 010c 7B68     		ldr	r3, [r7, #4]
 5240 010e 8022     		movs	r2, #128
 5241 0110 5A62     		str	r2, [r3, #36]
1533:Drivers/STM32F4xx_HAL_Driver/Src/stm32f4xx_ll_usb.c ****     USBx->DIEPTXF0_HNPTXFSIZ = (uint32_t)(((0x60U << 16) & USB_OTG_NPTXFD) | 0x80U);
 5242              		.loc 1 1533 30
 5243 0112 7B68     		ldr	r3, [r7, #4]
 5244 0114 0E4A     		ldr	r2, .L217
 5245 0116 9A62     		str	r2, [r3, #40]
1534:Drivers/STM32F4xx_HAL_Driver/Src/stm32f4xx_ll_usb.c ****     USBx->HPTXFSIZ = (uint32_t)(((0x40U << 16)& USB_OTG_HPTXFSIZ_PTXFD) | 0xE0U);
 5246              		.loc 1 1534 20
 5247 0118 7B68     		ldr	r3, [r7, #4]
 5248 011a 0E4A     		ldr	r2, .L217+4
 5249 011c C3F80021 		str	r2, [r3, #256]
1535:Drivers/STM32F4xx_HAL_Driver/Src/stm32f4xx_ll_usb.c ****   }
1536:Drivers/STM32F4xx_HAL_Driver/Src/stm32f4xx_ll_usb.c **** 
1537:Drivers/STM32F4xx_HAL_Driver/Src/stm32f4xx_ll_usb.c ****   /* Enable the common interrupts */
1538:Drivers/STM32F4xx_HAL_Driver/Src/stm32f4xx_ll_usb.c ****   if (cfg.dma_enable == 0U)
 5250              		.loc 1 1538 10
 5251 0120 97F82630 		ldrb	r3, [r7, #38]	@ zero_extendqisi2
 5252              		.loc 1 1538 6
 5253 0124 002B     		cmp	r3, #0
 5254 0126 05D1     		bne	.L215
1539:Drivers/STM32F4xx_HAL_Driver/Src/stm32f4xx_ll_usb.c ****   {
1540:Drivers/STM32F4xx_HAL_Driver/Src/stm32f4xx_ll_usb.c ****     USBx->GINTMSK |= USB_OTG_GINTMSK_RXFLVLM;
 5255              		.loc 1 1540 9
 5256 0128 7B68     		ldr	r3, [r7, #4]
 5257 012a 9B69     		ldr	r3, [r3, #24]
 5258              		.loc 1 1540 19
 5259 012c 43F01002 		orr	r2, r3, #16
 5260 0130 7B68     		ldr	r3, [r7, #4]
 5261 0132 9A61     		str	r2, [r3, #24]
 5262              	.L215:
1541:Drivers/STM32F4xx_HAL_Driver/Src/stm32f4xx_ll_usb.c ****   }
1542:Drivers/STM32F4xx_HAL_Driver/Src/stm32f4xx_ll_usb.c **** 
1543:Drivers/STM32F4xx_HAL_Driver/Src/stm32f4xx_ll_usb.c ****   /* Enable interrupts matching to the Host mode ONLY */
1544:Drivers/STM32F4xx_HAL_Driver/Src/stm32f4xx_ll_usb.c ****   USBx->GINTMSK |= (USB_OTG_GINTMSK_PRTIM            | USB_OTG_GINTMSK_HCIM | \
 5263              		.loc 1 1544 7
 5264 0134 7B68     		ldr	r3, [r7, #4]
 5265 0136 9A69     		ldr	r2, [r3, #24]
 5266              		.loc 1 1544 17
 5267 0138 074B     		ldr	r3, .L217+8
 5268 013a 1343     		orrs	r3, r3, r2
 5269 013c 7A68     		ldr	r2, [r7, #4]
 5270 013e 9361     		str	r3, [r2, #24]
1545:Drivers/STM32F4xx_HAL_Driver/Src/stm32f4xx_ll_usb.c ****                     USB_OTG_GINTMSK_SOFM             | USB_OTG_GINTSTS_DISCINT | \
1546:Drivers/STM32F4xx_HAL_Driver/Src/stm32f4xx_ll_usb.c ****                     USB_OTG_GINTMSK_PXFRM_IISOOXFRM  | USB_OTG_GINTMSK_WUIM);
1547:Drivers/STM32F4xx_HAL_Driver/Src/stm32f4xx_ll_usb.c **** 
1548:Drivers/STM32F4xx_HAL_Driver/Src/stm32f4xx_ll_usb.c ****   return ret;
 5271              		.loc 1 1548 10
 5272 0140 FB7D     		ldrb	r3, [r7, #23]	@ zero_extendqisi2
1549:Drivers/STM32F4xx_HAL_Driver/Src/stm32f4xx_ll_usb.c **** }
ARM GAS  /tmp/ccLxLv8v.s 			page 120


 5273              		.loc 1 1549 1
 5274 0142 1846     		mov	r0, r3
 5275 0144 1837     		adds	r7, r7, #24
 5276              	.LCFI215:
 5277              		.cfi_def_cfa_offset 24
 5278 0146 BD46     		mov	sp, r7
 5279              	.LCFI216:
 5280              		.cfi_def_cfa_register 13
 5281              		@ sp needed
 5282 0148 BDE88040 		pop	{r7, lr}
 5283              	.LCFI217:
 5284              		.cfi_restore 14
 5285              		.cfi_restore 7
 5286              		.cfi_def_cfa_offset 16
 5287 014c 04B0     		add	sp, sp, #16
 5288              	.LCFI218:
 5289              		.cfi_def_cfa_offset 0
 5290 014e 7047     		bx	lr
 5291              	.L218:
 5292              		.align	2
 5293              	.L217:
 5294 0150 80006000 		.word	6291584
 5295 0154 E0004000 		.word	4194528
 5296 0158 080020A3 		.word	-1558183928
 5297              		.cfi_endproc
 5298              	.LFE255:
 5300              		.section	.text.USB_InitFSLSPClkSel,"ax",%progbits
 5301              		.align	1
 5302              		.global	USB_InitFSLSPClkSel
 5303              		.syntax unified
 5304              		.thumb
 5305              		.thumb_func
 5307              	USB_InitFSLSPClkSel:
 5308              	.LFB256:
1550:Drivers/STM32F4xx_HAL_Driver/Src/stm32f4xx_ll_usb.c **** 
1551:Drivers/STM32F4xx_HAL_Driver/Src/stm32f4xx_ll_usb.c **** /**
1552:Drivers/STM32F4xx_HAL_Driver/Src/stm32f4xx_ll_usb.c ****   * @brief  USB_InitFSLSPClkSel : Initializes the FSLSPClkSel field of the
1553:Drivers/STM32F4xx_HAL_Driver/Src/stm32f4xx_ll_usb.c ****   *         HCFG register on the PHY type and set the right frame interval
1554:Drivers/STM32F4xx_HAL_Driver/Src/stm32f4xx_ll_usb.c ****   * @param  USBx  Selected device
1555:Drivers/STM32F4xx_HAL_Driver/Src/stm32f4xx_ll_usb.c ****   * @param  freq  clock frequency
1556:Drivers/STM32F4xx_HAL_Driver/Src/stm32f4xx_ll_usb.c ****   *          This parameter can be one of these values:
1557:Drivers/STM32F4xx_HAL_Driver/Src/stm32f4xx_ll_usb.c ****   *           HCFG_48_MHZ : Full Speed 48 MHz Clock
1558:Drivers/STM32F4xx_HAL_Driver/Src/stm32f4xx_ll_usb.c ****   *           HCFG_6_MHZ : Low Speed 6 MHz Clock
1559:Drivers/STM32F4xx_HAL_Driver/Src/stm32f4xx_ll_usb.c ****   * @retval HAL status
1560:Drivers/STM32F4xx_HAL_Driver/Src/stm32f4xx_ll_usb.c ****   */
1561:Drivers/STM32F4xx_HAL_Driver/Src/stm32f4xx_ll_usb.c **** HAL_StatusTypeDef USB_InitFSLSPClkSel(const USB_OTG_GlobalTypeDef *USBx, uint8_t freq)
1562:Drivers/STM32F4xx_HAL_Driver/Src/stm32f4xx_ll_usb.c **** {
 5309              		.loc 1 1562 1
 5310              		.cfi_startproc
 5311              		@ args = 0, pretend = 0, frame = 16
 5312              		@ frame_needed = 1, uses_anonymous_args = 0
 5313              		@ link register save eliminated.
 5314 0000 80B4     		push	{r7}
 5315              	.LCFI219:
 5316              		.cfi_def_cfa_offset 4
 5317              		.cfi_offset 7, -4
 5318 0002 85B0     		sub	sp, sp, #20
ARM GAS  /tmp/ccLxLv8v.s 			page 121


 5319              	.LCFI220:
 5320              		.cfi_def_cfa_offset 24
 5321 0004 00AF     		add	r7, sp, #0
 5322              	.LCFI221:
 5323              		.cfi_def_cfa_register 7
 5324 0006 7860     		str	r0, [r7, #4]
 5325 0008 0B46     		mov	r3, r1
 5326 000a FB70     		strb	r3, [r7, #3]
1563:Drivers/STM32F4xx_HAL_Driver/Src/stm32f4xx_ll_usb.c ****   uint32_t USBx_BASE = (uint32_t)USBx;
 5327              		.loc 1 1563 12
 5328 000c 7B68     		ldr	r3, [r7, #4]
 5329 000e FB60     		str	r3, [r7, #12]
1564:Drivers/STM32F4xx_HAL_Driver/Src/stm32f4xx_ll_usb.c **** 
1565:Drivers/STM32F4xx_HAL_Driver/Src/stm32f4xx_ll_usb.c ****   USBx_HOST->HCFG &= ~(USB_OTG_HCFG_FSLSPCS);
 5330              		.loc 1 1565 12
 5331 0010 FB68     		ldr	r3, [r7, #12]
 5332 0012 03F58063 		add	r3, r3, #1024
 5333 0016 1B68     		ldr	r3, [r3]
 5334 0018 FA68     		ldr	r2, [r7, #12]
 5335 001a 02F58062 		add	r2, r2, #1024
 5336              		.loc 1 1565 19
 5337 001e 23F00303 		bic	r3, r3, #3
 5338 0022 1360     		str	r3, [r2]
1566:Drivers/STM32F4xx_HAL_Driver/Src/stm32f4xx_ll_usb.c ****   USBx_HOST->HCFG |= (uint32_t)freq & USB_OTG_HCFG_FSLSPCS;
 5339              		.loc 1 1566 12
 5340 0024 FB68     		ldr	r3, [r7, #12]
 5341 0026 03F58063 		add	r3, r3, #1024
 5342 002a 1A68     		ldr	r2, [r3]
 5343              		.loc 1 1566 37
 5344 002c FB78     		ldrb	r3, [r7, #3]	@ zero_extendqisi2
 5345 002e 03F00303 		and	r3, r3, #3
 5346              		.loc 1 1566 12
 5347 0032 F968     		ldr	r1, [r7, #12]
 5348 0034 01F58061 		add	r1, r1, #1024
 5349              		.loc 1 1566 19
 5350 0038 1343     		orrs	r3, r3, r2
 5351 003a 0B60     		str	r3, [r1]
1567:Drivers/STM32F4xx_HAL_Driver/Src/stm32f4xx_ll_usb.c **** 
1568:Drivers/STM32F4xx_HAL_Driver/Src/stm32f4xx_ll_usb.c ****   if (freq == HCFG_48_MHZ)
 5352              		.loc 1 1568 6
 5353 003c FB78     		ldrb	r3, [r7, #3]	@ zero_extendqisi2
 5354 003e 012B     		cmp	r3, #1
 5355 0040 07D1     		bne	.L220
1569:Drivers/STM32F4xx_HAL_Driver/Src/stm32f4xx_ll_usb.c ****   {
1570:Drivers/STM32F4xx_HAL_Driver/Src/stm32f4xx_ll_usb.c ****     USBx_HOST->HFIR = HFIR_48_MHZ;
 5356              		.loc 1 1570 5
 5357 0042 FB68     		ldr	r3, [r7, #12]
 5358 0044 03F58063 		add	r3, r3, #1024
 5359 0048 1A46     		mov	r2, r3
 5360              		.loc 1 1570 21
 5361 004a 4BF68033 		movw	r3, #48000
 5362 004e 5360     		str	r3, [r2, #4]
 5363 0050 0CE0     		b	.L221
 5364              	.L220:
1571:Drivers/STM32F4xx_HAL_Driver/Src/stm32f4xx_ll_usb.c ****   }
1572:Drivers/STM32F4xx_HAL_Driver/Src/stm32f4xx_ll_usb.c ****   else if (freq == HCFG_6_MHZ)
 5365              		.loc 1 1572 11
ARM GAS  /tmp/ccLxLv8v.s 			page 122


 5366 0052 FB78     		ldrb	r3, [r7, #3]	@ zero_extendqisi2
 5367 0054 022B     		cmp	r3, #2
 5368 0056 07D1     		bne	.L222
1573:Drivers/STM32F4xx_HAL_Driver/Src/stm32f4xx_ll_usb.c ****   {
1574:Drivers/STM32F4xx_HAL_Driver/Src/stm32f4xx_ll_usb.c ****     USBx_HOST->HFIR = HFIR_6_MHZ;
 5369              		.loc 1 1574 5
 5370 0058 FB68     		ldr	r3, [r7, #12]
 5371 005a 03F58063 		add	r3, r3, #1024
 5372 005e 1A46     		mov	r2, r3
 5373              		.loc 1 1574 21
 5374 0060 41F27073 		movw	r3, #6000
 5375 0064 5360     		str	r3, [r2, #4]
 5376 0066 01E0     		b	.L221
 5377              	.L222:
1575:Drivers/STM32F4xx_HAL_Driver/Src/stm32f4xx_ll_usb.c ****   }
1576:Drivers/STM32F4xx_HAL_Driver/Src/stm32f4xx_ll_usb.c ****   else
1577:Drivers/STM32F4xx_HAL_Driver/Src/stm32f4xx_ll_usb.c ****   {
1578:Drivers/STM32F4xx_HAL_Driver/Src/stm32f4xx_ll_usb.c ****     return HAL_ERROR;
 5378              		.loc 1 1578 12
 5379 0068 0123     		movs	r3, #1
 5380 006a 00E0     		b	.L223
 5381              	.L221:
1579:Drivers/STM32F4xx_HAL_Driver/Src/stm32f4xx_ll_usb.c ****   }
1580:Drivers/STM32F4xx_HAL_Driver/Src/stm32f4xx_ll_usb.c **** 
1581:Drivers/STM32F4xx_HAL_Driver/Src/stm32f4xx_ll_usb.c ****   return HAL_OK;
 5382              		.loc 1 1581 10
 5383 006c 0023     		movs	r3, #0
 5384              	.L223:
1582:Drivers/STM32F4xx_HAL_Driver/Src/stm32f4xx_ll_usb.c **** }
 5385              		.loc 1 1582 1
 5386 006e 1846     		mov	r0, r3
 5387 0070 1437     		adds	r7, r7, #20
 5388              	.LCFI222:
 5389              		.cfi_def_cfa_offset 4
 5390 0072 BD46     		mov	sp, r7
 5391              	.LCFI223:
 5392              		.cfi_def_cfa_register 13
 5393              		@ sp needed
 5394 0074 80BC     		pop	{r7}
 5395              	.LCFI224:
 5396              		.cfi_restore 7
 5397              		.cfi_def_cfa_offset 0
 5398 0076 7047     		bx	lr
 5399              		.cfi_endproc
 5400              	.LFE256:
 5402              		.section	.text.USB_ResetPort,"ax",%progbits
 5403              		.align	1
 5404              		.global	USB_ResetPort
 5405              		.syntax unified
 5406              		.thumb
 5407              		.thumb_func
 5409              	USB_ResetPort:
 5410              	.LFB257:
1583:Drivers/STM32F4xx_HAL_Driver/Src/stm32f4xx_ll_usb.c **** 
1584:Drivers/STM32F4xx_HAL_Driver/Src/stm32f4xx_ll_usb.c **** /**
1585:Drivers/STM32F4xx_HAL_Driver/Src/stm32f4xx_ll_usb.c ****   * @brief  USB_OTG_ResetPort : Reset Host Port
1586:Drivers/STM32F4xx_HAL_Driver/Src/stm32f4xx_ll_usb.c ****   * @param  USBx  Selected device
ARM GAS  /tmp/ccLxLv8v.s 			page 123


1587:Drivers/STM32F4xx_HAL_Driver/Src/stm32f4xx_ll_usb.c ****   * @retval HAL status
1588:Drivers/STM32F4xx_HAL_Driver/Src/stm32f4xx_ll_usb.c ****   * @note (1)The application must wait at least 10 ms
1589:Drivers/STM32F4xx_HAL_Driver/Src/stm32f4xx_ll_usb.c ****   *   before clearing the reset bit.
1590:Drivers/STM32F4xx_HAL_Driver/Src/stm32f4xx_ll_usb.c ****   */
1591:Drivers/STM32F4xx_HAL_Driver/Src/stm32f4xx_ll_usb.c **** HAL_StatusTypeDef USB_ResetPort(const USB_OTG_GlobalTypeDef *USBx)
1592:Drivers/STM32F4xx_HAL_Driver/Src/stm32f4xx_ll_usb.c **** {
 5411              		.loc 1 1592 1
 5412              		.cfi_startproc
 5413              		@ args = 0, pretend = 0, frame = 16
 5414              		@ frame_needed = 1, uses_anonymous_args = 0
 5415 0000 80B5     		push	{r7, lr}
 5416              	.LCFI225:
 5417              		.cfi_def_cfa_offset 8
 5418              		.cfi_offset 7, -8
 5419              		.cfi_offset 14, -4
 5420 0002 84B0     		sub	sp, sp, #16
 5421              	.LCFI226:
 5422              		.cfi_def_cfa_offset 24
 5423 0004 00AF     		add	r7, sp, #0
 5424              	.LCFI227:
 5425              		.cfi_def_cfa_register 7
 5426 0006 7860     		str	r0, [r7, #4]
1593:Drivers/STM32F4xx_HAL_Driver/Src/stm32f4xx_ll_usb.c ****   uint32_t USBx_BASE = (uint32_t)USBx;
 5427              		.loc 1 1593 12
 5428 0008 7B68     		ldr	r3, [r7, #4]
 5429 000a FB60     		str	r3, [r7, #12]
1594:Drivers/STM32F4xx_HAL_Driver/Src/stm32f4xx_ll_usb.c **** 
1595:Drivers/STM32F4xx_HAL_Driver/Src/stm32f4xx_ll_usb.c ****   __IO uint32_t hprt0 = 0U;
 5430              		.loc 1 1595 17
 5431 000c 0023     		movs	r3, #0
 5432 000e BB60     		str	r3, [r7, #8]
1596:Drivers/STM32F4xx_HAL_Driver/Src/stm32f4xx_ll_usb.c **** 
1597:Drivers/STM32F4xx_HAL_Driver/Src/stm32f4xx_ll_usb.c ****   hprt0 = USBx_HPRT0;
 5433              		.loc 1 1597 11
 5434 0010 FB68     		ldr	r3, [r7, #12]
 5435 0012 03F58863 		add	r3, r3, #1088
 5436 0016 1B68     		ldr	r3, [r3]
 5437              		.loc 1 1597 9
 5438 0018 BB60     		str	r3, [r7, #8]
1598:Drivers/STM32F4xx_HAL_Driver/Src/stm32f4xx_ll_usb.c **** 
1599:Drivers/STM32F4xx_HAL_Driver/Src/stm32f4xx_ll_usb.c ****   hprt0 &= ~(USB_OTG_HPRT_PENA | USB_OTG_HPRT_PCDET |
 5439              		.loc 1 1599 9
 5440 001a BB68     		ldr	r3, [r7, #8]
 5441 001c 23F02E03 		bic	r3, r3, #46
 5442 0020 BB60     		str	r3, [r7, #8]
1600:Drivers/STM32F4xx_HAL_Driver/Src/stm32f4xx_ll_usb.c ****              USB_OTG_HPRT_PENCHNG | USB_OTG_HPRT_POCCHNG);
1601:Drivers/STM32F4xx_HAL_Driver/Src/stm32f4xx_ll_usb.c **** 
1602:Drivers/STM32F4xx_HAL_Driver/Src/stm32f4xx_ll_usb.c ****   USBx_HPRT0 = (USB_OTG_HPRT_PRST | hprt0);
 5443              		.loc 1 1602 35
 5444 0022 BB68     		ldr	r3, [r7, #8]
 5445              		.loc 1 1602 3
 5446 0024 FA68     		ldr	r2, [r7, #12]
 5447 0026 02F58862 		add	r2, r2, #1088
 5448              		.loc 1 1602 35
 5449 002a 43F48073 		orr	r3, r3, #256
 5450              		.loc 1 1602 14
 5451 002e 1360     		str	r3, [r2]
ARM GAS  /tmp/ccLxLv8v.s 			page 124


1603:Drivers/STM32F4xx_HAL_Driver/Src/stm32f4xx_ll_usb.c ****   HAL_Delay(100U);                                 /* See Note #1 */
 5452              		.loc 1 1603 3
 5453 0030 6420     		movs	r0, #100
 5454 0032 FFF7FEFF 		bl	HAL_Delay
1604:Drivers/STM32F4xx_HAL_Driver/Src/stm32f4xx_ll_usb.c ****   USBx_HPRT0 = ((~USB_OTG_HPRT_PRST) & hprt0);
 5455              		.loc 1 1604 38
 5456 0036 BB68     		ldr	r3, [r7, #8]
 5457              		.loc 1 1604 3
 5458 0038 FA68     		ldr	r2, [r7, #12]
 5459 003a 02F58862 		add	r2, r2, #1088
 5460              		.loc 1 1604 38
 5461 003e 23F48073 		bic	r3, r3, #256
 5462              		.loc 1 1604 14
 5463 0042 1360     		str	r3, [r2]
1605:Drivers/STM32F4xx_HAL_Driver/Src/stm32f4xx_ll_usb.c ****   HAL_Delay(10U);
 5464              		.loc 1 1605 3
 5465 0044 0A20     		movs	r0, #10
 5466 0046 FFF7FEFF 		bl	HAL_Delay
1606:Drivers/STM32F4xx_HAL_Driver/Src/stm32f4xx_ll_usb.c **** 
1607:Drivers/STM32F4xx_HAL_Driver/Src/stm32f4xx_ll_usb.c ****   return HAL_OK;
 5467              		.loc 1 1607 10
 5468 004a 0023     		movs	r3, #0
1608:Drivers/STM32F4xx_HAL_Driver/Src/stm32f4xx_ll_usb.c **** }
 5469              		.loc 1 1608 1
 5470 004c 1846     		mov	r0, r3
 5471 004e 1037     		adds	r7, r7, #16
 5472              	.LCFI228:
 5473              		.cfi_def_cfa_offset 8
 5474 0050 BD46     		mov	sp, r7
 5475              	.LCFI229:
 5476              		.cfi_def_cfa_register 13
 5477              		@ sp needed
 5478 0052 80BD     		pop	{r7, pc}
 5479              		.cfi_endproc
 5480              	.LFE257:
 5482              		.section	.text.USB_DriveVbus,"ax",%progbits
 5483              		.align	1
 5484              		.global	USB_DriveVbus
 5485              		.syntax unified
 5486              		.thumb
 5487              		.thumb_func
 5489              	USB_DriveVbus:
 5490              	.LFB258:
1609:Drivers/STM32F4xx_HAL_Driver/Src/stm32f4xx_ll_usb.c **** 
1610:Drivers/STM32F4xx_HAL_Driver/Src/stm32f4xx_ll_usb.c **** /**
1611:Drivers/STM32F4xx_HAL_Driver/Src/stm32f4xx_ll_usb.c ****   * @brief  USB_DriveVbus : activate or de-activate vbus
1612:Drivers/STM32F4xx_HAL_Driver/Src/stm32f4xx_ll_usb.c ****   * @param  state  VBUS state
1613:Drivers/STM32F4xx_HAL_Driver/Src/stm32f4xx_ll_usb.c ****   *          This parameter can be one of these values:
1614:Drivers/STM32F4xx_HAL_Driver/Src/stm32f4xx_ll_usb.c ****   *           0 : Deactivate VBUS
1615:Drivers/STM32F4xx_HAL_Driver/Src/stm32f4xx_ll_usb.c ****   *           1 : Activate VBUS
1616:Drivers/STM32F4xx_HAL_Driver/Src/stm32f4xx_ll_usb.c ****   * @retval HAL status
1617:Drivers/STM32F4xx_HAL_Driver/Src/stm32f4xx_ll_usb.c ****   */
1618:Drivers/STM32F4xx_HAL_Driver/Src/stm32f4xx_ll_usb.c **** HAL_StatusTypeDef USB_DriveVbus(const USB_OTG_GlobalTypeDef *USBx, uint8_t state)
1619:Drivers/STM32F4xx_HAL_Driver/Src/stm32f4xx_ll_usb.c **** {
 5491              		.loc 1 1619 1
 5492              		.cfi_startproc
 5493              		@ args = 0, pretend = 0, frame = 16
ARM GAS  /tmp/ccLxLv8v.s 			page 125


 5494              		@ frame_needed = 1, uses_anonymous_args = 0
 5495              		@ link register save eliminated.
 5496 0000 80B4     		push	{r7}
 5497              	.LCFI230:
 5498              		.cfi_def_cfa_offset 4
 5499              		.cfi_offset 7, -4
 5500 0002 85B0     		sub	sp, sp, #20
 5501              	.LCFI231:
 5502              		.cfi_def_cfa_offset 24
 5503 0004 00AF     		add	r7, sp, #0
 5504              	.LCFI232:
 5505              		.cfi_def_cfa_register 7
 5506 0006 7860     		str	r0, [r7, #4]
 5507 0008 0B46     		mov	r3, r1
 5508 000a FB70     		strb	r3, [r7, #3]
1620:Drivers/STM32F4xx_HAL_Driver/Src/stm32f4xx_ll_usb.c ****   uint32_t USBx_BASE = (uint32_t)USBx;
 5509              		.loc 1 1620 12
 5510 000c 7B68     		ldr	r3, [r7, #4]
 5511 000e FB60     		str	r3, [r7, #12]
1621:Drivers/STM32F4xx_HAL_Driver/Src/stm32f4xx_ll_usb.c ****   __IO uint32_t hprt0 = 0U;
 5512              		.loc 1 1621 17
 5513 0010 0023     		movs	r3, #0
 5514 0012 BB60     		str	r3, [r7, #8]
1622:Drivers/STM32F4xx_HAL_Driver/Src/stm32f4xx_ll_usb.c **** 
1623:Drivers/STM32F4xx_HAL_Driver/Src/stm32f4xx_ll_usb.c ****   hprt0 = USBx_HPRT0;
 5515              		.loc 1 1623 11
 5516 0014 FB68     		ldr	r3, [r7, #12]
 5517 0016 03F58863 		add	r3, r3, #1088
 5518 001a 1B68     		ldr	r3, [r3]
 5519              		.loc 1 1623 9
 5520 001c BB60     		str	r3, [r7, #8]
1624:Drivers/STM32F4xx_HAL_Driver/Src/stm32f4xx_ll_usb.c **** 
1625:Drivers/STM32F4xx_HAL_Driver/Src/stm32f4xx_ll_usb.c ****   hprt0 &= ~(USB_OTG_HPRT_PENA | USB_OTG_HPRT_PCDET |
 5521              		.loc 1 1625 9
 5522 001e BB68     		ldr	r3, [r7, #8]
 5523 0020 23F02E03 		bic	r3, r3, #46
 5524 0024 BB60     		str	r3, [r7, #8]
1626:Drivers/STM32F4xx_HAL_Driver/Src/stm32f4xx_ll_usb.c ****              USB_OTG_HPRT_PENCHNG | USB_OTG_HPRT_POCCHNG);
1627:Drivers/STM32F4xx_HAL_Driver/Src/stm32f4xx_ll_usb.c **** 
1628:Drivers/STM32F4xx_HAL_Driver/Src/stm32f4xx_ll_usb.c ****   if (((hprt0 & USB_OTG_HPRT_PPWR) == 0U) && (state == 1U))
 5525              		.loc 1 1628 15
 5526 0026 BB68     		ldr	r3, [r7, #8]
 5527 0028 03F48053 		and	r3, r3, #4096
 5528              		.loc 1 1628 6
 5529 002c 002B     		cmp	r3, #0
 5530 002e 09D1     		bne	.L227
 5531              		.loc 1 1628 43 discriminator 1
 5532 0030 FB78     		ldrb	r3, [r7, #3]	@ zero_extendqisi2
 5533 0032 012B     		cmp	r3, #1
 5534 0034 06D1     		bne	.L227
1629:Drivers/STM32F4xx_HAL_Driver/Src/stm32f4xx_ll_usb.c ****   {
1630:Drivers/STM32F4xx_HAL_Driver/Src/stm32f4xx_ll_usb.c ****     USBx_HPRT0 = (USB_OTG_HPRT_PPWR | hprt0);
 5535              		.loc 1 1630 37
 5536 0036 BB68     		ldr	r3, [r7, #8]
 5537              		.loc 1 1630 5
 5538 0038 FA68     		ldr	r2, [r7, #12]
 5539 003a 02F58862 		add	r2, r2, #1088
ARM GAS  /tmp/ccLxLv8v.s 			page 126


 5540              		.loc 1 1630 37
 5541 003e 43F48053 		orr	r3, r3, #4096
 5542              		.loc 1 1630 16
 5543 0042 1360     		str	r3, [r2]
 5544              	.L227:
1631:Drivers/STM32F4xx_HAL_Driver/Src/stm32f4xx_ll_usb.c ****   }
1632:Drivers/STM32F4xx_HAL_Driver/Src/stm32f4xx_ll_usb.c ****   if (((hprt0 & USB_OTG_HPRT_PPWR) == USB_OTG_HPRT_PPWR) && (state == 0U))
 5545              		.loc 1 1632 15
 5546 0044 BB68     		ldr	r3, [r7, #8]
 5547 0046 03F48053 		and	r3, r3, #4096
 5548              		.loc 1 1632 6
 5549 004a B3F5805F 		cmp	r3, #4096
 5550 004e 09D1     		bne	.L228
 5551              		.loc 1 1632 58 discriminator 1
 5552 0050 FB78     		ldrb	r3, [r7, #3]	@ zero_extendqisi2
 5553 0052 002B     		cmp	r3, #0
 5554 0054 06D1     		bne	.L228
1633:Drivers/STM32F4xx_HAL_Driver/Src/stm32f4xx_ll_usb.c ****   {
1634:Drivers/STM32F4xx_HAL_Driver/Src/stm32f4xx_ll_usb.c ****     USBx_HPRT0 = ((~USB_OTG_HPRT_PPWR) & hprt0);
 5555              		.loc 1 1634 40
 5556 0056 BB68     		ldr	r3, [r7, #8]
 5557              		.loc 1 1634 5
 5558 0058 FA68     		ldr	r2, [r7, #12]
 5559 005a 02F58862 		add	r2, r2, #1088
 5560              		.loc 1 1634 40
 5561 005e 23F48053 		bic	r3, r3, #4096
 5562              		.loc 1 1634 16
 5563 0062 1360     		str	r3, [r2]
 5564              	.L228:
1635:Drivers/STM32F4xx_HAL_Driver/Src/stm32f4xx_ll_usb.c ****   }
1636:Drivers/STM32F4xx_HAL_Driver/Src/stm32f4xx_ll_usb.c ****   return HAL_OK;
 5565              		.loc 1 1636 10
 5566 0064 0023     		movs	r3, #0
1637:Drivers/STM32F4xx_HAL_Driver/Src/stm32f4xx_ll_usb.c **** }
 5567              		.loc 1 1637 1
 5568 0066 1846     		mov	r0, r3
 5569 0068 1437     		adds	r7, r7, #20
 5570              	.LCFI233:
 5571              		.cfi_def_cfa_offset 4
 5572 006a BD46     		mov	sp, r7
 5573              	.LCFI234:
 5574              		.cfi_def_cfa_register 13
 5575              		@ sp needed
 5576 006c 80BC     		pop	{r7}
 5577              	.LCFI235:
 5578              		.cfi_restore 7
 5579              		.cfi_def_cfa_offset 0
 5580 006e 7047     		bx	lr
 5581              		.cfi_endproc
 5582              	.LFE258:
 5584              		.section	.text.USB_GetHostSpeed,"ax",%progbits
 5585              		.align	1
 5586              		.global	USB_GetHostSpeed
 5587              		.syntax unified
 5588              		.thumb
 5589              		.thumb_func
 5591              	USB_GetHostSpeed:
ARM GAS  /tmp/ccLxLv8v.s 			page 127


 5592              	.LFB259:
1638:Drivers/STM32F4xx_HAL_Driver/Src/stm32f4xx_ll_usb.c **** 
1639:Drivers/STM32F4xx_HAL_Driver/Src/stm32f4xx_ll_usb.c **** /**
1640:Drivers/STM32F4xx_HAL_Driver/Src/stm32f4xx_ll_usb.c ****   * @brief  Return Host Core speed
1641:Drivers/STM32F4xx_HAL_Driver/Src/stm32f4xx_ll_usb.c ****   * @param  USBx  Selected device
1642:Drivers/STM32F4xx_HAL_Driver/Src/stm32f4xx_ll_usb.c ****   * @retval speed : Host speed
1643:Drivers/STM32F4xx_HAL_Driver/Src/stm32f4xx_ll_usb.c ****   *          This parameter can be one of these values:
1644:Drivers/STM32F4xx_HAL_Driver/Src/stm32f4xx_ll_usb.c ****   *            @arg HCD_SPEED_HIGH: High speed mode
1645:Drivers/STM32F4xx_HAL_Driver/Src/stm32f4xx_ll_usb.c ****   *            @arg HCD_SPEED_FULL: Full speed mode
1646:Drivers/STM32F4xx_HAL_Driver/Src/stm32f4xx_ll_usb.c ****   *            @arg HCD_SPEED_LOW: Low speed mode
1647:Drivers/STM32F4xx_HAL_Driver/Src/stm32f4xx_ll_usb.c ****   */
1648:Drivers/STM32F4xx_HAL_Driver/Src/stm32f4xx_ll_usb.c **** uint32_t USB_GetHostSpeed(USB_OTG_GlobalTypeDef const *USBx)
1649:Drivers/STM32F4xx_HAL_Driver/Src/stm32f4xx_ll_usb.c **** {
 5593              		.loc 1 1649 1
 5594              		.cfi_startproc
 5595              		@ args = 0, pretend = 0, frame = 16
 5596              		@ frame_needed = 1, uses_anonymous_args = 0
 5597              		@ link register save eliminated.
 5598 0000 80B4     		push	{r7}
 5599              	.LCFI236:
 5600              		.cfi_def_cfa_offset 4
 5601              		.cfi_offset 7, -4
 5602 0002 85B0     		sub	sp, sp, #20
 5603              	.LCFI237:
 5604              		.cfi_def_cfa_offset 24
 5605 0004 00AF     		add	r7, sp, #0
 5606              	.LCFI238:
 5607              		.cfi_def_cfa_register 7
 5608 0006 7860     		str	r0, [r7, #4]
1650:Drivers/STM32F4xx_HAL_Driver/Src/stm32f4xx_ll_usb.c ****   uint32_t USBx_BASE = (uint32_t)USBx;
 5609              		.loc 1 1650 12
 5610 0008 7B68     		ldr	r3, [r7, #4]
 5611 000a FB60     		str	r3, [r7, #12]
1651:Drivers/STM32F4xx_HAL_Driver/Src/stm32f4xx_ll_usb.c ****   __IO uint32_t hprt0 = 0U;
 5612              		.loc 1 1651 17
 5613 000c 0023     		movs	r3, #0
 5614 000e BB60     		str	r3, [r7, #8]
1652:Drivers/STM32F4xx_HAL_Driver/Src/stm32f4xx_ll_usb.c **** 
1653:Drivers/STM32F4xx_HAL_Driver/Src/stm32f4xx_ll_usb.c ****   hprt0 = USBx_HPRT0;
 5615              		.loc 1 1653 11
 5616 0010 FB68     		ldr	r3, [r7, #12]
 5617 0012 03F58863 		add	r3, r3, #1088
 5618 0016 1B68     		ldr	r3, [r3]
 5619              		.loc 1 1653 9
 5620 0018 BB60     		str	r3, [r7, #8]
1654:Drivers/STM32F4xx_HAL_Driver/Src/stm32f4xx_ll_usb.c ****   return ((hprt0 & USB_OTG_HPRT_PSPD) >> 17);
 5621              		.loc 1 1654 39
 5622 001a BB68     		ldr	r3, [r7, #8]
 5623 001c 5B0C     		lsrs	r3, r3, #17
 5624 001e 03F00303 		and	r3, r3, #3
1655:Drivers/STM32F4xx_HAL_Driver/Src/stm32f4xx_ll_usb.c **** }
 5625              		.loc 1 1655 1
 5626 0022 1846     		mov	r0, r3
 5627 0024 1437     		adds	r7, r7, #20
 5628              	.LCFI239:
 5629              		.cfi_def_cfa_offset 4
 5630 0026 BD46     		mov	sp, r7
ARM GAS  /tmp/ccLxLv8v.s 			page 128


 5631              	.LCFI240:
 5632              		.cfi_def_cfa_register 13
 5633              		@ sp needed
 5634 0028 80BC     		pop	{r7}
 5635              	.LCFI241:
 5636              		.cfi_restore 7
 5637              		.cfi_def_cfa_offset 0
 5638 002a 7047     		bx	lr
 5639              		.cfi_endproc
 5640              	.LFE259:
 5642              		.section	.text.USB_GetCurrentFrame,"ax",%progbits
 5643              		.align	1
 5644              		.global	USB_GetCurrentFrame
 5645              		.syntax unified
 5646              		.thumb
 5647              		.thumb_func
 5649              	USB_GetCurrentFrame:
 5650              	.LFB260:
1656:Drivers/STM32F4xx_HAL_Driver/Src/stm32f4xx_ll_usb.c **** 
1657:Drivers/STM32F4xx_HAL_Driver/Src/stm32f4xx_ll_usb.c **** /**
1658:Drivers/STM32F4xx_HAL_Driver/Src/stm32f4xx_ll_usb.c ****   * @brief  Return Host Current Frame number
1659:Drivers/STM32F4xx_HAL_Driver/Src/stm32f4xx_ll_usb.c ****   * @param  USBx  Selected device
1660:Drivers/STM32F4xx_HAL_Driver/Src/stm32f4xx_ll_usb.c ****   * @retval current frame number
1661:Drivers/STM32F4xx_HAL_Driver/Src/stm32f4xx_ll_usb.c ****   */
1662:Drivers/STM32F4xx_HAL_Driver/Src/stm32f4xx_ll_usb.c **** uint32_t USB_GetCurrentFrame(USB_OTG_GlobalTypeDef const *USBx)
1663:Drivers/STM32F4xx_HAL_Driver/Src/stm32f4xx_ll_usb.c **** {
 5651              		.loc 1 1663 1
 5652              		.cfi_startproc
 5653              		@ args = 0, pretend = 0, frame = 16
 5654              		@ frame_needed = 1, uses_anonymous_args = 0
 5655              		@ link register save eliminated.
 5656 0000 80B4     		push	{r7}
 5657              	.LCFI242:
 5658              		.cfi_def_cfa_offset 4
 5659              		.cfi_offset 7, -4
 5660 0002 85B0     		sub	sp, sp, #20
 5661              	.LCFI243:
 5662              		.cfi_def_cfa_offset 24
 5663 0004 00AF     		add	r7, sp, #0
 5664              	.LCFI244:
 5665              		.cfi_def_cfa_register 7
 5666 0006 7860     		str	r0, [r7, #4]
1664:Drivers/STM32F4xx_HAL_Driver/Src/stm32f4xx_ll_usb.c ****   uint32_t USBx_BASE = (uint32_t)USBx;
 5667              		.loc 1 1664 12
 5668 0008 7B68     		ldr	r3, [r7, #4]
 5669 000a FB60     		str	r3, [r7, #12]
1665:Drivers/STM32F4xx_HAL_Driver/Src/stm32f4xx_ll_usb.c **** 
1666:Drivers/STM32F4xx_HAL_Driver/Src/stm32f4xx_ll_usb.c ****   return (USBx_HOST->HFNUM & USB_OTG_HFNUM_FRNUM);
 5670              		.loc 1 1666 11
 5671 000c FB68     		ldr	r3, [r7, #12]
 5672 000e 03F58063 		add	r3, r3, #1024
 5673              		.loc 1 1666 20
 5674 0012 9B68     		ldr	r3, [r3, #8]
 5675              		.loc 1 1666 28
 5676 0014 9BB2     		uxth	r3, r3
1667:Drivers/STM32F4xx_HAL_Driver/Src/stm32f4xx_ll_usb.c **** }
 5677              		.loc 1 1667 1
ARM GAS  /tmp/ccLxLv8v.s 			page 129


 5678 0016 1846     		mov	r0, r3
 5679 0018 1437     		adds	r7, r7, #20
 5680              	.LCFI245:
 5681              		.cfi_def_cfa_offset 4
 5682 001a BD46     		mov	sp, r7
 5683              	.LCFI246:
 5684              		.cfi_def_cfa_register 13
 5685              		@ sp needed
 5686 001c 80BC     		pop	{r7}
 5687              	.LCFI247:
 5688              		.cfi_restore 7
 5689              		.cfi_def_cfa_offset 0
 5690 001e 7047     		bx	lr
 5691              		.cfi_endproc
 5692              	.LFE260:
 5694              		.section	.text.USB_HC_Init,"ax",%progbits
 5695              		.align	1
 5696              		.global	USB_HC_Init
 5697              		.syntax unified
 5698              		.thumb
 5699              		.thumb_func
 5701              	USB_HC_Init:
 5702              	.LFB261:
1668:Drivers/STM32F4xx_HAL_Driver/Src/stm32f4xx_ll_usb.c **** 
1669:Drivers/STM32F4xx_HAL_Driver/Src/stm32f4xx_ll_usb.c **** /**
1670:Drivers/STM32F4xx_HAL_Driver/Src/stm32f4xx_ll_usb.c ****   * @brief  Initialize a host channel
1671:Drivers/STM32F4xx_HAL_Driver/Src/stm32f4xx_ll_usb.c ****   * @param  USBx  Selected device
1672:Drivers/STM32F4xx_HAL_Driver/Src/stm32f4xx_ll_usb.c ****   * @param  ch_num  Channel number
1673:Drivers/STM32F4xx_HAL_Driver/Src/stm32f4xx_ll_usb.c ****   *         This parameter can be a value from 1 to 15
1674:Drivers/STM32F4xx_HAL_Driver/Src/stm32f4xx_ll_usb.c ****   * @param  epnum  Endpoint number
1675:Drivers/STM32F4xx_HAL_Driver/Src/stm32f4xx_ll_usb.c ****   *          This parameter can be a value from 1 to 15
1676:Drivers/STM32F4xx_HAL_Driver/Src/stm32f4xx_ll_usb.c ****   * @param  dev_address  Current device address
1677:Drivers/STM32F4xx_HAL_Driver/Src/stm32f4xx_ll_usb.c ****   *          This parameter can be a value from 0 to 255
1678:Drivers/STM32F4xx_HAL_Driver/Src/stm32f4xx_ll_usb.c ****   * @param  speed  Current device speed
1679:Drivers/STM32F4xx_HAL_Driver/Src/stm32f4xx_ll_usb.c ****   *          This parameter can be one of these values:
1680:Drivers/STM32F4xx_HAL_Driver/Src/stm32f4xx_ll_usb.c ****   *            @arg USB_OTG_SPEED_HIGH: High speed mode
1681:Drivers/STM32F4xx_HAL_Driver/Src/stm32f4xx_ll_usb.c ****   *            @arg USB_OTG_SPEED_FULL: Full speed mode
1682:Drivers/STM32F4xx_HAL_Driver/Src/stm32f4xx_ll_usb.c ****   *            @arg USB_OTG_SPEED_LOW: Low speed mode
1683:Drivers/STM32F4xx_HAL_Driver/Src/stm32f4xx_ll_usb.c ****   * @param  ep_type  Endpoint Type
1684:Drivers/STM32F4xx_HAL_Driver/Src/stm32f4xx_ll_usb.c ****   *          This parameter can be one of these values:
1685:Drivers/STM32F4xx_HAL_Driver/Src/stm32f4xx_ll_usb.c ****   *            @arg EP_TYPE_CTRL: Control type
1686:Drivers/STM32F4xx_HAL_Driver/Src/stm32f4xx_ll_usb.c ****   *            @arg EP_TYPE_ISOC: Isochronous type
1687:Drivers/STM32F4xx_HAL_Driver/Src/stm32f4xx_ll_usb.c ****   *            @arg EP_TYPE_BULK: Bulk type
1688:Drivers/STM32F4xx_HAL_Driver/Src/stm32f4xx_ll_usb.c ****   *            @arg EP_TYPE_INTR: Interrupt type
1689:Drivers/STM32F4xx_HAL_Driver/Src/stm32f4xx_ll_usb.c ****   * @param  mps  Max Packet Size
1690:Drivers/STM32F4xx_HAL_Driver/Src/stm32f4xx_ll_usb.c ****   *          This parameter can be a value from 0 to 32K
1691:Drivers/STM32F4xx_HAL_Driver/Src/stm32f4xx_ll_usb.c ****   * @retval HAL state
1692:Drivers/STM32F4xx_HAL_Driver/Src/stm32f4xx_ll_usb.c ****   */
1693:Drivers/STM32F4xx_HAL_Driver/Src/stm32f4xx_ll_usb.c **** HAL_StatusTypeDef USB_HC_Init(USB_OTG_GlobalTypeDef *USBx, uint8_t ch_num,
1694:Drivers/STM32F4xx_HAL_Driver/Src/stm32f4xx_ll_usb.c ****                               uint8_t epnum, uint8_t dev_address, uint8_t speed,
1695:Drivers/STM32F4xx_HAL_Driver/Src/stm32f4xx_ll_usb.c ****                               uint8_t ep_type, uint16_t mps)
1696:Drivers/STM32F4xx_HAL_Driver/Src/stm32f4xx_ll_usb.c **** {
 5703              		.loc 1 1696 1
 5704              		.cfi_startproc
 5705              		@ args = 12, pretend = 0, frame = 32
 5706              		@ frame_needed = 1, uses_anonymous_args = 0
 5707 0000 80B5     		push	{r7, lr}
ARM GAS  /tmp/ccLxLv8v.s 			page 130


 5708              	.LCFI248:
 5709              		.cfi_def_cfa_offset 8
 5710              		.cfi_offset 7, -8
 5711              		.cfi_offset 14, -4
 5712 0002 88B0     		sub	sp, sp, #32
 5713              	.LCFI249:
 5714              		.cfi_def_cfa_offset 40
 5715 0004 00AF     		add	r7, sp, #0
 5716              	.LCFI250:
 5717              		.cfi_def_cfa_register 7
 5718 0006 7860     		str	r0, [r7, #4]
 5719 0008 0846     		mov	r0, r1
 5720 000a 1146     		mov	r1, r2
 5721 000c 1A46     		mov	r2, r3
 5722 000e 0346     		mov	r3, r0
 5723 0010 FB70     		strb	r3, [r7, #3]
 5724 0012 0B46     		mov	r3, r1
 5725 0014 BB70     		strb	r3, [r7, #2]
 5726 0016 1346     		mov	r3, r2
 5727 0018 7B70     		strb	r3, [r7, #1]
1697:Drivers/STM32F4xx_HAL_Driver/Src/stm32f4xx_ll_usb.c ****   HAL_StatusTypeDef ret = HAL_OK;
 5728              		.loc 1 1697 21
 5729 001a 0023     		movs	r3, #0
 5730 001c FB77     		strb	r3, [r7, #31]
1698:Drivers/STM32F4xx_HAL_Driver/Src/stm32f4xx_ll_usb.c ****   uint32_t USBx_BASE = (uint32_t)USBx;
 5731              		.loc 1 1698 12
 5732 001e 7B68     		ldr	r3, [r7, #4]
 5733 0020 3B61     		str	r3, [r7, #16]
1699:Drivers/STM32F4xx_HAL_Driver/Src/stm32f4xx_ll_usb.c ****   uint32_t HCcharEpDir;
1700:Drivers/STM32F4xx_HAL_Driver/Src/stm32f4xx_ll_usb.c ****   uint32_t HCcharLowSpeed;
1701:Drivers/STM32F4xx_HAL_Driver/Src/stm32f4xx_ll_usb.c ****   uint32_t HostCoreSpeed;
1702:Drivers/STM32F4xx_HAL_Driver/Src/stm32f4xx_ll_usb.c **** 
1703:Drivers/STM32F4xx_HAL_Driver/Src/stm32f4xx_ll_usb.c ****   /* Clear old interrupt conditions for this host channel. */
1704:Drivers/STM32F4xx_HAL_Driver/Src/stm32f4xx_ll_usb.c ****   USBx_HC((uint32_t)ch_num)->HCINT = CLEAR_INTERRUPT_MASK;
 5734              		.loc 1 1704 3
 5735 0022 FB78     		ldrb	r3, [r7, #3]	@ zero_extendqisi2
 5736 0024 5A01     		lsls	r2, r3, #5
 5737 0026 3B69     		ldr	r3, [r7, #16]
 5738 0028 1344     		add	r3, r3, r2
 5739 002a 03F5A063 		add	r3, r3, #1280
 5740 002e 1A46     		mov	r2, r3
 5741              		.loc 1 1704 36
 5742 0030 4FF0FF33 		mov	r3, #-1
 5743 0034 9360     		str	r3, [r2, #8]
1705:Drivers/STM32F4xx_HAL_Driver/Src/stm32f4xx_ll_usb.c **** 
1706:Drivers/STM32F4xx_HAL_Driver/Src/stm32f4xx_ll_usb.c ****   /* Enable channel interrupts required for this transfer. */
1707:Drivers/STM32F4xx_HAL_Driver/Src/stm32f4xx_ll_usb.c ****   switch (ep_type)
 5744              		.loc 1 1707 3
 5745 0036 97F82C30 		ldrb	r3, [r7, #44]	@ zero_extendqisi2
 5746 003a 032B     		cmp	r3, #3
 5747 003c 29D0     		beq	.L235
 5748 003e 032B     		cmp	r3, #3
 5749 0040 65DC     		bgt	.L236
 5750 0042 022B     		cmp	r3, #2
 5751 0044 06D0     		beq	.L237
 5752 0046 022B     		cmp	r3, #2
 5753 0048 61DC     		bgt	.L236
ARM GAS  /tmp/ccLxLv8v.s 			page 131


 5754 004a 002B     		cmp	r3, #0
 5755 004c 02D0     		beq	.L237
 5756 004e 012B     		cmp	r3, #1
 5757 0050 3ED0     		beq	.L238
 5758 0052 5CE0     		b	.L236
 5759              	.L237:
1708:Drivers/STM32F4xx_HAL_Driver/Src/stm32f4xx_ll_usb.c ****   {
1709:Drivers/STM32F4xx_HAL_Driver/Src/stm32f4xx_ll_usb.c ****     case EP_TYPE_CTRL:
1710:Drivers/STM32F4xx_HAL_Driver/Src/stm32f4xx_ll_usb.c ****     case EP_TYPE_BULK:
1711:Drivers/STM32F4xx_HAL_Driver/Src/stm32f4xx_ll_usb.c ****       USBx_HC((uint32_t)ch_num)->HCINTMSK = USB_OTG_HCINTMSK_XFRCM  |
 5760              		.loc 1 1711 7
 5761 0054 FB78     		ldrb	r3, [r7, #3]	@ zero_extendqisi2
 5762 0056 5A01     		lsls	r2, r3, #5
 5763 0058 3B69     		ldr	r3, [r7, #16]
 5764 005a 1344     		add	r3, r3, r2
 5765 005c 03F5A063 		add	r3, r3, #1280
 5766 0060 1A46     		mov	r2, r3
 5767              		.loc 1 1711 43
 5768 0062 40F29D43 		movw	r3, #1181
 5769 0066 D360     		str	r3, [r2, #12]
1712:Drivers/STM32F4xx_HAL_Driver/Src/stm32f4xx_ll_usb.c ****                                             USB_OTG_HCINTMSK_STALLM |
1713:Drivers/STM32F4xx_HAL_Driver/Src/stm32f4xx_ll_usb.c ****                                             USB_OTG_HCINTMSK_TXERRM |
1714:Drivers/STM32F4xx_HAL_Driver/Src/stm32f4xx_ll_usb.c ****                                             USB_OTG_HCINTMSK_DTERRM |
1715:Drivers/STM32F4xx_HAL_Driver/Src/stm32f4xx_ll_usb.c ****                                             USB_OTG_HCINTMSK_AHBERR |
1716:Drivers/STM32F4xx_HAL_Driver/Src/stm32f4xx_ll_usb.c ****                                             USB_OTG_HCINTMSK_NAKM;
1717:Drivers/STM32F4xx_HAL_Driver/Src/stm32f4xx_ll_usb.c **** 
1718:Drivers/STM32F4xx_HAL_Driver/Src/stm32f4xx_ll_usb.c ****       if ((epnum & 0x80U) == 0x80U)
 5770              		.loc 1 1718 27
 5771 0068 97F90230 		ldrsb	r3, [r7, #2]
 5772              		.loc 1 1718 10
 5773 006c 002B     		cmp	r3, #0
 5774 006e 51DA     		bge	.L250
1719:Drivers/STM32F4xx_HAL_Driver/Src/stm32f4xx_ll_usb.c ****       {
1720:Drivers/STM32F4xx_HAL_Driver/Src/stm32f4xx_ll_usb.c ****         USBx_HC((uint32_t)ch_num)->HCINTMSK |= USB_OTG_HCINTMSK_BBERRM;
 5775              		.loc 1 1720 34
 5776 0070 FB78     		ldrb	r3, [r7, #3]	@ zero_extendqisi2
 5777 0072 5A01     		lsls	r2, r3, #5
 5778 0074 3B69     		ldr	r3, [r7, #16]
 5779 0076 1344     		add	r3, r3, r2
 5780 0078 03F5A063 		add	r3, r3, #1280
 5781 007c DB68     		ldr	r3, [r3, #12]
 5782 007e FA78     		ldrb	r2, [r7, #3]	@ zero_extendqisi2
 5783 0080 5101     		lsls	r1, r2, #5
 5784 0082 3A69     		ldr	r2, [r7, #16]
 5785 0084 0A44     		add	r2, r2, r1
 5786 0086 02F5A062 		add	r2, r2, #1280
 5787              		.loc 1 1720 45
 5788 008a 43F48073 		orr	r3, r3, #256
 5789 008e D360     		str	r3, [r2, #12]
1721:Drivers/STM32F4xx_HAL_Driver/Src/stm32f4xx_ll_usb.c ****       }
1722:Drivers/STM32F4xx_HAL_Driver/Src/stm32f4xx_ll_usb.c ****       else
1723:Drivers/STM32F4xx_HAL_Driver/Src/stm32f4xx_ll_usb.c ****       {
1724:Drivers/STM32F4xx_HAL_Driver/Src/stm32f4xx_ll_usb.c **** #if defined (USB_OTG_HS)
1725:Drivers/STM32F4xx_HAL_Driver/Src/stm32f4xx_ll_usb.c ****         if (USBx == USB_OTG_HS)
1726:Drivers/STM32F4xx_HAL_Driver/Src/stm32f4xx_ll_usb.c ****         {
1727:Drivers/STM32F4xx_HAL_Driver/Src/stm32f4xx_ll_usb.c ****           USBx_HC((uint32_t)ch_num)->HCINTMSK |= USB_OTG_HCINTMSK_NYET |
1728:Drivers/STM32F4xx_HAL_Driver/Src/stm32f4xx_ll_usb.c ****                                                  USB_OTG_HCINTMSK_ACKM;
ARM GAS  /tmp/ccLxLv8v.s 			page 132


1729:Drivers/STM32F4xx_HAL_Driver/Src/stm32f4xx_ll_usb.c ****         }
1730:Drivers/STM32F4xx_HAL_Driver/Src/stm32f4xx_ll_usb.c **** #endif /* defined (USB_OTG_HS) */
1731:Drivers/STM32F4xx_HAL_Driver/Src/stm32f4xx_ll_usb.c ****       }
1732:Drivers/STM32F4xx_HAL_Driver/Src/stm32f4xx_ll_usb.c ****       break;
 5790              		.loc 1 1732 7
 5791 0090 40E0     		b	.L250
 5792              	.L235:
1733:Drivers/STM32F4xx_HAL_Driver/Src/stm32f4xx_ll_usb.c **** 
1734:Drivers/STM32F4xx_HAL_Driver/Src/stm32f4xx_ll_usb.c ****     case EP_TYPE_INTR:
1735:Drivers/STM32F4xx_HAL_Driver/Src/stm32f4xx_ll_usb.c ****       USBx_HC((uint32_t)ch_num)->HCINTMSK = USB_OTG_HCINTMSK_XFRCM  |
 5793              		.loc 1 1735 7
 5794 0092 FB78     		ldrb	r3, [r7, #3]	@ zero_extendqisi2
 5795 0094 5A01     		lsls	r2, r3, #5
 5796 0096 3B69     		ldr	r3, [r7, #16]
 5797 0098 1344     		add	r3, r3, r2
 5798 009a 03F5A063 		add	r3, r3, #1280
 5799 009e 1A46     		mov	r2, r3
 5800              		.loc 1 1735 43
 5801 00a0 40F29D63 		movw	r3, #1693
 5802 00a4 D360     		str	r3, [r2, #12]
1736:Drivers/STM32F4xx_HAL_Driver/Src/stm32f4xx_ll_usb.c ****                                             USB_OTG_HCINTMSK_STALLM |
1737:Drivers/STM32F4xx_HAL_Driver/Src/stm32f4xx_ll_usb.c ****                                             USB_OTG_HCINTMSK_TXERRM |
1738:Drivers/STM32F4xx_HAL_Driver/Src/stm32f4xx_ll_usb.c ****                                             USB_OTG_HCINTMSK_DTERRM |
1739:Drivers/STM32F4xx_HAL_Driver/Src/stm32f4xx_ll_usb.c ****                                             USB_OTG_HCINTMSK_NAKM   |
1740:Drivers/STM32F4xx_HAL_Driver/Src/stm32f4xx_ll_usb.c ****                                             USB_OTG_HCINTMSK_AHBERR |
1741:Drivers/STM32F4xx_HAL_Driver/Src/stm32f4xx_ll_usb.c ****                                             USB_OTG_HCINTMSK_FRMORM;
1742:Drivers/STM32F4xx_HAL_Driver/Src/stm32f4xx_ll_usb.c **** 
1743:Drivers/STM32F4xx_HAL_Driver/Src/stm32f4xx_ll_usb.c ****       if ((epnum & 0x80U) == 0x80U)
 5803              		.loc 1 1743 27
 5804 00a6 97F90230 		ldrsb	r3, [r7, #2]
 5805              		.loc 1 1743 10
 5806 00aa 002B     		cmp	r3, #0
 5807 00ac 34DA     		bge	.L251
1744:Drivers/STM32F4xx_HAL_Driver/Src/stm32f4xx_ll_usb.c ****       {
1745:Drivers/STM32F4xx_HAL_Driver/Src/stm32f4xx_ll_usb.c ****         USBx_HC((uint32_t)ch_num)->HCINTMSK |= USB_OTG_HCINTMSK_BBERRM;
 5808              		.loc 1 1745 34
 5809 00ae FB78     		ldrb	r3, [r7, #3]	@ zero_extendqisi2
 5810 00b0 5A01     		lsls	r2, r3, #5
 5811 00b2 3B69     		ldr	r3, [r7, #16]
 5812 00b4 1344     		add	r3, r3, r2
 5813 00b6 03F5A063 		add	r3, r3, #1280
 5814 00ba DB68     		ldr	r3, [r3, #12]
 5815 00bc FA78     		ldrb	r2, [r7, #3]	@ zero_extendqisi2
 5816 00be 5101     		lsls	r1, r2, #5
 5817 00c0 3A69     		ldr	r2, [r7, #16]
 5818 00c2 0A44     		add	r2, r2, r1
 5819 00c4 02F5A062 		add	r2, r2, #1280
 5820              		.loc 1 1745 45
 5821 00c8 43F48073 		orr	r3, r3, #256
 5822 00cc D360     		str	r3, [r2, #12]
1746:Drivers/STM32F4xx_HAL_Driver/Src/stm32f4xx_ll_usb.c ****       }
1747:Drivers/STM32F4xx_HAL_Driver/Src/stm32f4xx_ll_usb.c **** 
1748:Drivers/STM32F4xx_HAL_Driver/Src/stm32f4xx_ll_usb.c ****       break;
 5823              		.loc 1 1748 7
 5824 00ce 23E0     		b	.L251
 5825              	.L238:
1749:Drivers/STM32F4xx_HAL_Driver/Src/stm32f4xx_ll_usb.c **** 
ARM GAS  /tmp/ccLxLv8v.s 			page 133


1750:Drivers/STM32F4xx_HAL_Driver/Src/stm32f4xx_ll_usb.c ****     case EP_TYPE_ISOC:
1751:Drivers/STM32F4xx_HAL_Driver/Src/stm32f4xx_ll_usb.c ****       USBx_HC((uint32_t)ch_num)->HCINTMSK = USB_OTG_HCINTMSK_XFRCM  |
 5826              		.loc 1 1751 7
 5827 00d0 FB78     		ldrb	r3, [r7, #3]	@ zero_extendqisi2
 5828 00d2 5A01     		lsls	r2, r3, #5
 5829 00d4 3B69     		ldr	r3, [r7, #16]
 5830 00d6 1344     		add	r3, r3, r2
 5831 00d8 03F5A063 		add	r3, r3, #1280
 5832 00dc 1A46     		mov	r2, r3
 5833              		.loc 1 1751 43
 5834 00de 40F22523 		movw	r3, #549
 5835 00e2 D360     		str	r3, [r2, #12]
1752:Drivers/STM32F4xx_HAL_Driver/Src/stm32f4xx_ll_usb.c ****                                             USB_OTG_HCINTMSK_ACKM   |
1753:Drivers/STM32F4xx_HAL_Driver/Src/stm32f4xx_ll_usb.c ****                                             USB_OTG_HCINTMSK_AHBERR |
1754:Drivers/STM32F4xx_HAL_Driver/Src/stm32f4xx_ll_usb.c ****                                             USB_OTG_HCINTMSK_FRMORM;
1755:Drivers/STM32F4xx_HAL_Driver/Src/stm32f4xx_ll_usb.c **** 
1756:Drivers/STM32F4xx_HAL_Driver/Src/stm32f4xx_ll_usb.c ****       if ((epnum & 0x80U) == 0x80U)
 5836              		.loc 1 1756 27
 5837 00e4 97F90230 		ldrsb	r3, [r7, #2]
 5838              		.loc 1 1756 10
 5839 00e8 002B     		cmp	r3, #0
 5840 00ea 17DA     		bge	.L252
1757:Drivers/STM32F4xx_HAL_Driver/Src/stm32f4xx_ll_usb.c ****       {
1758:Drivers/STM32F4xx_HAL_Driver/Src/stm32f4xx_ll_usb.c ****         USBx_HC((uint32_t)ch_num)->HCINTMSK |= (USB_OTG_HCINTMSK_TXERRM | USB_OTG_HCINTMSK_BBERRM);
 5841              		.loc 1 1758 34
 5842 00ec FB78     		ldrb	r3, [r7, #3]	@ zero_extendqisi2
 5843 00ee 5A01     		lsls	r2, r3, #5
 5844 00f0 3B69     		ldr	r3, [r7, #16]
 5845 00f2 1344     		add	r3, r3, r2
 5846 00f4 03F5A063 		add	r3, r3, #1280
 5847 00f8 DB68     		ldr	r3, [r3, #12]
 5848 00fa FA78     		ldrb	r2, [r7, #3]	@ zero_extendqisi2
 5849 00fc 5101     		lsls	r1, r2, #5
 5850 00fe 3A69     		ldr	r2, [r7, #16]
 5851 0100 0A44     		add	r2, r2, r1
 5852 0102 02F5A062 		add	r2, r2, #1280
 5853              		.loc 1 1758 45
 5854 0106 43F4C073 		orr	r3, r3, #384
 5855 010a D360     		str	r3, [r2, #12]
1759:Drivers/STM32F4xx_HAL_Driver/Src/stm32f4xx_ll_usb.c ****       }
1760:Drivers/STM32F4xx_HAL_Driver/Src/stm32f4xx_ll_usb.c ****       break;
 5856              		.loc 1 1760 7
 5857 010c 06E0     		b	.L252
 5858              	.L236:
1761:Drivers/STM32F4xx_HAL_Driver/Src/stm32f4xx_ll_usb.c **** 
1762:Drivers/STM32F4xx_HAL_Driver/Src/stm32f4xx_ll_usb.c ****     default:
1763:Drivers/STM32F4xx_HAL_Driver/Src/stm32f4xx_ll_usb.c ****       ret = HAL_ERROR;
 5859              		.loc 1 1763 11
 5860 010e 0123     		movs	r3, #1
 5861 0110 FB77     		strb	r3, [r7, #31]
1764:Drivers/STM32F4xx_HAL_Driver/Src/stm32f4xx_ll_usb.c ****       break;
 5862              		.loc 1 1764 7
 5863 0112 04E0     		b	.L240
 5864              	.L250:
1732:Drivers/STM32F4xx_HAL_Driver/Src/stm32f4xx_ll_usb.c **** 
 5865              		.loc 1 1732 7
 5866 0114 00BF     		nop
ARM GAS  /tmp/ccLxLv8v.s 			page 134


 5867 0116 02E0     		b	.L240
 5868              	.L251:
1748:Drivers/STM32F4xx_HAL_Driver/Src/stm32f4xx_ll_usb.c **** 
 5869              		.loc 1 1748 7
 5870 0118 00BF     		nop
 5871 011a 00E0     		b	.L240
 5872              	.L252:
1760:Drivers/STM32F4xx_HAL_Driver/Src/stm32f4xx_ll_usb.c **** 
 5873              		.loc 1 1760 7
 5874 011c 00BF     		nop
 5875              	.L240:
1765:Drivers/STM32F4xx_HAL_Driver/Src/stm32f4xx_ll_usb.c ****   }
1766:Drivers/STM32F4xx_HAL_Driver/Src/stm32f4xx_ll_usb.c **** 
1767:Drivers/STM32F4xx_HAL_Driver/Src/stm32f4xx_ll_usb.c ****   /* Clear Hub Start Split transaction */
1768:Drivers/STM32F4xx_HAL_Driver/Src/stm32f4xx_ll_usb.c ****   USBx_HC((uint32_t)ch_num)->HCSPLT = 0U;
 5876              		.loc 1 1768 3
 5877 011e FB78     		ldrb	r3, [r7, #3]	@ zero_extendqisi2
 5878 0120 5A01     		lsls	r2, r3, #5
 5879 0122 3B69     		ldr	r3, [r7, #16]
 5880 0124 1344     		add	r3, r3, r2
 5881 0126 03F5A063 		add	r3, r3, #1280
 5882 012a 1A46     		mov	r2, r3
 5883              		.loc 1 1768 37
 5884 012c 0023     		movs	r3, #0
 5885 012e 5360     		str	r3, [r2, #4]
1769:Drivers/STM32F4xx_HAL_Driver/Src/stm32f4xx_ll_usb.c **** 
1770:Drivers/STM32F4xx_HAL_Driver/Src/stm32f4xx_ll_usb.c ****   /* Enable host channel Halt interrupt */
1771:Drivers/STM32F4xx_HAL_Driver/Src/stm32f4xx_ll_usb.c ****   USBx_HC((uint32_t)ch_num)->HCINTMSK |= USB_OTG_HCINTMSK_CHHM;
 5886              		.loc 1 1771 28
 5887 0130 FB78     		ldrb	r3, [r7, #3]	@ zero_extendqisi2
 5888 0132 5A01     		lsls	r2, r3, #5
 5889 0134 3B69     		ldr	r3, [r7, #16]
 5890 0136 1344     		add	r3, r3, r2
 5891 0138 03F5A063 		add	r3, r3, #1280
 5892 013c DB68     		ldr	r3, [r3, #12]
 5893 013e FA78     		ldrb	r2, [r7, #3]	@ zero_extendqisi2
 5894 0140 5101     		lsls	r1, r2, #5
 5895 0142 3A69     		ldr	r2, [r7, #16]
 5896 0144 0A44     		add	r2, r2, r1
 5897 0146 02F5A062 		add	r2, r2, #1280
 5898              		.loc 1 1771 39
 5899 014a 43F00203 		orr	r3, r3, #2
 5900 014e D360     		str	r3, [r2, #12]
1772:Drivers/STM32F4xx_HAL_Driver/Src/stm32f4xx_ll_usb.c **** 
1773:Drivers/STM32F4xx_HAL_Driver/Src/stm32f4xx_ll_usb.c ****   /* Enable the top level host channel interrupt. */
1774:Drivers/STM32F4xx_HAL_Driver/Src/stm32f4xx_ll_usb.c ****   USBx_HOST->HAINTMSK |= 1UL << (ch_num & 0xFU);
 5901              		.loc 1 1774 12
 5902 0150 3B69     		ldr	r3, [r7, #16]
 5903 0152 03F58063 		add	r3, r3, #1024
 5904 0156 9A69     		ldr	r2, [r3, #24]
 5905              		.loc 1 1774 41
 5906 0158 FB78     		ldrb	r3, [r7, #3]	@ zero_extendqisi2
 5907 015a 03F00F03 		and	r3, r3, #15
 5908              		.loc 1 1774 30
 5909 015e 0121     		movs	r1, #1
 5910 0160 01FA03F3 		lsl	r3, r1, r3
 5911              		.loc 1 1774 12
ARM GAS  /tmp/ccLxLv8v.s 			page 135


 5912 0164 3969     		ldr	r1, [r7, #16]
 5913 0166 01F58061 		add	r1, r1, #1024
 5914              		.loc 1 1774 23
 5915 016a 1343     		orrs	r3, r3, r2
 5916 016c 8B61     		str	r3, [r1, #24]
1775:Drivers/STM32F4xx_HAL_Driver/Src/stm32f4xx_ll_usb.c **** 
1776:Drivers/STM32F4xx_HAL_Driver/Src/stm32f4xx_ll_usb.c ****   /* Make sure host channel interrupts are enabled. */
1777:Drivers/STM32F4xx_HAL_Driver/Src/stm32f4xx_ll_usb.c ****   USBx->GINTMSK |= USB_OTG_GINTMSK_HCIM;
 5917              		.loc 1 1777 7
 5918 016e 7B68     		ldr	r3, [r7, #4]
 5919 0170 9B69     		ldr	r3, [r3, #24]
 5920              		.loc 1 1777 17
 5921 0172 43F00072 		orr	r2, r3, #33554432
 5922 0176 7B68     		ldr	r3, [r7, #4]
 5923 0178 9A61     		str	r2, [r3, #24]
1778:Drivers/STM32F4xx_HAL_Driver/Src/stm32f4xx_ll_usb.c **** 
1779:Drivers/STM32F4xx_HAL_Driver/Src/stm32f4xx_ll_usb.c ****   /* Program the HCCHAR register */
1780:Drivers/STM32F4xx_HAL_Driver/Src/stm32f4xx_ll_usb.c ****   if ((epnum & 0x80U) == 0x80U)
 5924              		.loc 1 1780 23
 5925 017a 97F90230 		ldrsb	r3, [r7, #2]
 5926              		.loc 1 1780 6
 5927 017e 002B     		cmp	r3, #0
 5928 0180 03DA     		bge	.L243
1781:Drivers/STM32F4xx_HAL_Driver/Src/stm32f4xx_ll_usb.c ****   {
1782:Drivers/STM32F4xx_HAL_Driver/Src/stm32f4xx_ll_usb.c ****     HCcharEpDir = (0x1U << 15) & USB_OTG_HCCHAR_EPDIR;
 5929              		.loc 1 1782 17
 5930 0182 4FF40043 		mov	r3, #32768
 5931 0186 BB61     		str	r3, [r7, #24]
 5932 0188 01E0     		b	.L244
 5933              	.L243:
1783:Drivers/STM32F4xx_HAL_Driver/Src/stm32f4xx_ll_usb.c ****   }
1784:Drivers/STM32F4xx_HAL_Driver/Src/stm32f4xx_ll_usb.c ****   else
1785:Drivers/STM32F4xx_HAL_Driver/Src/stm32f4xx_ll_usb.c ****   {
1786:Drivers/STM32F4xx_HAL_Driver/Src/stm32f4xx_ll_usb.c ****     HCcharEpDir = 0U;
 5934              		.loc 1 1786 17
 5935 018a 0023     		movs	r3, #0
 5936 018c BB61     		str	r3, [r7, #24]
 5937              	.L244:
1787:Drivers/STM32F4xx_HAL_Driver/Src/stm32f4xx_ll_usb.c ****   }
1788:Drivers/STM32F4xx_HAL_Driver/Src/stm32f4xx_ll_usb.c **** 
1789:Drivers/STM32F4xx_HAL_Driver/Src/stm32f4xx_ll_usb.c ****   HostCoreSpeed = USB_GetHostSpeed(USBx);
 5938              		.loc 1 1789 19
 5939 018e 7868     		ldr	r0, [r7, #4]
 5940 0190 FFF7FEFF 		bl	USB_GetHostSpeed
 5941 0194 F860     		str	r0, [r7, #12]
1790:Drivers/STM32F4xx_HAL_Driver/Src/stm32f4xx_ll_usb.c **** 
1791:Drivers/STM32F4xx_HAL_Driver/Src/stm32f4xx_ll_usb.c ****   /* LS device plugged to HUB */
1792:Drivers/STM32F4xx_HAL_Driver/Src/stm32f4xx_ll_usb.c ****   if ((speed == HPRT0_PRTSPD_LOW_SPEED) && (HostCoreSpeed != HPRT0_PRTSPD_LOW_SPEED))
 5942              		.loc 1 1792 6
 5943 0196 97F82830 		ldrb	r3, [r7, #40]	@ zero_extendqisi2
 5944 019a 022B     		cmp	r3, #2
 5945 019c 06D1     		bne	.L245
 5946              		.loc 1 1792 41 discriminator 1
 5947 019e FB68     		ldr	r3, [r7, #12]
 5948 01a0 022B     		cmp	r3, #2
 5949 01a2 03D0     		beq	.L245
1793:Drivers/STM32F4xx_HAL_Driver/Src/stm32f4xx_ll_usb.c ****   {
ARM GAS  /tmp/ccLxLv8v.s 			page 136


1794:Drivers/STM32F4xx_HAL_Driver/Src/stm32f4xx_ll_usb.c ****     HCcharLowSpeed = (0x1U << 17) & USB_OTG_HCCHAR_LSDEV;
 5950              		.loc 1 1794 20
 5951 01a4 4FF40033 		mov	r3, #131072
 5952 01a8 7B61     		str	r3, [r7, #20]
 5953 01aa 01E0     		b	.L246
 5954              	.L245:
1795:Drivers/STM32F4xx_HAL_Driver/Src/stm32f4xx_ll_usb.c ****   }
1796:Drivers/STM32F4xx_HAL_Driver/Src/stm32f4xx_ll_usb.c ****   else
1797:Drivers/STM32F4xx_HAL_Driver/Src/stm32f4xx_ll_usb.c ****   {
1798:Drivers/STM32F4xx_HAL_Driver/Src/stm32f4xx_ll_usb.c ****     HCcharLowSpeed = 0U;
 5955              		.loc 1 1798 20
 5956 01ac 0023     		movs	r3, #0
 5957 01ae 7B61     		str	r3, [r7, #20]
 5958              	.L246:
1799:Drivers/STM32F4xx_HAL_Driver/Src/stm32f4xx_ll_usb.c ****   }
1800:Drivers/STM32F4xx_HAL_Driver/Src/stm32f4xx_ll_usb.c **** 
1801:Drivers/STM32F4xx_HAL_Driver/Src/stm32f4xx_ll_usb.c ****   USBx_HC((uint32_t)ch_num)->HCCHAR = (((uint32_t)dev_address << 22) & USB_OTG_HCCHAR_DAD) |
 5959              		.loc 1 1801 41
 5960 01b0 7B78     		ldrb	r3, [r7, #1]	@ zero_extendqisi2
 5961              		.loc 1 1801 63
 5962 01b2 9B05     		lsls	r3, r3, #22
 5963              		.loc 1 1801 70
 5964 01b4 03F0FE52 		and	r2, r3, #532676608
1802:Drivers/STM32F4xx_HAL_Driver/Src/stm32f4xx_ll_usb.c ****                                       ((((uint32_t)epnum & 0x7FU) << 11) & USB_OTG_HCCHAR_EPNUM) |
 5965              		.loc 1 1802 67
 5966 01b8 BB78     		ldrb	r3, [r7, #2]	@ zero_extendqisi2
 5967 01ba DB02     		lsls	r3, r3, #11
 5968              		.loc 1 1802 74
 5969 01bc 03F4F043 		and	r3, r3, #30720
1801:Drivers/STM32F4xx_HAL_Driver/Src/stm32f4xx_ll_usb.c ****                                       ((((uint32_t)epnum & 0x7FU) << 11) & USB_OTG_HCCHAR_EPNUM) |
 5970              		.loc 1 1801 92
 5971 01c0 1A43     		orrs	r2, r2, r3
1803:Drivers/STM32F4xx_HAL_Driver/Src/stm32f4xx_ll_usb.c ****                                       (((uint32_t)ep_type << 18) & USB_OTG_HCCHAR_EPTYP) |
 5972              		.loc 1 1803 41
 5973 01c2 97F82C30 		ldrb	r3, [r7, #44]	@ zero_extendqisi2
 5974              		.loc 1 1803 59
 5975 01c6 9B04     		lsls	r3, r3, #18
 5976              		.loc 1 1803 66
 5977 01c8 03F44023 		and	r3, r3, #786432
1802:Drivers/STM32F4xx_HAL_Driver/Src/stm32f4xx_ll_usb.c ****                                       ((((uint32_t)epnum & 0x7FU) << 11) & USB_OTG_HCCHAR_EPNUM) |
 5978              		.loc 1 1802 98
 5979 01cc 1A43     		orrs	r2, r2, r3
1804:Drivers/STM32F4xx_HAL_Driver/Src/stm32f4xx_ll_usb.c ****                                       ((uint32_t)mps & USB_OTG_HCCHAR_MPSIZ) |
 5980              		.loc 1 1804 54
 5981 01ce 3B8E     		ldrh	r3, [r7, #48]
 5982 01d0 C3F30A03 		ubfx	r3, r3, #0, #11
1803:Drivers/STM32F4xx_HAL_Driver/Src/stm32f4xx_ll_usb.c ****                                       (((uint32_t)ep_type << 18) & USB_OTG_HCCHAR_EPTYP) |
 5983              		.loc 1 1803 90
 5984 01d4 1A43     		orrs	r2, r2, r3
1805:Drivers/STM32F4xx_HAL_Driver/Src/stm32f4xx_ll_usb.c ****                                       USB_OTG_HCCHAR_MC_0 | HCcharEpDir | HCcharLowSpeed;
 5985              		.loc 1 1805 59
 5986 01d6 BB69     		ldr	r3, [r7, #24]
 5987 01d8 1A43     		orrs	r2, r2, r3
 5988              		.loc 1 1805 73
 5989 01da 7B69     		ldr	r3, [r7, #20]
 5990 01dc 1343     		orrs	r3, r3, r2
1801:Drivers/STM32F4xx_HAL_Driver/Src/stm32f4xx_ll_usb.c ****                                       ((((uint32_t)epnum & 0x7FU) << 11) & USB_OTG_HCCHAR_EPNUM) |
ARM GAS  /tmp/ccLxLv8v.s 			page 137


 5991              		.loc 1 1801 3
 5992 01de FA78     		ldrb	r2, [r7, #3]	@ zero_extendqisi2
 5993 01e0 5101     		lsls	r1, r2, #5
 5994 01e2 3A69     		ldr	r2, [r7, #16]
 5995 01e4 0A44     		add	r2, r2, r1
 5996 01e6 02F5A062 		add	r2, r2, #1280
 5997              		.loc 1 1805 73
 5998 01ea 43F48013 		orr	r3, r3, #1048576
1801:Drivers/STM32F4xx_HAL_Driver/Src/stm32f4xx_ll_usb.c ****                                       ((((uint32_t)epnum & 0x7FU) << 11) & USB_OTG_HCCHAR_EPNUM) |
 5999              		.loc 1 1801 37
 6000 01ee 1360     		str	r3, [r2]
1806:Drivers/STM32F4xx_HAL_Driver/Src/stm32f4xx_ll_usb.c **** 
1807:Drivers/STM32F4xx_HAL_Driver/Src/stm32f4xx_ll_usb.c ****   if ((ep_type == EP_TYPE_INTR) || (ep_type == EP_TYPE_ISOC))
 6001              		.loc 1 1807 6
 6002 01f0 97F82C30 		ldrb	r3, [r7, #44]	@ zero_extendqisi2
 6003 01f4 032B     		cmp	r3, #3
 6004 01f6 03D0     		beq	.L247
 6005              		.loc 1 1807 33 discriminator 1
 6006 01f8 97F82C30 		ldrb	r3, [r7, #44]	@ zero_extendqisi2
 6007 01fc 012B     		cmp	r3, #1
 6008 01fe 0FD1     		bne	.L248
 6009              	.L247:
1808:Drivers/STM32F4xx_HAL_Driver/Src/stm32f4xx_ll_usb.c ****   {
1809:Drivers/STM32F4xx_HAL_Driver/Src/stm32f4xx_ll_usb.c ****     USBx_HC((uint32_t)ch_num)->HCCHAR |= USB_OTG_HCCHAR_ODDFRM;
 6010              		.loc 1 1809 30
 6011 0200 FB78     		ldrb	r3, [r7, #3]	@ zero_extendqisi2
 6012 0202 5A01     		lsls	r2, r3, #5
 6013 0204 3B69     		ldr	r3, [r7, #16]
 6014 0206 1344     		add	r3, r3, r2
 6015 0208 03F5A063 		add	r3, r3, #1280
 6016 020c 1B68     		ldr	r3, [r3]
 6017 020e FA78     		ldrb	r2, [r7, #3]	@ zero_extendqisi2
 6018 0210 5101     		lsls	r1, r2, #5
 6019 0212 3A69     		ldr	r2, [r7, #16]
 6020 0214 0A44     		add	r2, r2, r1
 6021 0216 02F5A062 		add	r2, r2, #1280
 6022              		.loc 1 1809 39
 6023 021a 43F00053 		orr	r3, r3, #536870912
 6024 021e 1360     		str	r3, [r2]
 6025              	.L248:
1810:Drivers/STM32F4xx_HAL_Driver/Src/stm32f4xx_ll_usb.c ****   }
1811:Drivers/STM32F4xx_HAL_Driver/Src/stm32f4xx_ll_usb.c **** 
1812:Drivers/STM32F4xx_HAL_Driver/Src/stm32f4xx_ll_usb.c ****   return ret;
 6026              		.loc 1 1812 10
 6027 0220 FB7F     		ldrb	r3, [r7, #31]	@ zero_extendqisi2
1813:Drivers/STM32F4xx_HAL_Driver/Src/stm32f4xx_ll_usb.c **** }
 6028              		.loc 1 1813 1
 6029 0222 1846     		mov	r0, r3
 6030 0224 2037     		adds	r7, r7, #32
 6031              	.LCFI251:
 6032              		.cfi_def_cfa_offset 8
 6033 0226 BD46     		mov	sp, r7
 6034              	.LCFI252:
 6035              		.cfi_def_cfa_register 13
 6036              		@ sp needed
 6037 0228 80BD     		pop	{r7, pc}
 6038              		.cfi_endproc
ARM GAS  /tmp/ccLxLv8v.s 			page 138


 6039              	.LFE261:
 6041              		.section	.text.USB_HC_StartXfer,"ax",%progbits
 6042              		.align	1
 6043              		.global	USB_HC_StartXfer
 6044              		.syntax unified
 6045              		.thumb
 6046              		.thumb_func
 6048              	USB_HC_StartXfer:
 6049              	.LFB262:
1814:Drivers/STM32F4xx_HAL_Driver/Src/stm32f4xx_ll_usb.c **** 
1815:Drivers/STM32F4xx_HAL_Driver/Src/stm32f4xx_ll_usb.c **** /**
1816:Drivers/STM32F4xx_HAL_Driver/Src/stm32f4xx_ll_usb.c ****   * @brief  Start a transfer over a host channel
1817:Drivers/STM32F4xx_HAL_Driver/Src/stm32f4xx_ll_usb.c ****   * @param  USBx  Selected device
1818:Drivers/STM32F4xx_HAL_Driver/Src/stm32f4xx_ll_usb.c ****   * @param  hc  pointer to host channel structure
1819:Drivers/STM32F4xx_HAL_Driver/Src/stm32f4xx_ll_usb.c ****   * @param  dma USB dma enabled or disabled
1820:Drivers/STM32F4xx_HAL_Driver/Src/stm32f4xx_ll_usb.c ****   *          This parameter can be one of these values:
1821:Drivers/STM32F4xx_HAL_Driver/Src/stm32f4xx_ll_usb.c ****   *           0 : DMA feature not used
1822:Drivers/STM32F4xx_HAL_Driver/Src/stm32f4xx_ll_usb.c ****   *           1 : DMA feature used
1823:Drivers/STM32F4xx_HAL_Driver/Src/stm32f4xx_ll_usb.c ****   * @retval HAL state
1824:Drivers/STM32F4xx_HAL_Driver/Src/stm32f4xx_ll_usb.c ****   */
1825:Drivers/STM32F4xx_HAL_Driver/Src/stm32f4xx_ll_usb.c **** HAL_StatusTypeDef USB_HC_StartXfer(USB_OTG_GlobalTypeDef *USBx, USB_OTG_HCTypeDef *hc, uint8_t dma)
1826:Drivers/STM32F4xx_HAL_Driver/Src/stm32f4xx_ll_usb.c **** {
 6050              		.loc 1 1826 1
 6051              		.cfi_startproc
 6052              		@ args = 0, pretend = 0, frame = 40
 6053              		@ frame_needed = 1, uses_anonymous_args = 0
 6054 0000 80B5     		push	{r7, lr}
 6055              	.LCFI253:
 6056              		.cfi_def_cfa_offset 8
 6057              		.cfi_offset 7, -8
 6058              		.cfi_offset 14, -4
 6059 0002 8CB0     		sub	sp, sp, #48
 6060              	.LCFI254:
 6061              		.cfi_def_cfa_offset 56
 6062 0004 02AF     		add	r7, sp, #8
 6063              	.LCFI255:
 6064              		.cfi_def_cfa 7, 48
 6065 0006 F860     		str	r0, [r7, #12]
 6066 0008 B960     		str	r1, [r7, #8]
 6067 000a 1346     		mov	r3, r2
 6068 000c FB71     		strb	r3, [r7, #7]
1827:Drivers/STM32F4xx_HAL_Driver/Src/stm32f4xx_ll_usb.c ****   uint32_t USBx_BASE = (uint32_t)USBx;
 6069              		.loc 1 1827 12
 6070 000e FB68     		ldr	r3, [r7, #12]
 6071 0010 3B62     		str	r3, [r7, #32]
1828:Drivers/STM32F4xx_HAL_Driver/Src/stm32f4xx_ll_usb.c ****   uint32_t ch_num = (uint32_t)hc->ch_num;
 6072              		.loc 1 1828 33
 6073 0012 BB68     		ldr	r3, [r7, #8]
 6074 0014 5B78     		ldrb	r3, [r3, #1]	@ zero_extendqisi2
 6075              		.loc 1 1828 12
 6076 0016 FB61     		str	r3, [r7, #28]
1829:Drivers/STM32F4xx_HAL_Driver/Src/stm32f4xx_ll_usb.c ****   __IO uint32_t tmpreg;
1830:Drivers/STM32F4xx_HAL_Driver/Src/stm32f4xx_ll_usb.c ****   uint8_t  is_oddframe;
1831:Drivers/STM32F4xx_HAL_Driver/Src/stm32f4xx_ll_usb.c ****   uint16_t len_words;
1832:Drivers/STM32F4xx_HAL_Driver/Src/stm32f4xx_ll_usb.c ****   uint16_t num_packets;
1833:Drivers/STM32F4xx_HAL_Driver/Src/stm32f4xx_ll_usb.c ****   uint16_t max_hc_pkt_count = HC_MAX_PKT_CNT;
 6077              		.loc 1 1833 12
ARM GAS  /tmp/ccLxLv8v.s 			page 139


 6078 0018 4FF48073 		mov	r3, #256
 6079 001c 7B83     		strh	r3, [r7, #26]	@ movhi
1834:Drivers/STM32F4xx_HAL_Driver/Src/stm32f4xx_ll_usb.c **** 
1835:Drivers/STM32F4xx_HAL_Driver/Src/stm32f4xx_ll_usb.c **** #if defined (USB_OTG_HS)
1836:Drivers/STM32F4xx_HAL_Driver/Src/stm32f4xx_ll_usb.c ****   if (USBx == USB_OTG_HS)
1837:Drivers/STM32F4xx_HAL_Driver/Src/stm32f4xx_ll_usb.c ****   {
1838:Drivers/STM32F4xx_HAL_Driver/Src/stm32f4xx_ll_usb.c ****     /* in DMA mode host Core automatically issues ping in case of NYET/NAK */
1839:Drivers/STM32F4xx_HAL_Driver/Src/stm32f4xx_ll_usb.c ****     if (dma == 1U)
1840:Drivers/STM32F4xx_HAL_Driver/Src/stm32f4xx_ll_usb.c ****     {
1841:Drivers/STM32F4xx_HAL_Driver/Src/stm32f4xx_ll_usb.c ****       if (((hc->ep_type == EP_TYPE_CTRL) || (hc->ep_type == EP_TYPE_BULK)) && (hc->do_ssplit == 0U)
1842:Drivers/STM32F4xx_HAL_Driver/Src/stm32f4xx_ll_usb.c ****       {
1843:Drivers/STM32F4xx_HAL_Driver/Src/stm32f4xx_ll_usb.c **** 
1844:Drivers/STM32F4xx_HAL_Driver/Src/stm32f4xx_ll_usb.c ****         USBx_HC((uint32_t)ch_num)->HCINTMSK &= ~(USB_OTG_HCINTMSK_NYET |
1845:Drivers/STM32F4xx_HAL_Driver/Src/stm32f4xx_ll_usb.c ****                                                  USB_OTG_HCINTMSK_ACKM |
1846:Drivers/STM32F4xx_HAL_Driver/Src/stm32f4xx_ll_usb.c ****                                                  USB_OTG_HCINTMSK_NAKM);
1847:Drivers/STM32F4xx_HAL_Driver/Src/stm32f4xx_ll_usb.c ****       }
1848:Drivers/STM32F4xx_HAL_Driver/Src/stm32f4xx_ll_usb.c ****     }
1849:Drivers/STM32F4xx_HAL_Driver/Src/stm32f4xx_ll_usb.c ****     else
1850:Drivers/STM32F4xx_HAL_Driver/Src/stm32f4xx_ll_usb.c ****     {
1851:Drivers/STM32F4xx_HAL_Driver/Src/stm32f4xx_ll_usb.c ****       if ((hc->speed == USBH_HS_SPEED) && (hc->do_ping == 1U))
1852:Drivers/STM32F4xx_HAL_Driver/Src/stm32f4xx_ll_usb.c ****       {
1853:Drivers/STM32F4xx_HAL_Driver/Src/stm32f4xx_ll_usb.c ****         (void)USB_DoPing(USBx, hc->ch_num);
1854:Drivers/STM32F4xx_HAL_Driver/Src/stm32f4xx_ll_usb.c ****         return HAL_OK;
1855:Drivers/STM32F4xx_HAL_Driver/Src/stm32f4xx_ll_usb.c ****       }
1856:Drivers/STM32F4xx_HAL_Driver/Src/stm32f4xx_ll_usb.c ****     }
1857:Drivers/STM32F4xx_HAL_Driver/Src/stm32f4xx_ll_usb.c ****   }
1858:Drivers/STM32F4xx_HAL_Driver/Src/stm32f4xx_ll_usb.c **** #endif /* defined (USB_OTG_HS) */
1859:Drivers/STM32F4xx_HAL_Driver/Src/stm32f4xx_ll_usb.c **** 
1860:Drivers/STM32F4xx_HAL_Driver/Src/stm32f4xx_ll_usb.c ****   if (hc->do_ssplit == 1U)
 6080              		.loc 1 1860 9
 6081 001e BB68     		ldr	r3, [r7, #8]
 6082 0020 9B79     		ldrb	r3, [r3, #6]	@ zero_extendqisi2
 6083              		.loc 1 1860 6
 6084 0022 012B     		cmp	r3, #1
 6085 0024 58D1     		bne	.L254
1861:Drivers/STM32F4xx_HAL_Driver/Src/stm32f4xx_ll_usb.c ****   {
1862:Drivers/STM32F4xx_HAL_Driver/Src/stm32f4xx_ll_usb.c ****     /* Set number of packet to 1 for Split transaction */
1863:Drivers/STM32F4xx_HAL_Driver/Src/stm32f4xx_ll_usb.c ****     num_packets = 1U;
 6086              		.loc 1 1863 17
 6087 0026 0123     		movs	r3, #1
 6088 0028 FB84     		strh	r3, [r7, #38]	@ movhi
1864:Drivers/STM32F4xx_HAL_Driver/Src/stm32f4xx_ll_usb.c **** 
1865:Drivers/STM32F4xx_HAL_Driver/Src/stm32f4xx_ll_usb.c ****     if (hc->ep_is_in != 0U)
 6089              		.loc 1 1865 11
 6090 002a BB68     		ldr	r3, [r7, #8]
 6091 002c DB78     		ldrb	r3, [r3, #3]	@ zero_extendqisi2
 6092              		.loc 1 1865 8
 6093 002e 002B     		cmp	r3, #0
 6094 0030 07D0     		beq	.L255
1866:Drivers/STM32F4xx_HAL_Driver/Src/stm32f4xx_ll_usb.c ****     {
1867:Drivers/STM32F4xx_HAL_Driver/Src/stm32f4xx_ll_usb.c ****       hc->XferSize = (uint32_t)num_packets * hc->max_packet;
 6095              		.loc 1 1867 22
 6096 0032 FB8C     		ldrh	r3, [r7, #38]
 6097              		.loc 1 1867 48
 6098 0034 BA68     		ldr	r2, [r7, #8]
 6099 0036 928A     		ldrh	r2, [r2, #20]
 6100              		.loc 1 1867 44
ARM GAS  /tmp/ccLxLv8v.s 			page 140


 6101 0038 03FB02F2 		mul	r2, r3, r2
 6102              		.loc 1 1867 20
 6103 003c BB68     		ldr	r3, [r7, #8]
 6104 003e DA61     		str	r2, [r3, #28]
 6105 0040 79E0     		b	.L265
 6106              	.L255:
1868:Drivers/STM32F4xx_HAL_Driver/Src/stm32f4xx_ll_usb.c ****     }
1869:Drivers/STM32F4xx_HAL_Driver/Src/stm32f4xx_ll_usb.c ****     else
1870:Drivers/STM32F4xx_HAL_Driver/Src/stm32f4xx_ll_usb.c ****     {
1871:Drivers/STM32F4xx_HAL_Driver/Src/stm32f4xx_ll_usb.c ****       if (hc->ep_type == EP_TYPE_ISOC)
 6107              		.loc 1 1871 13
 6108 0042 BB68     		ldr	r3, [r7, #8]
 6109 0044 9B7C     		ldrb	r3, [r3, #18]	@ zero_extendqisi2
 6110              		.loc 1 1871 10
 6111 0046 012B     		cmp	r3, #1
 6112 0048 30D1     		bne	.L257
1872:Drivers/STM32F4xx_HAL_Driver/Src/stm32f4xx_ll_usb.c ****       {
1873:Drivers/STM32F4xx_HAL_Driver/Src/stm32f4xx_ll_usb.c ****         if (hc->xfer_len > ISO_SPLT_MPS)
 6113              		.loc 1 1873 15
 6114 004a BB68     		ldr	r3, [r7, #8]
 6115 004c 1B6A     		ldr	r3, [r3, #32]
 6116              		.loc 1 1873 12
 6117 004e BC2B     		cmp	r3, #188
 6118 0050 18D9     		bls	.L258
1874:Drivers/STM32F4xx_HAL_Driver/Src/stm32f4xx_ll_usb.c ****         {
1875:Drivers/STM32F4xx_HAL_Driver/Src/stm32f4xx_ll_usb.c ****           /* Isochrone Max Packet Size for Split mode */
1876:Drivers/STM32F4xx_HAL_Driver/Src/stm32f4xx_ll_usb.c ****           hc->XferSize = hc->max_packet;
 6119              		.loc 1 1876 28
 6120 0052 BB68     		ldr	r3, [r7, #8]
 6121 0054 9B8A     		ldrh	r3, [r3, #20]
 6122 0056 1A46     		mov	r2, r3
 6123              		.loc 1 1876 24
 6124 0058 BB68     		ldr	r3, [r7, #8]
 6125 005a DA61     		str	r2, [r3, #28]
1877:Drivers/STM32F4xx_HAL_Driver/Src/stm32f4xx_ll_usb.c ****           hc->xfer_len = hc->XferSize;
 6126              		.loc 1 1877 28
 6127 005c BB68     		ldr	r3, [r7, #8]
 6128 005e DA69     		ldr	r2, [r3, #28]
 6129              		.loc 1 1877 24
 6130 0060 BB68     		ldr	r3, [r7, #8]
 6131 0062 1A62     		str	r2, [r3, #32]
1878:Drivers/STM32F4xx_HAL_Driver/Src/stm32f4xx_ll_usb.c **** 
1879:Drivers/STM32F4xx_HAL_Driver/Src/stm32f4xx_ll_usb.c ****           if ((hc->iso_splt_xactPos == HCSPLT_BEGIN) || (hc->iso_splt_xactPos == HCSPLT_MIDDLE))
 6132              		.loc 1 1879 18
 6133 0064 BB68     		ldr	r3, [r7, #8]
 6134 0066 DB68     		ldr	r3, [r3, #12]
 6135              		.loc 1 1879 14
 6136 0068 012B     		cmp	r3, #1
 6137 006a 03D0     		beq	.L259
 6138              		.loc 1 1879 60 discriminator 1
 6139 006c BB68     		ldr	r3, [r7, #8]
 6140 006e DB68     		ldr	r3, [r3, #12]
 6141              		.loc 1 1879 54 discriminator 1
 6142 0070 022B     		cmp	r3, #2
 6143 0072 03D1     		bne	.L260
 6144              	.L259:
1880:Drivers/STM32F4xx_HAL_Driver/Src/stm32f4xx_ll_usb.c ****           {
ARM GAS  /tmp/ccLxLv8v.s 			page 141


1881:Drivers/STM32F4xx_HAL_Driver/Src/stm32f4xx_ll_usb.c ****             hc->iso_splt_xactPos = HCSPLT_MIDDLE;
 6145              		.loc 1 1881 34
 6146 0074 BB68     		ldr	r3, [r7, #8]
 6147 0076 0222     		movs	r2, #2
 6148 0078 DA60     		str	r2, [r3, #12]
 6149 007a 5CE0     		b	.L265
 6150              	.L260:
1882:Drivers/STM32F4xx_HAL_Driver/Src/stm32f4xx_ll_usb.c ****           }
1883:Drivers/STM32F4xx_HAL_Driver/Src/stm32f4xx_ll_usb.c ****           else
1884:Drivers/STM32F4xx_HAL_Driver/Src/stm32f4xx_ll_usb.c ****           {
1885:Drivers/STM32F4xx_HAL_Driver/Src/stm32f4xx_ll_usb.c ****             hc->iso_splt_xactPos = HCSPLT_BEGIN;
 6151              		.loc 1 1885 34
 6152 007c BB68     		ldr	r3, [r7, #8]
 6153 007e 0122     		movs	r2, #1
 6154 0080 DA60     		str	r2, [r3, #12]
 6155 0082 58E0     		b	.L265
 6156              	.L258:
1886:Drivers/STM32F4xx_HAL_Driver/Src/stm32f4xx_ll_usb.c ****           }
1887:Drivers/STM32F4xx_HAL_Driver/Src/stm32f4xx_ll_usb.c ****         }
1888:Drivers/STM32F4xx_HAL_Driver/Src/stm32f4xx_ll_usb.c ****         else
1889:Drivers/STM32F4xx_HAL_Driver/Src/stm32f4xx_ll_usb.c ****         {
1890:Drivers/STM32F4xx_HAL_Driver/Src/stm32f4xx_ll_usb.c ****           hc->XferSize = hc->xfer_len;
 6157              		.loc 1 1890 28
 6158 0084 BB68     		ldr	r3, [r7, #8]
 6159 0086 1A6A     		ldr	r2, [r3, #32]
 6160              		.loc 1 1890 24
 6161 0088 BB68     		ldr	r3, [r7, #8]
 6162 008a DA61     		str	r2, [r3, #28]
1891:Drivers/STM32F4xx_HAL_Driver/Src/stm32f4xx_ll_usb.c **** 
1892:Drivers/STM32F4xx_HAL_Driver/Src/stm32f4xx_ll_usb.c ****           if ((hc->iso_splt_xactPos != HCSPLT_BEGIN) && (hc->iso_splt_xactPos != HCSPLT_MIDDLE))
 6163              		.loc 1 1892 18
 6164 008c BB68     		ldr	r3, [r7, #8]
 6165 008e DB68     		ldr	r3, [r3, #12]
 6166              		.loc 1 1892 14
 6167 0090 012B     		cmp	r3, #1
 6168 0092 07D0     		beq	.L263
 6169              		.loc 1 1892 60 discriminator 1
 6170 0094 BB68     		ldr	r3, [r7, #8]
 6171 0096 DB68     		ldr	r3, [r3, #12]
 6172              		.loc 1 1892 54 discriminator 1
 6173 0098 022B     		cmp	r3, #2
 6174 009a 03D0     		beq	.L263
1893:Drivers/STM32F4xx_HAL_Driver/Src/stm32f4xx_ll_usb.c ****           {
1894:Drivers/STM32F4xx_HAL_Driver/Src/stm32f4xx_ll_usb.c ****             hc->iso_splt_xactPos = HCSPLT_FULL;
 6175              		.loc 1 1894 34
 6176 009c BB68     		ldr	r3, [r7, #8]
 6177 009e 0422     		movs	r2, #4
 6178 00a0 DA60     		str	r2, [r3, #12]
 6179 00a2 48E0     		b	.L265
 6180              	.L263:
1895:Drivers/STM32F4xx_HAL_Driver/Src/stm32f4xx_ll_usb.c ****           }
1896:Drivers/STM32F4xx_HAL_Driver/Src/stm32f4xx_ll_usb.c ****           else
1897:Drivers/STM32F4xx_HAL_Driver/Src/stm32f4xx_ll_usb.c ****           {
1898:Drivers/STM32F4xx_HAL_Driver/Src/stm32f4xx_ll_usb.c ****             hc->iso_splt_xactPos = HCSPLT_END;
 6181              		.loc 1 1898 34
 6182 00a4 BB68     		ldr	r3, [r7, #8]
 6183 00a6 0322     		movs	r2, #3
ARM GAS  /tmp/ccLxLv8v.s 			page 142


 6184 00a8 DA60     		str	r2, [r3, #12]
 6185 00aa 44E0     		b	.L265
 6186              	.L257:
1899:Drivers/STM32F4xx_HAL_Driver/Src/stm32f4xx_ll_usb.c ****           }
1900:Drivers/STM32F4xx_HAL_Driver/Src/stm32f4xx_ll_usb.c ****         }
1901:Drivers/STM32F4xx_HAL_Driver/Src/stm32f4xx_ll_usb.c ****       }
1902:Drivers/STM32F4xx_HAL_Driver/Src/stm32f4xx_ll_usb.c ****       else
1903:Drivers/STM32F4xx_HAL_Driver/Src/stm32f4xx_ll_usb.c ****       {
1904:Drivers/STM32F4xx_HAL_Driver/Src/stm32f4xx_ll_usb.c ****         if ((dma == 1U) && (hc->xfer_len > hc->max_packet))
 6187              		.loc 1 1904 12
 6188 00ac FB79     		ldrb	r3, [r7, #7]	@ zero_extendqisi2
 6189 00ae 012B     		cmp	r3, #1
 6190 00b0 0DD1     		bne	.L264
 6191              		.loc 1 1904 31 discriminator 1
 6192 00b2 BB68     		ldr	r3, [r7, #8]
 6193 00b4 1B6A     		ldr	r3, [r3, #32]
 6194              		.loc 1 1904 46 discriminator 1
 6195 00b6 BA68     		ldr	r2, [r7, #8]
 6196 00b8 928A     		ldrh	r2, [r2, #20]
 6197              		.loc 1 1904 25 discriminator 1
 6198 00ba 9342     		cmp	r3, r2
 6199 00bc 07D9     		bls	.L264
1905:Drivers/STM32F4xx_HAL_Driver/Src/stm32f4xx_ll_usb.c ****         {
1906:Drivers/STM32F4xx_HAL_Driver/Src/stm32f4xx_ll_usb.c ****           hc->XferSize = (uint32_t)num_packets * hc->max_packet;
 6200              		.loc 1 1906 26
 6201 00be FB8C     		ldrh	r3, [r7, #38]
 6202              		.loc 1 1906 52
 6203 00c0 BA68     		ldr	r2, [r7, #8]
 6204 00c2 928A     		ldrh	r2, [r2, #20]
 6205              		.loc 1 1906 48
 6206 00c4 03FB02F2 		mul	r2, r3, r2
 6207              		.loc 1 1906 24
 6208 00c8 BB68     		ldr	r3, [r7, #8]
 6209 00ca DA61     		str	r2, [r3, #28]
 6210 00cc 33E0     		b	.L265
 6211              	.L264:
1907:Drivers/STM32F4xx_HAL_Driver/Src/stm32f4xx_ll_usb.c ****         }
1908:Drivers/STM32F4xx_HAL_Driver/Src/stm32f4xx_ll_usb.c ****         else
1909:Drivers/STM32F4xx_HAL_Driver/Src/stm32f4xx_ll_usb.c ****         {
1910:Drivers/STM32F4xx_HAL_Driver/Src/stm32f4xx_ll_usb.c ****           hc->XferSize = hc->xfer_len;
 6212              		.loc 1 1910 28
 6213 00ce BB68     		ldr	r3, [r7, #8]
 6214 00d0 1A6A     		ldr	r2, [r3, #32]
 6215              		.loc 1 1910 24
 6216 00d2 BB68     		ldr	r3, [r7, #8]
 6217 00d4 DA61     		str	r2, [r3, #28]
 6218 00d6 2EE0     		b	.L265
 6219              	.L254:
1911:Drivers/STM32F4xx_HAL_Driver/Src/stm32f4xx_ll_usb.c ****         }
1912:Drivers/STM32F4xx_HAL_Driver/Src/stm32f4xx_ll_usb.c ****       }
1913:Drivers/STM32F4xx_HAL_Driver/Src/stm32f4xx_ll_usb.c ****     }
1914:Drivers/STM32F4xx_HAL_Driver/Src/stm32f4xx_ll_usb.c ****   }
1915:Drivers/STM32F4xx_HAL_Driver/Src/stm32f4xx_ll_usb.c ****   else
1916:Drivers/STM32F4xx_HAL_Driver/Src/stm32f4xx_ll_usb.c ****   {
1917:Drivers/STM32F4xx_HAL_Driver/Src/stm32f4xx_ll_usb.c ****     /* Compute the expected number of packets associated to the transfer */
1918:Drivers/STM32F4xx_HAL_Driver/Src/stm32f4xx_ll_usb.c ****     if (hc->xfer_len > 0U)
 6220              		.loc 1 1918 11
ARM GAS  /tmp/ccLxLv8v.s 			page 143


 6221 00d8 BB68     		ldr	r3, [r7, #8]
 6222 00da 1B6A     		ldr	r3, [r3, #32]
 6223              		.loc 1 1918 8
 6224 00dc 002B     		cmp	r3, #0
 6225 00de 18D0     		beq	.L266
1919:Drivers/STM32F4xx_HAL_Driver/Src/stm32f4xx_ll_usb.c ****     {
1920:Drivers/STM32F4xx_HAL_Driver/Src/stm32f4xx_ll_usb.c ****       num_packets = (uint16_t)((hc->xfer_len + hc->max_packet - 1U) / hc->max_packet);
 6226              		.loc 1 1920 35
 6227 00e0 BB68     		ldr	r3, [r7, #8]
 6228 00e2 1B6A     		ldr	r3, [r3, #32]
 6229              		.loc 1 1920 50
 6230 00e4 BA68     		ldr	r2, [r7, #8]
 6231 00e6 928A     		ldrh	r2, [r2, #20]
 6232              		.loc 1 1920 46
 6233 00e8 1344     		add	r3, r3, r2
 6234              		.loc 1 1920 63
 6235 00ea 013B     		subs	r3, r3, #1
 6236              		.loc 1 1920 73
 6237 00ec BA68     		ldr	r2, [r7, #8]
 6238 00ee 928A     		ldrh	r2, [r2, #20]
 6239              		.loc 1 1920 69
 6240 00f0 B3FBF2F3 		udiv	r3, r3, r2
 6241              		.loc 1 1920 19
 6242 00f4 FB84     		strh	r3, [r7, #38]	@ movhi
1921:Drivers/STM32F4xx_HAL_Driver/Src/stm32f4xx_ll_usb.c **** 
1922:Drivers/STM32F4xx_HAL_Driver/Src/stm32f4xx_ll_usb.c ****       if (num_packets > max_hc_pkt_count)
 6243              		.loc 1 1922 10
 6244 00f6 FA8C     		ldrh	r2, [r7, #38]
 6245 00f8 7B8B     		ldrh	r3, [r7, #26]
 6246 00fa 9A42     		cmp	r2, r3
 6247 00fc 0BD9     		bls	.L267
1923:Drivers/STM32F4xx_HAL_Driver/Src/stm32f4xx_ll_usb.c ****       {
1924:Drivers/STM32F4xx_HAL_Driver/Src/stm32f4xx_ll_usb.c ****         num_packets = max_hc_pkt_count;
 6248              		.loc 1 1924 21
 6249 00fe 7B8B     		ldrh	r3, [r7, #26]	@ movhi
 6250 0100 FB84     		strh	r3, [r7, #38]	@ movhi
1925:Drivers/STM32F4xx_HAL_Driver/Src/stm32f4xx_ll_usb.c ****         hc->XferSize = (uint32_t)num_packets * hc->max_packet;
 6251              		.loc 1 1925 24
 6252 0102 FB8C     		ldrh	r3, [r7, #38]
 6253              		.loc 1 1925 50
 6254 0104 BA68     		ldr	r2, [r7, #8]
 6255 0106 928A     		ldrh	r2, [r2, #20]
 6256              		.loc 1 1925 46
 6257 0108 03FB02F2 		mul	r2, r3, r2
 6258              		.loc 1 1925 22
 6259 010c BB68     		ldr	r3, [r7, #8]
 6260 010e DA61     		str	r2, [r3, #28]
 6261 0110 01E0     		b	.L267
 6262              	.L266:
1926:Drivers/STM32F4xx_HAL_Driver/Src/stm32f4xx_ll_usb.c ****       }
1927:Drivers/STM32F4xx_HAL_Driver/Src/stm32f4xx_ll_usb.c ****     }
1928:Drivers/STM32F4xx_HAL_Driver/Src/stm32f4xx_ll_usb.c ****     else
1929:Drivers/STM32F4xx_HAL_Driver/Src/stm32f4xx_ll_usb.c ****     {
1930:Drivers/STM32F4xx_HAL_Driver/Src/stm32f4xx_ll_usb.c ****       num_packets = 1U;
 6263              		.loc 1 1930 19
 6264 0112 0123     		movs	r3, #1
 6265 0114 FB84     		strh	r3, [r7, #38]	@ movhi
ARM GAS  /tmp/ccLxLv8v.s 			page 144


 6266              	.L267:
1931:Drivers/STM32F4xx_HAL_Driver/Src/stm32f4xx_ll_usb.c ****     }
1932:Drivers/STM32F4xx_HAL_Driver/Src/stm32f4xx_ll_usb.c **** 
1933:Drivers/STM32F4xx_HAL_Driver/Src/stm32f4xx_ll_usb.c ****     /*
1934:Drivers/STM32F4xx_HAL_Driver/Src/stm32f4xx_ll_usb.c ****     * For IN channel HCTSIZ.XferSize is expected to be an integer multiple of
1935:Drivers/STM32F4xx_HAL_Driver/Src/stm32f4xx_ll_usb.c ****     * max_packet size.
1936:Drivers/STM32F4xx_HAL_Driver/Src/stm32f4xx_ll_usb.c ****     */
1937:Drivers/STM32F4xx_HAL_Driver/Src/stm32f4xx_ll_usb.c ****     if (hc->ep_is_in != 0U)
 6267              		.loc 1 1937 11
 6268 0116 BB68     		ldr	r3, [r7, #8]
 6269 0118 DB78     		ldrb	r3, [r3, #3]	@ zero_extendqisi2
 6270              		.loc 1 1937 8
 6271 011a 002B     		cmp	r3, #0
 6272 011c 07D0     		beq	.L268
1938:Drivers/STM32F4xx_HAL_Driver/Src/stm32f4xx_ll_usb.c ****     {
1939:Drivers/STM32F4xx_HAL_Driver/Src/stm32f4xx_ll_usb.c ****       hc->XferSize = (uint32_t)num_packets * hc->max_packet;
 6273              		.loc 1 1939 22
 6274 011e FB8C     		ldrh	r3, [r7, #38]
 6275              		.loc 1 1939 48
 6276 0120 BA68     		ldr	r2, [r7, #8]
 6277 0122 928A     		ldrh	r2, [r2, #20]
 6278              		.loc 1 1939 44
 6279 0124 03FB02F2 		mul	r2, r3, r2
 6280              		.loc 1 1939 20
 6281 0128 BB68     		ldr	r3, [r7, #8]
 6282 012a DA61     		str	r2, [r3, #28]
 6283 012c 03E0     		b	.L265
 6284              	.L268:
1940:Drivers/STM32F4xx_HAL_Driver/Src/stm32f4xx_ll_usb.c ****     }
1941:Drivers/STM32F4xx_HAL_Driver/Src/stm32f4xx_ll_usb.c ****     else
1942:Drivers/STM32F4xx_HAL_Driver/Src/stm32f4xx_ll_usb.c ****     {
1943:Drivers/STM32F4xx_HAL_Driver/Src/stm32f4xx_ll_usb.c ****       hc->XferSize = hc->xfer_len;
 6285              		.loc 1 1943 24
 6286 012e BB68     		ldr	r3, [r7, #8]
 6287 0130 1A6A     		ldr	r2, [r3, #32]
 6288              		.loc 1 1943 20
 6289 0132 BB68     		ldr	r3, [r7, #8]
 6290 0134 DA61     		str	r2, [r3, #28]
 6291              	.L265:
1944:Drivers/STM32F4xx_HAL_Driver/Src/stm32f4xx_ll_usb.c ****     }
1945:Drivers/STM32F4xx_HAL_Driver/Src/stm32f4xx_ll_usb.c ****   }
1946:Drivers/STM32F4xx_HAL_Driver/Src/stm32f4xx_ll_usb.c **** 
1947:Drivers/STM32F4xx_HAL_Driver/Src/stm32f4xx_ll_usb.c ****   /* Initialize the HCTSIZn register */
1948:Drivers/STM32F4xx_HAL_Driver/Src/stm32f4xx_ll_usb.c ****   USBx_HC(ch_num)->HCTSIZ = (hc->XferSize & USB_OTG_HCTSIZ_XFRSIZ) |
 6292              		.loc 1 1948 32
 6293 0136 BB68     		ldr	r3, [r7, #8]
 6294 0138 DB69     		ldr	r3, [r3, #28]
 6295              		.loc 1 1948 43
 6296 013a C3F31202 		ubfx	r2, r3, #0, #19
1949:Drivers/STM32F4xx_HAL_Driver/Src/stm32f4xx_ll_usb.c ****                             (((uint32_t)num_packets << 19) & USB_OTG_HCTSIZ_PKTCNT) |
 6297              		.loc 1 1949 31
 6298 013e FB8C     		ldrh	r3, [r7, #38]
 6299              		.loc 1 1949 53
 6300 0140 D904     		lsls	r1, r3, #19
 6301              		.loc 1 1949 60
 6302 0142 A34B     		ldr	r3, .L296
 6303 0144 0B40     		ands	r3, r3, r1
ARM GAS  /tmp/ccLxLv8v.s 			page 145


1948:Drivers/STM32F4xx_HAL_Driver/Src/stm32f4xx_ll_usb.c ****                             (((uint32_t)num_packets << 19) & USB_OTG_HCTSIZ_PKTCNT) |
 6304              		.loc 1 1948 68
 6305 0146 1A43     		orrs	r2, r2, r3
1950:Drivers/STM32F4xx_HAL_Driver/Src/stm32f4xx_ll_usb.c ****                             (((uint32_t)hc->data_pid << 29) & USB_OTG_HCTSIZ_DPID);
 6306              		.loc 1 1950 43
 6307 0148 BB68     		ldr	r3, [r7, #8]
 6308 014a 9B7D     		ldrb	r3, [r3, #22]	@ zero_extendqisi2
 6309              		.loc 1 1950 54
 6310 014c 5B07     		lsls	r3, r3, #29
 6311              		.loc 1 1950 61
 6312 014e 03F0C043 		and	r3, r3, #1610612736
1948:Drivers/STM32F4xx_HAL_Driver/Src/stm32f4xx_ll_usb.c ****                             (((uint32_t)num_packets << 19) & USB_OTG_HCTSIZ_PKTCNT) |
 6313              		.loc 1 1948 3
 6314 0152 F969     		ldr	r1, [r7, #28]
 6315 0154 4801     		lsls	r0, r1, #5
 6316 0156 396A     		ldr	r1, [r7, #32]
 6317 0158 0144     		add	r1, r1, r0
 6318 015a 01F5A061 		add	r1, r1, #1280
1949:Drivers/STM32F4xx_HAL_Driver/Src/stm32f4xx_ll_usb.c ****                             (((uint32_t)num_packets << 19) & USB_OTG_HCTSIZ_PKTCNT) |
 6319              		.loc 1 1949 85
 6320 015e 1343     		orrs	r3, r3, r2
1948:Drivers/STM32F4xx_HAL_Driver/Src/stm32f4xx_ll_usb.c ****                             (((uint32_t)num_packets << 19) & USB_OTG_HCTSIZ_PKTCNT) |
 6321              		.loc 1 1948 27
 6322 0160 0B61     		str	r3, [r1, #16]
1951:Drivers/STM32F4xx_HAL_Driver/Src/stm32f4xx_ll_usb.c **** 
1952:Drivers/STM32F4xx_HAL_Driver/Src/stm32f4xx_ll_usb.c ****   if (dma != 0U)
 6323              		.loc 1 1952 6
 6324 0162 FB79     		ldrb	r3, [r7, #7]	@ zero_extendqisi2
 6325 0164 002B     		cmp	r3, #0
 6326 0166 09D0     		beq	.L269
1953:Drivers/STM32F4xx_HAL_Driver/Src/stm32f4xx_ll_usb.c ****   {
1954:Drivers/STM32F4xx_HAL_Driver/Src/stm32f4xx_ll_usb.c ****     /* xfer_buff MUST be 32-bits aligned */
1955:Drivers/STM32F4xx_HAL_Driver/Src/stm32f4xx_ll_usb.c ****     USBx_HC(ch_num)->HCDMA = (uint32_t)hc->xfer_buff;
 6327              		.loc 1 1955 42
 6328 0168 BB68     		ldr	r3, [r7, #8]
 6329 016a 9969     		ldr	r1, [r3, #24]
 6330              		.loc 1 1955 5
 6331 016c FB69     		ldr	r3, [r7, #28]
 6332 016e 5A01     		lsls	r2, r3, #5
 6333 0170 3B6A     		ldr	r3, [r7, #32]
 6334 0172 1344     		add	r3, r3, r2
 6335 0174 03F5A063 		add	r3, r3, #1280
 6336              		.loc 1 1955 30
 6337 0178 0A46     		mov	r2, r1
 6338              		.loc 1 1955 28
 6339 017a 5A61     		str	r2, [r3, #20]
 6340              	.L269:
1956:Drivers/STM32F4xx_HAL_Driver/Src/stm32f4xx_ll_usb.c ****   }
1957:Drivers/STM32F4xx_HAL_Driver/Src/stm32f4xx_ll_usb.c **** 
1958:Drivers/STM32F4xx_HAL_Driver/Src/stm32f4xx_ll_usb.c ****   is_oddframe = (((uint32_t)USBx_HOST->HFNUM & 0x01U) != 0U) ? 0U : 1U;
 6341              		.loc 1 1958 29
 6342 017c 3B6A     		ldr	r3, [r7, #32]
 6343 017e 03F58063 		add	r3, r3, #1024
 6344              		.loc 1 1958 38
 6345 0182 9B68     		ldr	r3, [r3, #8]
 6346              		.loc 1 1958 46
 6347 0184 03F00103 		and	r3, r3, #1
ARM GAS  /tmp/ccLxLv8v.s 			page 146


 6348              		.loc 1 1958 67
 6349 0188 C3F30003 		ubfx	r3, r3, #0, #1
 6350 018c 83F00103 		eor	r3, r3, #1
 6351 0190 DBB2     		uxtb	r3, r3
 6352              		.loc 1 1958 15
 6353 0192 7B76     		strb	r3, [r7, #25]
1959:Drivers/STM32F4xx_HAL_Driver/Src/stm32f4xx_ll_usb.c ****   USBx_HC(ch_num)->HCCHAR &= ~USB_OTG_HCCHAR_ODDFRM;
 6354              		.loc 1 1959 18
 6355 0194 FB69     		ldr	r3, [r7, #28]
 6356 0196 5A01     		lsls	r2, r3, #5
 6357 0198 3B6A     		ldr	r3, [r7, #32]
 6358 019a 1344     		add	r3, r3, r2
 6359 019c 03F5A063 		add	r3, r3, #1280
 6360 01a0 1B68     		ldr	r3, [r3]
 6361 01a2 FA69     		ldr	r2, [r7, #28]
 6362 01a4 5101     		lsls	r1, r2, #5
 6363 01a6 3A6A     		ldr	r2, [r7, #32]
 6364 01a8 0A44     		add	r2, r2, r1
 6365 01aa 02F5A062 		add	r2, r2, #1280
 6366              		.loc 1 1959 27
 6367 01ae 23F00053 		bic	r3, r3, #536870912
 6368 01b2 1360     		str	r3, [r2]
1960:Drivers/STM32F4xx_HAL_Driver/Src/stm32f4xx_ll_usb.c ****   USBx_HC(ch_num)->HCCHAR |= (uint32_t)is_oddframe << 29;
 6369              		.loc 1 1960 18
 6370 01b4 FB69     		ldr	r3, [r7, #28]
 6371 01b6 5A01     		lsls	r2, r3, #5
 6372 01b8 3B6A     		ldr	r3, [r7, #32]
 6373 01ba 1344     		add	r3, r3, r2
 6374 01bc 03F5A063 		add	r3, r3, #1280
 6375 01c0 1A68     		ldr	r2, [r3]
 6376              		.loc 1 1960 30
 6377 01c2 7B7E     		ldrb	r3, [r7, #25]	@ zero_extendqisi2
 6378              		.loc 1 1960 52
 6379 01c4 5B07     		lsls	r3, r3, #29
 6380              		.loc 1 1960 18
 6381 01c6 F969     		ldr	r1, [r7, #28]
 6382 01c8 4801     		lsls	r0, r1, #5
 6383 01ca 396A     		ldr	r1, [r7, #32]
 6384 01cc 0144     		add	r1, r1, r0
 6385 01ce 01F5A061 		add	r1, r1, #1280
 6386              		.loc 1 1960 27
 6387 01d2 1343     		orrs	r3, r3, r2
 6388 01d4 0B60     		str	r3, [r1]
1961:Drivers/STM32F4xx_HAL_Driver/Src/stm32f4xx_ll_usb.c **** 
1962:Drivers/STM32F4xx_HAL_Driver/Src/stm32f4xx_ll_usb.c ****   if (hc->do_ssplit == 1U)
 6389              		.loc 1 1962 9
 6390 01d6 BB68     		ldr	r3, [r7, #8]
 6391 01d8 9B79     		ldrb	r3, [r3, #6]	@ zero_extendqisi2
 6392              		.loc 1 1962 6
 6393 01da 012B     		cmp	r3, #1
 6394 01dc 40F0C280 		bne	.L270
1963:Drivers/STM32F4xx_HAL_Driver/Src/stm32f4xx_ll_usb.c ****   {
1964:Drivers/STM32F4xx_HAL_Driver/Src/stm32f4xx_ll_usb.c ****     /* Set Hub start Split transaction */
1965:Drivers/STM32F4xx_HAL_Driver/Src/stm32f4xx_ll_usb.c ****     USBx_HC((uint32_t)ch_num)->HCSPLT = ((uint32_t)hc->hub_addr << USB_OTG_HCSPLT_HUBADDR_Pos) |
 6395              		.loc 1 1965 54
 6396 01e0 BB68     		ldr	r3, [r7, #8]
 6397 01e2 5B7C     		ldrb	r3, [r3, #17]	@ zero_extendqisi2
ARM GAS  /tmp/ccLxLv8v.s 			page 147


 6398              		.loc 1 1965 65
 6399 01e4 DB01     		lsls	r3, r3, #7
1966:Drivers/STM32F4xx_HAL_Driver/Src/stm32f4xx_ll_usb.c ****                                         (uint32_t)hc->hub_port_nbr | USB_OTG_HCSPLT_SPLITEN;
 6400              		.loc 1 1966 53
 6401 01e6 BA68     		ldr	r2, [r7, #8]
 6402 01e8 127C     		ldrb	r2, [r2, #16]	@ zero_extendqisi2
1965:Drivers/STM32F4xx_HAL_Driver/Src/stm32f4xx_ll_usb.c ****                                         (uint32_t)hc->hub_port_nbr | USB_OTG_HCSPLT_SPLITEN;
 6403              		.loc 1 1965 96
 6404 01ea 1343     		orrs	r3, r3, r2
1965:Drivers/STM32F4xx_HAL_Driver/Src/stm32f4xx_ll_usb.c ****                                         (uint32_t)hc->hub_port_nbr | USB_OTG_HCSPLT_SPLITEN;
 6405              		.loc 1 1965 5
 6406 01ec FA69     		ldr	r2, [r7, #28]
 6407 01ee 5101     		lsls	r1, r2, #5
 6408 01f0 3A6A     		ldr	r2, [r7, #32]
 6409 01f2 0A44     		add	r2, r2, r1
 6410 01f4 02F5A062 		add	r2, r2, #1280
 6411              		.loc 1 1966 68
 6412 01f8 43F00043 		orr	r3, r3, #-2147483648
1965:Drivers/STM32F4xx_HAL_Driver/Src/stm32f4xx_ll_usb.c ****                                         (uint32_t)hc->hub_port_nbr | USB_OTG_HCSPLT_SPLITEN;
 6413              		.loc 1 1965 39
 6414 01fc 5360     		str	r3, [r2, #4]
1967:Drivers/STM32F4xx_HAL_Driver/Src/stm32f4xx_ll_usb.c **** 
1968:Drivers/STM32F4xx_HAL_Driver/Src/stm32f4xx_ll_usb.c ****     /* unmask ack & nyet for IN/OUT transactions */
1969:Drivers/STM32F4xx_HAL_Driver/Src/stm32f4xx_ll_usb.c ****     USBx_HC((uint32_t)ch_num)->HCINTMSK |= (USB_OTG_HCINTMSK_ACKM |
 6415              		.loc 1 1969 30
 6416 01fe FB69     		ldr	r3, [r7, #28]
 6417 0200 5A01     		lsls	r2, r3, #5
 6418 0202 3B6A     		ldr	r3, [r7, #32]
 6419 0204 1344     		add	r3, r3, r2
 6420 0206 03F5A063 		add	r3, r3, #1280
 6421 020a DB68     		ldr	r3, [r3, #12]
 6422 020c FA69     		ldr	r2, [r7, #28]
 6423 020e 5101     		lsls	r1, r2, #5
 6424 0210 3A6A     		ldr	r2, [r7, #32]
 6425 0212 0A44     		add	r2, r2, r1
 6426 0214 02F5A062 		add	r2, r2, #1280
 6427              		.loc 1 1969 41
 6428 0218 43F06003 		orr	r3, r3, #96
 6429 021c D360     		str	r3, [r2, #12]
1970:Drivers/STM32F4xx_HAL_Driver/Src/stm32f4xx_ll_usb.c ****                                             USB_OTG_HCINTMSK_NYET);
1971:Drivers/STM32F4xx_HAL_Driver/Src/stm32f4xx_ll_usb.c **** 
1972:Drivers/STM32F4xx_HAL_Driver/Src/stm32f4xx_ll_usb.c ****     if ((hc->do_csplit == 1U) && (hc->ep_is_in == 0U))
 6430              		.loc 1 1972 12
 6431 021e BB68     		ldr	r3, [r7, #8]
 6432 0220 DB79     		ldrb	r3, [r3, #7]	@ zero_extendqisi2
 6433              		.loc 1 1972 8
 6434 0222 012B     		cmp	r3, #1
 6435 0224 23D1     		bne	.L271
 6436              		.loc 1 1972 37 discriminator 1
 6437 0226 BB68     		ldr	r3, [r7, #8]
 6438 0228 DB78     		ldrb	r3, [r3, #3]	@ zero_extendqisi2
 6439              		.loc 1 1972 31 discriminator 1
 6440 022a 002B     		cmp	r3, #0
 6441 022c 1FD1     		bne	.L271
1973:Drivers/STM32F4xx_HAL_Driver/Src/stm32f4xx_ll_usb.c ****     {
1974:Drivers/STM32F4xx_HAL_Driver/Src/stm32f4xx_ll_usb.c ****       USBx_HC((uint32_t)ch_num)->HCSPLT |= USB_OTG_HCSPLT_COMPLSPLT;
 6442              		.loc 1 1974 32
ARM GAS  /tmp/ccLxLv8v.s 			page 148


 6443 022e FB69     		ldr	r3, [r7, #28]
 6444 0230 5A01     		lsls	r2, r3, #5
 6445 0232 3B6A     		ldr	r3, [r7, #32]
 6446 0234 1344     		add	r3, r3, r2
 6447 0236 03F5A063 		add	r3, r3, #1280
 6448 023a 5B68     		ldr	r3, [r3, #4]
 6449 023c FA69     		ldr	r2, [r7, #28]
 6450 023e 5101     		lsls	r1, r2, #5
 6451 0240 3A6A     		ldr	r2, [r7, #32]
 6452 0242 0A44     		add	r2, r2, r1
 6453 0244 02F5A062 		add	r2, r2, #1280
 6454              		.loc 1 1974 41
 6455 0248 43F48033 		orr	r3, r3, #65536
 6456 024c 5360     		str	r3, [r2, #4]
1975:Drivers/STM32F4xx_HAL_Driver/Src/stm32f4xx_ll_usb.c ****       USBx_HC((uint32_t)ch_num)->HCINTMSK |= USB_OTG_HCINTMSK_NYET;
 6457              		.loc 1 1975 32
 6458 024e FB69     		ldr	r3, [r7, #28]
 6459 0250 5A01     		lsls	r2, r3, #5
 6460 0252 3B6A     		ldr	r3, [r7, #32]
 6461 0254 1344     		add	r3, r3, r2
 6462 0256 03F5A063 		add	r3, r3, #1280
 6463 025a DB68     		ldr	r3, [r3, #12]
 6464 025c FA69     		ldr	r2, [r7, #28]
 6465 025e 5101     		lsls	r1, r2, #5
 6466 0260 3A6A     		ldr	r2, [r7, #32]
 6467 0262 0A44     		add	r2, r2, r1
 6468 0264 02F5A062 		add	r2, r2, #1280
 6469              		.loc 1 1975 43
 6470 0268 43F04003 		orr	r3, r3, #64
 6471 026c D360     		str	r3, [r2, #12]
 6472              	.L271:
1976:Drivers/STM32F4xx_HAL_Driver/Src/stm32f4xx_ll_usb.c ****     }
1977:Drivers/STM32F4xx_HAL_Driver/Src/stm32f4xx_ll_usb.c **** 
1978:Drivers/STM32F4xx_HAL_Driver/Src/stm32f4xx_ll_usb.c ****     if (((hc->ep_type == EP_TYPE_ISOC) || (hc->ep_type == EP_TYPE_INTR)) &&
 6473              		.loc 1 1978 13
 6474 026e BB68     		ldr	r3, [r7, #8]
 6475 0270 9B7C     		ldrb	r3, [r3, #18]	@ zero_extendqisi2
 6476              		.loc 1 1978 8
 6477 0272 012B     		cmp	r3, #1
 6478 0274 03D0     		beq	.L272
 6479              		.loc 1 1978 46 discriminator 2
 6480 0276 BB68     		ldr	r3, [r7, #8]
 6481 0278 9B7C     		ldrb	r3, [r3, #18]	@ zero_extendqisi2
 6482              		.loc 1 1978 40 discriminator 2
 6483 027a 032B     		cmp	r3, #3
 6484 027c 17D1     		bne	.L273
 6485              	.L272:
1979:Drivers/STM32F4xx_HAL_Driver/Src/stm32f4xx_ll_usb.c ****         (hc->do_csplit == 1U) && (hc->ep_is_in == 1U))
 6486              		.loc 1 1979 12
 6487 027e BB68     		ldr	r3, [r7, #8]
 6488 0280 DB79     		ldrb	r3, [r3, #7]	@ zero_extendqisi2
1978:Drivers/STM32F4xx_HAL_Driver/Src/stm32f4xx_ll_usb.c ****         (hc->do_csplit == 1U) && (hc->ep_is_in == 1U))
 6489              		.loc 1 1978 74 discriminator 3
 6490 0282 012B     		cmp	r3, #1
 6491 0284 13D1     		bne	.L273
 6492              		.loc 1 1979 37
 6493 0286 BB68     		ldr	r3, [r7, #8]
ARM GAS  /tmp/ccLxLv8v.s 			page 149


 6494 0288 DB78     		ldrb	r3, [r3, #3]	@ zero_extendqisi2
 6495              		.loc 1 1979 31
 6496 028a 012B     		cmp	r3, #1
 6497 028c 0FD1     		bne	.L273
1980:Drivers/STM32F4xx_HAL_Driver/Src/stm32f4xx_ll_usb.c ****     {
1981:Drivers/STM32F4xx_HAL_Driver/Src/stm32f4xx_ll_usb.c ****       USBx_HC((uint32_t)ch_num)->HCSPLT |= USB_OTG_HCSPLT_COMPLSPLT;
 6498              		.loc 1 1981 32
 6499 028e FB69     		ldr	r3, [r7, #28]
 6500 0290 5A01     		lsls	r2, r3, #5
 6501 0292 3B6A     		ldr	r3, [r7, #32]
 6502 0294 1344     		add	r3, r3, r2
 6503 0296 03F5A063 		add	r3, r3, #1280
 6504 029a 5B68     		ldr	r3, [r3, #4]
 6505 029c FA69     		ldr	r2, [r7, #28]
 6506 029e 5101     		lsls	r1, r2, #5
 6507 02a0 3A6A     		ldr	r2, [r7, #32]
 6508 02a2 0A44     		add	r2, r2, r1
 6509 02a4 02F5A062 		add	r2, r2, #1280
 6510              		.loc 1 1981 41
 6511 02a8 43F48033 		orr	r3, r3, #65536
 6512 02ac 5360     		str	r3, [r2, #4]
 6513              	.L273:
1982:Drivers/STM32F4xx_HAL_Driver/Src/stm32f4xx_ll_usb.c ****     }
1983:Drivers/STM32F4xx_HAL_Driver/Src/stm32f4xx_ll_usb.c **** 
1984:Drivers/STM32F4xx_HAL_Driver/Src/stm32f4xx_ll_usb.c ****     /* Position management for iso out transaction on split mode */
1985:Drivers/STM32F4xx_HAL_Driver/Src/stm32f4xx_ll_usb.c ****     if ((hc->ep_type == EP_TYPE_ISOC) && (hc->ep_is_in == 0U))
 6514              		.loc 1 1985 12
 6515 02ae BB68     		ldr	r3, [r7, #8]
 6516 02b0 9B7C     		ldrb	r3, [r3, #18]	@ zero_extendqisi2
 6517              		.loc 1 1985 8
 6518 02b2 012B     		cmp	r3, #1
 6519 02b4 61D1     		bne	.L280
 6520              		.loc 1 1985 45 discriminator 1
 6521 02b6 BB68     		ldr	r3, [r7, #8]
 6522 02b8 DB78     		ldrb	r3, [r3, #3]	@ zero_extendqisi2
 6523              		.loc 1 1985 39 discriminator 1
 6524 02ba 002B     		cmp	r3, #0
 6525 02bc 5DD1     		bne	.L280
1986:Drivers/STM32F4xx_HAL_Driver/Src/stm32f4xx_ll_usb.c ****     {
1987:Drivers/STM32F4xx_HAL_Driver/Src/stm32f4xx_ll_usb.c ****       /* Set data payload position */
1988:Drivers/STM32F4xx_HAL_Driver/Src/stm32f4xx_ll_usb.c ****       switch (hc->iso_splt_xactPos)
 6526              		.loc 1 1988 17
 6527 02be BB68     		ldr	r3, [r7, #8]
 6528 02c0 DB68     		ldr	r3, [r3, #12]
 6529              		.loc 1 1988 7
 6530 02c2 042B     		cmp	r3, #4
 6531 02c4 3DD0     		beq	.L275
 6532 02c6 042B     		cmp	r3, #4
 6533 02c8 56D8     		bhi	.L292
 6534 02ca 032B     		cmp	r3, #3
 6535 02cc 28D0     		beq	.L277
 6536 02ce 032B     		cmp	r3, #3
 6537 02d0 52D8     		bhi	.L292
 6538 02d2 012B     		cmp	r3, #1
 6539 02d4 02D0     		beq	.L278
 6540 02d6 022B     		cmp	r3, #2
 6541 02d8 11D0     		beq	.L279
ARM GAS  /tmp/ccLxLv8v.s 			page 150


1989:Drivers/STM32F4xx_HAL_Driver/Src/stm32f4xx_ll_usb.c ****       {
1990:Drivers/STM32F4xx_HAL_Driver/Src/stm32f4xx_ll_usb.c ****         case HCSPLT_BEGIN:
1991:Drivers/STM32F4xx_HAL_Driver/Src/stm32f4xx_ll_usb.c ****           /* First data payload for OUT Transaction */
1992:Drivers/STM32F4xx_HAL_Driver/Src/stm32f4xx_ll_usb.c ****           USBx_HC((uint32_t)ch_num)->HCSPLT |= USB_OTG_HCSPLT_XACTPOS_1;
1993:Drivers/STM32F4xx_HAL_Driver/Src/stm32f4xx_ll_usb.c ****           break;
1994:Drivers/STM32F4xx_HAL_Driver/Src/stm32f4xx_ll_usb.c **** 
1995:Drivers/STM32F4xx_HAL_Driver/Src/stm32f4xx_ll_usb.c ****         case HCSPLT_MIDDLE:
1996:Drivers/STM32F4xx_HAL_Driver/Src/stm32f4xx_ll_usb.c ****           /* Middle data payload for OUT Transaction */
1997:Drivers/STM32F4xx_HAL_Driver/Src/stm32f4xx_ll_usb.c ****           USBx_HC((uint32_t)ch_num)->HCSPLT |= USB_OTG_HCSPLT_XACTPOS_Pos;
1998:Drivers/STM32F4xx_HAL_Driver/Src/stm32f4xx_ll_usb.c ****           break;
1999:Drivers/STM32F4xx_HAL_Driver/Src/stm32f4xx_ll_usb.c **** 
2000:Drivers/STM32F4xx_HAL_Driver/Src/stm32f4xx_ll_usb.c ****         case HCSPLT_END:
2001:Drivers/STM32F4xx_HAL_Driver/Src/stm32f4xx_ll_usb.c ****           /* End data payload for OUT Transaction */
2002:Drivers/STM32F4xx_HAL_Driver/Src/stm32f4xx_ll_usb.c ****           USBx_HC((uint32_t)ch_num)->HCSPLT |= USB_OTG_HCSPLT_XACTPOS_0;
2003:Drivers/STM32F4xx_HAL_Driver/Src/stm32f4xx_ll_usb.c ****           break;
2004:Drivers/STM32F4xx_HAL_Driver/Src/stm32f4xx_ll_usb.c **** 
2005:Drivers/STM32F4xx_HAL_Driver/Src/stm32f4xx_ll_usb.c ****         case HCSPLT_FULL:
2006:Drivers/STM32F4xx_HAL_Driver/Src/stm32f4xx_ll_usb.c ****           /* Entire data payload for OUT Transaction */
2007:Drivers/STM32F4xx_HAL_Driver/Src/stm32f4xx_ll_usb.c ****           USBx_HC((uint32_t)ch_num)->HCSPLT |= USB_OTG_HCSPLT_XACTPOS;
2008:Drivers/STM32F4xx_HAL_Driver/Src/stm32f4xx_ll_usb.c ****           break;
2009:Drivers/STM32F4xx_HAL_Driver/Src/stm32f4xx_ll_usb.c **** 
2010:Drivers/STM32F4xx_HAL_Driver/Src/stm32f4xx_ll_usb.c ****         default:
2011:Drivers/STM32F4xx_HAL_Driver/Src/stm32f4xx_ll_usb.c ****           break;
 6542              		.loc 1 2011 11
 6543 02da 4DE0     		b	.L292
 6544              	.L278:
1992:Drivers/STM32F4xx_HAL_Driver/Src/stm32f4xx_ll_usb.c ****           break;
 6545              		.loc 1 1992 36
 6546 02dc FB69     		ldr	r3, [r7, #28]
 6547 02de 5A01     		lsls	r2, r3, #5
 6548 02e0 3B6A     		ldr	r3, [r7, #32]
 6549 02e2 1344     		add	r3, r3, r2
 6550 02e4 03F5A063 		add	r3, r3, #1280
 6551 02e8 5B68     		ldr	r3, [r3, #4]
 6552 02ea FA69     		ldr	r2, [r7, #28]
 6553 02ec 5101     		lsls	r1, r2, #5
 6554 02ee 3A6A     		ldr	r2, [r7, #32]
 6555 02f0 0A44     		add	r2, r2, r1
 6556 02f2 02F5A062 		add	r2, r2, #1280
1992:Drivers/STM32F4xx_HAL_Driver/Src/stm32f4xx_ll_usb.c ****           break;
 6557              		.loc 1 1992 45
 6558 02f6 43F40043 		orr	r3, r3, #32768
 6559 02fa 5360     		str	r3, [r2, #4]
1993:Drivers/STM32F4xx_HAL_Driver/Src/stm32f4xx_ll_usb.c **** 
 6560              		.loc 1 1993 11
 6561 02fc 3DE0     		b	.L280
 6562              	.L279:
1997:Drivers/STM32F4xx_HAL_Driver/Src/stm32f4xx_ll_usb.c ****           break;
 6563              		.loc 1 1997 36
 6564 02fe FB69     		ldr	r3, [r7, #28]
 6565 0300 5A01     		lsls	r2, r3, #5
 6566 0302 3B6A     		ldr	r3, [r7, #32]
 6567 0304 1344     		add	r3, r3, r2
 6568 0306 03F5A063 		add	r3, r3, #1280
 6569 030a 5B68     		ldr	r3, [r3, #4]
 6570 030c FA69     		ldr	r2, [r7, #28]
 6571 030e 5101     		lsls	r1, r2, #5
ARM GAS  /tmp/ccLxLv8v.s 			page 151


 6572 0310 3A6A     		ldr	r2, [r7, #32]
 6573 0312 0A44     		add	r2, r2, r1
 6574 0314 02F5A062 		add	r2, r2, #1280
1997:Drivers/STM32F4xx_HAL_Driver/Src/stm32f4xx_ll_usb.c ****           break;
 6575              		.loc 1 1997 45
 6576 0318 43F00E03 		orr	r3, r3, #14
 6577 031c 5360     		str	r3, [r2, #4]
1998:Drivers/STM32F4xx_HAL_Driver/Src/stm32f4xx_ll_usb.c **** 
 6578              		.loc 1 1998 11
 6579 031e 2CE0     		b	.L280
 6580              	.L277:
2002:Drivers/STM32F4xx_HAL_Driver/Src/stm32f4xx_ll_usb.c ****           break;
 6581              		.loc 1 2002 36
 6582 0320 FB69     		ldr	r3, [r7, #28]
 6583 0322 5A01     		lsls	r2, r3, #5
 6584 0324 3B6A     		ldr	r3, [r7, #32]
 6585 0326 1344     		add	r3, r3, r2
 6586 0328 03F5A063 		add	r3, r3, #1280
 6587 032c 5B68     		ldr	r3, [r3, #4]
 6588 032e FA69     		ldr	r2, [r7, #28]
 6589 0330 5101     		lsls	r1, r2, #5
 6590 0332 3A6A     		ldr	r2, [r7, #32]
 6591 0334 0A44     		add	r2, r2, r1
 6592 0336 02F5A062 		add	r2, r2, #1280
2002:Drivers/STM32F4xx_HAL_Driver/Src/stm32f4xx_ll_usb.c ****           break;
 6593              		.loc 1 2002 45
 6594 033a 43F48043 		orr	r3, r3, #16384
 6595 033e 5360     		str	r3, [r2, #4]
2003:Drivers/STM32F4xx_HAL_Driver/Src/stm32f4xx_ll_usb.c **** 
 6596              		.loc 1 2003 11
 6597 0340 1BE0     		b	.L280
 6598              	.L275:
2007:Drivers/STM32F4xx_HAL_Driver/Src/stm32f4xx_ll_usb.c ****           break;
 6599              		.loc 1 2007 36
 6600 0342 FB69     		ldr	r3, [r7, #28]
 6601 0344 5A01     		lsls	r2, r3, #5
 6602 0346 3B6A     		ldr	r3, [r7, #32]
 6603 0348 1344     		add	r3, r3, r2
 6604 034a 03F5A063 		add	r3, r3, #1280
 6605 034e 5B68     		ldr	r3, [r3, #4]
 6606 0350 FA69     		ldr	r2, [r7, #28]
 6607 0352 5101     		lsls	r1, r2, #5
 6608 0354 3A6A     		ldr	r2, [r7, #32]
 6609 0356 0A44     		add	r2, r2, r1
 6610 0358 02F5A062 		add	r2, r2, #1280
2007:Drivers/STM32F4xx_HAL_Driver/Src/stm32f4xx_ll_usb.c ****           break;
 6611              		.loc 1 2007 45
 6612 035c 43F44043 		orr	r3, r3, #49152
 6613 0360 5360     		str	r3, [r2, #4]
2008:Drivers/STM32F4xx_HAL_Driver/Src/stm32f4xx_ll_usb.c **** 
 6614              		.loc 1 2008 11
 6615 0362 0AE0     		b	.L280
 6616              	.L270:
2012:Drivers/STM32F4xx_HAL_Driver/Src/stm32f4xx_ll_usb.c ****       }
2013:Drivers/STM32F4xx_HAL_Driver/Src/stm32f4xx_ll_usb.c ****     }
2014:Drivers/STM32F4xx_HAL_Driver/Src/stm32f4xx_ll_usb.c ****   }
2015:Drivers/STM32F4xx_HAL_Driver/Src/stm32f4xx_ll_usb.c ****   else
ARM GAS  /tmp/ccLxLv8v.s 			page 152


2016:Drivers/STM32F4xx_HAL_Driver/Src/stm32f4xx_ll_usb.c ****   {
2017:Drivers/STM32F4xx_HAL_Driver/Src/stm32f4xx_ll_usb.c ****     /* Clear Hub Start Split transaction */
2018:Drivers/STM32F4xx_HAL_Driver/Src/stm32f4xx_ll_usb.c ****     USBx_HC((uint32_t)ch_num)->HCSPLT = 0U;
 6617              		.loc 1 2018 5
 6618 0364 FB69     		ldr	r3, [r7, #28]
 6619 0366 5A01     		lsls	r2, r3, #5
 6620 0368 3B6A     		ldr	r3, [r7, #32]
 6621 036a 1344     		add	r3, r3, r2
 6622 036c 03F5A063 		add	r3, r3, #1280
 6623 0370 1A46     		mov	r2, r3
 6624              		.loc 1 2018 39
 6625 0372 0023     		movs	r3, #0
 6626 0374 5360     		str	r3, [r2, #4]
 6627 0376 00E0     		b	.L280
 6628              	.L292:
2011:Drivers/STM32F4xx_HAL_Driver/Src/stm32f4xx_ll_usb.c ****       }
 6629              		.loc 1 2011 11
 6630 0378 00BF     		nop
 6631              	.L280:
2019:Drivers/STM32F4xx_HAL_Driver/Src/stm32f4xx_ll_usb.c ****   }
2020:Drivers/STM32F4xx_HAL_Driver/Src/stm32f4xx_ll_usb.c **** 
2021:Drivers/STM32F4xx_HAL_Driver/Src/stm32f4xx_ll_usb.c ****   /* Set host channel enable */
2022:Drivers/STM32F4xx_HAL_Driver/Src/stm32f4xx_ll_usb.c ****   tmpreg = USBx_HC(ch_num)->HCCHAR;
 6632              		.loc 1 2022 12
 6633 037a FB69     		ldr	r3, [r7, #28]
 6634 037c 5A01     		lsls	r2, r3, #5
 6635 037e 3B6A     		ldr	r3, [r7, #32]
 6636 0380 1344     		add	r3, r3, r2
 6637 0382 03F5A063 		add	r3, r3, #1280
 6638              		.loc 1 2022 27
 6639 0386 1B68     		ldr	r3, [r3]
 6640              		.loc 1 2022 10
 6641 0388 3B61     		str	r3, [r7, #16]
2023:Drivers/STM32F4xx_HAL_Driver/Src/stm32f4xx_ll_usb.c ****   tmpreg &= ~USB_OTG_HCCHAR_CHDIS;
 6642              		.loc 1 2023 10
 6643 038a 3B69     		ldr	r3, [r7, #16]
 6644 038c 23F08043 		bic	r3, r3, #1073741824
 6645 0390 3B61     		str	r3, [r7, #16]
2024:Drivers/STM32F4xx_HAL_Driver/Src/stm32f4xx_ll_usb.c **** 
2025:Drivers/STM32F4xx_HAL_Driver/Src/stm32f4xx_ll_usb.c ****   /* make sure to set the correct ep direction */
2026:Drivers/STM32F4xx_HAL_Driver/Src/stm32f4xx_ll_usb.c ****   if (hc->ep_is_in != 0U)
 6646              		.loc 1 2026 9
 6647 0392 BB68     		ldr	r3, [r7, #8]
 6648 0394 DB78     		ldrb	r3, [r3, #3]	@ zero_extendqisi2
 6649              		.loc 1 2026 6
 6650 0396 002B     		cmp	r3, #0
 6651 0398 04D0     		beq	.L281
2027:Drivers/STM32F4xx_HAL_Driver/Src/stm32f4xx_ll_usb.c ****   {
2028:Drivers/STM32F4xx_HAL_Driver/Src/stm32f4xx_ll_usb.c ****     tmpreg |= USB_OTG_HCCHAR_EPDIR;
 6652              		.loc 1 2028 12
 6653 039a 3B69     		ldr	r3, [r7, #16]
 6654 039c 43F40043 		orr	r3, r3, #32768
 6655 03a0 3B61     		str	r3, [r7, #16]
 6656 03a2 03E0     		b	.L282
 6657              	.L281:
2029:Drivers/STM32F4xx_HAL_Driver/Src/stm32f4xx_ll_usb.c ****   }
2030:Drivers/STM32F4xx_HAL_Driver/Src/stm32f4xx_ll_usb.c ****   else
ARM GAS  /tmp/ccLxLv8v.s 			page 153


2031:Drivers/STM32F4xx_HAL_Driver/Src/stm32f4xx_ll_usb.c ****   {
2032:Drivers/STM32F4xx_HAL_Driver/Src/stm32f4xx_ll_usb.c ****     tmpreg &= ~USB_OTG_HCCHAR_EPDIR;
 6658              		.loc 1 2032 12
 6659 03a4 3B69     		ldr	r3, [r7, #16]
 6660 03a6 23F40043 		bic	r3, r3, #32768
 6661 03aa 3B61     		str	r3, [r7, #16]
 6662              	.L282:
2033:Drivers/STM32F4xx_HAL_Driver/Src/stm32f4xx_ll_usb.c ****   }
2034:Drivers/STM32F4xx_HAL_Driver/Src/stm32f4xx_ll_usb.c ****   tmpreg |= USB_OTG_HCCHAR_CHENA;
 6663              		.loc 1 2034 10
 6664 03ac 3B69     		ldr	r3, [r7, #16]
 6665 03ae 43F00043 		orr	r3, r3, #-2147483648
 6666 03b2 3B61     		str	r3, [r7, #16]
2035:Drivers/STM32F4xx_HAL_Driver/Src/stm32f4xx_ll_usb.c ****   USBx_HC(ch_num)->HCCHAR = tmpreg;
 6667              		.loc 1 2035 3
 6668 03b4 FB69     		ldr	r3, [r7, #28]
 6669 03b6 5A01     		lsls	r2, r3, #5
 6670 03b8 3B6A     		ldr	r3, [r7, #32]
 6671 03ba 1344     		add	r3, r3, r2
 6672 03bc 03F5A063 		add	r3, r3, #1280
 6673 03c0 1A46     		mov	r2, r3
 6674              		.loc 1 2035 27
 6675 03c2 3B69     		ldr	r3, [r7, #16]
 6676 03c4 1360     		str	r3, [r2]
2036:Drivers/STM32F4xx_HAL_Driver/Src/stm32f4xx_ll_usb.c **** 
2037:Drivers/STM32F4xx_HAL_Driver/Src/stm32f4xx_ll_usb.c ****   if (dma != 0U) /* dma mode */
 6677              		.loc 1 2037 6
 6678 03c6 FB79     		ldrb	r3, [r7, #7]	@ zero_extendqisi2
 6679 03c8 002B     		cmp	r3, #0
 6680 03ca 03D0     		beq	.L283
2038:Drivers/STM32F4xx_HAL_Driver/Src/stm32f4xx_ll_usb.c ****   {
2039:Drivers/STM32F4xx_HAL_Driver/Src/stm32f4xx_ll_usb.c ****     return HAL_OK;
 6681              		.loc 1 2039 12
 6682 03cc 0023     		movs	r3, #0
 6683 03ce 54E0     		b	.L284
 6684              	.L297:
 6685              		.align	2
 6686              	.L296:
 6687 03d0 0000F81F 		.word	536346624
 6688              	.L283:
2040:Drivers/STM32F4xx_HAL_Driver/Src/stm32f4xx_ll_usb.c ****   }
2041:Drivers/STM32F4xx_HAL_Driver/Src/stm32f4xx_ll_usb.c **** 
2042:Drivers/STM32F4xx_HAL_Driver/Src/stm32f4xx_ll_usb.c ****   if ((hc->ep_is_in == 0U) && (hc->xfer_len > 0U) && (hc->do_csplit == 0U))
 6689              		.loc 1 2042 10
 6690 03d4 BB68     		ldr	r3, [r7, #8]
 6691 03d6 DB78     		ldrb	r3, [r3, #3]	@ zero_extendqisi2
 6692              		.loc 1 2042 6
 6693 03d8 002B     		cmp	r3, #0
 6694 03da 4DD1     		bne	.L285
 6695              		.loc 1 2042 34 discriminator 1
 6696 03dc BB68     		ldr	r3, [r7, #8]
 6697 03de 1B6A     		ldr	r3, [r3, #32]
 6698              		.loc 1 2042 28 discriminator 1
 6699 03e0 002B     		cmp	r3, #0
 6700 03e2 49D0     		beq	.L285
 6701              		.loc 1 2042 57 discriminator 2
 6702 03e4 BB68     		ldr	r3, [r7, #8]
ARM GAS  /tmp/ccLxLv8v.s 			page 154


 6703 03e6 DB79     		ldrb	r3, [r3, #7]	@ zero_extendqisi2
 6704              		.loc 1 2042 51 discriminator 2
 6705 03e8 002B     		cmp	r3, #0
 6706 03ea 45D1     		bne	.L285
2043:Drivers/STM32F4xx_HAL_Driver/Src/stm32f4xx_ll_usb.c ****   {
2044:Drivers/STM32F4xx_HAL_Driver/Src/stm32f4xx_ll_usb.c ****     switch (hc->ep_type)
 6707              		.loc 1 2044 15
 6708 03ec BB68     		ldr	r3, [r7, #8]
 6709 03ee 9B7C     		ldrb	r3, [r3, #18]	@ zero_extendqisi2
 6710              		.loc 1 2044 5
 6711 03f0 032B     		cmp	r3, #3
 6712 03f2 1CD0     		beq	.L286
 6713 03f4 032B     		cmp	r3, #3
 6714 03f6 2EDC     		bgt	.L293
 6715 03f8 022B     		cmp	r3, #2
 6716 03fa 06D0     		beq	.L288
 6717 03fc 022B     		cmp	r3, #2
 6718 03fe 2ADC     		bgt	.L293
 6719 0400 002B     		cmp	r3, #0
 6720 0402 02D0     		beq	.L288
 6721 0404 012B     		cmp	r3, #1
 6722 0406 12D0     		beq	.L286
2045:Drivers/STM32F4xx_HAL_Driver/Src/stm32f4xx_ll_usb.c ****     {
2046:Drivers/STM32F4xx_HAL_Driver/Src/stm32f4xx_ll_usb.c ****       /* Non periodic transfer */
2047:Drivers/STM32F4xx_HAL_Driver/Src/stm32f4xx_ll_usb.c ****       case EP_TYPE_CTRL:
2048:Drivers/STM32F4xx_HAL_Driver/Src/stm32f4xx_ll_usb.c ****       case EP_TYPE_BULK:
2049:Drivers/STM32F4xx_HAL_Driver/Src/stm32f4xx_ll_usb.c **** 
2050:Drivers/STM32F4xx_HAL_Driver/Src/stm32f4xx_ll_usb.c ****         len_words = (uint16_t)((hc->xfer_len + 3U) / 4U);
2051:Drivers/STM32F4xx_HAL_Driver/Src/stm32f4xx_ll_usb.c **** 
2052:Drivers/STM32F4xx_HAL_Driver/Src/stm32f4xx_ll_usb.c ****         /* check if there is enough space in FIFO space */
2053:Drivers/STM32F4xx_HAL_Driver/Src/stm32f4xx_ll_usb.c ****         if (len_words > (USBx->HNPTXSTS & 0xFFFFU))
2054:Drivers/STM32F4xx_HAL_Driver/Src/stm32f4xx_ll_usb.c ****         {
2055:Drivers/STM32F4xx_HAL_Driver/Src/stm32f4xx_ll_usb.c ****           /* need to process data in nptxfempty interrupt */
2056:Drivers/STM32F4xx_HAL_Driver/Src/stm32f4xx_ll_usb.c ****           USBx->GINTMSK |= USB_OTG_GINTMSK_NPTXFEM;
2057:Drivers/STM32F4xx_HAL_Driver/Src/stm32f4xx_ll_usb.c ****         }
2058:Drivers/STM32F4xx_HAL_Driver/Src/stm32f4xx_ll_usb.c ****         break;
2059:Drivers/STM32F4xx_HAL_Driver/Src/stm32f4xx_ll_usb.c **** 
2060:Drivers/STM32F4xx_HAL_Driver/Src/stm32f4xx_ll_usb.c ****       /* Periodic transfer */
2061:Drivers/STM32F4xx_HAL_Driver/Src/stm32f4xx_ll_usb.c ****       case EP_TYPE_INTR:
2062:Drivers/STM32F4xx_HAL_Driver/Src/stm32f4xx_ll_usb.c ****       case EP_TYPE_ISOC:
2063:Drivers/STM32F4xx_HAL_Driver/Src/stm32f4xx_ll_usb.c ****         len_words = (uint16_t)((hc->xfer_len + 3U) / 4U);
2064:Drivers/STM32F4xx_HAL_Driver/Src/stm32f4xx_ll_usb.c ****         /* check if there is enough space in FIFO space */
2065:Drivers/STM32F4xx_HAL_Driver/Src/stm32f4xx_ll_usb.c ****         if (len_words > (USBx_HOST->HPTXSTS & 0xFFFFU)) /* split the transfer */
2066:Drivers/STM32F4xx_HAL_Driver/Src/stm32f4xx_ll_usb.c ****         {
2067:Drivers/STM32F4xx_HAL_Driver/Src/stm32f4xx_ll_usb.c ****           /* need to process data in ptxfempty interrupt */
2068:Drivers/STM32F4xx_HAL_Driver/Src/stm32f4xx_ll_usb.c ****           USBx->GINTMSK |= USB_OTG_GINTMSK_PTXFEM;
2069:Drivers/STM32F4xx_HAL_Driver/Src/stm32f4xx_ll_usb.c ****         }
2070:Drivers/STM32F4xx_HAL_Driver/Src/stm32f4xx_ll_usb.c ****         break;
2071:Drivers/STM32F4xx_HAL_Driver/Src/stm32f4xx_ll_usb.c **** 
2072:Drivers/STM32F4xx_HAL_Driver/Src/stm32f4xx_ll_usb.c ****       default:
2073:Drivers/STM32F4xx_HAL_Driver/Src/stm32f4xx_ll_usb.c ****         break;
 6723              		.loc 1 2073 9
 6724 0408 25E0     		b	.L293
 6725              	.L288:
2050:Drivers/STM32F4xx_HAL_Driver/Src/stm32f4xx_ll_usb.c **** 
 6726              		.loc 1 2050 35
 6727 040a BB68     		ldr	r3, [r7, #8]
ARM GAS  /tmp/ccLxLv8v.s 			page 155


 6728 040c 1B6A     		ldr	r3, [r3, #32]
2050:Drivers/STM32F4xx_HAL_Driver/Src/stm32f4xx_ll_usb.c **** 
 6729              		.loc 1 2050 46
 6730 040e 0333     		adds	r3, r3, #3
2050:Drivers/STM32F4xx_HAL_Driver/Src/stm32f4xx_ll_usb.c **** 
 6731              		.loc 1 2050 52
 6732 0410 9B08     		lsrs	r3, r3, #2
2050:Drivers/STM32F4xx_HAL_Driver/Src/stm32f4xx_ll_usb.c **** 
 6733              		.loc 1 2050 19
 6734 0412 FB82     		strh	r3, [r7, #22]	@ movhi
2053:Drivers/STM32F4xx_HAL_Driver/Src/stm32f4xx_ll_usb.c ****         {
 6735              		.loc 1 2053 23
 6736 0414 FA8A     		ldrh	r2, [r7, #22]
2053:Drivers/STM32F4xx_HAL_Driver/Src/stm32f4xx_ll_usb.c ****         {
 6737              		.loc 1 2053 30
 6738 0416 FB68     		ldr	r3, [r7, #12]
 6739 0418 DB6A     		ldr	r3, [r3, #44]
2053:Drivers/STM32F4xx_HAL_Driver/Src/stm32f4xx_ll_usb.c ****         {
 6740              		.loc 1 2053 41
 6741 041a 9BB2     		uxth	r3, r3
2053:Drivers/STM32F4xx_HAL_Driver/Src/stm32f4xx_ll_usb.c ****         {
 6742              		.loc 1 2053 12
 6743 041c 9A42     		cmp	r2, r3
 6744 041e 1CD9     		bls	.L294
2056:Drivers/STM32F4xx_HAL_Driver/Src/stm32f4xx_ll_usb.c ****         }
 6745              		.loc 1 2056 15
 6746 0420 FB68     		ldr	r3, [r7, #12]
 6747 0422 9B69     		ldr	r3, [r3, #24]
2056:Drivers/STM32F4xx_HAL_Driver/Src/stm32f4xx_ll_usb.c ****         }
 6748              		.loc 1 2056 25
 6749 0424 43F02002 		orr	r2, r3, #32
 6750 0428 FB68     		ldr	r3, [r7, #12]
 6751 042a 9A61     		str	r2, [r3, #24]
2058:Drivers/STM32F4xx_HAL_Driver/Src/stm32f4xx_ll_usb.c **** 
 6752              		.loc 1 2058 9
 6753 042c 15E0     		b	.L294
 6754              	.L286:
2063:Drivers/STM32F4xx_HAL_Driver/Src/stm32f4xx_ll_usb.c ****         /* check if there is enough space in FIFO space */
 6755              		.loc 1 2063 35
 6756 042e BB68     		ldr	r3, [r7, #8]
 6757 0430 1B6A     		ldr	r3, [r3, #32]
2063:Drivers/STM32F4xx_HAL_Driver/Src/stm32f4xx_ll_usb.c ****         /* check if there is enough space in FIFO space */
 6758              		.loc 1 2063 46
 6759 0432 0333     		adds	r3, r3, #3
2063:Drivers/STM32F4xx_HAL_Driver/Src/stm32f4xx_ll_usb.c ****         /* check if there is enough space in FIFO space */
 6760              		.loc 1 2063 52
 6761 0434 9B08     		lsrs	r3, r3, #2
2063:Drivers/STM32F4xx_HAL_Driver/Src/stm32f4xx_ll_usb.c ****         /* check if there is enough space in FIFO space */
 6762              		.loc 1 2063 19
 6763 0436 FB82     		strh	r3, [r7, #22]	@ movhi
2065:Drivers/STM32F4xx_HAL_Driver/Src/stm32f4xx_ll_usb.c ****         {
 6764              		.loc 1 2065 23
 6765 0438 FA8A     		ldrh	r2, [r7, #22]
2065:Drivers/STM32F4xx_HAL_Driver/Src/stm32f4xx_ll_usb.c ****         {
 6766              		.loc 1 2065 26
 6767 043a 3B6A     		ldr	r3, [r7, #32]
 6768 043c 03F58063 		add	r3, r3, #1024
ARM GAS  /tmp/ccLxLv8v.s 			page 156


2065:Drivers/STM32F4xx_HAL_Driver/Src/stm32f4xx_ll_usb.c ****         {
 6769              		.loc 1 2065 35
 6770 0440 1B69     		ldr	r3, [r3, #16]
2065:Drivers/STM32F4xx_HAL_Driver/Src/stm32f4xx_ll_usb.c ****         {
 6771              		.loc 1 2065 45
 6772 0442 9BB2     		uxth	r3, r3
2065:Drivers/STM32F4xx_HAL_Driver/Src/stm32f4xx_ll_usb.c ****         {
 6773              		.loc 1 2065 12
 6774 0444 9A42     		cmp	r2, r3
 6775 0446 0AD9     		bls	.L295
2068:Drivers/STM32F4xx_HAL_Driver/Src/stm32f4xx_ll_usb.c ****         }
 6776              		.loc 1 2068 15
 6777 0448 FB68     		ldr	r3, [r7, #12]
 6778 044a 9B69     		ldr	r3, [r3, #24]
2068:Drivers/STM32F4xx_HAL_Driver/Src/stm32f4xx_ll_usb.c ****         }
 6779              		.loc 1 2068 25
 6780 044c 43F08062 		orr	r2, r3, #67108864
 6781 0450 FB68     		ldr	r3, [r7, #12]
 6782 0452 9A61     		str	r2, [r3, #24]
2070:Drivers/STM32F4xx_HAL_Driver/Src/stm32f4xx_ll_usb.c **** 
 6783              		.loc 1 2070 9
 6784 0454 03E0     		b	.L295
 6785              	.L293:
 6786              		.loc 1 2073 9
 6787 0456 00BF     		nop
 6788 0458 02E0     		b	.L290
 6789              	.L294:
2058:Drivers/STM32F4xx_HAL_Driver/Src/stm32f4xx_ll_usb.c **** 
 6790              		.loc 1 2058 9
 6791 045a 00BF     		nop
 6792 045c 00E0     		b	.L290
 6793              	.L295:
2070:Drivers/STM32F4xx_HAL_Driver/Src/stm32f4xx_ll_usb.c **** 
 6794              		.loc 1 2070 9
 6795 045e 00BF     		nop
 6796              	.L290:
2074:Drivers/STM32F4xx_HAL_Driver/Src/stm32f4xx_ll_usb.c ****     }
2075:Drivers/STM32F4xx_HAL_Driver/Src/stm32f4xx_ll_usb.c **** 
2076:Drivers/STM32F4xx_HAL_Driver/Src/stm32f4xx_ll_usb.c ****     /* Write packet into the Tx FIFO. */
2077:Drivers/STM32F4xx_HAL_Driver/Src/stm32f4xx_ll_usb.c ****     (void)USB_WritePacket(USBx, hc->xfer_buff, hc->ch_num, (uint16_t)hc->xfer_len, 0);
 6797              		.loc 1 2077 11
 6798 0460 BB68     		ldr	r3, [r7, #8]
 6799 0462 9969     		ldr	r1, [r3, #24]
 6800 0464 BB68     		ldr	r3, [r7, #8]
 6801 0466 5A78     		ldrb	r2, [r3, #1]	@ zero_extendqisi2
 6802              		.loc 1 2077 72
 6803 0468 BB68     		ldr	r3, [r7, #8]
 6804 046a 1B6A     		ldr	r3, [r3, #32]
 6805              		.loc 1 2077 11
 6806 046c 9BB2     		uxth	r3, r3
 6807 046e 0020     		movs	r0, #0
 6808 0470 0090     		str	r0, [sp]
 6809 0472 F868     		ldr	r0, [r7, #12]
 6810 0474 FFF7FEFF 		bl	USB_WritePacket
 6811              	.L285:
2078:Drivers/STM32F4xx_HAL_Driver/Src/stm32f4xx_ll_usb.c ****   }
2079:Drivers/STM32F4xx_HAL_Driver/Src/stm32f4xx_ll_usb.c **** 
ARM GAS  /tmp/ccLxLv8v.s 			page 157


2080:Drivers/STM32F4xx_HAL_Driver/Src/stm32f4xx_ll_usb.c ****   return HAL_OK;
 6812              		.loc 1 2080 10
 6813 0478 0023     		movs	r3, #0
 6814              	.L284:
2081:Drivers/STM32F4xx_HAL_Driver/Src/stm32f4xx_ll_usb.c **** }
 6815              		.loc 1 2081 1
 6816 047a 1846     		mov	r0, r3
 6817 047c 2837     		adds	r7, r7, #40
 6818              	.LCFI256:
 6819              		.cfi_def_cfa_offset 8
 6820 047e BD46     		mov	sp, r7
 6821              	.LCFI257:
 6822              		.cfi_def_cfa_register 13
 6823              		@ sp needed
 6824 0480 80BD     		pop	{r7, pc}
 6825              		.cfi_endproc
 6826              	.LFE262:
 6828 0482 00BF     		.section	.text.USB_HC_ReadInterrupt,"ax",%progbits
 6829              		.align	1
 6830              		.global	USB_HC_ReadInterrupt
 6831              		.syntax unified
 6832              		.thumb
 6833              		.thumb_func
 6835              	USB_HC_ReadInterrupt:
 6836              	.LFB263:
2082:Drivers/STM32F4xx_HAL_Driver/Src/stm32f4xx_ll_usb.c **** 
2083:Drivers/STM32F4xx_HAL_Driver/Src/stm32f4xx_ll_usb.c **** /**
2084:Drivers/STM32F4xx_HAL_Driver/Src/stm32f4xx_ll_usb.c ****   * @brief Read all host channel interrupts status
2085:Drivers/STM32F4xx_HAL_Driver/Src/stm32f4xx_ll_usb.c ****   * @param  USBx  Selected device
2086:Drivers/STM32F4xx_HAL_Driver/Src/stm32f4xx_ll_usb.c ****   * @retval HAL state
2087:Drivers/STM32F4xx_HAL_Driver/Src/stm32f4xx_ll_usb.c ****   */
2088:Drivers/STM32F4xx_HAL_Driver/Src/stm32f4xx_ll_usb.c **** uint32_t USB_HC_ReadInterrupt(const USB_OTG_GlobalTypeDef *USBx)
2089:Drivers/STM32F4xx_HAL_Driver/Src/stm32f4xx_ll_usb.c **** {
 6837              		.loc 1 2089 1
 6838              		.cfi_startproc
 6839              		@ args = 0, pretend = 0, frame = 16
 6840              		@ frame_needed = 1, uses_anonymous_args = 0
 6841              		@ link register save eliminated.
 6842 0000 80B4     		push	{r7}
 6843              	.LCFI258:
 6844              		.cfi_def_cfa_offset 4
 6845              		.cfi_offset 7, -4
 6846 0002 85B0     		sub	sp, sp, #20
 6847              	.LCFI259:
 6848              		.cfi_def_cfa_offset 24
 6849 0004 00AF     		add	r7, sp, #0
 6850              	.LCFI260:
 6851              		.cfi_def_cfa_register 7
 6852 0006 7860     		str	r0, [r7, #4]
2090:Drivers/STM32F4xx_HAL_Driver/Src/stm32f4xx_ll_usb.c ****   uint32_t USBx_BASE = (uint32_t)USBx;
 6853              		.loc 1 2090 12
 6854 0008 7B68     		ldr	r3, [r7, #4]
 6855 000a FB60     		str	r3, [r7, #12]
2091:Drivers/STM32F4xx_HAL_Driver/Src/stm32f4xx_ll_usb.c **** 
2092:Drivers/STM32F4xx_HAL_Driver/Src/stm32f4xx_ll_usb.c ****   return ((USBx_HOST->HAINT) & 0xFFFFU);
 6856              		.loc 1 2092 12
 6857 000c FB68     		ldr	r3, [r7, #12]
ARM GAS  /tmp/ccLxLv8v.s 			page 158


 6858 000e 03F58063 		add	r3, r3, #1024
 6859              		.loc 1 2092 21
 6860 0012 5B69     		ldr	r3, [r3, #20]
 6861              		.loc 1 2092 30
 6862 0014 9BB2     		uxth	r3, r3
2093:Drivers/STM32F4xx_HAL_Driver/Src/stm32f4xx_ll_usb.c **** }
 6863              		.loc 1 2093 1
 6864 0016 1846     		mov	r0, r3
 6865 0018 1437     		adds	r7, r7, #20
 6866              	.LCFI261:
 6867              		.cfi_def_cfa_offset 4
 6868 001a BD46     		mov	sp, r7
 6869              	.LCFI262:
 6870              		.cfi_def_cfa_register 13
 6871              		@ sp needed
 6872 001c 80BC     		pop	{r7}
 6873              	.LCFI263:
 6874              		.cfi_restore 7
 6875              		.cfi_def_cfa_offset 0
 6876 001e 7047     		bx	lr
 6877              		.cfi_endproc
 6878              	.LFE263:
 6880              		.section	.text.USB_HC_Halt,"ax",%progbits
 6881              		.align	1
 6882              		.global	USB_HC_Halt
 6883              		.syntax unified
 6884              		.thumb
 6885              		.thumb_func
 6887              	USB_HC_Halt:
 6888              	.LFB264:
2094:Drivers/STM32F4xx_HAL_Driver/Src/stm32f4xx_ll_usb.c **** 
2095:Drivers/STM32F4xx_HAL_Driver/Src/stm32f4xx_ll_usb.c **** /**
2096:Drivers/STM32F4xx_HAL_Driver/Src/stm32f4xx_ll_usb.c ****   * @brief  Halt a host channel
2097:Drivers/STM32F4xx_HAL_Driver/Src/stm32f4xx_ll_usb.c ****   * @param  USBx  Selected device
2098:Drivers/STM32F4xx_HAL_Driver/Src/stm32f4xx_ll_usb.c ****   * @param  hc_num  Host Channel number
2099:Drivers/STM32F4xx_HAL_Driver/Src/stm32f4xx_ll_usb.c ****   *         This parameter can be a value from 1 to 15
2100:Drivers/STM32F4xx_HAL_Driver/Src/stm32f4xx_ll_usb.c ****   * @retval HAL state
2101:Drivers/STM32F4xx_HAL_Driver/Src/stm32f4xx_ll_usb.c ****   */
2102:Drivers/STM32F4xx_HAL_Driver/Src/stm32f4xx_ll_usb.c **** HAL_StatusTypeDef USB_HC_Halt(const USB_OTG_GlobalTypeDef *USBx, uint8_t hc_num)
2103:Drivers/STM32F4xx_HAL_Driver/Src/stm32f4xx_ll_usb.c **** {
 6889              		.loc 1 2103 1
 6890              		.cfi_startproc
 6891              		@ args = 0, pretend = 0, frame = 32
 6892              		@ frame_needed = 1, uses_anonymous_args = 0
 6893              		@ link register save eliminated.
 6894 0000 80B4     		push	{r7}
 6895              	.LCFI264:
 6896              		.cfi_def_cfa_offset 4
 6897              		.cfi_offset 7, -4
 6898 0002 89B0     		sub	sp, sp, #36
 6899              	.LCFI265:
 6900              		.cfi_def_cfa_offset 40
 6901 0004 00AF     		add	r7, sp, #0
 6902              	.LCFI266:
 6903              		.cfi_def_cfa_register 7
 6904 0006 7860     		str	r0, [r7, #4]
 6905 0008 0B46     		mov	r3, r1
ARM GAS  /tmp/ccLxLv8v.s 			page 159


 6906 000a FB70     		strb	r3, [r7, #3]
2104:Drivers/STM32F4xx_HAL_Driver/Src/stm32f4xx_ll_usb.c ****   uint32_t USBx_BASE = (uint32_t)USBx;
 6907              		.loc 1 2104 12
 6908 000c 7B68     		ldr	r3, [r7, #4]
 6909 000e FB61     		str	r3, [r7, #28]
2105:Drivers/STM32F4xx_HAL_Driver/Src/stm32f4xx_ll_usb.c ****   uint32_t hcnum = (uint32_t)hc_num;
 6910              		.loc 1 2105 12
 6911 0010 FB78     		ldrb	r3, [r7, #3]	@ zero_extendqisi2
 6912 0012 BB61     		str	r3, [r7, #24]
2106:Drivers/STM32F4xx_HAL_Driver/Src/stm32f4xx_ll_usb.c ****   __IO uint32_t count = 0U;
 6913              		.loc 1 2106 17
 6914 0014 0023     		movs	r3, #0
 6915 0016 BB60     		str	r3, [r7, #8]
2107:Drivers/STM32F4xx_HAL_Driver/Src/stm32f4xx_ll_usb.c ****   uint32_t HcEpType = (USBx_HC(hcnum)->HCCHAR & USB_OTG_HCCHAR_EPTYP) >> 18;
 6916              		.loc 1 2107 24
 6917 0018 BB69     		ldr	r3, [r7, #24]
 6918 001a 5A01     		lsls	r2, r3, #5
 6919 001c FB69     		ldr	r3, [r7, #28]
 6920 001e 1344     		add	r3, r3, r2
 6921 0020 03F5A063 		add	r3, r3, #1280
 6922              		.loc 1 2107 38
 6923 0024 1B68     		ldr	r3, [r3]
 6924              		.loc 1 2107 71
 6925 0026 9B0C     		lsrs	r3, r3, #18
 6926              		.loc 1 2107 12
 6927 0028 03F00303 		and	r3, r3, #3
 6928 002c 7B61     		str	r3, [r7, #20]
2108:Drivers/STM32F4xx_HAL_Driver/Src/stm32f4xx_ll_usb.c ****   uint32_t ChannelEna = (USBx_HC(hcnum)->HCCHAR & USB_OTG_HCCHAR_CHENA) >> 31;
 6929              		.loc 1 2108 26
 6930 002e BB69     		ldr	r3, [r7, #24]
 6931 0030 5A01     		lsls	r2, r3, #5
 6932 0032 FB69     		ldr	r3, [r7, #28]
 6933 0034 1344     		add	r3, r3, r2
 6934 0036 03F5A063 		add	r3, r3, #1280
 6935              		.loc 1 2108 40
 6936 003a 1B68     		ldr	r3, [r3]
 6937              		.loc 1 2108 73
 6938 003c DB0F     		lsrs	r3, r3, #31
 6939              		.loc 1 2108 12
 6940 003e 03F00103 		and	r3, r3, #1
 6941 0042 3B61     		str	r3, [r7, #16]
2109:Drivers/STM32F4xx_HAL_Driver/Src/stm32f4xx_ll_usb.c ****   uint32_t SplitEna = (USBx_HC(hcnum)->HCSPLT & USB_OTG_HCSPLT_SPLITEN) >> 31;
 6942              		.loc 1 2109 24
 6943 0044 BB69     		ldr	r3, [r7, #24]
 6944 0046 5A01     		lsls	r2, r3, #5
 6945 0048 FB69     		ldr	r3, [r7, #28]
 6946 004a 1344     		add	r3, r3, r2
 6947 004c 03F5A063 		add	r3, r3, #1280
 6948              		.loc 1 2109 38
 6949 0050 5B68     		ldr	r3, [r3, #4]
 6950              		.loc 1 2109 73
 6951 0052 DB0F     		lsrs	r3, r3, #31
 6952              		.loc 1 2109 12
 6953 0054 03F00103 		and	r3, r3, #1
 6954 0058 FB60     		str	r3, [r7, #12]
2110:Drivers/STM32F4xx_HAL_Driver/Src/stm32f4xx_ll_usb.c **** 
2111:Drivers/STM32F4xx_HAL_Driver/Src/stm32f4xx_ll_usb.c ****   /* In buffer DMA, Channel disable must not be programmed for non-split periodic channels.
ARM GAS  /tmp/ccLxLv8v.s 			page 160


2112:Drivers/STM32F4xx_HAL_Driver/Src/stm32f4xx_ll_usb.c ****      At the end of the next uframe/frame (in the worst case), the core generates a channel halted
2113:Drivers/STM32F4xx_HAL_Driver/Src/stm32f4xx_ll_usb.c ****      and disables the channel automatically. */
2114:Drivers/STM32F4xx_HAL_Driver/Src/stm32f4xx_ll_usb.c **** 
2115:Drivers/STM32F4xx_HAL_Driver/Src/stm32f4xx_ll_usb.c ****   if ((((USBx->GAHBCFG & USB_OTG_GAHBCFG_DMAEN) == USB_OTG_GAHBCFG_DMAEN) && (SplitEna == 0U)) &&
 6955              		.loc 1 2115 14
 6956 005a 7B68     		ldr	r3, [r7, #4]
 6957 005c 9B68     		ldr	r3, [r3, #8]
 6958              		.loc 1 2115 24
 6959 005e 03F02003 		and	r3, r3, #32
 6960              		.loc 1 2115 6
 6961 0062 202B     		cmp	r3, #32
 6962 0064 0DD1     		bne	.L301
 6963              		.loc 1 2115 75 discriminator 1
 6964 0066 FB68     		ldr	r3, [r7, #12]
 6965 0068 002B     		cmp	r3, #0
 6966 006a 0AD1     		bne	.L301
 6967              		.loc 1 2115 96 discriminator 2
 6968 006c 3B69     		ldr	r3, [r7, #16]
 6969 006e 002B     		cmp	r3, #0
 6970 0070 05D0     		beq	.L302
2116:Drivers/STM32F4xx_HAL_Driver/Src/stm32f4xx_ll_usb.c ****       ((ChannelEna == 0U) || (((HcEpType == HCCHAR_ISOC) || (HcEpType == HCCHAR_INTR)))))
 6971              		.loc 1 2116 27
 6972 0072 7B69     		ldr	r3, [r7, #20]
 6973 0074 012B     		cmp	r3, #1
 6974 0076 02D0     		beq	.L302
 6975              		.loc 1 2116 58 discriminator 1
 6976 0078 7B69     		ldr	r3, [r7, #20]
 6977 007a 032B     		cmp	r3, #3
 6978 007c 01D1     		bne	.L301
 6979              	.L302:
2117:Drivers/STM32F4xx_HAL_Driver/Src/stm32f4xx_ll_usb.c ****   {
2118:Drivers/STM32F4xx_HAL_Driver/Src/stm32f4xx_ll_usb.c ****     return HAL_OK;
 6980              		.loc 1 2118 12
 6981 007e 0023     		movs	r3, #0
 6982 0080 D8E0     		b	.L303
 6983              	.L301:
2119:Drivers/STM32F4xx_HAL_Driver/Src/stm32f4xx_ll_usb.c ****   }
2120:Drivers/STM32F4xx_HAL_Driver/Src/stm32f4xx_ll_usb.c **** 
2121:Drivers/STM32F4xx_HAL_Driver/Src/stm32f4xx_ll_usb.c ****   /* Check for space in the request queue to issue the halt. */
2122:Drivers/STM32F4xx_HAL_Driver/Src/stm32f4xx_ll_usb.c ****   if ((HcEpType == HCCHAR_CTRL) || (HcEpType == HCCHAR_BULK))
 6984              		.loc 1 2122 6
 6985 0082 7B69     		ldr	r3, [r7, #20]
 6986 0084 002B     		cmp	r3, #0
 6987 0086 02D0     		beq	.L304
 6988              		.loc 1 2122 33 discriminator 1
 6989 0088 7B69     		ldr	r3, [r7, #20]
 6990 008a 022B     		cmp	r3, #2
 6991 008c 73D1     		bne	.L305
 6992              	.L304:
2123:Drivers/STM32F4xx_HAL_Driver/Src/stm32f4xx_ll_usb.c ****   {
2124:Drivers/STM32F4xx_HAL_Driver/Src/stm32f4xx_ll_usb.c ****     USBx_HC(hcnum)->HCCHAR |= USB_OTG_HCCHAR_CHDIS;
 6993              		.loc 1 2124 19
 6994 008e BB69     		ldr	r3, [r7, #24]
 6995 0090 5A01     		lsls	r2, r3, #5
 6996 0092 FB69     		ldr	r3, [r7, #28]
 6997 0094 1344     		add	r3, r3, r2
 6998 0096 03F5A063 		add	r3, r3, #1280
ARM GAS  /tmp/ccLxLv8v.s 			page 161


 6999 009a 1B68     		ldr	r3, [r3]
 7000 009c BA69     		ldr	r2, [r7, #24]
 7001 009e 5101     		lsls	r1, r2, #5
 7002 00a0 FA69     		ldr	r2, [r7, #28]
 7003 00a2 0A44     		add	r2, r2, r1
 7004 00a4 02F5A062 		add	r2, r2, #1280
 7005              		.loc 1 2124 28
 7006 00a8 43F08043 		orr	r3, r3, #1073741824
 7007 00ac 1360     		str	r3, [r2]
2125:Drivers/STM32F4xx_HAL_Driver/Src/stm32f4xx_ll_usb.c **** 
2126:Drivers/STM32F4xx_HAL_Driver/Src/stm32f4xx_ll_usb.c ****     if ((USBx->GAHBCFG & USB_OTG_GAHBCFG_DMAEN) == 0U)
 7008              		.loc 1 2126 14
 7009 00ae 7B68     		ldr	r3, [r7, #4]
 7010 00b0 9B68     		ldr	r3, [r3, #8]
 7011              		.loc 1 2126 24
 7012 00b2 03F02003 		and	r3, r3, #32
 7013              		.loc 1 2126 8
 7014 00b6 002B     		cmp	r3, #0
 7015 00b8 4AD1     		bne	.L306
2127:Drivers/STM32F4xx_HAL_Driver/Src/stm32f4xx_ll_usb.c ****     {
2128:Drivers/STM32F4xx_HAL_Driver/Src/stm32f4xx_ll_usb.c ****       if ((USBx->HNPTXSTS & (0xFFU << 16)) == 0U)
 7016              		.loc 1 2128 16
 7017 00ba 7B68     		ldr	r3, [r7, #4]
 7018 00bc DB6A     		ldr	r3, [r3, #44]
 7019              		.loc 1 2128 27
 7020 00be 03F47F03 		and	r3, r3, #16711680
 7021              		.loc 1 2128 10
 7022 00c2 002B     		cmp	r3, #0
 7023 00c4 33D1     		bne	.L307
2129:Drivers/STM32F4xx_HAL_Driver/Src/stm32f4xx_ll_usb.c ****       {
2130:Drivers/STM32F4xx_HAL_Driver/Src/stm32f4xx_ll_usb.c ****         USBx_HC(hcnum)->HCCHAR &= ~USB_OTG_HCCHAR_CHENA;
 7024              		.loc 1 2130 23
 7025 00c6 BB69     		ldr	r3, [r7, #24]
 7026 00c8 5A01     		lsls	r2, r3, #5
 7027 00ca FB69     		ldr	r3, [r7, #28]
 7028 00cc 1344     		add	r3, r3, r2
 7029 00ce 03F5A063 		add	r3, r3, #1280
 7030 00d2 1B68     		ldr	r3, [r3]
 7031 00d4 BA69     		ldr	r2, [r7, #24]
 7032 00d6 5101     		lsls	r1, r2, #5
 7033 00d8 FA69     		ldr	r2, [r7, #28]
 7034 00da 0A44     		add	r2, r2, r1
 7035 00dc 02F5A062 		add	r2, r2, #1280
 7036              		.loc 1 2130 32
 7037 00e0 23F00043 		bic	r3, r3, #-2147483648
 7038 00e4 1360     		str	r3, [r2]
2131:Drivers/STM32F4xx_HAL_Driver/Src/stm32f4xx_ll_usb.c ****         USBx_HC(hcnum)->HCCHAR |= USB_OTG_HCCHAR_CHENA;
 7039              		.loc 1 2131 23
 7040 00e6 BB69     		ldr	r3, [r7, #24]
 7041 00e8 5A01     		lsls	r2, r3, #5
 7042 00ea FB69     		ldr	r3, [r7, #28]
 7043 00ec 1344     		add	r3, r3, r2
 7044 00ee 03F5A063 		add	r3, r3, #1280
 7045 00f2 1B68     		ldr	r3, [r3]
 7046 00f4 BA69     		ldr	r2, [r7, #24]
 7047 00f6 5101     		lsls	r1, r2, #5
 7048 00f8 FA69     		ldr	r2, [r7, #28]
ARM GAS  /tmp/ccLxLv8v.s 			page 162


 7049 00fa 0A44     		add	r2, r2, r1
 7050 00fc 02F5A062 		add	r2, r2, #1280
 7051              		.loc 1 2131 32
 7052 0100 43F00043 		orr	r3, r3, #-2147483648
 7053 0104 1360     		str	r3, [r2]
 7054              	.L310:
2132:Drivers/STM32F4xx_HAL_Driver/Src/stm32f4xx_ll_usb.c ****         do
2133:Drivers/STM32F4xx_HAL_Driver/Src/stm32f4xx_ll_usb.c ****         {
2134:Drivers/STM32F4xx_HAL_Driver/Src/stm32f4xx_ll_usb.c ****           count++;
 7055              		.loc 1 2134 16
 7056 0106 BB68     		ldr	r3, [r7, #8]
 7057 0108 0133     		adds	r3, r3, #1
 7058 010a BB60     		str	r3, [r7, #8]
2135:Drivers/STM32F4xx_HAL_Driver/Src/stm32f4xx_ll_usb.c **** 
2136:Drivers/STM32F4xx_HAL_Driver/Src/stm32f4xx_ll_usb.c ****           if (count > 1000U)
 7059              		.loc 1 2136 21
 7060 010c BB68     		ldr	r3, [r7, #8]
 7061              		.loc 1 2136 14
 7062 010e B3F57A7F 		cmp	r3, #1000
 7063 0112 2ED8     		bhi	.L318
2137:Drivers/STM32F4xx_HAL_Driver/Src/stm32f4xx_ll_usb.c ****           {
2138:Drivers/STM32F4xx_HAL_Driver/Src/stm32f4xx_ll_usb.c ****             break;
2139:Drivers/STM32F4xx_HAL_Driver/Src/stm32f4xx_ll_usb.c ****           }
2140:Drivers/STM32F4xx_HAL_Driver/Src/stm32f4xx_ll_usb.c ****         } while ((USBx_HC(hcnum)->HCCHAR & USB_OTG_HCCHAR_CHENA) == USB_OTG_HCCHAR_CHENA);
 7064              		.loc 1 2140 19
 7065 0114 BB69     		ldr	r3, [r7, #24]
 7066 0116 5A01     		lsls	r2, r3, #5
 7067 0118 FB69     		ldr	r3, [r7, #28]
 7068 011a 1344     		add	r3, r3, r2
 7069 011c 03F5A063 		add	r3, r3, #1280
 7070              		.loc 1 2140 33
 7071 0120 1B68     		ldr	r3, [r3]
 7072              		.loc 1 2140 42
 7073 0122 03F00043 		and	r3, r3, #-2147483648
 7074              		.loc 1 2140 66
 7075 0126 B3F1004F 		cmp	r3, #-2147483648
 7076 012a ECD0     		beq	.L310
2126:Drivers/STM32F4xx_HAL_Driver/Src/stm32f4xx_ll_usb.c ****     {
 7077              		.loc 1 2126 8
 7078 012c 81E0     		b	.L312
 7079              	.L307:
2141:Drivers/STM32F4xx_HAL_Driver/Src/stm32f4xx_ll_usb.c ****       }
2142:Drivers/STM32F4xx_HAL_Driver/Src/stm32f4xx_ll_usb.c ****       else
2143:Drivers/STM32F4xx_HAL_Driver/Src/stm32f4xx_ll_usb.c ****       {
2144:Drivers/STM32F4xx_HAL_Driver/Src/stm32f4xx_ll_usb.c ****         USBx_HC(hcnum)->HCCHAR |= USB_OTG_HCCHAR_CHENA;
 7080              		.loc 1 2144 23
 7081 012e BB69     		ldr	r3, [r7, #24]
 7082 0130 5A01     		lsls	r2, r3, #5
 7083 0132 FB69     		ldr	r3, [r7, #28]
 7084 0134 1344     		add	r3, r3, r2
 7085 0136 03F5A063 		add	r3, r3, #1280
 7086 013a 1B68     		ldr	r3, [r3]
 7087 013c BA69     		ldr	r2, [r7, #24]
 7088 013e 5101     		lsls	r1, r2, #5
 7089 0140 FA69     		ldr	r2, [r7, #28]
 7090 0142 0A44     		add	r2, r2, r1
 7091 0144 02F5A062 		add	r2, r2, #1280
ARM GAS  /tmp/ccLxLv8v.s 			page 163


 7092              		.loc 1 2144 32
 7093 0148 43F00043 		orr	r3, r3, #-2147483648
 7094 014c 1360     		str	r3, [r2]
2126:Drivers/STM32F4xx_HAL_Driver/Src/stm32f4xx_ll_usb.c ****     {
 7095              		.loc 1 2126 8
 7096 014e 70E0     		b	.L312
 7097              	.L306:
2145:Drivers/STM32F4xx_HAL_Driver/Src/stm32f4xx_ll_usb.c ****       }
2146:Drivers/STM32F4xx_HAL_Driver/Src/stm32f4xx_ll_usb.c ****     }
2147:Drivers/STM32F4xx_HAL_Driver/Src/stm32f4xx_ll_usb.c ****     else
2148:Drivers/STM32F4xx_HAL_Driver/Src/stm32f4xx_ll_usb.c ****     {
2149:Drivers/STM32F4xx_HAL_Driver/Src/stm32f4xx_ll_usb.c ****       USBx_HC(hcnum)->HCCHAR |= USB_OTG_HCCHAR_CHENA;
 7098              		.loc 1 2149 21
 7099 0150 BB69     		ldr	r3, [r7, #24]
 7100 0152 5A01     		lsls	r2, r3, #5
 7101 0154 FB69     		ldr	r3, [r7, #28]
 7102 0156 1344     		add	r3, r3, r2
 7103 0158 03F5A063 		add	r3, r3, #1280
 7104 015c 1B68     		ldr	r3, [r3]
 7105 015e BA69     		ldr	r2, [r7, #24]
 7106 0160 5101     		lsls	r1, r2, #5
 7107 0162 FA69     		ldr	r2, [r7, #28]
 7108 0164 0A44     		add	r2, r2, r1
 7109 0166 02F5A062 		add	r2, r2, #1280
 7110              		.loc 1 2149 30
 7111 016a 43F00043 		orr	r3, r3, #-2147483648
 7112 016e 1360     		str	r3, [r2]
2126:Drivers/STM32F4xx_HAL_Driver/Src/stm32f4xx_ll_usb.c ****     {
 7113              		.loc 1 2126 8
 7114 0170 5FE0     		b	.L312
 7115              	.L318:
2138:Drivers/STM32F4xx_HAL_Driver/Src/stm32f4xx_ll_usb.c ****           }
 7116              		.loc 1 2138 13
 7117 0172 00BF     		nop
2126:Drivers/STM32F4xx_HAL_Driver/Src/stm32f4xx_ll_usb.c ****     {
 7118              		.loc 1 2126 8
 7119 0174 5DE0     		b	.L312
 7120              	.L305:
2150:Drivers/STM32F4xx_HAL_Driver/Src/stm32f4xx_ll_usb.c ****     }
2151:Drivers/STM32F4xx_HAL_Driver/Src/stm32f4xx_ll_usb.c ****   }
2152:Drivers/STM32F4xx_HAL_Driver/Src/stm32f4xx_ll_usb.c ****   else
2153:Drivers/STM32F4xx_HAL_Driver/Src/stm32f4xx_ll_usb.c ****   {
2154:Drivers/STM32F4xx_HAL_Driver/Src/stm32f4xx_ll_usb.c ****     USBx_HC(hcnum)->HCCHAR |= USB_OTG_HCCHAR_CHDIS;
 7121              		.loc 1 2154 19
 7122 0176 BB69     		ldr	r3, [r7, #24]
 7123 0178 5A01     		lsls	r2, r3, #5
 7124 017a FB69     		ldr	r3, [r7, #28]
 7125 017c 1344     		add	r3, r3, r2
 7126 017e 03F5A063 		add	r3, r3, #1280
 7127 0182 1B68     		ldr	r3, [r3]
 7128 0184 BA69     		ldr	r2, [r7, #24]
 7129 0186 5101     		lsls	r1, r2, #5
 7130 0188 FA69     		ldr	r2, [r7, #28]
 7131 018a 0A44     		add	r2, r2, r1
 7132 018c 02F5A062 		add	r2, r2, #1280
 7133              		.loc 1 2154 28
 7134 0190 43F08043 		orr	r3, r3, #1073741824
ARM GAS  /tmp/ccLxLv8v.s 			page 164


 7135 0194 1360     		str	r3, [r2]
2155:Drivers/STM32F4xx_HAL_Driver/Src/stm32f4xx_ll_usb.c **** 
2156:Drivers/STM32F4xx_HAL_Driver/Src/stm32f4xx_ll_usb.c ****     if ((USBx_HOST->HPTXSTS & (0xFFU << 16)) == 0U)
 7136              		.loc 1 2156 10
 7137 0196 FB69     		ldr	r3, [r7, #28]
 7138 0198 03F58063 		add	r3, r3, #1024
 7139              		.loc 1 2156 19
 7140 019c 1B69     		ldr	r3, [r3, #16]
 7141              		.loc 1 2156 29
 7142 019e 03F47F03 		and	r3, r3, #16711680
 7143              		.loc 1 2156 8
 7144 01a2 002B     		cmp	r3, #0
 7145 01a4 33D1     		bne	.L313
2157:Drivers/STM32F4xx_HAL_Driver/Src/stm32f4xx_ll_usb.c ****     {
2158:Drivers/STM32F4xx_HAL_Driver/Src/stm32f4xx_ll_usb.c ****       USBx_HC(hcnum)->HCCHAR &= ~USB_OTG_HCCHAR_CHENA;
 7146              		.loc 1 2158 21
 7147 01a6 BB69     		ldr	r3, [r7, #24]
 7148 01a8 5A01     		lsls	r2, r3, #5
 7149 01aa FB69     		ldr	r3, [r7, #28]
 7150 01ac 1344     		add	r3, r3, r2
 7151 01ae 03F5A063 		add	r3, r3, #1280
 7152 01b2 1B68     		ldr	r3, [r3]
 7153 01b4 BA69     		ldr	r2, [r7, #24]
 7154 01b6 5101     		lsls	r1, r2, #5
 7155 01b8 FA69     		ldr	r2, [r7, #28]
 7156 01ba 0A44     		add	r2, r2, r1
 7157 01bc 02F5A062 		add	r2, r2, #1280
 7158              		.loc 1 2158 30
 7159 01c0 23F00043 		bic	r3, r3, #-2147483648
 7160 01c4 1360     		str	r3, [r2]
2159:Drivers/STM32F4xx_HAL_Driver/Src/stm32f4xx_ll_usb.c ****       USBx_HC(hcnum)->HCCHAR |= USB_OTG_HCCHAR_CHENA;
 7161              		.loc 1 2159 21
 7162 01c6 BB69     		ldr	r3, [r7, #24]
 7163 01c8 5A01     		lsls	r2, r3, #5
 7164 01ca FB69     		ldr	r3, [r7, #28]
 7165 01cc 1344     		add	r3, r3, r2
 7166 01ce 03F5A063 		add	r3, r3, #1280
 7167 01d2 1B68     		ldr	r3, [r3]
 7168 01d4 BA69     		ldr	r2, [r7, #24]
 7169 01d6 5101     		lsls	r1, r2, #5
 7170 01d8 FA69     		ldr	r2, [r7, #28]
 7171 01da 0A44     		add	r2, r2, r1
 7172 01dc 02F5A062 		add	r2, r2, #1280
 7173              		.loc 1 2159 30
 7174 01e0 43F00043 		orr	r3, r3, #-2147483648
 7175 01e4 1360     		str	r3, [r2]
 7176              	.L316:
2160:Drivers/STM32F4xx_HAL_Driver/Src/stm32f4xx_ll_usb.c ****       do
2161:Drivers/STM32F4xx_HAL_Driver/Src/stm32f4xx_ll_usb.c ****       {
2162:Drivers/STM32F4xx_HAL_Driver/Src/stm32f4xx_ll_usb.c ****         count++;
 7177              		.loc 1 2162 14
 7178 01e6 BB68     		ldr	r3, [r7, #8]
 7179 01e8 0133     		adds	r3, r3, #1
 7180 01ea BB60     		str	r3, [r7, #8]
2163:Drivers/STM32F4xx_HAL_Driver/Src/stm32f4xx_ll_usb.c **** 
2164:Drivers/STM32F4xx_HAL_Driver/Src/stm32f4xx_ll_usb.c ****         if (count > 1000U)
 7181              		.loc 1 2164 19
ARM GAS  /tmp/ccLxLv8v.s 			page 165


 7182 01ec BB68     		ldr	r3, [r7, #8]
 7183              		.loc 1 2164 12
 7184 01ee B3F57A7F 		cmp	r3, #1000
 7185 01f2 1DD8     		bhi	.L319
2165:Drivers/STM32F4xx_HAL_Driver/Src/stm32f4xx_ll_usb.c ****         {
2166:Drivers/STM32F4xx_HAL_Driver/Src/stm32f4xx_ll_usb.c ****           break;
2167:Drivers/STM32F4xx_HAL_Driver/Src/stm32f4xx_ll_usb.c ****         }
2168:Drivers/STM32F4xx_HAL_Driver/Src/stm32f4xx_ll_usb.c ****       } while ((USBx_HC(hcnum)->HCCHAR & USB_OTG_HCCHAR_CHENA) == USB_OTG_HCCHAR_CHENA);
 7186              		.loc 1 2168 17
 7187 01f4 BB69     		ldr	r3, [r7, #24]
 7188 01f6 5A01     		lsls	r2, r3, #5
 7189 01f8 FB69     		ldr	r3, [r7, #28]
 7190 01fa 1344     		add	r3, r3, r2
 7191 01fc 03F5A063 		add	r3, r3, #1280
 7192              		.loc 1 2168 31
 7193 0200 1B68     		ldr	r3, [r3]
 7194              		.loc 1 2168 40
 7195 0202 03F00043 		and	r3, r3, #-2147483648
 7196              		.loc 1 2168 64
 7197 0206 B3F1004F 		cmp	r3, #-2147483648
 7198 020a ECD0     		beq	.L316
 7199 020c 11E0     		b	.L312
 7200              	.L313:
2169:Drivers/STM32F4xx_HAL_Driver/Src/stm32f4xx_ll_usb.c ****     }
2170:Drivers/STM32F4xx_HAL_Driver/Src/stm32f4xx_ll_usb.c ****     else
2171:Drivers/STM32F4xx_HAL_Driver/Src/stm32f4xx_ll_usb.c ****     {
2172:Drivers/STM32F4xx_HAL_Driver/Src/stm32f4xx_ll_usb.c ****       USBx_HC(hcnum)->HCCHAR |= USB_OTG_HCCHAR_CHENA;
 7201              		.loc 1 2172 21
 7202 020e BB69     		ldr	r3, [r7, #24]
 7203 0210 5A01     		lsls	r2, r3, #5
 7204 0212 FB69     		ldr	r3, [r7, #28]
 7205 0214 1344     		add	r3, r3, r2
 7206 0216 03F5A063 		add	r3, r3, #1280
 7207 021a 1B68     		ldr	r3, [r3]
 7208 021c BA69     		ldr	r2, [r7, #24]
 7209 021e 5101     		lsls	r1, r2, #5
 7210 0220 FA69     		ldr	r2, [r7, #28]
 7211 0222 0A44     		add	r2, r2, r1
 7212 0224 02F5A062 		add	r2, r2, #1280
 7213              		.loc 1 2172 30
 7214 0228 43F00043 		orr	r3, r3, #-2147483648
 7215 022c 1360     		str	r3, [r2]
 7216 022e 00E0     		b	.L312
 7217              	.L319:
2166:Drivers/STM32F4xx_HAL_Driver/Src/stm32f4xx_ll_usb.c ****         }
 7218              		.loc 1 2166 11
 7219 0230 00BF     		nop
 7220              	.L312:
2173:Drivers/STM32F4xx_HAL_Driver/Src/stm32f4xx_ll_usb.c ****     }
2174:Drivers/STM32F4xx_HAL_Driver/Src/stm32f4xx_ll_usb.c ****   }
2175:Drivers/STM32F4xx_HAL_Driver/Src/stm32f4xx_ll_usb.c **** 
2176:Drivers/STM32F4xx_HAL_Driver/Src/stm32f4xx_ll_usb.c ****   return HAL_OK;
 7221              		.loc 1 2176 10
 7222 0232 0023     		movs	r3, #0
 7223              	.L303:
2177:Drivers/STM32F4xx_HAL_Driver/Src/stm32f4xx_ll_usb.c **** }
 7224              		.loc 1 2177 1
ARM GAS  /tmp/ccLxLv8v.s 			page 166


 7225 0234 1846     		mov	r0, r3
 7226 0236 2437     		adds	r7, r7, #36
 7227              	.LCFI267:
 7228              		.cfi_def_cfa_offset 4
 7229 0238 BD46     		mov	sp, r7
 7230              	.LCFI268:
 7231              		.cfi_def_cfa_register 13
 7232              		@ sp needed
 7233 023a 80BC     		pop	{r7}
 7234              	.LCFI269:
 7235              		.cfi_restore 7
 7236              		.cfi_def_cfa_offset 0
 7237 023c 7047     		bx	lr
 7238              		.cfi_endproc
 7239              	.LFE264:
 7241              		.section	.text.USB_DoPing,"ax",%progbits
 7242              		.align	1
 7243              		.global	USB_DoPing
 7244              		.syntax unified
 7245              		.thumb
 7246              		.thumb_func
 7248              	USB_DoPing:
 7249              	.LFB265:
2178:Drivers/STM32F4xx_HAL_Driver/Src/stm32f4xx_ll_usb.c **** 
2179:Drivers/STM32F4xx_HAL_Driver/Src/stm32f4xx_ll_usb.c **** /**
2180:Drivers/STM32F4xx_HAL_Driver/Src/stm32f4xx_ll_usb.c ****   * @brief  Initiate Do Ping protocol
2181:Drivers/STM32F4xx_HAL_Driver/Src/stm32f4xx_ll_usb.c ****   * @param  USBx  Selected device
2182:Drivers/STM32F4xx_HAL_Driver/Src/stm32f4xx_ll_usb.c ****   * @param  hc_num  Host Channel number
2183:Drivers/STM32F4xx_HAL_Driver/Src/stm32f4xx_ll_usb.c ****   *         This parameter can be a value from 1 to 15
2184:Drivers/STM32F4xx_HAL_Driver/Src/stm32f4xx_ll_usb.c ****   * @retval HAL state
2185:Drivers/STM32F4xx_HAL_Driver/Src/stm32f4xx_ll_usb.c ****   */
2186:Drivers/STM32F4xx_HAL_Driver/Src/stm32f4xx_ll_usb.c **** HAL_StatusTypeDef USB_DoPing(const USB_OTG_GlobalTypeDef *USBx, uint8_t ch_num)
2187:Drivers/STM32F4xx_HAL_Driver/Src/stm32f4xx_ll_usb.c **** {
 7250              		.loc 1 2187 1
 7251              		.cfi_startproc
 7252              		@ args = 0, pretend = 0, frame = 24
 7253              		@ frame_needed = 1, uses_anonymous_args = 0
 7254              		@ link register save eliminated.
 7255 0000 80B4     		push	{r7}
 7256              	.LCFI270:
 7257              		.cfi_def_cfa_offset 4
 7258              		.cfi_offset 7, -4
 7259 0002 87B0     		sub	sp, sp, #28
 7260              	.LCFI271:
 7261              		.cfi_def_cfa_offset 32
 7262 0004 00AF     		add	r7, sp, #0
 7263              	.LCFI272:
 7264              		.cfi_def_cfa_register 7
 7265 0006 7860     		str	r0, [r7, #4]
 7266 0008 0B46     		mov	r3, r1
 7267 000a FB70     		strb	r3, [r7, #3]
2188:Drivers/STM32F4xx_HAL_Driver/Src/stm32f4xx_ll_usb.c ****   uint32_t USBx_BASE = (uint32_t)USBx;
 7268              		.loc 1 2188 12
 7269 000c 7B68     		ldr	r3, [r7, #4]
 7270 000e 7B61     		str	r3, [r7, #20]
2189:Drivers/STM32F4xx_HAL_Driver/Src/stm32f4xx_ll_usb.c ****   uint32_t chnum = (uint32_t)ch_num;
 7271              		.loc 1 2189 12
ARM GAS  /tmp/ccLxLv8v.s 			page 167


 7272 0010 FB78     		ldrb	r3, [r7, #3]	@ zero_extendqisi2
 7273 0012 3B61     		str	r3, [r7, #16]
2190:Drivers/STM32F4xx_HAL_Driver/Src/stm32f4xx_ll_usb.c ****   uint32_t num_packets = 1U;
 7274              		.loc 1 2190 12
 7275 0014 0123     		movs	r3, #1
 7276 0016 FB60     		str	r3, [r7, #12]
2191:Drivers/STM32F4xx_HAL_Driver/Src/stm32f4xx_ll_usb.c ****   uint32_t tmpreg;
2192:Drivers/STM32F4xx_HAL_Driver/Src/stm32f4xx_ll_usb.c **** 
2193:Drivers/STM32F4xx_HAL_Driver/Src/stm32f4xx_ll_usb.c ****   USBx_HC(chnum)->HCTSIZ = ((num_packets << 19) & USB_OTG_HCTSIZ_PKTCNT) |
 7277              		.loc 1 2193 42
 7278 0018 FB68     		ldr	r3, [r7, #12]
 7279 001a DA04     		lsls	r2, r3, #19
 7280              		.loc 1 2193 49
 7281 001c 144B     		ldr	r3, .L322
 7282 001e 1340     		ands	r3, r3, r2
 7283              		.loc 1 2193 3
 7284 0020 3A69     		ldr	r2, [r7, #16]
 7285 0022 5101     		lsls	r1, r2, #5
 7286 0024 7A69     		ldr	r2, [r7, #20]
 7287 0026 0A44     		add	r2, r2, r1
 7288 0028 02F5A062 		add	r2, r2, #1280
 7289              		.loc 1 2193 74
 7290 002c 43F00043 		orr	r3, r3, #-2147483648
 7291              		.loc 1 2193 26
 7292 0030 1361     		str	r3, [r2, #16]
2194:Drivers/STM32F4xx_HAL_Driver/Src/stm32f4xx_ll_usb.c ****                            USB_OTG_HCTSIZ_DOPING;
2195:Drivers/STM32F4xx_HAL_Driver/Src/stm32f4xx_ll_usb.c **** 
2196:Drivers/STM32F4xx_HAL_Driver/Src/stm32f4xx_ll_usb.c ****   /* Set host channel enable */
2197:Drivers/STM32F4xx_HAL_Driver/Src/stm32f4xx_ll_usb.c ****   tmpreg = USBx_HC(chnum)->HCCHAR;
 7293              		.loc 1 2197 12
 7294 0032 3B69     		ldr	r3, [r7, #16]
 7295 0034 5A01     		lsls	r2, r3, #5
 7296 0036 7B69     		ldr	r3, [r7, #20]
 7297 0038 1344     		add	r3, r3, r2
 7298 003a 03F5A063 		add	r3, r3, #1280
 7299              		.loc 1 2197 10
 7300 003e 1B68     		ldr	r3, [r3]
 7301 0040 BB60     		str	r3, [r7, #8]
2198:Drivers/STM32F4xx_HAL_Driver/Src/stm32f4xx_ll_usb.c ****   tmpreg &= ~USB_OTG_HCCHAR_CHDIS;
 7302              		.loc 1 2198 10
 7303 0042 BB68     		ldr	r3, [r7, #8]
 7304 0044 23F08043 		bic	r3, r3, #1073741824
 7305 0048 BB60     		str	r3, [r7, #8]
2199:Drivers/STM32F4xx_HAL_Driver/Src/stm32f4xx_ll_usb.c ****   tmpreg |= USB_OTG_HCCHAR_CHENA;
 7306              		.loc 1 2199 10
 7307 004a BB68     		ldr	r3, [r7, #8]
 7308 004c 43F00043 		orr	r3, r3, #-2147483648
 7309 0050 BB60     		str	r3, [r7, #8]
2200:Drivers/STM32F4xx_HAL_Driver/Src/stm32f4xx_ll_usb.c ****   USBx_HC(chnum)->HCCHAR = tmpreg;
 7310              		.loc 1 2200 3
 7311 0052 3B69     		ldr	r3, [r7, #16]
 7312 0054 5A01     		lsls	r2, r3, #5
 7313 0056 7B69     		ldr	r3, [r7, #20]
 7314 0058 1344     		add	r3, r3, r2
 7315 005a 03F5A063 		add	r3, r3, #1280
 7316 005e 1A46     		mov	r2, r3
 7317              		.loc 1 2200 26
ARM GAS  /tmp/ccLxLv8v.s 			page 168


 7318 0060 BB68     		ldr	r3, [r7, #8]
 7319 0062 1360     		str	r3, [r2]
2201:Drivers/STM32F4xx_HAL_Driver/Src/stm32f4xx_ll_usb.c **** 
2202:Drivers/STM32F4xx_HAL_Driver/Src/stm32f4xx_ll_usb.c ****   return HAL_OK;
 7320              		.loc 1 2202 10
 7321 0064 0023     		movs	r3, #0
2203:Drivers/STM32F4xx_HAL_Driver/Src/stm32f4xx_ll_usb.c **** }
 7322              		.loc 1 2203 1
 7323 0066 1846     		mov	r0, r3
 7324 0068 1C37     		adds	r7, r7, #28
 7325              	.LCFI273:
 7326              		.cfi_def_cfa_offset 4
 7327 006a BD46     		mov	sp, r7
 7328              	.LCFI274:
 7329              		.cfi_def_cfa_register 13
 7330              		@ sp needed
 7331 006c 80BC     		pop	{r7}
 7332              	.LCFI275:
 7333              		.cfi_restore 7
 7334              		.cfi_def_cfa_offset 0
 7335 006e 7047     		bx	lr
 7336              	.L323:
 7337              		.align	2
 7338              	.L322:
 7339 0070 0000F81F 		.word	536346624
 7340              		.cfi_endproc
 7341              	.LFE265:
 7343              		.section	.text.USB_StopHost,"ax",%progbits
 7344              		.align	1
 7345              		.global	USB_StopHost
 7346              		.syntax unified
 7347              		.thumb
 7348              		.thumb_func
 7350              	USB_StopHost:
 7351              	.LFB266:
2204:Drivers/STM32F4xx_HAL_Driver/Src/stm32f4xx_ll_usb.c **** 
2205:Drivers/STM32F4xx_HAL_Driver/Src/stm32f4xx_ll_usb.c **** /**
2206:Drivers/STM32F4xx_HAL_Driver/Src/stm32f4xx_ll_usb.c ****   * @brief  Stop Host Core
2207:Drivers/STM32F4xx_HAL_Driver/Src/stm32f4xx_ll_usb.c ****   * @param  USBx  Selected device
2208:Drivers/STM32F4xx_HAL_Driver/Src/stm32f4xx_ll_usb.c ****   * @retval HAL state
2209:Drivers/STM32F4xx_HAL_Driver/Src/stm32f4xx_ll_usb.c ****   */
2210:Drivers/STM32F4xx_HAL_Driver/Src/stm32f4xx_ll_usb.c **** HAL_StatusTypeDef USB_StopHost(USB_OTG_GlobalTypeDef *USBx)
2211:Drivers/STM32F4xx_HAL_Driver/Src/stm32f4xx_ll_usb.c **** {
 7352              		.loc 1 2211 1
 7353              		.cfi_startproc
 7354              		@ args = 0, pretend = 0, frame = 32
 7355              		@ frame_needed = 1, uses_anonymous_args = 0
 7356 0000 80B5     		push	{r7, lr}
 7357              	.LCFI276:
 7358              		.cfi_def_cfa_offset 8
 7359              		.cfi_offset 7, -8
 7360              		.cfi_offset 14, -4
 7361 0002 88B0     		sub	sp, sp, #32
 7362              	.LCFI277:
 7363              		.cfi_def_cfa_offset 40
 7364 0004 00AF     		add	r7, sp, #0
 7365              	.LCFI278:
ARM GAS  /tmp/ccLxLv8v.s 			page 169


 7366              		.cfi_def_cfa_register 7
 7367 0006 7860     		str	r0, [r7, #4]
2212:Drivers/STM32F4xx_HAL_Driver/Src/stm32f4xx_ll_usb.c ****   HAL_StatusTypeDef ret = HAL_OK;
 7368              		.loc 1 2212 21
 7369 0008 0023     		movs	r3, #0
 7370 000a FB77     		strb	r3, [r7, #31]
2213:Drivers/STM32F4xx_HAL_Driver/Src/stm32f4xx_ll_usb.c ****   uint32_t USBx_BASE = (uint32_t)USBx;
 7371              		.loc 1 2213 12
 7372 000c 7B68     		ldr	r3, [r7, #4]
 7373 000e 7B61     		str	r3, [r7, #20]
2214:Drivers/STM32F4xx_HAL_Driver/Src/stm32f4xx_ll_usb.c ****   __IO uint32_t count = 0U;
 7374              		.loc 1 2214 17
 7375 0010 0023     		movs	r3, #0
 7376 0012 FB60     		str	r3, [r7, #12]
2215:Drivers/STM32F4xx_HAL_Driver/Src/stm32f4xx_ll_usb.c ****   uint32_t value;
2216:Drivers/STM32F4xx_HAL_Driver/Src/stm32f4xx_ll_usb.c ****   uint32_t i;
2217:Drivers/STM32F4xx_HAL_Driver/Src/stm32f4xx_ll_usb.c **** 
2218:Drivers/STM32F4xx_HAL_Driver/Src/stm32f4xx_ll_usb.c ****   (void)USB_DisableGlobalInt(USBx);
 7377              		.loc 1 2218 9
 7378 0014 7868     		ldr	r0, [r7, #4]
 7379 0016 FFF7FEFF 		bl	USB_DisableGlobalInt
2219:Drivers/STM32F4xx_HAL_Driver/Src/stm32f4xx_ll_usb.c **** 
2220:Drivers/STM32F4xx_HAL_Driver/Src/stm32f4xx_ll_usb.c ****   /* Flush USB FIFO */
2221:Drivers/STM32F4xx_HAL_Driver/Src/stm32f4xx_ll_usb.c ****   if (USB_FlushTxFifo(USBx, 0x10U) != HAL_OK) /* all Tx FIFOs */
 7380              		.loc 1 2221 7
 7381 001a 1021     		movs	r1, #16
 7382 001c 7868     		ldr	r0, [r7, #4]
 7383 001e FFF7FEFF 		bl	USB_FlushTxFifo
 7384 0022 0346     		mov	r3, r0
 7385              		.loc 1 2221 6 discriminator 1
 7386 0024 002B     		cmp	r3, #0
 7387 0026 01D0     		beq	.L325
2222:Drivers/STM32F4xx_HAL_Driver/Src/stm32f4xx_ll_usb.c ****   {
2223:Drivers/STM32F4xx_HAL_Driver/Src/stm32f4xx_ll_usb.c ****     ret = HAL_ERROR;
 7388              		.loc 1 2223 9
 7389 0028 0123     		movs	r3, #1
 7390 002a FB77     		strb	r3, [r7, #31]
 7391              	.L325:
2224:Drivers/STM32F4xx_HAL_Driver/Src/stm32f4xx_ll_usb.c ****   }
2225:Drivers/STM32F4xx_HAL_Driver/Src/stm32f4xx_ll_usb.c **** 
2226:Drivers/STM32F4xx_HAL_Driver/Src/stm32f4xx_ll_usb.c ****   if (USB_FlushRxFifo(USBx) != HAL_OK)
 7392              		.loc 1 2226 7
 7393 002c 7868     		ldr	r0, [r7, #4]
 7394 002e FFF7FEFF 		bl	USB_FlushRxFifo
 7395 0032 0346     		mov	r3, r0
 7396              		.loc 1 2226 6 discriminator 1
 7397 0034 002B     		cmp	r3, #0
 7398 0036 01D0     		beq	.L326
2227:Drivers/STM32F4xx_HAL_Driver/Src/stm32f4xx_ll_usb.c ****   {
2228:Drivers/STM32F4xx_HAL_Driver/Src/stm32f4xx_ll_usb.c ****     ret = HAL_ERROR;
 7399              		.loc 1 2228 9
 7400 0038 0123     		movs	r3, #1
 7401 003a FB77     		strb	r3, [r7, #31]
 7402              	.L326:
2229:Drivers/STM32F4xx_HAL_Driver/Src/stm32f4xx_ll_usb.c ****   }
2230:Drivers/STM32F4xx_HAL_Driver/Src/stm32f4xx_ll_usb.c **** 
2231:Drivers/STM32F4xx_HAL_Driver/Src/stm32f4xx_ll_usb.c ****   /* Flush out any leftover queued requests. */
ARM GAS  /tmp/ccLxLv8v.s 			page 170


2232:Drivers/STM32F4xx_HAL_Driver/Src/stm32f4xx_ll_usb.c ****   for (i = 0U; i <= 15U; i++)
 7403              		.loc 1 2232 10
 7404 003c 0023     		movs	r3, #0
 7405 003e BB61     		str	r3, [r7, #24]
 7406              		.loc 1 2232 3
 7407 0040 1FE0     		b	.L327
 7408              	.L328:
2233:Drivers/STM32F4xx_HAL_Driver/Src/stm32f4xx_ll_usb.c ****   {
2234:Drivers/STM32F4xx_HAL_Driver/Src/stm32f4xx_ll_usb.c ****     value = USBx_HC(i)->HCCHAR;
 7409              		.loc 1 2234 13
 7410 0042 BB69     		ldr	r3, [r7, #24]
 7411 0044 5A01     		lsls	r2, r3, #5
 7412 0046 7B69     		ldr	r3, [r7, #20]
 7413 0048 1344     		add	r3, r3, r2
 7414 004a 03F5A063 		add	r3, r3, #1280
 7415              		.loc 1 2234 11
 7416 004e 1B68     		ldr	r3, [r3]
 7417 0050 3B61     		str	r3, [r7, #16]
2235:Drivers/STM32F4xx_HAL_Driver/Src/stm32f4xx_ll_usb.c ****     value |=  USB_OTG_HCCHAR_CHDIS;
 7418              		.loc 1 2235 11
 7419 0052 3B69     		ldr	r3, [r7, #16]
 7420 0054 43F08043 		orr	r3, r3, #1073741824
 7421 0058 3B61     		str	r3, [r7, #16]
2236:Drivers/STM32F4xx_HAL_Driver/Src/stm32f4xx_ll_usb.c ****     value &= ~USB_OTG_HCCHAR_CHENA;
 7422              		.loc 1 2236 11
 7423 005a 3B69     		ldr	r3, [r7, #16]
 7424 005c 23F00043 		bic	r3, r3, #-2147483648
 7425 0060 3B61     		str	r3, [r7, #16]
2237:Drivers/STM32F4xx_HAL_Driver/Src/stm32f4xx_ll_usb.c ****     value &= ~USB_OTG_HCCHAR_EPDIR;
 7426              		.loc 1 2237 11
 7427 0062 3B69     		ldr	r3, [r7, #16]
 7428 0064 23F40043 		bic	r3, r3, #32768
 7429 0068 3B61     		str	r3, [r7, #16]
2238:Drivers/STM32F4xx_HAL_Driver/Src/stm32f4xx_ll_usb.c ****     USBx_HC(i)->HCCHAR = value;
 7430              		.loc 1 2238 5
 7431 006a BB69     		ldr	r3, [r7, #24]
 7432 006c 5A01     		lsls	r2, r3, #5
 7433 006e 7B69     		ldr	r3, [r7, #20]
 7434 0070 1344     		add	r3, r3, r2
 7435 0072 03F5A063 		add	r3, r3, #1280
 7436 0076 1A46     		mov	r2, r3
 7437              		.loc 1 2238 24
 7438 0078 3B69     		ldr	r3, [r7, #16]
 7439 007a 1360     		str	r3, [r2]
2232:Drivers/STM32F4xx_HAL_Driver/Src/stm32f4xx_ll_usb.c ****   {
 7440              		.loc 1 2232 27 discriminator 3
 7441 007c BB69     		ldr	r3, [r7, #24]
 7442 007e 0133     		adds	r3, r3, #1
 7443 0080 BB61     		str	r3, [r7, #24]
 7444              	.L327:
2232:Drivers/STM32F4xx_HAL_Driver/Src/stm32f4xx_ll_usb.c ****   {
 7445              		.loc 1 2232 18 discriminator 1
 7446 0082 BB69     		ldr	r3, [r7, #24]
 7447 0084 0F2B     		cmp	r3, #15
 7448 0086 DCD9     		bls	.L328
2239:Drivers/STM32F4xx_HAL_Driver/Src/stm32f4xx_ll_usb.c ****   }
2240:Drivers/STM32F4xx_HAL_Driver/Src/stm32f4xx_ll_usb.c **** 
ARM GAS  /tmp/ccLxLv8v.s 			page 171


2241:Drivers/STM32F4xx_HAL_Driver/Src/stm32f4xx_ll_usb.c ****   /* Halt all channels to put them into a known state. */
2242:Drivers/STM32F4xx_HAL_Driver/Src/stm32f4xx_ll_usb.c ****   for (i = 0U; i <= 15U; i++)
 7449              		.loc 1 2242 10
 7450 0088 0023     		movs	r3, #0
 7451 008a BB61     		str	r3, [r7, #24]
 7452              		.loc 1 2242 3
 7453 008c 34E0     		b	.L329
 7454              	.L333:
2243:Drivers/STM32F4xx_HAL_Driver/Src/stm32f4xx_ll_usb.c ****   {
2244:Drivers/STM32F4xx_HAL_Driver/Src/stm32f4xx_ll_usb.c ****     value = USBx_HC(i)->HCCHAR;
 7455              		.loc 1 2244 13
 7456 008e BB69     		ldr	r3, [r7, #24]
 7457 0090 5A01     		lsls	r2, r3, #5
 7458 0092 7B69     		ldr	r3, [r7, #20]
 7459 0094 1344     		add	r3, r3, r2
 7460 0096 03F5A063 		add	r3, r3, #1280
 7461              		.loc 1 2244 11
 7462 009a 1B68     		ldr	r3, [r3]
 7463 009c 3B61     		str	r3, [r7, #16]
2245:Drivers/STM32F4xx_HAL_Driver/Src/stm32f4xx_ll_usb.c ****     value |= USB_OTG_HCCHAR_CHDIS;
 7464              		.loc 1 2245 11
 7465 009e 3B69     		ldr	r3, [r7, #16]
 7466 00a0 43F08043 		orr	r3, r3, #1073741824
 7467 00a4 3B61     		str	r3, [r7, #16]
2246:Drivers/STM32F4xx_HAL_Driver/Src/stm32f4xx_ll_usb.c ****     value |= USB_OTG_HCCHAR_CHENA;
 7468              		.loc 1 2246 11
 7469 00a6 3B69     		ldr	r3, [r7, #16]
 7470 00a8 43F00043 		orr	r3, r3, #-2147483648
 7471 00ac 3B61     		str	r3, [r7, #16]
2247:Drivers/STM32F4xx_HAL_Driver/Src/stm32f4xx_ll_usb.c ****     value &= ~USB_OTG_HCCHAR_EPDIR;
 7472              		.loc 1 2247 11
 7473 00ae 3B69     		ldr	r3, [r7, #16]
 7474 00b0 23F40043 		bic	r3, r3, #32768
 7475 00b4 3B61     		str	r3, [r7, #16]
2248:Drivers/STM32F4xx_HAL_Driver/Src/stm32f4xx_ll_usb.c ****     USBx_HC(i)->HCCHAR = value;
 7476              		.loc 1 2248 5
 7477 00b6 BB69     		ldr	r3, [r7, #24]
 7478 00b8 5A01     		lsls	r2, r3, #5
 7479 00ba 7B69     		ldr	r3, [r7, #20]
 7480 00bc 1344     		add	r3, r3, r2
 7481 00be 03F5A063 		add	r3, r3, #1280
 7482 00c2 1A46     		mov	r2, r3
 7483              		.loc 1 2248 24
 7484 00c4 3B69     		ldr	r3, [r7, #16]
 7485 00c6 1360     		str	r3, [r2]
 7486              	.L332:
2249:Drivers/STM32F4xx_HAL_Driver/Src/stm32f4xx_ll_usb.c **** 
2250:Drivers/STM32F4xx_HAL_Driver/Src/stm32f4xx_ll_usb.c ****     do
2251:Drivers/STM32F4xx_HAL_Driver/Src/stm32f4xx_ll_usb.c ****     {
2252:Drivers/STM32F4xx_HAL_Driver/Src/stm32f4xx_ll_usb.c ****       count++;
 7487              		.loc 1 2252 12
 7488 00c8 FB68     		ldr	r3, [r7, #12]
 7489 00ca 0133     		adds	r3, r3, #1
 7490 00cc FB60     		str	r3, [r7, #12]
2253:Drivers/STM32F4xx_HAL_Driver/Src/stm32f4xx_ll_usb.c **** 
2254:Drivers/STM32F4xx_HAL_Driver/Src/stm32f4xx_ll_usb.c ****       if (count > 1000U)
 7491              		.loc 1 2254 17
ARM GAS  /tmp/ccLxLv8v.s 			page 172


 7492 00ce FB68     		ldr	r3, [r7, #12]
 7493              		.loc 1 2254 10
 7494 00d0 B3F57A7F 		cmp	r3, #1000
 7495 00d4 0CD8     		bhi	.L335
2255:Drivers/STM32F4xx_HAL_Driver/Src/stm32f4xx_ll_usb.c ****       {
2256:Drivers/STM32F4xx_HAL_Driver/Src/stm32f4xx_ll_usb.c ****         break;
2257:Drivers/STM32F4xx_HAL_Driver/Src/stm32f4xx_ll_usb.c ****       }
2258:Drivers/STM32F4xx_HAL_Driver/Src/stm32f4xx_ll_usb.c ****     } while ((USBx_HC(i)->HCCHAR & USB_OTG_HCCHAR_CHENA) == USB_OTG_HCCHAR_CHENA);
 7496              		.loc 1 2258 15
 7497 00d6 BB69     		ldr	r3, [r7, #24]
 7498 00d8 5A01     		lsls	r2, r3, #5
 7499 00da 7B69     		ldr	r3, [r7, #20]
 7500 00dc 1344     		add	r3, r3, r2
 7501 00de 03F5A063 		add	r3, r3, #1280
 7502              		.loc 1 2258 25
 7503 00e2 1B68     		ldr	r3, [r3]
 7504              		.loc 1 2258 34
 7505 00e4 03F00043 		and	r3, r3, #-2147483648
 7506              		.loc 1 2258 58
 7507 00e8 B3F1004F 		cmp	r3, #-2147483648
 7508 00ec ECD0     		beq	.L332
 7509 00ee 00E0     		b	.L331
 7510              	.L335:
2256:Drivers/STM32F4xx_HAL_Driver/Src/stm32f4xx_ll_usb.c ****       }
 7511              		.loc 1 2256 9
 7512 00f0 00BF     		nop
 7513              	.L331:
2242:Drivers/STM32F4xx_HAL_Driver/Src/stm32f4xx_ll_usb.c ****   {
 7514              		.loc 1 2242 27 discriminator 2
 7515 00f2 BB69     		ldr	r3, [r7, #24]
 7516 00f4 0133     		adds	r3, r3, #1
 7517 00f6 BB61     		str	r3, [r7, #24]
 7518              	.L329:
2242:Drivers/STM32F4xx_HAL_Driver/Src/stm32f4xx_ll_usb.c ****   {
 7519              		.loc 1 2242 18 discriminator 1
 7520 00f8 BB69     		ldr	r3, [r7, #24]
 7521 00fa 0F2B     		cmp	r3, #15
 7522 00fc C7D9     		bls	.L333
2259:Drivers/STM32F4xx_HAL_Driver/Src/stm32f4xx_ll_usb.c ****   }
2260:Drivers/STM32F4xx_HAL_Driver/Src/stm32f4xx_ll_usb.c **** 
2261:Drivers/STM32F4xx_HAL_Driver/Src/stm32f4xx_ll_usb.c ****   /* Clear any pending Host interrupts */
2262:Drivers/STM32F4xx_HAL_Driver/Src/stm32f4xx_ll_usb.c ****   USBx_HOST->HAINT = CLEAR_INTERRUPT_MASK;
 7523              		.loc 1 2262 3
 7524 00fe 7B69     		ldr	r3, [r7, #20]
 7525 0100 03F58063 		add	r3, r3, #1024
 7526 0104 1A46     		mov	r2, r3
 7527              		.loc 1 2262 20
 7528 0106 4FF0FF33 		mov	r3, #-1
 7529 010a 5361     		str	r3, [r2, #20]
2263:Drivers/STM32F4xx_HAL_Driver/Src/stm32f4xx_ll_usb.c ****   USBx->GINTSTS = CLEAR_INTERRUPT_MASK;
 7530              		.loc 1 2263 17
 7531 010c 7B68     		ldr	r3, [r7, #4]
 7532 010e 4FF0FF32 		mov	r2, #-1
 7533 0112 5A61     		str	r2, [r3, #20]
2264:Drivers/STM32F4xx_HAL_Driver/Src/stm32f4xx_ll_usb.c **** 
2265:Drivers/STM32F4xx_HAL_Driver/Src/stm32f4xx_ll_usb.c ****   (void)USB_EnableGlobalInt(USBx);
 7534              		.loc 1 2265 9
ARM GAS  /tmp/ccLxLv8v.s 			page 173


 7535 0114 7868     		ldr	r0, [r7, #4]
 7536 0116 FFF7FEFF 		bl	USB_EnableGlobalInt
2266:Drivers/STM32F4xx_HAL_Driver/Src/stm32f4xx_ll_usb.c **** 
2267:Drivers/STM32F4xx_HAL_Driver/Src/stm32f4xx_ll_usb.c ****   return ret;
 7537              		.loc 1 2267 10
 7538 011a FB7F     		ldrb	r3, [r7, #31]	@ zero_extendqisi2
2268:Drivers/STM32F4xx_HAL_Driver/Src/stm32f4xx_ll_usb.c **** }
 7539              		.loc 1 2268 1
 7540 011c 1846     		mov	r0, r3
 7541 011e 2037     		adds	r7, r7, #32
 7542              	.LCFI279:
 7543              		.cfi_def_cfa_offset 8
 7544 0120 BD46     		mov	sp, r7
 7545              	.LCFI280:
 7546              		.cfi_def_cfa_register 13
 7547              		@ sp needed
 7548 0122 80BD     		pop	{r7, pc}
 7549              		.cfi_endproc
 7550              	.LFE266:
 7552              		.section	.text.USB_ActivateRemoteWakeup,"ax",%progbits
 7553              		.align	1
 7554              		.global	USB_ActivateRemoteWakeup
 7555              		.syntax unified
 7556              		.thumb
 7557              		.thumb_func
 7559              	USB_ActivateRemoteWakeup:
 7560              	.LFB267:
2269:Drivers/STM32F4xx_HAL_Driver/Src/stm32f4xx_ll_usb.c **** 
2270:Drivers/STM32F4xx_HAL_Driver/Src/stm32f4xx_ll_usb.c **** /**
2271:Drivers/STM32F4xx_HAL_Driver/Src/stm32f4xx_ll_usb.c ****   * @brief  USB_ActivateRemoteWakeup active remote wakeup signalling
2272:Drivers/STM32F4xx_HAL_Driver/Src/stm32f4xx_ll_usb.c ****   * @param  USBx Selected device
2273:Drivers/STM32F4xx_HAL_Driver/Src/stm32f4xx_ll_usb.c ****   * @retval HAL status
2274:Drivers/STM32F4xx_HAL_Driver/Src/stm32f4xx_ll_usb.c ****   */
2275:Drivers/STM32F4xx_HAL_Driver/Src/stm32f4xx_ll_usb.c **** HAL_StatusTypeDef USB_ActivateRemoteWakeup(const USB_OTG_GlobalTypeDef *USBx)
2276:Drivers/STM32F4xx_HAL_Driver/Src/stm32f4xx_ll_usb.c **** {
 7561              		.loc 1 2276 1
 7562              		.cfi_startproc
 7563              		@ args = 0, pretend = 0, frame = 16
 7564              		@ frame_needed = 1, uses_anonymous_args = 0
 7565              		@ link register save eliminated.
 7566 0000 80B4     		push	{r7}
 7567              	.LCFI281:
 7568              		.cfi_def_cfa_offset 4
 7569              		.cfi_offset 7, -4
 7570 0002 85B0     		sub	sp, sp, #20
 7571              	.LCFI282:
 7572              		.cfi_def_cfa_offset 24
 7573 0004 00AF     		add	r7, sp, #0
 7574              	.LCFI283:
 7575              		.cfi_def_cfa_register 7
 7576 0006 7860     		str	r0, [r7, #4]
2277:Drivers/STM32F4xx_HAL_Driver/Src/stm32f4xx_ll_usb.c ****   uint32_t USBx_BASE = (uint32_t)USBx;
 7577              		.loc 1 2277 12
 7578 0008 7B68     		ldr	r3, [r7, #4]
 7579 000a FB60     		str	r3, [r7, #12]
2278:Drivers/STM32F4xx_HAL_Driver/Src/stm32f4xx_ll_usb.c **** 
2279:Drivers/STM32F4xx_HAL_Driver/Src/stm32f4xx_ll_usb.c ****   if ((USBx_DEVICE->DSTS & USB_OTG_DSTS_SUSPSTS) == USB_OTG_DSTS_SUSPSTS)
ARM GAS  /tmp/ccLxLv8v.s 			page 174


 7580              		.loc 1 2279 8
 7581 000c FB68     		ldr	r3, [r7, #12]
 7582 000e 03F50063 		add	r3, r3, #2048
 7583              		.loc 1 2279 19
 7584 0012 9B68     		ldr	r3, [r3, #8]
 7585              		.loc 1 2279 26
 7586 0014 03F00103 		and	r3, r3, #1
 7587              		.loc 1 2279 6
 7588 0018 012B     		cmp	r3, #1
 7589 001a 09D1     		bne	.L337
2280:Drivers/STM32F4xx_HAL_Driver/Src/stm32f4xx_ll_usb.c ****   {
2281:Drivers/STM32F4xx_HAL_Driver/Src/stm32f4xx_ll_usb.c ****     /* active Remote wakeup signalling */
2282:Drivers/STM32F4xx_HAL_Driver/Src/stm32f4xx_ll_usb.c ****     USBx_DEVICE->DCTL |= USB_OTG_DCTL_RWUSIG;
 7590              		.loc 1 2282 16
 7591 001c FB68     		ldr	r3, [r7, #12]
 7592 001e 03F50063 		add	r3, r3, #2048
 7593 0022 5B68     		ldr	r3, [r3, #4]
 7594 0024 FA68     		ldr	r2, [r7, #12]
 7595 0026 02F50062 		add	r2, r2, #2048
 7596              		.loc 1 2282 23
 7597 002a 43F00103 		orr	r3, r3, #1
 7598 002e 5360     		str	r3, [r2, #4]
 7599              	.L337:
2283:Drivers/STM32F4xx_HAL_Driver/Src/stm32f4xx_ll_usb.c ****   }
2284:Drivers/STM32F4xx_HAL_Driver/Src/stm32f4xx_ll_usb.c **** 
2285:Drivers/STM32F4xx_HAL_Driver/Src/stm32f4xx_ll_usb.c ****   return HAL_OK;
 7600              		.loc 1 2285 10
 7601 0030 0023     		movs	r3, #0
2286:Drivers/STM32F4xx_HAL_Driver/Src/stm32f4xx_ll_usb.c **** }
 7602              		.loc 1 2286 1
 7603 0032 1846     		mov	r0, r3
 7604 0034 1437     		adds	r7, r7, #20
 7605              	.LCFI284:
 7606              		.cfi_def_cfa_offset 4
 7607 0036 BD46     		mov	sp, r7
 7608              	.LCFI285:
 7609              		.cfi_def_cfa_register 13
 7610              		@ sp needed
 7611 0038 80BC     		pop	{r7}
 7612              	.LCFI286:
 7613              		.cfi_restore 7
 7614              		.cfi_def_cfa_offset 0
 7615 003a 7047     		bx	lr
 7616              		.cfi_endproc
 7617              	.LFE267:
 7619              		.section	.text.USB_DeActivateRemoteWakeup,"ax",%progbits
 7620              		.align	1
 7621              		.global	USB_DeActivateRemoteWakeup
 7622              		.syntax unified
 7623              		.thumb
 7624              		.thumb_func
 7626              	USB_DeActivateRemoteWakeup:
 7627              	.LFB268:
2287:Drivers/STM32F4xx_HAL_Driver/Src/stm32f4xx_ll_usb.c **** 
2288:Drivers/STM32F4xx_HAL_Driver/Src/stm32f4xx_ll_usb.c **** /**
2289:Drivers/STM32F4xx_HAL_Driver/Src/stm32f4xx_ll_usb.c ****   * @brief  USB_DeActivateRemoteWakeup de-active remote wakeup signalling
2290:Drivers/STM32F4xx_HAL_Driver/Src/stm32f4xx_ll_usb.c ****   * @param  USBx Selected device
ARM GAS  /tmp/ccLxLv8v.s 			page 175


2291:Drivers/STM32F4xx_HAL_Driver/Src/stm32f4xx_ll_usb.c ****   * @retval HAL status
2292:Drivers/STM32F4xx_HAL_Driver/Src/stm32f4xx_ll_usb.c ****   */
2293:Drivers/STM32F4xx_HAL_Driver/Src/stm32f4xx_ll_usb.c **** HAL_StatusTypeDef USB_DeActivateRemoteWakeup(const USB_OTG_GlobalTypeDef *USBx)
2294:Drivers/STM32F4xx_HAL_Driver/Src/stm32f4xx_ll_usb.c **** {
 7628              		.loc 1 2294 1
 7629              		.cfi_startproc
 7630              		@ args = 0, pretend = 0, frame = 16
 7631              		@ frame_needed = 1, uses_anonymous_args = 0
 7632              		@ link register save eliminated.
 7633 0000 80B4     		push	{r7}
 7634              	.LCFI287:
 7635              		.cfi_def_cfa_offset 4
 7636              		.cfi_offset 7, -4
 7637 0002 85B0     		sub	sp, sp, #20
 7638              	.LCFI288:
 7639              		.cfi_def_cfa_offset 24
 7640 0004 00AF     		add	r7, sp, #0
 7641              	.LCFI289:
 7642              		.cfi_def_cfa_register 7
 7643 0006 7860     		str	r0, [r7, #4]
2295:Drivers/STM32F4xx_HAL_Driver/Src/stm32f4xx_ll_usb.c ****   uint32_t USBx_BASE = (uint32_t)USBx;
 7644              		.loc 1 2295 12
 7645 0008 7B68     		ldr	r3, [r7, #4]
 7646 000a FB60     		str	r3, [r7, #12]
2296:Drivers/STM32F4xx_HAL_Driver/Src/stm32f4xx_ll_usb.c **** 
2297:Drivers/STM32F4xx_HAL_Driver/Src/stm32f4xx_ll_usb.c ****   /* active Remote wakeup signalling */
2298:Drivers/STM32F4xx_HAL_Driver/Src/stm32f4xx_ll_usb.c ****   USBx_DEVICE->DCTL &= ~(USB_OTG_DCTL_RWUSIG);
 7647              		.loc 1 2298 14
 7648 000c FB68     		ldr	r3, [r7, #12]
 7649 000e 03F50063 		add	r3, r3, #2048
 7650 0012 5B68     		ldr	r3, [r3, #4]
 7651 0014 FA68     		ldr	r2, [r7, #12]
 7652 0016 02F50062 		add	r2, r2, #2048
 7653              		.loc 1 2298 21
 7654 001a 23F00103 		bic	r3, r3, #1
 7655 001e 5360     		str	r3, [r2, #4]
2299:Drivers/STM32F4xx_HAL_Driver/Src/stm32f4xx_ll_usb.c **** 
2300:Drivers/STM32F4xx_HAL_Driver/Src/stm32f4xx_ll_usb.c ****   return HAL_OK;
 7656              		.loc 1 2300 10
 7657 0020 0023     		movs	r3, #0
2301:Drivers/STM32F4xx_HAL_Driver/Src/stm32f4xx_ll_usb.c **** }
 7658              		.loc 1 2301 1
 7659 0022 1846     		mov	r0, r3
 7660 0024 1437     		adds	r7, r7, #20
 7661              	.LCFI290:
 7662              		.cfi_def_cfa_offset 4
 7663 0026 BD46     		mov	sp, r7
 7664              	.LCFI291:
 7665              		.cfi_def_cfa_register 13
 7666              		@ sp needed
 7667 0028 80BC     		pop	{r7}
 7668              	.LCFI292:
 7669              		.cfi_restore 7
 7670              		.cfi_def_cfa_offset 0
 7671 002a 7047     		bx	lr
 7672              		.cfi_endproc
 7673              	.LFE268:
ARM GAS  /tmp/ccLxLv8v.s 			page 176


 7675              		.text
 7676              	.Letext0:
 7677              		.file 2 "/home/fabio/arm-gnu-toolchain-15.2.rel1-x86_64-arm-none-eabi/arm-none-eabi/include/machin
 7678              		.file 3 "/home/fabio/arm-gnu-toolchain-15.2.rel1-x86_64-arm-none-eabi/arm-none-eabi/include/sys/_s
 7679              		.file 4 "Drivers/CMSIS/Include/cmsis_gcc.h"
 7680              		.file 5 "Drivers/CMSIS/Device/ST/STM32F4xx/Include/stm32f411xe.h"
 7681              		.file 6 "Drivers/STM32F4xx_HAL_Driver/Inc/stm32f4xx_hal_def.h"
 7682              		.file 7 "Drivers/STM32F4xx_HAL_Driver/Inc/stm32f4xx_ll_usb.h"
 7683              		.file 8 "Drivers/STM32F4xx_HAL_Driver/Inc/stm32f4xx_hal.h"
ARM GAS  /tmp/ccLxLv8v.s 			page 177


DEFINED SYMBOLS
                            *ABS*:00000000 stm32f4xx_ll_usb.c
     /tmp/ccLxLv8v.s:21     .text.USB_CoreInit:00000000 $t
     /tmp/ccLxLv8v.s:27     .text.USB_CoreInit:00000000 USB_CoreInit
     /tmp/ccLxLv8v.s:4967   .text.USB_CoreReset:00000000 USB_CoreReset
     /tmp/ccLxLv8v.s:175    .text.USB_SetTurnaroundTime:00000000 $t
     /tmp/ccLxLv8v.s:181    .text.USB_SetTurnaroundTime:00000000 USB_SetTurnaroundTime
     /tmp/ccLxLv8v.s:397    .text.USB_SetTurnaroundTime:0000011c $d
     /tmp/ccLxLv8v.s:411    .text.USB_EnableGlobalInt:00000000 $t
     /tmp/ccLxLv8v.s:417    .text.USB_EnableGlobalInt:00000000 USB_EnableGlobalInt
     /tmp/ccLxLv8v.s:462    .text.USB_DisableGlobalInt:00000000 $t
     /tmp/ccLxLv8v.s:468    .text.USB_DisableGlobalInt:00000000 USB_DisableGlobalInt
     /tmp/ccLxLv8v.s:513    .text.USB_SetCurrentMode:00000000 $t
     /tmp/ccLxLv8v.s:519    .text.USB_SetCurrentMode:00000000 USB_SetCurrentMode
     /tmp/ccLxLv8v.s:4717   .text.USB_GetMode:00000000 USB_GetMode
     /tmp/ccLxLv8v.s:642    .text.USB_DevInit:00000000 $t
     /tmp/ccLxLv8v.s:648    .text.USB_DevInit:00000000 USB_DevInit
     /tmp/ccLxLv8v.s:1308   .text.USB_SetDevSpeed:00000000 USB_SetDevSpeed
     /tmp/ccLxLv8v.s:1109   .text.USB_FlushTxFifo:00000000 USB_FlushTxFifo
     /tmp/ccLxLv8v.s:1211   .text.USB_FlushRxFifo:00000000 USB_FlushRxFifo
     /tmp/ccLxLv8v.s:1098   .text.USB_DevInit:000002c4 $d
     /tmp/ccLxLv8v.s:1103   .text.USB_FlushTxFifo:00000000 $t
     /tmp/ccLxLv8v.s:1205   .text.USB_FlushRxFifo:00000000 $t
     /tmp/ccLxLv8v.s:1302   .text.USB_SetDevSpeed:00000000 $t
     /tmp/ccLxLv8v.s:1363   .text.USB_GetDevSpeed:00000000 $t
     /tmp/ccLxLv8v.s:1369   .text.USB_GetDevSpeed:00000000 USB_GetDevSpeed
     /tmp/ccLxLv8v.s:1445   .text.USB_ActivateEndpoint:00000000 $t
     /tmp/ccLxLv8v.s:1451   .text.USB_ActivateEndpoint:00000000 USB_ActivateEndpoint
     /tmp/ccLxLv8v.s:1640   .text.USB_ActivateDedicatedEndpoint:00000000 $t
     /tmp/ccLxLv8v.s:1646   .text.USB_ActivateDedicatedEndpoint:00000000 USB_ActivateDedicatedEndpoint
     /tmp/ccLxLv8v.s:1841   .text.USB_DeactivateEndpoint:00000000 $t
     /tmp/ccLxLv8v.s:1847   .text.USB_DeactivateEndpoint:00000000 USB_DeactivateEndpoint
     /tmp/ccLxLv8v.s:2112   .text.USB_DeactivateEndpoint:000001b0 $d
     /tmp/ccLxLv8v.s:2118   .text.USB_DeactivateDedicatedEndpoint:00000000 $t
     /tmp/ccLxLv8v.s:2124   .text.USB_DeactivateDedicatedEndpoint:00000000 USB_DeactivateDedicatedEndpoint
     /tmp/ccLxLv8v.s:2342   .text.USB_EPStartXfer:00000000 $t
     /tmp/ccLxLv8v.s:2348   .text.USB_EPStartXfer:00000000 USB_EPStartXfer
     /tmp/ccLxLv8v.s:3367   .text.USB_WritePacket:00000000 USB_WritePacket
     /tmp/ccLxLv8v.s:2902   .text.USB_EPStartXfer:000003cc $d
     /tmp/ccLxLv8v.s:2905   .text.USB_EPStartXfer:000003d0 $t
     /tmp/ccLxLv8v.s:3123   .text.USB_EPStartXfer:00000538 $d
     /tmp/ccLxLv8v.s:3128   .text.USB_EPStopXfer:00000000 $t
     /tmp/ccLxLv8v.s:3134   .text.USB_EPStopXfer:00000000 USB_EPStopXfer
     /tmp/ccLxLv8v.s:3361   .text.USB_WritePacket:00000000 $t
     /tmp/ccLxLv8v.s:3474   .text.USB_ReadPacket:00000000 $t
     /tmp/ccLxLv8v.s:3480   .text.USB_ReadPacket:00000000 USB_ReadPacket
     /tmp/ccLxLv8v.s:3621   .text.USB_EPSetStall:00000000 $t
     /tmp/ccLxLv8v.s:3627   .text.USB_EPSetStall:00000000 USB_EPSetStall
     /tmp/ccLxLv8v.s:3775   .text.USB_EPClearStall:00000000 $t
     /tmp/ccLxLv8v.s:3781   .text.USB_EPClearStall:00000000 USB_EPClearStall
     /tmp/ccLxLv8v.s:3923   .text.USB_StopDevice:00000000 $t
     /tmp/ccLxLv8v.s:3929   .text.USB_StopDevice:00000000 USB_StopDevice
     /tmp/ccLxLv8v.s:4050   .text.USB_SetDevAddress:00000000 $t
     /tmp/ccLxLv8v.s:4056   .text.USB_SetDevAddress:00000000 USB_SetDevAddress
     /tmp/ccLxLv8v.s:4124   .text.USB_DevConnect:00000000 $t
     /tmp/ccLxLv8v.s:4130   .text.USB_DevConnect:00000000 USB_DevConnect
     /tmp/ccLxLv8v.s:4190   .text.USB_DevDisconnect:00000000 $t
ARM GAS  /tmp/ccLxLv8v.s 			page 178


     /tmp/ccLxLv8v.s:4196   .text.USB_DevDisconnect:00000000 USB_DevDisconnect
     /tmp/ccLxLv8v.s:4256   .text.USB_ReadInterrupts:00000000 $t
     /tmp/ccLxLv8v.s:4262   .text.USB_ReadInterrupts:00000000 USB_ReadInterrupts
     /tmp/ccLxLv8v.s:4311   .text.USB_ReadChInterrupts:00000000 $t
     /tmp/ccLxLv8v.s:4317   .text.USB_ReadChInterrupts:00000000 USB_ReadChInterrupts
     /tmp/ccLxLv8v.s:4381   .text.USB_ReadDevAllOutEpInterrupt:00000000 $t
     /tmp/ccLxLv8v.s:4387   .text.USB_ReadDevAllOutEpInterrupt:00000000 USB_ReadDevAllOutEpInterrupt
     /tmp/ccLxLv8v.s:4444   .text.USB_ReadDevAllInEpInterrupt:00000000 $t
     /tmp/ccLxLv8v.s:4450   .text.USB_ReadDevAllInEpInterrupt:00000000 USB_ReadDevAllInEpInterrupt
     /tmp/ccLxLv8v.s:4507   .text.USB_ReadDevOutEPInterrupt:00000000 $t
     /tmp/ccLxLv8v.s:4513   .text.USB_ReadDevOutEPInterrupt:00000000 USB_ReadDevOutEPInterrupt
     /tmp/ccLxLv8v.s:4574   .text.USB_ReadDevInEPInterrupt:00000000 $t
     /tmp/ccLxLv8v.s:4580   .text.USB_ReadDevInEPInterrupt:00000000 USB_ReadDevInEPInterrupt
     /tmp/ccLxLv8v.s:4660   .text.USB_ClearInterrupts:00000000 $t
     /tmp/ccLxLv8v.s:4666   .text.USB_ClearInterrupts:00000000 USB_ClearInterrupts
     /tmp/ccLxLv8v.s:4711   .text.USB_GetMode:00000000 $t
     /tmp/ccLxLv8v.s:4758   .text.USB_ActivateSetup:00000000 $t
     /tmp/ccLxLv8v.s:4764   .text.USB_ActivateSetup:00000000 USB_ActivateSetup
     /tmp/ccLxLv8v.s:4824   .text.USB_EP0_OutStart:00000000 $t
     /tmp/ccLxLv8v.s:4830   .text.USB_EP0_OutStart:00000000 USB_EP0_OutStart
     /tmp/ccLxLv8v.s:4957   .text.USB_EP0_OutStart:000000b4 $d
     /tmp/ccLxLv8v.s:4962   .text.USB_CoreReset:00000000 $t
     /tmp/ccLxLv8v.s:5061   .text.USB_HostInit:00000000 $t
     /tmp/ccLxLv8v.s:5067   .text.USB_HostInit:00000000 USB_HostInit
     /tmp/ccLxLv8v.s:5294   .text.USB_HostInit:00000150 $d
     /tmp/ccLxLv8v.s:5301   .text.USB_InitFSLSPClkSel:00000000 $t
     /tmp/ccLxLv8v.s:5307   .text.USB_InitFSLSPClkSel:00000000 USB_InitFSLSPClkSel
     /tmp/ccLxLv8v.s:5403   .text.USB_ResetPort:00000000 $t
     /tmp/ccLxLv8v.s:5409   .text.USB_ResetPort:00000000 USB_ResetPort
     /tmp/ccLxLv8v.s:5483   .text.USB_DriveVbus:00000000 $t
     /tmp/ccLxLv8v.s:5489   .text.USB_DriveVbus:00000000 USB_DriveVbus
     /tmp/ccLxLv8v.s:5585   .text.USB_GetHostSpeed:00000000 $t
     /tmp/ccLxLv8v.s:5591   .text.USB_GetHostSpeed:00000000 USB_GetHostSpeed
     /tmp/ccLxLv8v.s:5643   .text.USB_GetCurrentFrame:00000000 $t
     /tmp/ccLxLv8v.s:5649   .text.USB_GetCurrentFrame:00000000 USB_GetCurrentFrame
     /tmp/ccLxLv8v.s:5695   .text.USB_HC_Init:00000000 $t
     /tmp/ccLxLv8v.s:5701   .text.USB_HC_Init:00000000 USB_HC_Init
     /tmp/ccLxLv8v.s:6042   .text.USB_HC_StartXfer:00000000 $t
     /tmp/ccLxLv8v.s:6048   .text.USB_HC_StartXfer:00000000 USB_HC_StartXfer
     /tmp/ccLxLv8v.s:6687   .text.USB_HC_StartXfer:000003d0 $d
     /tmp/ccLxLv8v.s:6690   .text.USB_HC_StartXfer:000003d4 $t
     /tmp/ccLxLv8v.s:6829   .text.USB_HC_ReadInterrupt:00000000 $t
     /tmp/ccLxLv8v.s:6835   .text.USB_HC_ReadInterrupt:00000000 USB_HC_ReadInterrupt
     /tmp/ccLxLv8v.s:6881   .text.USB_HC_Halt:00000000 $t
     /tmp/ccLxLv8v.s:6887   .text.USB_HC_Halt:00000000 USB_HC_Halt
     /tmp/ccLxLv8v.s:7242   .text.USB_DoPing:00000000 $t
     /tmp/ccLxLv8v.s:7248   .text.USB_DoPing:00000000 USB_DoPing
     /tmp/ccLxLv8v.s:7339   .text.USB_DoPing:00000070 $d
     /tmp/ccLxLv8v.s:7344   .text.USB_StopHost:00000000 $t
     /tmp/ccLxLv8v.s:7350   .text.USB_StopHost:00000000 USB_StopHost
     /tmp/ccLxLv8v.s:7553   .text.USB_ActivateRemoteWakeup:00000000 $t
     /tmp/ccLxLv8v.s:7559   .text.USB_ActivateRemoteWakeup:00000000 USB_ActivateRemoteWakeup
     /tmp/ccLxLv8v.s:7620   .text.USB_DeActivateRemoteWakeup:00000000 $t
     /tmp/ccLxLv8v.s:7626   .text.USB_DeActivateRemoteWakeup:00000000 USB_DeActivateRemoteWakeup

UNDEFINED SYMBOLS
HAL_Delay
ARM GAS  /tmp/ccLxLv8v.s 			page 179


