ARM GAS  /tmp/ccsbjPFO.s 			page 1


   1              		.cpu cortex-m4
   2              		.arch armv7e-m
   3              		.fpu fpv4-sp-d16
   4              		.eabi_attribute 27, 1
   5              		.eabi_attribute 28, 1
   6              		.eabi_attribute 20, 1
   7              		.eabi_attribute 21, 1
   8              		.eabi_attribute 23, 3
   9              		.eabi_attribute 24, 1
  10              		.eabi_attribute 25, 1
  11              		.eabi_attribute 26, 1
  12              		.eabi_attribute 30, 6
  13              		.eabi_attribute 34, 1
  14              		.eabi_attribute 18, 4
  15              		.file	"tasks.c"
  16              		.text
  17              	.Ltext0:
  18              		.cfi_sections	.debug_frame
  19              		.file 1 "Middlewares/Third_Party/FreeRTOS/Source/tasks.c"
  20              		.global	pxCurrentTCB
  21              		.section	.bss.pxCurrentTCB,"aw",%nobits
  22              		.align	2
  25              	pxCurrentTCB:
  26 0000 00000000 		.space	4
  27              		.section	.bss.pxReadyTasksLists,"aw",%nobits
  28              		.align	2
  31              	pxReadyTasksLists:
  32 0000 00000000 		.space	1120
  32      00000000 
  32      00000000 
  32      00000000 
  32      00000000 
  33              		.section	.bss.xDelayedTaskList1,"aw",%nobits
  34              		.align	2
  37              	xDelayedTaskList1:
  38 0000 00000000 		.space	20
  38      00000000 
  38      00000000 
  38      00000000 
  38      00000000 
  39              		.section	.bss.xDelayedTaskList2,"aw",%nobits
  40              		.align	2
  43              	xDelayedTaskList2:
  44 0000 00000000 		.space	20
  44      00000000 
  44      00000000 
  44      00000000 
  44      00000000 
  45              		.section	.bss.pxDelayedTaskList,"aw",%nobits
  46              		.align	2
  49              	pxDelayedTaskList:
  50 0000 00000000 		.space	4
  51              		.section	.bss.pxOverflowDelayedTaskList,"aw",%nobits
  52              		.align	2
  55              	pxOverflowDelayedTaskList:
  56 0000 00000000 		.space	4
  57              		.section	.bss.xPendingReadyList,"aw",%nobits
ARM GAS  /tmp/ccsbjPFO.s 			page 2


  58              		.align	2
  61              	xPendingReadyList:
  62 0000 00000000 		.space	20
  62      00000000 
  62      00000000 
  62      00000000 
  62      00000000 
  63              		.section	.bss.xTasksWaitingTermination,"aw",%nobits
  64              		.align	2
  67              	xTasksWaitingTermination:
  68 0000 00000000 		.space	20
  68      00000000 
  68      00000000 
  68      00000000 
  68      00000000 
  69              		.section	.bss.uxDeletedTasksWaitingCleanUp,"aw",%nobits
  70              		.align	2
  73              	uxDeletedTasksWaitingCleanUp:
  74 0000 00000000 		.space	4
  75              		.section	.bss.xSuspendedTaskList,"aw",%nobits
  76              		.align	2
  79              	xSuspendedTaskList:
  80 0000 00000000 		.space	20
  80      00000000 
  80      00000000 
  80      00000000 
  80      00000000 
  81              		.section	.bss.uxCurrentNumberOfTasks,"aw",%nobits
  82              		.align	2
  85              	uxCurrentNumberOfTasks:
  86 0000 00000000 		.space	4
  87              		.section	.bss.xTickCount,"aw",%nobits
  88              		.align	2
  91              	xTickCount:
  92 0000 00000000 		.space	4
  93              		.section	.bss.uxTopReadyPriority,"aw",%nobits
  94              		.align	2
  97              	uxTopReadyPriority:
  98 0000 00000000 		.space	4
  99              		.section	.bss.xSchedulerRunning,"aw",%nobits
 100              		.align	2
 103              	xSchedulerRunning:
 104 0000 00000000 		.space	4
 105              		.section	.bss.xPendedTicks,"aw",%nobits
 106              		.align	2
 109              	xPendedTicks:
 110 0000 00000000 		.space	4
 111              		.section	.bss.xYieldPending,"aw",%nobits
 112              		.align	2
 115              	xYieldPending:
 116 0000 00000000 		.space	4
 117              		.section	.bss.xNumOfOverflows,"aw",%nobits
 118              		.align	2
 121              	xNumOfOverflows:
 122 0000 00000000 		.space	4
 123              		.section	.bss.uxTaskNumber,"aw",%nobits
 124              		.align	2
ARM GAS  /tmp/ccsbjPFO.s 			page 3


 127              	uxTaskNumber:
 128 0000 00000000 		.space	4
 129              		.section	.bss.xNextTaskUnblockTime,"aw",%nobits
 130              		.align	2
 133              	xNextTaskUnblockTime:
 134 0000 00000000 		.space	4
 135              		.section	.bss.xIdleTaskHandle,"aw",%nobits
 136              		.align	2
 139              	xIdleTaskHandle:
 140 0000 00000000 		.space	4
 141              		.section	.bss.uxSchedulerSuspended,"aw",%nobits
 142              		.align	2
 145              	uxSchedulerSuspended:
 146 0000 00000000 		.space	4
 147              		.section	.bss.ulTaskSwitchedInTime,"aw",%nobits
 148              		.align	2
 151              	ulTaskSwitchedInTime:
 152 0000 00000000 		.space	4
 153              		.section	.bss.ulTotalRunTime,"aw",%nobits
 154              		.align	2
 157              	ulTotalRunTime:
 158 0000 00000000 		.space	4
 159              		.section	.text.xTaskCreateStatic,"ax",%progbits
 160              		.align	1
 161              		.global	xTaskCreateStatic
 162              		.syntax unified
 163              		.thumb
 164              		.thumb_func
 166              	xTaskCreateStatic:
 167              	.LFB4:
   1:Middlewares/Third_Party/FreeRTOS/Source/tasks.c **** /*
   2:Middlewares/Third_Party/FreeRTOS/Source/tasks.c ****  * FreeRTOS Kernel V10.3.1
   3:Middlewares/Third_Party/FreeRTOS/Source/tasks.c ****  * Copyright (C) 2020 Amazon.com, Inc. or its affiliates.  All Rights Reserved.
   4:Middlewares/Third_Party/FreeRTOS/Source/tasks.c ****  *
   5:Middlewares/Third_Party/FreeRTOS/Source/tasks.c ****  * Permission is hereby granted, free of charge, to any person obtaining a copy of
   6:Middlewares/Third_Party/FreeRTOS/Source/tasks.c ****  * this software and associated documentation files (the "Software"), to deal in
   7:Middlewares/Third_Party/FreeRTOS/Source/tasks.c ****  * the Software without restriction, including without limitation the rights to
   8:Middlewares/Third_Party/FreeRTOS/Source/tasks.c ****  * use, copy, modify, merge, publish, distribute, sublicense, and/or sell copies of
   9:Middlewares/Third_Party/FreeRTOS/Source/tasks.c ****  * the Software, and to permit persons to whom the Software is furnished to do so,
  10:Middlewares/Third_Party/FreeRTOS/Source/tasks.c ****  * subject to the following conditions:
  11:Middlewares/Third_Party/FreeRTOS/Source/tasks.c ****  *
  12:Middlewares/Third_Party/FreeRTOS/Source/tasks.c ****  * The above copyright notice and this permission notice shall be included in all
  13:Middlewares/Third_Party/FreeRTOS/Source/tasks.c ****  * copies or substantial portions of the Software.
  14:Middlewares/Third_Party/FreeRTOS/Source/tasks.c ****  *
  15:Middlewares/Third_Party/FreeRTOS/Source/tasks.c ****  * THE SOFTWARE IS PROVIDED "AS IS", WITHOUT WARRANTY OF ANY KIND, EXPRESS OR
  16:Middlewares/Third_Party/FreeRTOS/Source/tasks.c ****  * IMPLIED, INCLUDING BUT NOT LIMITED TO THE WARRANTIES OF MERCHANTABILITY, FITNESS
  17:Middlewares/Third_Party/FreeRTOS/Source/tasks.c ****  * FOR A PARTICULAR PURPOSE AND NONINFRINGEMENT. IN NO EVENT SHALL THE AUTHORS OR
  18:Middlewares/Third_Party/FreeRTOS/Source/tasks.c ****  * COPYRIGHT HOLDERS BE LIABLE FOR ANY CLAIM, DAMAGES OR OTHER LIABILITY, WHETHER
  19:Middlewares/Third_Party/FreeRTOS/Source/tasks.c ****  * IN AN ACTION OF CONTRACT, TORT OR OTHERWISE, ARISING FROM, OUT OF OR IN
  20:Middlewares/Third_Party/FreeRTOS/Source/tasks.c ****  * CONNECTION WITH THE SOFTWARE OR THE USE OR OTHER DEALINGS IN THE SOFTWARE.
  21:Middlewares/Third_Party/FreeRTOS/Source/tasks.c ****  *
  22:Middlewares/Third_Party/FreeRTOS/Source/tasks.c ****  * http://www.FreeRTOS.org
  23:Middlewares/Third_Party/FreeRTOS/Source/tasks.c ****  * http://aws.amazon.com/freertos
  24:Middlewares/Third_Party/FreeRTOS/Source/tasks.c ****  *
  25:Middlewares/Third_Party/FreeRTOS/Source/tasks.c ****  * 1 tab == 4 spaces!
  26:Middlewares/Third_Party/FreeRTOS/Source/tasks.c ****  */
  27:Middlewares/Third_Party/FreeRTOS/Source/tasks.c **** 
ARM GAS  /tmp/ccsbjPFO.s 			page 4


  28:Middlewares/Third_Party/FreeRTOS/Source/tasks.c **** /* Standard includes. */
  29:Middlewares/Third_Party/FreeRTOS/Source/tasks.c **** #include <stdlib.h>
  30:Middlewares/Third_Party/FreeRTOS/Source/tasks.c **** #include <string.h>
  31:Middlewares/Third_Party/FreeRTOS/Source/tasks.c **** 
  32:Middlewares/Third_Party/FreeRTOS/Source/tasks.c **** /* Defining MPU_WRAPPERS_INCLUDED_FROM_API_FILE prevents task.h from redefining
  33:Middlewares/Third_Party/FreeRTOS/Source/tasks.c **** all the API functions to use the MPU wrappers.  That should only be done when
  34:Middlewares/Third_Party/FreeRTOS/Source/tasks.c **** task.h is included from an application file. */
  35:Middlewares/Third_Party/FreeRTOS/Source/tasks.c **** #define MPU_WRAPPERS_INCLUDED_FROM_API_FILE
  36:Middlewares/Third_Party/FreeRTOS/Source/tasks.c **** 
  37:Middlewares/Third_Party/FreeRTOS/Source/tasks.c **** /* FreeRTOS includes. */
  38:Middlewares/Third_Party/FreeRTOS/Source/tasks.c **** #include "FreeRTOS.h"
  39:Middlewares/Third_Party/FreeRTOS/Source/tasks.c **** #include "task.h"
  40:Middlewares/Third_Party/FreeRTOS/Source/tasks.c **** #include "timers.h"
  41:Middlewares/Third_Party/FreeRTOS/Source/tasks.c **** #include "stack_macros.h"
  42:Middlewares/Third_Party/FreeRTOS/Source/tasks.c **** 
  43:Middlewares/Third_Party/FreeRTOS/Source/tasks.c **** /* Lint e9021, e961 and e750 are suppressed as a MISRA exception justified
  44:Middlewares/Third_Party/FreeRTOS/Source/tasks.c **** because the MPU ports require MPU_WRAPPERS_INCLUDED_FROM_API_FILE to be defined
  45:Middlewares/Third_Party/FreeRTOS/Source/tasks.c **** for the header files above, but not in this file, in order to generate the
  46:Middlewares/Third_Party/FreeRTOS/Source/tasks.c **** correct privileged Vs unprivileged linkage and placement. */
  47:Middlewares/Third_Party/FreeRTOS/Source/tasks.c **** #undef MPU_WRAPPERS_INCLUDED_FROM_API_FILE /*lint !e961 !e750 !e9021. */
  48:Middlewares/Third_Party/FreeRTOS/Source/tasks.c **** 
  49:Middlewares/Third_Party/FreeRTOS/Source/tasks.c **** /* Set configUSE_STATS_FORMATTING_FUNCTIONS to 2 to include the stats formatting
  50:Middlewares/Third_Party/FreeRTOS/Source/tasks.c **** functions but without including stdio.h here. */
  51:Middlewares/Third_Party/FreeRTOS/Source/tasks.c **** #if ( configUSE_STATS_FORMATTING_FUNCTIONS == 1 )
  52:Middlewares/Third_Party/FreeRTOS/Source/tasks.c **** 	/* At the bottom of this file are two optional functions that can be used
  53:Middlewares/Third_Party/FreeRTOS/Source/tasks.c **** 	to generate human readable text from the raw data generated by the
  54:Middlewares/Third_Party/FreeRTOS/Source/tasks.c **** 	uxTaskGetSystemState() function.  Note the formatting functions are provided
  55:Middlewares/Third_Party/FreeRTOS/Source/tasks.c **** 	for convenience only, and are NOT considered part of the kernel. */
  56:Middlewares/Third_Party/FreeRTOS/Source/tasks.c **** 	#include <stdio.h>
  57:Middlewares/Third_Party/FreeRTOS/Source/tasks.c **** #endif /* configUSE_STATS_FORMATTING_FUNCTIONS == 1 ) */
  58:Middlewares/Third_Party/FreeRTOS/Source/tasks.c **** 
  59:Middlewares/Third_Party/FreeRTOS/Source/tasks.c **** #if( configUSE_PREEMPTION == 0 )
  60:Middlewares/Third_Party/FreeRTOS/Source/tasks.c **** 	/* If the cooperative scheduler is being used then a yield should not be
  61:Middlewares/Third_Party/FreeRTOS/Source/tasks.c **** 	performed just because a higher priority task has been woken. */
  62:Middlewares/Third_Party/FreeRTOS/Source/tasks.c **** 	#define taskYIELD_IF_USING_PREEMPTION()
  63:Middlewares/Third_Party/FreeRTOS/Source/tasks.c **** #else
  64:Middlewares/Third_Party/FreeRTOS/Source/tasks.c **** 	#define taskYIELD_IF_USING_PREEMPTION() portYIELD_WITHIN_API()
  65:Middlewares/Third_Party/FreeRTOS/Source/tasks.c **** #endif
  66:Middlewares/Third_Party/FreeRTOS/Source/tasks.c **** 
  67:Middlewares/Third_Party/FreeRTOS/Source/tasks.c **** /* Values that can be assigned to the ucNotifyState member of the TCB. */
  68:Middlewares/Third_Party/FreeRTOS/Source/tasks.c **** #define taskNOT_WAITING_NOTIFICATION	( ( uint8_t ) 0 )
  69:Middlewares/Third_Party/FreeRTOS/Source/tasks.c **** #define taskWAITING_NOTIFICATION		( ( uint8_t ) 1 )
  70:Middlewares/Third_Party/FreeRTOS/Source/tasks.c **** #define taskNOTIFICATION_RECEIVED		( ( uint8_t ) 2 )
  71:Middlewares/Third_Party/FreeRTOS/Source/tasks.c **** 
  72:Middlewares/Third_Party/FreeRTOS/Source/tasks.c **** /*
  73:Middlewares/Third_Party/FreeRTOS/Source/tasks.c ****  * The value used to fill the stack of a task when the task is created.  This
  74:Middlewares/Third_Party/FreeRTOS/Source/tasks.c ****  * is used purely for checking the high water mark for tasks.
  75:Middlewares/Third_Party/FreeRTOS/Source/tasks.c ****  */
  76:Middlewares/Third_Party/FreeRTOS/Source/tasks.c **** #define tskSTACK_FILL_BYTE	( 0xa5U )
  77:Middlewares/Third_Party/FreeRTOS/Source/tasks.c **** 
  78:Middlewares/Third_Party/FreeRTOS/Source/tasks.c **** /* Bits used to recored how a task's stack and TCB were allocated. */
  79:Middlewares/Third_Party/FreeRTOS/Source/tasks.c **** #define tskDYNAMICALLY_ALLOCATED_STACK_AND_TCB 		( ( uint8_t ) 0 )
  80:Middlewares/Third_Party/FreeRTOS/Source/tasks.c **** #define tskSTATICALLY_ALLOCATED_STACK_ONLY 			( ( uint8_t ) 1 )
  81:Middlewares/Third_Party/FreeRTOS/Source/tasks.c **** #define tskSTATICALLY_ALLOCATED_STACK_AND_TCB		( ( uint8_t ) 2 )
  82:Middlewares/Third_Party/FreeRTOS/Source/tasks.c **** 
  83:Middlewares/Third_Party/FreeRTOS/Source/tasks.c **** /* If any of the following are set then task stacks are filled with a known
  84:Middlewares/Third_Party/FreeRTOS/Source/tasks.c **** value so the high water mark can be determined.  If none of the following are
ARM GAS  /tmp/ccsbjPFO.s 			page 5


  85:Middlewares/Third_Party/FreeRTOS/Source/tasks.c **** set then don't fill the stack so there is no unnecessary dependency on memset. */
  86:Middlewares/Third_Party/FreeRTOS/Source/tasks.c **** #if( ( configCHECK_FOR_STACK_OVERFLOW > 1 ) || ( configUSE_TRACE_FACILITY == 1 ) || ( INCLUDE_uxTas
  87:Middlewares/Third_Party/FreeRTOS/Source/tasks.c **** 	#define tskSET_NEW_STACKS_TO_KNOWN_VALUE	1
  88:Middlewares/Third_Party/FreeRTOS/Source/tasks.c **** #else
  89:Middlewares/Third_Party/FreeRTOS/Source/tasks.c **** 	#define tskSET_NEW_STACKS_TO_KNOWN_VALUE	0
  90:Middlewares/Third_Party/FreeRTOS/Source/tasks.c **** #endif
  91:Middlewares/Third_Party/FreeRTOS/Source/tasks.c **** 
  92:Middlewares/Third_Party/FreeRTOS/Source/tasks.c **** /*
  93:Middlewares/Third_Party/FreeRTOS/Source/tasks.c ****  * Macros used by vListTask to indicate which state a task is in.
  94:Middlewares/Third_Party/FreeRTOS/Source/tasks.c ****  */
  95:Middlewares/Third_Party/FreeRTOS/Source/tasks.c **** #define tskRUNNING_CHAR		( 'X' )
  96:Middlewares/Third_Party/FreeRTOS/Source/tasks.c **** #define tskBLOCKED_CHAR		( 'B' )
  97:Middlewares/Third_Party/FreeRTOS/Source/tasks.c **** #define tskREADY_CHAR		( 'R' )
  98:Middlewares/Third_Party/FreeRTOS/Source/tasks.c **** #define tskDELETED_CHAR		( 'D' )
  99:Middlewares/Third_Party/FreeRTOS/Source/tasks.c **** #define tskSUSPENDED_CHAR	( 'S' )
 100:Middlewares/Third_Party/FreeRTOS/Source/tasks.c **** 
 101:Middlewares/Third_Party/FreeRTOS/Source/tasks.c **** /*
 102:Middlewares/Third_Party/FreeRTOS/Source/tasks.c ****  * Some kernel aware debuggers require the data the debugger needs access to be
 103:Middlewares/Third_Party/FreeRTOS/Source/tasks.c ****  * global, rather than file scope.
 104:Middlewares/Third_Party/FreeRTOS/Source/tasks.c ****  */
 105:Middlewares/Third_Party/FreeRTOS/Source/tasks.c **** #ifdef portREMOVE_STATIC_QUALIFIER
 106:Middlewares/Third_Party/FreeRTOS/Source/tasks.c **** 	#define static
 107:Middlewares/Third_Party/FreeRTOS/Source/tasks.c **** #endif
 108:Middlewares/Third_Party/FreeRTOS/Source/tasks.c **** 
 109:Middlewares/Third_Party/FreeRTOS/Source/tasks.c **** /* The name allocated to the Idle task.  This can be overridden by defining
 110:Middlewares/Third_Party/FreeRTOS/Source/tasks.c **** configIDLE_TASK_NAME in FreeRTOSConfig.h. */
 111:Middlewares/Third_Party/FreeRTOS/Source/tasks.c **** #ifndef configIDLE_TASK_NAME
 112:Middlewares/Third_Party/FreeRTOS/Source/tasks.c **** 	#define configIDLE_TASK_NAME "IDLE"
 113:Middlewares/Third_Party/FreeRTOS/Source/tasks.c **** #endif
 114:Middlewares/Third_Party/FreeRTOS/Source/tasks.c **** 
 115:Middlewares/Third_Party/FreeRTOS/Source/tasks.c **** #if ( configUSE_PORT_OPTIMISED_TASK_SELECTION == 0 )
 116:Middlewares/Third_Party/FreeRTOS/Source/tasks.c **** 
 117:Middlewares/Third_Party/FreeRTOS/Source/tasks.c **** 	/* If configUSE_PORT_OPTIMISED_TASK_SELECTION is 0 then task selection is
 118:Middlewares/Third_Party/FreeRTOS/Source/tasks.c **** 	performed in a generic way that is not optimised to any particular
 119:Middlewares/Third_Party/FreeRTOS/Source/tasks.c **** 	microcontroller architecture. */
 120:Middlewares/Third_Party/FreeRTOS/Source/tasks.c **** 
 121:Middlewares/Third_Party/FreeRTOS/Source/tasks.c **** 	/* uxTopReadyPriority holds the priority of the highest priority ready
 122:Middlewares/Third_Party/FreeRTOS/Source/tasks.c **** 	state task. */
 123:Middlewares/Third_Party/FreeRTOS/Source/tasks.c **** 	#define taskRECORD_READY_PRIORITY( uxPriority )														\
 124:Middlewares/Third_Party/FreeRTOS/Source/tasks.c **** 	{																									\
 125:Middlewares/Third_Party/FreeRTOS/Source/tasks.c **** 		if( ( uxPriority ) > uxTopReadyPriority )														\
 126:Middlewares/Third_Party/FreeRTOS/Source/tasks.c **** 		{																								\
 127:Middlewares/Third_Party/FreeRTOS/Source/tasks.c **** 			uxTopReadyPriority = ( uxPriority );														\
 128:Middlewares/Third_Party/FreeRTOS/Source/tasks.c **** 		}																								\
 129:Middlewares/Third_Party/FreeRTOS/Source/tasks.c **** 	} /* taskRECORD_READY_PRIORITY */
 130:Middlewares/Third_Party/FreeRTOS/Source/tasks.c **** 
 131:Middlewares/Third_Party/FreeRTOS/Source/tasks.c **** 	/*-----------------------------------------------------------*/
 132:Middlewares/Third_Party/FreeRTOS/Source/tasks.c **** 
 133:Middlewares/Third_Party/FreeRTOS/Source/tasks.c **** 	#define taskSELECT_HIGHEST_PRIORITY_TASK()															\
 134:Middlewares/Third_Party/FreeRTOS/Source/tasks.c **** 	{																									\
 135:Middlewares/Third_Party/FreeRTOS/Source/tasks.c **** 	UBaseType_t uxTopPriority = uxTopReadyPriority;														\
 136:Middlewares/Third_Party/FreeRTOS/Source/tasks.c **** 																										\
 137:Middlewares/Third_Party/FreeRTOS/Source/tasks.c **** 		/* Find the highest priority queue that contains ready tasks. */								\
 138:Middlewares/Third_Party/FreeRTOS/Source/tasks.c **** 		while( listLIST_IS_EMPTY( &( pxReadyTasksLists[ uxTopPriority ] ) ) )							\
 139:Middlewares/Third_Party/FreeRTOS/Source/tasks.c **** 		{																								\
 140:Middlewares/Third_Party/FreeRTOS/Source/tasks.c **** 			configASSERT( uxTopPriority );																\
 141:Middlewares/Third_Party/FreeRTOS/Source/tasks.c **** 			--uxTopPriority;																			\
ARM GAS  /tmp/ccsbjPFO.s 			page 6


 142:Middlewares/Third_Party/FreeRTOS/Source/tasks.c **** 		}																								\
 143:Middlewares/Third_Party/FreeRTOS/Source/tasks.c **** 																										\
 144:Middlewares/Third_Party/FreeRTOS/Source/tasks.c **** 		/* listGET_OWNER_OF_NEXT_ENTRY indexes through the list, so the tasks of						\
 145:Middlewares/Third_Party/FreeRTOS/Source/tasks.c **** 		the	same priority get an equal share of the processor time. */									\
 146:Middlewares/Third_Party/FreeRTOS/Source/tasks.c **** 		listGET_OWNER_OF_NEXT_ENTRY( pxCurrentTCB, &( pxReadyTasksLists[ uxTopPriority ] ) );			\
 147:Middlewares/Third_Party/FreeRTOS/Source/tasks.c **** 		uxTopReadyPriority = uxTopPriority;																\
 148:Middlewares/Third_Party/FreeRTOS/Source/tasks.c **** 	} /* taskSELECT_HIGHEST_PRIORITY_TASK */
 149:Middlewares/Third_Party/FreeRTOS/Source/tasks.c **** 
 150:Middlewares/Third_Party/FreeRTOS/Source/tasks.c **** 	/*-----------------------------------------------------------*/
 151:Middlewares/Third_Party/FreeRTOS/Source/tasks.c **** 
 152:Middlewares/Third_Party/FreeRTOS/Source/tasks.c **** 	/* Define away taskRESET_READY_PRIORITY() and portRESET_READY_PRIORITY() as
 153:Middlewares/Third_Party/FreeRTOS/Source/tasks.c **** 	they are only required when a port optimised method of task selection is
 154:Middlewares/Third_Party/FreeRTOS/Source/tasks.c **** 	being used. */
 155:Middlewares/Third_Party/FreeRTOS/Source/tasks.c **** 	#define taskRESET_READY_PRIORITY( uxPriority )
 156:Middlewares/Third_Party/FreeRTOS/Source/tasks.c **** 	#define portRESET_READY_PRIORITY( uxPriority, uxTopReadyPriority )
 157:Middlewares/Third_Party/FreeRTOS/Source/tasks.c **** 
 158:Middlewares/Third_Party/FreeRTOS/Source/tasks.c **** #else /* configUSE_PORT_OPTIMISED_TASK_SELECTION */
 159:Middlewares/Third_Party/FreeRTOS/Source/tasks.c **** 
 160:Middlewares/Third_Party/FreeRTOS/Source/tasks.c **** 	/* If configUSE_PORT_OPTIMISED_TASK_SELECTION is 1 then task selection is
 161:Middlewares/Third_Party/FreeRTOS/Source/tasks.c **** 	performed in a way that is tailored to the particular microcontroller
 162:Middlewares/Third_Party/FreeRTOS/Source/tasks.c **** 	architecture being used. */
 163:Middlewares/Third_Party/FreeRTOS/Source/tasks.c **** 
 164:Middlewares/Third_Party/FreeRTOS/Source/tasks.c **** 	/* A port optimised version is provided.  Call the port defined macros. */
 165:Middlewares/Third_Party/FreeRTOS/Source/tasks.c **** 	#define taskRECORD_READY_PRIORITY( uxPriority )	portRECORD_READY_PRIORITY( uxPriority, uxTopReadyP
 166:Middlewares/Third_Party/FreeRTOS/Source/tasks.c **** 
 167:Middlewares/Third_Party/FreeRTOS/Source/tasks.c **** 	/*-----------------------------------------------------------*/
 168:Middlewares/Third_Party/FreeRTOS/Source/tasks.c **** 
 169:Middlewares/Third_Party/FreeRTOS/Source/tasks.c **** 	#define taskSELECT_HIGHEST_PRIORITY_TASK()														\
 170:Middlewares/Third_Party/FreeRTOS/Source/tasks.c **** 	{																								\
 171:Middlewares/Third_Party/FreeRTOS/Source/tasks.c **** 	UBaseType_t uxTopPriority;																		\
 172:Middlewares/Third_Party/FreeRTOS/Source/tasks.c **** 																									\
 173:Middlewares/Third_Party/FreeRTOS/Source/tasks.c **** 		/* Find the highest priority list that contains ready tasks. */								\
 174:Middlewares/Third_Party/FreeRTOS/Source/tasks.c **** 		portGET_HIGHEST_PRIORITY( uxTopPriority, uxTopReadyPriority );								\
 175:Middlewares/Third_Party/FreeRTOS/Source/tasks.c **** 		configASSERT( listCURRENT_LIST_LENGTH( &( pxReadyTasksLists[ uxTopPriority ] ) ) > 0 );		\
 176:Middlewares/Third_Party/FreeRTOS/Source/tasks.c **** 		listGET_OWNER_OF_NEXT_ENTRY( pxCurrentTCB, &( pxReadyTasksLists[ uxTopPriority ] ) );		\
 177:Middlewares/Third_Party/FreeRTOS/Source/tasks.c **** 	} /* taskSELECT_HIGHEST_PRIORITY_TASK() */
 178:Middlewares/Third_Party/FreeRTOS/Source/tasks.c **** 
 179:Middlewares/Third_Party/FreeRTOS/Source/tasks.c **** 	/*-----------------------------------------------------------*/
 180:Middlewares/Third_Party/FreeRTOS/Source/tasks.c **** 
 181:Middlewares/Third_Party/FreeRTOS/Source/tasks.c **** 	/* A port optimised version is provided, call it only if the TCB being reset
 182:Middlewares/Third_Party/FreeRTOS/Source/tasks.c **** 	is being referenced from a ready list.  If it is referenced from a delayed
 183:Middlewares/Third_Party/FreeRTOS/Source/tasks.c **** 	or suspended list then it won't be in a ready list. */
 184:Middlewares/Third_Party/FreeRTOS/Source/tasks.c **** 	#define taskRESET_READY_PRIORITY( uxPriority )														\
 185:Middlewares/Third_Party/FreeRTOS/Source/tasks.c **** 	{																									\
 186:Middlewares/Third_Party/FreeRTOS/Source/tasks.c **** 		if( listCURRENT_LIST_LENGTH( &( pxReadyTasksLists[ ( uxPriority ) ] ) ) == ( UBaseType_t ) 0 )	\
 187:Middlewares/Third_Party/FreeRTOS/Source/tasks.c **** 		{																								\
 188:Middlewares/Third_Party/FreeRTOS/Source/tasks.c **** 			portRESET_READY_PRIORITY( ( uxPriority ), ( uxTopReadyPriority ) );							\
 189:Middlewares/Third_Party/FreeRTOS/Source/tasks.c **** 		}																								\
 190:Middlewares/Third_Party/FreeRTOS/Source/tasks.c **** 	}
 191:Middlewares/Third_Party/FreeRTOS/Source/tasks.c **** 
 192:Middlewares/Third_Party/FreeRTOS/Source/tasks.c **** #endif /* configUSE_PORT_OPTIMISED_TASK_SELECTION */
 193:Middlewares/Third_Party/FreeRTOS/Source/tasks.c **** 
 194:Middlewares/Third_Party/FreeRTOS/Source/tasks.c **** /*-----------------------------------------------------------*/
 195:Middlewares/Third_Party/FreeRTOS/Source/tasks.c **** 
 196:Middlewares/Third_Party/FreeRTOS/Source/tasks.c **** /* pxDelayedTaskList and pxOverflowDelayedTaskList are switched when the tick
 197:Middlewares/Third_Party/FreeRTOS/Source/tasks.c **** count overflows. */
 198:Middlewares/Third_Party/FreeRTOS/Source/tasks.c **** #define taskSWITCH_DELAYED_LISTS()																	\
ARM GAS  /tmp/ccsbjPFO.s 			page 7


 199:Middlewares/Third_Party/FreeRTOS/Source/tasks.c **** {																									\
 200:Middlewares/Third_Party/FreeRTOS/Source/tasks.c **** 	List_t *pxTemp;																					\
 201:Middlewares/Third_Party/FreeRTOS/Source/tasks.c **** 																									\
 202:Middlewares/Third_Party/FreeRTOS/Source/tasks.c **** 	/* The delayed tasks list should be empty when the lists are switched. */						\
 203:Middlewares/Third_Party/FreeRTOS/Source/tasks.c **** 	configASSERT( ( listLIST_IS_EMPTY( pxDelayedTaskList ) ) );										\
 204:Middlewares/Third_Party/FreeRTOS/Source/tasks.c **** 																									\
 205:Middlewares/Third_Party/FreeRTOS/Source/tasks.c **** 	pxTemp = pxDelayedTaskList;																		\
 206:Middlewares/Third_Party/FreeRTOS/Source/tasks.c **** 	pxDelayedTaskList = pxOverflowDelayedTaskList;													\
 207:Middlewares/Third_Party/FreeRTOS/Source/tasks.c **** 	pxOverflowDelayedTaskList = pxTemp;																\
 208:Middlewares/Third_Party/FreeRTOS/Source/tasks.c **** 	xNumOfOverflows++;																				\
 209:Middlewares/Third_Party/FreeRTOS/Source/tasks.c **** 	prvResetNextTaskUnblockTime();																	\
 210:Middlewares/Third_Party/FreeRTOS/Source/tasks.c **** }
 211:Middlewares/Third_Party/FreeRTOS/Source/tasks.c **** 
 212:Middlewares/Third_Party/FreeRTOS/Source/tasks.c **** /*-----------------------------------------------------------*/
 213:Middlewares/Third_Party/FreeRTOS/Source/tasks.c **** 
 214:Middlewares/Third_Party/FreeRTOS/Source/tasks.c **** /*
 215:Middlewares/Third_Party/FreeRTOS/Source/tasks.c ****  * Place the task represented by pxTCB into the appropriate ready list for
 216:Middlewares/Third_Party/FreeRTOS/Source/tasks.c ****  * the task.  It is inserted at the end of the list.
 217:Middlewares/Third_Party/FreeRTOS/Source/tasks.c ****  */
 218:Middlewares/Third_Party/FreeRTOS/Source/tasks.c **** #define prvAddTaskToReadyList( pxTCB )																\
 219:Middlewares/Third_Party/FreeRTOS/Source/tasks.c **** 	traceMOVED_TASK_TO_READY_STATE( pxTCB );														\
 220:Middlewares/Third_Party/FreeRTOS/Source/tasks.c **** 	taskRECORD_READY_PRIORITY( ( pxTCB )->uxPriority );												\
 221:Middlewares/Third_Party/FreeRTOS/Source/tasks.c **** 	vListInsertEnd( &( pxReadyTasksLists[ ( pxTCB )->uxPriority ] ), &( ( pxTCB )->xStateListItem ) );
 222:Middlewares/Third_Party/FreeRTOS/Source/tasks.c **** 	tracePOST_MOVED_TASK_TO_READY_STATE( pxTCB )
 223:Middlewares/Third_Party/FreeRTOS/Source/tasks.c **** /*-----------------------------------------------------------*/
 224:Middlewares/Third_Party/FreeRTOS/Source/tasks.c **** 
 225:Middlewares/Third_Party/FreeRTOS/Source/tasks.c **** /*
 226:Middlewares/Third_Party/FreeRTOS/Source/tasks.c ****  * Several functions take an TaskHandle_t parameter that can optionally be NULL,
 227:Middlewares/Third_Party/FreeRTOS/Source/tasks.c ****  * where NULL is used to indicate that the handle of the currently executing
 228:Middlewares/Third_Party/FreeRTOS/Source/tasks.c ****  * task should be used in place of the parameter.  This macro simply checks to
 229:Middlewares/Third_Party/FreeRTOS/Source/tasks.c ****  * see if the parameter is NULL and returns a pointer to the appropriate TCB.
 230:Middlewares/Third_Party/FreeRTOS/Source/tasks.c ****  */
 231:Middlewares/Third_Party/FreeRTOS/Source/tasks.c **** #define prvGetTCBFromHandle( pxHandle ) ( ( ( pxHandle ) == NULL ) ? pxCurrentTCB : ( pxHandle ) )
 232:Middlewares/Third_Party/FreeRTOS/Source/tasks.c **** 
 233:Middlewares/Third_Party/FreeRTOS/Source/tasks.c **** /* The item value of the event list item is normally used to hold the priority
 234:Middlewares/Third_Party/FreeRTOS/Source/tasks.c **** of the task to which it belongs (coded to allow it to be held in reverse
 235:Middlewares/Third_Party/FreeRTOS/Source/tasks.c **** priority order).  However, it is occasionally borrowed for other purposes.  It
 236:Middlewares/Third_Party/FreeRTOS/Source/tasks.c **** is important its value is not updated due to a task priority change while it is
 237:Middlewares/Third_Party/FreeRTOS/Source/tasks.c **** being used for another purpose.  The following bit definition is used to inform
 238:Middlewares/Third_Party/FreeRTOS/Source/tasks.c **** the scheduler that the value should not be changed - in which case it is the
 239:Middlewares/Third_Party/FreeRTOS/Source/tasks.c **** responsibility of whichever module is using the value to ensure it gets set back
 240:Middlewares/Third_Party/FreeRTOS/Source/tasks.c **** to its original value when it is released. */
 241:Middlewares/Third_Party/FreeRTOS/Source/tasks.c **** #if( configUSE_16_BIT_TICKS == 1 )
 242:Middlewares/Third_Party/FreeRTOS/Source/tasks.c **** 	#define taskEVENT_LIST_ITEM_VALUE_IN_USE	0x8000U
 243:Middlewares/Third_Party/FreeRTOS/Source/tasks.c **** #else
 244:Middlewares/Third_Party/FreeRTOS/Source/tasks.c **** 	#define taskEVENT_LIST_ITEM_VALUE_IN_USE	0x80000000UL
 245:Middlewares/Third_Party/FreeRTOS/Source/tasks.c **** #endif
 246:Middlewares/Third_Party/FreeRTOS/Source/tasks.c **** 
 247:Middlewares/Third_Party/FreeRTOS/Source/tasks.c **** /*
 248:Middlewares/Third_Party/FreeRTOS/Source/tasks.c ****  * Task control block.  A task control block (TCB) is allocated for each task,
 249:Middlewares/Third_Party/FreeRTOS/Source/tasks.c ****  * and stores task state information, including a pointer to the task's context
 250:Middlewares/Third_Party/FreeRTOS/Source/tasks.c ****  * (the task's run time environment, including register values)
 251:Middlewares/Third_Party/FreeRTOS/Source/tasks.c ****  */
 252:Middlewares/Third_Party/FreeRTOS/Source/tasks.c **** typedef struct tskTaskControlBlock 			/* The old naming convention is used to prevent breaking kern
 253:Middlewares/Third_Party/FreeRTOS/Source/tasks.c **** {
 254:Middlewares/Third_Party/FreeRTOS/Source/tasks.c **** 	volatile StackType_t	*pxTopOfStack;	/*< Points to the location of the last item placed on the task
 255:Middlewares/Third_Party/FreeRTOS/Source/tasks.c **** 
ARM GAS  /tmp/ccsbjPFO.s 			page 8


 256:Middlewares/Third_Party/FreeRTOS/Source/tasks.c **** 	#if ( portUSING_MPU_WRAPPERS == 1 )
 257:Middlewares/Third_Party/FreeRTOS/Source/tasks.c **** 		xMPU_SETTINGS	xMPUSettings;		/*< The MPU settings are defined as part of the port layer.  THIS MU
 258:Middlewares/Third_Party/FreeRTOS/Source/tasks.c **** 	#endif
 259:Middlewares/Third_Party/FreeRTOS/Source/tasks.c **** 
 260:Middlewares/Third_Party/FreeRTOS/Source/tasks.c **** 	ListItem_t			xStateListItem;	/*< The list that the state list item of a task is reference from den
 261:Middlewares/Third_Party/FreeRTOS/Source/tasks.c **** 	ListItem_t			xEventListItem;		/*< Used to reference a task from an event list. */
 262:Middlewares/Third_Party/FreeRTOS/Source/tasks.c **** 	UBaseType_t			uxPriority;			/*< The priority of the task.  0 is the lowest priority. */
 263:Middlewares/Third_Party/FreeRTOS/Source/tasks.c **** 	StackType_t			*pxStack;			/*< Points to the start of the stack. */
 264:Middlewares/Third_Party/FreeRTOS/Source/tasks.c **** 	char				pcTaskName[ configMAX_TASK_NAME_LEN ];/*< Descriptive name given to the task when created.
 265:Middlewares/Third_Party/FreeRTOS/Source/tasks.c **** 
 266:Middlewares/Third_Party/FreeRTOS/Source/tasks.c **** 	#if ( ( portSTACK_GROWTH > 0 ) || ( configRECORD_STACK_HIGH_ADDRESS == 1 ) )
 267:Middlewares/Third_Party/FreeRTOS/Source/tasks.c **** 		StackType_t		*pxEndOfStack;		/*< Points to the highest valid address for the stack. */
 268:Middlewares/Third_Party/FreeRTOS/Source/tasks.c **** 	#endif
 269:Middlewares/Third_Party/FreeRTOS/Source/tasks.c **** 
 270:Middlewares/Third_Party/FreeRTOS/Source/tasks.c **** 	#if ( portCRITICAL_NESTING_IN_TCB == 1 )
 271:Middlewares/Third_Party/FreeRTOS/Source/tasks.c **** 		UBaseType_t		uxCriticalNesting;	/*< Holds the critical section nesting depth for ports that do no
 272:Middlewares/Third_Party/FreeRTOS/Source/tasks.c **** 	#endif
 273:Middlewares/Third_Party/FreeRTOS/Source/tasks.c **** 
 274:Middlewares/Third_Party/FreeRTOS/Source/tasks.c **** 	#if ( configUSE_TRACE_FACILITY == 1 )
 275:Middlewares/Third_Party/FreeRTOS/Source/tasks.c **** 		UBaseType_t		uxTCBNumber;		/*< Stores a number that increments each time a TCB is created.  It al
 276:Middlewares/Third_Party/FreeRTOS/Source/tasks.c **** 		UBaseType_t		uxTaskNumber;		/*< Stores a number specifically for use by third party trace code. *
 277:Middlewares/Third_Party/FreeRTOS/Source/tasks.c **** 	#endif
 278:Middlewares/Third_Party/FreeRTOS/Source/tasks.c **** 
 279:Middlewares/Third_Party/FreeRTOS/Source/tasks.c **** 	#if ( configUSE_MUTEXES == 1 )
 280:Middlewares/Third_Party/FreeRTOS/Source/tasks.c **** 		UBaseType_t		uxBasePriority;		/*< The priority last assigned to the task - used by the priority i
 281:Middlewares/Third_Party/FreeRTOS/Source/tasks.c **** 		UBaseType_t		uxMutexesHeld;
 282:Middlewares/Third_Party/FreeRTOS/Source/tasks.c **** 	#endif
 283:Middlewares/Third_Party/FreeRTOS/Source/tasks.c **** 
 284:Middlewares/Third_Party/FreeRTOS/Source/tasks.c **** 	#if ( configUSE_APPLICATION_TASK_TAG == 1 )
 285:Middlewares/Third_Party/FreeRTOS/Source/tasks.c **** 		TaskHookFunction_t pxTaskTag;
 286:Middlewares/Third_Party/FreeRTOS/Source/tasks.c **** 	#endif
 287:Middlewares/Third_Party/FreeRTOS/Source/tasks.c **** 
 288:Middlewares/Third_Party/FreeRTOS/Source/tasks.c **** 	#if( configNUM_THREAD_LOCAL_STORAGE_POINTERS > 0 )
 289:Middlewares/Third_Party/FreeRTOS/Source/tasks.c **** 		void			*pvThreadLocalStoragePointers[ configNUM_THREAD_LOCAL_STORAGE_POINTERS ];
 290:Middlewares/Third_Party/FreeRTOS/Source/tasks.c **** 	#endif
 291:Middlewares/Third_Party/FreeRTOS/Source/tasks.c **** 
 292:Middlewares/Third_Party/FreeRTOS/Source/tasks.c **** 	#if( configGENERATE_RUN_TIME_STATS == 1 )
 293:Middlewares/Third_Party/FreeRTOS/Source/tasks.c **** 		uint32_t		ulRunTimeCounter;	/*< Stores the amount of time the task has spent in the Running state
 294:Middlewares/Third_Party/FreeRTOS/Source/tasks.c **** 	#endif
 295:Middlewares/Third_Party/FreeRTOS/Source/tasks.c **** 
 296:Middlewares/Third_Party/FreeRTOS/Source/tasks.c **** 	#if ( configUSE_NEWLIB_REENTRANT == 1 )
 297:Middlewares/Third_Party/FreeRTOS/Source/tasks.c **** 		/* Allocate a Newlib reent structure that is specific to this task.
 298:Middlewares/Third_Party/FreeRTOS/Source/tasks.c **** 		Note Newlib support has been included by popular demand, but is not
 299:Middlewares/Third_Party/FreeRTOS/Source/tasks.c **** 		used by the FreeRTOS maintainers themselves.  FreeRTOS is not
 300:Middlewares/Third_Party/FreeRTOS/Source/tasks.c **** 		responsible for resulting newlib operation.  User must be familiar with
 301:Middlewares/Third_Party/FreeRTOS/Source/tasks.c **** 		newlib and must provide system-wide implementations of the necessary
 302:Middlewares/Third_Party/FreeRTOS/Source/tasks.c **** 		stubs. Be warned that (at the time of writing) the current newlib design
 303:Middlewares/Third_Party/FreeRTOS/Source/tasks.c **** 		implements a system-wide malloc() that must be provided with locks.
 304:Middlewares/Third_Party/FreeRTOS/Source/tasks.c **** 
 305:Middlewares/Third_Party/FreeRTOS/Source/tasks.c **** 		See the third party link http://www.nadler.com/embedded/newlibAndFreeRTOS.html
 306:Middlewares/Third_Party/FreeRTOS/Source/tasks.c **** 		for additional information. */
 307:Middlewares/Third_Party/FreeRTOS/Source/tasks.c **** 		struct	_reent xNewLib_reent;
 308:Middlewares/Third_Party/FreeRTOS/Source/tasks.c **** 	#endif
 309:Middlewares/Third_Party/FreeRTOS/Source/tasks.c **** 
 310:Middlewares/Third_Party/FreeRTOS/Source/tasks.c **** 	#if( configUSE_TASK_NOTIFICATIONS == 1 )
 311:Middlewares/Third_Party/FreeRTOS/Source/tasks.c **** 		volatile uint32_t ulNotifiedValue;
 312:Middlewares/Third_Party/FreeRTOS/Source/tasks.c **** 		volatile uint8_t ucNotifyState;
ARM GAS  /tmp/ccsbjPFO.s 			page 9


 313:Middlewares/Third_Party/FreeRTOS/Source/tasks.c **** 	#endif
 314:Middlewares/Third_Party/FreeRTOS/Source/tasks.c **** 
 315:Middlewares/Third_Party/FreeRTOS/Source/tasks.c **** 	/* See the comments in FreeRTOS.h with the definition of
 316:Middlewares/Third_Party/FreeRTOS/Source/tasks.c **** 	tskSTATIC_AND_DYNAMIC_ALLOCATION_POSSIBLE. */
 317:Middlewares/Third_Party/FreeRTOS/Source/tasks.c **** 	#if( tskSTATIC_AND_DYNAMIC_ALLOCATION_POSSIBLE != 0 ) /*lint !e731 !e9029 Macro has been consolida
 318:Middlewares/Third_Party/FreeRTOS/Source/tasks.c **** 		uint8_t	ucStaticallyAllocated; 		/*< Set to pdTRUE if the task is a statically allocated to ensur
 319:Middlewares/Third_Party/FreeRTOS/Source/tasks.c **** 	#endif
 320:Middlewares/Third_Party/FreeRTOS/Source/tasks.c **** 
 321:Middlewares/Third_Party/FreeRTOS/Source/tasks.c **** 	#if( INCLUDE_xTaskAbortDelay == 1 )
 322:Middlewares/Third_Party/FreeRTOS/Source/tasks.c **** 		uint8_t ucDelayAborted;
 323:Middlewares/Third_Party/FreeRTOS/Source/tasks.c **** 	#endif
 324:Middlewares/Third_Party/FreeRTOS/Source/tasks.c **** 
 325:Middlewares/Third_Party/FreeRTOS/Source/tasks.c **** 	#if( configUSE_POSIX_ERRNO == 1 )
 326:Middlewares/Third_Party/FreeRTOS/Source/tasks.c **** 		int iTaskErrno;
 327:Middlewares/Third_Party/FreeRTOS/Source/tasks.c **** 	#endif
 328:Middlewares/Third_Party/FreeRTOS/Source/tasks.c **** 
 329:Middlewares/Third_Party/FreeRTOS/Source/tasks.c **** } tskTCB;
 330:Middlewares/Third_Party/FreeRTOS/Source/tasks.c **** 
 331:Middlewares/Third_Party/FreeRTOS/Source/tasks.c **** /* The old tskTCB name is maintained above then typedefed to the new TCB_t name
 332:Middlewares/Third_Party/FreeRTOS/Source/tasks.c **** below to enable the use of older kernel aware debuggers. */
 333:Middlewares/Third_Party/FreeRTOS/Source/tasks.c **** typedef tskTCB TCB_t;
 334:Middlewares/Third_Party/FreeRTOS/Source/tasks.c **** 
 335:Middlewares/Third_Party/FreeRTOS/Source/tasks.c **** /*lint -save -e956 A manual analysis and inspection has been used to determine
 336:Middlewares/Third_Party/FreeRTOS/Source/tasks.c **** which static variables must be declared volatile. */
 337:Middlewares/Third_Party/FreeRTOS/Source/tasks.c **** PRIVILEGED_DATA TCB_t * volatile pxCurrentTCB = NULL;
 338:Middlewares/Third_Party/FreeRTOS/Source/tasks.c **** 
 339:Middlewares/Third_Party/FreeRTOS/Source/tasks.c **** /* Lists for ready and blocked tasks. --------------------
 340:Middlewares/Third_Party/FreeRTOS/Source/tasks.c **** xDelayedTaskList1 and xDelayedTaskList2 could be move to function scople but
 341:Middlewares/Third_Party/FreeRTOS/Source/tasks.c **** doing so breaks some kernel aware debuggers and debuggers that rely on removing
 342:Middlewares/Third_Party/FreeRTOS/Source/tasks.c **** the static qualifier. */
 343:Middlewares/Third_Party/FreeRTOS/Source/tasks.c **** PRIVILEGED_DATA static List_t pxReadyTasksLists[ configMAX_PRIORITIES ];/*< Prioritised ready tasks
 344:Middlewares/Third_Party/FreeRTOS/Source/tasks.c **** PRIVILEGED_DATA static List_t xDelayedTaskList1;						/*< Delayed tasks. */
 345:Middlewares/Third_Party/FreeRTOS/Source/tasks.c **** PRIVILEGED_DATA static List_t xDelayedTaskList2;						/*< Delayed tasks (two lists are used - one f
 346:Middlewares/Third_Party/FreeRTOS/Source/tasks.c **** PRIVILEGED_DATA static List_t * volatile pxDelayedTaskList;				/*< Points to the delayed task list 
 347:Middlewares/Third_Party/FreeRTOS/Source/tasks.c **** PRIVILEGED_DATA static List_t * volatile pxOverflowDelayedTaskList;		/*< Points to the delayed task
 348:Middlewares/Third_Party/FreeRTOS/Source/tasks.c **** PRIVILEGED_DATA static List_t xPendingReadyList;						/*< Tasks that have been readied while the sc
 349:Middlewares/Third_Party/FreeRTOS/Source/tasks.c **** 
 350:Middlewares/Third_Party/FreeRTOS/Source/tasks.c **** #if( INCLUDE_vTaskDelete == 1 )
 351:Middlewares/Third_Party/FreeRTOS/Source/tasks.c **** 
 352:Middlewares/Third_Party/FreeRTOS/Source/tasks.c **** 	PRIVILEGED_DATA static List_t xTasksWaitingTermination;				/*< Tasks that have been deleted - but 
 353:Middlewares/Third_Party/FreeRTOS/Source/tasks.c **** 	PRIVILEGED_DATA static volatile UBaseType_t uxDeletedTasksWaitingCleanUp = ( UBaseType_t ) 0U;
 354:Middlewares/Third_Party/FreeRTOS/Source/tasks.c **** 
 355:Middlewares/Third_Party/FreeRTOS/Source/tasks.c **** #endif
 356:Middlewares/Third_Party/FreeRTOS/Source/tasks.c **** 
 357:Middlewares/Third_Party/FreeRTOS/Source/tasks.c **** #if ( INCLUDE_vTaskSuspend == 1 )
 358:Middlewares/Third_Party/FreeRTOS/Source/tasks.c **** 
 359:Middlewares/Third_Party/FreeRTOS/Source/tasks.c **** 	PRIVILEGED_DATA static List_t xSuspendedTaskList;					/*< Tasks that are currently suspended. */
 360:Middlewares/Third_Party/FreeRTOS/Source/tasks.c **** 
 361:Middlewares/Third_Party/FreeRTOS/Source/tasks.c **** #endif
 362:Middlewares/Third_Party/FreeRTOS/Source/tasks.c **** 
 363:Middlewares/Third_Party/FreeRTOS/Source/tasks.c **** /* Global POSIX errno. Its value is changed upon context switching to match
 364:Middlewares/Third_Party/FreeRTOS/Source/tasks.c **** the errno of the currently running task. */
 365:Middlewares/Third_Party/FreeRTOS/Source/tasks.c **** #if ( configUSE_POSIX_ERRNO == 1 )
 366:Middlewares/Third_Party/FreeRTOS/Source/tasks.c **** 	int FreeRTOS_errno = 0;
 367:Middlewares/Third_Party/FreeRTOS/Source/tasks.c **** #endif
 368:Middlewares/Third_Party/FreeRTOS/Source/tasks.c **** 
 369:Middlewares/Third_Party/FreeRTOS/Source/tasks.c **** /* Other file private variables. --------------------------------*/
ARM GAS  /tmp/ccsbjPFO.s 			page 10


 370:Middlewares/Third_Party/FreeRTOS/Source/tasks.c **** PRIVILEGED_DATA static volatile UBaseType_t uxCurrentNumberOfTasks 	= ( UBaseType_t ) 0U;
 371:Middlewares/Third_Party/FreeRTOS/Source/tasks.c **** PRIVILEGED_DATA static volatile TickType_t xTickCount 				= ( TickType_t ) configINITIAL_TICK_COUNT
 372:Middlewares/Third_Party/FreeRTOS/Source/tasks.c **** PRIVILEGED_DATA static volatile UBaseType_t uxTopReadyPriority 		= tskIDLE_PRIORITY;
 373:Middlewares/Third_Party/FreeRTOS/Source/tasks.c **** PRIVILEGED_DATA static volatile BaseType_t xSchedulerRunning 		= pdFALSE;
 374:Middlewares/Third_Party/FreeRTOS/Source/tasks.c **** PRIVILEGED_DATA static volatile TickType_t xPendedTicks 			= ( TickType_t ) 0U;
 375:Middlewares/Third_Party/FreeRTOS/Source/tasks.c **** PRIVILEGED_DATA static volatile BaseType_t xYieldPending 			= pdFALSE;
 376:Middlewares/Third_Party/FreeRTOS/Source/tasks.c **** PRIVILEGED_DATA static volatile BaseType_t xNumOfOverflows 			= ( BaseType_t ) 0;
 377:Middlewares/Third_Party/FreeRTOS/Source/tasks.c **** PRIVILEGED_DATA static UBaseType_t uxTaskNumber 					= ( UBaseType_t ) 0U;
 378:Middlewares/Third_Party/FreeRTOS/Source/tasks.c **** PRIVILEGED_DATA static volatile TickType_t xNextTaskUnblockTime		= ( TickType_t ) 0U; /* Initialise
 379:Middlewares/Third_Party/FreeRTOS/Source/tasks.c **** PRIVILEGED_DATA static TaskHandle_t xIdleTaskHandle					= NULL;			/*< Holds the handle of the idle 
 380:Middlewares/Third_Party/FreeRTOS/Source/tasks.c **** 
 381:Middlewares/Third_Party/FreeRTOS/Source/tasks.c **** /* Context switches are held pending while the scheduler is suspended.  Also,
 382:Middlewares/Third_Party/FreeRTOS/Source/tasks.c **** interrupts must not manipulate the xStateListItem of a TCB, or any of the
 383:Middlewares/Third_Party/FreeRTOS/Source/tasks.c **** lists the xStateListItem can be referenced from, if the scheduler is suspended.
 384:Middlewares/Third_Party/FreeRTOS/Source/tasks.c **** If an interrupt needs to unblock a task while the scheduler is suspended then it
 385:Middlewares/Third_Party/FreeRTOS/Source/tasks.c **** moves the task's event list item into the xPendingReadyList, ready for the
 386:Middlewares/Third_Party/FreeRTOS/Source/tasks.c **** kernel to move the task from the pending ready list into the real ready list
 387:Middlewares/Third_Party/FreeRTOS/Source/tasks.c **** when the scheduler is unsuspended.  The pending ready list itself can only be
 388:Middlewares/Third_Party/FreeRTOS/Source/tasks.c **** accessed from a critical section. */
 389:Middlewares/Third_Party/FreeRTOS/Source/tasks.c **** PRIVILEGED_DATA static volatile UBaseType_t uxSchedulerSuspended	= ( UBaseType_t ) pdFALSE;
 390:Middlewares/Third_Party/FreeRTOS/Source/tasks.c **** 
 391:Middlewares/Third_Party/FreeRTOS/Source/tasks.c **** #if ( configGENERATE_RUN_TIME_STATS == 1 )
 392:Middlewares/Third_Party/FreeRTOS/Source/tasks.c **** 
 393:Middlewares/Third_Party/FreeRTOS/Source/tasks.c **** 	/* Do not move these variables to function scope as doing so prevents the
 394:Middlewares/Third_Party/FreeRTOS/Source/tasks.c **** 	code working with debuggers that need to remove the static qualifier. */
 395:Middlewares/Third_Party/FreeRTOS/Source/tasks.c **** 	PRIVILEGED_DATA static uint32_t ulTaskSwitchedInTime = 0UL;	/*< Holds the value of a timer/counter
 396:Middlewares/Third_Party/FreeRTOS/Source/tasks.c **** 	PRIVILEGED_DATA static uint32_t ulTotalRunTime = 0UL;		/*< Holds the total amount of execution tim
 397:Middlewares/Third_Party/FreeRTOS/Source/tasks.c **** 
 398:Middlewares/Third_Party/FreeRTOS/Source/tasks.c **** #endif
 399:Middlewares/Third_Party/FreeRTOS/Source/tasks.c **** 
 400:Middlewares/Third_Party/FreeRTOS/Source/tasks.c **** /*lint -restore */
 401:Middlewares/Third_Party/FreeRTOS/Source/tasks.c **** 
 402:Middlewares/Third_Party/FreeRTOS/Source/tasks.c **** /*-----------------------------------------------------------*/
 403:Middlewares/Third_Party/FreeRTOS/Source/tasks.c **** 
 404:Middlewares/Third_Party/FreeRTOS/Source/tasks.c **** /* Callback function prototypes. --------------------------*/
 405:Middlewares/Third_Party/FreeRTOS/Source/tasks.c **** #if(  configCHECK_FOR_STACK_OVERFLOW > 0 )
 406:Middlewares/Third_Party/FreeRTOS/Source/tasks.c **** 
 407:Middlewares/Third_Party/FreeRTOS/Source/tasks.c **** 	extern void vApplicationStackOverflowHook( TaskHandle_t xTask, char *pcTaskName );
 408:Middlewares/Third_Party/FreeRTOS/Source/tasks.c **** 
 409:Middlewares/Third_Party/FreeRTOS/Source/tasks.c **** #endif
 410:Middlewares/Third_Party/FreeRTOS/Source/tasks.c **** 
 411:Middlewares/Third_Party/FreeRTOS/Source/tasks.c **** #if( configUSE_TICK_HOOK > 0 )
 412:Middlewares/Third_Party/FreeRTOS/Source/tasks.c **** 
 413:Middlewares/Third_Party/FreeRTOS/Source/tasks.c **** 	extern void vApplicationTickHook( void ); /*lint !e526 Symbol not defined as it is an application 
 414:Middlewares/Third_Party/FreeRTOS/Source/tasks.c **** 
 415:Middlewares/Third_Party/FreeRTOS/Source/tasks.c **** #endif
 416:Middlewares/Third_Party/FreeRTOS/Source/tasks.c **** 
 417:Middlewares/Third_Party/FreeRTOS/Source/tasks.c **** #if( configSUPPORT_STATIC_ALLOCATION == 1 )
 418:Middlewares/Third_Party/FreeRTOS/Source/tasks.c **** 
 419:Middlewares/Third_Party/FreeRTOS/Source/tasks.c **** 	extern void vApplicationGetIdleTaskMemory( StaticTask_t **ppxIdleTaskTCBBuffer, StackType_t **ppxI
 420:Middlewares/Third_Party/FreeRTOS/Source/tasks.c **** 
 421:Middlewares/Third_Party/FreeRTOS/Source/tasks.c **** #endif
 422:Middlewares/Third_Party/FreeRTOS/Source/tasks.c **** 
 423:Middlewares/Third_Party/FreeRTOS/Source/tasks.c **** /* File private functions. --------------------------------*/
 424:Middlewares/Third_Party/FreeRTOS/Source/tasks.c **** 
 425:Middlewares/Third_Party/FreeRTOS/Source/tasks.c **** /**
 426:Middlewares/Third_Party/FreeRTOS/Source/tasks.c ****  * Utility task that simply returns pdTRUE if the task referenced by xTask is
ARM GAS  /tmp/ccsbjPFO.s 			page 11


 427:Middlewares/Third_Party/FreeRTOS/Source/tasks.c ****  * currently in the Suspended state, or pdFALSE if the task referenced by xTask
 428:Middlewares/Third_Party/FreeRTOS/Source/tasks.c ****  * is in any other state.
 429:Middlewares/Third_Party/FreeRTOS/Source/tasks.c ****  */
 430:Middlewares/Third_Party/FreeRTOS/Source/tasks.c **** #if ( INCLUDE_vTaskSuspend == 1 )
 431:Middlewares/Third_Party/FreeRTOS/Source/tasks.c **** 
 432:Middlewares/Third_Party/FreeRTOS/Source/tasks.c **** 	static BaseType_t prvTaskIsTaskSuspended( const TaskHandle_t xTask ) PRIVILEGED_FUNCTION;
 433:Middlewares/Third_Party/FreeRTOS/Source/tasks.c **** 
 434:Middlewares/Third_Party/FreeRTOS/Source/tasks.c **** #endif /* INCLUDE_vTaskSuspend */
 435:Middlewares/Third_Party/FreeRTOS/Source/tasks.c **** 
 436:Middlewares/Third_Party/FreeRTOS/Source/tasks.c **** /*
 437:Middlewares/Third_Party/FreeRTOS/Source/tasks.c ****  * Utility to ready all the lists used by the scheduler.  This is called
 438:Middlewares/Third_Party/FreeRTOS/Source/tasks.c ****  * automatically upon the creation of the first task.
 439:Middlewares/Third_Party/FreeRTOS/Source/tasks.c ****  */
 440:Middlewares/Third_Party/FreeRTOS/Source/tasks.c **** static void prvInitialiseTaskLists( void ) PRIVILEGED_FUNCTION;
 441:Middlewares/Third_Party/FreeRTOS/Source/tasks.c **** 
 442:Middlewares/Third_Party/FreeRTOS/Source/tasks.c **** /*
 443:Middlewares/Third_Party/FreeRTOS/Source/tasks.c ****  * The idle task, which as all tasks is implemented as a never ending loop.
 444:Middlewares/Third_Party/FreeRTOS/Source/tasks.c ****  * The idle task is automatically created and added to the ready lists upon
 445:Middlewares/Third_Party/FreeRTOS/Source/tasks.c ****  * creation of the first user task.
 446:Middlewares/Third_Party/FreeRTOS/Source/tasks.c ****  *
 447:Middlewares/Third_Party/FreeRTOS/Source/tasks.c ****  * The portTASK_FUNCTION_PROTO() macro is used to allow port/compiler specific
 448:Middlewares/Third_Party/FreeRTOS/Source/tasks.c ****  * language extensions.  The equivalent prototype for this function is:
 449:Middlewares/Third_Party/FreeRTOS/Source/tasks.c ****  *
 450:Middlewares/Third_Party/FreeRTOS/Source/tasks.c ****  * void prvIdleTask( void *pvParameters );
 451:Middlewares/Third_Party/FreeRTOS/Source/tasks.c ****  *
 452:Middlewares/Third_Party/FreeRTOS/Source/tasks.c ****  */
 453:Middlewares/Third_Party/FreeRTOS/Source/tasks.c **** static portTASK_FUNCTION_PROTO( prvIdleTask, pvParameters );
 454:Middlewares/Third_Party/FreeRTOS/Source/tasks.c **** 
 455:Middlewares/Third_Party/FreeRTOS/Source/tasks.c **** /*
 456:Middlewares/Third_Party/FreeRTOS/Source/tasks.c ****  * Utility to free all memory allocated by the scheduler to hold a TCB,
 457:Middlewares/Third_Party/FreeRTOS/Source/tasks.c ****  * including the stack pointed to by the TCB.
 458:Middlewares/Third_Party/FreeRTOS/Source/tasks.c ****  *
 459:Middlewares/Third_Party/FreeRTOS/Source/tasks.c ****  * This does not free memory allocated by the task itself (i.e. memory
 460:Middlewares/Third_Party/FreeRTOS/Source/tasks.c ****  * allocated by calls to pvPortMalloc from within the tasks application code).
 461:Middlewares/Third_Party/FreeRTOS/Source/tasks.c ****  */
 462:Middlewares/Third_Party/FreeRTOS/Source/tasks.c **** #if ( INCLUDE_vTaskDelete == 1 )
 463:Middlewares/Third_Party/FreeRTOS/Source/tasks.c **** 
 464:Middlewares/Third_Party/FreeRTOS/Source/tasks.c **** 	static void prvDeleteTCB( TCB_t *pxTCB ) PRIVILEGED_FUNCTION;
 465:Middlewares/Third_Party/FreeRTOS/Source/tasks.c **** 
 466:Middlewares/Third_Party/FreeRTOS/Source/tasks.c **** #endif
 467:Middlewares/Third_Party/FreeRTOS/Source/tasks.c **** 
 468:Middlewares/Third_Party/FreeRTOS/Source/tasks.c **** /*
 469:Middlewares/Third_Party/FreeRTOS/Source/tasks.c ****  * Used only by the idle task.  This checks to see if anything has been placed
 470:Middlewares/Third_Party/FreeRTOS/Source/tasks.c ****  * in the list of tasks waiting to be deleted.  If so the task is cleaned up
 471:Middlewares/Third_Party/FreeRTOS/Source/tasks.c ****  * and its TCB deleted.
 472:Middlewares/Third_Party/FreeRTOS/Source/tasks.c ****  */
 473:Middlewares/Third_Party/FreeRTOS/Source/tasks.c **** static void prvCheckTasksWaitingTermination( void ) PRIVILEGED_FUNCTION;
 474:Middlewares/Third_Party/FreeRTOS/Source/tasks.c **** 
 475:Middlewares/Third_Party/FreeRTOS/Source/tasks.c **** /*
 476:Middlewares/Third_Party/FreeRTOS/Source/tasks.c ****  * The currently executing task is entering the Blocked state.  Add the task to
 477:Middlewares/Third_Party/FreeRTOS/Source/tasks.c ****  * either the current or the overflow delayed task list.
 478:Middlewares/Third_Party/FreeRTOS/Source/tasks.c ****  */
 479:Middlewares/Third_Party/FreeRTOS/Source/tasks.c **** static void prvAddCurrentTaskToDelayedList( TickType_t xTicksToWait, const BaseType_t xCanBlockInde
 480:Middlewares/Third_Party/FreeRTOS/Source/tasks.c **** 
 481:Middlewares/Third_Party/FreeRTOS/Source/tasks.c **** /*
 482:Middlewares/Third_Party/FreeRTOS/Source/tasks.c ****  * Fills an TaskStatus_t structure with information on each task that is
 483:Middlewares/Third_Party/FreeRTOS/Source/tasks.c ****  * referenced from the pxList list (which may be a ready list, a delayed list,
ARM GAS  /tmp/ccsbjPFO.s 			page 12


 484:Middlewares/Third_Party/FreeRTOS/Source/tasks.c ****  * a suspended list, etc.).
 485:Middlewares/Third_Party/FreeRTOS/Source/tasks.c ****  *
 486:Middlewares/Third_Party/FreeRTOS/Source/tasks.c ****  * THIS FUNCTION IS INTENDED FOR DEBUGGING ONLY, AND SHOULD NOT BE CALLED FROM
 487:Middlewares/Third_Party/FreeRTOS/Source/tasks.c ****  * NORMAL APPLICATION CODE.
 488:Middlewares/Third_Party/FreeRTOS/Source/tasks.c ****  */
 489:Middlewares/Third_Party/FreeRTOS/Source/tasks.c **** #if ( configUSE_TRACE_FACILITY == 1 )
 490:Middlewares/Third_Party/FreeRTOS/Source/tasks.c **** 
 491:Middlewares/Third_Party/FreeRTOS/Source/tasks.c **** 	static UBaseType_t prvListTasksWithinSingleList( TaskStatus_t *pxTaskStatusArray, List_t *pxList, 
 492:Middlewares/Third_Party/FreeRTOS/Source/tasks.c **** 
 493:Middlewares/Third_Party/FreeRTOS/Source/tasks.c **** #endif
 494:Middlewares/Third_Party/FreeRTOS/Source/tasks.c **** 
 495:Middlewares/Third_Party/FreeRTOS/Source/tasks.c **** /*
 496:Middlewares/Third_Party/FreeRTOS/Source/tasks.c ****  * Searches pxList for a task with name pcNameToQuery - returning a handle to
 497:Middlewares/Third_Party/FreeRTOS/Source/tasks.c ****  * the task if it is found, or NULL if the task is not found.
 498:Middlewares/Third_Party/FreeRTOS/Source/tasks.c ****  */
 499:Middlewares/Third_Party/FreeRTOS/Source/tasks.c **** #if ( INCLUDE_xTaskGetHandle == 1 )
 500:Middlewares/Third_Party/FreeRTOS/Source/tasks.c **** 
 501:Middlewares/Third_Party/FreeRTOS/Source/tasks.c **** 	static TCB_t *prvSearchForNameWithinSingleList( List_t *pxList, const char pcNameToQuery[] ) PRIVI
 502:Middlewares/Third_Party/FreeRTOS/Source/tasks.c **** 
 503:Middlewares/Third_Party/FreeRTOS/Source/tasks.c **** #endif
 504:Middlewares/Third_Party/FreeRTOS/Source/tasks.c **** 
 505:Middlewares/Third_Party/FreeRTOS/Source/tasks.c **** /*
 506:Middlewares/Third_Party/FreeRTOS/Source/tasks.c ****  * When a task is created, the stack of the task is filled with a known value.
 507:Middlewares/Third_Party/FreeRTOS/Source/tasks.c ****  * This function determines the 'high water mark' of the task stack by
 508:Middlewares/Third_Party/FreeRTOS/Source/tasks.c ****  * determining how much of the stack remains at the original preset value.
 509:Middlewares/Third_Party/FreeRTOS/Source/tasks.c ****  */
 510:Middlewares/Third_Party/FreeRTOS/Source/tasks.c **** #if ( ( configUSE_TRACE_FACILITY == 1 ) || ( INCLUDE_uxTaskGetStackHighWaterMark == 1 ) || ( INCLUD
 511:Middlewares/Third_Party/FreeRTOS/Source/tasks.c **** 
 512:Middlewares/Third_Party/FreeRTOS/Source/tasks.c **** 	static configSTACK_DEPTH_TYPE prvTaskCheckFreeStackSpace( const uint8_t * pucStackByte ) PRIVILEGE
 513:Middlewares/Third_Party/FreeRTOS/Source/tasks.c **** 
 514:Middlewares/Third_Party/FreeRTOS/Source/tasks.c **** #endif
 515:Middlewares/Third_Party/FreeRTOS/Source/tasks.c **** 
 516:Middlewares/Third_Party/FreeRTOS/Source/tasks.c **** /*
 517:Middlewares/Third_Party/FreeRTOS/Source/tasks.c ****  * Return the amount of time, in ticks, that will pass before the kernel will
 518:Middlewares/Third_Party/FreeRTOS/Source/tasks.c ****  * next move a task from the Blocked state to the Running state.
 519:Middlewares/Third_Party/FreeRTOS/Source/tasks.c ****  *
 520:Middlewares/Third_Party/FreeRTOS/Source/tasks.c ****  * This conditional compilation should use inequality to 0, not equality to 1.
 521:Middlewares/Third_Party/FreeRTOS/Source/tasks.c ****  * This is to ensure portSUPPRESS_TICKS_AND_SLEEP() can be called when user
 522:Middlewares/Third_Party/FreeRTOS/Source/tasks.c ****  * defined low power mode implementations require configUSE_TICKLESS_IDLE to be
 523:Middlewares/Third_Party/FreeRTOS/Source/tasks.c ****  * set to a value other than 1.
 524:Middlewares/Third_Party/FreeRTOS/Source/tasks.c ****  */
 525:Middlewares/Third_Party/FreeRTOS/Source/tasks.c **** #if ( configUSE_TICKLESS_IDLE != 0 )
 526:Middlewares/Third_Party/FreeRTOS/Source/tasks.c **** 
 527:Middlewares/Third_Party/FreeRTOS/Source/tasks.c **** 	static TickType_t prvGetExpectedIdleTime( void ) PRIVILEGED_FUNCTION;
 528:Middlewares/Third_Party/FreeRTOS/Source/tasks.c **** 
 529:Middlewares/Third_Party/FreeRTOS/Source/tasks.c **** #endif
 530:Middlewares/Third_Party/FreeRTOS/Source/tasks.c **** 
 531:Middlewares/Third_Party/FreeRTOS/Source/tasks.c **** /*
 532:Middlewares/Third_Party/FreeRTOS/Source/tasks.c ****  * Set xNextTaskUnblockTime to the time at which the next Blocked state task
 533:Middlewares/Third_Party/FreeRTOS/Source/tasks.c ****  * will exit the Blocked state.
 534:Middlewares/Third_Party/FreeRTOS/Source/tasks.c ****  */
 535:Middlewares/Third_Party/FreeRTOS/Source/tasks.c **** static void prvResetNextTaskUnblockTime( void );
 536:Middlewares/Third_Party/FreeRTOS/Source/tasks.c **** 
 537:Middlewares/Third_Party/FreeRTOS/Source/tasks.c **** #if ( ( configUSE_TRACE_FACILITY == 1 ) && ( configUSE_STATS_FORMATTING_FUNCTIONS > 0 ) )
 538:Middlewares/Third_Party/FreeRTOS/Source/tasks.c **** 
 539:Middlewares/Third_Party/FreeRTOS/Source/tasks.c **** 	/*
 540:Middlewares/Third_Party/FreeRTOS/Source/tasks.c **** 	 * Helper function used to pad task names with spaces when printing out
ARM GAS  /tmp/ccsbjPFO.s 			page 13


 541:Middlewares/Third_Party/FreeRTOS/Source/tasks.c **** 	 * human readable tables of task information.
 542:Middlewares/Third_Party/FreeRTOS/Source/tasks.c **** 	 */
 543:Middlewares/Third_Party/FreeRTOS/Source/tasks.c **** 	static char *prvWriteNameToBuffer( char *pcBuffer, const char *pcTaskName ) PRIVILEGED_FUNCTION;
 544:Middlewares/Third_Party/FreeRTOS/Source/tasks.c **** 
 545:Middlewares/Third_Party/FreeRTOS/Source/tasks.c **** #endif
 546:Middlewares/Third_Party/FreeRTOS/Source/tasks.c **** 
 547:Middlewares/Third_Party/FreeRTOS/Source/tasks.c **** /*
 548:Middlewares/Third_Party/FreeRTOS/Source/tasks.c ****  * Called after a Task_t structure has been allocated either statically or
 549:Middlewares/Third_Party/FreeRTOS/Source/tasks.c ****  * dynamically to fill in the structure's members.
 550:Middlewares/Third_Party/FreeRTOS/Source/tasks.c ****  */
 551:Middlewares/Third_Party/FreeRTOS/Source/tasks.c **** static void prvInitialiseNewTask( 	TaskFunction_t pxTaskCode,
 552:Middlewares/Third_Party/FreeRTOS/Source/tasks.c **** 									const char * const pcName, 		/*lint !e971 Unqualified char types are allowed for strings a
 553:Middlewares/Third_Party/FreeRTOS/Source/tasks.c **** 									const uint32_t ulStackDepth,
 554:Middlewares/Third_Party/FreeRTOS/Source/tasks.c **** 									void * const pvParameters,
 555:Middlewares/Third_Party/FreeRTOS/Source/tasks.c **** 									UBaseType_t uxPriority,
 556:Middlewares/Third_Party/FreeRTOS/Source/tasks.c **** 									TaskHandle_t * const pxCreatedTask,
 557:Middlewares/Third_Party/FreeRTOS/Source/tasks.c **** 									TCB_t *pxNewTCB,
 558:Middlewares/Third_Party/FreeRTOS/Source/tasks.c **** 									const MemoryRegion_t * const xRegions ) PRIVILEGED_FUNCTION;
 559:Middlewares/Third_Party/FreeRTOS/Source/tasks.c **** 
 560:Middlewares/Third_Party/FreeRTOS/Source/tasks.c **** /*
 561:Middlewares/Third_Party/FreeRTOS/Source/tasks.c ****  * Called after a new task has been created and initialised to place the task
 562:Middlewares/Third_Party/FreeRTOS/Source/tasks.c ****  * under the control of the scheduler.
 563:Middlewares/Third_Party/FreeRTOS/Source/tasks.c ****  */
 564:Middlewares/Third_Party/FreeRTOS/Source/tasks.c **** static void prvAddNewTaskToReadyList( TCB_t *pxNewTCB ) PRIVILEGED_FUNCTION;
 565:Middlewares/Third_Party/FreeRTOS/Source/tasks.c **** 
 566:Middlewares/Third_Party/FreeRTOS/Source/tasks.c **** /*
 567:Middlewares/Third_Party/FreeRTOS/Source/tasks.c ****  * freertos_tasks_c_additions_init() should only be called if the user definable
 568:Middlewares/Third_Party/FreeRTOS/Source/tasks.c ****  * macro FREERTOS_TASKS_C_ADDITIONS_INIT() is defined, as that is the only macro
 569:Middlewares/Third_Party/FreeRTOS/Source/tasks.c ****  * called by the function.
 570:Middlewares/Third_Party/FreeRTOS/Source/tasks.c ****  */
 571:Middlewares/Third_Party/FreeRTOS/Source/tasks.c **** #ifdef FREERTOS_TASKS_C_ADDITIONS_INIT
 572:Middlewares/Third_Party/FreeRTOS/Source/tasks.c **** 
 573:Middlewares/Third_Party/FreeRTOS/Source/tasks.c **** 	static void freertos_tasks_c_additions_init( void ) PRIVILEGED_FUNCTION;
 574:Middlewares/Third_Party/FreeRTOS/Source/tasks.c **** 
 575:Middlewares/Third_Party/FreeRTOS/Source/tasks.c **** #endif
 576:Middlewares/Third_Party/FreeRTOS/Source/tasks.c **** 
 577:Middlewares/Third_Party/FreeRTOS/Source/tasks.c **** /*-----------------------------------------------------------*/
 578:Middlewares/Third_Party/FreeRTOS/Source/tasks.c **** 
 579:Middlewares/Third_Party/FreeRTOS/Source/tasks.c **** #if( configSUPPORT_STATIC_ALLOCATION == 1 )
 580:Middlewares/Third_Party/FreeRTOS/Source/tasks.c **** 
 581:Middlewares/Third_Party/FreeRTOS/Source/tasks.c **** 	TaskHandle_t xTaskCreateStatic(	TaskFunction_t pxTaskCode,
 582:Middlewares/Third_Party/FreeRTOS/Source/tasks.c **** 									const char * const pcName,		/*lint !e971 Unqualified char types are allowed for strings an
 583:Middlewares/Third_Party/FreeRTOS/Source/tasks.c **** 									const uint32_t ulStackDepth,
 584:Middlewares/Third_Party/FreeRTOS/Source/tasks.c **** 									void * const pvParameters,
 585:Middlewares/Third_Party/FreeRTOS/Source/tasks.c **** 									UBaseType_t uxPriority,
 586:Middlewares/Third_Party/FreeRTOS/Source/tasks.c **** 									StackType_t * const puxStackBuffer,
 587:Middlewares/Third_Party/FreeRTOS/Source/tasks.c **** 									StaticTask_t * const pxTaskBuffer )
 588:Middlewares/Third_Party/FreeRTOS/Source/tasks.c **** 	{
 168              		.loc 1 588 2
 169              		.cfi_startproc
 170              		@ args = 12, pretend = 0, frame = 40
 171              		@ frame_needed = 1, uses_anonymous_args = 0
 172 0000 80B5     		push	{r7, lr}
 173              	.LCFI0:
 174              		.cfi_def_cfa_offset 8
 175              		.cfi_offset 7, -8
 176              		.cfi_offset 14, -4
ARM GAS  /tmp/ccsbjPFO.s 			page 14


 177 0002 8EB0     		sub	sp, sp, #56
 178              	.LCFI1:
 179              		.cfi_def_cfa_offset 64
 180 0004 04AF     		add	r7, sp, #16
 181              	.LCFI2:
 182              		.cfi_def_cfa 7, 48
 183 0006 F860     		str	r0, [r7, #12]
 184 0008 B960     		str	r1, [r7, #8]
 185 000a 7A60     		str	r2, [r7, #4]
 186 000c 3B60     		str	r3, [r7]
 589:Middlewares/Third_Party/FreeRTOS/Source/tasks.c **** 	TCB_t *pxNewTCB;
 590:Middlewares/Third_Party/FreeRTOS/Source/tasks.c **** 	TaskHandle_t xReturn;
 591:Middlewares/Third_Party/FreeRTOS/Source/tasks.c **** 
 592:Middlewares/Third_Party/FreeRTOS/Source/tasks.c **** 		configASSERT( puxStackBuffer != NULL );
 187              		.loc 1 592 3
 188 000e 7B6B     		ldr	r3, [r7, #52]
 189 0010 002B     		cmp	r3, #0
 190 0012 0BD1     		bne	.L2
 191              	.LBB126:
 192              	.LBB127:
 193              		.file 2 "Middlewares/Third_Party/FreeRTOS/Source/portable/GCC/ARM_CM4F/portmacro.h"
   1:Middlewares/Third_Party/FreeRTOS/Source/portable/GCC/ARM_CM4F/portmacro.h **** /*
   2:Middlewares/Third_Party/FreeRTOS/Source/portable/GCC/ARM_CM4F/portmacro.h ****  * FreeRTOS Kernel V10.3.1
   3:Middlewares/Third_Party/FreeRTOS/Source/portable/GCC/ARM_CM4F/portmacro.h ****  * Copyright (C) 2020 Amazon.com, Inc. or its affiliates.  All Rights Reserved.
   4:Middlewares/Third_Party/FreeRTOS/Source/portable/GCC/ARM_CM4F/portmacro.h ****  *
   5:Middlewares/Third_Party/FreeRTOS/Source/portable/GCC/ARM_CM4F/portmacro.h ****  * Permission is hereby granted, free of charge, to any person obtaining a copy of
   6:Middlewares/Third_Party/FreeRTOS/Source/portable/GCC/ARM_CM4F/portmacro.h ****  * this software and associated documentation files (the "Software"), to deal in
   7:Middlewares/Third_Party/FreeRTOS/Source/portable/GCC/ARM_CM4F/portmacro.h ****  * the Software without restriction, including without limitation the rights to
   8:Middlewares/Third_Party/FreeRTOS/Source/portable/GCC/ARM_CM4F/portmacro.h ****  * use, copy, modify, merge, publish, distribute, sublicense, and/or sell copies of
   9:Middlewares/Third_Party/FreeRTOS/Source/portable/GCC/ARM_CM4F/portmacro.h ****  * the Software, and to permit persons to whom the Software is furnished to do so,
  10:Middlewares/Third_Party/FreeRTOS/Source/portable/GCC/ARM_CM4F/portmacro.h ****  * subject to the following conditions:
  11:Middlewares/Third_Party/FreeRTOS/Source/portable/GCC/ARM_CM4F/portmacro.h ****  *
  12:Middlewares/Third_Party/FreeRTOS/Source/portable/GCC/ARM_CM4F/portmacro.h ****  * The above copyright notice and this permission notice shall be included in all
  13:Middlewares/Third_Party/FreeRTOS/Source/portable/GCC/ARM_CM4F/portmacro.h ****  * copies or substantial portions of the Software.
  14:Middlewares/Third_Party/FreeRTOS/Source/portable/GCC/ARM_CM4F/portmacro.h ****  *
  15:Middlewares/Third_Party/FreeRTOS/Source/portable/GCC/ARM_CM4F/portmacro.h ****  * THE SOFTWARE IS PROVIDED "AS IS", WITHOUT WARRANTY OF ANY KIND, EXPRESS OR
  16:Middlewares/Third_Party/FreeRTOS/Source/portable/GCC/ARM_CM4F/portmacro.h ****  * IMPLIED, INCLUDING BUT NOT LIMITED TO THE WARRANTIES OF MERCHANTABILITY, FITNESS
  17:Middlewares/Third_Party/FreeRTOS/Source/portable/GCC/ARM_CM4F/portmacro.h ****  * FOR A PARTICULAR PURPOSE AND NONINFRINGEMENT. IN NO EVENT SHALL THE AUTHORS OR
  18:Middlewares/Third_Party/FreeRTOS/Source/portable/GCC/ARM_CM4F/portmacro.h ****  * COPYRIGHT HOLDERS BE LIABLE FOR ANY CLAIM, DAMAGES OR OTHER LIABILITY, WHETHER
  19:Middlewares/Third_Party/FreeRTOS/Source/portable/GCC/ARM_CM4F/portmacro.h ****  * IN AN ACTION OF CONTRACT, TORT OR OTHERWISE, ARISING FROM, OUT OF OR IN
  20:Middlewares/Third_Party/FreeRTOS/Source/portable/GCC/ARM_CM4F/portmacro.h ****  * CONNECTION WITH THE SOFTWARE OR THE USE OR OTHER DEALINGS IN THE SOFTWARE.
  21:Middlewares/Third_Party/FreeRTOS/Source/portable/GCC/ARM_CM4F/portmacro.h ****  *
  22:Middlewares/Third_Party/FreeRTOS/Source/portable/GCC/ARM_CM4F/portmacro.h ****  * http://www.FreeRTOS.org
  23:Middlewares/Third_Party/FreeRTOS/Source/portable/GCC/ARM_CM4F/portmacro.h ****  * http://aws.amazon.com/freertos
  24:Middlewares/Third_Party/FreeRTOS/Source/portable/GCC/ARM_CM4F/portmacro.h ****  *
  25:Middlewares/Third_Party/FreeRTOS/Source/portable/GCC/ARM_CM4F/portmacro.h ****  * 1 tab == 4 spaces!
  26:Middlewares/Third_Party/FreeRTOS/Source/portable/GCC/ARM_CM4F/portmacro.h ****  */
  27:Middlewares/Third_Party/FreeRTOS/Source/portable/GCC/ARM_CM4F/portmacro.h **** 
  28:Middlewares/Third_Party/FreeRTOS/Source/portable/GCC/ARM_CM4F/portmacro.h **** 
  29:Middlewares/Third_Party/FreeRTOS/Source/portable/GCC/ARM_CM4F/portmacro.h **** #ifndef PORTMACRO_H
  30:Middlewares/Third_Party/FreeRTOS/Source/portable/GCC/ARM_CM4F/portmacro.h **** #define PORTMACRO_H
  31:Middlewares/Third_Party/FreeRTOS/Source/portable/GCC/ARM_CM4F/portmacro.h **** 
  32:Middlewares/Third_Party/FreeRTOS/Source/portable/GCC/ARM_CM4F/portmacro.h **** #ifdef __cplusplus
  33:Middlewares/Third_Party/FreeRTOS/Source/portable/GCC/ARM_CM4F/portmacro.h **** extern "C" {
  34:Middlewares/Third_Party/FreeRTOS/Source/portable/GCC/ARM_CM4F/portmacro.h **** #endif
  35:Middlewares/Third_Party/FreeRTOS/Source/portable/GCC/ARM_CM4F/portmacro.h **** 
  36:Middlewares/Third_Party/FreeRTOS/Source/portable/GCC/ARM_CM4F/portmacro.h **** /*-----------------------------------------------------------
ARM GAS  /tmp/ccsbjPFO.s 			page 15


  37:Middlewares/Third_Party/FreeRTOS/Source/portable/GCC/ARM_CM4F/portmacro.h ****  * Port specific definitions.
  38:Middlewares/Third_Party/FreeRTOS/Source/portable/GCC/ARM_CM4F/portmacro.h ****  *
  39:Middlewares/Third_Party/FreeRTOS/Source/portable/GCC/ARM_CM4F/portmacro.h ****  * The settings in this file configure FreeRTOS correctly for the
  40:Middlewares/Third_Party/FreeRTOS/Source/portable/GCC/ARM_CM4F/portmacro.h ****  * given hardware and compiler.
  41:Middlewares/Third_Party/FreeRTOS/Source/portable/GCC/ARM_CM4F/portmacro.h ****  *
  42:Middlewares/Third_Party/FreeRTOS/Source/portable/GCC/ARM_CM4F/portmacro.h ****  * These settings should not be altered.
  43:Middlewares/Third_Party/FreeRTOS/Source/portable/GCC/ARM_CM4F/portmacro.h ****  *-----------------------------------------------------------
  44:Middlewares/Third_Party/FreeRTOS/Source/portable/GCC/ARM_CM4F/portmacro.h ****  */
  45:Middlewares/Third_Party/FreeRTOS/Source/portable/GCC/ARM_CM4F/portmacro.h **** 
  46:Middlewares/Third_Party/FreeRTOS/Source/portable/GCC/ARM_CM4F/portmacro.h **** /* Type definitions. */
  47:Middlewares/Third_Party/FreeRTOS/Source/portable/GCC/ARM_CM4F/portmacro.h **** #define portCHAR		char
  48:Middlewares/Third_Party/FreeRTOS/Source/portable/GCC/ARM_CM4F/portmacro.h **** #define portFLOAT		float
  49:Middlewares/Third_Party/FreeRTOS/Source/portable/GCC/ARM_CM4F/portmacro.h **** #define portDOUBLE		double
  50:Middlewares/Third_Party/FreeRTOS/Source/portable/GCC/ARM_CM4F/portmacro.h **** #define portLONG		long
  51:Middlewares/Third_Party/FreeRTOS/Source/portable/GCC/ARM_CM4F/portmacro.h **** #define portSHORT		short
  52:Middlewares/Third_Party/FreeRTOS/Source/portable/GCC/ARM_CM4F/portmacro.h **** #define portSTACK_TYPE	uint32_t
  53:Middlewares/Third_Party/FreeRTOS/Source/portable/GCC/ARM_CM4F/portmacro.h **** #define portBASE_TYPE	long
  54:Middlewares/Third_Party/FreeRTOS/Source/portable/GCC/ARM_CM4F/portmacro.h **** 
  55:Middlewares/Third_Party/FreeRTOS/Source/portable/GCC/ARM_CM4F/portmacro.h **** typedef portSTACK_TYPE StackType_t;
  56:Middlewares/Third_Party/FreeRTOS/Source/portable/GCC/ARM_CM4F/portmacro.h **** typedef long BaseType_t;
  57:Middlewares/Third_Party/FreeRTOS/Source/portable/GCC/ARM_CM4F/portmacro.h **** typedef unsigned long UBaseType_t;
  58:Middlewares/Third_Party/FreeRTOS/Source/portable/GCC/ARM_CM4F/portmacro.h **** 
  59:Middlewares/Third_Party/FreeRTOS/Source/portable/GCC/ARM_CM4F/portmacro.h **** #if( configUSE_16_BIT_TICKS == 1 )
  60:Middlewares/Third_Party/FreeRTOS/Source/portable/GCC/ARM_CM4F/portmacro.h **** 	typedef uint16_t TickType_t;
  61:Middlewares/Third_Party/FreeRTOS/Source/portable/GCC/ARM_CM4F/portmacro.h **** 	#define portMAX_DELAY ( TickType_t ) 0xffff
  62:Middlewares/Third_Party/FreeRTOS/Source/portable/GCC/ARM_CM4F/portmacro.h **** #else
  63:Middlewares/Third_Party/FreeRTOS/Source/portable/GCC/ARM_CM4F/portmacro.h **** 	typedef uint32_t TickType_t;
  64:Middlewares/Third_Party/FreeRTOS/Source/portable/GCC/ARM_CM4F/portmacro.h **** 	#define portMAX_DELAY ( TickType_t ) 0xffffffffUL
  65:Middlewares/Third_Party/FreeRTOS/Source/portable/GCC/ARM_CM4F/portmacro.h **** 
  66:Middlewares/Third_Party/FreeRTOS/Source/portable/GCC/ARM_CM4F/portmacro.h **** 	/* 32-bit tick type on a 32-bit architecture, so reads of the tick count do
  67:Middlewares/Third_Party/FreeRTOS/Source/portable/GCC/ARM_CM4F/portmacro.h **** 	not need to be guarded with a critical section. */
  68:Middlewares/Third_Party/FreeRTOS/Source/portable/GCC/ARM_CM4F/portmacro.h **** 	#define portTICK_TYPE_IS_ATOMIC 1
  69:Middlewares/Third_Party/FreeRTOS/Source/portable/GCC/ARM_CM4F/portmacro.h **** #endif
  70:Middlewares/Third_Party/FreeRTOS/Source/portable/GCC/ARM_CM4F/portmacro.h **** /*-----------------------------------------------------------*/
  71:Middlewares/Third_Party/FreeRTOS/Source/portable/GCC/ARM_CM4F/portmacro.h **** 
  72:Middlewares/Third_Party/FreeRTOS/Source/portable/GCC/ARM_CM4F/portmacro.h **** /* Architecture specifics. */
  73:Middlewares/Third_Party/FreeRTOS/Source/portable/GCC/ARM_CM4F/portmacro.h **** #define portSTACK_GROWTH			( -1 )
  74:Middlewares/Third_Party/FreeRTOS/Source/portable/GCC/ARM_CM4F/portmacro.h **** #define portTICK_PERIOD_MS			( ( TickType_t ) 1000 / configTICK_RATE_HZ )
  75:Middlewares/Third_Party/FreeRTOS/Source/portable/GCC/ARM_CM4F/portmacro.h **** #define portBYTE_ALIGNMENT			8
  76:Middlewares/Third_Party/FreeRTOS/Source/portable/GCC/ARM_CM4F/portmacro.h **** /*-----------------------------------------------------------*/
  77:Middlewares/Third_Party/FreeRTOS/Source/portable/GCC/ARM_CM4F/portmacro.h **** 
  78:Middlewares/Third_Party/FreeRTOS/Source/portable/GCC/ARM_CM4F/portmacro.h **** /* Scheduler utilities. */
  79:Middlewares/Third_Party/FreeRTOS/Source/portable/GCC/ARM_CM4F/portmacro.h **** #define portYIELD() 															\
  80:Middlewares/Third_Party/FreeRTOS/Source/portable/GCC/ARM_CM4F/portmacro.h **** {																				\
  81:Middlewares/Third_Party/FreeRTOS/Source/portable/GCC/ARM_CM4F/portmacro.h **** 	/* Set a PendSV to request a context switch. */								\
  82:Middlewares/Third_Party/FreeRTOS/Source/portable/GCC/ARM_CM4F/portmacro.h **** 	portNVIC_INT_CTRL_REG = portNVIC_PENDSVSET_BIT;								\
  83:Middlewares/Third_Party/FreeRTOS/Source/portable/GCC/ARM_CM4F/portmacro.h **** 																				\
  84:Middlewares/Third_Party/FreeRTOS/Source/portable/GCC/ARM_CM4F/portmacro.h **** 	/* Barriers are normally not required but do ensure the code is completely	\
  85:Middlewares/Third_Party/FreeRTOS/Source/portable/GCC/ARM_CM4F/portmacro.h **** 	within the specified behaviour for the architecture. */						\
  86:Middlewares/Third_Party/FreeRTOS/Source/portable/GCC/ARM_CM4F/portmacro.h **** 	__asm volatile( "dsb" ::: "memory" );										\
  87:Middlewares/Third_Party/FreeRTOS/Source/portable/GCC/ARM_CM4F/portmacro.h **** 	__asm volatile( "isb" );													\
  88:Middlewares/Third_Party/FreeRTOS/Source/portable/GCC/ARM_CM4F/portmacro.h **** }
  89:Middlewares/Third_Party/FreeRTOS/Source/portable/GCC/ARM_CM4F/portmacro.h **** 
  90:Middlewares/Third_Party/FreeRTOS/Source/portable/GCC/ARM_CM4F/portmacro.h **** #define portNVIC_INT_CTRL_REG		( * ( ( volatile uint32_t * ) 0xe000ed04 ) )
  91:Middlewares/Third_Party/FreeRTOS/Source/portable/GCC/ARM_CM4F/portmacro.h **** #define portNVIC_PENDSVSET_BIT		( 1UL << 28UL )
  92:Middlewares/Third_Party/FreeRTOS/Source/portable/GCC/ARM_CM4F/portmacro.h **** #define portEND_SWITCHING_ISR( xSwitchRequired ) if( xSwitchRequired != pdFALSE ) portYIELD()
  93:Middlewares/Third_Party/FreeRTOS/Source/portable/GCC/ARM_CM4F/portmacro.h **** #define portYIELD_FROM_ISR( x ) portEND_SWITCHING_ISR( x )
ARM GAS  /tmp/ccsbjPFO.s 			page 16


  94:Middlewares/Third_Party/FreeRTOS/Source/portable/GCC/ARM_CM4F/portmacro.h **** /*-----------------------------------------------------------*/
  95:Middlewares/Third_Party/FreeRTOS/Source/portable/GCC/ARM_CM4F/portmacro.h **** 
  96:Middlewares/Third_Party/FreeRTOS/Source/portable/GCC/ARM_CM4F/portmacro.h **** /* Critical section management. */
  97:Middlewares/Third_Party/FreeRTOS/Source/portable/GCC/ARM_CM4F/portmacro.h **** extern void vPortEnterCritical( void );
  98:Middlewares/Third_Party/FreeRTOS/Source/portable/GCC/ARM_CM4F/portmacro.h **** extern void vPortExitCritical( void );
  99:Middlewares/Third_Party/FreeRTOS/Source/portable/GCC/ARM_CM4F/portmacro.h **** #define portSET_INTERRUPT_MASK_FROM_ISR()		ulPortRaiseBASEPRI()
 100:Middlewares/Third_Party/FreeRTOS/Source/portable/GCC/ARM_CM4F/portmacro.h **** #define portCLEAR_INTERRUPT_MASK_FROM_ISR(x)	vPortSetBASEPRI(x)
 101:Middlewares/Third_Party/FreeRTOS/Source/portable/GCC/ARM_CM4F/portmacro.h **** #define portDISABLE_INTERRUPTS()				vPortRaiseBASEPRI()
 102:Middlewares/Third_Party/FreeRTOS/Source/portable/GCC/ARM_CM4F/portmacro.h **** #define portENABLE_INTERRUPTS()					vPortSetBASEPRI(0)
 103:Middlewares/Third_Party/FreeRTOS/Source/portable/GCC/ARM_CM4F/portmacro.h **** #define portENTER_CRITICAL()					vPortEnterCritical()
 104:Middlewares/Third_Party/FreeRTOS/Source/portable/GCC/ARM_CM4F/portmacro.h **** #define portEXIT_CRITICAL()						vPortExitCritical()
 105:Middlewares/Third_Party/FreeRTOS/Source/portable/GCC/ARM_CM4F/portmacro.h **** 
 106:Middlewares/Third_Party/FreeRTOS/Source/portable/GCC/ARM_CM4F/portmacro.h **** /*-----------------------------------------------------------*/
 107:Middlewares/Third_Party/FreeRTOS/Source/portable/GCC/ARM_CM4F/portmacro.h **** 
 108:Middlewares/Third_Party/FreeRTOS/Source/portable/GCC/ARM_CM4F/portmacro.h **** /* Task function macros as described on the FreeRTOS.org WEB site.  These are
 109:Middlewares/Third_Party/FreeRTOS/Source/portable/GCC/ARM_CM4F/portmacro.h **** not necessary for to use this port.  They are defined so the common demo files
 110:Middlewares/Third_Party/FreeRTOS/Source/portable/GCC/ARM_CM4F/portmacro.h **** (which build with all the ports) will build. */
 111:Middlewares/Third_Party/FreeRTOS/Source/portable/GCC/ARM_CM4F/portmacro.h **** #define portTASK_FUNCTION_PROTO( vFunction, pvParameters ) void vFunction( void *pvParameters )
 112:Middlewares/Third_Party/FreeRTOS/Source/portable/GCC/ARM_CM4F/portmacro.h **** #define portTASK_FUNCTION( vFunction, pvParameters ) void vFunction( void *pvParameters )
 113:Middlewares/Third_Party/FreeRTOS/Source/portable/GCC/ARM_CM4F/portmacro.h **** /*-----------------------------------------------------------*/
 114:Middlewares/Third_Party/FreeRTOS/Source/portable/GCC/ARM_CM4F/portmacro.h **** 
 115:Middlewares/Third_Party/FreeRTOS/Source/portable/GCC/ARM_CM4F/portmacro.h **** /* Tickless idle/low power functionality. */
 116:Middlewares/Third_Party/FreeRTOS/Source/portable/GCC/ARM_CM4F/portmacro.h **** #ifndef portSUPPRESS_TICKS_AND_SLEEP
 117:Middlewares/Third_Party/FreeRTOS/Source/portable/GCC/ARM_CM4F/portmacro.h **** 	extern void vPortSuppressTicksAndSleep( TickType_t xExpectedIdleTime );
 118:Middlewares/Third_Party/FreeRTOS/Source/portable/GCC/ARM_CM4F/portmacro.h **** 	#define portSUPPRESS_TICKS_AND_SLEEP( xExpectedIdleTime ) vPortSuppressTicksAndSleep( xExpectedIdl
 119:Middlewares/Third_Party/FreeRTOS/Source/portable/GCC/ARM_CM4F/portmacro.h **** #endif
 120:Middlewares/Third_Party/FreeRTOS/Source/portable/GCC/ARM_CM4F/portmacro.h **** /*-----------------------------------------------------------*/
 121:Middlewares/Third_Party/FreeRTOS/Source/portable/GCC/ARM_CM4F/portmacro.h **** 
 122:Middlewares/Third_Party/FreeRTOS/Source/portable/GCC/ARM_CM4F/portmacro.h **** /* Architecture specific optimisations. */
 123:Middlewares/Third_Party/FreeRTOS/Source/portable/GCC/ARM_CM4F/portmacro.h **** #ifndef configUSE_PORT_OPTIMISED_TASK_SELECTION
 124:Middlewares/Third_Party/FreeRTOS/Source/portable/GCC/ARM_CM4F/portmacro.h **** 	#define configUSE_PORT_OPTIMISED_TASK_SELECTION 1
 125:Middlewares/Third_Party/FreeRTOS/Source/portable/GCC/ARM_CM4F/portmacro.h **** #endif
 126:Middlewares/Third_Party/FreeRTOS/Source/portable/GCC/ARM_CM4F/portmacro.h **** 
 127:Middlewares/Third_Party/FreeRTOS/Source/portable/GCC/ARM_CM4F/portmacro.h **** #if configUSE_PORT_OPTIMISED_TASK_SELECTION == 1
 128:Middlewares/Third_Party/FreeRTOS/Source/portable/GCC/ARM_CM4F/portmacro.h **** 
 129:Middlewares/Third_Party/FreeRTOS/Source/portable/GCC/ARM_CM4F/portmacro.h **** 	/* Generic helper function. */
 130:Middlewares/Third_Party/FreeRTOS/Source/portable/GCC/ARM_CM4F/portmacro.h **** 	__attribute__( ( always_inline ) ) static inline uint8_t ucPortCountLeadingZeros( uint32_t ulBitma
 131:Middlewares/Third_Party/FreeRTOS/Source/portable/GCC/ARM_CM4F/portmacro.h **** 	{
 132:Middlewares/Third_Party/FreeRTOS/Source/portable/GCC/ARM_CM4F/portmacro.h **** 	uint8_t ucReturn;
 133:Middlewares/Third_Party/FreeRTOS/Source/portable/GCC/ARM_CM4F/portmacro.h **** 
 134:Middlewares/Third_Party/FreeRTOS/Source/portable/GCC/ARM_CM4F/portmacro.h **** 		__asm volatile ( "clz %0, %1" : "=r" ( ucReturn ) : "r" ( ulBitmap ) : "memory" );
 135:Middlewares/Third_Party/FreeRTOS/Source/portable/GCC/ARM_CM4F/portmacro.h **** 		return ucReturn;
 136:Middlewares/Third_Party/FreeRTOS/Source/portable/GCC/ARM_CM4F/portmacro.h **** 	}
 137:Middlewares/Third_Party/FreeRTOS/Source/portable/GCC/ARM_CM4F/portmacro.h **** 
 138:Middlewares/Third_Party/FreeRTOS/Source/portable/GCC/ARM_CM4F/portmacro.h **** 	/* Check the configuration. */
 139:Middlewares/Third_Party/FreeRTOS/Source/portable/GCC/ARM_CM4F/portmacro.h **** 	#if( configMAX_PRIORITIES > 32 )
 140:Middlewares/Third_Party/FreeRTOS/Source/portable/GCC/ARM_CM4F/portmacro.h **** 		#error configUSE_PORT_OPTIMISED_TASK_SELECTION can only be set to 1 when configMAX_PRIORITIES is 
 141:Middlewares/Third_Party/FreeRTOS/Source/portable/GCC/ARM_CM4F/portmacro.h **** 	#endif
 142:Middlewares/Third_Party/FreeRTOS/Source/portable/GCC/ARM_CM4F/portmacro.h **** 
 143:Middlewares/Third_Party/FreeRTOS/Source/portable/GCC/ARM_CM4F/portmacro.h **** 	/* Store/clear the ready priorities in a bit map. */
 144:Middlewares/Third_Party/FreeRTOS/Source/portable/GCC/ARM_CM4F/portmacro.h **** 	#define portRECORD_READY_PRIORITY( uxPriority, uxReadyPriorities ) ( uxReadyPriorities ) |= ( 1UL 
 145:Middlewares/Third_Party/FreeRTOS/Source/portable/GCC/ARM_CM4F/portmacro.h **** 	#define portRESET_READY_PRIORITY( uxPriority, uxReadyPriorities ) ( uxReadyPriorities ) &= ~( 1UL 
 146:Middlewares/Third_Party/FreeRTOS/Source/portable/GCC/ARM_CM4F/portmacro.h **** 
 147:Middlewares/Third_Party/FreeRTOS/Source/portable/GCC/ARM_CM4F/portmacro.h **** 	/*-----------------------------------------------------------*/
 148:Middlewares/Third_Party/FreeRTOS/Source/portable/GCC/ARM_CM4F/portmacro.h **** 
 149:Middlewares/Third_Party/FreeRTOS/Source/portable/GCC/ARM_CM4F/portmacro.h **** 	#define portGET_HIGHEST_PRIORITY( uxTopPriority, uxReadyPriorities ) uxTopPriority = ( 31UL - ( ui
 150:Middlewares/Third_Party/FreeRTOS/Source/portable/GCC/ARM_CM4F/portmacro.h **** 
ARM GAS  /tmp/ccsbjPFO.s 			page 17


 151:Middlewares/Third_Party/FreeRTOS/Source/portable/GCC/ARM_CM4F/portmacro.h **** #endif /* configUSE_PORT_OPTIMISED_TASK_SELECTION */
 152:Middlewares/Third_Party/FreeRTOS/Source/portable/GCC/ARM_CM4F/portmacro.h **** 
 153:Middlewares/Third_Party/FreeRTOS/Source/portable/GCC/ARM_CM4F/portmacro.h **** /*-----------------------------------------------------------*/
 154:Middlewares/Third_Party/FreeRTOS/Source/portable/GCC/ARM_CM4F/portmacro.h **** 
 155:Middlewares/Third_Party/FreeRTOS/Source/portable/GCC/ARM_CM4F/portmacro.h **** #ifdef configASSERT
 156:Middlewares/Third_Party/FreeRTOS/Source/portable/GCC/ARM_CM4F/portmacro.h **** 	void vPortValidateInterruptPriority( void );
 157:Middlewares/Third_Party/FreeRTOS/Source/portable/GCC/ARM_CM4F/portmacro.h **** 	#define portASSERT_IF_INTERRUPT_PRIORITY_INVALID() 	vPortValidateInterruptPriority()
 158:Middlewares/Third_Party/FreeRTOS/Source/portable/GCC/ARM_CM4F/portmacro.h **** #endif
 159:Middlewares/Third_Party/FreeRTOS/Source/portable/GCC/ARM_CM4F/portmacro.h **** 
 160:Middlewares/Third_Party/FreeRTOS/Source/portable/GCC/ARM_CM4F/portmacro.h **** /* portNOP() is not required by this port. */
 161:Middlewares/Third_Party/FreeRTOS/Source/portable/GCC/ARM_CM4F/portmacro.h **** #define portNOP()
 162:Middlewares/Third_Party/FreeRTOS/Source/portable/GCC/ARM_CM4F/portmacro.h **** 
 163:Middlewares/Third_Party/FreeRTOS/Source/portable/GCC/ARM_CM4F/portmacro.h **** #define portINLINE	__inline
 164:Middlewares/Third_Party/FreeRTOS/Source/portable/GCC/ARM_CM4F/portmacro.h **** 
 165:Middlewares/Third_Party/FreeRTOS/Source/portable/GCC/ARM_CM4F/portmacro.h **** #ifndef portFORCE_INLINE
 166:Middlewares/Third_Party/FreeRTOS/Source/portable/GCC/ARM_CM4F/portmacro.h **** 	#define portFORCE_INLINE inline __attribute__(( always_inline))
 167:Middlewares/Third_Party/FreeRTOS/Source/portable/GCC/ARM_CM4F/portmacro.h **** #endif
 168:Middlewares/Third_Party/FreeRTOS/Source/portable/GCC/ARM_CM4F/portmacro.h **** 
 169:Middlewares/Third_Party/FreeRTOS/Source/portable/GCC/ARM_CM4F/portmacro.h **** portFORCE_INLINE static BaseType_t xPortIsInsideInterrupt( void )
 170:Middlewares/Third_Party/FreeRTOS/Source/portable/GCC/ARM_CM4F/portmacro.h **** {
 171:Middlewares/Third_Party/FreeRTOS/Source/portable/GCC/ARM_CM4F/portmacro.h **** uint32_t ulCurrentInterrupt;
 172:Middlewares/Third_Party/FreeRTOS/Source/portable/GCC/ARM_CM4F/portmacro.h **** BaseType_t xReturn;
 173:Middlewares/Third_Party/FreeRTOS/Source/portable/GCC/ARM_CM4F/portmacro.h **** 
 174:Middlewares/Third_Party/FreeRTOS/Source/portable/GCC/ARM_CM4F/portmacro.h **** 	/* Obtain the number of the currently executing interrupt. */
 175:Middlewares/Third_Party/FreeRTOS/Source/portable/GCC/ARM_CM4F/portmacro.h **** 	__asm volatile( "mrs %0, ipsr" : "=r"( ulCurrentInterrupt ) :: "memory" );
 176:Middlewares/Third_Party/FreeRTOS/Source/portable/GCC/ARM_CM4F/portmacro.h **** 
 177:Middlewares/Third_Party/FreeRTOS/Source/portable/GCC/ARM_CM4F/portmacro.h **** 	if( ulCurrentInterrupt == 0 )
 178:Middlewares/Third_Party/FreeRTOS/Source/portable/GCC/ARM_CM4F/portmacro.h **** 	{
 179:Middlewares/Third_Party/FreeRTOS/Source/portable/GCC/ARM_CM4F/portmacro.h **** 		xReturn = pdFALSE;
 180:Middlewares/Third_Party/FreeRTOS/Source/portable/GCC/ARM_CM4F/portmacro.h **** 	}
 181:Middlewares/Third_Party/FreeRTOS/Source/portable/GCC/ARM_CM4F/portmacro.h **** 	else
 182:Middlewares/Third_Party/FreeRTOS/Source/portable/GCC/ARM_CM4F/portmacro.h **** 	{
 183:Middlewares/Third_Party/FreeRTOS/Source/portable/GCC/ARM_CM4F/portmacro.h **** 		xReturn = pdTRUE;
 184:Middlewares/Third_Party/FreeRTOS/Source/portable/GCC/ARM_CM4F/portmacro.h **** 	}
 185:Middlewares/Third_Party/FreeRTOS/Source/portable/GCC/ARM_CM4F/portmacro.h **** 
 186:Middlewares/Third_Party/FreeRTOS/Source/portable/GCC/ARM_CM4F/portmacro.h **** 	return xReturn;
 187:Middlewares/Third_Party/FreeRTOS/Source/portable/GCC/ARM_CM4F/portmacro.h **** }
 188:Middlewares/Third_Party/FreeRTOS/Source/portable/GCC/ARM_CM4F/portmacro.h **** 
 189:Middlewares/Third_Party/FreeRTOS/Source/portable/GCC/ARM_CM4F/portmacro.h **** /*-----------------------------------------------------------*/
 190:Middlewares/Third_Party/FreeRTOS/Source/portable/GCC/ARM_CM4F/portmacro.h **** 
 191:Middlewares/Third_Party/FreeRTOS/Source/portable/GCC/ARM_CM4F/portmacro.h **** portFORCE_INLINE static void vPortRaiseBASEPRI( void )
 192:Middlewares/Third_Party/FreeRTOS/Source/portable/GCC/ARM_CM4F/portmacro.h **** {
 193:Middlewares/Third_Party/FreeRTOS/Source/portable/GCC/ARM_CM4F/portmacro.h **** uint32_t ulNewBASEPRI;
 194:Middlewares/Third_Party/FreeRTOS/Source/portable/GCC/ARM_CM4F/portmacro.h **** 
 195:Middlewares/Third_Party/FreeRTOS/Source/portable/GCC/ARM_CM4F/portmacro.h **** 	__asm volatile
 194              		.loc 2 195 2
 195              		.syntax unified
 196              	@ 195 "Middlewares/Third_Party/FreeRTOS/Source/portable/GCC/ARM_CM4F/portmacro.h" 1
 197 0014 4FF05003 			mov r3, #80												
 198 0018 83F31188 		msr basepri, r3											
 199 001c BFF36F8F 		isb														
 200 0020 BFF34F8F 		dsb														
 201              	
 202              	@ 0 "" 2
 203              		.thumb
 204              		.syntax unified
 205 0024 3B62     		str	r3, [r7, #32]
ARM GAS  /tmp/ccsbjPFO.s 			page 18


 196:Middlewares/Third_Party/FreeRTOS/Source/portable/GCC/ARM_CM4F/portmacro.h **** 	(
 197:Middlewares/Third_Party/FreeRTOS/Source/portable/GCC/ARM_CM4F/portmacro.h **** 		"	mov %0, %1												\n"	\
 198:Middlewares/Third_Party/FreeRTOS/Source/portable/GCC/ARM_CM4F/portmacro.h **** 		"	msr basepri, %0											\n" \
 199:Middlewares/Third_Party/FreeRTOS/Source/portable/GCC/ARM_CM4F/portmacro.h **** 		"	isb														\n" \
 200:Middlewares/Third_Party/FreeRTOS/Source/portable/GCC/ARM_CM4F/portmacro.h **** 		"	dsb														\n" \
 201:Middlewares/Third_Party/FreeRTOS/Source/portable/GCC/ARM_CM4F/portmacro.h **** 		:"=r" (ulNewBASEPRI) : "i" ( configMAX_SYSCALL_INTERRUPT_PRIORITY ) : "memory"
 202:Middlewares/Third_Party/FreeRTOS/Source/portable/GCC/ARM_CM4F/portmacro.h **** 	);
 203:Middlewares/Third_Party/FreeRTOS/Source/portable/GCC/ARM_CM4F/portmacro.h **** }
 206              		.loc 2 203 1
 207 0026 00BF     		nop
 208              	.L3:
 209              	.LBE127:
 210              	.LBE126:
 211              		.loc 1 592 3
 212 0028 00BF     		nop
 213 002a FDE7     		b	.L3
 214              	.L2:
 593:Middlewares/Third_Party/FreeRTOS/Source/tasks.c **** 		configASSERT( pxTaskBuffer != NULL );
 215              		.loc 1 593 3
 216 002c BB6B     		ldr	r3, [r7, #56]
 217 002e 002B     		cmp	r3, #0
 218 0030 0BD1     		bne	.L4
 219              	.LBB128:
 220              	.LBB129:
 195:Middlewares/Third_Party/FreeRTOS/Source/portable/GCC/ARM_CM4F/portmacro.h **** 	(
 221              		.loc 2 195 2
 222              		.syntax unified
 223              	@ 195 "Middlewares/Third_Party/FreeRTOS/Source/portable/GCC/ARM_CM4F/portmacro.h" 1
 224 0032 4FF05003 			mov r3, #80												
 225 0036 83F31188 		msr basepri, r3											
 226 003a BFF36F8F 		isb														
 227 003e BFF34F8F 		dsb														
 228              	
 229              	@ 0 "" 2
 230              		.thumb
 231              		.syntax unified
 232 0042 FB61     		str	r3, [r7, #28]
 233              		.loc 2 203 1
 234 0044 00BF     		nop
 235              	.L5:
 236              	.LBE129:
 237              	.LBE128:
 238              		.loc 1 593 3
 239 0046 00BF     		nop
 240 0048 FDE7     		b	.L5
 241              	.L4:
 242              	.LBB130:
 594:Middlewares/Third_Party/FreeRTOS/Source/tasks.c **** 
 595:Middlewares/Third_Party/FreeRTOS/Source/tasks.c **** 		#if( configASSERT_DEFINED == 1 )
 596:Middlewares/Third_Party/FreeRTOS/Source/tasks.c **** 		{
 597:Middlewares/Third_Party/FreeRTOS/Source/tasks.c **** 			/* Sanity check that the size of the structure used to declare a
 598:Middlewares/Third_Party/FreeRTOS/Source/tasks.c **** 			variable of type StaticTask_t equals the size of the real task
 599:Middlewares/Third_Party/FreeRTOS/Source/tasks.c **** 			structure. */
 600:Middlewares/Third_Party/FreeRTOS/Source/tasks.c **** 			volatile size_t xSize = sizeof( StaticTask_t );
 243              		.loc 1 600 20
 244 004a 6423     		movs	r3, #100
 245 004c 3B61     		str	r3, [r7, #16]
ARM GAS  /tmp/ccsbjPFO.s 			page 19


 601:Middlewares/Third_Party/FreeRTOS/Source/tasks.c **** 			configASSERT( xSize == sizeof( TCB_t ) );
 246              		.loc 1 601 4
 247 004e 3B69     		ldr	r3, [r7, #16]
 248 0050 642B     		cmp	r3, #100
 249 0052 0BD0     		beq	.L6
 250              	.LBB131:
 251              	.LBB132:
 195:Middlewares/Third_Party/FreeRTOS/Source/portable/GCC/ARM_CM4F/portmacro.h **** 	(
 252              		.loc 2 195 2
 253              		.syntax unified
 254              	@ 195 "Middlewares/Third_Party/FreeRTOS/Source/portable/GCC/ARM_CM4F/portmacro.h" 1
 255 0054 4FF05003 			mov r3, #80												
 256 0058 83F31188 		msr basepri, r3											
 257 005c BFF36F8F 		isb														
 258 0060 BFF34F8F 		dsb														
 259              	
 260              	@ 0 "" 2
 261              		.thumb
 262              		.syntax unified
 263 0064 BB61     		str	r3, [r7, #24]
 264              		.loc 2 203 1
 265 0066 00BF     		nop
 266              	.L7:
 267              	.LBE132:
 268              	.LBE131:
 269              		.loc 1 601 4
 270 0068 00BF     		nop
 271 006a FDE7     		b	.L7
 272              	.L6:
 602:Middlewares/Third_Party/FreeRTOS/Source/tasks.c **** 			( void ) xSize; /* Prevent lint warning when configASSERT() is not used. */
 273              		.loc 1 602 4
 274 006c 3B69     		ldr	r3, [r7, #16]
 275              	.LBE130:
 603:Middlewares/Third_Party/FreeRTOS/Source/tasks.c **** 		}
 604:Middlewares/Third_Party/FreeRTOS/Source/tasks.c **** 		#endif /* configASSERT_DEFINED */
 605:Middlewares/Third_Party/FreeRTOS/Source/tasks.c **** 
 606:Middlewares/Third_Party/FreeRTOS/Source/tasks.c **** 
 607:Middlewares/Third_Party/FreeRTOS/Source/tasks.c **** 		if( ( pxTaskBuffer != NULL ) && ( puxStackBuffer != NULL ) )
 276              		.loc 1 607 5
 277 006e BB6B     		ldr	r3, [r7, #56]
 278 0070 002B     		cmp	r3, #0
 279 0072 1ED0     		beq	.L8
 280              		.loc 1 607 32 discriminator 1
 281 0074 7B6B     		ldr	r3, [r7, #52]
 282 0076 002B     		cmp	r3, #0
 283 0078 1BD0     		beq	.L8
 608:Middlewares/Third_Party/FreeRTOS/Source/tasks.c **** 		{
 609:Middlewares/Third_Party/FreeRTOS/Source/tasks.c **** 			/* The memory used for the task's TCB and stack are passed into this
 610:Middlewares/Third_Party/FreeRTOS/Source/tasks.c **** 			function - use them. */
 611:Middlewares/Third_Party/FreeRTOS/Source/tasks.c **** 			pxNewTCB = ( TCB_t * ) pxTaskBuffer; /*lint !e740 !e9087 Unusual cast is ok as the structures ar
 284              		.loc 1 611 13
 285 007a BB6B     		ldr	r3, [r7, #56]
 286 007c 7B62     		str	r3, [r7, #36]
 612:Middlewares/Third_Party/FreeRTOS/Source/tasks.c **** 			pxNewTCB->pxStack = ( StackType_t * ) puxStackBuffer;
 287              		.loc 1 612 22
 288 007e 7B6A     		ldr	r3, [r7, #36]
 289 0080 7A6B     		ldr	r2, [r7, #52]
ARM GAS  /tmp/ccsbjPFO.s 			page 20


 290 0082 1A63     		str	r2, [r3, #48]
 613:Middlewares/Third_Party/FreeRTOS/Source/tasks.c **** 
 614:Middlewares/Third_Party/FreeRTOS/Source/tasks.c **** 			#if( tskSTATIC_AND_DYNAMIC_ALLOCATION_POSSIBLE != 0 ) /*lint !e731 !e9029 Macro has been consoli
 615:Middlewares/Third_Party/FreeRTOS/Source/tasks.c **** 			{
 616:Middlewares/Third_Party/FreeRTOS/Source/tasks.c **** 				/* Tasks can be created statically or dynamically, so note this
 617:Middlewares/Third_Party/FreeRTOS/Source/tasks.c **** 				task was created statically in case the task is later deleted. */
 618:Middlewares/Third_Party/FreeRTOS/Source/tasks.c **** 				pxNewTCB->ucStaticallyAllocated = tskSTATICALLY_ALLOCATED_STACK_AND_TCB;
 291              		.loc 1 618 37
 292 0084 7B6A     		ldr	r3, [r7, #36]
 293 0086 0222     		movs	r2, #2
 294 0088 83F86120 		strb	r2, [r3, #97]
 619:Middlewares/Third_Party/FreeRTOS/Source/tasks.c **** 			}
 620:Middlewares/Third_Party/FreeRTOS/Source/tasks.c **** 			#endif /* tskSTATIC_AND_DYNAMIC_ALLOCATION_POSSIBLE */
 621:Middlewares/Third_Party/FreeRTOS/Source/tasks.c **** 
 622:Middlewares/Third_Party/FreeRTOS/Source/tasks.c **** 			prvInitialiseNewTask( pxTaskCode, pcName, ulStackDepth, pvParameters, uxPriority, &xReturn, pxNe
 295              		.loc 1 622 4
 296 008c 0023     		movs	r3, #0
 297 008e 0393     		str	r3, [sp, #12]
 298 0090 7B6A     		ldr	r3, [r7, #36]
 299 0092 0293     		str	r3, [sp, #8]
 300 0094 07F11403 		add	r3, r7, #20
 301 0098 0193     		str	r3, [sp, #4]
 302 009a 3B6B     		ldr	r3, [r7, #48]
 303 009c 0093     		str	r3, [sp]
 304 009e 3B68     		ldr	r3, [r7]
 305 00a0 7A68     		ldr	r2, [r7, #4]
 306 00a2 B968     		ldr	r1, [r7, #8]
 307 00a4 F868     		ldr	r0, [r7, #12]
 308 00a6 FFF7FEFF 		bl	prvInitialiseNewTask
 623:Middlewares/Third_Party/FreeRTOS/Source/tasks.c **** 			prvAddNewTaskToReadyList( pxNewTCB );
 309              		.loc 1 623 4
 310 00aa 786A     		ldr	r0, [r7, #36]
 311 00ac FFF7FEFF 		bl	prvAddNewTaskToReadyList
 312 00b0 01E0     		b	.L9
 313              	.L8:
 624:Middlewares/Third_Party/FreeRTOS/Source/tasks.c **** 		}
 625:Middlewares/Third_Party/FreeRTOS/Source/tasks.c **** 		else
 626:Middlewares/Third_Party/FreeRTOS/Source/tasks.c **** 		{
 627:Middlewares/Third_Party/FreeRTOS/Source/tasks.c **** 			xReturn = NULL;
 314              		.loc 1 627 12
 315 00b2 0023     		movs	r3, #0
 316 00b4 7B61     		str	r3, [r7, #20]
 317              	.L9:
 628:Middlewares/Third_Party/FreeRTOS/Source/tasks.c **** 		}
 629:Middlewares/Third_Party/FreeRTOS/Source/tasks.c **** 
 630:Middlewares/Third_Party/FreeRTOS/Source/tasks.c **** 		return xReturn;
 318              		.loc 1 630 10
 319 00b6 7B69     		ldr	r3, [r7, #20]
 631:Middlewares/Third_Party/FreeRTOS/Source/tasks.c **** 	}
 320              		.loc 1 631 2
 321 00b8 1846     		mov	r0, r3
 322 00ba 2837     		adds	r7, r7, #40
 323              	.LCFI3:
 324              		.cfi_def_cfa_offset 8
 325 00bc BD46     		mov	sp, r7
 326              	.LCFI4:
 327              		.cfi_def_cfa_register 13
ARM GAS  /tmp/ccsbjPFO.s 			page 21


 328              		@ sp needed
 329 00be 80BD     		pop	{r7, pc}
 330              		.cfi_endproc
 331              	.LFE4:
 333              		.section	.text.xTaskCreate,"ax",%progbits
 334              		.align	1
 335              		.global	xTaskCreate
 336              		.syntax unified
 337              		.thumb
 338              		.thumb_func
 340              	xTaskCreate:
 341              	.LFB5:
 632:Middlewares/Third_Party/FreeRTOS/Source/tasks.c **** 
 633:Middlewares/Third_Party/FreeRTOS/Source/tasks.c **** #endif /* SUPPORT_STATIC_ALLOCATION */
 634:Middlewares/Third_Party/FreeRTOS/Source/tasks.c **** /*-----------------------------------------------------------*/
 635:Middlewares/Third_Party/FreeRTOS/Source/tasks.c **** 
 636:Middlewares/Third_Party/FreeRTOS/Source/tasks.c **** #if( ( portUSING_MPU_WRAPPERS == 1 ) && ( configSUPPORT_STATIC_ALLOCATION == 1 ) )
 637:Middlewares/Third_Party/FreeRTOS/Source/tasks.c **** 
 638:Middlewares/Third_Party/FreeRTOS/Source/tasks.c **** 	BaseType_t xTaskCreateRestrictedStatic( const TaskParameters_t * const pxTaskDefinition, TaskHandl
 639:Middlewares/Third_Party/FreeRTOS/Source/tasks.c **** 	{
 640:Middlewares/Third_Party/FreeRTOS/Source/tasks.c **** 	TCB_t *pxNewTCB;
 641:Middlewares/Third_Party/FreeRTOS/Source/tasks.c **** 	BaseType_t xReturn = errCOULD_NOT_ALLOCATE_REQUIRED_MEMORY;
 642:Middlewares/Third_Party/FreeRTOS/Source/tasks.c **** 
 643:Middlewares/Third_Party/FreeRTOS/Source/tasks.c **** 		configASSERT( pxTaskDefinition->puxStackBuffer != NULL );
 644:Middlewares/Third_Party/FreeRTOS/Source/tasks.c **** 		configASSERT( pxTaskDefinition->pxTaskBuffer != NULL );
 645:Middlewares/Third_Party/FreeRTOS/Source/tasks.c **** 
 646:Middlewares/Third_Party/FreeRTOS/Source/tasks.c **** 		if( ( pxTaskDefinition->puxStackBuffer != NULL ) && ( pxTaskDefinition->pxTaskBuffer != NULL ) )
 647:Middlewares/Third_Party/FreeRTOS/Source/tasks.c **** 		{
 648:Middlewares/Third_Party/FreeRTOS/Source/tasks.c **** 			/* Allocate space for the TCB.  Where the memory comes from depends
 649:Middlewares/Third_Party/FreeRTOS/Source/tasks.c **** 			on the implementation of the port malloc function and whether or
 650:Middlewares/Third_Party/FreeRTOS/Source/tasks.c **** 			not static allocation is being used. */
 651:Middlewares/Third_Party/FreeRTOS/Source/tasks.c **** 			pxNewTCB = ( TCB_t * ) pxTaskDefinition->pxTaskBuffer;
 652:Middlewares/Third_Party/FreeRTOS/Source/tasks.c **** 
 653:Middlewares/Third_Party/FreeRTOS/Source/tasks.c **** 			/* Store the stack location in the TCB. */
 654:Middlewares/Third_Party/FreeRTOS/Source/tasks.c **** 			pxNewTCB->pxStack = pxTaskDefinition->puxStackBuffer;
 655:Middlewares/Third_Party/FreeRTOS/Source/tasks.c **** 
 656:Middlewares/Third_Party/FreeRTOS/Source/tasks.c **** 			#if( tskSTATIC_AND_DYNAMIC_ALLOCATION_POSSIBLE != 0 )
 657:Middlewares/Third_Party/FreeRTOS/Source/tasks.c **** 			{
 658:Middlewares/Third_Party/FreeRTOS/Source/tasks.c **** 				/* Tasks can be created statically or dynamically, so note this
 659:Middlewares/Third_Party/FreeRTOS/Source/tasks.c **** 				task was created statically in case the task is later deleted. */
 660:Middlewares/Third_Party/FreeRTOS/Source/tasks.c **** 				pxNewTCB->ucStaticallyAllocated = tskSTATICALLY_ALLOCATED_STACK_AND_TCB;
 661:Middlewares/Third_Party/FreeRTOS/Source/tasks.c **** 			}
 662:Middlewares/Third_Party/FreeRTOS/Source/tasks.c **** 			#endif /* tskSTATIC_AND_DYNAMIC_ALLOCATION_POSSIBLE */
 663:Middlewares/Third_Party/FreeRTOS/Source/tasks.c **** 
 664:Middlewares/Third_Party/FreeRTOS/Source/tasks.c **** 			prvInitialiseNewTask(	pxTaskDefinition->pvTaskCode,
 665:Middlewares/Third_Party/FreeRTOS/Source/tasks.c **** 									pxTaskDefinition->pcName,
 666:Middlewares/Third_Party/FreeRTOS/Source/tasks.c **** 									( uint32_t ) pxTaskDefinition->usStackDepth,
 667:Middlewares/Third_Party/FreeRTOS/Source/tasks.c **** 									pxTaskDefinition->pvParameters,
 668:Middlewares/Third_Party/FreeRTOS/Source/tasks.c **** 									pxTaskDefinition->uxPriority,
 669:Middlewares/Third_Party/FreeRTOS/Source/tasks.c **** 									pxCreatedTask, pxNewTCB,
 670:Middlewares/Third_Party/FreeRTOS/Source/tasks.c **** 									pxTaskDefinition->xRegions );
 671:Middlewares/Third_Party/FreeRTOS/Source/tasks.c **** 
 672:Middlewares/Third_Party/FreeRTOS/Source/tasks.c **** 			prvAddNewTaskToReadyList( pxNewTCB );
 673:Middlewares/Third_Party/FreeRTOS/Source/tasks.c **** 			xReturn = pdPASS;
 674:Middlewares/Third_Party/FreeRTOS/Source/tasks.c **** 		}
 675:Middlewares/Third_Party/FreeRTOS/Source/tasks.c **** 
 676:Middlewares/Third_Party/FreeRTOS/Source/tasks.c **** 		return xReturn;
ARM GAS  /tmp/ccsbjPFO.s 			page 22


 677:Middlewares/Third_Party/FreeRTOS/Source/tasks.c **** 	}
 678:Middlewares/Third_Party/FreeRTOS/Source/tasks.c **** 
 679:Middlewares/Third_Party/FreeRTOS/Source/tasks.c **** #endif /* ( portUSING_MPU_WRAPPERS == 1 ) && ( configSUPPORT_STATIC_ALLOCATION == 1 ) */
 680:Middlewares/Third_Party/FreeRTOS/Source/tasks.c **** /*-----------------------------------------------------------*/
 681:Middlewares/Third_Party/FreeRTOS/Source/tasks.c **** 
 682:Middlewares/Third_Party/FreeRTOS/Source/tasks.c **** #if( ( portUSING_MPU_WRAPPERS == 1 ) && ( configSUPPORT_DYNAMIC_ALLOCATION == 1 ) )
 683:Middlewares/Third_Party/FreeRTOS/Source/tasks.c **** 
 684:Middlewares/Third_Party/FreeRTOS/Source/tasks.c **** 	BaseType_t xTaskCreateRestricted( const TaskParameters_t * const pxTaskDefinition, TaskHandle_t *p
 685:Middlewares/Third_Party/FreeRTOS/Source/tasks.c **** 	{
 686:Middlewares/Third_Party/FreeRTOS/Source/tasks.c **** 	TCB_t *pxNewTCB;
 687:Middlewares/Third_Party/FreeRTOS/Source/tasks.c **** 	BaseType_t xReturn = errCOULD_NOT_ALLOCATE_REQUIRED_MEMORY;
 688:Middlewares/Third_Party/FreeRTOS/Source/tasks.c **** 
 689:Middlewares/Third_Party/FreeRTOS/Source/tasks.c **** 		configASSERT( pxTaskDefinition->puxStackBuffer );
 690:Middlewares/Third_Party/FreeRTOS/Source/tasks.c **** 
 691:Middlewares/Third_Party/FreeRTOS/Source/tasks.c **** 		if( pxTaskDefinition->puxStackBuffer != NULL )
 692:Middlewares/Third_Party/FreeRTOS/Source/tasks.c **** 		{
 693:Middlewares/Third_Party/FreeRTOS/Source/tasks.c **** 			/* Allocate space for the TCB.  Where the memory comes from depends
 694:Middlewares/Third_Party/FreeRTOS/Source/tasks.c **** 			on the implementation of the port malloc function and whether or
 695:Middlewares/Third_Party/FreeRTOS/Source/tasks.c **** 			not static allocation is being used. */
 696:Middlewares/Third_Party/FreeRTOS/Source/tasks.c **** 			pxNewTCB = ( TCB_t * ) pvPortMalloc( sizeof( TCB_t ) );
 697:Middlewares/Third_Party/FreeRTOS/Source/tasks.c **** 
 698:Middlewares/Third_Party/FreeRTOS/Source/tasks.c **** 			if( pxNewTCB != NULL )
 699:Middlewares/Third_Party/FreeRTOS/Source/tasks.c **** 			{
 700:Middlewares/Third_Party/FreeRTOS/Source/tasks.c **** 				/* Store the stack location in the TCB. */
 701:Middlewares/Third_Party/FreeRTOS/Source/tasks.c **** 				pxNewTCB->pxStack = pxTaskDefinition->puxStackBuffer;
 702:Middlewares/Third_Party/FreeRTOS/Source/tasks.c **** 
 703:Middlewares/Third_Party/FreeRTOS/Source/tasks.c **** 				#if( tskSTATIC_AND_DYNAMIC_ALLOCATION_POSSIBLE != 0 )
 704:Middlewares/Third_Party/FreeRTOS/Source/tasks.c **** 				{
 705:Middlewares/Third_Party/FreeRTOS/Source/tasks.c **** 					/* Tasks can be created statically or dynamically, so note
 706:Middlewares/Third_Party/FreeRTOS/Source/tasks.c **** 					this task had a statically allocated stack in case it is
 707:Middlewares/Third_Party/FreeRTOS/Source/tasks.c **** 					later deleted.  The TCB was allocated dynamically. */
 708:Middlewares/Third_Party/FreeRTOS/Source/tasks.c **** 					pxNewTCB->ucStaticallyAllocated = tskSTATICALLY_ALLOCATED_STACK_ONLY;
 709:Middlewares/Third_Party/FreeRTOS/Source/tasks.c **** 				}
 710:Middlewares/Third_Party/FreeRTOS/Source/tasks.c **** 				#endif /* tskSTATIC_AND_DYNAMIC_ALLOCATION_POSSIBLE */
 711:Middlewares/Third_Party/FreeRTOS/Source/tasks.c **** 
 712:Middlewares/Third_Party/FreeRTOS/Source/tasks.c **** 				prvInitialiseNewTask(	pxTaskDefinition->pvTaskCode,
 713:Middlewares/Third_Party/FreeRTOS/Source/tasks.c **** 										pxTaskDefinition->pcName,
 714:Middlewares/Third_Party/FreeRTOS/Source/tasks.c **** 										( uint32_t ) pxTaskDefinition->usStackDepth,
 715:Middlewares/Third_Party/FreeRTOS/Source/tasks.c **** 										pxTaskDefinition->pvParameters,
 716:Middlewares/Third_Party/FreeRTOS/Source/tasks.c **** 										pxTaskDefinition->uxPriority,
 717:Middlewares/Third_Party/FreeRTOS/Source/tasks.c **** 										pxCreatedTask, pxNewTCB,
 718:Middlewares/Third_Party/FreeRTOS/Source/tasks.c **** 										pxTaskDefinition->xRegions );
 719:Middlewares/Third_Party/FreeRTOS/Source/tasks.c **** 
 720:Middlewares/Third_Party/FreeRTOS/Source/tasks.c **** 				prvAddNewTaskToReadyList( pxNewTCB );
 721:Middlewares/Third_Party/FreeRTOS/Source/tasks.c **** 				xReturn = pdPASS;
 722:Middlewares/Third_Party/FreeRTOS/Source/tasks.c **** 			}
 723:Middlewares/Third_Party/FreeRTOS/Source/tasks.c **** 		}
 724:Middlewares/Third_Party/FreeRTOS/Source/tasks.c **** 
 725:Middlewares/Third_Party/FreeRTOS/Source/tasks.c **** 		return xReturn;
 726:Middlewares/Third_Party/FreeRTOS/Source/tasks.c **** 	}
 727:Middlewares/Third_Party/FreeRTOS/Source/tasks.c **** 
 728:Middlewares/Third_Party/FreeRTOS/Source/tasks.c **** #endif /* portUSING_MPU_WRAPPERS */
 729:Middlewares/Third_Party/FreeRTOS/Source/tasks.c **** /*-----------------------------------------------------------*/
 730:Middlewares/Third_Party/FreeRTOS/Source/tasks.c **** 
 731:Middlewares/Third_Party/FreeRTOS/Source/tasks.c **** #if( configSUPPORT_DYNAMIC_ALLOCATION == 1 )
 732:Middlewares/Third_Party/FreeRTOS/Source/tasks.c **** 
 733:Middlewares/Third_Party/FreeRTOS/Source/tasks.c **** 	BaseType_t xTaskCreate(	TaskFunction_t pxTaskCode,
ARM GAS  /tmp/ccsbjPFO.s 			page 23


 734:Middlewares/Third_Party/FreeRTOS/Source/tasks.c **** 							const char * const pcName,		/*lint !e971 Unqualified char types are allowed for strings and 
 735:Middlewares/Third_Party/FreeRTOS/Source/tasks.c **** 							const configSTACK_DEPTH_TYPE usStackDepth,
 736:Middlewares/Third_Party/FreeRTOS/Source/tasks.c **** 							void * const pvParameters,
 737:Middlewares/Third_Party/FreeRTOS/Source/tasks.c **** 							UBaseType_t uxPriority,
 738:Middlewares/Third_Party/FreeRTOS/Source/tasks.c **** 							TaskHandle_t * const pxCreatedTask )
 739:Middlewares/Third_Party/FreeRTOS/Source/tasks.c **** 	{
 342              		.loc 1 739 2
 343              		.cfi_startproc
 344              		@ args = 8, pretend = 0, frame = 32
 345              		@ frame_needed = 1, uses_anonymous_args = 0
 346 0000 80B5     		push	{r7, lr}
 347              	.LCFI5:
 348              		.cfi_def_cfa_offset 8
 349              		.cfi_offset 7, -8
 350              		.cfi_offset 14, -4
 351 0002 8CB0     		sub	sp, sp, #48
 352              	.LCFI6:
 353              		.cfi_def_cfa_offset 56
 354 0004 04AF     		add	r7, sp, #16
 355              	.LCFI7:
 356              		.cfi_def_cfa 7, 40
 357 0006 F860     		str	r0, [r7, #12]
 358 0008 B960     		str	r1, [r7, #8]
 359 000a 3B60     		str	r3, [r7]
 360 000c 1346     		mov	r3, r2	@ movhi
 361 000e FB80     		strh	r3, [r7, #6]	@ movhi
 362              	.LBB133:
 740:Middlewares/Third_Party/FreeRTOS/Source/tasks.c **** 	TCB_t *pxNewTCB;
 741:Middlewares/Third_Party/FreeRTOS/Source/tasks.c **** 	BaseType_t xReturn;
 742:Middlewares/Third_Party/FreeRTOS/Source/tasks.c **** 
 743:Middlewares/Third_Party/FreeRTOS/Source/tasks.c **** 		/* If the stack grows down then allocate the stack then the TCB so the stack
 744:Middlewares/Third_Party/FreeRTOS/Source/tasks.c **** 		does not grow into the TCB.  Likewise if the stack grows up then allocate
 745:Middlewares/Third_Party/FreeRTOS/Source/tasks.c **** 		the TCB then the stack. */
 746:Middlewares/Third_Party/FreeRTOS/Source/tasks.c **** 		#if( portSTACK_GROWTH > 0 )
 747:Middlewares/Third_Party/FreeRTOS/Source/tasks.c **** 		{
 748:Middlewares/Third_Party/FreeRTOS/Source/tasks.c **** 			/* Allocate space for the TCB.  Where the memory comes from depends on
 749:Middlewares/Third_Party/FreeRTOS/Source/tasks.c **** 			the implementation of the port malloc function and whether or not static
 750:Middlewares/Third_Party/FreeRTOS/Source/tasks.c **** 			allocation is being used. */
 751:Middlewares/Third_Party/FreeRTOS/Source/tasks.c **** 			pxNewTCB = ( TCB_t * ) pvPortMalloc( sizeof( TCB_t ) );
 752:Middlewares/Third_Party/FreeRTOS/Source/tasks.c **** 
 753:Middlewares/Third_Party/FreeRTOS/Source/tasks.c **** 			if( pxNewTCB != NULL )
 754:Middlewares/Third_Party/FreeRTOS/Source/tasks.c **** 			{
 755:Middlewares/Third_Party/FreeRTOS/Source/tasks.c **** 				/* Allocate space for the stack used by the task being created.
 756:Middlewares/Third_Party/FreeRTOS/Source/tasks.c **** 				The base of the stack memory stored in the TCB so the task can
 757:Middlewares/Third_Party/FreeRTOS/Source/tasks.c **** 				be deleted later if required. */
 758:Middlewares/Third_Party/FreeRTOS/Source/tasks.c **** 				pxNewTCB->pxStack = ( StackType_t * ) pvPortMalloc( ( ( ( size_t ) usStackDepth ) * sizeof( Sta
 759:Middlewares/Third_Party/FreeRTOS/Source/tasks.c **** 
 760:Middlewares/Third_Party/FreeRTOS/Source/tasks.c **** 				if( pxNewTCB->pxStack == NULL )
 761:Middlewares/Third_Party/FreeRTOS/Source/tasks.c **** 				{
 762:Middlewares/Third_Party/FreeRTOS/Source/tasks.c **** 					/* Could not allocate the stack.  Delete the allocated TCB. */
 763:Middlewares/Third_Party/FreeRTOS/Source/tasks.c **** 					vPortFree( pxNewTCB );
 764:Middlewares/Third_Party/FreeRTOS/Source/tasks.c **** 					pxNewTCB = NULL;
 765:Middlewares/Third_Party/FreeRTOS/Source/tasks.c **** 				}
 766:Middlewares/Third_Party/FreeRTOS/Source/tasks.c **** 			}
 767:Middlewares/Third_Party/FreeRTOS/Source/tasks.c **** 		}
 768:Middlewares/Third_Party/FreeRTOS/Source/tasks.c **** 		#else /* portSTACK_GROWTH */
 769:Middlewares/Third_Party/FreeRTOS/Source/tasks.c **** 		{
ARM GAS  /tmp/ccsbjPFO.s 			page 24


 770:Middlewares/Third_Party/FreeRTOS/Source/tasks.c **** 		StackType_t *pxStack;
 771:Middlewares/Third_Party/FreeRTOS/Source/tasks.c **** 
 772:Middlewares/Third_Party/FreeRTOS/Source/tasks.c **** 			/* Allocate space for the stack used by the task being created. */
 773:Middlewares/Third_Party/FreeRTOS/Source/tasks.c **** 			pxStack = pvPortMalloc( ( ( ( size_t ) usStackDepth ) * sizeof( StackType_t ) ) ); /*lint !e9079
 363              		.loc 1 773 32
 364 0010 FB88     		ldrh	r3, [r7, #6]
 365              		.loc 1 773 58
 366 0012 9B00     		lsls	r3, r3, #2
 367              		.loc 1 773 14
 368 0014 1846     		mov	r0, r3
 369 0016 FFF7FEFF 		bl	pvPortMalloc
 370 001a 7861     		str	r0, [r7, #20]
 774:Middlewares/Third_Party/FreeRTOS/Source/tasks.c **** 
 775:Middlewares/Third_Party/FreeRTOS/Source/tasks.c **** 			if( pxStack != NULL )
 371              		.loc 1 775 6
 372 001c 7B69     		ldr	r3, [r7, #20]
 373 001e 002B     		cmp	r3, #0
 374 0020 0ED0     		beq	.L12
 776:Middlewares/Third_Party/FreeRTOS/Source/tasks.c **** 			{
 777:Middlewares/Third_Party/FreeRTOS/Source/tasks.c **** 				/* Allocate space for the TCB. */
 778:Middlewares/Third_Party/FreeRTOS/Source/tasks.c **** 				pxNewTCB = ( TCB_t * ) pvPortMalloc( sizeof( TCB_t ) ); /*lint !e9087 !e9079 All values returne
 375              		.loc 1 778 28
 376 0022 6420     		movs	r0, #100
 377 0024 FFF7FEFF 		bl	pvPortMalloc
 378 0028 F861     		str	r0, [r7, #28]
 779:Middlewares/Third_Party/FreeRTOS/Source/tasks.c **** 
 780:Middlewares/Third_Party/FreeRTOS/Source/tasks.c **** 				if( pxNewTCB != NULL )
 379              		.loc 1 780 7
 380 002a FB69     		ldr	r3, [r7, #28]
 381 002c 002B     		cmp	r3, #0
 382 002e 03D0     		beq	.L13
 781:Middlewares/Third_Party/FreeRTOS/Source/tasks.c **** 				{
 782:Middlewares/Third_Party/FreeRTOS/Source/tasks.c **** 					/* Store the stack location in the TCB. */
 783:Middlewares/Third_Party/FreeRTOS/Source/tasks.c **** 					pxNewTCB->pxStack = pxStack;
 383              		.loc 1 783 24
 384 0030 FB69     		ldr	r3, [r7, #28]
 385 0032 7A69     		ldr	r2, [r7, #20]
 386 0034 1A63     		str	r2, [r3, #48]
 387 0036 05E0     		b	.L14
 388              	.L13:
 784:Middlewares/Third_Party/FreeRTOS/Source/tasks.c **** 				}
 785:Middlewares/Third_Party/FreeRTOS/Source/tasks.c **** 				else
 786:Middlewares/Third_Party/FreeRTOS/Source/tasks.c **** 				{
 787:Middlewares/Third_Party/FreeRTOS/Source/tasks.c **** 					/* The stack cannot be used as the TCB was not created.  Free
 788:Middlewares/Third_Party/FreeRTOS/Source/tasks.c **** 					it again. */
 789:Middlewares/Third_Party/FreeRTOS/Source/tasks.c **** 					vPortFree( pxStack );
 389              		.loc 1 789 6
 390 0038 7869     		ldr	r0, [r7, #20]
 391 003a FFF7FEFF 		bl	vPortFree
 392 003e 01E0     		b	.L14
 393              	.L12:
 790:Middlewares/Third_Party/FreeRTOS/Source/tasks.c **** 				}
 791:Middlewares/Third_Party/FreeRTOS/Source/tasks.c **** 			}
 792:Middlewares/Third_Party/FreeRTOS/Source/tasks.c **** 			else
 793:Middlewares/Third_Party/FreeRTOS/Source/tasks.c **** 			{
 794:Middlewares/Third_Party/FreeRTOS/Source/tasks.c **** 				pxNewTCB = NULL;
 394              		.loc 1 794 14
ARM GAS  /tmp/ccsbjPFO.s 			page 25


 395 0040 0023     		movs	r3, #0
 396 0042 FB61     		str	r3, [r7, #28]
 397              	.L14:
 398              	.LBE133:
 795:Middlewares/Third_Party/FreeRTOS/Source/tasks.c **** 			}
 796:Middlewares/Third_Party/FreeRTOS/Source/tasks.c **** 		}
 797:Middlewares/Third_Party/FreeRTOS/Source/tasks.c **** 		#endif /* portSTACK_GROWTH */
 798:Middlewares/Third_Party/FreeRTOS/Source/tasks.c **** 
 799:Middlewares/Third_Party/FreeRTOS/Source/tasks.c **** 		if( pxNewTCB != NULL )
 399              		.loc 1 799 5
 400 0044 FB69     		ldr	r3, [r7, #28]
 401 0046 002B     		cmp	r3, #0
 402 0048 17D0     		beq	.L15
 800:Middlewares/Third_Party/FreeRTOS/Source/tasks.c **** 		{
 801:Middlewares/Third_Party/FreeRTOS/Source/tasks.c **** 			#if( tskSTATIC_AND_DYNAMIC_ALLOCATION_POSSIBLE != 0 ) /*lint !e9029 !e731 Macro has been consoli
 802:Middlewares/Third_Party/FreeRTOS/Source/tasks.c **** 			{
 803:Middlewares/Third_Party/FreeRTOS/Source/tasks.c **** 				/* Tasks can be created statically or dynamically, so note this
 804:Middlewares/Third_Party/FreeRTOS/Source/tasks.c **** 				task was created dynamically in case it is later deleted. */
 805:Middlewares/Third_Party/FreeRTOS/Source/tasks.c **** 				pxNewTCB->ucStaticallyAllocated = tskDYNAMICALLY_ALLOCATED_STACK_AND_TCB;
 403              		.loc 1 805 37
 404 004a FB69     		ldr	r3, [r7, #28]
 405 004c 0022     		movs	r2, #0
 406 004e 83F86120 		strb	r2, [r3, #97]
 806:Middlewares/Third_Party/FreeRTOS/Source/tasks.c **** 			}
 807:Middlewares/Third_Party/FreeRTOS/Source/tasks.c **** 			#endif /* tskSTATIC_AND_DYNAMIC_ALLOCATION_POSSIBLE */
 808:Middlewares/Third_Party/FreeRTOS/Source/tasks.c **** 
 809:Middlewares/Third_Party/FreeRTOS/Source/tasks.c **** 			prvInitialiseNewTask( pxTaskCode, pcName, ( uint32_t ) usStackDepth, pvParameters, uxPriority, p
 407              		.loc 1 809 4
 408 0052 FA88     		ldrh	r2, [r7, #6]
 409 0054 0023     		movs	r3, #0
 410 0056 0393     		str	r3, [sp, #12]
 411 0058 FB69     		ldr	r3, [r7, #28]
 412 005a 0293     		str	r3, [sp, #8]
 413 005c FB6A     		ldr	r3, [r7, #44]
 414 005e 0193     		str	r3, [sp, #4]
 415 0060 BB6A     		ldr	r3, [r7, #40]
 416 0062 0093     		str	r3, [sp]
 417 0064 3B68     		ldr	r3, [r7]
 418 0066 B968     		ldr	r1, [r7, #8]
 419 0068 F868     		ldr	r0, [r7, #12]
 420 006a FFF7FEFF 		bl	prvInitialiseNewTask
 810:Middlewares/Third_Party/FreeRTOS/Source/tasks.c **** 			prvAddNewTaskToReadyList( pxNewTCB );
 421              		.loc 1 810 4
 422 006e F869     		ldr	r0, [r7, #28]
 423 0070 FFF7FEFF 		bl	prvAddNewTaskToReadyList
 811:Middlewares/Third_Party/FreeRTOS/Source/tasks.c **** 			xReturn = pdPASS;
 424              		.loc 1 811 12
 425 0074 0123     		movs	r3, #1
 426 0076 BB61     		str	r3, [r7, #24]
 427 0078 02E0     		b	.L16
 428              	.L15:
 812:Middlewares/Third_Party/FreeRTOS/Source/tasks.c **** 		}
 813:Middlewares/Third_Party/FreeRTOS/Source/tasks.c **** 		else
 814:Middlewares/Third_Party/FreeRTOS/Source/tasks.c **** 		{
 815:Middlewares/Third_Party/FreeRTOS/Source/tasks.c **** 			xReturn = errCOULD_NOT_ALLOCATE_REQUIRED_MEMORY;
 429              		.loc 1 815 12
 430 007a 4FF0FF33 		mov	r3, #-1
ARM GAS  /tmp/ccsbjPFO.s 			page 26


 431 007e BB61     		str	r3, [r7, #24]
 432              	.L16:
 816:Middlewares/Third_Party/FreeRTOS/Source/tasks.c **** 		}
 817:Middlewares/Third_Party/FreeRTOS/Source/tasks.c **** 
 818:Middlewares/Third_Party/FreeRTOS/Source/tasks.c **** 		return xReturn;
 433              		.loc 1 818 10
 434 0080 BB69     		ldr	r3, [r7, #24]
 819:Middlewares/Third_Party/FreeRTOS/Source/tasks.c **** 	}
 435              		.loc 1 819 2
 436 0082 1846     		mov	r0, r3
 437 0084 2037     		adds	r7, r7, #32
 438              	.LCFI8:
 439              		.cfi_def_cfa_offset 8
 440 0086 BD46     		mov	sp, r7
 441              	.LCFI9:
 442              		.cfi_def_cfa_register 13
 443              		@ sp needed
 444 0088 80BD     		pop	{r7, pc}
 445              		.cfi_endproc
 446              	.LFE5:
 448              		.section	.text.prvInitialiseNewTask,"ax",%progbits
 449              		.align	1
 450              		.syntax unified
 451              		.thumb
 452              		.thumb_func
 454              	prvInitialiseNewTask:
 455              	.LFB6:
 820:Middlewares/Third_Party/FreeRTOS/Source/tasks.c **** 
 821:Middlewares/Third_Party/FreeRTOS/Source/tasks.c **** #endif /* configSUPPORT_DYNAMIC_ALLOCATION */
 822:Middlewares/Third_Party/FreeRTOS/Source/tasks.c **** /*-----------------------------------------------------------*/
 823:Middlewares/Third_Party/FreeRTOS/Source/tasks.c **** 
 824:Middlewares/Third_Party/FreeRTOS/Source/tasks.c **** static void prvInitialiseNewTask( 	TaskFunction_t pxTaskCode,
 825:Middlewares/Third_Party/FreeRTOS/Source/tasks.c **** 									const char * const pcName,		/*lint !e971 Unqualified char types are allowed for strings an
 826:Middlewares/Third_Party/FreeRTOS/Source/tasks.c **** 									const uint32_t ulStackDepth,
 827:Middlewares/Third_Party/FreeRTOS/Source/tasks.c **** 									void * const pvParameters,
 828:Middlewares/Third_Party/FreeRTOS/Source/tasks.c **** 									UBaseType_t uxPriority,
 829:Middlewares/Third_Party/FreeRTOS/Source/tasks.c **** 									TaskHandle_t * const pxCreatedTask,
 830:Middlewares/Third_Party/FreeRTOS/Source/tasks.c **** 									TCB_t *pxNewTCB,
 831:Middlewares/Third_Party/FreeRTOS/Source/tasks.c **** 									const MemoryRegion_t * const xRegions )
 832:Middlewares/Third_Party/FreeRTOS/Source/tasks.c **** {
 456              		.loc 1 832 1
 457              		.cfi_startproc
 458              		@ args = 16, pretend = 0, frame = 32
 459              		@ frame_needed = 1, uses_anonymous_args = 0
 460 0000 80B5     		push	{r7, lr}
 461              	.LCFI10:
 462              		.cfi_def_cfa_offset 8
 463              		.cfi_offset 7, -8
 464              		.cfi_offset 14, -4
 465 0002 88B0     		sub	sp, sp, #32
 466              	.LCFI11:
 467              		.cfi_def_cfa_offset 40
 468 0004 00AF     		add	r7, sp, #0
 469              	.LCFI12:
 470              		.cfi_def_cfa_register 7
 471 0006 F860     		str	r0, [r7, #12]
 472 0008 B960     		str	r1, [r7, #8]
ARM GAS  /tmp/ccsbjPFO.s 			page 27


 473 000a 7A60     		str	r2, [r7, #4]
 474 000c 3B60     		str	r3, [r7]
 833:Middlewares/Third_Party/FreeRTOS/Source/tasks.c **** StackType_t *pxTopOfStack;
 834:Middlewares/Third_Party/FreeRTOS/Source/tasks.c **** UBaseType_t x;
 835:Middlewares/Third_Party/FreeRTOS/Source/tasks.c **** 
 836:Middlewares/Third_Party/FreeRTOS/Source/tasks.c **** 	#if( portUSING_MPU_WRAPPERS == 1 )
 837:Middlewares/Third_Party/FreeRTOS/Source/tasks.c **** 		/* Should the task be created in privileged mode? */
 838:Middlewares/Third_Party/FreeRTOS/Source/tasks.c **** 		BaseType_t xRunPrivileged;
 839:Middlewares/Third_Party/FreeRTOS/Source/tasks.c **** 		if( ( uxPriority & portPRIVILEGE_BIT ) != 0U )
 840:Middlewares/Third_Party/FreeRTOS/Source/tasks.c **** 		{
 841:Middlewares/Third_Party/FreeRTOS/Source/tasks.c **** 			xRunPrivileged = pdTRUE;
 842:Middlewares/Third_Party/FreeRTOS/Source/tasks.c **** 		}
 843:Middlewares/Third_Party/FreeRTOS/Source/tasks.c **** 		else
 844:Middlewares/Third_Party/FreeRTOS/Source/tasks.c **** 		{
 845:Middlewares/Third_Party/FreeRTOS/Source/tasks.c **** 			xRunPrivileged = pdFALSE;
 846:Middlewares/Third_Party/FreeRTOS/Source/tasks.c **** 		}
 847:Middlewares/Third_Party/FreeRTOS/Source/tasks.c **** 		uxPriority &= ~portPRIVILEGE_BIT;
 848:Middlewares/Third_Party/FreeRTOS/Source/tasks.c **** 	#endif /* portUSING_MPU_WRAPPERS == 1 */
 849:Middlewares/Third_Party/FreeRTOS/Source/tasks.c **** 
 850:Middlewares/Third_Party/FreeRTOS/Source/tasks.c **** 	/* Avoid dependency on memset() if it is not required. */
 851:Middlewares/Third_Party/FreeRTOS/Source/tasks.c **** 	#if( tskSET_NEW_STACKS_TO_KNOWN_VALUE == 1 )
 852:Middlewares/Third_Party/FreeRTOS/Source/tasks.c **** 	{
 853:Middlewares/Third_Party/FreeRTOS/Source/tasks.c **** 		/* Fill the stack with a known value to assist debugging. */
 854:Middlewares/Third_Party/FreeRTOS/Source/tasks.c **** 		( void ) memset( pxNewTCB->pxStack, ( int ) tskSTACK_FILL_BYTE, ( size_t ) ulStackDepth * sizeof(
 475              		.loc 1 854 28
 476 000e 3B6B     		ldr	r3, [r7, #48]
 477 0010 186B     		ldr	r0, [r3, #48]
 478              		.loc 1 854 91
 479 0012 7B68     		ldr	r3, [r7, #4]
 480 0014 9B00     		lsls	r3, r3, #2
 481              		.loc 1 854 12
 482 0016 1A46     		mov	r2, r3
 483 0018 A521     		movs	r1, #165
 484 001a FFF7FEFF 		bl	memset
 855:Middlewares/Third_Party/FreeRTOS/Source/tasks.c **** 	}
 856:Middlewares/Third_Party/FreeRTOS/Source/tasks.c **** 	#endif /* tskSET_NEW_STACKS_TO_KNOWN_VALUE */
 857:Middlewares/Third_Party/FreeRTOS/Source/tasks.c **** 
 858:Middlewares/Third_Party/FreeRTOS/Source/tasks.c **** 	/* Calculate the top of stack address.  This depends on whether the stack
 859:Middlewares/Third_Party/FreeRTOS/Source/tasks.c **** 	grows from high memory to low (as per the 80x86) or vice versa.
 860:Middlewares/Third_Party/FreeRTOS/Source/tasks.c **** 	portSTACK_GROWTH is used to make the result positive or negative as required
 861:Middlewares/Third_Party/FreeRTOS/Source/tasks.c **** 	by the port. */
 862:Middlewares/Third_Party/FreeRTOS/Source/tasks.c **** 	#if( portSTACK_GROWTH < 0 )
 863:Middlewares/Third_Party/FreeRTOS/Source/tasks.c **** 	{
 864:Middlewares/Third_Party/FreeRTOS/Source/tasks.c **** 		pxTopOfStack = &( pxNewTCB->pxStack[ ulStackDepth - ( uint32_t ) 1 ] );
 485              		.loc 1 864 29
 486 001e 3B6B     		ldr	r3, [r7, #48]
 487 0020 1A6B     		ldr	r2, [r3, #48]
 488              		.loc 1 864 53
 489 0022 7B68     		ldr	r3, [r7, #4]
 490 0024 03F18043 		add	r3, r3, #1073741824
 491 0028 013B     		subs	r3, r3, #1
 492 002a 9B00     		lsls	r3, r3, #2
 493              		.loc 1 864 16
 494 002c 1344     		add	r3, r3, r2
 495 002e BB61     		str	r3, [r7, #24]
 865:Middlewares/Third_Party/FreeRTOS/Source/tasks.c **** 		pxTopOfStack = ( StackType_t * ) ( ( ( portPOINTER_SIZE_TYPE ) pxTopOfStack ) & ( ~( ( portPOINTE
 496              		.loc 1 865 40
ARM GAS  /tmp/ccsbjPFO.s 			page 28


 497 0030 BB69     		ldr	r3, [r7, #24]
 498              		.loc 1 865 81
 499 0032 23F00703 		bic	r3, r3, #7
 500              		.loc 1 865 16
 501 0036 BB61     		str	r3, [r7, #24]
 866:Middlewares/Third_Party/FreeRTOS/Source/tasks.c **** 
 867:Middlewares/Third_Party/FreeRTOS/Source/tasks.c **** 		/* Check the alignment of the calculated top of stack is correct. */
 868:Middlewares/Third_Party/FreeRTOS/Source/tasks.c **** 		configASSERT( ( ( ( portPOINTER_SIZE_TYPE ) pxTopOfStack & ( portPOINTER_SIZE_TYPE ) portBYTE_ALI
 502              		.loc 1 868 3
 503 0038 BB69     		ldr	r3, [r7, #24]
 504 003a 03F00703 		and	r3, r3, #7
 505 003e 002B     		cmp	r3, #0
 506 0040 0BD0     		beq	.L19
 507              	.LBB134:
 508              	.LBB135:
 195:Middlewares/Third_Party/FreeRTOS/Source/portable/GCC/ARM_CM4F/portmacro.h **** 	(
 509              		.loc 2 195 2
 510              		.syntax unified
 511              	@ 195 "Middlewares/Third_Party/FreeRTOS/Source/portable/GCC/ARM_CM4F/portmacro.h" 1
 512 0042 4FF05003 			mov r3, #80												
 513 0046 83F31188 		msr basepri, r3											
 514 004a BFF36F8F 		isb														
 515 004e BFF34F8F 		dsb														
 516              	
 517              	@ 0 "" 2
 518              		.thumb
 519              		.syntax unified
 520 0052 7B61     		str	r3, [r7, #20]
 521              		.loc 2 203 1
 522 0054 00BF     		nop
 523              	.L20:
 524              	.LBE135:
 525              	.LBE134:
 526              		.loc 1 868 3
 527 0056 00BF     		nop
 528 0058 FDE7     		b	.L20
 529              	.L19:
 869:Middlewares/Third_Party/FreeRTOS/Source/tasks.c **** 
 870:Middlewares/Third_Party/FreeRTOS/Source/tasks.c **** 		#if( configRECORD_STACK_HIGH_ADDRESS == 1 )
 871:Middlewares/Third_Party/FreeRTOS/Source/tasks.c **** 		{
 872:Middlewares/Third_Party/FreeRTOS/Source/tasks.c **** 			/* Also record the stack's high address, which may assist
 873:Middlewares/Third_Party/FreeRTOS/Source/tasks.c **** 			debugging. */
 874:Middlewares/Third_Party/FreeRTOS/Source/tasks.c **** 			pxNewTCB->pxEndOfStack = pxTopOfStack;
 530              		.loc 1 874 27
 531 005a 3B6B     		ldr	r3, [r7, #48]
 532 005c BA69     		ldr	r2, [r7, #24]
 533 005e 5A64     		str	r2, [r3, #68]
 875:Middlewares/Third_Party/FreeRTOS/Source/tasks.c **** 		}
 876:Middlewares/Third_Party/FreeRTOS/Source/tasks.c **** 		#endif /* configRECORD_STACK_HIGH_ADDRESS */
 877:Middlewares/Third_Party/FreeRTOS/Source/tasks.c **** 	}
 878:Middlewares/Third_Party/FreeRTOS/Source/tasks.c **** 	#else /* portSTACK_GROWTH */
 879:Middlewares/Third_Party/FreeRTOS/Source/tasks.c **** 	{
 880:Middlewares/Third_Party/FreeRTOS/Source/tasks.c **** 		pxTopOfStack = pxNewTCB->pxStack;
 881:Middlewares/Third_Party/FreeRTOS/Source/tasks.c **** 
 882:Middlewares/Third_Party/FreeRTOS/Source/tasks.c **** 		/* Check the alignment of the stack buffer is correct. */
 883:Middlewares/Third_Party/FreeRTOS/Source/tasks.c **** 		configASSERT( ( ( ( portPOINTER_SIZE_TYPE ) pxNewTCB->pxStack & ( portPOINTER_SIZE_TYPE ) portBYT
 884:Middlewares/Third_Party/FreeRTOS/Source/tasks.c **** 
ARM GAS  /tmp/ccsbjPFO.s 			page 29


 885:Middlewares/Third_Party/FreeRTOS/Source/tasks.c **** 		/* The other extreme of the stack space is required if stack checking is
 886:Middlewares/Third_Party/FreeRTOS/Source/tasks.c **** 		performed. */
 887:Middlewares/Third_Party/FreeRTOS/Source/tasks.c **** 		pxNewTCB->pxEndOfStack = pxNewTCB->pxStack + ( ulStackDepth - ( uint32_t ) 1 );
 888:Middlewares/Third_Party/FreeRTOS/Source/tasks.c **** 	}
 889:Middlewares/Third_Party/FreeRTOS/Source/tasks.c **** 	#endif /* portSTACK_GROWTH */
 890:Middlewares/Third_Party/FreeRTOS/Source/tasks.c **** 
 891:Middlewares/Third_Party/FreeRTOS/Source/tasks.c **** 	/* Store the task name in the TCB. */
 892:Middlewares/Third_Party/FreeRTOS/Source/tasks.c **** 	if( pcName != NULL )
 534              		.loc 1 892 4
 535 0060 BB68     		ldr	r3, [r7, #8]
 536 0062 002B     		cmp	r3, #0
 537 0064 1FD0     		beq	.L21
 893:Middlewares/Third_Party/FreeRTOS/Source/tasks.c **** 	{
 894:Middlewares/Third_Party/FreeRTOS/Source/tasks.c **** 		for( x = ( UBaseType_t ) 0; x < ( UBaseType_t ) configMAX_TASK_NAME_LEN; x++ )
 538              		.loc 1 894 10
 539 0066 0023     		movs	r3, #0
 540 0068 FB61     		str	r3, [r7, #28]
 541              		.loc 1 894 3
 542 006a 12E0     		b	.L22
 543              	.L25:
 895:Middlewares/Third_Party/FreeRTOS/Source/tasks.c **** 		{
 896:Middlewares/Third_Party/FreeRTOS/Source/tasks.c **** 			pxNewTCB->pcTaskName[ x ] = pcName[ x ];
 544              		.loc 1 896 38
 545 006c BA68     		ldr	r2, [r7, #8]
 546 006e FB69     		ldr	r3, [r7, #28]
 547 0070 1344     		add	r3, r3, r2
 548 0072 1978     		ldrb	r1, [r3]	@ zero_extendqisi2
 549              		.loc 1 896 30
 550 0074 3A6B     		ldr	r2, [r7, #48]
 551 0076 FB69     		ldr	r3, [r7, #28]
 552 0078 1344     		add	r3, r3, r2
 553 007a 3433     		adds	r3, r3, #52
 554 007c 0A46     		mov	r2, r1
 555 007e 1A70     		strb	r2, [r3]
 897:Middlewares/Third_Party/FreeRTOS/Source/tasks.c **** 
 898:Middlewares/Third_Party/FreeRTOS/Source/tasks.c **** 			/* Don't copy all configMAX_TASK_NAME_LEN if the string is shorter than
 899:Middlewares/Third_Party/FreeRTOS/Source/tasks.c **** 			configMAX_TASK_NAME_LEN characters just in case the memory after the
 900:Middlewares/Third_Party/FreeRTOS/Source/tasks.c **** 			string is not accessible (extremely unlikely). */
 901:Middlewares/Third_Party/FreeRTOS/Source/tasks.c **** 			if( pcName[ x ] == ( char ) 0x00 )
 556              		.loc 1 901 14
 557 0080 BA68     		ldr	r2, [r7, #8]
 558 0082 FB69     		ldr	r3, [r7, #28]
 559 0084 1344     		add	r3, r3, r2
 560 0086 1B78     		ldrb	r3, [r3]	@ zero_extendqisi2
 561              		.loc 1 901 6
 562 0088 002B     		cmp	r3, #0
 563 008a 06D0     		beq	.L29
 894:Middlewares/Third_Party/FreeRTOS/Source/tasks.c **** 		{
 564              		.loc 1 894 77 discriminator 2
 565 008c FB69     		ldr	r3, [r7, #28]
 566 008e 0133     		adds	r3, r3, #1
 567 0090 FB61     		str	r3, [r7, #28]
 568              	.L22:
 894:Middlewares/Third_Party/FreeRTOS/Source/tasks.c **** 		{
 569              		.loc 1 894 33 discriminator 1
 570 0092 FB69     		ldr	r3, [r7, #28]
 571 0094 0F2B     		cmp	r3, #15
ARM GAS  /tmp/ccsbjPFO.s 			page 30


 572 0096 E9D9     		bls	.L25
 573 0098 00E0     		b	.L24
 574              	.L29:
 902:Middlewares/Third_Party/FreeRTOS/Source/tasks.c **** 			{
 903:Middlewares/Third_Party/FreeRTOS/Source/tasks.c **** 				break;
 575              		.loc 1 903 5
 576 009a 00BF     		nop
 577              	.L24:
 904:Middlewares/Third_Party/FreeRTOS/Source/tasks.c **** 			}
 905:Middlewares/Third_Party/FreeRTOS/Source/tasks.c **** 			else
 906:Middlewares/Third_Party/FreeRTOS/Source/tasks.c **** 			{
 907:Middlewares/Third_Party/FreeRTOS/Source/tasks.c **** 				mtCOVERAGE_TEST_MARKER();
 908:Middlewares/Third_Party/FreeRTOS/Source/tasks.c **** 			}
 909:Middlewares/Third_Party/FreeRTOS/Source/tasks.c **** 		}
 910:Middlewares/Third_Party/FreeRTOS/Source/tasks.c **** 
 911:Middlewares/Third_Party/FreeRTOS/Source/tasks.c **** 		/* Ensure the name string is terminated in the case that the string length
 912:Middlewares/Third_Party/FreeRTOS/Source/tasks.c **** 		was greater or equal to configMAX_TASK_NAME_LEN. */
 913:Middlewares/Third_Party/FreeRTOS/Source/tasks.c **** 		pxNewTCB->pcTaskName[ configMAX_TASK_NAME_LEN - 1 ] = '\0';
 578              		.loc 1 913 55
 579 009c 3B6B     		ldr	r3, [r7, #48]
 580 009e 0022     		movs	r2, #0
 581 00a0 83F84320 		strb	r2, [r3, #67]
 582 00a4 03E0     		b	.L26
 583              	.L21:
 914:Middlewares/Third_Party/FreeRTOS/Source/tasks.c **** 	}
 915:Middlewares/Third_Party/FreeRTOS/Source/tasks.c **** 	else
 916:Middlewares/Third_Party/FreeRTOS/Source/tasks.c **** 	{
 917:Middlewares/Third_Party/FreeRTOS/Source/tasks.c **** 		/* The task has not been given a name, so just ensure there is a NULL
 918:Middlewares/Third_Party/FreeRTOS/Source/tasks.c **** 		terminator when it is read out. */
 919:Middlewares/Third_Party/FreeRTOS/Source/tasks.c **** 		pxNewTCB->pcTaskName[ 0 ] = 0x00;
 584              		.loc 1 919 29
 585 00a6 3B6B     		ldr	r3, [r7, #48]
 586 00a8 0022     		movs	r2, #0
 587 00aa 83F83420 		strb	r2, [r3, #52]
 588              	.L26:
 920:Middlewares/Third_Party/FreeRTOS/Source/tasks.c **** 	}
 921:Middlewares/Third_Party/FreeRTOS/Source/tasks.c **** 
 922:Middlewares/Third_Party/FreeRTOS/Source/tasks.c **** 	/* This is used as an array index so must ensure it's not too large.  First
 923:Middlewares/Third_Party/FreeRTOS/Source/tasks.c **** 	remove the privilege bit if one is present. */
 924:Middlewares/Third_Party/FreeRTOS/Source/tasks.c **** 	if( uxPriority >= ( UBaseType_t ) configMAX_PRIORITIES )
 589              		.loc 1 924 4
 590 00ae BB6A     		ldr	r3, [r7, #40]
 591 00b0 372B     		cmp	r3, #55
 592 00b2 01D9     		bls	.L27
 925:Middlewares/Third_Party/FreeRTOS/Source/tasks.c **** 	{
 926:Middlewares/Third_Party/FreeRTOS/Source/tasks.c **** 		uxPriority = ( UBaseType_t ) configMAX_PRIORITIES - ( UBaseType_t ) 1U;
 593              		.loc 1 926 14
 594 00b4 3723     		movs	r3, #55
 595 00b6 BB62     		str	r3, [r7, #40]
 596              	.L27:
 927:Middlewares/Third_Party/FreeRTOS/Source/tasks.c **** 	}
 928:Middlewares/Third_Party/FreeRTOS/Source/tasks.c **** 	else
 929:Middlewares/Third_Party/FreeRTOS/Source/tasks.c **** 	{
 930:Middlewares/Third_Party/FreeRTOS/Source/tasks.c **** 		mtCOVERAGE_TEST_MARKER();
 931:Middlewares/Third_Party/FreeRTOS/Source/tasks.c **** 	}
 932:Middlewares/Third_Party/FreeRTOS/Source/tasks.c **** 
 933:Middlewares/Third_Party/FreeRTOS/Source/tasks.c **** 	pxNewTCB->uxPriority = uxPriority;
ARM GAS  /tmp/ccsbjPFO.s 			page 31


 597              		.loc 1 933 23
 598 00b8 3B6B     		ldr	r3, [r7, #48]
 599 00ba BA6A     		ldr	r2, [r7, #40]
 600 00bc DA62     		str	r2, [r3, #44]
 934:Middlewares/Third_Party/FreeRTOS/Source/tasks.c **** 	#if ( configUSE_MUTEXES == 1 )
 935:Middlewares/Third_Party/FreeRTOS/Source/tasks.c **** 	{
 936:Middlewares/Third_Party/FreeRTOS/Source/tasks.c **** 		pxNewTCB->uxBasePriority = uxPriority;
 601              		.loc 1 936 28
 602 00be 3B6B     		ldr	r3, [r7, #48]
 603 00c0 BA6A     		ldr	r2, [r7, #40]
 604 00c2 1A65     		str	r2, [r3, #80]
 937:Middlewares/Third_Party/FreeRTOS/Source/tasks.c **** 		pxNewTCB->uxMutexesHeld = 0;
 605              		.loc 1 937 27
 606 00c4 3B6B     		ldr	r3, [r7, #48]
 607 00c6 0022     		movs	r2, #0
 608 00c8 5A65     		str	r2, [r3, #84]
 938:Middlewares/Third_Party/FreeRTOS/Source/tasks.c **** 	}
 939:Middlewares/Third_Party/FreeRTOS/Source/tasks.c **** 	#endif /* configUSE_MUTEXES */
 940:Middlewares/Third_Party/FreeRTOS/Source/tasks.c **** 
 941:Middlewares/Third_Party/FreeRTOS/Source/tasks.c **** 	vListInitialiseItem( &( pxNewTCB->xStateListItem ) );
 609              		.loc 1 941 23
 610 00ca 3B6B     		ldr	r3, [r7, #48]
 611 00cc 0433     		adds	r3, r3, #4
 612              		.loc 1 941 2
 613 00ce 1846     		mov	r0, r3
 614 00d0 FFF7FEFF 		bl	vListInitialiseItem
 942:Middlewares/Third_Party/FreeRTOS/Source/tasks.c **** 	vListInitialiseItem( &( pxNewTCB->xEventListItem ) );
 615              		.loc 1 942 23
 616 00d4 3B6B     		ldr	r3, [r7, #48]
 617 00d6 1833     		adds	r3, r3, #24
 618              		.loc 1 942 2
 619 00d8 1846     		mov	r0, r3
 620 00da FFF7FEFF 		bl	vListInitialiseItem
 943:Middlewares/Third_Party/FreeRTOS/Source/tasks.c **** 
 944:Middlewares/Third_Party/FreeRTOS/Source/tasks.c **** 	/* Set the pxNewTCB as a link back from the ListItem_t.  This is so we can get
 945:Middlewares/Third_Party/FreeRTOS/Source/tasks.c **** 	back to	the containing TCB from a generic item in a list. */
 946:Middlewares/Third_Party/FreeRTOS/Source/tasks.c **** 	listSET_LIST_ITEM_OWNER( &( pxNewTCB->xStateListItem ), pxNewTCB );
 621              		.loc 1 946 2
 622 00de 3B6B     		ldr	r3, [r7, #48]
 623 00e0 3A6B     		ldr	r2, [r7, #48]
 624 00e2 1A61     		str	r2, [r3, #16]
 947:Middlewares/Third_Party/FreeRTOS/Source/tasks.c **** 
 948:Middlewares/Third_Party/FreeRTOS/Source/tasks.c **** 	/* Event lists are always in priority order. */
 949:Middlewares/Third_Party/FreeRTOS/Source/tasks.c **** 	listSET_LIST_ITEM_VALUE( &( pxNewTCB->xEventListItem ), ( TickType_t ) configMAX_PRIORITIES - ( Ti
 625              		.loc 1 949 2
 626 00e4 BB6A     		ldr	r3, [r7, #40]
 627 00e6 C3F13802 		rsb	r2, r3, #56
 628 00ea 3B6B     		ldr	r3, [r7, #48]
 629 00ec 9A61     		str	r2, [r3, #24]
 950:Middlewares/Third_Party/FreeRTOS/Source/tasks.c **** 	listSET_LIST_ITEM_OWNER( &( pxNewTCB->xEventListItem ), pxNewTCB );
 630              		.loc 1 950 2
 631 00ee 3B6B     		ldr	r3, [r7, #48]
 632 00f0 3A6B     		ldr	r2, [r7, #48]
 633 00f2 5A62     		str	r2, [r3, #36]
 951:Middlewares/Third_Party/FreeRTOS/Source/tasks.c **** 
 952:Middlewares/Third_Party/FreeRTOS/Source/tasks.c **** 	#if ( portCRITICAL_NESTING_IN_TCB == 1 )
 953:Middlewares/Third_Party/FreeRTOS/Source/tasks.c **** 	{
ARM GAS  /tmp/ccsbjPFO.s 			page 32


 954:Middlewares/Third_Party/FreeRTOS/Source/tasks.c **** 		pxNewTCB->uxCriticalNesting = ( UBaseType_t ) 0U;
 955:Middlewares/Third_Party/FreeRTOS/Source/tasks.c **** 	}
 956:Middlewares/Third_Party/FreeRTOS/Source/tasks.c **** 	#endif /* portCRITICAL_NESTING_IN_TCB */
 957:Middlewares/Third_Party/FreeRTOS/Source/tasks.c **** 
 958:Middlewares/Third_Party/FreeRTOS/Source/tasks.c **** 	#if ( configUSE_APPLICATION_TASK_TAG == 1 )
 959:Middlewares/Third_Party/FreeRTOS/Source/tasks.c **** 	{
 960:Middlewares/Third_Party/FreeRTOS/Source/tasks.c **** 		pxNewTCB->pxTaskTag = NULL;
 961:Middlewares/Third_Party/FreeRTOS/Source/tasks.c **** 	}
 962:Middlewares/Third_Party/FreeRTOS/Source/tasks.c **** 	#endif /* configUSE_APPLICATION_TASK_TAG */
 963:Middlewares/Third_Party/FreeRTOS/Source/tasks.c **** 
 964:Middlewares/Third_Party/FreeRTOS/Source/tasks.c **** 	#if ( configGENERATE_RUN_TIME_STATS == 1 )
 965:Middlewares/Third_Party/FreeRTOS/Source/tasks.c **** 	{
 966:Middlewares/Third_Party/FreeRTOS/Source/tasks.c **** 		pxNewTCB->ulRunTimeCounter = 0UL;
 634              		.loc 1 966 30
 635 00f4 3B6B     		ldr	r3, [r7, #48]
 636 00f6 0022     		movs	r2, #0
 637 00f8 9A65     		str	r2, [r3, #88]
 967:Middlewares/Third_Party/FreeRTOS/Source/tasks.c **** 	}
 968:Middlewares/Third_Party/FreeRTOS/Source/tasks.c **** 	#endif /* configGENERATE_RUN_TIME_STATS */
 969:Middlewares/Third_Party/FreeRTOS/Source/tasks.c **** 
 970:Middlewares/Third_Party/FreeRTOS/Source/tasks.c **** 	#if ( portUSING_MPU_WRAPPERS == 1 )
 971:Middlewares/Third_Party/FreeRTOS/Source/tasks.c **** 	{
 972:Middlewares/Third_Party/FreeRTOS/Source/tasks.c **** 		vPortStoreTaskMPUSettings( &( pxNewTCB->xMPUSettings ), xRegions, pxNewTCB->pxStack, ulStackDepth
 973:Middlewares/Third_Party/FreeRTOS/Source/tasks.c **** 	}
 974:Middlewares/Third_Party/FreeRTOS/Source/tasks.c **** 	#else
 975:Middlewares/Third_Party/FreeRTOS/Source/tasks.c **** 	{
 976:Middlewares/Third_Party/FreeRTOS/Source/tasks.c **** 		/* Avoid compiler warning about unreferenced parameter. */
 977:Middlewares/Third_Party/FreeRTOS/Source/tasks.c **** 		( void ) xRegions;
 978:Middlewares/Third_Party/FreeRTOS/Source/tasks.c **** 	}
 979:Middlewares/Third_Party/FreeRTOS/Source/tasks.c **** 	#endif
 980:Middlewares/Third_Party/FreeRTOS/Source/tasks.c **** 
 981:Middlewares/Third_Party/FreeRTOS/Source/tasks.c **** 	#if( configNUM_THREAD_LOCAL_STORAGE_POINTERS != 0 )
 982:Middlewares/Third_Party/FreeRTOS/Source/tasks.c **** 	{
 983:Middlewares/Third_Party/FreeRTOS/Source/tasks.c **** 		for( x = 0; x < ( UBaseType_t ) configNUM_THREAD_LOCAL_STORAGE_POINTERS; x++ )
 984:Middlewares/Third_Party/FreeRTOS/Source/tasks.c **** 		{
 985:Middlewares/Third_Party/FreeRTOS/Source/tasks.c **** 			pxNewTCB->pvThreadLocalStoragePointers[ x ] = NULL;
 986:Middlewares/Third_Party/FreeRTOS/Source/tasks.c **** 		}
 987:Middlewares/Third_Party/FreeRTOS/Source/tasks.c **** 	}
 988:Middlewares/Third_Party/FreeRTOS/Source/tasks.c **** 	#endif
 989:Middlewares/Third_Party/FreeRTOS/Source/tasks.c **** 
 990:Middlewares/Third_Party/FreeRTOS/Source/tasks.c **** 	#if ( configUSE_TASK_NOTIFICATIONS == 1 )
 991:Middlewares/Third_Party/FreeRTOS/Source/tasks.c **** 	{
 992:Middlewares/Third_Party/FreeRTOS/Source/tasks.c **** 		pxNewTCB->ulNotifiedValue = 0;
 638              		.loc 1 992 29
 639 00fa 3B6B     		ldr	r3, [r7, #48]
 640 00fc 0022     		movs	r2, #0
 641 00fe DA65     		str	r2, [r3, #92]
 993:Middlewares/Third_Party/FreeRTOS/Source/tasks.c **** 		pxNewTCB->ucNotifyState = taskNOT_WAITING_NOTIFICATION;
 642              		.loc 1 993 27
 643 0100 3B6B     		ldr	r3, [r7, #48]
 644 0102 0022     		movs	r2, #0
 645 0104 83F86020 		strb	r2, [r3, #96]
 994:Middlewares/Third_Party/FreeRTOS/Source/tasks.c **** 	}
 995:Middlewares/Third_Party/FreeRTOS/Source/tasks.c **** 	#endif
 996:Middlewares/Third_Party/FreeRTOS/Source/tasks.c **** 
 997:Middlewares/Third_Party/FreeRTOS/Source/tasks.c **** 	#if ( configUSE_NEWLIB_REENTRANT == 1 )
 998:Middlewares/Third_Party/FreeRTOS/Source/tasks.c **** 	{
ARM GAS  /tmp/ccsbjPFO.s 			page 33


 999:Middlewares/Third_Party/FreeRTOS/Source/tasks.c **** 		/* Initialise this task's Newlib reent structure.
1000:Middlewares/Third_Party/FreeRTOS/Source/tasks.c **** 		See the third party link http://www.nadler.com/embedded/newlibAndFreeRTOS.html
1001:Middlewares/Third_Party/FreeRTOS/Source/tasks.c **** 		for additional information. */
1002:Middlewares/Third_Party/FreeRTOS/Source/tasks.c **** 		_REENT_INIT_PTR( ( &( pxNewTCB->xNewLib_reent ) ) );
1003:Middlewares/Third_Party/FreeRTOS/Source/tasks.c **** 	}
1004:Middlewares/Third_Party/FreeRTOS/Source/tasks.c **** 	#endif
1005:Middlewares/Third_Party/FreeRTOS/Source/tasks.c **** 
1006:Middlewares/Third_Party/FreeRTOS/Source/tasks.c **** 	#if( INCLUDE_xTaskAbortDelay == 1 )
1007:Middlewares/Third_Party/FreeRTOS/Source/tasks.c **** 	{
1008:Middlewares/Third_Party/FreeRTOS/Source/tasks.c **** 		pxNewTCB->ucDelayAborted = pdFALSE;
1009:Middlewares/Third_Party/FreeRTOS/Source/tasks.c **** 	}
1010:Middlewares/Third_Party/FreeRTOS/Source/tasks.c **** 	#endif
1011:Middlewares/Third_Party/FreeRTOS/Source/tasks.c **** 
1012:Middlewares/Third_Party/FreeRTOS/Source/tasks.c **** 	/* Initialize the TCB stack to look as if the task was already running,
1013:Middlewares/Third_Party/FreeRTOS/Source/tasks.c **** 	but had been interrupted by the scheduler.  The return address is set
1014:Middlewares/Third_Party/FreeRTOS/Source/tasks.c **** 	to the start of the task function. Once the stack has been initialised
1015:Middlewares/Third_Party/FreeRTOS/Source/tasks.c **** 	the top of stack variable is updated. */
1016:Middlewares/Third_Party/FreeRTOS/Source/tasks.c **** 	#if( portUSING_MPU_WRAPPERS == 1 )
1017:Middlewares/Third_Party/FreeRTOS/Source/tasks.c **** 	{
1018:Middlewares/Third_Party/FreeRTOS/Source/tasks.c **** 		/* If the port has capability to detect stack overflow,
1019:Middlewares/Third_Party/FreeRTOS/Source/tasks.c **** 		pass the stack end address to the stack initialization
1020:Middlewares/Third_Party/FreeRTOS/Source/tasks.c **** 		function as well. */
1021:Middlewares/Third_Party/FreeRTOS/Source/tasks.c **** 		#if( portHAS_STACK_OVERFLOW_CHECKING == 1 )
1022:Middlewares/Third_Party/FreeRTOS/Source/tasks.c **** 		{
1023:Middlewares/Third_Party/FreeRTOS/Source/tasks.c **** 			#if( portSTACK_GROWTH < 0 )
1024:Middlewares/Third_Party/FreeRTOS/Source/tasks.c **** 			{
1025:Middlewares/Third_Party/FreeRTOS/Source/tasks.c **** 				pxNewTCB->pxTopOfStack = pxPortInitialiseStack( pxTopOfStack, pxNewTCB->pxStack, pxTaskCode, pv
1026:Middlewares/Third_Party/FreeRTOS/Source/tasks.c **** 			}
1027:Middlewares/Third_Party/FreeRTOS/Source/tasks.c **** 			#else /* portSTACK_GROWTH */
1028:Middlewares/Third_Party/FreeRTOS/Source/tasks.c **** 			{
1029:Middlewares/Third_Party/FreeRTOS/Source/tasks.c **** 				pxNewTCB->pxTopOfStack = pxPortInitialiseStack( pxTopOfStack, pxNewTCB->pxEndOfStack, pxTaskCod
1030:Middlewares/Third_Party/FreeRTOS/Source/tasks.c **** 			}
1031:Middlewares/Third_Party/FreeRTOS/Source/tasks.c **** 			#endif /* portSTACK_GROWTH */
1032:Middlewares/Third_Party/FreeRTOS/Source/tasks.c **** 		}
1033:Middlewares/Third_Party/FreeRTOS/Source/tasks.c **** 		#else /* portHAS_STACK_OVERFLOW_CHECKING */
1034:Middlewares/Third_Party/FreeRTOS/Source/tasks.c **** 		{
1035:Middlewares/Third_Party/FreeRTOS/Source/tasks.c **** 			pxNewTCB->pxTopOfStack = pxPortInitialiseStack( pxTopOfStack, pxTaskCode, pvParameters, xRunPriv
1036:Middlewares/Third_Party/FreeRTOS/Source/tasks.c **** 		}
1037:Middlewares/Third_Party/FreeRTOS/Source/tasks.c **** 		#endif /* portHAS_STACK_OVERFLOW_CHECKING */
1038:Middlewares/Third_Party/FreeRTOS/Source/tasks.c **** 	}
1039:Middlewares/Third_Party/FreeRTOS/Source/tasks.c **** 	#else /* portUSING_MPU_WRAPPERS */
1040:Middlewares/Third_Party/FreeRTOS/Source/tasks.c **** 	{
1041:Middlewares/Third_Party/FreeRTOS/Source/tasks.c **** 		/* If the port has capability to detect stack overflow,
1042:Middlewares/Third_Party/FreeRTOS/Source/tasks.c **** 		pass the stack end address to the stack initialization
1043:Middlewares/Third_Party/FreeRTOS/Source/tasks.c **** 		function as well. */
1044:Middlewares/Third_Party/FreeRTOS/Source/tasks.c **** 		#if( portHAS_STACK_OVERFLOW_CHECKING == 1 )
1045:Middlewares/Third_Party/FreeRTOS/Source/tasks.c **** 		{
1046:Middlewares/Third_Party/FreeRTOS/Source/tasks.c **** 			#if( portSTACK_GROWTH < 0 )
1047:Middlewares/Third_Party/FreeRTOS/Source/tasks.c **** 			{
1048:Middlewares/Third_Party/FreeRTOS/Source/tasks.c **** 				pxNewTCB->pxTopOfStack = pxPortInitialiseStack( pxTopOfStack, pxNewTCB->pxStack, pxTaskCode, pv
1049:Middlewares/Third_Party/FreeRTOS/Source/tasks.c **** 			}
1050:Middlewares/Third_Party/FreeRTOS/Source/tasks.c **** 			#else /* portSTACK_GROWTH */
1051:Middlewares/Third_Party/FreeRTOS/Source/tasks.c **** 			{
1052:Middlewares/Third_Party/FreeRTOS/Source/tasks.c **** 				pxNewTCB->pxTopOfStack = pxPortInitialiseStack( pxTopOfStack, pxNewTCB->pxEndOfStack, pxTaskCod
1053:Middlewares/Third_Party/FreeRTOS/Source/tasks.c **** 			}
1054:Middlewares/Third_Party/FreeRTOS/Source/tasks.c **** 			#endif /* portSTACK_GROWTH */
1055:Middlewares/Third_Party/FreeRTOS/Source/tasks.c **** 		}
ARM GAS  /tmp/ccsbjPFO.s 			page 34


1056:Middlewares/Third_Party/FreeRTOS/Source/tasks.c **** 		#else /* portHAS_STACK_OVERFLOW_CHECKING */
1057:Middlewares/Third_Party/FreeRTOS/Source/tasks.c **** 		{
1058:Middlewares/Third_Party/FreeRTOS/Source/tasks.c **** 			pxNewTCB->pxTopOfStack = pxPortInitialiseStack( pxTopOfStack, pxTaskCode, pvParameters );
 646              		.loc 1 1058 29
 647 0108 3A68     		ldr	r2, [r7]
 648 010a F968     		ldr	r1, [r7, #12]
 649 010c B869     		ldr	r0, [r7, #24]
 650 010e FFF7FEFF 		bl	pxPortInitialiseStack
 651 0112 0246     		mov	r2, r0
 652              		.loc 1 1058 27 discriminator 1
 653 0114 3B6B     		ldr	r3, [r7, #48]
 654 0116 1A60     		str	r2, [r3]
1059:Middlewares/Third_Party/FreeRTOS/Source/tasks.c **** 		}
1060:Middlewares/Third_Party/FreeRTOS/Source/tasks.c **** 		#endif /* portHAS_STACK_OVERFLOW_CHECKING */
1061:Middlewares/Third_Party/FreeRTOS/Source/tasks.c **** 	}
1062:Middlewares/Third_Party/FreeRTOS/Source/tasks.c **** 	#endif /* portUSING_MPU_WRAPPERS */
1063:Middlewares/Third_Party/FreeRTOS/Source/tasks.c **** 
1064:Middlewares/Third_Party/FreeRTOS/Source/tasks.c **** 	if( pxCreatedTask != NULL )
 655              		.loc 1 1064 4
 656 0118 FB6A     		ldr	r3, [r7, #44]
 657 011a 002B     		cmp	r3, #0
 658 011c 02D0     		beq	.L30
1065:Middlewares/Third_Party/FreeRTOS/Source/tasks.c **** 	{
1066:Middlewares/Third_Party/FreeRTOS/Source/tasks.c **** 		/* Pass the handle out in an anonymous way.  The handle can be used to
1067:Middlewares/Third_Party/FreeRTOS/Source/tasks.c **** 		change the created task's priority, delete the created task, etc.*/
1068:Middlewares/Third_Party/FreeRTOS/Source/tasks.c **** 		*pxCreatedTask = ( TaskHandle_t ) pxNewTCB;
 659              		.loc 1 1068 18
 660 011e FB6A     		ldr	r3, [r7, #44]
 661 0120 3A6B     		ldr	r2, [r7, #48]
 662 0122 1A60     		str	r2, [r3]
 663              	.L30:
1069:Middlewares/Third_Party/FreeRTOS/Source/tasks.c **** 	}
1070:Middlewares/Third_Party/FreeRTOS/Source/tasks.c **** 	else
1071:Middlewares/Third_Party/FreeRTOS/Source/tasks.c **** 	{
1072:Middlewares/Third_Party/FreeRTOS/Source/tasks.c **** 		mtCOVERAGE_TEST_MARKER();
1073:Middlewares/Third_Party/FreeRTOS/Source/tasks.c **** 	}
1074:Middlewares/Third_Party/FreeRTOS/Source/tasks.c **** }
 664              		.loc 1 1074 1
 665 0124 00BF     		nop
 666 0126 2037     		adds	r7, r7, #32
 667              	.LCFI13:
 668              		.cfi_def_cfa_offset 8
 669 0128 BD46     		mov	sp, r7
 670              	.LCFI14:
 671              		.cfi_def_cfa_register 13
 672              		@ sp needed
 673 012a 80BD     		pop	{r7, pc}
 674              		.cfi_endproc
 675              	.LFE6:
 677              		.section	.text.prvAddNewTaskToReadyList,"ax",%progbits
 678              		.align	1
 679              		.syntax unified
 680              		.thumb
 681              		.thumb_func
 683              	prvAddNewTaskToReadyList:
 684              	.LFB7:
1075:Middlewares/Third_Party/FreeRTOS/Source/tasks.c **** /*-----------------------------------------------------------*/
ARM GAS  /tmp/ccsbjPFO.s 			page 35


1076:Middlewares/Third_Party/FreeRTOS/Source/tasks.c **** 
1077:Middlewares/Third_Party/FreeRTOS/Source/tasks.c **** static void prvAddNewTaskToReadyList( TCB_t *pxNewTCB )
1078:Middlewares/Third_Party/FreeRTOS/Source/tasks.c **** {
 685              		.loc 1 1078 1
 686              		.cfi_startproc
 687              		@ args = 0, pretend = 0, frame = 8
 688              		@ frame_needed = 1, uses_anonymous_args = 0
 689 0000 80B5     		push	{r7, lr}
 690              	.LCFI15:
 691              		.cfi_def_cfa_offset 8
 692              		.cfi_offset 7, -8
 693              		.cfi_offset 14, -4
 694 0002 82B0     		sub	sp, sp, #8
 695              	.LCFI16:
 696              		.cfi_def_cfa_offset 16
 697 0004 00AF     		add	r7, sp, #0
 698              	.LCFI17:
 699              		.cfi_def_cfa_register 7
 700 0006 7860     		str	r0, [r7, #4]
1079:Middlewares/Third_Party/FreeRTOS/Source/tasks.c **** 	/* Ensure interrupts don't access the task lists while the lists are being
1080:Middlewares/Third_Party/FreeRTOS/Source/tasks.c **** 	updated. */
1081:Middlewares/Third_Party/FreeRTOS/Source/tasks.c **** 	taskENTER_CRITICAL();
 701              		.loc 1 1081 2
 702 0008 FFF7FEFF 		bl	vPortEnterCritical
1082:Middlewares/Third_Party/FreeRTOS/Source/tasks.c **** 	{
1083:Middlewares/Third_Party/FreeRTOS/Source/tasks.c **** 		uxCurrentNumberOfTasks++;
 703              		.loc 1 1083 25
 704 000c 2D4B     		ldr	r3, .L37
 705 000e 1B68     		ldr	r3, [r3]
 706 0010 0133     		adds	r3, r3, #1
 707 0012 2C4A     		ldr	r2, .L37
 708 0014 1360     		str	r3, [r2]
1084:Middlewares/Third_Party/FreeRTOS/Source/tasks.c **** 		if( pxCurrentTCB == NULL )
 709              		.loc 1 1084 20
 710 0016 2C4B     		ldr	r3, .L37+4
 711 0018 1B68     		ldr	r3, [r3]
 712              		.loc 1 1084 5
 713 001a 002B     		cmp	r3, #0
 714 001c 09D1     		bne	.L32
1085:Middlewares/Third_Party/FreeRTOS/Source/tasks.c **** 		{
1086:Middlewares/Third_Party/FreeRTOS/Source/tasks.c **** 			/* There are no other tasks, or all the other tasks are in
1087:Middlewares/Third_Party/FreeRTOS/Source/tasks.c **** 			the suspended state - make this the current task. */
1088:Middlewares/Third_Party/FreeRTOS/Source/tasks.c **** 			pxCurrentTCB = pxNewTCB;
 715              		.loc 1 1088 17
 716 001e 2A4A     		ldr	r2, .L37+4
 717 0020 7B68     		ldr	r3, [r7, #4]
 718 0022 1360     		str	r3, [r2]
1089:Middlewares/Third_Party/FreeRTOS/Source/tasks.c **** 
1090:Middlewares/Third_Party/FreeRTOS/Source/tasks.c **** 			if( uxCurrentNumberOfTasks == ( UBaseType_t ) 1 )
 719              		.loc 1 1090 31
 720 0024 274B     		ldr	r3, .L37
 721 0026 1B68     		ldr	r3, [r3]
 722              		.loc 1 1090 6
 723 0028 012B     		cmp	r3, #1
 724 002a 10D1     		bne	.L33
1091:Middlewares/Third_Party/FreeRTOS/Source/tasks.c **** 			{
1092:Middlewares/Third_Party/FreeRTOS/Source/tasks.c **** 				/* This is the first task to be created so do the preliminary
ARM GAS  /tmp/ccsbjPFO.s 			page 36


1093:Middlewares/Third_Party/FreeRTOS/Source/tasks.c **** 				initialisation required.  We will not recover if this call
1094:Middlewares/Third_Party/FreeRTOS/Source/tasks.c **** 				fails, but we will report the failure. */
1095:Middlewares/Third_Party/FreeRTOS/Source/tasks.c **** 				prvInitialiseTaskLists();
 725              		.loc 1 1095 5
 726 002c FFF7FEFF 		bl	prvInitialiseTaskLists
 727 0030 0DE0     		b	.L33
 728              	.L32:
1096:Middlewares/Third_Party/FreeRTOS/Source/tasks.c **** 			}
1097:Middlewares/Third_Party/FreeRTOS/Source/tasks.c **** 			else
1098:Middlewares/Third_Party/FreeRTOS/Source/tasks.c **** 			{
1099:Middlewares/Third_Party/FreeRTOS/Source/tasks.c **** 				mtCOVERAGE_TEST_MARKER();
1100:Middlewares/Third_Party/FreeRTOS/Source/tasks.c **** 			}
1101:Middlewares/Third_Party/FreeRTOS/Source/tasks.c **** 		}
1102:Middlewares/Third_Party/FreeRTOS/Source/tasks.c **** 		else
1103:Middlewares/Third_Party/FreeRTOS/Source/tasks.c **** 		{
1104:Middlewares/Third_Party/FreeRTOS/Source/tasks.c **** 			/* If the scheduler is not already running, make this task the
1105:Middlewares/Third_Party/FreeRTOS/Source/tasks.c **** 			current task if it is the highest priority task to be created
1106:Middlewares/Third_Party/FreeRTOS/Source/tasks.c **** 			so far. */
1107:Middlewares/Third_Party/FreeRTOS/Source/tasks.c **** 			if( xSchedulerRunning == pdFALSE )
 729              		.loc 1 1107 26
 730 0032 264B     		ldr	r3, .L37+8
 731 0034 1B68     		ldr	r3, [r3]
 732              		.loc 1 1107 6
 733 0036 002B     		cmp	r3, #0
 734 0038 09D1     		bne	.L33
1108:Middlewares/Third_Party/FreeRTOS/Source/tasks.c **** 			{
1109:Middlewares/Third_Party/FreeRTOS/Source/tasks.c **** 				if( pxCurrentTCB->uxPriority <= pxNewTCB->uxPriority )
 735              		.loc 1 1109 21
 736 003a 234B     		ldr	r3, .L37+4
 737 003c 1B68     		ldr	r3, [r3]
 738 003e DA6A     		ldr	r2, [r3, #44]
 739              		.loc 1 1109 45
 740 0040 7B68     		ldr	r3, [r7, #4]
 741 0042 DB6A     		ldr	r3, [r3, #44]
 742              		.loc 1 1109 7
 743 0044 9A42     		cmp	r2, r3
 744 0046 02D8     		bhi	.L33
1110:Middlewares/Third_Party/FreeRTOS/Source/tasks.c **** 				{
1111:Middlewares/Third_Party/FreeRTOS/Source/tasks.c **** 					pxCurrentTCB = pxNewTCB;
 745              		.loc 1 1111 19
 746 0048 1F4A     		ldr	r2, .L37+4
 747 004a 7B68     		ldr	r3, [r7, #4]
 748 004c 1360     		str	r3, [r2]
 749              	.L33:
1112:Middlewares/Third_Party/FreeRTOS/Source/tasks.c **** 				}
1113:Middlewares/Third_Party/FreeRTOS/Source/tasks.c **** 				else
1114:Middlewares/Third_Party/FreeRTOS/Source/tasks.c **** 				{
1115:Middlewares/Third_Party/FreeRTOS/Source/tasks.c **** 					mtCOVERAGE_TEST_MARKER();
1116:Middlewares/Third_Party/FreeRTOS/Source/tasks.c **** 				}
1117:Middlewares/Third_Party/FreeRTOS/Source/tasks.c **** 			}
1118:Middlewares/Third_Party/FreeRTOS/Source/tasks.c **** 			else
1119:Middlewares/Third_Party/FreeRTOS/Source/tasks.c **** 			{
1120:Middlewares/Third_Party/FreeRTOS/Source/tasks.c **** 				mtCOVERAGE_TEST_MARKER();
1121:Middlewares/Third_Party/FreeRTOS/Source/tasks.c **** 			}
1122:Middlewares/Third_Party/FreeRTOS/Source/tasks.c **** 		}
1123:Middlewares/Third_Party/FreeRTOS/Source/tasks.c **** 
1124:Middlewares/Third_Party/FreeRTOS/Source/tasks.c **** 		uxTaskNumber++;
ARM GAS  /tmp/ccsbjPFO.s 			page 37


 750              		.loc 1 1124 15
 751 004e 204B     		ldr	r3, .L37+12
 752 0050 1B68     		ldr	r3, [r3]
 753 0052 0133     		adds	r3, r3, #1
 754 0054 1E4A     		ldr	r2, .L37+12
 755 0056 1360     		str	r3, [r2]
1125:Middlewares/Third_Party/FreeRTOS/Source/tasks.c **** 
1126:Middlewares/Third_Party/FreeRTOS/Source/tasks.c **** 		#if ( configUSE_TRACE_FACILITY == 1 )
1127:Middlewares/Third_Party/FreeRTOS/Source/tasks.c **** 		{
1128:Middlewares/Third_Party/FreeRTOS/Source/tasks.c **** 			/* Add a counter into the TCB for tracing only. */
1129:Middlewares/Third_Party/FreeRTOS/Source/tasks.c **** 			pxNewTCB->uxTCBNumber = uxTaskNumber;
 756              		.loc 1 1129 26
 757 0058 1D4B     		ldr	r3, .L37+12
 758 005a 1A68     		ldr	r2, [r3]
 759 005c 7B68     		ldr	r3, [r7, #4]
 760 005e 9A64     		str	r2, [r3, #72]
1130:Middlewares/Third_Party/FreeRTOS/Source/tasks.c **** 		}
1131:Middlewares/Third_Party/FreeRTOS/Source/tasks.c **** 		#endif /* configUSE_TRACE_FACILITY */
1132:Middlewares/Third_Party/FreeRTOS/Source/tasks.c **** 		traceTASK_CREATE( pxNewTCB );
1133:Middlewares/Third_Party/FreeRTOS/Source/tasks.c **** 
1134:Middlewares/Third_Party/FreeRTOS/Source/tasks.c **** 		prvAddTaskToReadyList( pxNewTCB );
 761              		.loc 1 1134 3
 762 0060 7B68     		ldr	r3, [r7, #4]
 763 0062 DA6A     		ldr	r2, [r3, #44]
 764 0064 1B4B     		ldr	r3, .L37+16
 765 0066 1B68     		ldr	r3, [r3]
 766 0068 9A42     		cmp	r2, r3
 767 006a 03D9     		bls	.L34
 768              		.loc 1 1134 3 is_stmt 0 discriminator 1
 769 006c 7B68     		ldr	r3, [r7, #4]
 770 006e DB6A     		ldr	r3, [r3, #44]
 771 0070 184A     		ldr	r2, .L37+16
 772 0072 1360     		str	r3, [r2]
 773              	.L34:
 774              		.loc 1 1134 3 discriminator 3
 775 0074 7B68     		ldr	r3, [r7, #4]
 776 0076 DA6A     		ldr	r2, [r3, #44]
 777 0078 1346     		mov	r3, r2
 778 007a 9B00     		lsls	r3, r3, #2
 779 007c 1344     		add	r3, r3, r2
 780 007e 9B00     		lsls	r3, r3, #2
 781 0080 154A     		ldr	r2, .L37+20
 782 0082 1A44     		add	r2, r2, r3
 783 0084 7B68     		ldr	r3, [r7, #4]
 784 0086 0433     		adds	r3, r3, #4
 785 0088 1946     		mov	r1, r3
 786 008a 1046     		mov	r0, r2
 787 008c FFF7FEFF 		bl	vListInsertEnd
1135:Middlewares/Third_Party/FreeRTOS/Source/tasks.c **** 
1136:Middlewares/Third_Party/FreeRTOS/Source/tasks.c **** 		portSETUP_TCB( pxNewTCB );
1137:Middlewares/Third_Party/FreeRTOS/Source/tasks.c **** 	}
1138:Middlewares/Third_Party/FreeRTOS/Source/tasks.c **** 	taskEXIT_CRITICAL();
 788              		.loc 1 1138 2 is_stmt 1
 789 0090 FFF7FEFF 		bl	vPortExitCritical
1139:Middlewares/Third_Party/FreeRTOS/Source/tasks.c **** 
1140:Middlewares/Third_Party/FreeRTOS/Source/tasks.c **** 	if( xSchedulerRunning != pdFALSE )
 790              		.loc 1 1140 24
ARM GAS  /tmp/ccsbjPFO.s 			page 38


 791 0094 0D4B     		ldr	r3, .L37+8
 792 0096 1B68     		ldr	r3, [r3]
 793              		.loc 1 1140 4
 794 0098 002B     		cmp	r3, #0
 795 009a 0ED0     		beq	.L36
1141:Middlewares/Third_Party/FreeRTOS/Source/tasks.c **** 	{
1142:Middlewares/Third_Party/FreeRTOS/Source/tasks.c **** 		/* If the created task is of a higher priority than the current task
1143:Middlewares/Third_Party/FreeRTOS/Source/tasks.c **** 		then it should run now. */
1144:Middlewares/Third_Party/FreeRTOS/Source/tasks.c **** 		if( pxCurrentTCB->uxPriority < pxNewTCB->uxPriority )
 796              		.loc 1 1144 19
 797 009c 0A4B     		ldr	r3, .L37+4
 798 009e 1B68     		ldr	r3, [r3]
 799 00a0 DA6A     		ldr	r2, [r3, #44]
 800              		.loc 1 1144 42
 801 00a2 7B68     		ldr	r3, [r7, #4]
 802 00a4 DB6A     		ldr	r3, [r3, #44]
 803              		.loc 1 1144 5
 804 00a6 9A42     		cmp	r2, r3
 805 00a8 07D2     		bcs	.L36
1145:Middlewares/Third_Party/FreeRTOS/Source/tasks.c **** 		{
1146:Middlewares/Third_Party/FreeRTOS/Source/tasks.c **** 			taskYIELD_IF_USING_PREEMPTION();
 806              		.loc 1 1146 4
 807 00aa 0C4B     		ldr	r3, .L37+24
 808 00ac 4FF08052 		mov	r2, #268435456
 809 00b0 1A60     		str	r2, [r3]
 810              		.syntax unified
 811              	@ 1146 "Middlewares/Third_Party/FreeRTOS/Source/tasks.c" 1
 812 00b2 BFF34F8F 		dsb
 813              	@ 0 "" 2
 814              	@ 1146 "Middlewares/Third_Party/FreeRTOS/Source/tasks.c" 1
 815 00b6 BFF36F8F 		isb
 816              	@ 0 "" 2
 817              		.thumb
 818              		.syntax unified
 819              	.L36:
1147:Middlewares/Third_Party/FreeRTOS/Source/tasks.c **** 		}
1148:Middlewares/Third_Party/FreeRTOS/Source/tasks.c **** 		else
1149:Middlewares/Third_Party/FreeRTOS/Source/tasks.c **** 		{
1150:Middlewares/Third_Party/FreeRTOS/Source/tasks.c **** 			mtCOVERAGE_TEST_MARKER();
1151:Middlewares/Third_Party/FreeRTOS/Source/tasks.c **** 		}
1152:Middlewares/Third_Party/FreeRTOS/Source/tasks.c **** 	}
1153:Middlewares/Third_Party/FreeRTOS/Source/tasks.c **** 	else
1154:Middlewares/Third_Party/FreeRTOS/Source/tasks.c **** 	{
1155:Middlewares/Third_Party/FreeRTOS/Source/tasks.c **** 		mtCOVERAGE_TEST_MARKER();
1156:Middlewares/Third_Party/FreeRTOS/Source/tasks.c **** 	}
1157:Middlewares/Third_Party/FreeRTOS/Source/tasks.c **** }
 820              		.loc 1 1157 1
 821 00ba 00BF     		nop
 822 00bc 0837     		adds	r7, r7, #8
 823              	.LCFI18:
 824              		.cfi_def_cfa_offset 8
 825 00be BD46     		mov	sp, r7
 826              	.LCFI19:
 827              		.cfi_def_cfa_register 13
 828              		@ sp needed
 829 00c0 80BD     		pop	{r7, pc}
 830              	.L38:
ARM GAS  /tmp/ccsbjPFO.s 			page 39


 831 00c2 00BF     		.align	2
 832              	.L37:
 833 00c4 00000000 		.word	uxCurrentNumberOfTasks
 834 00c8 00000000 		.word	pxCurrentTCB
 835 00cc 00000000 		.word	xSchedulerRunning
 836 00d0 00000000 		.word	uxTaskNumber
 837 00d4 00000000 		.word	uxTopReadyPriority
 838 00d8 00000000 		.word	pxReadyTasksLists
 839 00dc 04ED00E0 		.word	-536810236
 840              		.cfi_endproc
 841              	.LFE7:
 843              		.section	.text.vTaskDelete,"ax",%progbits
 844              		.align	1
 845              		.global	vTaskDelete
 846              		.syntax unified
 847              		.thumb
 848              		.thumb_func
 850              	vTaskDelete:
 851              	.LFB8:
1158:Middlewares/Third_Party/FreeRTOS/Source/tasks.c **** /*-----------------------------------------------------------*/
1159:Middlewares/Third_Party/FreeRTOS/Source/tasks.c **** 
1160:Middlewares/Third_Party/FreeRTOS/Source/tasks.c **** #if ( INCLUDE_vTaskDelete == 1 )
1161:Middlewares/Third_Party/FreeRTOS/Source/tasks.c **** 
1162:Middlewares/Third_Party/FreeRTOS/Source/tasks.c **** 	void vTaskDelete( TaskHandle_t xTaskToDelete )
1163:Middlewares/Third_Party/FreeRTOS/Source/tasks.c **** 	{
 852              		.loc 1 1163 2
 853              		.cfi_startproc
 854              		@ args = 0, pretend = 0, frame = 16
 855              		@ frame_needed = 1, uses_anonymous_args = 0
 856 0000 80B5     		push	{r7, lr}
 857              	.LCFI20:
 858              		.cfi_def_cfa_offset 8
 859              		.cfi_offset 7, -8
 860              		.cfi_offset 14, -4
 861 0002 84B0     		sub	sp, sp, #16
 862              	.LCFI21:
 863              		.cfi_def_cfa_offset 24
 864 0004 00AF     		add	r7, sp, #0
 865              	.LCFI22:
 866              		.cfi_def_cfa_register 7
 867 0006 7860     		str	r0, [r7, #4]
1164:Middlewares/Third_Party/FreeRTOS/Source/tasks.c **** 	TCB_t *pxTCB;
1165:Middlewares/Third_Party/FreeRTOS/Source/tasks.c **** 
1166:Middlewares/Third_Party/FreeRTOS/Source/tasks.c **** 		taskENTER_CRITICAL();
 868              		.loc 1 1166 3
 869 0008 FFF7FEFF 		bl	vPortEnterCritical
1167:Middlewares/Third_Party/FreeRTOS/Source/tasks.c **** 		{
1168:Middlewares/Third_Party/FreeRTOS/Source/tasks.c **** 			/* If null is passed in here then it is the calling task that is
1169:Middlewares/Third_Party/FreeRTOS/Source/tasks.c **** 			being deleted. */
1170:Middlewares/Third_Party/FreeRTOS/Source/tasks.c **** 			pxTCB = prvGetTCBFromHandle( xTaskToDelete );
 870              		.loc 1 1170 12
 871 000c 7B68     		ldr	r3, [r7, #4]
 872 000e 002B     		cmp	r3, #0
 873 0010 03D1     		bne	.L40
 874              		.loc 1 1170 10 discriminator 1
 875 0012 2D4B     		ldr	r3, .L49
 876 0014 1B68     		ldr	r3, [r3]
ARM GAS  /tmp/ccsbjPFO.s 			page 40


 877 0016 FB60     		str	r3, [r7, #12]
 878 0018 01E0     		b	.L41
 879              	.L40:
 880              		.loc 1 1170 10 is_stmt 0 discriminator 2
 881 001a 7B68     		ldr	r3, [r7, #4]
 882 001c FB60     		str	r3, [r7, #12]
 883              	.L41:
1171:Middlewares/Third_Party/FreeRTOS/Source/tasks.c **** 
1172:Middlewares/Third_Party/FreeRTOS/Source/tasks.c **** 			/* Remove task from the ready/delayed list. */
1173:Middlewares/Third_Party/FreeRTOS/Source/tasks.c **** 			if( uxListRemove( &( pxTCB->xStateListItem ) ) == ( UBaseType_t ) 0 )
 884              		.loc 1 1173 22 is_stmt 1
 885 001e FB68     		ldr	r3, [r7, #12]
 886 0020 0433     		adds	r3, r3, #4
 887              		.loc 1 1173 8
 888 0022 1846     		mov	r0, r3
 889 0024 FFF7FEFF 		bl	uxListRemove
1174:Middlewares/Third_Party/FreeRTOS/Source/tasks.c **** 			{
1175:Middlewares/Third_Party/FreeRTOS/Source/tasks.c **** 				taskRESET_READY_PRIORITY( pxTCB->uxPriority );
1176:Middlewares/Third_Party/FreeRTOS/Source/tasks.c **** 			}
1177:Middlewares/Third_Party/FreeRTOS/Source/tasks.c **** 			else
1178:Middlewares/Third_Party/FreeRTOS/Source/tasks.c **** 			{
1179:Middlewares/Third_Party/FreeRTOS/Source/tasks.c **** 				mtCOVERAGE_TEST_MARKER();
1180:Middlewares/Third_Party/FreeRTOS/Source/tasks.c **** 			}
1181:Middlewares/Third_Party/FreeRTOS/Source/tasks.c **** 
1182:Middlewares/Third_Party/FreeRTOS/Source/tasks.c **** 			/* Is the task waiting on an event also? */
1183:Middlewares/Third_Party/FreeRTOS/Source/tasks.c **** 			if( listLIST_ITEM_CONTAINER( &( pxTCB->xEventListItem ) ) != NULL )
 890              		.loc 1 1183 8
 891 0028 FB68     		ldr	r3, [r7, #12]
 892 002a 9B6A     		ldr	r3, [r3, #40]
 893              		.loc 1 1183 6
 894 002c 002B     		cmp	r3, #0
 895 002e 04D0     		beq	.L42
1184:Middlewares/Third_Party/FreeRTOS/Source/tasks.c **** 			{
1185:Middlewares/Third_Party/FreeRTOS/Source/tasks.c **** 				( void ) uxListRemove( &( pxTCB->xEventListItem ) );
 896              		.loc 1 1185 28
 897 0030 FB68     		ldr	r3, [r7, #12]
 898 0032 1833     		adds	r3, r3, #24
 899              		.loc 1 1185 14
 900 0034 1846     		mov	r0, r3
 901 0036 FFF7FEFF 		bl	uxListRemove
 902              	.L42:
1186:Middlewares/Third_Party/FreeRTOS/Source/tasks.c **** 			}
1187:Middlewares/Third_Party/FreeRTOS/Source/tasks.c **** 			else
1188:Middlewares/Third_Party/FreeRTOS/Source/tasks.c **** 			{
1189:Middlewares/Third_Party/FreeRTOS/Source/tasks.c **** 				mtCOVERAGE_TEST_MARKER();
1190:Middlewares/Third_Party/FreeRTOS/Source/tasks.c **** 			}
1191:Middlewares/Third_Party/FreeRTOS/Source/tasks.c **** 
1192:Middlewares/Third_Party/FreeRTOS/Source/tasks.c **** 			/* Increment the uxTaskNumber also so kernel aware debuggers can
1193:Middlewares/Third_Party/FreeRTOS/Source/tasks.c **** 			detect that the task lists need re-generating.  This is done before
1194:Middlewares/Third_Party/FreeRTOS/Source/tasks.c **** 			portPRE_TASK_DELETE_HOOK() as in the Windows port that macro will
1195:Middlewares/Third_Party/FreeRTOS/Source/tasks.c **** 			not return. */
1196:Middlewares/Third_Party/FreeRTOS/Source/tasks.c **** 			uxTaskNumber++;
 903              		.loc 1 1196 16
 904 003a 244B     		ldr	r3, .L49+4
 905 003c 1B68     		ldr	r3, [r3]
 906 003e 0133     		adds	r3, r3, #1
 907 0040 224A     		ldr	r2, .L49+4
ARM GAS  /tmp/ccsbjPFO.s 			page 41


 908 0042 1360     		str	r3, [r2]
1197:Middlewares/Third_Party/FreeRTOS/Source/tasks.c **** 
1198:Middlewares/Third_Party/FreeRTOS/Source/tasks.c **** 			if( pxTCB == pxCurrentTCB )
 909              		.loc 1 1198 14
 910 0044 204B     		ldr	r3, .L49
 911 0046 1B68     		ldr	r3, [r3]
 912              		.loc 1 1198 6
 913 0048 FA68     		ldr	r2, [r7, #12]
 914 004a 9A42     		cmp	r2, r3
 915 004c 0BD1     		bne	.L43
1199:Middlewares/Third_Party/FreeRTOS/Source/tasks.c **** 			{
1200:Middlewares/Third_Party/FreeRTOS/Source/tasks.c **** 				/* A task is deleting itself.  This cannot complete within the
1201:Middlewares/Third_Party/FreeRTOS/Source/tasks.c **** 				task itself, as a context switch to another task is required.
1202:Middlewares/Third_Party/FreeRTOS/Source/tasks.c **** 				Place the task in the termination list.  The idle task will
1203:Middlewares/Third_Party/FreeRTOS/Source/tasks.c **** 				check the termination list and free up any memory allocated by
1204:Middlewares/Third_Party/FreeRTOS/Source/tasks.c **** 				the scheduler for the TCB and stack of the deleted task. */
1205:Middlewares/Third_Party/FreeRTOS/Source/tasks.c **** 				vListInsertEnd( &xTasksWaitingTermination, &( pxTCB->xStateListItem ) );
 916              		.loc 1 1205 48
 917 004e FB68     		ldr	r3, [r7, #12]
 918 0050 0433     		adds	r3, r3, #4
 919              		.loc 1 1205 5
 920 0052 1946     		mov	r1, r3
 921 0054 1E48     		ldr	r0, .L49+8
 922 0056 FFF7FEFF 		bl	vListInsertEnd
1206:Middlewares/Third_Party/FreeRTOS/Source/tasks.c **** 
1207:Middlewares/Third_Party/FreeRTOS/Source/tasks.c **** 				/* Increment the ucTasksDeleted variable so the idle task knows
1208:Middlewares/Third_Party/FreeRTOS/Source/tasks.c **** 				there is a task that has been deleted and that it should therefore
1209:Middlewares/Third_Party/FreeRTOS/Source/tasks.c **** 				check the xTasksWaitingTermination list. */
1210:Middlewares/Third_Party/FreeRTOS/Source/tasks.c **** 				++uxDeletedTasksWaitingCleanUp;
 923              		.loc 1 1210 5
 924 005a 1E4B     		ldr	r3, .L49+12
 925 005c 1B68     		ldr	r3, [r3]
 926 005e 0133     		adds	r3, r3, #1
 927 0060 1C4A     		ldr	r2, .L49+12
 928 0062 1360     		str	r3, [r2]
 929 0064 09E0     		b	.L44
 930              	.L43:
1211:Middlewares/Third_Party/FreeRTOS/Source/tasks.c **** 
1212:Middlewares/Third_Party/FreeRTOS/Source/tasks.c **** 				/* Call the delete hook before portPRE_TASK_DELETE_HOOK() as
1213:Middlewares/Third_Party/FreeRTOS/Source/tasks.c **** 				portPRE_TASK_DELETE_HOOK() does not return in the Win32 port. */
1214:Middlewares/Third_Party/FreeRTOS/Source/tasks.c **** 				traceTASK_DELETE( pxTCB );
1215:Middlewares/Third_Party/FreeRTOS/Source/tasks.c **** 
1216:Middlewares/Third_Party/FreeRTOS/Source/tasks.c **** 				/* The pre-delete hook is primarily for the Windows simulator,
1217:Middlewares/Third_Party/FreeRTOS/Source/tasks.c **** 				in which Windows specific clean up operations are performed,
1218:Middlewares/Third_Party/FreeRTOS/Source/tasks.c **** 				after which it is not possible to yield away from this task -
1219:Middlewares/Third_Party/FreeRTOS/Source/tasks.c **** 				hence xYieldPending is used to latch that a context switch is
1220:Middlewares/Third_Party/FreeRTOS/Source/tasks.c **** 				required. */
1221:Middlewares/Third_Party/FreeRTOS/Source/tasks.c **** 				portPRE_TASK_DELETE_HOOK( pxTCB, &xYieldPending );
1222:Middlewares/Third_Party/FreeRTOS/Source/tasks.c **** 			}
1223:Middlewares/Third_Party/FreeRTOS/Source/tasks.c **** 			else
1224:Middlewares/Third_Party/FreeRTOS/Source/tasks.c **** 			{
1225:Middlewares/Third_Party/FreeRTOS/Source/tasks.c **** 				--uxCurrentNumberOfTasks;
 931              		.loc 1 1225 5
 932 0066 1C4B     		ldr	r3, .L49+16
 933 0068 1B68     		ldr	r3, [r3]
 934 006a 013B     		subs	r3, r3, #1
 935 006c 1A4A     		ldr	r2, .L49+16
ARM GAS  /tmp/ccsbjPFO.s 			page 42


 936 006e 1360     		str	r3, [r2]
1226:Middlewares/Third_Party/FreeRTOS/Source/tasks.c **** 				traceTASK_DELETE( pxTCB );
1227:Middlewares/Third_Party/FreeRTOS/Source/tasks.c **** 				prvDeleteTCB( pxTCB );
 937              		.loc 1 1227 5
 938 0070 F868     		ldr	r0, [r7, #12]
 939 0072 FFF7FEFF 		bl	prvDeleteTCB
1228:Middlewares/Third_Party/FreeRTOS/Source/tasks.c **** 
1229:Middlewares/Third_Party/FreeRTOS/Source/tasks.c **** 				/* Reset the next expected unblock time in case it referred to
1230:Middlewares/Third_Party/FreeRTOS/Source/tasks.c **** 				the task that has just been deleted. */
1231:Middlewares/Third_Party/FreeRTOS/Source/tasks.c **** 				prvResetNextTaskUnblockTime();
 940              		.loc 1 1231 5
 941 0076 FFF7FEFF 		bl	prvResetNextTaskUnblockTime
 942              	.L44:
1232:Middlewares/Third_Party/FreeRTOS/Source/tasks.c **** 			}
1233:Middlewares/Third_Party/FreeRTOS/Source/tasks.c **** 		}
1234:Middlewares/Third_Party/FreeRTOS/Source/tasks.c **** 		taskEXIT_CRITICAL();
 943              		.loc 1 1234 3
 944 007a FFF7FEFF 		bl	vPortExitCritical
1235:Middlewares/Third_Party/FreeRTOS/Source/tasks.c **** 
1236:Middlewares/Third_Party/FreeRTOS/Source/tasks.c **** 		/* Force a reschedule if it is the currently running task that has just
1237:Middlewares/Third_Party/FreeRTOS/Source/tasks.c **** 		been deleted. */
1238:Middlewares/Third_Party/FreeRTOS/Source/tasks.c **** 		if( xSchedulerRunning != pdFALSE )
 945              		.loc 1 1238 25
 946 007e 174B     		ldr	r3, .L49+20
 947 0080 1B68     		ldr	r3, [r3]
 948              		.loc 1 1238 5
 949 0082 002B     		cmp	r3, #0
 950 0084 1CD0     		beq	.L48
1239:Middlewares/Third_Party/FreeRTOS/Source/tasks.c **** 		{
1240:Middlewares/Third_Party/FreeRTOS/Source/tasks.c **** 			if( pxTCB == pxCurrentTCB )
 951              		.loc 1 1240 14
 952 0086 104B     		ldr	r3, .L49
 953 0088 1B68     		ldr	r3, [r3]
 954              		.loc 1 1240 6
 955 008a FA68     		ldr	r2, [r7, #12]
 956 008c 9A42     		cmp	r2, r3
 957 008e 17D1     		bne	.L48
1241:Middlewares/Third_Party/FreeRTOS/Source/tasks.c **** 			{
1242:Middlewares/Third_Party/FreeRTOS/Source/tasks.c **** 				configASSERT( uxSchedulerSuspended == 0 );
 958              		.loc 1 1242 5
 959 0090 134B     		ldr	r3, .L49+24
 960 0092 1B68     		ldr	r3, [r3]
 961 0094 002B     		cmp	r3, #0
 962 0096 0BD0     		beq	.L46
 963              	.LBB136:
 964              	.LBB137:
 195:Middlewares/Third_Party/FreeRTOS/Source/portable/GCC/ARM_CM4F/portmacro.h **** 	(
 965              		.loc 2 195 2
 966              		.syntax unified
 967              	@ 195 "Middlewares/Third_Party/FreeRTOS/Source/portable/GCC/ARM_CM4F/portmacro.h" 1
 968 0098 4FF05003 			mov r3, #80												
 969 009c 83F31188 		msr basepri, r3											
 970 00a0 BFF36F8F 		isb														
 971 00a4 BFF34F8F 		dsb														
 972              	
 973              	@ 0 "" 2
 974              		.thumb
ARM GAS  /tmp/ccsbjPFO.s 			page 43


 975              		.syntax unified
 976 00a8 BB60     		str	r3, [r7, #8]
 977              		.loc 2 203 1
 978 00aa 00BF     		nop
 979              	.L47:
 980              	.LBE137:
 981              	.LBE136:
 982              		.loc 1 1242 5
 983 00ac 00BF     		nop
 984 00ae FDE7     		b	.L47
 985              	.L46:
1243:Middlewares/Third_Party/FreeRTOS/Source/tasks.c **** 				portYIELD_WITHIN_API();
 986              		.loc 1 1243 5
 987 00b0 0C4B     		ldr	r3, .L49+28
 988 00b2 4FF08052 		mov	r2, #268435456
 989 00b6 1A60     		str	r2, [r3]
 990              		.syntax unified
 991              	@ 1243 "Middlewares/Third_Party/FreeRTOS/Source/tasks.c" 1
 992 00b8 BFF34F8F 		dsb
 993              	@ 0 "" 2
 994              	@ 1243 "Middlewares/Third_Party/FreeRTOS/Source/tasks.c" 1
 995 00bc BFF36F8F 		isb
 996              	@ 0 "" 2
 997              		.thumb
 998              		.syntax unified
 999              	.L48:
1244:Middlewares/Third_Party/FreeRTOS/Source/tasks.c **** 			}
1245:Middlewares/Third_Party/FreeRTOS/Source/tasks.c **** 			else
1246:Middlewares/Third_Party/FreeRTOS/Source/tasks.c **** 			{
1247:Middlewares/Third_Party/FreeRTOS/Source/tasks.c **** 				mtCOVERAGE_TEST_MARKER();
1248:Middlewares/Third_Party/FreeRTOS/Source/tasks.c **** 			}
1249:Middlewares/Third_Party/FreeRTOS/Source/tasks.c **** 		}
1250:Middlewares/Third_Party/FreeRTOS/Source/tasks.c **** 	}
 1000              		.loc 1 1250 2
 1001 00c0 00BF     		nop
 1002 00c2 1037     		adds	r7, r7, #16
 1003              	.LCFI23:
 1004              		.cfi_def_cfa_offset 8
 1005 00c4 BD46     		mov	sp, r7
 1006              	.LCFI24:
 1007              		.cfi_def_cfa_register 13
 1008              		@ sp needed
 1009 00c6 80BD     		pop	{r7, pc}
 1010              	.L50:
 1011              		.align	2
 1012              	.L49:
 1013 00c8 00000000 		.word	pxCurrentTCB
 1014 00cc 00000000 		.word	uxTaskNumber
 1015 00d0 00000000 		.word	xTasksWaitingTermination
 1016 00d4 00000000 		.word	uxDeletedTasksWaitingCleanUp
 1017 00d8 00000000 		.word	uxCurrentNumberOfTasks
 1018 00dc 00000000 		.word	xSchedulerRunning
 1019 00e0 00000000 		.word	uxSchedulerSuspended
 1020 00e4 04ED00E0 		.word	-536810236
 1021              		.cfi_endproc
 1022              	.LFE8:
 1024              		.section	.text.vTaskDelayUntil,"ax",%progbits
ARM GAS  /tmp/ccsbjPFO.s 			page 44


 1025              		.align	1
 1026              		.global	vTaskDelayUntil
 1027              		.syntax unified
 1028              		.thumb
 1029              		.thumb_func
 1031              	vTaskDelayUntil:
 1032              	.LFB9:
1251:Middlewares/Third_Party/FreeRTOS/Source/tasks.c **** 
1252:Middlewares/Third_Party/FreeRTOS/Source/tasks.c **** #endif /* INCLUDE_vTaskDelete */
1253:Middlewares/Third_Party/FreeRTOS/Source/tasks.c **** /*-----------------------------------------------------------*/
1254:Middlewares/Third_Party/FreeRTOS/Source/tasks.c **** 
1255:Middlewares/Third_Party/FreeRTOS/Source/tasks.c **** #if ( INCLUDE_vTaskDelayUntil == 1 )
1256:Middlewares/Third_Party/FreeRTOS/Source/tasks.c **** 
1257:Middlewares/Third_Party/FreeRTOS/Source/tasks.c **** 	void vTaskDelayUntil( TickType_t * const pxPreviousWakeTime, const TickType_t xTimeIncrement )
1258:Middlewares/Third_Party/FreeRTOS/Source/tasks.c **** 	{
 1033              		.loc 1 1258 2
 1034              		.cfi_startproc
 1035              		@ args = 0, pretend = 0, frame = 40
 1036              		@ frame_needed = 1, uses_anonymous_args = 0
 1037 0000 80B5     		push	{r7, lr}
 1038              	.LCFI25:
 1039              		.cfi_def_cfa_offset 8
 1040              		.cfi_offset 7, -8
 1041              		.cfi_offset 14, -4
 1042 0002 8AB0     		sub	sp, sp, #40
 1043              	.LCFI26:
 1044              		.cfi_def_cfa_offset 48
 1045 0004 00AF     		add	r7, sp, #0
 1046              	.LCFI27:
 1047              		.cfi_def_cfa_register 7
 1048 0006 7860     		str	r0, [r7, #4]
 1049 0008 3960     		str	r1, [r7]
1259:Middlewares/Third_Party/FreeRTOS/Source/tasks.c **** 	TickType_t xTimeToWake;
1260:Middlewares/Third_Party/FreeRTOS/Source/tasks.c **** 	BaseType_t xAlreadyYielded, xShouldDelay = pdFALSE;
 1050              		.loc 1 1260 30
 1051 000a 0023     		movs	r3, #0
 1052 000c 7B62     		str	r3, [r7, #36]
1261:Middlewares/Third_Party/FreeRTOS/Source/tasks.c **** 
1262:Middlewares/Third_Party/FreeRTOS/Source/tasks.c **** 		configASSERT( pxPreviousWakeTime );
 1053              		.loc 1 1262 3
 1054 000e 7B68     		ldr	r3, [r7, #4]
 1055 0010 002B     		cmp	r3, #0
 1056 0012 0BD1     		bne	.L52
 1057              	.LBB138:
 1058              	.LBB139:
 195:Middlewares/Third_Party/FreeRTOS/Source/portable/GCC/ARM_CM4F/portmacro.h **** 	(
 1059              		.loc 2 195 2
 1060              		.syntax unified
 1061              	@ 195 "Middlewares/Third_Party/FreeRTOS/Source/portable/GCC/ARM_CM4F/portmacro.h" 1
 1062 0014 4FF05003 			mov r3, #80												
 1063 0018 83F31188 		msr basepri, r3											
 1064 001c BFF36F8F 		isb														
 1065 0020 BFF34F8F 		dsb														
 1066              	
 1067              	@ 0 "" 2
 1068              		.thumb
 1069              		.syntax unified
ARM GAS  /tmp/ccsbjPFO.s 			page 45


 1070 0024 7B61     		str	r3, [r7, #20]
 1071              		.loc 2 203 1
 1072 0026 00BF     		nop
 1073              	.L53:
 1074              	.LBE139:
 1075              	.LBE138:
 1076              		.loc 1 1262 3
 1077 0028 00BF     		nop
 1078 002a FDE7     		b	.L53
 1079              	.L52:
1263:Middlewares/Third_Party/FreeRTOS/Source/tasks.c **** 		configASSERT( ( xTimeIncrement > 0U ) );
 1080              		.loc 1 1263 3
 1081 002c 3B68     		ldr	r3, [r7]
 1082 002e 002B     		cmp	r3, #0
 1083 0030 0BD1     		bne	.L54
 1084              	.LBB140:
 1085              	.LBB141:
 195:Middlewares/Third_Party/FreeRTOS/Source/portable/GCC/ARM_CM4F/portmacro.h **** 	(
 1086              		.loc 2 195 2
 1087              		.syntax unified
 1088              	@ 195 "Middlewares/Third_Party/FreeRTOS/Source/portable/GCC/ARM_CM4F/portmacro.h" 1
 1089 0032 4FF05003 			mov r3, #80												
 1090 0036 83F31188 		msr basepri, r3											
 1091 003a BFF36F8F 		isb														
 1092 003e BFF34F8F 		dsb														
 1093              	
 1094              	@ 0 "" 2
 1095              		.thumb
 1096              		.syntax unified
 1097 0042 3B61     		str	r3, [r7, #16]
 1098              		.loc 2 203 1
 1099 0044 00BF     		nop
 1100              	.L55:
 1101              	.LBE141:
 1102              	.LBE140:
 1103              		.loc 1 1263 3
 1104 0046 00BF     		nop
 1105 0048 FDE7     		b	.L55
 1106              	.L54:
1264:Middlewares/Third_Party/FreeRTOS/Source/tasks.c **** 		configASSERT( uxSchedulerSuspended == 0 );
 1107              		.loc 1 1264 3
 1108 004a 2A4B     		ldr	r3, .L64
 1109 004c 1B68     		ldr	r3, [r3]
 1110 004e 002B     		cmp	r3, #0
 1111 0050 0BD0     		beq	.L56
 1112              	.LBB142:
 1113              	.LBB143:
 195:Middlewares/Third_Party/FreeRTOS/Source/portable/GCC/ARM_CM4F/portmacro.h **** 	(
 1114              		.loc 2 195 2
 1115              		.syntax unified
 1116              	@ 195 "Middlewares/Third_Party/FreeRTOS/Source/portable/GCC/ARM_CM4F/portmacro.h" 1
 1117 0052 4FF05003 			mov r3, #80												
 1118 0056 83F31188 		msr basepri, r3											
 1119 005a BFF36F8F 		isb														
 1120 005e BFF34F8F 		dsb														
 1121              	
 1122              	@ 0 "" 2
ARM GAS  /tmp/ccsbjPFO.s 			page 46


 1123              		.thumb
 1124              		.syntax unified
 1125 0062 FB60     		str	r3, [r7, #12]
 1126              		.loc 2 203 1
 1127 0064 00BF     		nop
 1128              	.L57:
 1129              	.LBE143:
 1130              	.LBE142:
 1131              		.loc 1 1264 3
 1132 0066 00BF     		nop
 1133 0068 FDE7     		b	.L57
 1134              	.L56:
1265:Middlewares/Third_Party/FreeRTOS/Source/tasks.c **** 
1266:Middlewares/Third_Party/FreeRTOS/Source/tasks.c **** 		vTaskSuspendAll();
 1135              		.loc 1 1266 3
 1136 006a FFF7FEFF 		bl	vTaskSuspendAll
 1137              	.LBB144:
1267:Middlewares/Third_Party/FreeRTOS/Source/tasks.c **** 		{
1268:Middlewares/Third_Party/FreeRTOS/Source/tasks.c **** 			/* Minor optimisation.  The tick count cannot change in this
1269:Middlewares/Third_Party/FreeRTOS/Source/tasks.c **** 			block. */
1270:Middlewares/Third_Party/FreeRTOS/Source/tasks.c **** 			const TickType_t xConstTickCount = xTickCount;
 1138              		.loc 1 1270 21
 1139 006e 224B     		ldr	r3, .L64+4
 1140 0070 1B68     		ldr	r3, [r3]
 1141 0072 3B62     		str	r3, [r7, #32]
1271:Middlewares/Third_Party/FreeRTOS/Source/tasks.c **** 
1272:Middlewares/Third_Party/FreeRTOS/Source/tasks.c **** 			/* Generate the tick time at which the task wants to wake. */
1273:Middlewares/Third_Party/FreeRTOS/Source/tasks.c **** 			xTimeToWake = *pxPreviousWakeTime + xTimeIncrement;
 1142              		.loc 1 1273 18
 1143 0074 7B68     		ldr	r3, [r7, #4]
 1144 0076 1B68     		ldr	r3, [r3]
 1145              		.loc 1 1273 16
 1146 0078 3A68     		ldr	r2, [r7]
 1147 007a 1344     		add	r3, r3, r2
 1148 007c FB61     		str	r3, [r7, #28]
1274:Middlewares/Third_Party/FreeRTOS/Source/tasks.c **** 
1275:Middlewares/Third_Party/FreeRTOS/Source/tasks.c **** 			if( xConstTickCount < *pxPreviousWakeTime )
 1149              		.loc 1 1275 26
 1150 007e 7B68     		ldr	r3, [r7, #4]
 1151 0080 1B68     		ldr	r3, [r3]
 1152              		.loc 1 1275 6
 1153 0082 3A6A     		ldr	r2, [r7, #32]
 1154 0084 9A42     		cmp	r2, r3
 1155 0086 0BD2     		bcs	.L58
1276:Middlewares/Third_Party/FreeRTOS/Source/tasks.c **** 			{
1277:Middlewares/Third_Party/FreeRTOS/Source/tasks.c **** 				/* The tick count has overflowed since this function was
1278:Middlewares/Third_Party/FreeRTOS/Source/tasks.c **** 				lasted called.  In this case the only time we should ever
1279:Middlewares/Third_Party/FreeRTOS/Source/tasks.c **** 				actually delay is if the wake time has also	overflowed,
1280:Middlewares/Third_Party/FreeRTOS/Source/tasks.c **** 				and the wake time is greater than the tick time.  When this
1281:Middlewares/Third_Party/FreeRTOS/Source/tasks.c **** 				is the case it is as if neither time had overflowed. */
1282:Middlewares/Third_Party/FreeRTOS/Source/tasks.c **** 				if( ( xTimeToWake < *pxPreviousWakeTime ) && ( xTimeToWake > xConstTickCount ) )
 1156              		.loc 1 1282 25
 1157 0088 7B68     		ldr	r3, [r7, #4]
 1158 008a 1B68     		ldr	r3, [r3]
 1159              		.loc 1 1282 7
 1160 008c FA69     		ldr	r2, [r7, #28]
 1161 008e 9A42     		cmp	r2, r3
ARM GAS  /tmp/ccsbjPFO.s 			page 47


 1162 0090 11D2     		bcs	.L59
 1163              		.loc 1 1282 47 discriminator 1
 1164 0092 FA69     		ldr	r2, [r7, #28]
 1165 0094 3B6A     		ldr	r3, [r7, #32]
 1166 0096 9A42     		cmp	r2, r3
 1167 0098 0DD9     		bls	.L59
1283:Middlewares/Third_Party/FreeRTOS/Source/tasks.c **** 				{
1284:Middlewares/Third_Party/FreeRTOS/Source/tasks.c **** 					xShouldDelay = pdTRUE;
 1168              		.loc 1 1284 19
 1169 009a 0123     		movs	r3, #1
 1170 009c 7B62     		str	r3, [r7, #36]
 1171 009e 0AE0     		b	.L59
 1172              	.L58:
1285:Middlewares/Third_Party/FreeRTOS/Source/tasks.c **** 				}
1286:Middlewares/Third_Party/FreeRTOS/Source/tasks.c **** 				else
1287:Middlewares/Third_Party/FreeRTOS/Source/tasks.c **** 				{
1288:Middlewares/Third_Party/FreeRTOS/Source/tasks.c **** 					mtCOVERAGE_TEST_MARKER();
1289:Middlewares/Third_Party/FreeRTOS/Source/tasks.c **** 				}
1290:Middlewares/Third_Party/FreeRTOS/Source/tasks.c **** 			}
1291:Middlewares/Third_Party/FreeRTOS/Source/tasks.c **** 			else
1292:Middlewares/Third_Party/FreeRTOS/Source/tasks.c **** 			{
1293:Middlewares/Third_Party/FreeRTOS/Source/tasks.c **** 				/* The tick time has not overflowed.  In this case we will
1294:Middlewares/Third_Party/FreeRTOS/Source/tasks.c **** 				delay if either the wake time has overflowed, and/or the
1295:Middlewares/Third_Party/FreeRTOS/Source/tasks.c **** 				tick time is less than the wake time. */
1296:Middlewares/Third_Party/FreeRTOS/Source/tasks.c **** 				if( ( xTimeToWake < *pxPreviousWakeTime ) || ( xTimeToWake > xConstTickCount ) )
 1173              		.loc 1 1296 25
 1174 00a0 7B68     		ldr	r3, [r7, #4]
 1175 00a2 1B68     		ldr	r3, [r3]
 1176              		.loc 1 1296 7
 1177 00a4 FA69     		ldr	r2, [r7, #28]
 1178 00a6 9A42     		cmp	r2, r3
 1179 00a8 03D3     		bcc	.L60
 1180              		.loc 1 1296 47 discriminator 1
 1181 00aa FA69     		ldr	r2, [r7, #28]
 1182 00ac 3B6A     		ldr	r3, [r7, #32]
 1183 00ae 9A42     		cmp	r2, r3
 1184 00b0 01D9     		bls	.L59
 1185              	.L60:
1297:Middlewares/Third_Party/FreeRTOS/Source/tasks.c **** 				{
1298:Middlewares/Third_Party/FreeRTOS/Source/tasks.c **** 					xShouldDelay = pdTRUE;
 1186              		.loc 1 1298 19
 1187 00b2 0123     		movs	r3, #1
 1188 00b4 7B62     		str	r3, [r7, #36]
 1189              	.L59:
1299:Middlewares/Third_Party/FreeRTOS/Source/tasks.c **** 				}
1300:Middlewares/Third_Party/FreeRTOS/Source/tasks.c **** 				else
1301:Middlewares/Third_Party/FreeRTOS/Source/tasks.c **** 				{
1302:Middlewares/Third_Party/FreeRTOS/Source/tasks.c **** 					mtCOVERAGE_TEST_MARKER();
1303:Middlewares/Third_Party/FreeRTOS/Source/tasks.c **** 				}
1304:Middlewares/Third_Party/FreeRTOS/Source/tasks.c **** 			}
1305:Middlewares/Third_Party/FreeRTOS/Source/tasks.c **** 
1306:Middlewares/Third_Party/FreeRTOS/Source/tasks.c **** 			/* Update the wake time ready for the next call. */
1307:Middlewares/Third_Party/FreeRTOS/Source/tasks.c **** 			*pxPreviousWakeTime = xTimeToWake;
 1190              		.loc 1 1307 24
 1191 00b6 7B68     		ldr	r3, [r7, #4]
 1192 00b8 FA69     		ldr	r2, [r7, #28]
 1193 00ba 1A60     		str	r2, [r3]
ARM GAS  /tmp/ccsbjPFO.s 			page 48


1308:Middlewares/Third_Party/FreeRTOS/Source/tasks.c **** 
1309:Middlewares/Third_Party/FreeRTOS/Source/tasks.c **** 			if( xShouldDelay != pdFALSE )
 1194              		.loc 1 1309 6
 1195 00bc 7B6A     		ldr	r3, [r7, #36]
 1196 00be 002B     		cmp	r3, #0
 1197 00c0 06D0     		beq	.L61
1310:Middlewares/Third_Party/FreeRTOS/Source/tasks.c **** 			{
1311:Middlewares/Third_Party/FreeRTOS/Source/tasks.c **** 				traceTASK_DELAY_UNTIL( xTimeToWake );
1312:Middlewares/Third_Party/FreeRTOS/Source/tasks.c **** 
1313:Middlewares/Third_Party/FreeRTOS/Source/tasks.c **** 				/* prvAddCurrentTaskToDelayedList() needs the block time, not
1314:Middlewares/Third_Party/FreeRTOS/Source/tasks.c **** 				the time to wake, so subtract the current tick count. */
1315:Middlewares/Third_Party/FreeRTOS/Source/tasks.c **** 				prvAddCurrentTaskToDelayedList( xTimeToWake - xConstTickCount, pdFALSE );
 1198              		.loc 1 1315 5
 1199 00c2 FA69     		ldr	r2, [r7, #28]
 1200 00c4 3B6A     		ldr	r3, [r7, #32]
 1201 00c6 D31A     		subs	r3, r2, r3
 1202 00c8 0021     		movs	r1, #0
 1203 00ca 1846     		mov	r0, r3
 1204 00cc FFF7FEFF 		bl	prvAddCurrentTaskToDelayedList
 1205              	.L61:
 1206              	.LBE144:
1316:Middlewares/Third_Party/FreeRTOS/Source/tasks.c **** 			}
1317:Middlewares/Third_Party/FreeRTOS/Source/tasks.c **** 			else
1318:Middlewares/Third_Party/FreeRTOS/Source/tasks.c **** 			{
1319:Middlewares/Third_Party/FreeRTOS/Source/tasks.c **** 				mtCOVERAGE_TEST_MARKER();
1320:Middlewares/Third_Party/FreeRTOS/Source/tasks.c **** 			}
1321:Middlewares/Third_Party/FreeRTOS/Source/tasks.c **** 		}
1322:Middlewares/Third_Party/FreeRTOS/Source/tasks.c **** 		xAlreadyYielded = xTaskResumeAll();
 1207              		.loc 1 1322 21
 1208 00d0 FFF7FEFF 		bl	xTaskResumeAll
 1209 00d4 B861     		str	r0, [r7, #24]
1323:Middlewares/Third_Party/FreeRTOS/Source/tasks.c **** 
1324:Middlewares/Third_Party/FreeRTOS/Source/tasks.c **** 		/* Force a reschedule if xTaskResumeAll has not already done so, we may
1325:Middlewares/Third_Party/FreeRTOS/Source/tasks.c **** 		have put ourselves to sleep. */
1326:Middlewares/Third_Party/FreeRTOS/Source/tasks.c **** 		if( xAlreadyYielded == pdFALSE )
 1210              		.loc 1 1326 5
 1211 00d6 BB69     		ldr	r3, [r7, #24]
 1212 00d8 002B     		cmp	r3, #0
 1213 00da 07D1     		bne	.L63
1327:Middlewares/Third_Party/FreeRTOS/Source/tasks.c **** 		{
1328:Middlewares/Third_Party/FreeRTOS/Source/tasks.c **** 			portYIELD_WITHIN_API();
 1214              		.loc 1 1328 4
 1215 00dc 074B     		ldr	r3, .L64+8
 1216 00de 4FF08052 		mov	r2, #268435456
 1217 00e2 1A60     		str	r2, [r3]
 1218              		.syntax unified
 1219              	@ 1328 "Middlewares/Third_Party/FreeRTOS/Source/tasks.c" 1
 1220 00e4 BFF34F8F 		dsb
 1221              	@ 0 "" 2
 1222              	@ 1328 "Middlewares/Third_Party/FreeRTOS/Source/tasks.c" 1
 1223 00e8 BFF36F8F 		isb
 1224              	@ 0 "" 2
 1225              		.thumb
 1226              		.syntax unified
 1227              	.L63:
1329:Middlewares/Third_Party/FreeRTOS/Source/tasks.c **** 		}
1330:Middlewares/Third_Party/FreeRTOS/Source/tasks.c **** 		else
ARM GAS  /tmp/ccsbjPFO.s 			page 49


1331:Middlewares/Third_Party/FreeRTOS/Source/tasks.c **** 		{
1332:Middlewares/Third_Party/FreeRTOS/Source/tasks.c **** 			mtCOVERAGE_TEST_MARKER();
1333:Middlewares/Third_Party/FreeRTOS/Source/tasks.c **** 		}
1334:Middlewares/Third_Party/FreeRTOS/Source/tasks.c **** 	}
 1228              		.loc 1 1334 2
 1229 00ec 00BF     		nop
 1230 00ee 2837     		adds	r7, r7, #40
 1231              	.LCFI28:
 1232              		.cfi_def_cfa_offset 8
 1233 00f0 BD46     		mov	sp, r7
 1234              	.LCFI29:
 1235              		.cfi_def_cfa_register 13
 1236              		@ sp needed
 1237 00f2 80BD     		pop	{r7, pc}
 1238              	.L65:
 1239              		.align	2
 1240              	.L64:
 1241 00f4 00000000 		.word	uxSchedulerSuspended
 1242 00f8 00000000 		.word	xTickCount
 1243 00fc 04ED00E0 		.word	-536810236
 1244              		.cfi_endproc
 1245              	.LFE9:
 1247              		.section	.text.vTaskDelay,"ax",%progbits
 1248              		.align	1
 1249              		.global	vTaskDelay
 1250              		.syntax unified
 1251              		.thumb
 1252              		.thumb_func
 1254              	vTaskDelay:
 1255              	.LFB10:
1335:Middlewares/Third_Party/FreeRTOS/Source/tasks.c **** 
1336:Middlewares/Third_Party/FreeRTOS/Source/tasks.c **** #endif /* INCLUDE_vTaskDelayUntil */
1337:Middlewares/Third_Party/FreeRTOS/Source/tasks.c **** /*-----------------------------------------------------------*/
1338:Middlewares/Third_Party/FreeRTOS/Source/tasks.c **** 
1339:Middlewares/Third_Party/FreeRTOS/Source/tasks.c **** #if ( INCLUDE_vTaskDelay == 1 )
1340:Middlewares/Third_Party/FreeRTOS/Source/tasks.c **** 
1341:Middlewares/Third_Party/FreeRTOS/Source/tasks.c **** 	void vTaskDelay( const TickType_t xTicksToDelay )
1342:Middlewares/Third_Party/FreeRTOS/Source/tasks.c **** 	{
 1256              		.loc 1 1342 2
 1257              		.cfi_startproc
 1258              		@ args = 0, pretend = 0, frame = 16
 1259              		@ frame_needed = 1, uses_anonymous_args = 0
 1260 0000 80B5     		push	{r7, lr}
 1261              	.LCFI30:
 1262              		.cfi_def_cfa_offset 8
 1263              		.cfi_offset 7, -8
 1264              		.cfi_offset 14, -4
 1265 0002 84B0     		sub	sp, sp, #16
 1266              	.LCFI31:
 1267              		.cfi_def_cfa_offset 24
 1268 0004 00AF     		add	r7, sp, #0
 1269              	.LCFI32:
 1270              		.cfi_def_cfa_register 7
 1271 0006 7860     		str	r0, [r7, #4]
1343:Middlewares/Third_Party/FreeRTOS/Source/tasks.c **** 	BaseType_t xAlreadyYielded = pdFALSE;
 1272              		.loc 1 1343 13
 1273 0008 0023     		movs	r3, #0
ARM GAS  /tmp/ccsbjPFO.s 			page 50


 1274 000a FB60     		str	r3, [r7, #12]
1344:Middlewares/Third_Party/FreeRTOS/Source/tasks.c **** 
1345:Middlewares/Third_Party/FreeRTOS/Source/tasks.c **** 		/* A delay time of zero just forces a reschedule. */
1346:Middlewares/Third_Party/FreeRTOS/Source/tasks.c **** 		if( xTicksToDelay > ( TickType_t ) 0U )
 1275              		.loc 1 1346 5
 1276 000c 7B68     		ldr	r3, [r7, #4]
 1277 000e 002B     		cmp	r3, #0
 1278 0010 18D0     		beq	.L67
1347:Middlewares/Third_Party/FreeRTOS/Source/tasks.c **** 		{
1348:Middlewares/Third_Party/FreeRTOS/Source/tasks.c **** 			configASSERT( uxSchedulerSuspended == 0 );
 1279              		.loc 1 1348 4
 1280 0012 144B     		ldr	r3, .L72
 1281 0014 1B68     		ldr	r3, [r3]
 1282 0016 002B     		cmp	r3, #0
 1283 0018 0BD0     		beq	.L68
 1284              	.LBB145:
 1285              	.LBB146:
 195:Middlewares/Third_Party/FreeRTOS/Source/portable/GCC/ARM_CM4F/portmacro.h **** 	(
 1286              		.loc 2 195 2
 1287              		.syntax unified
 1288              	@ 195 "Middlewares/Third_Party/FreeRTOS/Source/portable/GCC/ARM_CM4F/portmacro.h" 1
 1289 001a 4FF05003 			mov r3, #80												
 1290 001e 83F31188 		msr basepri, r3											
 1291 0022 BFF36F8F 		isb														
 1292 0026 BFF34F8F 		dsb														
 1293              	
 1294              	@ 0 "" 2
 1295              		.thumb
 1296              		.syntax unified
 1297 002a BB60     		str	r3, [r7, #8]
 1298              		.loc 2 203 1
 1299 002c 00BF     		nop
 1300              	.L69:
 1301              	.LBE146:
 1302              	.LBE145:
 1303              		.loc 1 1348 4
 1304 002e 00BF     		nop
 1305 0030 FDE7     		b	.L69
 1306              	.L68:
1349:Middlewares/Third_Party/FreeRTOS/Source/tasks.c **** 			vTaskSuspendAll();
 1307              		.loc 1 1349 4
 1308 0032 FFF7FEFF 		bl	vTaskSuspendAll
1350:Middlewares/Third_Party/FreeRTOS/Source/tasks.c **** 			{
1351:Middlewares/Third_Party/FreeRTOS/Source/tasks.c **** 				traceTASK_DELAY();
1352:Middlewares/Third_Party/FreeRTOS/Source/tasks.c **** 
1353:Middlewares/Third_Party/FreeRTOS/Source/tasks.c **** 				/* A task that is removed from the event list while the
1354:Middlewares/Third_Party/FreeRTOS/Source/tasks.c **** 				scheduler is suspended will not get placed in the ready
1355:Middlewares/Third_Party/FreeRTOS/Source/tasks.c **** 				list or removed from the blocked list until the scheduler
1356:Middlewares/Third_Party/FreeRTOS/Source/tasks.c **** 				is resumed.
1357:Middlewares/Third_Party/FreeRTOS/Source/tasks.c **** 
1358:Middlewares/Third_Party/FreeRTOS/Source/tasks.c **** 				This task cannot be in an event list as it is the currently
1359:Middlewares/Third_Party/FreeRTOS/Source/tasks.c **** 				executing task. */
1360:Middlewares/Third_Party/FreeRTOS/Source/tasks.c **** 				prvAddCurrentTaskToDelayedList( xTicksToDelay, pdFALSE );
 1309              		.loc 1 1360 5
 1310 0036 0021     		movs	r1, #0
 1311 0038 7868     		ldr	r0, [r7, #4]
 1312 003a FFF7FEFF 		bl	prvAddCurrentTaskToDelayedList
ARM GAS  /tmp/ccsbjPFO.s 			page 51


1361:Middlewares/Third_Party/FreeRTOS/Source/tasks.c **** 			}
1362:Middlewares/Third_Party/FreeRTOS/Source/tasks.c **** 			xAlreadyYielded = xTaskResumeAll();
 1313              		.loc 1 1362 22
 1314 003e FFF7FEFF 		bl	xTaskResumeAll
 1315 0042 F860     		str	r0, [r7, #12]
 1316              	.L67:
1363:Middlewares/Third_Party/FreeRTOS/Source/tasks.c **** 		}
1364:Middlewares/Third_Party/FreeRTOS/Source/tasks.c **** 		else
1365:Middlewares/Third_Party/FreeRTOS/Source/tasks.c **** 		{
1366:Middlewares/Third_Party/FreeRTOS/Source/tasks.c **** 			mtCOVERAGE_TEST_MARKER();
1367:Middlewares/Third_Party/FreeRTOS/Source/tasks.c **** 		}
1368:Middlewares/Third_Party/FreeRTOS/Source/tasks.c **** 
1369:Middlewares/Third_Party/FreeRTOS/Source/tasks.c **** 		/* Force a reschedule if xTaskResumeAll has not already done so, we may
1370:Middlewares/Third_Party/FreeRTOS/Source/tasks.c **** 		have put ourselves to sleep. */
1371:Middlewares/Third_Party/FreeRTOS/Source/tasks.c **** 		if( xAlreadyYielded == pdFALSE )
 1317              		.loc 1 1371 5
 1318 0044 FB68     		ldr	r3, [r7, #12]
 1319 0046 002B     		cmp	r3, #0
 1320 0048 07D1     		bne	.L71
1372:Middlewares/Third_Party/FreeRTOS/Source/tasks.c **** 		{
1373:Middlewares/Third_Party/FreeRTOS/Source/tasks.c **** 			portYIELD_WITHIN_API();
 1321              		.loc 1 1373 4
 1322 004a 074B     		ldr	r3, .L72+4
 1323 004c 4FF08052 		mov	r2, #268435456
 1324 0050 1A60     		str	r2, [r3]
 1325              		.syntax unified
 1326              	@ 1373 "Middlewares/Third_Party/FreeRTOS/Source/tasks.c" 1
 1327 0052 BFF34F8F 		dsb
 1328              	@ 0 "" 2
 1329              	@ 1373 "Middlewares/Third_Party/FreeRTOS/Source/tasks.c" 1
 1330 0056 BFF36F8F 		isb
 1331              	@ 0 "" 2
 1332              		.thumb
 1333              		.syntax unified
 1334              	.L71:
1374:Middlewares/Third_Party/FreeRTOS/Source/tasks.c **** 		}
1375:Middlewares/Third_Party/FreeRTOS/Source/tasks.c **** 		else
1376:Middlewares/Third_Party/FreeRTOS/Source/tasks.c **** 		{
1377:Middlewares/Third_Party/FreeRTOS/Source/tasks.c **** 			mtCOVERAGE_TEST_MARKER();
1378:Middlewares/Third_Party/FreeRTOS/Source/tasks.c **** 		}
1379:Middlewares/Third_Party/FreeRTOS/Source/tasks.c **** 	}
 1335              		.loc 1 1379 2
 1336 005a 00BF     		nop
 1337 005c 1037     		adds	r7, r7, #16
 1338              	.LCFI33:
 1339              		.cfi_def_cfa_offset 8
 1340 005e BD46     		mov	sp, r7
 1341              	.LCFI34:
 1342              		.cfi_def_cfa_register 13
 1343              		@ sp needed
 1344 0060 80BD     		pop	{r7, pc}
 1345              	.L73:
 1346 0062 00BF     		.align	2
 1347              	.L72:
 1348 0064 00000000 		.word	uxSchedulerSuspended
 1349 0068 04ED00E0 		.word	-536810236
 1350              		.cfi_endproc
ARM GAS  /tmp/ccsbjPFO.s 			page 52


 1351              	.LFE10:
 1353              		.section	.text.eTaskGetState,"ax",%progbits
 1354              		.align	1
 1355              		.global	eTaskGetState
 1356              		.syntax unified
 1357              		.thumb
 1358              		.thumb_func
 1360              	eTaskGetState:
 1361              	.LFB11:
1380:Middlewares/Third_Party/FreeRTOS/Source/tasks.c **** 
1381:Middlewares/Third_Party/FreeRTOS/Source/tasks.c **** #endif /* INCLUDE_vTaskDelay */
1382:Middlewares/Third_Party/FreeRTOS/Source/tasks.c **** /*-----------------------------------------------------------*/
1383:Middlewares/Third_Party/FreeRTOS/Source/tasks.c **** 
1384:Middlewares/Third_Party/FreeRTOS/Source/tasks.c **** #if( ( INCLUDE_eTaskGetState == 1 ) || ( configUSE_TRACE_FACILITY == 1 ) || ( INCLUDE_xTaskAbortDel
1385:Middlewares/Third_Party/FreeRTOS/Source/tasks.c **** 
1386:Middlewares/Third_Party/FreeRTOS/Source/tasks.c **** 	eTaskState eTaskGetState( TaskHandle_t xTask )
1387:Middlewares/Third_Party/FreeRTOS/Source/tasks.c **** 	{
 1362              		.loc 1 1387 2
 1363              		.cfi_startproc
 1364              		@ args = 0, pretend = 0, frame = 32
 1365              		@ frame_needed = 1, uses_anonymous_args = 0
 1366 0000 80B5     		push	{r7, lr}
 1367              	.LCFI35:
 1368              		.cfi_def_cfa_offset 8
 1369              		.cfi_offset 7, -8
 1370              		.cfi_offset 14, -4
 1371 0002 88B0     		sub	sp, sp, #32
 1372              	.LCFI36:
 1373              		.cfi_def_cfa_offset 40
 1374 0004 00AF     		add	r7, sp, #0
 1375              	.LCFI37:
 1376              		.cfi_def_cfa_register 7
 1377 0006 7860     		str	r0, [r7, #4]
1388:Middlewares/Third_Party/FreeRTOS/Source/tasks.c **** 	eTaskState eReturn;
1389:Middlewares/Third_Party/FreeRTOS/Source/tasks.c **** 	List_t const * pxStateList, *pxDelayedList, *pxOverflowedDelayedList;
1390:Middlewares/Third_Party/FreeRTOS/Source/tasks.c **** 	const TCB_t * const pxTCB = xTask;
 1378              		.loc 1 1390 22
 1379 0008 7B68     		ldr	r3, [r7, #4]
 1380 000a BB61     		str	r3, [r7, #24]
1391:Middlewares/Third_Party/FreeRTOS/Source/tasks.c **** 
1392:Middlewares/Third_Party/FreeRTOS/Source/tasks.c **** 		configASSERT( pxTCB );
 1381              		.loc 1 1392 3
 1382 000c BB69     		ldr	r3, [r7, #24]
 1383 000e 002B     		cmp	r3, #0
 1384 0010 0BD1     		bne	.L75
 1385              	.LBB147:
 1386              	.LBB148:
 195:Middlewares/Third_Party/FreeRTOS/Source/portable/GCC/ARM_CM4F/portmacro.h **** 	(
 1387              		.loc 2 195 2
 1388              		.syntax unified
 1389              	@ 195 "Middlewares/Third_Party/FreeRTOS/Source/portable/GCC/ARM_CM4F/portmacro.h" 1
 1390 0012 4FF05003 			mov r3, #80												
 1391 0016 83F31188 		msr basepri, r3											
 1392 001a BFF36F8F 		isb														
 1393 001e BFF34F8F 		dsb														
 1394              	
 1395              	@ 0 "" 2
ARM GAS  /tmp/ccsbjPFO.s 			page 53


 1396              		.thumb
 1397              		.syntax unified
 1398 0022 BB60     		str	r3, [r7, #8]
 1399              		.loc 2 203 1
 1400 0024 00BF     		nop
 1401              	.L76:
 1402              	.LBE148:
 1403              	.LBE147:
 1404              		.loc 1 1392 3
 1405 0026 00BF     		nop
 1406 0028 FDE7     		b	.L76
 1407              	.L75:
1393:Middlewares/Third_Party/FreeRTOS/Source/tasks.c **** 
1394:Middlewares/Third_Party/FreeRTOS/Source/tasks.c **** 		if( pxTCB == pxCurrentTCB )
 1408              		.loc 1 1394 13
 1409 002a 244B     		ldr	r3, .L87
 1410 002c 1B68     		ldr	r3, [r3]
 1411              		.loc 1 1394 5
 1412 002e BA69     		ldr	r2, [r7, #24]
 1413 0030 9A42     		cmp	r2, r3
 1414 0032 02D1     		bne	.L77
1395:Middlewares/Third_Party/FreeRTOS/Source/tasks.c **** 		{
1396:Middlewares/Third_Party/FreeRTOS/Source/tasks.c **** 			/* The task calling this function is querying its own state. */
1397:Middlewares/Third_Party/FreeRTOS/Source/tasks.c **** 			eReturn = eRunning;
 1415              		.loc 1 1397 12
 1416 0034 0023     		movs	r3, #0
 1417 0036 FB77     		strb	r3, [r7, #31]
 1418 0038 3AE0     		b	.L78
 1419              	.L77:
1398:Middlewares/Third_Party/FreeRTOS/Source/tasks.c **** 		}
1399:Middlewares/Third_Party/FreeRTOS/Source/tasks.c **** 		else
1400:Middlewares/Third_Party/FreeRTOS/Source/tasks.c **** 		{
1401:Middlewares/Third_Party/FreeRTOS/Source/tasks.c **** 			taskENTER_CRITICAL();
 1420              		.loc 1 1401 4
 1421 003a FFF7FEFF 		bl	vPortEnterCritical
1402:Middlewares/Third_Party/FreeRTOS/Source/tasks.c **** 			{
1403:Middlewares/Third_Party/FreeRTOS/Source/tasks.c **** 				pxStateList = listLIST_ITEM_CONTAINER( &( pxTCB->xStateListItem ) );
 1422              		.loc 1 1403 17
 1423 003e BB69     		ldr	r3, [r7, #24]
 1424 0040 5B69     		ldr	r3, [r3, #20]
 1425 0042 7B61     		str	r3, [r7, #20]
1404:Middlewares/Third_Party/FreeRTOS/Source/tasks.c **** 				pxDelayedList = pxDelayedTaskList;
 1426              		.loc 1 1404 19
 1427 0044 1E4B     		ldr	r3, .L87+4
 1428 0046 1B68     		ldr	r3, [r3]
 1429 0048 3B61     		str	r3, [r7, #16]
1405:Middlewares/Third_Party/FreeRTOS/Source/tasks.c **** 				pxOverflowedDelayedList = pxOverflowDelayedTaskList;
 1430              		.loc 1 1405 29
 1431 004a 1E4B     		ldr	r3, .L87+8
 1432 004c 1B68     		ldr	r3, [r3]
 1433 004e FB60     		str	r3, [r7, #12]
1406:Middlewares/Third_Party/FreeRTOS/Source/tasks.c **** 			}
1407:Middlewares/Third_Party/FreeRTOS/Source/tasks.c **** 			taskEXIT_CRITICAL();
 1434              		.loc 1 1407 4
 1435 0050 FFF7FEFF 		bl	vPortExitCritical
1408:Middlewares/Third_Party/FreeRTOS/Source/tasks.c **** 
1409:Middlewares/Third_Party/FreeRTOS/Source/tasks.c **** 			if( ( pxStateList == pxDelayedList ) || ( pxStateList == pxOverflowedDelayedList ) )
ARM GAS  /tmp/ccsbjPFO.s 			page 54


 1436              		.loc 1 1409 6
 1437 0054 7A69     		ldr	r2, [r7, #20]
 1438 0056 3B69     		ldr	r3, [r7, #16]
 1439 0058 9A42     		cmp	r2, r3
 1440 005a 03D0     		beq	.L79
 1441              		.loc 1 1409 41 discriminator 1
 1442 005c 7A69     		ldr	r2, [r7, #20]
 1443 005e FB68     		ldr	r3, [r7, #12]
 1444 0060 9A42     		cmp	r2, r3
 1445 0062 02D1     		bne	.L80
 1446              	.L79:
1410:Middlewares/Third_Party/FreeRTOS/Source/tasks.c **** 			{
1411:Middlewares/Third_Party/FreeRTOS/Source/tasks.c **** 				/* The task being queried is referenced from one of the Blocked
1412:Middlewares/Third_Party/FreeRTOS/Source/tasks.c **** 				lists. */
1413:Middlewares/Third_Party/FreeRTOS/Source/tasks.c **** 				eReturn = eBlocked;
 1447              		.loc 1 1413 13
 1448 0064 0223     		movs	r3, #2
 1449 0066 FB77     		strb	r3, [r7, #31]
 1450 0068 22E0     		b	.L78
 1451              	.L80:
1414:Middlewares/Third_Party/FreeRTOS/Source/tasks.c **** 			}
1415:Middlewares/Third_Party/FreeRTOS/Source/tasks.c **** 
1416:Middlewares/Third_Party/FreeRTOS/Source/tasks.c **** 			#if ( INCLUDE_vTaskSuspend == 1 )
1417:Middlewares/Third_Party/FreeRTOS/Source/tasks.c **** 				else if( pxStateList == &xSuspendedTaskList )
 1452              		.loc 1 1417 12
 1453 006a 7B69     		ldr	r3, [r7, #20]
 1454 006c 164A     		ldr	r2, .L87+12
 1455 006e 9342     		cmp	r3, r2
 1456 0070 12D1     		bne	.L81
1418:Middlewares/Third_Party/FreeRTOS/Source/tasks.c **** 				{
1419:Middlewares/Third_Party/FreeRTOS/Source/tasks.c **** 					/* The task being queried is referenced from the suspended
1420:Middlewares/Third_Party/FreeRTOS/Source/tasks.c **** 					list.  Is it genuinely suspended or is it blocked
1421:Middlewares/Third_Party/FreeRTOS/Source/tasks.c **** 					indefinitely? */
1422:Middlewares/Third_Party/FreeRTOS/Source/tasks.c **** 					if( listLIST_ITEM_CONTAINER( &( pxTCB->xEventListItem ) ) == NULL )
 1457              		.loc 1 1422 10
 1458 0072 BB69     		ldr	r3, [r7, #24]
 1459 0074 9B6A     		ldr	r3, [r3, #40]
 1460              		.loc 1 1422 8
 1461 0076 002B     		cmp	r3, #0
 1462 0078 0BD1     		bne	.L82
1423:Middlewares/Third_Party/FreeRTOS/Source/tasks.c **** 					{
1424:Middlewares/Third_Party/FreeRTOS/Source/tasks.c **** 						#if( configUSE_TASK_NOTIFICATIONS == 1 )
1425:Middlewares/Third_Party/FreeRTOS/Source/tasks.c **** 						{
1426:Middlewares/Third_Party/FreeRTOS/Source/tasks.c **** 							/* The task does not appear on the event list item of
1427:Middlewares/Third_Party/FreeRTOS/Source/tasks.c **** 							and of the RTOS objects, but could still be in the
1428:Middlewares/Third_Party/FreeRTOS/Source/tasks.c **** 							blocked state if it is waiting on its notification
1429:Middlewares/Third_Party/FreeRTOS/Source/tasks.c **** 							rather than waiting on an object. */
1430:Middlewares/Third_Party/FreeRTOS/Source/tasks.c **** 							if( pxTCB->ucNotifyState == taskWAITING_NOTIFICATION )
 1463              		.loc 1 1430 17
 1464 007a BB69     		ldr	r3, [r7, #24]
 1465 007c 93F86030 		ldrb	r3, [r3, #96]
 1466 0080 DBB2     		uxtb	r3, r3
 1467              		.loc 1 1430 10
 1468 0082 012B     		cmp	r3, #1
 1469 0084 02D1     		bne	.L83
1431:Middlewares/Third_Party/FreeRTOS/Source/tasks.c **** 							{
1432:Middlewares/Third_Party/FreeRTOS/Source/tasks.c **** 								eReturn = eBlocked;
ARM GAS  /tmp/ccsbjPFO.s 			page 55


 1470              		.loc 1 1432 17
 1471 0086 0223     		movs	r3, #2
 1472 0088 FB77     		strb	r3, [r7, #31]
 1473 008a 11E0     		b	.L78
 1474              	.L83:
1433:Middlewares/Third_Party/FreeRTOS/Source/tasks.c **** 							}
1434:Middlewares/Third_Party/FreeRTOS/Source/tasks.c **** 							else
1435:Middlewares/Third_Party/FreeRTOS/Source/tasks.c **** 							{
1436:Middlewares/Third_Party/FreeRTOS/Source/tasks.c **** 								eReturn = eSuspended;
 1475              		.loc 1 1436 17
 1476 008c 0323     		movs	r3, #3
 1477 008e FB77     		strb	r3, [r7, #31]
 1478 0090 0EE0     		b	.L78
 1479              	.L82:
1437:Middlewares/Third_Party/FreeRTOS/Source/tasks.c **** 							}
1438:Middlewares/Third_Party/FreeRTOS/Source/tasks.c **** 						}
1439:Middlewares/Third_Party/FreeRTOS/Source/tasks.c **** 						#else
1440:Middlewares/Third_Party/FreeRTOS/Source/tasks.c **** 						{
1441:Middlewares/Third_Party/FreeRTOS/Source/tasks.c **** 							eReturn = eSuspended;
1442:Middlewares/Third_Party/FreeRTOS/Source/tasks.c **** 						}
1443:Middlewares/Third_Party/FreeRTOS/Source/tasks.c **** 						#endif
1444:Middlewares/Third_Party/FreeRTOS/Source/tasks.c **** 					}
1445:Middlewares/Third_Party/FreeRTOS/Source/tasks.c **** 					else
1446:Middlewares/Third_Party/FreeRTOS/Source/tasks.c **** 					{
1447:Middlewares/Third_Party/FreeRTOS/Source/tasks.c **** 						eReturn = eBlocked;
 1480              		.loc 1 1447 15
 1481 0092 0223     		movs	r3, #2
 1482 0094 FB77     		strb	r3, [r7, #31]
 1483 0096 0BE0     		b	.L78
 1484              	.L81:
1448:Middlewares/Third_Party/FreeRTOS/Source/tasks.c **** 					}
1449:Middlewares/Third_Party/FreeRTOS/Source/tasks.c **** 				}
1450:Middlewares/Third_Party/FreeRTOS/Source/tasks.c **** 			#endif
1451:Middlewares/Third_Party/FreeRTOS/Source/tasks.c **** 
1452:Middlewares/Third_Party/FreeRTOS/Source/tasks.c **** 			#if ( INCLUDE_vTaskDelete == 1 )
1453:Middlewares/Third_Party/FreeRTOS/Source/tasks.c **** 				else if( ( pxStateList == &xTasksWaitingTermination ) || ( pxStateList == NULL ) )
 1485              		.loc 1 1453 12
 1486 0098 7B69     		ldr	r3, [r7, #20]
 1487 009a 0C4A     		ldr	r2, .L87+16
 1488 009c 9342     		cmp	r3, r2
 1489 009e 02D0     		beq	.L84
 1490              		.loc 1 1453 59 discriminator 1
 1491 00a0 7B69     		ldr	r3, [r7, #20]
 1492 00a2 002B     		cmp	r3, #0
 1493 00a4 02D1     		bne	.L85
 1494              	.L84:
1454:Middlewares/Third_Party/FreeRTOS/Source/tasks.c **** 				{
1455:Middlewares/Third_Party/FreeRTOS/Source/tasks.c **** 					/* The task being queried is referenced from the deleted
1456:Middlewares/Third_Party/FreeRTOS/Source/tasks.c **** 					tasks list, or it is not referenced from any lists at
1457:Middlewares/Third_Party/FreeRTOS/Source/tasks.c **** 					all. */
1458:Middlewares/Third_Party/FreeRTOS/Source/tasks.c **** 					eReturn = eDeleted;
 1495              		.loc 1 1458 14
 1496 00a6 0423     		movs	r3, #4
 1497 00a8 FB77     		strb	r3, [r7, #31]
 1498 00aa 01E0     		b	.L78
 1499              	.L85:
1459:Middlewares/Third_Party/FreeRTOS/Source/tasks.c **** 				}
ARM GAS  /tmp/ccsbjPFO.s 			page 56


1460:Middlewares/Third_Party/FreeRTOS/Source/tasks.c **** 			#endif
1461:Middlewares/Third_Party/FreeRTOS/Source/tasks.c **** 
1462:Middlewares/Third_Party/FreeRTOS/Source/tasks.c **** 			else /*lint !e525 Negative indentation is intended to make use of pre-processor clearer. */
1463:Middlewares/Third_Party/FreeRTOS/Source/tasks.c **** 			{
1464:Middlewares/Third_Party/FreeRTOS/Source/tasks.c **** 				/* If the task is not in any other state, it must be in the
1465:Middlewares/Third_Party/FreeRTOS/Source/tasks.c **** 				Ready (including pending ready) state. */
1466:Middlewares/Third_Party/FreeRTOS/Source/tasks.c **** 				eReturn = eReady;
 1500              		.loc 1 1466 13
 1501 00ac 0123     		movs	r3, #1
 1502 00ae FB77     		strb	r3, [r7, #31]
 1503              	.L78:
1467:Middlewares/Third_Party/FreeRTOS/Source/tasks.c **** 			}
1468:Middlewares/Third_Party/FreeRTOS/Source/tasks.c **** 		}
1469:Middlewares/Third_Party/FreeRTOS/Source/tasks.c **** 
1470:Middlewares/Third_Party/FreeRTOS/Source/tasks.c **** 		return eReturn;
 1504              		.loc 1 1470 10
 1505 00b0 FB7F     		ldrb	r3, [r7, #31]	@ zero_extendqisi2
1471:Middlewares/Third_Party/FreeRTOS/Source/tasks.c **** 	} /*lint !e818 xTask cannot be a pointer to const because it is a typedef. */
 1506              		.loc 1 1471 2
 1507 00b2 1846     		mov	r0, r3
 1508 00b4 2037     		adds	r7, r7, #32
 1509              	.LCFI38:
 1510              		.cfi_def_cfa_offset 8
 1511 00b6 BD46     		mov	sp, r7
 1512              	.LCFI39:
 1513              		.cfi_def_cfa_register 13
 1514              		@ sp needed
 1515 00b8 80BD     		pop	{r7, pc}
 1516              	.L88:
 1517 00ba 00BF     		.align	2
 1518              	.L87:
 1519 00bc 00000000 		.word	pxCurrentTCB
 1520 00c0 00000000 		.word	pxDelayedTaskList
 1521 00c4 00000000 		.word	pxOverflowDelayedTaskList
 1522 00c8 00000000 		.word	xSuspendedTaskList
 1523 00cc 00000000 		.word	xTasksWaitingTermination
 1524              		.cfi_endproc
 1525              	.LFE11:
 1527              		.section	.text.uxTaskPriorityGet,"ax",%progbits
 1528              		.align	1
 1529              		.global	uxTaskPriorityGet
 1530              		.syntax unified
 1531              		.thumb
 1532              		.thumb_func
 1534              	uxTaskPriorityGet:
 1535              	.LFB12:
1472:Middlewares/Third_Party/FreeRTOS/Source/tasks.c **** 
1473:Middlewares/Third_Party/FreeRTOS/Source/tasks.c **** #endif /* INCLUDE_eTaskGetState */
1474:Middlewares/Third_Party/FreeRTOS/Source/tasks.c **** /*-----------------------------------------------------------*/
1475:Middlewares/Third_Party/FreeRTOS/Source/tasks.c **** 
1476:Middlewares/Third_Party/FreeRTOS/Source/tasks.c **** #if ( INCLUDE_uxTaskPriorityGet == 1 )
1477:Middlewares/Third_Party/FreeRTOS/Source/tasks.c **** 
1478:Middlewares/Third_Party/FreeRTOS/Source/tasks.c **** 	UBaseType_t uxTaskPriorityGet( const TaskHandle_t xTask )
1479:Middlewares/Third_Party/FreeRTOS/Source/tasks.c **** 	{
 1536              		.loc 1 1479 2
 1537              		.cfi_startproc
 1538              		@ args = 0, pretend = 0, frame = 16
ARM GAS  /tmp/ccsbjPFO.s 			page 57


 1539              		@ frame_needed = 1, uses_anonymous_args = 0
 1540 0000 80B5     		push	{r7, lr}
 1541              	.LCFI40:
 1542              		.cfi_def_cfa_offset 8
 1543              		.cfi_offset 7, -8
 1544              		.cfi_offset 14, -4
 1545 0002 84B0     		sub	sp, sp, #16
 1546              	.LCFI41:
 1547              		.cfi_def_cfa_offset 24
 1548 0004 00AF     		add	r7, sp, #0
 1549              	.LCFI42:
 1550              		.cfi_def_cfa_register 7
 1551 0006 7860     		str	r0, [r7, #4]
1480:Middlewares/Third_Party/FreeRTOS/Source/tasks.c **** 	TCB_t const *pxTCB;
1481:Middlewares/Third_Party/FreeRTOS/Source/tasks.c **** 	UBaseType_t uxReturn;
1482:Middlewares/Third_Party/FreeRTOS/Source/tasks.c **** 
1483:Middlewares/Third_Party/FreeRTOS/Source/tasks.c **** 		taskENTER_CRITICAL();
 1552              		.loc 1 1483 3
 1553 0008 FFF7FEFF 		bl	vPortEnterCritical
1484:Middlewares/Third_Party/FreeRTOS/Source/tasks.c **** 		{
1485:Middlewares/Third_Party/FreeRTOS/Source/tasks.c **** 			/* If null is passed in here then it is the priority of the task
1486:Middlewares/Third_Party/FreeRTOS/Source/tasks.c **** 			that called uxTaskPriorityGet() that is being queried. */
1487:Middlewares/Third_Party/FreeRTOS/Source/tasks.c **** 			pxTCB = prvGetTCBFromHandle( xTask );
 1554              		.loc 1 1487 12
 1555 000c 7B68     		ldr	r3, [r7, #4]
 1556 000e 002B     		cmp	r3, #0
 1557 0010 03D1     		bne	.L90
 1558              		.loc 1 1487 10 discriminator 1
 1559 0012 084B     		ldr	r3, .L93
 1560 0014 1B68     		ldr	r3, [r3]
 1561 0016 FB60     		str	r3, [r7, #12]
 1562 0018 01E0     		b	.L91
 1563              	.L90:
 1564              		.loc 1 1487 10 is_stmt 0 discriminator 2
 1565 001a 7B68     		ldr	r3, [r7, #4]
 1566 001c FB60     		str	r3, [r7, #12]
 1567              	.L91:
1488:Middlewares/Third_Party/FreeRTOS/Source/tasks.c **** 			uxReturn = pxTCB->uxPriority;
 1568              		.loc 1 1488 13 is_stmt 1
 1569 001e FB68     		ldr	r3, [r7, #12]
 1570 0020 DB6A     		ldr	r3, [r3, #44]
 1571 0022 BB60     		str	r3, [r7, #8]
1489:Middlewares/Third_Party/FreeRTOS/Source/tasks.c **** 		}
1490:Middlewares/Third_Party/FreeRTOS/Source/tasks.c **** 		taskEXIT_CRITICAL();
 1572              		.loc 1 1490 3
 1573 0024 FFF7FEFF 		bl	vPortExitCritical
1491:Middlewares/Third_Party/FreeRTOS/Source/tasks.c **** 
1492:Middlewares/Third_Party/FreeRTOS/Source/tasks.c **** 		return uxReturn;
 1574              		.loc 1 1492 10
 1575 0028 BB68     		ldr	r3, [r7, #8]
1493:Middlewares/Third_Party/FreeRTOS/Source/tasks.c **** 	}
 1576              		.loc 1 1493 2
 1577 002a 1846     		mov	r0, r3
 1578 002c 1037     		adds	r7, r7, #16
 1579              	.LCFI43:
 1580              		.cfi_def_cfa_offset 8
 1581 002e BD46     		mov	sp, r7
ARM GAS  /tmp/ccsbjPFO.s 			page 58


 1582              	.LCFI44:
 1583              		.cfi_def_cfa_register 13
 1584              		@ sp needed
 1585 0030 80BD     		pop	{r7, pc}
 1586              	.L94:
 1587 0032 00BF     		.align	2
 1588              	.L93:
 1589 0034 00000000 		.word	pxCurrentTCB
 1590              		.cfi_endproc
 1591              	.LFE12:
 1593              		.section	.text.uxTaskPriorityGetFromISR,"ax",%progbits
 1594              		.align	1
 1595              		.global	uxTaskPriorityGetFromISR
 1596              		.syntax unified
 1597              		.thumb
 1598              		.thumb_func
 1600              	uxTaskPriorityGetFromISR:
 1601              	.LFB13:
1494:Middlewares/Third_Party/FreeRTOS/Source/tasks.c **** 
1495:Middlewares/Third_Party/FreeRTOS/Source/tasks.c **** #endif /* INCLUDE_uxTaskPriorityGet */
1496:Middlewares/Third_Party/FreeRTOS/Source/tasks.c **** /*-----------------------------------------------------------*/
1497:Middlewares/Third_Party/FreeRTOS/Source/tasks.c **** 
1498:Middlewares/Third_Party/FreeRTOS/Source/tasks.c **** #if ( INCLUDE_uxTaskPriorityGet == 1 )
1499:Middlewares/Third_Party/FreeRTOS/Source/tasks.c **** 
1500:Middlewares/Third_Party/FreeRTOS/Source/tasks.c **** 	UBaseType_t uxTaskPriorityGetFromISR( const TaskHandle_t xTask )
1501:Middlewares/Third_Party/FreeRTOS/Source/tasks.c **** 	{
 1602              		.loc 1 1501 2
 1603              		.cfi_startproc
 1604              		@ args = 0, pretend = 0, frame = 32
 1605              		@ frame_needed = 1, uses_anonymous_args = 0
 1606 0000 80B5     		push	{r7, lr}
 1607              	.LCFI45:
 1608              		.cfi_def_cfa_offset 8
 1609              		.cfi_offset 7, -8
 1610              		.cfi_offset 14, -4
 1611 0002 88B0     		sub	sp, sp, #32
 1612              	.LCFI46:
 1613              		.cfi_def_cfa_offset 40
 1614 0004 00AF     		add	r7, sp, #0
 1615              	.LCFI47:
 1616              		.cfi_def_cfa_register 7
 1617 0006 7860     		str	r0, [r7, #4]
1502:Middlewares/Third_Party/FreeRTOS/Source/tasks.c **** 	TCB_t const *pxTCB;
1503:Middlewares/Third_Party/FreeRTOS/Source/tasks.c **** 	UBaseType_t uxReturn, uxSavedInterruptState;
1504:Middlewares/Third_Party/FreeRTOS/Source/tasks.c **** 
1505:Middlewares/Third_Party/FreeRTOS/Source/tasks.c **** 		/* RTOS ports that support interrupt nesting have the concept of a
1506:Middlewares/Third_Party/FreeRTOS/Source/tasks.c **** 		maximum	system call (or maximum API call) interrupt priority.
1507:Middlewares/Third_Party/FreeRTOS/Source/tasks.c **** 		Interrupts that are	above the maximum system call priority are keep
1508:Middlewares/Third_Party/FreeRTOS/Source/tasks.c **** 		permanently enabled, even when the RTOS kernel is in a critical section,
1509:Middlewares/Third_Party/FreeRTOS/Source/tasks.c **** 		but cannot make any calls to FreeRTOS API functions.  If configASSERT()
1510:Middlewares/Third_Party/FreeRTOS/Source/tasks.c **** 		is defined in FreeRTOSConfig.h then
1511:Middlewares/Third_Party/FreeRTOS/Source/tasks.c **** 		portASSERT_IF_INTERRUPT_PRIORITY_INVALID() will result in an assertion
1512:Middlewares/Third_Party/FreeRTOS/Source/tasks.c **** 		failure if a FreeRTOS API function is called from an interrupt that has
1513:Middlewares/Third_Party/FreeRTOS/Source/tasks.c **** 		been assigned a priority above the configured maximum system call
1514:Middlewares/Third_Party/FreeRTOS/Source/tasks.c **** 		priority.  Only FreeRTOS functions that end in FromISR can be called
1515:Middlewares/Third_Party/FreeRTOS/Source/tasks.c **** 		from interrupts	that have been assigned a priority at or (logically)
1516:Middlewares/Third_Party/FreeRTOS/Source/tasks.c **** 		below the maximum system call interrupt priority.  FreeRTOS maintains a
ARM GAS  /tmp/ccsbjPFO.s 			page 59


1517:Middlewares/Third_Party/FreeRTOS/Source/tasks.c **** 		separate interrupt safe API to ensure interrupt entry is as fast and as
1518:Middlewares/Third_Party/FreeRTOS/Source/tasks.c **** 		simple as possible.  More information (albeit Cortex-M specific) is
1519:Middlewares/Third_Party/FreeRTOS/Source/tasks.c **** 		provided on the following link:
1520:Middlewares/Third_Party/FreeRTOS/Source/tasks.c **** 		https://www.freertos.org/RTOS-Cortex-M3-M4.html */
1521:Middlewares/Third_Party/FreeRTOS/Source/tasks.c **** 		portASSERT_IF_INTERRUPT_PRIORITY_INVALID();
 1618              		.loc 1 1521 3
 1619 0008 FFF7FEFF 		bl	vPortValidateInterruptPriority
 1620              	.LBB149:
 1621              	.LBB150:
 204:Middlewares/Third_Party/FreeRTOS/Source/portable/GCC/ARM_CM4F/portmacro.h **** 
 205:Middlewares/Third_Party/FreeRTOS/Source/portable/GCC/ARM_CM4F/portmacro.h **** /*-----------------------------------------------------------*/
 206:Middlewares/Third_Party/FreeRTOS/Source/portable/GCC/ARM_CM4F/portmacro.h **** 
 207:Middlewares/Third_Party/FreeRTOS/Source/portable/GCC/ARM_CM4F/portmacro.h **** portFORCE_INLINE static uint32_t ulPortRaiseBASEPRI( void )
 208:Middlewares/Third_Party/FreeRTOS/Source/portable/GCC/ARM_CM4F/portmacro.h **** {
 209:Middlewares/Third_Party/FreeRTOS/Source/portable/GCC/ARM_CM4F/portmacro.h **** uint32_t ulOriginalBASEPRI, ulNewBASEPRI;
 210:Middlewares/Third_Party/FreeRTOS/Source/portable/GCC/ARM_CM4F/portmacro.h **** 
 211:Middlewares/Third_Party/FreeRTOS/Source/portable/GCC/ARM_CM4F/portmacro.h **** 	__asm volatile
 1622              		.loc 2 211 2
 1623              		.syntax unified
 1624              	@ 211 "Middlewares/Third_Party/FreeRTOS/Source/portable/GCC/ARM_CM4F/portmacro.h" 1
 1625 000c EFF31182 			mrs r2, basepri											
 1626 0010 4FF05003 		mov r3, #80												
 1627 0014 83F31188 		msr basepri, r3											
 1628 0018 BFF36F8F 		isb														
 1629 001c BFF34F8F 		dsb														
 1630              	
 1631              	@ 0 "" 2
 1632              		.thumb
 1633              		.syntax unified
 1634 0020 3A61     		str	r2, [r7, #16]
 1635 0022 FB60     		str	r3, [r7, #12]
 212:Middlewares/Third_Party/FreeRTOS/Source/portable/GCC/ARM_CM4F/portmacro.h **** 	(
 213:Middlewares/Third_Party/FreeRTOS/Source/portable/GCC/ARM_CM4F/portmacro.h **** 		"	mrs %0, basepri											\n" \
 214:Middlewares/Third_Party/FreeRTOS/Source/portable/GCC/ARM_CM4F/portmacro.h **** 		"	mov %1, %2												\n"	\
 215:Middlewares/Third_Party/FreeRTOS/Source/portable/GCC/ARM_CM4F/portmacro.h **** 		"	msr basepri, %1											\n" \
 216:Middlewares/Third_Party/FreeRTOS/Source/portable/GCC/ARM_CM4F/portmacro.h **** 		"	isb														\n" \
 217:Middlewares/Third_Party/FreeRTOS/Source/portable/GCC/ARM_CM4F/portmacro.h **** 		"	dsb														\n" \
 218:Middlewares/Third_Party/FreeRTOS/Source/portable/GCC/ARM_CM4F/portmacro.h **** 		:"=r" (ulOriginalBASEPRI), "=r" (ulNewBASEPRI) : "i" ( configMAX_SYSCALL_INTERRUPT_PRIORITY ) : "
 219:Middlewares/Third_Party/FreeRTOS/Source/portable/GCC/ARM_CM4F/portmacro.h **** 	);
 220:Middlewares/Third_Party/FreeRTOS/Source/portable/GCC/ARM_CM4F/portmacro.h **** 
 221:Middlewares/Third_Party/FreeRTOS/Source/portable/GCC/ARM_CM4F/portmacro.h **** 	/* This return will not be reached but is necessary to prevent compiler
 222:Middlewares/Third_Party/FreeRTOS/Source/portable/GCC/ARM_CM4F/portmacro.h **** 	warnings. */
 223:Middlewares/Third_Party/FreeRTOS/Source/portable/GCC/ARM_CM4F/portmacro.h **** 	return ulOriginalBASEPRI;
 1636              		.loc 2 223 9
 1637 0024 3B69     		ldr	r3, [r7, #16]
 1638              	.LBE150:
 1639              	.LBE149:
1522:Middlewares/Third_Party/FreeRTOS/Source/tasks.c **** 
1523:Middlewares/Third_Party/FreeRTOS/Source/tasks.c **** 		uxSavedInterruptState = portSET_INTERRUPT_MASK_FROM_ISR();
 1640              		.loc 1 1523 27
 1641 0026 BB61     		str	r3, [r7, #24]
1524:Middlewares/Third_Party/FreeRTOS/Source/tasks.c **** 		{
1525:Middlewares/Third_Party/FreeRTOS/Source/tasks.c **** 			/* If null is passed in here then it is the priority of the calling
1526:Middlewares/Third_Party/FreeRTOS/Source/tasks.c **** 			task that is being queried. */
1527:Middlewares/Third_Party/FreeRTOS/Source/tasks.c **** 			pxTCB = prvGetTCBFromHandle( xTask );
 1642              		.loc 1 1527 12
 1643 0028 7B68     		ldr	r3, [r7, #4]
ARM GAS  /tmp/ccsbjPFO.s 			page 60


 1644 002a 002B     		cmp	r3, #0
 1645 002c 03D1     		bne	.L97
 1646              		.loc 1 1527 10 discriminator 1
 1647 002e 0A4B     		ldr	r3, .L100
 1648 0030 1B68     		ldr	r3, [r3]
 1649 0032 FB61     		str	r3, [r7, #28]
 1650 0034 01E0     		b	.L98
 1651              	.L97:
 1652              		.loc 1 1527 10 is_stmt 0 discriminator 2
 1653 0036 7B68     		ldr	r3, [r7, #4]
 1654 0038 FB61     		str	r3, [r7, #28]
 1655              	.L98:
1528:Middlewares/Third_Party/FreeRTOS/Source/tasks.c **** 			uxReturn = pxTCB->uxPriority;
 1656              		.loc 1 1528 13 is_stmt 1
 1657 003a FB69     		ldr	r3, [r7, #28]
 1658 003c DB6A     		ldr	r3, [r3, #44]
 1659 003e 7B61     		str	r3, [r7, #20]
 1660 0040 BB69     		ldr	r3, [r7, #24]
 1661 0042 BB60     		str	r3, [r7, #8]
 1662              	.LBB151:
 1663              	.LBB152:
 224:Middlewares/Third_Party/FreeRTOS/Source/portable/GCC/ARM_CM4F/portmacro.h **** }
 225:Middlewares/Third_Party/FreeRTOS/Source/portable/GCC/ARM_CM4F/portmacro.h **** /*-----------------------------------------------------------*/
 226:Middlewares/Third_Party/FreeRTOS/Source/portable/GCC/ARM_CM4F/portmacro.h **** 
 227:Middlewares/Third_Party/FreeRTOS/Source/portable/GCC/ARM_CM4F/portmacro.h **** portFORCE_INLINE static void vPortSetBASEPRI( uint32_t ulNewMaskValue )
 228:Middlewares/Third_Party/FreeRTOS/Source/portable/GCC/ARM_CM4F/portmacro.h **** {
 229:Middlewares/Third_Party/FreeRTOS/Source/portable/GCC/ARM_CM4F/portmacro.h **** 	__asm volatile
 1664              		.loc 2 229 2
 1665 0044 BB68     		ldr	r3, [r7, #8]
 1666              		.syntax unified
 1667              	@ 229 "Middlewares/Third_Party/FreeRTOS/Source/portable/GCC/ARM_CM4F/portmacro.h" 1
 1668 0046 83F31188 			msr basepri, r3	
 1669              	@ 0 "" 2
 230:Middlewares/Third_Party/FreeRTOS/Source/portable/GCC/ARM_CM4F/portmacro.h **** 	(
 231:Middlewares/Third_Party/FreeRTOS/Source/portable/GCC/ARM_CM4F/portmacro.h **** 		"	msr basepri, %0	" :: "r" ( ulNewMaskValue ) : "memory"
 232:Middlewares/Third_Party/FreeRTOS/Source/portable/GCC/ARM_CM4F/portmacro.h **** 	);
 233:Middlewares/Third_Party/FreeRTOS/Source/portable/GCC/ARM_CM4F/portmacro.h **** }
 1670              		.loc 2 233 1
 1671              		.thumb
 1672              		.syntax unified
 1673 004a 00BF     		nop
 1674              	.LBE152:
 1675              	.LBE151:
1529:Middlewares/Third_Party/FreeRTOS/Source/tasks.c **** 		}
1530:Middlewares/Third_Party/FreeRTOS/Source/tasks.c **** 		portCLEAR_INTERRUPT_MASK_FROM_ISR( uxSavedInterruptState );
1531:Middlewares/Third_Party/FreeRTOS/Source/tasks.c **** 
1532:Middlewares/Third_Party/FreeRTOS/Source/tasks.c **** 		return uxReturn;
 1676              		.loc 1 1532 10
 1677 004c 7B69     		ldr	r3, [r7, #20]
1533:Middlewares/Third_Party/FreeRTOS/Source/tasks.c **** 	}
 1678              		.loc 1 1533 2
 1679 004e 1846     		mov	r0, r3
 1680 0050 2037     		adds	r7, r7, #32
 1681              	.LCFI48:
 1682              		.cfi_def_cfa_offset 8
 1683 0052 BD46     		mov	sp, r7
 1684              	.LCFI49:
ARM GAS  /tmp/ccsbjPFO.s 			page 61


 1685              		.cfi_def_cfa_register 13
 1686              		@ sp needed
 1687 0054 80BD     		pop	{r7, pc}
 1688              	.L101:
 1689 0056 00BF     		.align	2
 1690              	.L100:
 1691 0058 00000000 		.word	pxCurrentTCB
 1692              		.cfi_endproc
 1693              	.LFE13:
 1695              		.section	.text.vTaskPrioritySet,"ax",%progbits
 1696              		.align	1
 1697              		.global	vTaskPrioritySet
 1698              		.syntax unified
 1699              		.thumb
 1700              		.thumb_func
 1702              	vTaskPrioritySet:
 1703              	.LFB14:
1534:Middlewares/Third_Party/FreeRTOS/Source/tasks.c **** 
1535:Middlewares/Third_Party/FreeRTOS/Source/tasks.c **** #endif /* INCLUDE_uxTaskPriorityGet */
1536:Middlewares/Third_Party/FreeRTOS/Source/tasks.c **** /*-----------------------------------------------------------*/
1537:Middlewares/Third_Party/FreeRTOS/Source/tasks.c **** 
1538:Middlewares/Third_Party/FreeRTOS/Source/tasks.c **** #if ( INCLUDE_vTaskPrioritySet == 1 )
1539:Middlewares/Third_Party/FreeRTOS/Source/tasks.c **** 
1540:Middlewares/Third_Party/FreeRTOS/Source/tasks.c **** 	void vTaskPrioritySet( TaskHandle_t xTask, UBaseType_t uxNewPriority )
1541:Middlewares/Third_Party/FreeRTOS/Source/tasks.c **** 	{
 1704              		.loc 1 1541 2
 1705              		.cfi_startproc
 1706              		@ args = 0, pretend = 0, frame = 32
 1707              		@ frame_needed = 1, uses_anonymous_args = 0
 1708 0000 80B5     		push	{r7, lr}
 1709              	.LCFI50:
 1710              		.cfi_def_cfa_offset 8
 1711              		.cfi_offset 7, -8
 1712              		.cfi_offset 14, -4
 1713 0002 88B0     		sub	sp, sp, #32
 1714              	.LCFI51:
 1715              		.cfi_def_cfa_offset 40
 1716 0004 00AF     		add	r7, sp, #0
 1717              	.LCFI52:
 1718              		.cfi_def_cfa_register 7
 1719 0006 7860     		str	r0, [r7, #4]
 1720 0008 3960     		str	r1, [r7]
1542:Middlewares/Third_Party/FreeRTOS/Source/tasks.c **** 	TCB_t *pxTCB;
1543:Middlewares/Third_Party/FreeRTOS/Source/tasks.c **** 	UBaseType_t uxCurrentBasePriority, uxPriorityUsedOnEntry;
1544:Middlewares/Third_Party/FreeRTOS/Source/tasks.c **** 	BaseType_t xYieldRequired = pdFALSE;
 1721              		.loc 1 1544 13
 1722 000a 0023     		movs	r3, #0
 1723 000c BB61     		str	r3, [r7, #24]
1545:Middlewares/Third_Party/FreeRTOS/Source/tasks.c **** 
1546:Middlewares/Third_Party/FreeRTOS/Source/tasks.c **** 		configASSERT( ( uxNewPriority < configMAX_PRIORITIES ) );
 1724              		.loc 1 1546 3
 1725 000e 3B68     		ldr	r3, [r7]
 1726 0010 372B     		cmp	r3, #55
 1727 0012 0BD9     		bls	.L103
 1728              	.LBB153:
 1729              	.LBB154:
 195:Middlewares/Third_Party/FreeRTOS/Source/portable/GCC/ARM_CM4F/portmacro.h **** 	(
ARM GAS  /tmp/ccsbjPFO.s 			page 62


 1730              		.loc 2 195 2
 1731              		.syntax unified
 1732              	@ 195 "Middlewares/Third_Party/FreeRTOS/Source/portable/GCC/ARM_CM4F/portmacro.h" 1
 1733 0014 4FF05003 			mov r3, #80												
 1734 0018 83F31188 		msr basepri, r3											
 1735 001c BFF36F8F 		isb														
 1736 0020 BFF34F8F 		dsb														
 1737              	
 1738              	@ 0 "" 2
 1739              		.thumb
 1740              		.syntax unified
 1741 0024 FB60     		str	r3, [r7, #12]
 203:Middlewares/Third_Party/FreeRTOS/Source/portable/GCC/ARM_CM4F/portmacro.h **** 
 1742              		.loc 2 203 1
 1743 0026 00BF     		nop
 1744              	.L104:
 1745              	.LBE154:
 1746              	.LBE153:
 1747              		.loc 1 1546 3
 1748 0028 00BF     		nop
 1749 002a FDE7     		b	.L104
 1750              	.L103:
1547:Middlewares/Third_Party/FreeRTOS/Source/tasks.c **** 
1548:Middlewares/Third_Party/FreeRTOS/Source/tasks.c **** 		/* Ensure the new priority is valid. */
1549:Middlewares/Third_Party/FreeRTOS/Source/tasks.c **** 		if( uxNewPriority >= ( UBaseType_t ) configMAX_PRIORITIES )
 1751              		.loc 1 1549 5
 1752 002c 3B68     		ldr	r3, [r7]
 1753 002e 372B     		cmp	r3, #55
 1754 0030 01D9     		bls	.L105
1550:Middlewares/Third_Party/FreeRTOS/Source/tasks.c **** 		{
1551:Middlewares/Third_Party/FreeRTOS/Source/tasks.c **** 			uxNewPriority = ( UBaseType_t ) configMAX_PRIORITIES - ( UBaseType_t ) 1U;
 1755              		.loc 1 1551 18
 1756 0032 3723     		movs	r3, #55
 1757 0034 3B60     		str	r3, [r7]
 1758              	.L105:
1552:Middlewares/Third_Party/FreeRTOS/Source/tasks.c **** 		}
1553:Middlewares/Third_Party/FreeRTOS/Source/tasks.c **** 		else
1554:Middlewares/Third_Party/FreeRTOS/Source/tasks.c **** 		{
1555:Middlewares/Third_Party/FreeRTOS/Source/tasks.c **** 			mtCOVERAGE_TEST_MARKER();
1556:Middlewares/Third_Party/FreeRTOS/Source/tasks.c **** 		}
1557:Middlewares/Third_Party/FreeRTOS/Source/tasks.c **** 
1558:Middlewares/Third_Party/FreeRTOS/Source/tasks.c **** 		taskENTER_CRITICAL();
 1759              		.loc 1 1558 3
 1760 0036 FFF7FEFF 		bl	vPortEnterCritical
1559:Middlewares/Third_Party/FreeRTOS/Source/tasks.c **** 		{
1560:Middlewares/Third_Party/FreeRTOS/Source/tasks.c **** 			/* If null is passed in here then it is the priority of the calling
1561:Middlewares/Third_Party/FreeRTOS/Source/tasks.c **** 			task that is being changed. */
1562:Middlewares/Third_Party/FreeRTOS/Source/tasks.c **** 			pxTCB = prvGetTCBFromHandle( xTask );
 1761              		.loc 1 1562 12
 1762 003a 7B68     		ldr	r3, [r7, #4]
 1763 003c 002B     		cmp	r3, #0
 1764 003e 03D1     		bne	.L106
 1765              		.loc 1 1562 10 discriminator 1
 1766 0040 3B4B     		ldr	r3, .L115
 1767 0042 1B68     		ldr	r3, [r3]
 1768 0044 FB61     		str	r3, [r7, #28]
 1769 0046 01E0     		b	.L107
ARM GAS  /tmp/ccsbjPFO.s 			page 63


 1770              	.L106:
 1771              		.loc 1 1562 10 is_stmt 0 discriminator 2
 1772 0048 7B68     		ldr	r3, [r7, #4]
 1773 004a FB61     		str	r3, [r7, #28]
 1774              	.L107:
1563:Middlewares/Third_Party/FreeRTOS/Source/tasks.c **** 
1564:Middlewares/Third_Party/FreeRTOS/Source/tasks.c **** 			traceTASK_PRIORITY_SET( pxTCB, uxNewPriority );
1565:Middlewares/Third_Party/FreeRTOS/Source/tasks.c **** 
1566:Middlewares/Third_Party/FreeRTOS/Source/tasks.c **** 			#if ( configUSE_MUTEXES == 1 )
1567:Middlewares/Third_Party/FreeRTOS/Source/tasks.c **** 			{
1568:Middlewares/Third_Party/FreeRTOS/Source/tasks.c **** 				uxCurrentBasePriority = pxTCB->uxBasePriority;
 1775              		.loc 1 1568 27 is_stmt 1
 1776 004c FB69     		ldr	r3, [r7, #28]
 1777 004e 1B6D     		ldr	r3, [r3, #80]
 1778 0050 7B61     		str	r3, [r7, #20]
1569:Middlewares/Third_Party/FreeRTOS/Source/tasks.c **** 			}
1570:Middlewares/Third_Party/FreeRTOS/Source/tasks.c **** 			#else
1571:Middlewares/Third_Party/FreeRTOS/Source/tasks.c **** 			{
1572:Middlewares/Third_Party/FreeRTOS/Source/tasks.c **** 				uxCurrentBasePriority = pxTCB->uxPriority;
1573:Middlewares/Third_Party/FreeRTOS/Source/tasks.c **** 			}
1574:Middlewares/Third_Party/FreeRTOS/Source/tasks.c **** 			#endif
1575:Middlewares/Third_Party/FreeRTOS/Source/tasks.c **** 
1576:Middlewares/Third_Party/FreeRTOS/Source/tasks.c **** 			if( uxCurrentBasePriority != uxNewPriority )
 1779              		.loc 1 1576 6
 1780 0052 7A69     		ldr	r2, [r7, #20]
 1781 0054 3B68     		ldr	r3, [r7]
 1782 0056 9A42     		cmp	r2, r3
 1783 0058 63D0     		beq	.L108
1577:Middlewares/Third_Party/FreeRTOS/Source/tasks.c **** 			{
1578:Middlewares/Third_Party/FreeRTOS/Source/tasks.c **** 				/* The priority change may have readied a task of higher
1579:Middlewares/Third_Party/FreeRTOS/Source/tasks.c **** 				priority than the calling task. */
1580:Middlewares/Third_Party/FreeRTOS/Source/tasks.c **** 				if( uxNewPriority > uxCurrentBasePriority )
 1784              		.loc 1 1580 7
 1785 005a 3A68     		ldr	r2, [r7]
 1786 005c 7B69     		ldr	r3, [r7, #20]
 1787 005e 9A42     		cmp	r2, r3
 1788 0060 0DD9     		bls	.L109
1581:Middlewares/Third_Party/FreeRTOS/Source/tasks.c **** 				{
1582:Middlewares/Third_Party/FreeRTOS/Source/tasks.c **** 					if( pxTCB != pxCurrentTCB )
 1789              		.loc 1 1582 16
 1790 0062 334B     		ldr	r3, .L115
 1791 0064 1B68     		ldr	r3, [r3]
 1792              		.loc 1 1582 8
 1793 0066 FA69     		ldr	r2, [r7, #28]
 1794 0068 9A42     		cmp	r2, r3
 1795 006a 0FD0     		beq	.L110
1583:Middlewares/Third_Party/FreeRTOS/Source/tasks.c **** 					{
1584:Middlewares/Third_Party/FreeRTOS/Source/tasks.c **** 						/* The priority of a task other than the currently
1585:Middlewares/Third_Party/FreeRTOS/Source/tasks.c **** 						running task is being raised.  Is the priority being
1586:Middlewares/Third_Party/FreeRTOS/Source/tasks.c **** 						raised above that of the running task? */
1587:Middlewares/Third_Party/FreeRTOS/Source/tasks.c **** 						if( uxNewPriority >= pxCurrentTCB->uxPriority )
 1796              		.loc 1 1587 40
 1797 006c 304B     		ldr	r3, .L115
 1798 006e 1B68     		ldr	r3, [r3]
 1799 0070 DB6A     		ldr	r3, [r3, #44]
 1800              		.loc 1 1587 9
 1801 0072 3A68     		ldr	r2, [r7]
ARM GAS  /tmp/ccsbjPFO.s 			page 64


 1802 0074 9A42     		cmp	r2, r3
 1803 0076 09D3     		bcc	.L110
1588:Middlewares/Third_Party/FreeRTOS/Source/tasks.c **** 						{
1589:Middlewares/Third_Party/FreeRTOS/Source/tasks.c **** 							xYieldRequired = pdTRUE;
 1804              		.loc 1 1589 23
 1805 0078 0123     		movs	r3, #1
 1806 007a BB61     		str	r3, [r7, #24]
 1807 007c 06E0     		b	.L110
 1808              	.L109:
1590:Middlewares/Third_Party/FreeRTOS/Source/tasks.c **** 						}
1591:Middlewares/Third_Party/FreeRTOS/Source/tasks.c **** 						else
1592:Middlewares/Third_Party/FreeRTOS/Source/tasks.c **** 						{
1593:Middlewares/Third_Party/FreeRTOS/Source/tasks.c **** 							mtCOVERAGE_TEST_MARKER();
1594:Middlewares/Third_Party/FreeRTOS/Source/tasks.c **** 						}
1595:Middlewares/Third_Party/FreeRTOS/Source/tasks.c **** 					}
1596:Middlewares/Third_Party/FreeRTOS/Source/tasks.c **** 					else
1597:Middlewares/Third_Party/FreeRTOS/Source/tasks.c **** 					{
1598:Middlewares/Third_Party/FreeRTOS/Source/tasks.c **** 						/* The priority of the running task is being raised,
1599:Middlewares/Third_Party/FreeRTOS/Source/tasks.c **** 						but the running task must already be the highest
1600:Middlewares/Third_Party/FreeRTOS/Source/tasks.c **** 						priority task able to run so no yield is required. */
1601:Middlewares/Third_Party/FreeRTOS/Source/tasks.c **** 					}
1602:Middlewares/Third_Party/FreeRTOS/Source/tasks.c **** 				}
1603:Middlewares/Third_Party/FreeRTOS/Source/tasks.c **** 				else if( pxTCB == pxCurrentTCB )
 1809              		.loc 1 1603 20
 1810 007e 2C4B     		ldr	r3, .L115
 1811 0080 1B68     		ldr	r3, [r3]
 1812              		.loc 1 1603 12
 1813 0082 FA69     		ldr	r2, [r7, #28]
 1814 0084 9A42     		cmp	r2, r3
 1815 0086 01D1     		bne	.L110
1604:Middlewares/Third_Party/FreeRTOS/Source/tasks.c **** 				{
1605:Middlewares/Third_Party/FreeRTOS/Source/tasks.c **** 					/* Setting the priority of the running task down means
1606:Middlewares/Third_Party/FreeRTOS/Source/tasks.c **** 					there may now be another task of higher priority that
1607:Middlewares/Third_Party/FreeRTOS/Source/tasks.c **** 					is ready to execute. */
1608:Middlewares/Third_Party/FreeRTOS/Source/tasks.c **** 					xYieldRequired = pdTRUE;
 1816              		.loc 1 1608 21
 1817 0088 0123     		movs	r3, #1
 1818 008a BB61     		str	r3, [r7, #24]
 1819              	.L110:
1609:Middlewares/Third_Party/FreeRTOS/Source/tasks.c **** 				}
1610:Middlewares/Third_Party/FreeRTOS/Source/tasks.c **** 				else
1611:Middlewares/Third_Party/FreeRTOS/Source/tasks.c **** 				{
1612:Middlewares/Third_Party/FreeRTOS/Source/tasks.c **** 					/* Setting the priority of any other task down does not
1613:Middlewares/Third_Party/FreeRTOS/Source/tasks.c **** 					require a yield as the running task must be above the
1614:Middlewares/Third_Party/FreeRTOS/Source/tasks.c **** 					new priority of the task being modified. */
1615:Middlewares/Third_Party/FreeRTOS/Source/tasks.c **** 				}
1616:Middlewares/Third_Party/FreeRTOS/Source/tasks.c **** 
1617:Middlewares/Third_Party/FreeRTOS/Source/tasks.c **** 				/* Remember the ready list the task might be referenced from
1618:Middlewares/Third_Party/FreeRTOS/Source/tasks.c **** 				before its uxPriority member is changed so the
1619:Middlewares/Third_Party/FreeRTOS/Source/tasks.c **** 				taskRESET_READY_PRIORITY() macro can function correctly. */
1620:Middlewares/Third_Party/FreeRTOS/Source/tasks.c **** 				uxPriorityUsedOnEntry = pxTCB->uxPriority;
 1820              		.loc 1 1620 27
 1821 008c FB69     		ldr	r3, [r7, #28]
 1822 008e DB6A     		ldr	r3, [r3, #44]
 1823 0090 3B61     		str	r3, [r7, #16]
1621:Middlewares/Third_Party/FreeRTOS/Source/tasks.c **** 
1622:Middlewares/Third_Party/FreeRTOS/Source/tasks.c **** 				#if ( configUSE_MUTEXES == 1 )
ARM GAS  /tmp/ccsbjPFO.s 			page 65


1623:Middlewares/Third_Party/FreeRTOS/Source/tasks.c **** 				{
1624:Middlewares/Third_Party/FreeRTOS/Source/tasks.c **** 					/* Only change the priority being used if the task is not
1625:Middlewares/Third_Party/FreeRTOS/Source/tasks.c **** 					currently using an inherited priority. */
1626:Middlewares/Third_Party/FreeRTOS/Source/tasks.c **** 					if( pxTCB->uxBasePriority == pxTCB->uxPriority )
 1824              		.loc 1 1626 15
 1825 0092 FB69     		ldr	r3, [r7, #28]
 1826 0094 1A6D     		ldr	r2, [r3, #80]
 1827              		.loc 1 1626 40
 1828 0096 FB69     		ldr	r3, [r7, #28]
 1829 0098 DB6A     		ldr	r3, [r3, #44]
 1830              		.loc 1 1626 8
 1831 009a 9A42     		cmp	r2, r3
 1832 009c 02D1     		bne	.L111
1627:Middlewares/Third_Party/FreeRTOS/Source/tasks.c **** 					{
1628:Middlewares/Third_Party/FreeRTOS/Source/tasks.c **** 						pxTCB->uxPriority = uxNewPriority;
 1833              		.loc 1 1628 25
 1834 009e FB69     		ldr	r3, [r7, #28]
 1835 00a0 3A68     		ldr	r2, [r7]
 1836 00a2 DA62     		str	r2, [r3, #44]
 1837              	.L111:
1629:Middlewares/Third_Party/FreeRTOS/Source/tasks.c **** 					}
1630:Middlewares/Third_Party/FreeRTOS/Source/tasks.c **** 					else
1631:Middlewares/Third_Party/FreeRTOS/Source/tasks.c **** 					{
1632:Middlewares/Third_Party/FreeRTOS/Source/tasks.c **** 						mtCOVERAGE_TEST_MARKER();
1633:Middlewares/Third_Party/FreeRTOS/Source/tasks.c **** 					}
1634:Middlewares/Third_Party/FreeRTOS/Source/tasks.c **** 
1635:Middlewares/Third_Party/FreeRTOS/Source/tasks.c **** 					/* The base priority gets set whatever. */
1636:Middlewares/Third_Party/FreeRTOS/Source/tasks.c **** 					pxTCB->uxBasePriority = uxNewPriority;
 1838              		.loc 1 1636 28
 1839 00a4 FB69     		ldr	r3, [r7, #28]
 1840 00a6 3A68     		ldr	r2, [r7]
 1841 00a8 1A65     		str	r2, [r3, #80]
1637:Middlewares/Third_Party/FreeRTOS/Source/tasks.c **** 				}
1638:Middlewares/Third_Party/FreeRTOS/Source/tasks.c **** 				#else
1639:Middlewares/Third_Party/FreeRTOS/Source/tasks.c **** 				{
1640:Middlewares/Third_Party/FreeRTOS/Source/tasks.c **** 					pxTCB->uxPriority = uxNewPriority;
1641:Middlewares/Third_Party/FreeRTOS/Source/tasks.c **** 				}
1642:Middlewares/Third_Party/FreeRTOS/Source/tasks.c **** 				#endif
1643:Middlewares/Third_Party/FreeRTOS/Source/tasks.c **** 
1644:Middlewares/Third_Party/FreeRTOS/Source/tasks.c **** 				/* Only reset the event list item value if the value is not
1645:Middlewares/Third_Party/FreeRTOS/Source/tasks.c **** 				being used for anything else. */
1646:Middlewares/Third_Party/FreeRTOS/Source/tasks.c **** 				if( ( listGET_LIST_ITEM_VALUE( &( pxTCB->xEventListItem ) ) & taskEVENT_LIST_ITEM_VALUE_IN_USE 
 1842              		.loc 1 1646 11
 1843 00aa FB69     		ldr	r3, [r7, #28]
 1844 00ac 9B69     		ldr	r3, [r3, #24]
 1845              		.loc 1 1646 7
 1846 00ae 002B     		cmp	r3, #0
 1847 00b0 04DB     		blt	.L112
1647:Middlewares/Third_Party/FreeRTOS/Source/tasks.c **** 				{
1648:Middlewares/Third_Party/FreeRTOS/Source/tasks.c **** 					listSET_LIST_ITEM_VALUE( &( pxTCB->xEventListItem ), ( ( TickType_t ) configMAX_PRIORITIES - (
 1848              		.loc 1 1648 6
 1849 00b2 3B68     		ldr	r3, [r7]
 1850 00b4 C3F13802 		rsb	r2, r3, #56
 1851 00b8 FB69     		ldr	r3, [r7, #28]
 1852 00ba 9A61     		str	r2, [r3, #24]
 1853              	.L112:
1649:Middlewares/Third_Party/FreeRTOS/Source/tasks.c **** 				}
ARM GAS  /tmp/ccsbjPFO.s 			page 66


1650:Middlewares/Third_Party/FreeRTOS/Source/tasks.c **** 				else
1651:Middlewares/Third_Party/FreeRTOS/Source/tasks.c **** 				{
1652:Middlewares/Third_Party/FreeRTOS/Source/tasks.c **** 					mtCOVERAGE_TEST_MARKER();
1653:Middlewares/Third_Party/FreeRTOS/Source/tasks.c **** 				}
1654:Middlewares/Third_Party/FreeRTOS/Source/tasks.c **** 
1655:Middlewares/Third_Party/FreeRTOS/Source/tasks.c **** 				/* If the task is in the blocked or suspended list we need do
1656:Middlewares/Third_Party/FreeRTOS/Source/tasks.c **** 				nothing more than change its priority variable. However, if
1657:Middlewares/Third_Party/FreeRTOS/Source/tasks.c **** 				the task is in a ready list it needs to be removed and placed
1658:Middlewares/Third_Party/FreeRTOS/Source/tasks.c **** 				in the list appropriate to its new priority. */
1659:Middlewares/Third_Party/FreeRTOS/Source/tasks.c **** 				if( listIS_CONTAINED_WITHIN( &( pxReadyTasksLists[ uxPriorityUsedOnEntry ] ), &( pxTCB->xStateL
 1854              		.loc 1 1659 9
 1855 00bc FB69     		ldr	r3, [r7, #28]
 1856 00be 5969     		ldr	r1, [r3, #20]
 1857 00c0 3A69     		ldr	r2, [r7, #16]
 1858 00c2 1346     		mov	r3, r2
 1859 00c4 9B00     		lsls	r3, r3, #2
 1860 00c6 1344     		add	r3, r3, r2
 1861 00c8 9B00     		lsls	r3, r3, #2
 1862 00ca 1A4A     		ldr	r2, .L115+4
 1863 00cc 1344     		add	r3, r3, r2
 1864              		.loc 1 1659 7
 1865 00ce 9942     		cmp	r1, r3
 1866 00d0 1CD1     		bne	.L113
1660:Middlewares/Third_Party/FreeRTOS/Source/tasks.c **** 				{
1661:Middlewares/Third_Party/FreeRTOS/Source/tasks.c **** 					/* The task is currently in its ready list - remove before
1662:Middlewares/Third_Party/FreeRTOS/Source/tasks.c **** 					adding it to it's new ready list.  As we are in a critical
1663:Middlewares/Third_Party/FreeRTOS/Source/tasks.c **** 					section we can do this even if the scheduler is suspended. */
1664:Middlewares/Third_Party/FreeRTOS/Source/tasks.c **** 					if( uxListRemove( &( pxTCB->xStateListItem ) ) == ( UBaseType_t ) 0 )
 1867              		.loc 1 1664 24
 1868 00d2 FB69     		ldr	r3, [r7, #28]
 1869 00d4 0433     		adds	r3, r3, #4
 1870              		.loc 1 1664 10
 1871 00d6 1846     		mov	r0, r3
 1872 00d8 FFF7FEFF 		bl	uxListRemove
1665:Middlewares/Third_Party/FreeRTOS/Source/tasks.c **** 					{
1666:Middlewares/Third_Party/FreeRTOS/Source/tasks.c **** 						/* It is known that the task is in its ready list so
1667:Middlewares/Third_Party/FreeRTOS/Source/tasks.c **** 						there is no need to check again and the port level
1668:Middlewares/Third_Party/FreeRTOS/Source/tasks.c **** 						reset macro can be called directly. */
1669:Middlewares/Third_Party/FreeRTOS/Source/tasks.c **** 						portRESET_READY_PRIORITY( uxPriorityUsedOnEntry, uxTopReadyPriority );
1670:Middlewares/Third_Party/FreeRTOS/Source/tasks.c **** 					}
1671:Middlewares/Third_Party/FreeRTOS/Source/tasks.c **** 					else
1672:Middlewares/Third_Party/FreeRTOS/Source/tasks.c **** 					{
1673:Middlewares/Third_Party/FreeRTOS/Source/tasks.c **** 						mtCOVERAGE_TEST_MARKER();
1674:Middlewares/Third_Party/FreeRTOS/Source/tasks.c **** 					}
1675:Middlewares/Third_Party/FreeRTOS/Source/tasks.c **** 					prvAddTaskToReadyList( pxTCB );
 1873              		.loc 1 1675 6
 1874 00dc FB69     		ldr	r3, [r7, #28]
 1875 00de DA6A     		ldr	r2, [r3, #44]
 1876 00e0 154B     		ldr	r3, .L115+8
 1877 00e2 1B68     		ldr	r3, [r3]
 1878 00e4 9A42     		cmp	r2, r3
 1879 00e6 03D9     		bls	.L114
 1880              		.loc 1 1675 6 is_stmt 0 discriminator 1
 1881 00e8 FB69     		ldr	r3, [r7, #28]
 1882 00ea DB6A     		ldr	r3, [r3, #44]
 1883 00ec 124A     		ldr	r2, .L115+8
 1884 00ee 1360     		str	r3, [r2]
ARM GAS  /tmp/ccsbjPFO.s 			page 67


 1885              	.L114:
 1886              		.loc 1 1675 6 discriminator 3
 1887 00f0 FB69     		ldr	r3, [r7, #28]
 1888 00f2 DA6A     		ldr	r2, [r3, #44]
 1889 00f4 1346     		mov	r3, r2
 1890 00f6 9B00     		lsls	r3, r3, #2
 1891 00f8 1344     		add	r3, r3, r2
 1892 00fa 9B00     		lsls	r3, r3, #2
 1893 00fc 0D4A     		ldr	r2, .L115+4
 1894 00fe 1A44     		add	r2, r2, r3
 1895 0100 FB69     		ldr	r3, [r7, #28]
 1896 0102 0433     		adds	r3, r3, #4
 1897 0104 1946     		mov	r1, r3
 1898 0106 1046     		mov	r0, r2
 1899 0108 FFF7FEFF 		bl	vListInsertEnd
 1900              	.L113:
1676:Middlewares/Third_Party/FreeRTOS/Source/tasks.c **** 				}
1677:Middlewares/Third_Party/FreeRTOS/Source/tasks.c **** 				else
1678:Middlewares/Third_Party/FreeRTOS/Source/tasks.c **** 				{
1679:Middlewares/Third_Party/FreeRTOS/Source/tasks.c **** 					mtCOVERAGE_TEST_MARKER();
1680:Middlewares/Third_Party/FreeRTOS/Source/tasks.c **** 				}
1681:Middlewares/Third_Party/FreeRTOS/Source/tasks.c **** 
1682:Middlewares/Third_Party/FreeRTOS/Source/tasks.c **** 				if( xYieldRequired != pdFALSE )
 1901              		.loc 1 1682 7 is_stmt 1
 1902 010c BB69     		ldr	r3, [r7, #24]
 1903 010e 002B     		cmp	r3, #0
 1904 0110 07D0     		beq	.L108
1683:Middlewares/Third_Party/FreeRTOS/Source/tasks.c **** 				{
1684:Middlewares/Third_Party/FreeRTOS/Source/tasks.c **** 					taskYIELD_IF_USING_PREEMPTION();
 1905              		.loc 1 1684 6
 1906 0112 0A4B     		ldr	r3, .L115+12
 1907 0114 4FF08052 		mov	r2, #268435456
 1908 0118 1A60     		str	r2, [r3]
 1909              		.syntax unified
 1910              	@ 1684 "Middlewares/Third_Party/FreeRTOS/Source/tasks.c" 1
 1911 011a BFF34F8F 		dsb
 1912              	@ 0 "" 2
 1913              	@ 1684 "Middlewares/Third_Party/FreeRTOS/Source/tasks.c" 1
 1914 011e BFF36F8F 		isb
 1915              	@ 0 "" 2
 1916              		.thumb
 1917              		.syntax unified
 1918              	.L108:
1685:Middlewares/Third_Party/FreeRTOS/Source/tasks.c **** 				}
1686:Middlewares/Third_Party/FreeRTOS/Source/tasks.c **** 				else
1687:Middlewares/Third_Party/FreeRTOS/Source/tasks.c **** 				{
1688:Middlewares/Third_Party/FreeRTOS/Source/tasks.c **** 					mtCOVERAGE_TEST_MARKER();
1689:Middlewares/Third_Party/FreeRTOS/Source/tasks.c **** 				}
1690:Middlewares/Third_Party/FreeRTOS/Source/tasks.c **** 
1691:Middlewares/Third_Party/FreeRTOS/Source/tasks.c **** 				/* Remove compiler warning about unused variables when the port
1692:Middlewares/Third_Party/FreeRTOS/Source/tasks.c **** 				optimised task selection is not being used. */
1693:Middlewares/Third_Party/FreeRTOS/Source/tasks.c **** 				( void ) uxPriorityUsedOnEntry;
1694:Middlewares/Third_Party/FreeRTOS/Source/tasks.c **** 			}
1695:Middlewares/Third_Party/FreeRTOS/Source/tasks.c **** 		}
1696:Middlewares/Third_Party/FreeRTOS/Source/tasks.c **** 		taskEXIT_CRITICAL();
 1919              		.loc 1 1696 3
 1920 0122 FFF7FEFF 		bl	vPortExitCritical
ARM GAS  /tmp/ccsbjPFO.s 			page 68


1697:Middlewares/Third_Party/FreeRTOS/Source/tasks.c **** 	}
 1921              		.loc 1 1697 2
 1922 0126 00BF     		nop
 1923 0128 2037     		adds	r7, r7, #32
 1924              	.LCFI53:
 1925              		.cfi_def_cfa_offset 8
 1926 012a BD46     		mov	sp, r7
 1927              	.LCFI54:
 1928              		.cfi_def_cfa_register 13
 1929              		@ sp needed
 1930 012c 80BD     		pop	{r7, pc}
 1931              	.L116:
 1932 012e 00BF     		.align	2
 1933              	.L115:
 1934 0130 00000000 		.word	pxCurrentTCB
 1935 0134 00000000 		.word	pxReadyTasksLists
 1936 0138 00000000 		.word	uxTopReadyPriority
 1937 013c 04ED00E0 		.word	-536810236
 1938              		.cfi_endproc
 1939              	.LFE14:
 1941              		.section	.text.vTaskSuspend,"ax",%progbits
 1942              		.align	1
 1943              		.global	vTaskSuspend
 1944              		.syntax unified
 1945              		.thumb
 1946              		.thumb_func
 1948              	vTaskSuspend:
 1949              	.LFB15:
1698:Middlewares/Third_Party/FreeRTOS/Source/tasks.c **** 
1699:Middlewares/Third_Party/FreeRTOS/Source/tasks.c **** #endif /* INCLUDE_vTaskPrioritySet */
1700:Middlewares/Third_Party/FreeRTOS/Source/tasks.c **** /*-----------------------------------------------------------*/
1701:Middlewares/Third_Party/FreeRTOS/Source/tasks.c **** 
1702:Middlewares/Third_Party/FreeRTOS/Source/tasks.c **** #if ( INCLUDE_vTaskSuspend == 1 )
1703:Middlewares/Third_Party/FreeRTOS/Source/tasks.c **** 
1704:Middlewares/Third_Party/FreeRTOS/Source/tasks.c **** 	void vTaskSuspend( TaskHandle_t xTaskToSuspend )
1705:Middlewares/Third_Party/FreeRTOS/Source/tasks.c **** 	{
 1950              		.loc 1 1705 2
 1951              		.cfi_startproc
 1952              		@ args = 0, pretend = 0, frame = 16
 1953              		@ frame_needed = 1, uses_anonymous_args = 0
 1954 0000 80B5     		push	{r7, lr}
 1955              	.LCFI55:
 1956              		.cfi_def_cfa_offset 8
 1957              		.cfi_offset 7, -8
 1958              		.cfi_offset 14, -4
 1959 0002 84B0     		sub	sp, sp, #16
 1960              	.LCFI56:
 1961              		.cfi_def_cfa_offset 24
 1962 0004 00AF     		add	r7, sp, #0
 1963              	.LCFI57:
 1964              		.cfi_def_cfa_register 7
 1965 0006 7860     		str	r0, [r7, #4]
1706:Middlewares/Third_Party/FreeRTOS/Source/tasks.c **** 	TCB_t *pxTCB;
1707:Middlewares/Third_Party/FreeRTOS/Source/tasks.c **** 
1708:Middlewares/Third_Party/FreeRTOS/Source/tasks.c **** 		taskENTER_CRITICAL();
 1966              		.loc 1 1708 3
 1967 0008 FFF7FEFF 		bl	vPortEnterCritical
ARM GAS  /tmp/ccsbjPFO.s 			page 69


1709:Middlewares/Third_Party/FreeRTOS/Source/tasks.c **** 		{
1710:Middlewares/Third_Party/FreeRTOS/Source/tasks.c **** 			/* If null is passed in here then it is the running task that is
1711:Middlewares/Third_Party/FreeRTOS/Source/tasks.c **** 			being suspended. */
1712:Middlewares/Third_Party/FreeRTOS/Source/tasks.c **** 			pxTCB = prvGetTCBFromHandle( xTaskToSuspend );
 1968              		.loc 1 1712 12
 1969 000c 7B68     		ldr	r3, [r7, #4]
 1970 000e 002B     		cmp	r3, #0
 1971 0010 03D1     		bne	.L118
 1972              		.loc 1 1712 10 discriminator 1
 1973 0012 314B     		ldr	r3, .L129
 1974 0014 1B68     		ldr	r3, [r3]
 1975 0016 FB60     		str	r3, [r7, #12]
 1976 0018 01E0     		b	.L119
 1977              	.L118:
 1978              		.loc 1 1712 10 is_stmt 0 discriminator 2
 1979 001a 7B68     		ldr	r3, [r7, #4]
 1980 001c FB60     		str	r3, [r7, #12]
 1981              	.L119:
1713:Middlewares/Third_Party/FreeRTOS/Source/tasks.c **** 
1714:Middlewares/Third_Party/FreeRTOS/Source/tasks.c **** 			traceTASK_SUSPEND( pxTCB );
1715:Middlewares/Third_Party/FreeRTOS/Source/tasks.c **** 
1716:Middlewares/Third_Party/FreeRTOS/Source/tasks.c **** 			/* Remove task from the ready/delayed list and place in the
1717:Middlewares/Third_Party/FreeRTOS/Source/tasks.c **** 			suspended list. */
1718:Middlewares/Third_Party/FreeRTOS/Source/tasks.c **** 			if( uxListRemove( &( pxTCB->xStateListItem ) ) == ( UBaseType_t ) 0 )
 1982              		.loc 1 1718 22 is_stmt 1
 1983 001e FB68     		ldr	r3, [r7, #12]
 1984 0020 0433     		adds	r3, r3, #4
 1985              		.loc 1 1718 8
 1986 0022 1846     		mov	r0, r3
 1987 0024 FFF7FEFF 		bl	uxListRemove
1719:Middlewares/Third_Party/FreeRTOS/Source/tasks.c **** 			{
1720:Middlewares/Third_Party/FreeRTOS/Source/tasks.c **** 				taskRESET_READY_PRIORITY( pxTCB->uxPriority );
1721:Middlewares/Third_Party/FreeRTOS/Source/tasks.c **** 			}
1722:Middlewares/Third_Party/FreeRTOS/Source/tasks.c **** 			else
1723:Middlewares/Third_Party/FreeRTOS/Source/tasks.c **** 			{
1724:Middlewares/Third_Party/FreeRTOS/Source/tasks.c **** 				mtCOVERAGE_TEST_MARKER();
1725:Middlewares/Third_Party/FreeRTOS/Source/tasks.c **** 			}
1726:Middlewares/Third_Party/FreeRTOS/Source/tasks.c **** 
1727:Middlewares/Third_Party/FreeRTOS/Source/tasks.c **** 			/* Is the task waiting on an event also? */
1728:Middlewares/Third_Party/FreeRTOS/Source/tasks.c **** 			if( listLIST_ITEM_CONTAINER( &( pxTCB->xEventListItem ) ) != NULL )
 1988              		.loc 1 1728 8
 1989 0028 FB68     		ldr	r3, [r7, #12]
 1990 002a 9B6A     		ldr	r3, [r3, #40]
 1991              		.loc 1 1728 6
 1992 002c 002B     		cmp	r3, #0
 1993 002e 04D0     		beq	.L120
1729:Middlewares/Third_Party/FreeRTOS/Source/tasks.c **** 			{
1730:Middlewares/Third_Party/FreeRTOS/Source/tasks.c **** 				( void ) uxListRemove( &( pxTCB->xEventListItem ) );
 1994              		.loc 1 1730 28
 1995 0030 FB68     		ldr	r3, [r7, #12]
 1996 0032 1833     		adds	r3, r3, #24
 1997              		.loc 1 1730 14
 1998 0034 1846     		mov	r0, r3
 1999 0036 FFF7FEFF 		bl	uxListRemove
 2000              	.L120:
1731:Middlewares/Third_Party/FreeRTOS/Source/tasks.c **** 			}
1732:Middlewares/Third_Party/FreeRTOS/Source/tasks.c **** 			else
ARM GAS  /tmp/ccsbjPFO.s 			page 70


1733:Middlewares/Third_Party/FreeRTOS/Source/tasks.c **** 			{
1734:Middlewares/Third_Party/FreeRTOS/Source/tasks.c **** 				mtCOVERAGE_TEST_MARKER();
1735:Middlewares/Third_Party/FreeRTOS/Source/tasks.c **** 			}
1736:Middlewares/Third_Party/FreeRTOS/Source/tasks.c **** 
1737:Middlewares/Third_Party/FreeRTOS/Source/tasks.c **** 			vListInsertEnd( &xSuspendedTaskList, &( pxTCB->xStateListItem ) );
 2001              		.loc 1 1737 41
 2002 003a FB68     		ldr	r3, [r7, #12]
 2003 003c 0433     		adds	r3, r3, #4
 2004              		.loc 1 1737 4
 2005 003e 1946     		mov	r1, r3
 2006 0040 2648     		ldr	r0, .L129+4
 2007 0042 FFF7FEFF 		bl	vListInsertEnd
1738:Middlewares/Third_Party/FreeRTOS/Source/tasks.c **** 
1739:Middlewares/Third_Party/FreeRTOS/Source/tasks.c **** 			#if( configUSE_TASK_NOTIFICATIONS == 1 )
1740:Middlewares/Third_Party/FreeRTOS/Source/tasks.c **** 			{
1741:Middlewares/Third_Party/FreeRTOS/Source/tasks.c **** 				if( pxTCB->ucNotifyState == taskWAITING_NOTIFICATION )
 2008              		.loc 1 1741 14
 2009 0046 FB68     		ldr	r3, [r7, #12]
 2010 0048 93F86030 		ldrb	r3, [r3, #96]
 2011 004c DBB2     		uxtb	r3, r3
 2012              		.loc 1 1741 7
 2013 004e 012B     		cmp	r3, #1
 2014 0050 03D1     		bne	.L121
1742:Middlewares/Third_Party/FreeRTOS/Source/tasks.c **** 				{
1743:Middlewares/Third_Party/FreeRTOS/Source/tasks.c **** 					/* The task was blocked to wait for a notification, but is
1744:Middlewares/Third_Party/FreeRTOS/Source/tasks.c **** 					now suspended, so no notification was received. */
1745:Middlewares/Third_Party/FreeRTOS/Source/tasks.c **** 					pxTCB->ucNotifyState = taskNOT_WAITING_NOTIFICATION;
 2015              		.loc 1 1745 27
 2016 0052 FB68     		ldr	r3, [r7, #12]
 2017 0054 0022     		movs	r2, #0
 2018 0056 83F86020 		strb	r2, [r3, #96]
 2019              	.L121:
1746:Middlewares/Third_Party/FreeRTOS/Source/tasks.c **** 				}
1747:Middlewares/Third_Party/FreeRTOS/Source/tasks.c **** 			}
1748:Middlewares/Third_Party/FreeRTOS/Source/tasks.c **** 			#endif
1749:Middlewares/Third_Party/FreeRTOS/Source/tasks.c **** 		}
1750:Middlewares/Third_Party/FreeRTOS/Source/tasks.c **** 		taskEXIT_CRITICAL();
 2020              		.loc 1 1750 3
 2021 005a FFF7FEFF 		bl	vPortExitCritical
1751:Middlewares/Third_Party/FreeRTOS/Source/tasks.c **** 
1752:Middlewares/Third_Party/FreeRTOS/Source/tasks.c **** 		if( xSchedulerRunning != pdFALSE )
 2022              		.loc 1 1752 25
 2023 005e 204B     		ldr	r3, .L129+8
 2024 0060 1B68     		ldr	r3, [r3]
 2025              		.loc 1 1752 5
 2026 0062 002B     		cmp	r3, #0
 2027 0064 05D0     		beq	.L122
1753:Middlewares/Third_Party/FreeRTOS/Source/tasks.c **** 		{
1754:Middlewares/Third_Party/FreeRTOS/Source/tasks.c **** 			/* Reset the next expected unblock time in case it referred to the
1755:Middlewares/Third_Party/FreeRTOS/Source/tasks.c **** 			task that is now in the Suspended state. */
1756:Middlewares/Third_Party/FreeRTOS/Source/tasks.c **** 			taskENTER_CRITICAL();
 2028              		.loc 1 1756 4
 2029 0066 FFF7FEFF 		bl	vPortEnterCritical
1757:Middlewares/Third_Party/FreeRTOS/Source/tasks.c **** 			{
1758:Middlewares/Third_Party/FreeRTOS/Source/tasks.c **** 				prvResetNextTaskUnblockTime();
 2030              		.loc 1 1758 5
 2031 006a FFF7FEFF 		bl	prvResetNextTaskUnblockTime
ARM GAS  /tmp/ccsbjPFO.s 			page 71


1759:Middlewares/Third_Party/FreeRTOS/Source/tasks.c **** 			}
1760:Middlewares/Third_Party/FreeRTOS/Source/tasks.c **** 			taskEXIT_CRITICAL();
 2032              		.loc 1 1760 4
 2033 006e FFF7FEFF 		bl	vPortExitCritical
 2034              	.L122:
1761:Middlewares/Third_Party/FreeRTOS/Source/tasks.c **** 		}
1762:Middlewares/Third_Party/FreeRTOS/Source/tasks.c **** 		else
1763:Middlewares/Third_Party/FreeRTOS/Source/tasks.c **** 		{
1764:Middlewares/Third_Party/FreeRTOS/Source/tasks.c **** 			mtCOVERAGE_TEST_MARKER();
1765:Middlewares/Third_Party/FreeRTOS/Source/tasks.c **** 		}
1766:Middlewares/Third_Party/FreeRTOS/Source/tasks.c **** 
1767:Middlewares/Third_Party/FreeRTOS/Source/tasks.c **** 		if( pxTCB == pxCurrentTCB )
 2035              		.loc 1 1767 13
 2036 0072 194B     		ldr	r3, .L129
 2037 0074 1B68     		ldr	r3, [r3]
 2038              		.loc 1 1767 5
 2039 0076 FA68     		ldr	r2, [r7, #12]
 2040 0078 9A42     		cmp	r2, r3
 2041 007a 28D1     		bne	.L128
1768:Middlewares/Third_Party/FreeRTOS/Source/tasks.c **** 		{
1769:Middlewares/Third_Party/FreeRTOS/Source/tasks.c **** 			if( xSchedulerRunning != pdFALSE )
 2042              		.loc 1 1769 26
 2043 007c 184B     		ldr	r3, .L129+8
 2044 007e 1B68     		ldr	r3, [r3]
 2045              		.loc 1 1769 6
 2046 0080 002B     		cmp	r3, #0
 2047 0082 18D0     		beq	.L124
1770:Middlewares/Third_Party/FreeRTOS/Source/tasks.c **** 			{
1771:Middlewares/Third_Party/FreeRTOS/Source/tasks.c **** 				/* The current task has just been suspended. */
1772:Middlewares/Third_Party/FreeRTOS/Source/tasks.c **** 				configASSERT( uxSchedulerSuspended == 0 );
 2048              		.loc 1 1772 5
 2049 0084 174B     		ldr	r3, .L129+12
 2050 0086 1B68     		ldr	r3, [r3]
 2051 0088 002B     		cmp	r3, #0
 2052 008a 0BD0     		beq	.L125
 2053              	.LBB155:
 2054              	.LBB156:
 195:Middlewares/Third_Party/FreeRTOS/Source/portable/GCC/ARM_CM4F/portmacro.h **** 	(
 2055              		.loc 2 195 2
 2056              		.syntax unified
 2057              	@ 195 "Middlewares/Third_Party/FreeRTOS/Source/portable/GCC/ARM_CM4F/portmacro.h" 1
 2058 008c 4FF05003 			mov r3, #80												
 2059 0090 83F31188 		msr basepri, r3											
 2060 0094 BFF36F8F 		isb														
 2061 0098 BFF34F8F 		dsb														
 2062              	
 2063              	@ 0 "" 2
 2064              		.thumb
 2065              		.syntax unified
 2066 009c BB60     		str	r3, [r7, #8]
 203:Middlewares/Third_Party/FreeRTOS/Source/portable/GCC/ARM_CM4F/portmacro.h **** 
 2067              		.loc 2 203 1
 2068 009e 00BF     		nop
 2069              	.L126:
 2070              	.LBE156:
 2071              	.LBE155:
 2072              		.loc 1 1772 5
ARM GAS  /tmp/ccsbjPFO.s 			page 72


 2073 00a0 00BF     		nop
 2074 00a2 FDE7     		b	.L126
 2075              	.L125:
1773:Middlewares/Third_Party/FreeRTOS/Source/tasks.c **** 				portYIELD_WITHIN_API();
 2076              		.loc 1 1773 5
 2077 00a4 104B     		ldr	r3, .L129+16
 2078 00a6 4FF08052 		mov	r2, #268435456
 2079 00aa 1A60     		str	r2, [r3]
 2080              		.syntax unified
 2081              	@ 1773 "Middlewares/Third_Party/FreeRTOS/Source/tasks.c" 1
 2082 00ac BFF34F8F 		dsb
 2083              	@ 0 "" 2
 2084              	@ 1773 "Middlewares/Third_Party/FreeRTOS/Source/tasks.c" 1
 2085 00b0 BFF36F8F 		isb
 2086              	@ 0 "" 2
1774:Middlewares/Third_Party/FreeRTOS/Source/tasks.c **** 			}
1775:Middlewares/Third_Party/FreeRTOS/Source/tasks.c **** 			else
1776:Middlewares/Third_Party/FreeRTOS/Source/tasks.c **** 			{
1777:Middlewares/Third_Party/FreeRTOS/Source/tasks.c **** 				/* The scheduler is not running, but the task that was pointed
1778:Middlewares/Third_Party/FreeRTOS/Source/tasks.c **** 				to by pxCurrentTCB has just been suspended and pxCurrentTCB
1779:Middlewares/Third_Party/FreeRTOS/Source/tasks.c **** 				must be adjusted to point to a different task. */
1780:Middlewares/Third_Party/FreeRTOS/Source/tasks.c **** 				if( listCURRENT_LIST_LENGTH( &xSuspendedTaskList ) == uxCurrentNumberOfTasks ) /*lint !e931 Rig
1781:Middlewares/Third_Party/FreeRTOS/Source/tasks.c **** 				{
1782:Middlewares/Third_Party/FreeRTOS/Source/tasks.c **** 					/* No other tasks are ready, so set pxCurrentTCB back to
1783:Middlewares/Third_Party/FreeRTOS/Source/tasks.c **** 					NULL so when the next task is created pxCurrentTCB will
1784:Middlewares/Third_Party/FreeRTOS/Source/tasks.c **** 					be set to point to it no matter what its relative priority
1785:Middlewares/Third_Party/FreeRTOS/Source/tasks.c **** 					is. */
1786:Middlewares/Third_Party/FreeRTOS/Source/tasks.c **** 					pxCurrentTCB = NULL;
1787:Middlewares/Third_Party/FreeRTOS/Source/tasks.c **** 				}
1788:Middlewares/Third_Party/FreeRTOS/Source/tasks.c **** 				else
1789:Middlewares/Third_Party/FreeRTOS/Source/tasks.c **** 				{
1790:Middlewares/Third_Party/FreeRTOS/Source/tasks.c **** 					vTaskSwitchContext();
1791:Middlewares/Third_Party/FreeRTOS/Source/tasks.c **** 				}
1792:Middlewares/Third_Party/FreeRTOS/Source/tasks.c **** 			}
1793:Middlewares/Third_Party/FreeRTOS/Source/tasks.c **** 		}
1794:Middlewares/Third_Party/FreeRTOS/Source/tasks.c **** 		else
1795:Middlewares/Third_Party/FreeRTOS/Source/tasks.c **** 		{
1796:Middlewares/Third_Party/FreeRTOS/Source/tasks.c **** 			mtCOVERAGE_TEST_MARKER();
1797:Middlewares/Third_Party/FreeRTOS/Source/tasks.c **** 		}
1798:Middlewares/Third_Party/FreeRTOS/Source/tasks.c **** 	}
 2087              		.loc 1 1798 2
 2088              		.thumb
 2089              		.syntax unified
 2090 00b4 0BE0     		b	.L128
 2091              	.L124:
1780:Middlewares/Third_Party/FreeRTOS/Source/tasks.c **** 				{
 2092              		.loc 1 1780 9
 2093 00b6 094B     		ldr	r3, .L129+4
 2094 00b8 1A68     		ldr	r2, [r3]
1780:Middlewares/Third_Party/FreeRTOS/Source/tasks.c **** 				{
 2095              		.loc 1 1780 56
 2096 00ba 0C4B     		ldr	r3, .L129+20
 2097 00bc 1B68     		ldr	r3, [r3]
1780:Middlewares/Third_Party/FreeRTOS/Source/tasks.c **** 				{
 2098              		.loc 1 1780 7
 2099 00be 9A42     		cmp	r2, r3
 2100 00c0 03D1     		bne	.L127
ARM GAS  /tmp/ccsbjPFO.s 			page 73


1786:Middlewares/Third_Party/FreeRTOS/Source/tasks.c **** 				}
 2101              		.loc 1 1786 19
 2102 00c2 054B     		ldr	r3, .L129
 2103 00c4 0022     		movs	r2, #0
 2104 00c6 1A60     		str	r2, [r3]
 2105              		.loc 1 1798 2
 2106 00c8 01E0     		b	.L128
 2107              	.L127:
1790:Middlewares/Third_Party/FreeRTOS/Source/tasks.c **** 				}
 2108              		.loc 1 1790 6
 2109 00ca FFF7FEFF 		bl	vTaskSwitchContext
 2110              	.L128:
 2111              		.loc 1 1798 2
 2112 00ce 00BF     		nop
 2113 00d0 1037     		adds	r7, r7, #16
 2114              	.LCFI58:
 2115              		.cfi_def_cfa_offset 8
 2116 00d2 BD46     		mov	sp, r7
 2117              	.LCFI59:
 2118              		.cfi_def_cfa_register 13
 2119              		@ sp needed
 2120 00d4 80BD     		pop	{r7, pc}
 2121              	.L130:
 2122 00d6 00BF     		.align	2
 2123              	.L129:
 2124 00d8 00000000 		.word	pxCurrentTCB
 2125 00dc 00000000 		.word	xSuspendedTaskList
 2126 00e0 00000000 		.word	xSchedulerRunning
 2127 00e4 00000000 		.word	uxSchedulerSuspended
 2128 00e8 04ED00E0 		.word	-536810236
 2129 00ec 00000000 		.word	uxCurrentNumberOfTasks
 2130              		.cfi_endproc
 2131              	.LFE15:
 2133              		.section	.text.prvTaskIsTaskSuspended,"ax",%progbits
 2134              		.align	1
 2135              		.syntax unified
 2136              		.thumb
 2137              		.thumb_func
 2139              	prvTaskIsTaskSuspended:
 2140              	.LFB16:
1799:Middlewares/Third_Party/FreeRTOS/Source/tasks.c **** 
1800:Middlewares/Third_Party/FreeRTOS/Source/tasks.c **** #endif /* INCLUDE_vTaskSuspend */
1801:Middlewares/Third_Party/FreeRTOS/Source/tasks.c **** /*-----------------------------------------------------------*/
1802:Middlewares/Third_Party/FreeRTOS/Source/tasks.c **** 
1803:Middlewares/Third_Party/FreeRTOS/Source/tasks.c **** #if ( INCLUDE_vTaskSuspend == 1 )
1804:Middlewares/Third_Party/FreeRTOS/Source/tasks.c **** 
1805:Middlewares/Third_Party/FreeRTOS/Source/tasks.c **** 	static BaseType_t prvTaskIsTaskSuspended( const TaskHandle_t xTask )
1806:Middlewares/Third_Party/FreeRTOS/Source/tasks.c **** 	{
 2141              		.loc 1 1806 2
 2142              		.cfi_startproc
 2143              		@ args = 0, pretend = 0, frame = 24
 2144              		@ frame_needed = 1, uses_anonymous_args = 0
 2145              		@ link register save eliminated.
 2146 0000 80B4     		push	{r7}
 2147              	.LCFI60:
 2148              		.cfi_def_cfa_offset 4
 2149              		.cfi_offset 7, -4
ARM GAS  /tmp/ccsbjPFO.s 			page 74


 2150 0002 87B0     		sub	sp, sp, #28
 2151              	.LCFI61:
 2152              		.cfi_def_cfa_offset 32
 2153 0004 00AF     		add	r7, sp, #0
 2154              	.LCFI62:
 2155              		.cfi_def_cfa_register 7
 2156 0006 7860     		str	r0, [r7, #4]
1807:Middlewares/Third_Party/FreeRTOS/Source/tasks.c **** 	BaseType_t xReturn = pdFALSE;
 2157              		.loc 1 1807 13
 2158 0008 0023     		movs	r3, #0
 2159 000a 7B61     		str	r3, [r7, #20]
1808:Middlewares/Third_Party/FreeRTOS/Source/tasks.c **** 	const TCB_t * const pxTCB = xTask;
 2160              		.loc 1 1808 22
 2161 000c 7B68     		ldr	r3, [r7, #4]
 2162 000e 3B61     		str	r3, [r7, #16]
1809:Middlewares/Third_Party/FreeRTOS/Source/tasks.c **** 
1810:Middlewares/Third_Party/FreeRTOS/Source/tasks.c **** 		/* Accesses xPendingReadyList so must be called from a critical
1811:Middlewares/Third_Party/FreeRTOS/Source/tasks.c **** 		section. */
1812:Middlewares/Third_Party/FreeRTOS/Source/tasks.c **** 
1813:Middlewares/Third_Party/FreeRTOS/Source/tasks.c **** 		/* It does not make sense to check if the calling task is suspended. */
1814:Middlewares/Third_Party/FreeRTOS/Source/tasks.c **** 		configASSERT( xTask );
 2163              		.loc 1 1814 3
 2164 0010 7B68     		ldr	r3, [r7, #4]
 2165 0012 002B     		cmp	r3, #0
 2166 0014 0BD1     		bne	.L132
 2167              	.LBB157:
 2168              	.LBB158:
 195:Middlewares/Third_Party/FreeRTOS/Source/portable/GCC/ARM_CM4F/portmacro.h **** 	(
 2169              		.loc 2 195 2
 2170              		.syntax unified
 2171              	@ 195 "Middlewares/Third_Party/FreeRTOS/Source/portable/GCC/ARM_CM4F/portmacro.h" 1
 2172 0016 4FF05003 			mov r3, #80												
 2173 001a 83F31188 		msr basepri, r3											
 2174 001e BFF36F8F 		isb														
 2175 0022 BFF34F8F 		dsb														
 2176              	
 2177              	@ 0 "" 2
 2178              		.thumb
 2179              		.syntax unified
 2180 0026 FB60     		str	r3, [r7, #12]
 203:Middlewares/Third_Party/FreeRTOS/Source/portable/GCC/ARM_CM4F/portmacro.h **** 
 2181              		.loc 2 203 1
 2182 0028 00BF     		nop
 2183              	.L133:
 2184              	.LBE158:
 2185              	.LBE157:
 2186              		.loc 1 1814 3
 2187 002a 00BF     		nop
 2188 002c FDE7     		b	.L133
 2189              	.L132:
1815:Middlewares/Third_Party/FreeRTOS/Source/tasks.c **** 
1816:Middlewares/Third_Party/FreeRTOS/Source/tasks.c **** 		/* Is the task being resumed actually in the suspended list? */
1817:Middlewares/Third_Party/FreeRTOS/Source/tasks.c **** 		if( listIS_CONTAINED_WITHIN( &xSuspendedTaskList, &( pxTCB->xStateListItem ) ) != pdFALSE )
 2190              		.loc 1 1817 7
 2191 002e 3B69     		ldr	r3, [r7, #16]
 2192 0030 5B69     		ldr	r3, [r3, #20]
 2193              		.loc 1 1817 5
ARM GAS  /tmp/ccsbjPFO.s 			page 75


 2194 0032 0A4A     		ldr	r2, .L136
 2195 0034 9342     		cmp	r3, r2
 2196 0036 0AD1     		bne	.L134
1818:Middlewares/Third_Party/FreeRTOS/Source/tasks.c **** 		{
1819:Middlewares/Third_Party/FreeRTOS/Source/tasks.c **** 			/* Has the task already been resumed from within an ISR? */
1820:Middlewares/Third_Party/FreeRTOS/Source/tasks.c **** 			if( listIS_CONTAINED_WITHIN( &xPendingReadyList, &( pxTCB->xEventListItem ) ) == pdFALSE )
 2197              		.loc 1 1820 8
 2198 0038 3B69     		ldr	r3, [r7, #16]
 2199 003a 9B6A     		ldr	r3, [r3, #40]
 2200              		.loc 1 1820 6
 2201 003c 084A     		ldr	r2, .L136+4
 2202 003e 9342     		cmp	r3, r2
 2203 0040 05D0     		beq	.L134
1821:Middlewares/Third_Party/FreeRTOS/Source/tasks.c **** 			{
1822:Middlewares/Third_Party/FreeRTOS/Source/tasks.c **** 				/* Is it in the suspended list because it is in the	Suspended
1823:Middlewares/Third_Party/FreeRTOS/Source/tasks.c **** 				state, or because is is blocked with no timeout? */
1824:Middlewares/Third_Party/FreeRTOS/Source/tasks.c **** 				if( listIS_CONTAINED_WITHIN( NULL, &( pxTCB->xEventListItem ) ) != pdFALSE ) /*lint !e961.  The
 2204              		.loc 1 1824 9
 2205 0042 3B69     		ldr	r3, [r7, #16]
 2206 0044 9B6A     		ldr	r3, [r3, #40]
 2207              		.loc 1 1824 7
 2208 0046 002B     		cmp	r3, #0
 2209 0048 01D1     		bne	.L134
1825:Middlewares/Third_Party/FreeRTOS/Source/tasks.c **** 				{
1826:Middlewares/Third_Party/FreeRTOS/Source/tasks.c **** 					xReturn = pdTRUE;
 2210              		.loc 1 1826 14
 2211 004a 0123     		movs	r3, #1
 2212 004c 7B61     		str	r3, [r7, #20]
 2213              	.L134:
1827:Middlewares/Third_Party/FreeRTOS/Source/tasks.c **** 				}
1828:Middlewares/Third_Party/FreeRTOS/Source/tasks.c **** 				else
1829:Middlewares/Third_Party/FreeRTOS/Source/tasks.c **** 				{
1830:Middlewares/Third_Party/FreeRTOS/Source/tasks.c **** 					mtCOVERAGE_TEST_MARKER();
1831:Middlewares/Third_Party/FreeRTOS/Source/tasks.c **** 				}
1832:Middlewares/Third_Party/FreeRTOS/Source/tasks.c **** 			}
1833:Middlewares/Third_Party/FreeRTOS/Source/tasks.c **** 			else
1834:Middlewares/Third_Party/FreeRTOS/Source/tasks.c **** 			{
1835:Middlewares/Third_Party/FreeRTOS/Source/tasks.c **** 				mtCOVERAGE_TEST_MARKER();
1836:Middlewares/Third_Party/FreeRTOS/Source/tasks.c **** 			}
1837:Middlewares/Third_Party/FreeRTOS/Source/tasks.c **** 		}
1838:Middlewares/Third_Party/FreeRTOS/Source/tasks.c **** 		else
1839:Middlewares/Third_Party/FreeRTOS/Source/tasks.c **** 		{
1840:Middlewares/Third_Party/FreeRTOS/Source/tasks.c **** 			mtCOVERAGE_TEST_MARKER();
1841:Middlewares/Third_Party/FreeRTOS/Source/tasks.c **** 		}
1842:Middlewares/Third_Party/FreeRTOS/Source/tasks.c **** 
1843:Middlewares/Third_Party/FreeRTOS/Source/tasks.c **** 		return xReturn;
 2214              		.loc 1 1843 10
 2215 004e 7B69     		ldr	r3, [r7, #20]
1844:Middlewares/Third_Party/FreeRTOS/Source/tasks.c **** 	} /*lint !e818 xTask cannot be a pointer to const because it is a typedef. */
 2216              		.loc 1 1844 2
 2217 0050 1846     		mov	r0, r3
 2218 0052 1C37     		adds	r7, r7, #28
 2219              	.LCFI63:
 2220              		.cfi_def_cfa_offset 4
 2221 0054 BD46     		mov	sp, r7
 2222              	.LCFI64:
 2223              		.cfi_def_cfa_register 13
ARM GAS  /tmp/ccsbjPFO.s 			page 76


 2224              		@ sp needed
 2225 0056 80BC     		pop	{r7}
 2226              	.LCFI65:
 2227              		.cfi_restore 7
 2228              		.cfi_def_cfa_offset 0
 2229 0058 7047     		bx	lr
 2230              	.L137:
 2231 005a 00BF     		.align	2
 2232              	.L136:
 2233 005c 00000000 		.word	xSuspendedTaskList
 2234 0060 00000000 		.word	xPendingReadyList
 2235              		.cfi_endproc
 2236              	.LFE16:
 2238              		.section	.text.vTaskResume,"ax",%progbits
 2239              		.align	1
 2240              		.global	vTaskResume
 2241              		.syntax unified
 2242              		.thumb
 2243              		.thumb_func
 2245              	vTaskResume:
 2246              	.LFB17:
1845:Middlewares/Third_Party/FreeRTOS/Source/tasks.c **** 
1846:Middlewares/Third_Party/FreeRTOS/Source/tasks.c **** #endif /* INCLUDE_vTaskSuspend */
1847:Middlewares/Third_Party/FreeRTOS/Source/tasks.c **** /*-----------------------------------------------------------*/
1848:Middlewares/Third_Party/FreeRTOS/Source/tasks.c **** 
1849:Middlewares/Third_Party/FreeRTOS/Source/tasks.c **** #if ( INCLUDE_vTaskSuspend == 1 )
1850:Middlewares/Third_Party/FreeRTOS/Source/tasks.c **** 
1851:Middlewares/Third_Party/FreeRTOS/Source/tasks.c **** 	void vTaskResume( TaskHandle_t xTaskToResume )
1852:Middlewares/Third_Party/FreeRTOS/Source/tasks.c **** 	{
 2247              		.loc 1 1852 2
 2248              		.cfi_startproc
 2249              		@ args = 0, pretend = 0, frame = 16
 2250              		@ frame_needed = 1, uses_anonymous_args = 0
 2251 0000 80B5     		push	{r7, lr}
 2252              	.LCFI66:
 2253              		.cfi_def_cfa_offset 8
 2254              		.cfi_offset 7, -8
 2255              		.cfi_offset 14, -4
 2256 0002 84B0     		sub	sp, sp, #16
 2257              	.LCFI67:
 2258              		.cfi_def_cfa_offset 24
 2259 0004 00AF     		add	r7, sp, #0
 2260              	.LCFI68:
 2261              		.cfi_def_cfa_register 7
 2262 0006 7860     		str	r0, [r7, #4]
1853:Middlewares/Third_Party/FreeRTOS/Source/tasks.c **** 	TCB_t * const pxTCB = xTaskToResume;
 2263              		.loc 1 1853 16
 2264 0008 7B68     		ldr	r3, [r7, #4]
 2265 000a FB60     		str	r3, [r7, #12]
1854:Middlewares/Third_Party/FreeRTOS/Source/tasks.c **** 
1855:Middlewares/Third_Party/FreeRTOS/Source/tasks.c **** 		/* It does not make sense to resume the calling task. */
1856:Middlewares/Third_Party/FreeRTOS/Source/tasks.c **** 		configASSERT( xTaskToResume );
 2266              		.loc 1 1856 3
 2267 000c 7B68     		ldr	r3, [r7, #4]
 2268 000e 002B     		cmp	r3, #0
 2269 0010 0BD1     		bne	.L139
 2270              	.LBB159:
ARM GAS  /tmp/ccsbjPFO.s 			page 77


 2271              	.LBB160:
 195:Middlewares/Third_Party/FreeRTOS/Source/portable/GCC/ARM_CM4F/portmacro.h **** 	(
 2272              		.loc 2 195 2
 2273              		.syntax unified
 2274              	@ 195 "Middlewares/Third_Party/FreeRTOS/Source/portable/GCC/ARM_CM4F/portmacro.h" 1
 2275 0012 4FF05003 			mov r3, #80												
 2276 0016 83F31188 		msr basepri, r3											
 2277 001a BFF36F8F 		isb														
 2278 001e BFF34F8F 		dsb														
 2279              	
 2280              	@ 0 "" 2
 2281              		.thumb
 2282              		.syntax unified
 2283 0022 BB60     		str	r3, [r7, #8]
 203:Middlewares/Third_Party/FreeRTOS/Source/portable/GCC/ARM_CM4F/portmacro.h **** 
 2284              		.loc 2 203 1
 2285 0024 00BF     		nop
 2286              	.L140:
 2287              	.LBE160:
 2288              	.LBE159:
 2289              		.loc 1 1856 3
 2290 0026 00BF     		nop
 2291 0028 FDE7     		b	.L140
 2292              	.L139:
1857:Middlewares/Third_Party/FreeRTOS/Source/tasks.c **** 
1858:Middlewares/Third_Party/FreeRTOS/Source/tasks.c **** 		/* The parameter cannot be NULL as it is impossible to resume the
1859:Middlewares/Third_Party/FreeRTOS/Source/tasks.c **** 		currently executing task. */
1860:Middlewares/Third_Party/FreeRTOS/Source/tasks.c **** 		if( ( pxTCB != pxCurrentTCB ) && ( pxTCB != NULL ) )
 2293              		.loc 1 1860 15
 2294 002a 214B     		ldr	r3, .L145
 2295 002c 1B68     		ldr	r3, [r3]
 2296              		.loc 1 1860 5
 2297 002e FA68     		ldr	r2, [r7, #12]
 2298 0030 9A42     		cmp	r2, r3
 2299 0032 38D0     		beq	.L144
 2300              		.loc 1 1860 33 discriminator 1
 2301 0034 FB68     		ldr	r3, [r7, #12]
 2302 0036 002B     		cmp	r3, #0
 2303 0038 35D0     		beq	.L144
1861:Middlewares/Third_Party/FreeRTOS/Source/tasks.c **** 		{
1862:Middlewares/Third_Party/FreeRTOS/Source/tasks.c **** 			taskENTER_CRITICAL();
 2304              		.loc 1 1862 4
 2305 003a FFF7FEFF 		bl	vPortEnterCritical
1863:Middlewares/Third_Party/FreeRTOS/Source/tasks.c **** 			{
1864:Middlewares/Third_Party/FreeRTOS/Source/tasks.c **** 				if( prvTaskIsTaskSuspended( pxTCB ) != pdFALSE )
 2306              		.loc 1 1864 9
 2307 003e F868     		ldr	r0, [r7, #12]
 2308 0040 FFF7FEFF 		bl	prvTaskIsTaskSuspended
 2309 0044 0346     		mov	r3, r0
 2310              		.loc 1 1864 7 discriminator 1
 2311 0046 002B     		cmp	r3, #0
 2312 0048 2BD0     		beq	.L142
1865:Middlewares/Third_Party/FreeRTOS/Source/tasks.c **** 				{
1866:Middlewares/Third_Party/FreeRTOS/Source/tasks.c **** 					traceTASK_RESUME( pxTCB );
1867:Middlewares/Third_Party/FreeRTOS/Source/tasks.c **** 
1868:Middlewares/Third_Party/FreeRTOS/Source/tasks.c **** 					/* The ready list can be accessed even if the scheduler is
1869:Middlewares/Third_Party/FreeRTOS/Source/tasks.c **** 					suspended because this is inside a critical section. */
ARM GAS  /tmp/ccsbjPFO.s 			page 78


1870:Middlewares/Third_Party/FreeRTOS/Source/tasks.c **** 					( void ) uxListRemove(  &( pxTCB->xStateListItem ) );
 2313              		.loc 1 1870 30
 2314 004a FB68     		ldr	r3, [r7, #12]
 2315 004c 0433     		adds	r3, r3, #4
 2316              		.loc 1 1870 15
 2317 004e 1846     		mov	r0, r3
 2318 0050 FFF7FEFF 		bl	uxListRemove
1871:Middlewares/Third_Party/FreeRTOS/Source/tasks.c **** 					prvAddTaskToReadyList( pxTCB );
 2319              		.loc 1 1871 6
 2320 0054 FB68     		ldr	r3, [r7, #12]
 2321 0056 DA6A     		ldr	r2, [r3, #44]
 2322 0058 164B     		ldr	r3, .L145+4
 2323 005a 1B68     		ldr	r3, [r3]
 2324 005c 9A42     		cmp	r2, r3
 2325 005e 03D9     		bls	.L143
 2326              		.loc 1 1871 6 is_stmt 0 discriminator 1
 2327 0060 FB68     		ldr	r3, [r7, #12]
 2328 0062 DB6A     		ldr	r3, [r3, #44]
 2329 0064 134A     		ldr	r2, .L145+4
 2330 0066 1360     		str	r3, [r2]
 2331              	.L143:
 2332              		.loc 1 1871 6 discriminator 3
 2333 0068 FB68     		ldr	r3, [r7, #12]
 2334 006a DA6A     		ldr	r2, [r3, #44]
 2335 006c 1346     		mov	r3, r2
 2336 006e 9B00     		lsls	r3, r3, #2
 2337 0070 1344     		add	r3, r3, r2
 2338 0072 9B00     		lsls	r3, r3, #2
 2339 0074 104A     		ldr	r2, .L145+8
 2340 0076 1A44     		add	r2, r2, r3
 2341 0078 FB68     		ldr	r3, [r7, #12]
 2342 007a 0433     		adds	r3, r3, #4
 2343 007c 1946     		mov	r1, r3
 2344 007e 1046     		mov	r0, r2
 2345 0080 FFF7FEFF 		bl	vListInsertEnd
1872:Middlewares/Third_Party/FreeRTOS/Source/tasks.c **** 
1873:Middlewares/Third_Party/FreeRTOS/Source/tasks.c **** 					/* A higher priority task may have just been resumed. */
1874:Middlewares/Third_Party/FreeRTOS/Source/tasks.c **** 					if( pxTCB->uxPriority >= pxCurrentTCB->uxPriority )
 2346              		.loc 1 1874 15 is_stmt 1
 2347 0084 FB68     		ldr	r3, [r7, #12]
 2348 0086 DA6A     		ldr	r2, [r3, #44]
 2349              		.loc 1 1874 43
 2350 0088 094B     		ldr	r3, .L145
 2351 008a 1B68     		ldr	r3, [r3]
 2352 008c DB6A     		ldr	r3, [r3, #44]
 2353              		.loc 1 1874 8
 2354 008e 9A42     		cmp	r2, r3
 2355 0090 07D3     		bcc	.L142
1875:Middlewares/Third_Party/FreeRTOS/Source/tasks.c **** 					{
1876:Middlewares/Third_Party/FreeRTOS/Source/tasks.c **** 						/* This yield may not cause the task just resumed to run,
1877:Middlewares/Third_Party/FreeRTOS/Source/tasks.c **** 						but will leave the lists in the correct state for the
1878:Middlewares/Third_Party/FreeRTOS/Source/tasks.c **** 						next yield. */
1879:Middlewares/Third_Party/FreeRTOS/Source/tasks.c **** 						taskYIELD_IF_USING_PREEMPTION();
 2356              		.loc 1 1879 7
 2357 0092 0A4B     		ldr	r3, .L145+12
 2358 0094 4FF08052 		mov	r2, #268435456
 2359 0098 1A60     		str	r2, [r3]
ARM GAS  /tmp/ccsbjPFO.s 			page 79


 2360              		.syntax unified
 2361              	@ 1879 "Middlewares/Third_Party/FreeRTOS/Source/tasks.c" 1
 2362 009a BFF34F8F 		dsb
 2363              	@ 0 "" 2
 2364              	@ 1879 "Middlewares/Third_Party/FreeRTOS/Source/tasks.c" 1
 2365 009e BFF36F8F 		isb
 2366              	@ 0 "" 2
 2367              		.thumb
 2368              		.syntax unified
 2369              	.L142:
1880:Middlewares/Third_Party/FreeRTOS/Source/tasks.c **** 					}
1881:Middlewares/Third_Party/FreeRTOS/Source/tasks.c **** 					else
1882:Middlewares/Third_Party/FreeRTOS/Source/tasks.c **** 					{
1883:Middlewares/Third_Party/FreeRTOS/Source/tasks.c **** 						mtCOVERAGE_TEST_MARKER();
1884:Middlewares/Third_Party/FreeRTOS/Source/tasks.c **** 					}
1885:Middlewares/Third_Party/FreeRTOS/Source/tasks.c **** 				}
1886:Middlewares/Third_Party/FreeRTOS/Source/tasks.c **** 				else
1887:Middlewares/Third_Party/FreeRTOS/Source/tasks.c **** 				{
1888:Middlewares/Third_Party/FreeRTOS/Source/tasks.c **** 					mtCOVERAGE_TEST_MARKER();
1889:Middlewares/Third_Party/FreeRTOS/Source/tasks.c **** 				}
1890:Middlewares/Third_Party/FreeRTOS/Source/tasks.c **** 			}
1891:Middlewares/Third_Party/FreeRTOS/Source/tasks.c **** 			taskEXIT_CRITICAL();
 2370              		.loc 1 1891 4
 2371 00a2 FFF7FEFF 		bl	vPortExitCritical
 2372              	.L144:
1892:Middlewares/Third_Party/FreeRTOS/Source/tasks.c **** 		}
1893:Middlewares/Third_Party/FreeRTOS/Source/tasks.c **** 		else
1894:Middlewares/Third_Party/FreeRTOS/Source/tasks.c **** 		{
1895:Middlewares/Third_Party/FreeRTOS/Source/tasks.c **** 			mtCOVERAGE_TEST_MARKER();
1896:Middlewares/Third_Party/FreeRTOS/Source/tasks.c **** 		}
1897:Middlewares/Third_Party/FreeRTOS/Source/tasks.c **** 	}
 2373              		.loc 1 1897 2
 2374 00a6 00BF     		nop
 2375 00a8 1037     		adds	r7, r7, #16
 2376              	.LCFI69:
 2377              		.cfi_def_cfa_offset 8
 2378 00aa BD46     		mov	sp, r7
 2379              	.LCFI70:
 2380              		.cfi_def_cfa_register 13
 2381              		@ sp needed
 2382 00ac 80BD     		pop	{r7, pc}
 2383              	.L146:
 2384 00ae 00BF     		.align	2
 2385              	.L145:
 2386 00b0 00000000 		.word	pxCurrentTCB
 2387 00b4 00000000 		.word	uxTopReadyPriority
 2388 00b8 00000000 		.word	pxReadyTasksLists
 2389 00bc 04ED00E0 		.word	-536810236
 2390              		.cfi_endproc
 2391              	.LFE17:
 2393              		.section	.text.xTaskResumeFromISR,"ax",%progbits
 2394              		.align	1
 2395              		.global	xTaskResumeFromISR
 2396              		.syntax unified
 2397              		.thumb
 2398              		.thumb_func
 2400              	xTaskResumeFromISR:
ARM GAS  /tmp/ccsbjPFO.s 			page 80


 2401              	.LFB18:
1898:Middlewares/Third_Party/FreeRTOS/Source/tasks.c **** 
1899:Middlewares/Third_Party/FreeRTOS/Source/tasks.c **** #endif /* INCLUDE_vTaskSuspend */
1900:Middlewares/Third_Party/FreeRTOS/Source/tasks.c **** 
1901:Middlewares/Third_Party/FreeRTOS/Source/tasks.c **** /*-----------------------------------------------------------*/
1902:Middlewares/Third_Party/FreeRTOS/Source/tasks.c **** 
1903:Middlewares/Third_Party/FreeRTOS/Source/tasks.c **** #if ( ( INCLUDE_xTaskResumeFromISR == 1 ) && ( INCLUDE_vTaskSuspend == 1 ) )
1904:Middlewares/Third_Party/FreeRTOS/Source/tasks.c **** 
1905:Middlewares/Third_Party/FreeRTOS/Source/tasks.c **** 	BaseType_t xTaskResumeFromISR( TaskHandle_t xTaskToResume )
1906:Middlewares/Third_Party/FreeRTOS/Source/tasks.c **** 	{
 2402              		.loc 1 1906 2
 2403              		.cfi_startproc
 2404              		@ args = 0, pretend = 0, frame = 40
 2405              		@ frame_needed = 1, uses_anonymous_args = 0
 2406 0000 80B5     		push	{r7, lr}
 2407              	.LCFI71:
 2408              		.cfi_def_cfa_offset 8
 2409              		.cfi_offset 7, -8
 2410              		.cfi_offset 14, -4
 2411 0002 8AB0     		sub	sp, sp, #40
 2412              	.LCFI72:
 2413              		.cfi_def_cfa_offset 48
 2414 0004 00AF     		add	r7, sp, #0
 2415              	.LCFI73:
 2416              		.cfi_def_cfa_register 7
 2417 0006 7860     		str	r0, [r7, #4]
1907:Middlewares/Third_Party/FreeRTOS/Source/tasks.c **** 	BaseType_t xYieldRequired = pdFALSE;
 2418              		.loc 1 1907 13
 2419 0008 0023     		movs	r3, #0
 2420 000a 7B62     		str	r3, [r7, #36]
1908:Middlewares/Third_Party/FreeRTOS/Source/tasks.c **** 	TCB_t * const pxTCB = xTaskToResume;
 2421              		.loc 1 1908 16
 2422 000c 7B68     		ldr	r3, [r7, #4]
 2423 000e 3B62     		str	r3, [r7, #32]
1909:Middlewares/Third_Party/FreeRTOS/Source/tasks.c **** 	UBaseType_t uxSavedInterruptStatus;
1910:Middlewares/Third_Party/FreeRTOS/Source/tasks.c **** 
1911:Middlewares/Third_Party/FreeRTOS/Source/tasks.c **** 		configASSERT( xTaskToResume );
 2424              		.loc 1 1911 3
 2425 0010 7B68     		ldr	r3, [r7, #4]
 2426 0012 002B     		cmp	r3, #0
 2427 0014 0BD1     		bne	.L148
 2428              	.LBB161:
 2429              	.LBB162:
 195:Middlewares/Third_Party/FreeRTOS/Source/portable/GCC/ARM_CM4F/portmacro.h **** 	(
 2430              		.loc 2 195 2
 2431              		.syntax unified
 2432              	@ 195 "Middlewares/Third_Party/FreeRTOS/Source/portable/GCC/ARM_CM4F/portmacro.h" 1
 2433 0016 4FF05003 			mov r3, #80												
 2434 001a 83F31188 		msr basepri, r3											
 2435 001e BFF36F8F 		isb														
 2436 0022 BFF34F8F 		dsb														
 2437              	
 2438              	@ 0 "" 2
 2439              		.thumb
 2440              		.syntax unified
 2441 0026 BB61     		str	r3, [r7, #24]
 203:Middlewares/Third_Party/FreeRTOS/Source/portable/GCC/ARM_CM4F/portmacro.h **** 
ARM GAS  /tmp/ccsbjPFO.s 			page 81


 2442              		.loc 2 203 1
 2443 0028 00BF     		nop
 2444              	.L149:
 2445              	.LBE162:
 2446              	.LBE161:
 2447              		.loc 1 1911 3
 2448 002a 00BF     		nop
 2449 002c FDE7     		b	.L149
 2450              	.L148:
1912:Middlewares/Third_Party/FreeRTOS/Source/tasks.c **** 
1913:Middlewares/Third_Party/FreeRTOS/Source/tasks.c **** 		/* RTOS ports that support interrupt nesting have the concept of a
1914:Middlewares/Third_Party/FreeRTOS/Source/tasks.c **** 		maximum	system call (or maximum API call) interrupt priority.
1915:Middlewares/Third_Party/FreeRTOS/Source/tasks.c **** 		Interrupts that are	above the maximum system call priority are keep
1916:Middlewares/Third_Party/FreeRTOS/Source/tasks.c **** 		permanently enabled, even when the RTOS kernel is in a critical section,
1917:Middlewares/Third_Party/FreeRTOS/Source/tasks.c **** 		but cannot make any calls to FreeRTOS API functions.  If configASSERT()
1918:Middlewares/Third_Party/FreeRTOS/Source/tasks.c **** 		is defined in FreeRTOSConfig.h then
1919:Middlewares/Third_Party/FreeRTOS/Source/tasks.c **** 		portASSERT_IF_INTERRUPT_PRIORITY_INVALID() will result in an assertion
1920:Middlewares/Third_Party/FreeRTOS/Source/tasks.c **** 		failure if a FreeRTOS API function is called from an interrupt that has
1921:Middlewares/Third_Party/FreeRTOS/Source/tasks.c **** 		been assigned a priority above the configured maximum system call
1922:Middlewares/Third_Party/FreeRTOS/Source/tasks.c **** 		priority.  Only FreeRTOS functions that end in FromISR can be called
1923:Middlewares/Third_Party/FreeRTOS/Source/tasks.c **** 		from interrupts	that have been assigned a priority at or (logically)
1924:Middlewares/Third_Party/FreeRTOS/Source/tasks.c **** 		below the maximum system call interrupt priority.  FreeRTOS maintains a
1925:Middlewares/Third_Party/FreeRTOS/Source/tasks.c **** 		separate interrupt safe API to ensure interrupt entry is as fast and as
1926:Middlewares/Third_Party/FreeRTOS/Source/tasks.c **** 		simple as possible.  More information (albeit Cortex-M specific) is
1927:Middlewares/Third_Party/FreeRTOS/Source/tasks.c **** 		provided on the following link:
1928:Middlewares/Third_Party/FreeRTOS/Source/tasks.c **** 		https://www.freertos.org/RTOS-Cortex-M3-M4.html */
1929:Middlewares/Third_Party/FreeRTOS/Source/tasks.c **** 		portASSERT_IF_INTERRUPT_PRIORITY_INVALID();
 2451              		.loc 1 1929 3
 2452 002e FFF7FEFF 		bl	vPortValidateInterruptPriority
 2453              	.LBB163:
 2454              	.LBB164:
 211:Middlewares/Third_Party/FreeRTOS/Source/portable/GCC/ARM_CM4F/portmacro.h **** 	(
 2455              		.loc 2 211 2
 2456              		.syntax unified
 2457              	@ 211 "Middlewares/Third_Party/FreeRTOS/Source/portable/GCC/ARM_CM4F/portmacro.h" 1
 2458 0032 EFF31182 			mrs r2, basepri											
 2459 0036 4FF05003 		mov r3, #80												
 2460 003a 83F31188 		msr basepri, r3											
 2461 003e BFF36F8F 		isb														
 2462 0042 BFF34F8F 		dsb														
 2463              	
 2464              	@ 0 "" 2
 2465              		.thumb
 2466              		.syntax unified
 2467 0046 7A61     		str	r2, [r7, #20]
 2468 0048 3B61     		str	r3, [r7, #16]
 223:Middlewares/Third_Party/FreeRTOS/Source/portable/GCC/ARM_CM4F/portmacro.h **** }
 2469              		.loc 2 223 9
 2470 004a 7B69     		ldr	r3, [r7, #20]
 2471              	.LBE164:
 2472              	.LBE163:
1930:Middlewares/Third_Party/FreeRTOS/Source/tasks.c **** 
1931:Middlewares/Third_Party/FreeRTOS/Source/tasks.c **** 		uxSavedInterruptStatus = portSET_INTERRUPT_MASK_FROM_ISR();
 2473              		.loc 1 1931 28
 2474 004c FB61     		str	r3, [r7, #28]
1932:Middlewares/Third_Party/FreeRTOS/Source/tasks.c **** 		{
1933:Middlewares/Third_Party/FreeRTOS/Source/tasks.c **** 			if( prvTaskIsTaskSuspended( pxTCB ) != pdFALSE )
ARM GAS  /tmp/ccsbjPFO.s 			page 82


 2475              		.loc 1 1933 8
 2476 004e 386A     		ldr	r0, [r7, #32]
 2477 0050 FFF7FEFF 		bl	prvTaskIsTaskSuspended
 2478 0054 0346     		mov	r3, r0
 2479              		.loc 1 1933 6 discriminator 1
 2480 0056 002B     		cmp	r3, #0
 2481 0058 30D0     		beq	.L151
1934:Middlewares/Third_Party/FreeRTOS/Source/tasks.c **** 			{
1935:Middlewares/Third_Party/FreeRTOS/Source/tasks.c **** 				traceTASK_RESUME_FROM_ISR( pxTCB );
1936:Middlewares/Third_Party/FreeRTOS/Source/tasks.c **** 
1937:Middlewares/Third_Party/FreeRTOS/Source/tasks.c **** 				/* Check the ready lists can be accessed. */
1938:Middlewares/Third_Party/FreeRTOS/Source/tasks.c **** 				if( uxSchedulerSuspended == ( UBaseType_t ) pdFALSE )
 2482              		.loc 1 1938 30
 2483 005a 1E4B     		ldr	r3, .L156
 2484 005c 1B68     		ldr	r3, [r3]
 2485              		.loc 1 1938 7
 2486 005e 002B     		cmp	r3, #0
 2487 0060 26D1     		bne	.L152
1939:Middlewares/Third_Party/FreeRTOS/Source/tasks.c **** 				{
1940:Middlewares/Third_Party/FreeRTOS/Source/tasks.c **** 					/* Ready lists can be accessed so move the task from the
1941:Middlewares/Third_Party/FreeRTOS/Source/tasks.c **** 					suspended list to the ready list directly. */
1942:Middlewares/Third_Party/FreeRTOS/Source/tasks.c **** 					if( pxTCB->uxPriority >= pxCurrentTCB->uxPriority )
 2488              		.loc 1 1942 15
 2489 0062 3B6A     		ldr	r3, [r7, #32]
 2490 0064 DA6A     		ldr	r2, [r3, #44]
 2491              		.loc 1 1942 43
 2492 0066 1C4B     		ldr	r3, .L156+4
 2493 0068 1B68     		ldr	r3, [r3]
 2494 006a DB6A     		ldr	r3, [r3, #44]
 2495              		.loc 1 1942 8
 2496 006c 9A42     		cmp	r2, r3
 2497 006e 01D3     		bcc	.L153
1943:Middlewares/Third_Party/FreeRTOS/Source/tasks.c **** 					{
1944:Middlewares/Third_Party/FreeRTOS/Source/tasks.c **** 						xYieldRequired = pdTRUE;
 2498              		.loc 1 1944 22
 2499 0070 0123     		movs	r3, #1
 2500 0072 7B62     		str	r3, [r7, #36]
 2501              	.L153:
1945:Middlewares/Third_Party/FreeRTOS/Source/tasks.c **** 					}
1946:Middlewares/Third_Party/FreeRTOS/Source/tasks.c **** 					else
1947:Middlewares/Third_Party/FreeRTOS/Source/tasks.c **** 					{
1948:Middlewares/Third_Party/FreeRTOS/Source/tasks.c **** 						mtCOVERAGE_TEST_MARKER();
1949:Middlewares/Third_Party/FreeRTOS/Source/tasks.c **** 					}
1950:Middlewares/Third_Party/FreeRTOS/Source/tasks.c **** 
1951:Middlewares/Third_Party/FreeRTOS/Source/tasks.c **** 					( void ) uxListRemove( &( pxTCB->xStateListItem ) );
 2502              		.loc 1 1951 29
 2503 0074 3B6A     		ldr	r3, [r7, #32]
 2504 0076 0433     		adds	r3, r3, #4
 2505              		.loc 1 1951 15
 2506 0078 1846     		mov	r0, r3
 2507 007a FFF7FEFF 		bl	uxListRemove
1952:Middlewares/Third_Party/FreeRTOS/Source/tasks.c **** 					prvAddTaskToReadyList( pxTCB );
 2508              		.loc 1 1952 6
 2509 007e 3B6A     		ldr	r3, [r7, #32]
 2510 0080 DA6A     		ldr	r2, [r3, #44]
 2511 0082 164B     		ldr	r3, .L156+8
 2512 0084 1B68     		ldr	r3, [r3]
ARM GAS  /tmp/ccsbjPFO.s 			page 83


 2513 0086 9A42     		cmp	r2, r3
 2514 0088 03D9     		bls	.L154
 2515              		.loc 1 1952 6 is_stmt 0 discriminator 1
 2516 008a 3B6A     		ldr	r3, [r7, #32]
 2517 008c DB6A     		ldr	r3, [r3, #44]
 2518 008e 134A     		ldr	r2, .L156+8
 2519 0090 1360     		str	r3, [r2]
 2520              	.L154:
 2521              		.loc 1 1952 6 discriminator 3
 2522 0092 3B6A     		ldr	r3, [r7, #32]
 2523 0094 DA6A     		ldr	r2, [r3, #44]
 2524 0096 1346     		mov	r3, r2
 2525 0098 9B00     		lsls	r3, r3, #2
 2526 009a 1344     		add	r3, r3, r2
 2527 009c 9B00     		lsls	r3, r3, #2
 2528 009e 104A     		ldr	r2, .L156+12
 2529 00a0 1A44     		add	r2, r2, r3
 2530 00a2 3B6A     		ldr	r3, [r7, #32]
 2531 00a4 0433     		adds	r3, r3, #4
 2532 00a6 1946     		mov	r1, r3
 2533 00a8 1046     		mov	r0, r2
 2534 00aa FFF7FEFF 		bl	vListInsertEnd
 2535 00ae 05E0     		b	.L151
 2536              	.L152:
1953:Middlewares/Third_Party/FreeRTOS/Source/tasks.c **** 				}
1954:Middlewares/Third_Party/FreeRTOS/Source/tasks.c **** 				else
1955:Middlewares/Third_Party/FreeRTOS/Source/tasks.c **** 				{
1956:Middlewares/Third_Party/FreeRTOS/Source/tasks.c **** 					/* The delayed or ready lists cannot be accessed so the task
1957:Middlewares/Third_Party/FreeRTOS/Source/tasks.c **** 					is held in the pending ready list until the scheduler is
1958:Middlewares/Third_Party/FreeRTOS/Source/tasks.c **** 					unsuspended. */
1959:Middlewares/Third_Party/FreeRTOS/Source/tasks.c **** 					vListInsertEnd( &( xPendingReadyList ), &( pxTCB->xEventListItem ) );
 2537              		.loc 1 1959 46 is_stmt 1
 2538 00b0 3B6A     		ldr	r3, [r7, #32]
 2539 00b2 1833     		adds	r3, r3, #24
 2540              		.loc 1 1959 6
 2541 00b4 1946     		mov	r1, r3
 2542 00b6 0B48     		ldr	r0, .L156+16
 2543 00b8 FFF7FEFF 		bl	vListInsertEnd
 2544              	.L151:
 2545 00bc FB69     		ldr	r3, [r7, #28]
 2546 00be FB60     		str	r3, [r7, #12]
 2547              	.LBB165:
 2548              	.LBB166:
 229:Middlewares/Third_Party/FreeRTOS/Source/portable/GCC/ARM_CM4F/portmacro.h **** 	(
 2549              		.loc 2 229 2
 2550 00c0 FB68     		ldr	r3, [r7, #12]
 2551              		.syntax unified
 2552              	@ 229 "Middlewares/Third_Party/FreeRTOS/Source/portable/GCC/ARM_CM4F/portmacro.h" 1
 2553 00c2 83F31188 			msr basepri, r3	
 2554              	@ 0 "" 2
 2555              		.loc 2 233 1
 2556              		.thumb
 2557              		.syntax unified
 2558 00c6 00BF     		nop
 2559              	.LBE166:
 2560              	.LBE165:
1960:Middlewares/Third_Party/FreeRTOS/Source/tasks.c **** 				}
ARM GAS  /tmp/ccsbjPFO.s 			page 84


1961:Middlewares/Third_Party/FreeRTOS/Source/tasks.c **** 			}
1962:Middlewares/Third_Party/FreeRTOS/Source/tasks.c **** 			else
1963:Middlewares/Third_Party/FreeRTOS/Source/tasks.c **** 			{
1964:Middlewares/Third_Party/FreeRTOS/Source/tasks.c **** 				mtCOVERAGE_TEST_MARKER();
1965:Middlewares/Third_Party/FreeRTOS/Source/tasks.c **** 			}
1966:Middlewares/Third_Party/FreeRTOS/Source/tasks.c **** 		}
1967:Middlewares/Third_Party/FreeRTOS/Source/tasks.c **** 		portCLEAR_INTERRUPT_MASK_FROM_ISR( uxSavedInterruptStatus );
1968:Middlewares/Third_Party/FreeRTOS/Source/tasks.c **** 
1969:Middlewares/Third_Party/FreeRTOS/Source/tasks.c **** 		return xYieldRequired;
 2561              		.loc 1 1969 10
 2562 00c8 7B6A     		ldr	r3, [r7, #36]
1970:Middlewares/Third_Party/FreeRTOS/Source/tasks.c **** 	}
 2563              		.loc 1 1970 2
 2564 00ca 1846     		mov	r0, r3
 2565 00cc 2837     		adds	r7, r7, #40
 2566              	.LCFI74:
 2567              		.cfi_def_cfa_offset 8
 2568 00ce BD46     		mov	sp, r7
 2569              	.LCFI75:
 2570              		.cfi_def_cfa_register 13
 2571              		@ sp needed
 2572 00d0 80BD     		pop	{r7, pc}
 2573              	.L157:
 2574 00d2 00BF     		.align	2
 2575              	.L156:
 2576 00d4 00000000 		.word	uxSchedulerSuspended
 2577 00d8 00000000 		.word	pxCurrentTCB
 2578 00dc 00000000 		.word	uxTopReadyPriority
 2579 00e0 00000000 		.word	pxReadyTasksLists
 2580 00e4 00000000 		.word	xPendingReadyList
 2581              		.cfi_endproc
 2582              	.LFE18:
 2584              		.section	.rodata
 2585              		.align	2
 2586              	.LC0:
 2587 0000 49444C45 		.ascii	"IDLE\000"
 2587      00
 2588              		.section	.text.vTaskStartScheduler,"ax",%progbits
 2589              		.align	1
 2590              		.global	vTaskStartScheduler
 2591              		.syntax unified
 2592              		.thumb
 2593              		.thumb_func
 2595              	vTaskStartScheduler:
 2596              	.LFB19:
1971:Middlewares/Third_Party/FreeRTOS/Source/tasks.c **** 
1972:Middlewares/Third_Party/FreeRTOS/Source/tasks.c **** #endif /* ( ( INCLUDE_xTaskResumeFromISR == 1 ) && ( INCLUDE_vTaskSuspend == 1 ) ) */
1973:Middlewares/Third_Party/FreeRTOS/Source/tasks.c **** /*-----------------------------------------------------------*/
1974:Middlewares/Third_Party/FreeRTOS/Source/tasks.c **** 
1975:Middlewares/Third_Party/FreeRTOS/Source/tasks.c **** void vTaskStartScheduler( void )
1976:Middlewares/Third_Party/FreeRTOS/Source/tasks.c **** {
 2597              		.loc 1 1976 1
 2598              		.cfi_startproc
 2599              		@ args = 0, pretend = 0, frame = 24
 2600              		@ frame_needed = 1, uses_anonymous_args = 0
 2601 0000 80B5     		push	{r7, lr}
 2602              	.LCFI76:
ARM GAS  /tmp/ccsbjPFO.s 			page 85


 2603              		.cfi_def_cfa_offset 8
 2604              		.cfi_offset 7, -8
 2605              		.cfi_offset 14, -4
 2606 0002 8AB0     		sub	sp, sp, #40
 2607              	.LCFI77:
 2608              		.cfi_def_cfa_offset 48
 2609 0004 04AF     		add	r7, sp, #16
 2610              	.LCFI78:
 2611              		.cfi_def_cfa 7, 32
 2612              	.LBB167:
1977:Middlewares/Third_Party/FreeRTOS/Source/tasks.c **** BaseType_t xReturn;
1978:Middlewares/Third_Party/FreeRTOS/Source/tasks.c **** 
1979:Middlewares/Third_Party/FreeRTOS/Source/tasks.c **** 	/* Add the idle task at the lowest priority. */
1980:Middlewares/Third_Party/FreeRTOS/Source/tasks.c **** 	#if( configSUPPORT_STATIC_ALLOCATION == 1 )
1981:Middlewares/Third_Party/FreeRTOS/Source/tasks.c **** 	{
1982:Middlewares/Third_Party/FreeRTOS/Source/tasks.c **** 		StaticTask_t *pxIdleTaskTCBBuffer = NULL;
 2613              		.loc 1 1982 17
 2614 0006 0023     		movs	r3, #0
 2615 0008 BB60     		str	r3, [r7, #8]
1983:Middlewares/Third_Party/FreeRTOS/Source/tasks.c **** 		StackType_t *pxIdleTaskStackBuffer = NULL;
 2616              		.loc 1 1983 16
 2617 000a 0023     		movs	r3, #0
 2618 000c 7B60     		str	r3, [r7, #4]
1984:Middlewares/Third_Party/FreeRTOS/Source/tasks.c **** 		uint32_t ulIdleTaskStackSize;
1985:Middlewares/Third_Party/FreeRTOS/Source/tasks.c **** 
1986:Middlewares/Third_Party/FreeRTOS/Source/tasks.c **** 		/* The Idle task is created using user provided RAM - obtain the
1987:Middlewares/Third_Party/FreeRTOS/Source/tasks.c **** 		address of the RAM then create the idle task. */
1988:Middlewares/Third_Party/FreeRTOS/Source/tasks.c **** 		vApplicationGetIdleTaskMemory( &pxIdleTaskTCBBuffer, &pxIdleTaskStackBuffer, &ulIdleTaskStackSize
 2619              		.loc 1 1988 3
 2620 000e 3A46     		mov	r2, r7
 2621 0010 391D     		adds	r1, r7, #4
 2622 0012 07F10803 		add	r3, r7, #8
 2623 0016 1846     		mov	r0, r3
 2624 0018 FFF7FEFF 		bl	vApplicationGetIdleTaskMemory
1989:Middlewares/Third_Party/FreeRTOS/Source/tasks.c **** 		xIdleTaskHandle = xTaskCreateStatic(	prvIdleTask,
 2625              		.loc 1 1989 21
 2626 001c 3968     		ldr	r1, [r7]
 2627 001e 7B68     		ldr	r3, [r7, #4]
 2628 0020 BA68     		ldr	r2, [r7, #8]
 2629 0022 0292     		str	r2, [sp, #8]
 2630 0024 0193     		str	r3, [sp, #4]
 2631 0026 0023     		movs	r3, #0
 2632 0028 0093     		str	r3, [sp]
 2633 002a 0023     		movs	r3, #0
 2634 002c 0A46     		mov	r2, r1
 2635 002e 2349     		ldr	r1, .L166
 2636 0030 2348     		ldr	r0, .L166+4
 2637 0032 FFF7FEFF 		bl	xTaskCreateStatic
 2638 0036 0346     		mov	r3, r0
 2639              		.loc 1 1989 19 discriminator 1
 2640 0038 224A     		ldr	r2, .L166+8
 2641 003a 1360     		str	r3, [r2]
1990:Middlewares/Third_Party/FreeRTOS/Source/tasks.c **** 												configIDLE_TASK_NAME,
1991:Middlewares/Third_Party/FreeRTOS/Source/tasks.c **** 												ulIdleTaskStackSize,
1992:Middlewares/Third_Party/FreeRTOS/Source/tasks.c **** 												( void * ) NULL, /*lint !e961.  The cast is not redundant for all compilers. */
1993:Middlewares/Third_Party/FreeRTOS/Source/tasks.c **** 												portPRIVILEGE_BIT, /* In effect ( tskIDLE_PRIORITY | portPRIVILEGE_BIT ), but tskIDLE_P
1994:Middlewares/Third_Party/FreeRTOS/Source/tasks.c **** 												pxIdleTaskStackBuffer,
ARM GAS  /tmp/ccsbjPFO.s 			page 86


1995:Middlewares/Third_Party/FreeRTOS/Source/tasks.c **** 												pxIdleTaskTCBBuffer ); /*lint !e961 MISRA exception, justified as it is not a redundant
1996:Middlewares/Third_Party/FreeRTOS/Source/tasks.c **** 
1997:Middlewares/Third_Party/FreeRTOS/Source/tasks.c **** 		if( xIdleTaskHandle != NULL )
 2642              		.loc 1 1997 23
 2643 003c 214B     		ldr	r3, .L166+8
 2644 003e 1B68     		ldr	r3, [r3]
 2645              		.loc 1 1997 5
 2646 0040 002B     		cmp	r3, #0
 2647 0042 02D0     		beq	.L159
1998:Middlewares/Third_Party/FreeRTOS/Source/tasks.c **** 		{
1999:Middlewares/Third_Party/FreeRTOS/Source/tasks.c **** 			xReturn = pdPASS;
 2648              		.loc 1 1999 12
 2649 0044 0123     		movs	r3, #1
 2650 0046 7B61     		str	r3, [r7, #20]
 2651 0048 01E0     		b	.L160
 2652              	.L159:
2000:Middlewares/Third_Party/FreeRTOS/Source/tasks.c **** 		}
2001:Middlewares/Third_Party/FreeRTOS/Source/tasks.c **** 		else
2002:Middlewares/Third_Party/FreeRTOS/Source/tasks.c **** 		{
2003:Middlewares/Third_Party/FreeRTOS/Source/tasks.c **** 			xReturn = pdFAIL;
 2653              		.loc 1 2003 12
 2654 004a 0023     		movs	r3, #0
 2655 004c 7B61     		str	r3, [r7, #20]
 2656              	.L160:
 2657              	.LBE167:
2004:Middlewares/Third_Party/FreeRTOS/Source/tasks.c **** 		}
2005:Middlewares/Third_Party/FreeRTOS/Source/tasks.c **** 	}
2006:Middlewares/Third_Party/FreeRTOS/Source/tasks.c **** 	#else
2007:Middlewares/Third_Party/FreeRTOS/Source/tasks.c **** 	{
2008:Middlewares/Third_Party/FreeRTOS/Source/tasks.c **** 		/* The Idle task is being created using dynamically allocated RAM. */
2009:Middlewares/Third_Party/FreeRTOS/Source/tasks.c **** 		xReturn = xTaskCreate(	prvIdleTask,
2010:Middlewares/Third_Party/FreeRTOS/Source/tasks.c **** 								configIDLE_TASK_NAME,
2011:Middlewares/Third_Party/FreeRTOS/Source/tasks.c **** 								configMINIMAL_STACK_SIZE,
2012:Middlewares/Third_Party/FreeRTOS/Source/tasks.c **** 								( void * ) NULL,
2013:Middlewares/Third_Party/FreeRTOS/Source/tasks.c **** 								portPRIVILEGE_BIT, /* In effect ( tskIDLE_PRIORITY | portPRIVILEGE_BIT ), but tskIDLE_PRIOR
2014:Middlewares/Third_Party/FreeRTOS/Source/tasks.c **** 								&xIdleTaskHandle ); /*lint !e961 MISRA exception, justified as it is not a redundant explic
2015:Middlewares/Third_Party/FreeRTOS/Source/tasks.c **** 	}
2016:Middlewares/Third_Party/FreeRTOS/Source/tasks.c **** 	#endif /* configSUPPORT_STATIC_ALLOCATION */
2017:Middlewares/Third_Party/FreeRTOS/Source/tasks.c **** 
2018:Middlewares/Third_Party/FreeRTOS/Source/tasks.c **** 	#if ( configUSE_TIMERS == 1 )
2019:Middlewares/Third_Party/FreeRTOS/Source/tasks.c **** 	{
2020:Middlewares/Third_Party/FreeRTOS/Source/tasks.c **** 		if( xReturn == pdPASS )
 2658              		.loc 1 2020 5
 2659 004e 7B69     		ldr	r3, [r7, #20]
 2660 0050 012B     		cmp	r3, #1
 2661 0052 02D1     		bne	.L161
2021:Middlewares/Third_Party/FreeRTOS/Source/tasks.c **** 		{
2022:Middlewares/Third_Party/FreeRTOS/Source/tasks.c **** 			xReturn = xTimerCreateTimerTask();
 2662              		.loc 1 2022 14
 2663 0054 FFF7FEFF 		bl	xTimerCreateTimerTask
 2664 0058 7861     		str	r0, [r7, #20]
 2665              	.L161:
2023:Middlewares/Third_Party/FreeRTOS/Source/tasks.c **** 		}
2024:Middlewares/Third_Party/FreeRTOS/Source/tasks.c **** 		else
2025:Middlewares/Third_Party/FreeRTOS/Source/tasks.c **** 		{
2026:Middlewares/Third_Party/FreeRTOS/Source/tasks.c **** 			mtCOVERAGE_TEST_MARKER();
2027:Middlewares/Third_Party/FreeRTOS/Source/tasks.c **** 		}
ARM GAS  /tmp/ccsbjPFO.s 			page 87


2028:Middlewares/Third_Party/FreeRTOS/Source/tasks.c **** 	}
2029:Middlewares/Third_Party/FreeRTOS/Source/tasks.c **** 	#endif /* configUSE_TIMERS */
2030:Middlewares/Third_Party/FreeRTOS/Source/tasks.c **** 
2031:Middlewares/Third_Party/FreeRTOS/Source/tasks.c **** 	if( xReturn == pdPASS )
 2666              		.loc 1 2031 4
 2667 005a 7B69     		ldr	r3, [r7, #20]
 2668 005c 012B     		cmp	r3, #1
 2669 005e 18D1     		bne	.L162
 2670              	.LBB168:
 2671              	.LBB169:
 2672              	.LBB170:
 195:Middlewares/Third_Party/FreeRTOS/Source/portable/GCC/ARM_CM4F/portmacro.h **** 	(
 2673              		.loc 2 195 2
 2674              		.syntax unified
 2675              	@ 195 "Middlewares/Third_Party/FreeRTOS/Source/portable/GCC/ARM_CM4F/portmacro.h" 1
 2676 0060 4FF05003 			mov r3, #80												
 2677 0064 83F31188 		msr basepri, r3											
 2678 0068 BFF36F8F 		isb														
 2679 006c BFF34F8F 		dsb														
 2680              	
 2681              	@ 0 "" 2
 2682              		.thumb
 2683              		.syntax unified
 2684 0070 3B61     		str	r3, [r7, #16]
 203:Middlewares/Third_Party/FreeRTOS/Source/portable/GCC/ARM_CM4F/portmacro.h **** 
 2685              		.loc 2 203 1
 2686 0072 00BF     		nop
 2687              	.LBE170:
 2688              	.LBE169:
2032:Middlewares/Third_Party/FreeRTOS/Source/tasks.c **** 	{
2033:Middlewares/Third_Party/FreeRTOS/Source/tasks.c **** 		/* freertos_tasks_c_additions_init() should only be called if the user
2034:Middlewares/Third_Party/FreeRTOS/Source/tasks.c **** 		definable macro FREERTOS_TASKS_C_ADDITIONS_INIT() is defined, as that is
2035:Middlewares/Third_Party/FreeRTOS/Source/tasks.c **** 		the only macro called by the function. */
2036:Middlewares/Third_Party/FreeRTOS/Source/tasks.c **** 		#ifdef FREERTOS_TASKS_C_ADDITIONS_INIT
2037:Middlewares/Third_Party/FreeRTOS/Source/tasks.c **** 		{
2038:Middlewares/Third_Party/FreeRTOS/Source/tasks.c **** 			freertos_tasks_c_additions_init();
2039:Middlewares/Third_Party/FreeRTOS/Source/tasks.c **** 		}
2040:Middlewares/Third_Party/FreeRTOS/Source/tasks.c **** 		#endif
2041:Middlewares/Third_Party/FreeRTOS/Source/tasks.c **** 
2042:Middlewares/Third_Party/FreeRTOS/Source/tasks.c **** 		/* Interrupts are turned off here, to ensure a tick does not occur
2043:Middlewares/Third_Party/FreeRTOS/Source/tasks.c **** 		before or during the call to xPortStartScheduler().  The stacks of
2044:Middlewares/Third_Party/FreeRTOS/Source/tasks.c **** 		the created tasks contain a status word with interrupts switched on
2045:Middlewares/Third_Party/FreeRTOS/Source/tasks.c **** 		so interrupts will automatically get re-enabled when the first task
2046:Middlewares/Third_Party/FreeRTOS/Source/tasks.c **** 		starts to run. */
2047:Middlewares/Third_Party/FreeRTOS/Source/tasks.c **** 		portDISABLE_INTERRUPTS();
2048:Middlewares/Third_Party/FreeRTOS/Source/tasks.c **** 
2049:Middlewares/Third_Party/FreeRTOS/Source/tasks.c **** 		#if ( configUSE_NEWLIB_REENTRANT == 1 )
2050:Middlewares/Third_Party/FreeRTOS/Source/tasks.c **** 		{
2051:Middlewares/Third_Party/FreeRTOS/Source/tasks.c **** 			/* Switch Newlib's _impure_ptr variable to point to the _reent
2052:Middlewares/Third_Party/FreeRTOS/Source/tasks.c **** 			structure specific to the task that will run first.
2053:Middlewares/Third_Party/FreeRTOS/Source/tasks.c **** 			See the third party link http://www.nadler.com/embedded/newlibAndFreeRTOS.html
2054:Middlewares/Third_Party/FreeRTOS/Source/tasks.c **** 			for additional information. */
2055:Middlewares/Third_Party/FreeRTOS/Source/tasks.c **** 			_impure_ptr = &( pxCurrentTCB->xNewLib_reent );
2056:Middlewares/Third_Party/FreeRTOS/Source/tasks.c **** 		}
2057:Middlewares/Third_Party/FreeRTOS/Source/tasks.c **** 		#endif /* configUSE_NEWLIB_REENTRANT */
2058:Middlewares/Third_Party/FreeRTOS/Source/tasks.c **** 
2059:Middlewares/Third_Party/FreeRTOS/Source/tasks.c **** 		xNextTaskUnblockTime = portMAX_DELAY;
ARM GAS  /tmp/ccsbjPFO.s 			page 88


 2689              		.loc 1 2059 24
 2690 0074 144B     		ldr	r3, .L166+12
 2691 0076 4FF0FF32 		mov	r2, #-1
 2692 007a 1A60     		str	r2, [r3]
2060:Middlewares/Third_Party/FreeRTOS/Source/tasks.c **** 		xSchedulerRunning = pdTRUE;
 2693              		.loc 1 2060 21
 2694 007c 134B     		ldr	r3, .L166+16
 2695 007e 0122     		movs	r2, #1
 2696 0080 1A60     		str	r2, [r3]
2061:Middlewares/Third_Party/FreeRTOS/Source/tasks.c **** 		xTickCount = ( TickType_t ) configINITIAL_TICK_COUNT;
 2697              		.loc 1 2061 14
 2698 0082 134B     		ldr	r3, .L166+20
 2699 0084 0022     		movs	r2, #0
 2700 0086 1A60     		str	r2, [r3]
2062:Middlewares/Third_Party/FreeRTOS/Source/tasks.c **** 
2063:Middlewares/Third_Party/FreeRTOS/Source/tasks.c **** 		/* If configGENERATE_RUN_TIME_STATS is defined then the following
2064:Middlewares/Third_Party/FreeRTOS/Source/tasks.c **** 		macro must be defined to configure the timer/counter used to generate
2065:Middlewares/Third_Party/FreeRTOS/Source/tasks.c **** 		the run time counter time base.   NOTE:  If configGENERATE_RUN_TIME_STATS
2066:Middlewares/Third_Party/FreeRTOS/Source/tasks.c **** 		is set to 0 and the following line fails to build then ensure you do not
2067:Middlewares/Third_Party/FreeRTOS/Source/tasks.c **** 		have portCONFIGURE_TIMER_FOR_RUN_TIME_STATS() defined in your
2068:Middlewares/Third_Party/FreeRTOS/Source/tasks.c **** 		FreeRTOSConfig.h file. */
2069:Middlewares/Third_Party/FreeRTOS/Source/tasks.c **** 		portCONFIGURE_TIMER_FOR_RUN_TIME_STATS();
 2701              		.loc 1 2069 3
 2702 0088 FFF7FEFF 		bl	CONFIGURE_TIMER_FOR_RUN_TIME_STATS
2070:Middlewares/Third_Party/FreeRTOS/Source/tasks.c **** 
2071:Middlewares/Third_Party/FreeRTOS/Source/tasks.c **** 		traceTASK_SWITCHED_IN();
2072:Middlewares/Third_Party/FreeRTOS/Source/tasks.c **** 
2073:Middlewares/Third_Party/FreeRTOS/Source/tasks.c **** 		/* Setting up the timer tick is hardware specific and thus in the
2074:Middlewares/Third_Party/FreeRTOS/Source/tasks.c **** 		portable interface. */
2075:Middlewares/Third_Party/FreeRTOS/Source/tasks.c **** 		if( xPortStartScheduler() != pdFALSE )
 2703              		.loc 1 2075 7
 2704 008c FFF7FEFF 		bl	xPortStartScheduler
 2705              	.LBE168:
2076:Middlewares/Third_Party/FreeRTOS/Source/tasks.c **** 		{
2077:Middlewares/Third_Party/FreeRTOS/Source/tasks.c **** 			/* Should not reach here as if the scheduler is running the
2078:Middlewares/Third_Party/FreeRTOS/Source/tasks.c **** 			function will not return. */
2079:Middlewares/Third_Party/FreeRTOS/Source/tasks.c **** 		}
2080:Middlewares/Third_Party/FreeRTOS/Source/tasks.c **** 		else
2081:Middlewares/Third_Party/FreeRTOS/Source/tasks.c **** 		{
2082:Middlewares/Third_Party/FreeRTOS/Source/tasks.c **** 			/* Should only reach here if a task calls xTaskEndScheduler(). */
2083:Middlewares/Third_Party/FreeRTOS/Source/tasks.c **** 		}
2084:Middlewares/Third_Party/FreeRTOS/Source/tasks.c **** 	}
2085:Middlewares/Third_Party/FreeRTOS/Source/tasks.c **** 	else
2086:Middlewares/Third_Party/FreeRTOS/Source/tasks.c **** 	{
2087:Middlewares/Third_Party/FreeRTOS/Source/tasks.c **** 		/* This line will only be reached if the kernel could not be started,
2088:Middlewares/Third_Party/FreeRTOS/Source/tasks.c **** 		because there was not enough FreeRTOS heap to create the idle task
2089:Middlewares/Third_Party/FreeRTOS/Source/tasks.c **** 		or the timer task. */
2090:Middlewares/Third_Party/FreeRTOS/Source/tasks.c **** 		configASSERT( xReturn != errCOULD_NOT_ALLOCATE_REQUIRED_MEMORY );
2091:Middlewares/Third_Party/FreeRTOS/Source/tasks.c **** 	}
2092:Middlewares/Third_Party/FreeRTOS/Source/tasks.c **** 
2093:Middlewares/Third_Party/FreeRTOS/Source/tasks.c **** 	/* Prevent compiler warnings if INCLUDE_xTaskGetIdleTaskHandle is set to 0,
2094:Middlewares/Third_Party/FreeRTOS/Source/tasks.c **** 	meaning xIdleTaskHandle is not used anywhere else. */
2095:Middlewares/Third_Party/FreeRTOS/Source/tasks.c **** 	( void ) xIdleTaskHandle;
2096:Middlewares/Third_Party/FreeRTOS/Source/tasks.c **** }
 2706              		.loc 1 2096 1
 2707 0090 0FE0     		b	.L165
 2708              	.L162:
ARM GAS  /tmp/ccsbjPFO.s 			page 89


2090:Middlewares/Third_Party/FreeRTOS/Source/tasks.c **** 	}
 2709              		.loc 1 2090 3
 2710 0092 7B69     		ldr	r3, [r7, #20]
 2711 0094 B3F1FF3F 		cmp	r3, #-1
 2712 0098 0BD1     		bne	.L165
 2713              	.LBB171:
 2714              	.LBB172:
 195:Middlewares/Third_Party/FreeRTOS/Source/portable/GCC/ARM_CM4F/portmacro.h **** 	(
 2715              		.loc 2 195 2
 2716              		.syntax unified
 2717              	@ 195 "Middlewares/Third_Party/FreeRTOS/Source/portable/GCC/ARM_CM4F/portmacro.h" 1
 2718 009a 4FF05003 			mov r3, #80												
 2719 009e 83F31188 		msr basepri, r3											
 2720 00a2 BFF36F8F 		isb														
 2721 00a6 BFF34F8F 		dsb														
 2722              	
 2723              	@ 0 "" 2
 2724              		.thumb
 2725              		.syntax unified
 2726 00aa FB60     		str	r3, [r7, #12]
 203:Middlewares/Third_Party/FreeRTOS/Source/portable/GCC/ARM_CM4F/portmacro.h **** 
 2727              		.loc 2 203 1
 2728 00ac 00BF     		nop
 2729              	.L164:
 2730              	.LBE172:
 2731              	.LBE171:
2090:Middlewares/Third_Party/FreeRTOS/Source/tasks.c **** 	}
 2732              		.loc 1 2090 3
 2733 00ae 00BF     		nop
 2734 00b0 FDE7     		b	.L164
 2735              	.L165:
 2736              		.loc 1 2096 1
 2737 00b2 00BF     		nop
 2738 00b4 1837     		adds	r7, r7, #24
 2739              	.LCFI79:
 2740              		.cfi_def_cfa_offset 8
 2741 00b6 BD46     		mov	sp, r7
 2742              	.LCFI80:
 2743              		.cfi_def_cfa_register 13
 2744              		@ sp needed
 2745 00b8 80BD     		pop	{r7, pc}
 2746              	.L167:
 2747 00ba 00BF     		.align	2
 2748              	.L166:
 2749 00bc 00000000 		.word	.LC0
 2750 00c0 00000000 		.word	prvIdleTask
 2751 00c4 00000000 		.word	xIdleTaskHandle
 2752 00c8 00000000 		.word	xNextTaskUnblockTime
 2753 00cc 00000000 		.word	xSchedulerRunning
 2754 00d0 00000000 		.word	xTickCount
 2755              		.cfi_endproc
 2756              	.LFE19:
 2758              		.section	.text.vTaskEndScheduler,"ax",%progbits
 2759              		.align	1
 2760              		.global	vTaskEndScheduler
 2761              		.syntax unified
 2762              		.thumb
ARM GAS  /tmp/ccsbjPFO.s 			page 90


 2763              		.thumb_func
 2765              	vTaskEndScheduler:
 2766              	.LFB20:
2097:Middlewares/Third_Party/FreeRTOS/Source/tasks.c **** /*-----------------------------------------------------------*/
2098:Middlewares/Third_Party/FreeRTOS/Source/tasks.c **** 
2099:Middlewares/Third_Party/FreeRTOS/Source/tasks.c **** void vTaskEndScheduler( void )
2100:Middlewares/Third_Party/FreeRTOS/Source/tasks.c **** {
 2767              		.loc 1 2100 1
 2768              		.cfi_startproc
 2769              		@ args = 0, pretend = 0, frame = 8
 2770              		@ frame_needed = 1, uses_anonymous_args = 0
 2771 0000 80B5     		push	{r7, lr}
 2772              	.LCFI81:
 2773              		.cfi_def_cfa_offset 8
 2774              		.cfi_offset 7, -8
 2775              		.cfi_offset 14, -4
 2776 0002 82B0     		sub	sp, sp, #8
 2777              	.LCFI82:
 2778              		.cfi_def_cfa_offset 16
 2779 0004 00AF     		add	r7, sp, #0
 2780              	.LCFI83:
 2781              		.cfi_def_cfa_register 7
 2782              	.LBB173:
 2783              	.LBB174:
 195:Middlewares/Third_Party/FreeRTOS/Source/portable/GCC/ARM_CM4F/portmacro.h **** 	(
 2784              		.loc 2 195 2
 2785              		.syntax unified
 2786              	@ 195 "Middlewares/Third_Party/FreeRTOS/Source/portable/GCC/ARM_CM4F/portmacro.h" 1
 2787 0006 4FF05003 			mov r3, #80												
 2788 000a 83F31188 		msr basepri, r3											
 2789 000e BFF36F8F 		isb														
 2790 0012 BFF34F8F 		dsb														
 2791              	
 2792              	@ 0 "" 2
 2793              		.thumb
 2794              		.syntax unified
 2795 0016 7B60     		str	r3, [r7, #4]
 203:Middlewares/Third_Party/FreeRTOS/Source/portable/GCC/ARM_CM4F/portmacro.h **** 
 2796              		.loc 2 203 1
 2797 0018 00BF     		nop
 2798              	.LBE174:
 2799              	.LBE173:
2101:Middlewares/Third_Party/FreeRTOS/Source/tasks.c **** 	/* Stop the scheduler interrupts and call the portable scheduler end
2102:Middlewares/Third_Party/FreeRTOS/Source/tasks.c **** 	routine so the original ISRs can be restored if necessary.  The port
2103:Middlewares/Third_Party/FreeRTOS/Source/tasks.c **** 	layer must ensure interrupts enable	bit is left in the correct state. */
2104:Middlewares/Third_Party/FreeRTOS/Source/tasks.c **** 	portDISABLE_INTERRUPTS();
2105:Middlewares/Third_Party/FreeRTOS/Source/tasks.c **** 	xSchedulerRunning = pdFALSE;
 2800              		.loc 1 2105 20
 2801 001a 044B     		ldr	r3, .L169
 2802 001c 0022     		movs	r2, #0
 2803 001e 1A60     		str	r2, [r3]
2106:Middlewares/Third_Party/FreeRTOS/Source/tasks.c **** 	vPortEndScheduler();
 2804              		.loc 1 2106 2
 2805 0020 FFF7FEFF 		bl	vPortEndScheduler
2107:Middlewares/Third_Party/FreeRTOS/Source/tasks.c **** }
 2806              		.loc 1 2107 1
 2807 0024 00BF     		nop
ARM GAS  /tmp/ccsbjPFO.s 			page 91


 2808 0026 0837     		adds	r7, r7, #8
 2809              	.LCFI84:
 2810              		.cfi_def_cfa_offset 8
 2811 0028 BD46     		mov	sp, r7
 2812              	.LCFI85:
 2813              		.cfi_def_cfa_register 13
 2814              		@ sp needed
 2815 002a 80BD     		pop	{r7, pc}
 2816              	.L170:
 2817              		.align	2
 2818              	.L169:
 2819 002c 00000000 		.word	xSchedulerRunning
 2820              		.cfi_endproc
 2821              	.LFE20:
 2823              		.section	.text.vTaskSuspendAll,"ax",%progbits
 2824              		.align	1
 2825              		.global	vTaskSuspendAll
 2826              		.syntax unified
 2827              		.thumb
 2828              		.thumb_func
 2830              	vTaskSuspendAll:
 2831              	.LFB21:
2108:Middlewares/Third_Party/FreeRTOS/Source/tasks.c **** /*----------------------------------------------------------*/
2109:Middlewares/Third_Party/FreeRTOS/Source/tasks.c **** 
2110:Middlewares/Third_Party/FreeRTOS/Source/tasks.c **** void vTaskSuspendAll( void )
2111:Middlewares/Third_Party/FreeRTOS/Source/tasks.c **** {
 2832              		.loc 1 2111 1
 2833              		.cfi_startproc
 2834              		@ args = 0, pretend = 0, frame = 0
 2835              		@ frame_needed = 1, uses_anonymous_args = 0
 2836              		@ link register save eliminated.
 2837 0000 80B4     		push	{r7}
 2838              	.LCFI86:
 2839              		.cfi_def_cfa_offset 4
 2840              		.cfi_offset 7, -4
 2841 0002 00AF     		add	r7, sp, #0
 2842              	.LCFI87:
 2843              		.cfi_def_cfa_register 7
2112:Middlewares/Third_Party/FreeRTOS/Source/tasks.c **** 	/* A critical section is not required as the variable is of type
2113:Middlewares/Third_Party/FreeRTOS/Source/tasks.c **** 	BaseType_t.  Please read Richard Barry's reply in the following link to a
2114:Middlewares/Third_Party/FreeRTOS/Source/tasks.c **** 	post in the FreeRTOS support forum before reporting this as a bug! -
2115:Middlewares/Third_Party/FreeRTOS/Source/tasks.c **** 	http://goo.gl/wu4acr */
2116:Middlewares/Third_Party/FreeRTOS/Source/tasks.c **** 
2117:Middlewares/Third_Party/FreeRTOS/Source/tasks.c **** 	/* portSOFRWARE_BARRIER() is only implemented for emulated/simulated ports that
2118:Middlewares/Third_Party/FreeRTOS/Source/tasks.c **** 	do not otherwise exhibit real time behaviour. */
2119:Middlewares/Third_Party/FreeRTOS/Source/tasks.c **** 	portSOFTWARE_BARRIER();
2120:Middlewares/Third_Party/FreeRTOS/Source/tasks.c **** 
2121:Middlewares/Third_Party/FreeRTOS/Source/tasks.c **** 	/* The scheduler is suspended if uxSchedulerSuspended is non-zero.  An increment
2122:Middlewares/Third_Party/FreeRTOS/Source/tasks.c **** 	is used to allow calls to vTaskSuspendAll() to nest. */
2123:Middlewares/Third_Party/FreeRTOS/Source/tasks.c **** 	++uxSchedulerSuspended;
 2844              		.loc 1 2123 2
 2845 0004 044B     		ldr	r3, .L172
 2846 0006 1B68     		ldr	r3, [r3]
 2847 0008 0133     		adds	r3, r3, #1
 2848 000a 034A     		ldr	r2, .L172
 2849 000c 1360     		str	r3, [r2]
2124:Middlewares/Third_Party/FreeRTOS/Source/tasks.c **** 
ARM GAS  /tmp/ccsbjPFO.s 			page 92


2125:Middlewares/Third_Party/FreeRTOS/Source/tasks.c **** 	/* Enforces ordering for ports and optimised compilers that may otherwise place
2126:Middlewares/Third_Party/FreeRTOS/Source/tasks.c **** 	the above increment elsewhere. */
2127:Middlewares/Third_Party/FreeRTOS/Source/tasks.c **** 	portMEMORY_BARRIER();
 2850              		.loc 1 2127 2
2128:Middlewares/Third_Party/FreeRTOS/Source/tasks.c **** }
 2851              		.loc 1 2128 1
 2852 000e 00BF     		nop
 2853 0010 BD46     		mov	sp, r7
 2854              	.LCFI88:
 2855              		.cfi_def_cfa_register 13
 2856              		@ sp needed
 2857 0012 80BC     		pop	{r7}
 2858              	.LCFI89:
 2859              		.cfi_restore 7
 2860              		.cfi_def_cfa_offset 0
 2861 0014 7047     		bx	lr
 2862              	.L173:
 2863 0016 00BF     		.align	2
 2864              	.L172:
 2865 0018 00000000 		.word	uxSchedulerSuspended
 2866              		.cfi_endproc
 2867              	.LFE21:
 2869              		.section	.text.prvGetExpectedIdleTime,"ax",%progbits
 2870              		.align	1
 2871              		.syntax unified
 2872              		.thumb
 2873              		.thumb_func
 2875              	prvGetExpectedIdleTime:
 2876              	.LFB22:
2129:Middlewares/Third_Party/FreeRTOS/Source/tasks.c **** /*----------------------------------------------------------*/
2130:Middlewares/Third_Party/FreeRTOS/Source/tasks.c **** 
2131:Middlewares/Third_Party/FreeRTOS/Source/tasks.c **** #if ( configUSE_TICKLESS_IDLE != 0 )
2132:Middlewares/Third_Party/FreeRTOS/Source/tasks.c **** 
2133:Middlewares/Third_Party/FreeRTOS/Source/tasks.c **** 	static TickType_t prvGetExpectedIdleTime( void )
2134:Middlewares/Third_Party/FreeRTOS/Source/tasks.c **** 	{
 2877              		.loc 1 2134 2
 2878              		.cfi_startproc
 2879              		@ args = 0, pretend = 0, frame = 8
 2880              		@ frame_needed = 1, uses_anonymous_args = 0
 2881              		@ link register save eliminated.
 2882 0000 80B4     		push	{r7}
 2883              	.LCFI90:
 2884              		.cfi_def_cfa_offset 4
 2885              		.cfi_offset 7, -4
 2886 0002 83B0     		sub	sp, sp, #12
 2887              	.LCFI91:
 2888              		.cfi_def_cfa_offset 16
 2889 0004 00AF     		add	r7, sp, #0
 2890              	.LCFI92:
 2891              		.cfi_def_cfa_register 7
2135:Middlewares/Third_Party/FreeRTOS/Source/tasks.c **** 	TickType_t xReturn;
2136:Middlewares/Third_Party/FreeRTOS/Source/tasks.c **** 	UBaseType_t uxHigherPriorityReadyTasks = pdFALSE;
 2892              		.loc 1 2136 14
 2893 0006 0023     		movs	r3, #0
 2894 0008 3B60     		str	r3, [r7]
2137:Middlewares/Third_Party/FreeRTOS/Source/tasks.c **** 
2138:Middlewares/Third_Party/FreeRTOS/Source/tasks.c **** 		/* uxHigherPriorityReadyTasks takes care of the case where
ARM GAS  /tmp/ccsbjPFO.s 			page 93


2139:Middlewares/Third_Party/FreeRTOS/Source/tasks.c **** 		configUSE_PREEMPTION is 0, so there may be tasks above the idle priority
2140:Middlewares/Third_Party/FreeRTOS/Source/tasks.c **** 		task that are in the Ready state, even though the idle task is
2141:Middlewares/Third_Party/FreeRTOS/Source/tasks.c **** 		running. */
2142:Middlewares/Third_Party/FreeRTOS/Source/tasks.c **** 		#if( configUSE_PORT_OPTIMISED_TASK_SELECTION == 0 )
2143:Middlewares/Third_Party/FreeRTOS/Source/tasks.c **** 		{
2144:Middlewares/Third_Party/FreeRTOS/Source/tasks.c **** 			if( uxTopReadyPriority > tskIDLE_PRIORITY )
 2895              		.loc 1 2144 27
 2896 000a 134B     		ldr	r3, .L181
 2897 000c 1B68     		ldr	r3, [r3]
 2898              		.loc 1 2144 6
 2899 000e 002B     		cmp	r3, #0
 2900 0010 01D0     		beq	.L175
2145:Middlewares/Third_Party/FreeRTOS/Source/tasks.c **** 			{
2146:Middlewares/Third_Party/FreeRTOS/Source/tasks.c **** 				uxHigherPriorityReadyTasks = pdTRUE;
 2901              		.loc 1 2146 32
 2902 0012 0123     		movs	r3, #1
 2903 0014 3B60     		str	r3, [r7]
 2904              	.L175:
2147:Middlewares/Third_Party/FreeRTOS/Source/tasks.c **** 			}
2148:Middlewares/Third_Party/FreeRTOS/Source/tasks.c **** 		}
2149:Middlewares/Third_Party/FreeRTOS/Source/tasks.c **** 		#else
2150:Middlewares/Third_Party/FreeRTOS/Source/tasks.c **** 		{
2151:Middlewares/Third_Party/FreeRTOS/Source/tasks.c **** 			const UBaseType_t uxLeastSignificantBit = ( UBaseType_t ) 0x01;
2152:Middlewares/Third_Party/FreeRTOS/Source/tasks.c **** 
2153:Middlewares/Third_Party/FreeRTOS/Source/tasks.c **** 			/* When port optimised task selection is used the uxTopReadyPriority
2154:Middlewares/Third_Party/FreeRTOS/Source/tasks.c **** 			variable is used as a bit map.  If bits other than the least
2155:Middlewares/Third_Party/FreeRTOS/Source/tasks.c **** 			significant bit are set then there are tasks that have a priority
2156:Middlewares/Third_Party/FreeRTOS/Source/tasks.c **** 			above the idle priority that are in the Ready state.  This takes
2157:Middlewares/Third_Party/FreeRTOS/Source/tasks.c **** 			care of the case where the co-operative scheduler is in use. */
2158:Middlewares/Third_Party/FreeRTOS/Source/tasks.c **** 			if( uxTopReadyPriority > uxLeastSignificantBit )
2159:Middlewares/Third_Party/FreeRTOS/Source/tasks.c **** 			{
2160:Middlewares/Third_Party/FreeRTOS/Source/tasks.c **** 				uxHigherPriorityReadyTasks = pdTRUE;
2161:Middlewares/Third_Party/FreeRTOS/Source/tasks.c **** 			}
2162:Middlewares/Third_Party/FreeRTOS/Source/tasks.c **** 		}
2163:Middlewares/Third_Party/FreeRTOS/Source/tasks.c **** 		#endif
2164:Middlewares/Third_Party/FreeRTOS/Source/tasks.c **** 
2165:Middlewares/Third_Party/FreeRTOS/Source/tasks.c **** 		if( pxCurrentTCB->uxPriority > tskIDLE_PRIORITY )
 2905              		.loc 1 2165 19
 2906 0016 114B     		ldr	r3, .L181+4
 2907 0018 1B68     		ldr	r3, [r3]
 2908 001a DB6A     		ldr	r3, [r3, #44]
 2909              		.loc 1 2165 5
 2910 001c 002B     		cmp	r3, #0
 2911 001e 02D0     		beq	.L176
2166:Middlewares/Third_Party/FreeRTOS/Source/tasks.c **** 		{
2167:Middlewares/Third_Party/FreeRTOS/Source/tasks.c **** 			xReturn = 0;
 2912              		.loc 1 2167 12
 2913 0020 0023     		movs	r3, #0
 2914 0022 7B60     		str	r3, [r7, #4]
 2915 0024 12E0     		b	.L177
 2916              	.L176:
2168:Middlewares/Third_Party/FreeRTOS/Source/tasks.c **** 		}
2169:Middlewares/Third_Party/FreeRTOS/Source/tasks.c **** 		else if( listCURRENT_LIST_LENGTH( &( pxReadyTasksLists[ tskIDLE_PRIORITY ] ) ) > 1 )
 2917              		.loc 1 2169 12
 2918 0026 0E4B     		ldr	r3, .L181+8
 2919 0028 1B68     		ldr	r3, [r3]
 2920              		.loc 1 2169 10
ARM GAS  /tmp/ccsbjPFO.s 			page 94


 2921 002a 012B     		cmp	r3, #1
 2922 002c 02D9     		bls	.L178
2170:Middlewares/Third_Party/FreeRTOS/Source/tasks.c **** 		{
2171:Middlewares/Third_Party/FreeRTOS/Source/tasks.c **** 			/* There are other idle priority tasks in the ready state.  If
2172:Middlewares/Third_Party/FreeRTOS/Source/tasks.c **** 			time slicing is used then the very next tick interrupt must be
2173:Middlewares/Third_Party/FreeRTOS/Source/tasks.c **** 			processed. */
2174:Middlewares/Third_Party/FreeRTOS/Source/tasks.c **** 			xReturn = 0;
 2923              		.loc 1 2174 12
 2924 002e 0023     		movs	r3, #0
 2925 0030 7B60     		str	r3, [r7, #4]
 2926 0032 0BE0     		b	.L177
 2927              	.L178:
2175:Middlewares/Third_Party/FreeRTOS/Source/tasks.c **** 		}
2176:Middlewares/Third_Party/FreeRTOS/Source/tasks.c **** 		else if( uxHigherPriorityReadyTasks != pdFALSE )
 2928              		.loc 1 2176 10
 2929 0034 3B68     		ldr	r3, [r7]
 2930 0036 002B     		cmp	r3, #0
 2931 0038 02D0     		beq	.L179
2177:Middlewares/Third_Party/FreeRTOS/Source/tasks.c **** 		{
2178:Middlewares/Third_Party/FreeRTOS/Source/tasks.c **** 			/* There are tasks in the Ready state that have a priority above the
2179:Middlewares/Third_Party/FreeRTOS/Source/tasks.c **** 			idle priority.  This path can only be reached if
2180:Middlewares/Third_Party/FreeRTOS/Source/tasks.c **** 			configUSE_PREEMPTION is 0. */
2181:Middlewares/Third_Party/FreeRTOS/Source/tasks.c **** 			xReturn = 0;
 2932              		.loc 1 2181 12
 2933 003a 0023     		movs	r3, #0
 2934 003c 7B60     		str	r3, [r7, #4]
 2935 003e 05E0     		b	.L177
 2936              	.L179:
2182:Middlewares/Third_Party/FreeRTOS/Source/tasks.c **** 		}
2183:Middlewares/Third_Party/FreeRTOS/Source/tasks.c **** 		else
2184:Middlewares/Third_Party/FreeRTOS/Source/tasks.c **** 		{
2185:Middlewares/Third_Party/FreeRTOS/Source/tasks.c **** 			xReturn = xNextTaskUnblockTime - xTickCount;
 2937              		.loc 1 2185 35
 2938 0040 084B     		ldr	r3, .L181+12
 2939 0042 1A68     		ldr	r2, [r3]
 2940 0044 084B     		ldr	r3, .L181+16
 2941 0046 1B68     		ldr	r3, [r3]
 2942              		.loc 1 2185 12
 2943 0048 D31A     		subs	r3, r2, r3
 2944 004a 7B60     		str	r3, [r7, #4]
 2945              	.L177:
2186:Middlewares/Third_Party/FreeRTOS/Source/tasks.c **** 		}
2187:Middlewares/Third_Party/FreeRTOS/Source/tasks.c **** 
2188:Middlewares/Third_Party/FreeRTOS/Source/tasks.c **** 		return xReturn;
 2946              		.loc 1 2188 10
 2947 004c 7B68     		ldr	r3, [r7, #4]
2189:Middlewares/Third_Party/FreeRTOS/Source/tasks.c **** 	}
 2948              		.loc 1 2189 2
 2949 004e 1846     		mov	r0, r3
 2950 0050 0C37     		adds	r7, r7, #12
 2951              	.LCFI93:
 2952              		.cfi_def_cfa_offset 4
 2953 0052 BD46     		mov	sp, r7
 2954              	.LCFI94:
 2955              		.cfi_def_cfa_register 13
 2956              		@ sp needed
 2957 0054 80BC     		pop	{r7}
ARM GAS  /tmp/ccsbjPFO.s 			page 95


 2958              	.LCFI95:
 2959              		.cfi_restore 7
 2960              		.cfi_def_cfa_offset 0
 2961 0056 7047     		bx	lr
 2962              	.L182:
 2963              		.align	2
 2964              	.L181:
 2965 0058 00000000 		.word	uxTopReadyPriority
 2966 005c 00000000 		.word	pxCurrentTCB
 2967 0060 00000000 		.word	pxReadyTasksLists
 2968 0064 00000000 		.word	xNextTaskUnblockTime
 2969 0068 00000000 		.word	xTickCount
 2970              		.cfi_endproc
 2971              	.LFE22:
 2973              		.section	.text.xTaskResumeAll,"ax",%progbits
 2974              		.align	1
 2975              		.global	xTaskResumeAll
 2976              		.syntax unified
 2977              		.thumb
 2978              		.thumb_func
 2980              	xTaskResumeAll:
 2981              	.LFB23:
2190:Middlewares/Third_Party/FreeRTOS/Source/tasks.c **** 
2191:Middlewares/Third_Party/FreeRTOS/Source/tasks.c **** #endif /* configUSE_TICKLESS_IDLE */
2192:Middlewares/Third_Party/FreeRTOS/Source/tasks.c **** /*----------------------------------------------------------*/
2193:Middlewares/Third_Party/FreeRTOS/Source/tasks.c **** 
2194:Middlewares/Third_Party/FreeRTOS/Source/tasks.c **** BaseType_t xTaskResumeAll( void )
2195:Middlewares/Third_Party/FreeRTOS/Source/tasks.c **** {
 2982              		.loc 1 2195 1
 2983              		.cfi_startproc
 2984              		@ args = 0, pretend = 0, frame = 16
 2985              		@ frame_needed = 1, uses_anonymous_args = 0
 2986 0000 80B5     		push	{r7, lr}
 2987              	.LCFI96:
 2988              		.cfi_def_cfa_offset 8
 2989              		.cfi_offset 7, -8
 2990              		.cfi_offset 14, -4
 2991 0002 84B0     		sub	sp, sp, #16
 2992              	.LCFI97:
 2993              		.cfi_def_cfa_offset 24
 2994 0004 00AF     		add	r7, sp, #0
 2995              	.LCFI98:
 2996              		.cfi_def_cfa_register 7
2196:Middlewares/Third_Party/FreeRTOS/Source/tasks.c **** TCB_t *pxTCB = NULL;
 2997              		.loc 1 2196 8
 2998 0006 0023     		movs	r3, #0
 2999 0008 FB60     		str	r3, [r7, #12]
2197:Middlewares/Third_Party/FreeRTOS/Source/tasks.c **** BaseType_t xAlreadyYielded = pdFALSE;
 3000              		.loc 1 2197 12
 3001 000a 0023     		movs	r3, #0
 3002 000c BB60     		str	r3, [r7, #8]
2198:Middlewares/Third_Party/FreeRTOS/Source/tasks.c **** 
2199:Middlewares/Third_Party/FreeRTOS/Source/tasks.c **** 	/* If uxSchedulerSuspended is zero then this function does not match a
2200:Middlewares/Third_Party/FreeRTOS/Source/tasks.c **** 	previous call to vTaskSuspendAll(). */
2201:Middlewares/Third_Party/FreeRTOS/Source/tasks.c **** 	configASSERT( uxSchedulerSuspended );
 3003              		.loc 1 2201 2
 3004 000e 424B     		ldr	r3, .L196
ARM GAS  /tmp/ccsbjPFO.s 			page 96


 3005 0010 1B68     		ldr	r3, [r3]
 3006 0012 002B     		cmp	r3, #0
 3007 0014 0BD1     		bne	.L184
 3008              	.LBB175:
 3009              	.LBB176:
 195:Middlewares/Third_Party/FreeRTOS/Source/portable/GCC/ARM_CM4F/portmacro.h **** 	(
 3010              		.loc 2 195 2
 3011              		.syntax unified
 3012              	@ 195 "Middlewares/Third_Party/FreeRTOS/Source/portable/GCC/ARM_CM4F/portmacro.h" 1
 3013 0016 4FF05003 			mov r3, #80												
 3014 001a 83F31188 		msr basepri, r3											
 3015 001e BFF36F8F 		isb														
 3016 0022 BFF34F8F 		dsb														
 3017              	
 3018              	@ 0 "" 2
 3019              		.thumb
 3020              		.syntax unified
 3021 0026 3B60     		str	r3, [r7]
 203:Middlewares/Third_Party/FreeRTOS/Source/portable/GCC/ARM_CM4F/portmacro.h **** 
 3022              		.loc 2 203 1
 3023 0028 00BF     		nop
 3024              	.L185:
 3025              	.LBE176:
 3026              	.LBE175:
 3027              		.loc 1 2201 2
 3028 002a 00BF     		nop
 3029 002c FDE7     		b	.L185
 3030              	.L184:
2202:Middlewares/Third_Party/FreeRTOS/Source/tasks.c **** 
2203:Middlewares/Third_Party/FreeRTOS/Source/tasks.c **** 	/* It is possible that an ISR caused a task to be removed from an event
2204:Middlewares/Third_Party/FreeRTOS/Source/tasks.c **** 	list while the scheduler was suspended.  If this was the case then the
2205:Middlewares/Third_Party/FreeRTOS/Source/tasks.c **** 	removed task will have been added to the xPendingReadyList.  Once the
2206:Middlewares/Third_Party/FreeRTOS/Source/tasks.c **** 	scheduler has been resumed it is safe to move all the pending ready
2207:Middlewares/Third_Party/FreeRTOS/Source/tasks.c **** 	tasks from this list into their appropriate ready list. */
2208:Middlewares/Third_Party/FreeRTOS/Source/tasks.c **** 	taskENTER_CRITICAL();
 3031              		.loc 1 2208 2
 3032 002e FFF7FEFF 		bl	vPortEnterCritical
2209:Middlewares/Third_Party/FreeRTOS/Source/tasks.c **** 	{
2210:Middlewares/Third_Party/FreeRTOS/Source/tasks.c **** 		--uxSchedulerSuspended;
 3033              		.loc 1 2210 3
 3034 0032 394B     		ldr	r3, .L196
 3035 0034 1B68     		ldr	r3, [r3]
 3036 0036 013B     		subs	r3, r3, #1
 3037 0038 374A     		ldr	r2, .L196
 3038 003a 1360     		str	r3, [r2]
2211:Middlewares/Third_Party/FreeRTOS/Source/tasks.c **** 
2212:Middlewares/Third_Party/FreeRTOS/Source/tasks.c **** 		if( uxSchedulerSuspended == ( UBaseType_t ) pdFALSE )
 3039              		.loc 1 2212 28
 3040 003c 364B     		ldr	r3, .L196
 3041 003e 1B68     		ldr	r3, [r3]
 3042              		.loc 1 2212 5
 3043 0040 002B     		cmp	r3, #0
 3044 0042 62D1     		bne	.L186
2213:Middlewares/Third_Party/FreeRTOS/Source/tasks.c **** 		{
2214:Middlewares/Third_Party/FreeRTOS/Source/tasks.c **** 			if( uxCurrentNumberOfTasks > ( UBaseType_t ) 0U )
 3045              		.loc 1 2214 31
 3046 0044 354B     		ldr	r3, .L196+4
ARM GAS  /tmp/ccsbjPFO.s 			page 97


 3047 0046 1B68     		ldr	r3, [r3]
 3048              		.loc 1 2214 6
 3049 0048 002B     		cmp	r3, #0
 3050 004a 5ED0     		beq	.L186
2215:Middlewares/Third_Party/FreeRTOS/Source/tasks.c **** 			{
2216:Middlewares/Third_Party/FreeRTOS/Source/tasks.c **** 				/* Move any readied tasks from the pending list into the
2217:Middlewares/Third_Party/FreeRTOS/Source/tasks.c **** 				appropriate ready list. */
2218:Middlewares/Third_Party/FreeRTOS/Source/tasks.c **** 				while( listLIST_IS_EMPTY( &xPendingReadyList ) == pdFALSE )
 3051              		.loc 1 2218 10
 3052 004c 2FE0     		b	.L187
 3053              	.L190:
2219:Middlewares/Third_Party/FreeRTOS/Source/tasks.c **** 				{
2220:Middlewares/Third_Party/FreeRTOS/Source/tasks.c **** 					pxTCB = listGET_OWNER_OF_HEAD_ENTRY( ( &xPendingReadyList ) ); /*lint !e9079 void * is used as
 3054              		.loc 1 2220 14
 3055 004e 344B     		ldr	r3, .L196+8
 3056 0050 DB68     		ldr	r3, [r3, #12]
 3057              		.loc 1 2220 12
 3058 0052 DB68     		ldr	r3, [r3, #12]
 3059 0054 FB60     		str	r3, [r7, #12]
2221:Middlewares/Third_Party/FreeRTOS/Source/tasks.c **** 					( void ) uxListRemove( &( pxTCB->xEventListItem ) );
 3060              		.loc 1 2221 29
 3061 0056 FB68     		ldr	r3, [r7, #12]
 3062 0058 1833     		adds	r3, r3, #24
 3063              		.loc 1 2221 15
 3064 005a 1846     		mov	r0, r3
 3065 005c FFF7FEFF 		bl	uxListRemove
2222:Middlewares/Third_Party/FreeRTOS/Source/tasks.c **** 					( void ) uxListRemove( &( pxTCB->xStateListItem ) );
 3066              		.loc 1 2222 29
 3067 0060 FB68     		ldr	r3, [r7, #12]
 3068 0062 0433     		adds	r3, r3, #4
 3069              		.loc 1 2222 15
 3070 0064 1846     		mov	r0, r3
 3071 0066 FFF7FEFF 		bl	uxListRemove
2223:Middlewares/Third_Party/FreeRTOS/Source/tasks.c **** 					prvAddTaskToReadyList( pxTCB );
 3072              		.loc 1 2223 6
 3073 006a FB68     		ldr	r3, [r7, #12]
 3074 006c DA6A     		ldr	r2, [r3, #44]
 3075 006e 2D4B     		ldr	r3, .L196+12
 3076 0070 1B68     		ldr	r3, [r3]
 3077 0072 9A42     		cmp	r2, r3
 3078 0074 03D9     		bls	.L188
 3079              		.loc 1 2223 6 is_stmt 0 discriminator 1
 3080 0076 FB68     		ldr	r3, [r7, #12]
 3081 0078 DB6A     		ldr	r3, [r3, #44]
 3082 007a 2A4A     		ldr	r2, .L196+12
 3083 007c 1360     		str	r3, [r2]
 3084              	.L188:
 3085              		.loc 1 2223 6 discriminator 3
 3086 007e FB68     		ldr	r3, [r7, #12]
 3087 0080 DA6A     		ldr	r2, [r3, #44]
 3088 0082 1346     		mov	r3, r2
 3089 0084 9B00     		lsls	r3, r3, #2
 3090 0086 1344     		add	r3, r3, r2
 3091 0088 9B00     		lsls	r3, r3, #2
 3092 008a 274A     		ldr	r2, .L196+16
 3093 008c 1A44     		add	r2, r2, r3
 3094 008e FB68     		ldr	r3, [r7, #12]
ARM GAS  /tmp/ccsbjPFO.s 			page 98


 3095 0090 0433     		adds	r3, r3, #4
 3096 0092 1946     		mov	r1, r3
 3097 0094 1046     		mov	r0, r2
 3098 0096 FFF7FEFF 		bl	vListInsertEnd
2224:Middlewares/Third_Party/FreeRTOS/Source/tasks.c **** 
2225:Middlewares/Third_Party/FreeRTOS/Source/tasks.c **** 					/* If the moved task has a priority higher than the current
2226:Middlewares/Third_Party/FreeRTOS/Source/tasks.c **** 					task then a yield must be performed. */
2227:Middlewares/Third_Party/FreeRTOS/Source/tasks.c **** 					if( pxTCB->uxPriority >= pxCurrentTCB->uxPriority )
 3099              		.loc 1 2227 15 is_stmt 1
 3100 009a FB68     		ldr	r3, [r7, #12]
 3101 009c DA6A     		ldr	r2, [r3, #44]
 3102              		.loc 1 2227 43
 3103 009e 234B     		ldr	r3, .L196+20
 3104 00a0 1B68     		ldr	r3, [r3]
 3105 00a2 DB6A     		ldr	r3, [r3, #44]
 3106              		.loc 1 2227 8
 3107 00a4 9A42     		cmp	r2, r3
 3108 00a6 02D3     		bcc	.L187
2228:Middlewares/Third_Party/FreeRTOS/Source/tasks.c **** 					{
2229:Middlewares/Third_Party/FreeRTOS/Source/tasks.c **** 						xYieldPending = pdTRUE;
 3109              		.loc 1 2229 21
 3110 00a8 214B     		ldr	r3, .L196+24
 3111 00aa 0122     		movs	r2, #1
 3112 00ac 1A60     		str	r2, [r3]
 3113              	.L187:
2218:Middlewares/Third_Party/FreeRTOS/Source/tasks.c **** 				{
 3114              		.loc 1 2218 12
 3115 00ae 1C4B     		ldr	r3, .L196+8
 3116 00b0 1B68     		ldr	r3, [r3]
2218:Middlewares/Third_Party/FreeRTOS/Source/tasks.c **** 				{
 3117              		.loc 1 2218 52
 3118 00b2 002B     		cmp	r3, #0
 3119 00b4 CBD1     		bne	.L190
2230:Middlewares/Third_Party/FreeRTOS/Source/tasks.c **** 					}
2231:Middlewares/Third_Party/FreeRTOS/Source/tasks.c **** 					else
2232:Middlewares/Third_Party/FreeRTOS/Source/tasks.c **** 					{
2233:Middlewares/Third_Party/FreeRTOS/Source/tasks.c **** 						mtCOVERAGE_TEST_MARKER();
2234:Middlewares/Third_Party/FreeRTOS/Source/tasks.c **** 					}
2235:Middlewares/Third_Party/FreeRTOS/Source/tasks.c **** 				}
2236:Middlewares/Third_Party/FreeRTOS/Source/tasks.c **** 
2237:Middlewares/Third_Party/FreeRTOS/Source/tasks.c **** 				if( pxTCB != NULL )
 3120              		.loc 1 2237 7
 3121 00b6 FB68     		ldr	r3, [r7, #12]
 3122 00b8 002B     		cmp	r3, #0
 3123 00ba 01D0     		beq	.L191
2238:Middlewares/Third_Party/FreeRTOS/Source/tasks.c **** 				{
2239:Middlewares/Third_Party/FreeRTOS/Source/tasks.c **** 					/* A task was unblocked while the scheduler was suspended,
2240:Middlewares/Third_Party/FreeRTOS/Source/tasks.c **** 					which may have prevented the next unblock time from being
2241:Middlewares/Third_Party/FreeRTOS/Source/tasks.c **** 					re-calculated, in which case re-calculate it now.  Mainly
2242:Middlewares/Third_Party/FreeRTOS/Source/tasks.c **** 					important for low power tickless implementations, where
2243:Middlewares/Third_Party/FreeRTOS/Source/tasks.c **** 					this can prevent an unnecessary exit from low power
2244:Middlewares/Third_Party/FreeRTOS/Source/tasks.c **** 					state. */
2245:Middlewares/Third_Party/FreeRTOS/Source/tasks.c **** 					prvResetNextTaskUnblockTime();
 3124              		.loc 1 2245 6
 3125 00bc FFF7FEFF 		bl	prvResetNextTaskUnblockTime
 3126              	.L191:
 3127              	.LBB177:
ARM GAS  /tmp/ccsbjPFO.s 			page 99


2246:Middlewares/Third_Party/FreeRTOS/Source/tasks.c **** 				}
2247:Middlewares/Third_Party/FreeRTOS/Source/tasks.c **** 
2248:Middlewares/Third_Party/FreeRTOS/Source/tasks.c **** 				/* If any ticks occurred while the scheduler was suspended then
2249:Middlewares/Third_Party/FreeRTOS/Source/tasks.c **** 				they should be processed now.  This ensures the tick count does
2250:Middlewares/Third_Party/FreeRTOS/Source/tasks.c **** 				not	slip, and that any delayed tasks are resumed at the correct
2251:Middlewares/Third_Party/FreeRTOS/Source/tasks.c **** 				time. */
2252:Middlewares/Third_Party/FreeRTOS/Source/tasks.c **** 				{
2253:Middlewares/Third_Party/FreeRTOS/Source/tasks.c **** 					TickType_t xPendedCounts = xPendedTicks; /* Non-volatile copy. */
 3128              		.loc 1 2253 17
 3129 00c0 1C4B     		ldr	r3, .L196+28
 3130 00c2 1B68     		ldr	r3, [r3]
 3131 00c4 7B60     		str	r3, [r7, #4]
2254:Middlewares/Third_Party/FreeRTOS/Source/tasks.c **** 
2255:Middlewares/Third_Party/FreeRTOS/Source/tasks.c **** 					if( xPendedCounts > ( TickType_t ) 0U )
 3132              		.loc 1 2255 8
 3133 00c6 7B68     		ldr	r3, [r7, #4]
 3134 00c8 002B     		cmp	r3, #0
 3135 00ca 10D0     		beq	.L192
 3136              	.L194:
2256:Middlewares/Third_Party/FreeRTOS/Source/tasks.c **** 					{
2257:Middlewares/Third_Party/FreeRTOS/Source/tasks.c **** 						do
2258:Middlewares/Third_Party/FreeRTOS/Source/tasks.c **** 						{
2259:Middlewares/Third_Party/FreeRTOS/Source/tasks.c **** 							if( xTaskIncrementTick() != pdFALSE )
 3137              		.loc 1 2259 12
 3138 00cc FFF7FEFF 		bl	xTaskIncrementTick
 3139 00d0 0346     		mov	r3, r0
 3140              		.loc 1 2259 10 discriminator 1
 3141 00d2 002B     		cmp	r3, #0
 3142 00d4 02D0     		beq	.L193
2260:Middlewares/Third_Party/FreeRTOS/Source/tasks.c **** 							{
2261:Middlewares/Third_Party/FreeRTOS/Source/tasks.c **** 								xYieldPending = pdTRUE;
 3143              		.loc 1 2261 23
 3144 00d6 164B     		ldr	r3, .L196+24
 3145 00d8 0122     		movs	r2, #1
 3146 00da 1A60     		str	r2, [r3]
 3147              	.L193:
2262:Middlewares/Third_Party/FreeRTOS/Source/tasks.c **** 							}
2263:Middlewares/Third_Party/FreeRTOS/Source/tasks.c **** 							else
2264:Middlewares/Third_Party/FreeRTOS/Source/tasks.c **** 							{
2265:Middlewares/Third_Party/FreeRTOS/Source/tasks.c **** 								mtCOVERAGE_TEST_MARKER();
2266:Middlewares/Third_Party/FreeRTOS/Source/tasks.c **** 							}
2267:Middlewares/Third_Party/FreeRTOS/Source/tasks.c **** 							--xPendedCounts;
 3148              		.loc 1 2267 8
 3149 00dc 7B68     		ldr	r3, [r7, #4]
 3150 00de 013B     		subs	r3, r3, #1
 3151 00e0 7B60     		str	r3, [r7, #4]
2268:Middlewares/Third_Party/FreeRTOS/Source/tasks.c **** 						} while( xPendedCounts > ( TickType_t ) 0U );
 3152              		.loc 1 2268 30
 3153 00e2 7B68     		ldr	r3, [r7, #4]
 3154 00e4 002B     		cmp	r3, #0
 3155 00e6 F1D1     		bne	.L194
2269:Middlewares/Third_Party/FreeRTOS/Source/tasks.c **** 
2270:Middlewares/Third_Party/FreeRTOS/Source/tasks.c **** 						xPendedTicks = 0;
 3156              		.loc 1 2270 20
 3157 00e8 124B     		ldr	r3, .L196+28
 3158 00ea 0022     		movs	r2, #0
 3159 00ec 1A60     		str	r2, [r3]
ARM GAS  /tmp/ccsbjPFO.s 			page 100


 3160              	.L192:
 3161              	.LBE177:
2271:Middlewares/Third_Party/FreeRTOS/Source/tasks.c **** 					}
2272:Middlewares/Third_Party/FreeRTOS/Source/tasks.c **** 					else
2273:Middlewares/Third_Party/FreeRTOS/Source/tasks.c **** 					{
2274:Middlewares/Third_Party/FreeRTOS/Source/tasks.c **** 						mtCOVERAGE_TEST_MARKER();
2275:Middlewares/Third_Party/FreeRTOS/Source/tasks.c **** 					}
2276:Middlewares/Third_Party/FreeRTOS/Source/tasks.c **** 				}
2277:Middlewares/Third_Party/FreeRTOS/Source/tasks.c **** 
2278:Middlewares/Third_Party/FreeRTOS/Source/tasks.c **** 				if( xYieldPending != pdFALSE )
 3162              		.loc 1 2278 23
 3163 00ee 104B     		ldr	r3, .L196+24
 3164 00f0 1B68     		ldr	r3, [r3]
 3165              		.loc 1 2278 7
 3166 00f2 002B     		cmp	r3, #0
 3167 00f4 09D0     		beq	.L186
2279:Middlewares/Third_Party/FreeRTOS/Source/tasks.c **** 				{
2280:Middlewares/Third_Party/FreeRTOS/Source/tasks.c **** 					#if( configUSE_PREEMPTION != 0 )
2281:Middlewares/Third_Party/FreeRTOS/Source/tasks.c **** 					{
2282:Middlewares/Third_Party/FreeRTOS/Source/tasks.c **** 						xAlreadyYielded = pdTRUE;
 3168              		.loc 1 2282 23
 3169 00f6 0123     		movs	r3, #1
 3170 00f8 BB60     		str	r3, [r7, #8]
2283:Middlewares/Third_Party/FreeRTOS/Source/tasks.c **** 					}
2284:Middlewares/Third_Party/FreeRTOS/Source/tasks.c **** 					#endif
2285:Middlewares/Third_Party/FreeRTOS/Source/tasks.c **** 					taskYIELD_IF_USING_PREEMPTION();
 3171              		.loc 1 2285 6
 3172 00fa 0F4B     		ldr	r3, .L196+32
 3173 00fc 4FF08052 		mov	r2, #268435456
 3174 0100 1A60     		str	r2, [r3]
 3175              		.syntax unified
 3176              	@ 2285 "Middlewares/Third_Party/FreeRTOS/Source/tasks.c" 1
 3177 0102 BFF34F8F 		dsb
 3178              	@ 0 "" 2
 3179              	@ 2285 "Middlewares/Third_Party/FreeRTOS/Source/tasks.c" 1
 3180 0106 BFF36F8F 		isb
 3181              	@ 0 "" 2
 3182              		.thumb
 3183              		.syntax unified
 3184              	.L186:
2286:Middlewares/Third_Party/FreeRTOS/Source/tasks.c **** 				}
2287:Middlewares/Third_Party/FreeRTOS/Source/tasks.c **** 				else
2288:Middlewares/Third_Party/FreeRTOS/Source/tasks.c **** 				{
2289:Middlewares/Third_Party/FreeRTOS/Source/tasks.c **** 					mtCOVERAGE_TEST_MARKER();
2290:Middlewares/Third_Party/FreeRTOS/Source/tasks.c **** 				}
2291:Middlewares/Third_Party/FreeRTOS/Source/tasks.c **** 			}
2292:Middlewares/Third_Party/FreeRTOS/Source/tasks.c **** 		}
2293:Middlewares/Third_Party/FreeRTOS/Source/tasks.c **** 		else
2294:Middlewares/Third_Party/FreeRTOS/Source/tasks.c **** 		{
2295:Middlewares/Third_Party/FreeRTOS/Source/tasks.c **** 			mtCOVERAGE_TEST_MARKER();
2296:Middlewares/Third_Party/FreeRTOS/Source/tasks.c **** 		}
2297:Middlewares/Third_Party/FreeRTOS/Source/tasks.c **** 	}
2298:Middlewares/Third_Party/FreeRTOS/Source/tasks.c **** 	taskEXIT_CRITICAL();
 3185              		.loc 1 2298 2
 3186 010a FFF7FEFF 		bl	vPortExitCritical
2299:Middlewares/Third_Party/FreeRTOS/Source/tasks.c **** 
2300:Middlewares/Third_Party/FreeRTOS/Source/tasks.c **** 	return xAlreadyYielded;
ARM GAS  /tmp/ccsbjPFO.s 			page 101


 3187              		.loc 1 2300 9
 3188 010e BB68     		ldr	r3, [r7, #8]
2301:Middlewares/Third_Party/FreeRTOS/Source/tasks.c **** }
 3189              		.loc 1 2301 1
 3190 0110 1846     		mov	r0, r3
 3191 0112 1037     		adds	r7, r7, #16
 3192              	.LCFI99:
 3193              		.cfi_def_cfa_offset 8
 3194 0114 BD46     		mov	sp, r7
 3195              	.LCFI100:
 3196              		.cfi_def_cfa_register 13
 3197              		@ sp needed
 3198 0116 80BD     		pop	{r7, pc}
 3199              	.L197:
 3200              		.align	2
 3201              	.L196:
 3202 0118 00000000 		.word	uxSchedulerSuspended
 3203 011c 00000000 		.word	uxCurrentNumberOfTasks
 3204 0120 00000000 		.word	xPendingReadyList
 3205 0124 00000000 		.word	uxTopReadyPriority
 3206 0128 00000000 		.word	pxReadyTasksLists
 3207 012c 00000000 		.word	pxCurrentTCB
 3208 0130 00000000 		.word	xYieldPending
 3209 0134 00000000 		.word	xPendedTicks
 3210 0138 04ED00E0 		.word	-536810236
 3211              		.cfi_endproc
 3212              	.LFE23:
 3214              		.section	.text.xTaskGetTickCount,"ax",%progbits
 3215              		.align	1
 3216              		.global	xTaskGetTickCount
 3217              		.syntax unified
 3218              		.thumb
 3219              		.thumb_func
 3221              	xTaskGetTickCount:
 3222              	.LFB24:
2302:Middlewares/Third_Party/FreeRTOS/Source/tasks.c **** /*-----------------------------------------------------------*/
2303:Middlewares/Third_Party/FreeRTOS/Source/tasks.c **** 
2304:Middlewares/Third_Party/FreeRTOS/Source/tasks.c **** TickType_t xTaskGetTickCount( void )
2305:Middlewares/Third_Party/FreeRTOS/Source/tasks.c **** {
 3223              		.loc 1 2305 1
 3224              		.cfi_startproc
 3225              		@ args = 0, pretend = 0, frame = 8
 3226              		@ frame_needed = 1, uses_anonymous_args = 0
 3227              		@ link register save eliminated.
 3228 0000 80B4     		push	{r7}
 3229              	.LCFI101:
 3230              		.cfi_def_cfa_offset 4
 3231              		.cfi_offset 7, -4
 3232 0002 83B0     		sub	sp, sp, #12
 3233              	.LCFI102:
 3234              		.cfi_def_cfa_offset 16
 3235 0004 00AF     		add	r7, sp, #0
 3236              	.LCFI103:
 3237              		.cfi_def_cfa_register 7
2306:Middlewares/Third_Party/FreeRTOS/Source/tasks.c **** TickType_t xTicks;
2307:Middlewares/Third_Party/FreeRTOS/Source/tasks.c **** 
2308:Middlewares/Third_Party/FreeRTOS/Source/tasks.c **** 	/* Critical section required if running on a 16 bit processor. */
ARM GAS  /tmp/ccsbjPFO.s 			page 102


2309:Middlewares/Third_Party/FreeRTOS/Source/tasks.c **** 	portTICK_TYPE_ENTER_CRITICAL();
2310:Middlewares/Third_Party/FreeRTOS/Source/tasks.c **** 	{
2311:Middlewares/Third_Party/FreeRTOS/Source/tasks.c **** 		xTicks = xTickCount;
 3238              		.loc 1 2311 10
 3239 0006 044B     		ldr	r3, .L200
 3240 0008 1B68     		ldr	r3, [r3]
 3241 000a 7B60     		str	r3, [r7, #4]
2312:Middlewares/Third_Party/FreeRTOS/Source/tasks.c **** 	}
2313:Middlewares/Third_Party/FreeRTOS/Source/tasks.c **** 	portTICK_TYPE_EXIT_CRITICAL();
2314:Middlewares/Third_Party/FreeRTOS/Source/tasks.c **** 
2315:Middlewares/Third_Party/FreeRTOS/Source/tasks.c **** 	return xTicks;
 3242              		.loc 1 2315 9
 3243 000c 7B68     		ldr	r3, [r7, #4]
2316:Middlewares/Third_Party/FreeRTOS/Source/tasks.c **** }
 3244              		.loc 1 2316 1
 3245 000e 1846     		mov	r0, r3
 3246 0010 0C37     		adds	r7, r7, #12
 3247              	.LCFI104:
 3248              		.cfi_def_cfa_offset 4
 3249 0012 BD46     		mov	sp, r7
 3250              	.LCFI105:
 3251              		.cfi_def_cfa_register 13
 3252              		@ sp needed
 3253 0014 80BC     		pop	{r7}
 3254              	.LCFI106:
 3255              		.cfi_restore 7
 3256              		.cfi_def_cfa_offset 0
 3257 0016 7047     		bx	lr
 3258              	.L201:
 3259              		.align	2
 3260              	.L200:
 3261 0018 00000000 		.word	xTickCount
 3262              		.cfi_endproc
 3263              	.LFE24:
 3265              		.section	.text.xTaskGetTickCountFromISR,"ax",%progbits
 3266              		.align	1
 3267              		.global	xTaskGetTickCountFromISR
 3268              		.syntax unified
 3269              		.thumb
 3270              		.thumb_func
 3272              	xTaskGetTickCountFromISR:
 3273              	.LFB25:
2317:Middlewares/Third_Party/FreeRTOS/Source/tasks.c **** /*-----------------------------------------------------------*/
2318:Middlewares/Third_Party/FreeRTOS/Source/tasks.c **** 
2319:Middlewares/Third_Party/FreeRTOS/Source/tasks.c **** TickType_t xTaskGetTickCountFromISR( void )
2320:Middlewares/Third_Party/FreeRTOS/Source/tasks.c **** {
 3274              		.loc 1 2320 1
 3275              		.cfi_startproc
 3276              		@ args = 0, pretend = 0, frame = 8
 3277              		@ frame_needed = 1, uses_anonymous_args = 0
 3278 0000 80B5     		push	{r7, lr}
 3279              	.LCFI107:
 3280              		.cfi_def_cfa_offset 8
 3281              		.cfi_offset 7, -8
 3282              		.cfi_offset 14, -4
 3283 0002 82B0     		sub	sp, sp, #8
 3284              	.LCFI108:
ARM GAS  /tmp/ccsbjPFO.s 			page 103


 3285              		.cfi_def_cfa_offset 16
 3286 0004 00AF     		add	r7, sp, #0
 3287              	.LCFI109:
 3288              		.cfi_def_cfa_register 7
2321:Middlewares/Third_Party/FreeRTOS/Source/tasks.c **** TickType_t xReturn;
2322:Middlewares/Third_Party/FreeRTOS/Source/tasks.c **** UBaseType_t uxSavedInterruptStatus;
2323:Middlewares/Third_Party/FreeRTOS/Source/tasks.c **** 
2324:Middlewares/Third_Party/FreeRTOS/Source/tasks.c **** 	/* RTOS ports that support interrupt nesting have the concept of a maximum
2325:Middlewares/Third_Party/FreeRTOS/Source/tasks.c **** 	system call (or maximum API call) interrupt priority.  Interrupts that are
2326:Middlewares/Third_Party/FreeRTOS/Source/tasks.c **** 	above the maximum system call priority are kept permanently enabled, even
2327:Middlewares/Third_Party/FreeRTOS/Source/tasks.c **** 	when the RTOS kernel is in a critical section, but cannot make any calls to
2328:Middlewares/Third_Party/FreeRTOS/Source/tasks.c **** 	FreeRTOS API functions.  If configASSERT() is defined in FreeRTOSConfig.h
2329:Middlewares/Third_Party/FreeRTOS/Source/tasks.c **** 	then portASSERT_IF_INTERRUPT_PRIORITY_INVALID() will result in an assertion
2330:Middlewares/Third_Party/FreeRTOS/Source/tasks.c **** 	failure if a FreeRTOS API function is called from an interrupt that has been
2331:Middlewares/Third_Party/FreeRTOS/Source/tasks.c **** 	assigned a priority above the configured maximum system call priority.
2332:Middlewares/Third_Party/FreeRTOS/Source/tasks.c **** 	Only FreeRTOS functions that end in FromISR can be called from interrupts
2333:Middlewares/Third_Party/FreeRTOS/Source/tasks.c **** 	that have been assigned a priority at or (logically) below the maximum
2334:Middlewares/Third_Party/FreeRTOS/Source/tasks.c **** 	system call	interrupt priority.  FreeRTOS maintains a separate interrupt
2335:Middlewares/Third_Party/FreeRTOS/Source/tasks.c **** 	safe API to ensure interrupt entry is as fast and as simple as possible.
2336:Middlewares/Third_Party/FreeRTOS/Source/tasks.c **** 	More information (albeit Cortex-M specific) is provided on the following
2337:Middlewares/Third_Party/FreeRTOS/Source/tasks.c **** 	link: https://www.freertos.org/RTOS-Cortex-M3-M4.html */
2338:Middlewares/Third_Party/FreeRTOS/Source/tasks.c **** 	portASSERT_IF_INTERRUPT_PRIORITY_INVALID();
 3289              		.loc 1 2338 2
 3290 0006 FFF7FEFF 		bl	vPortValidateInterruptPriority
2339:Middlewares/Third_Party/FreeRTOS/Source/tasks.c **** 
2340:Middlewares/Third_Party/FreeRTOS/Source/tasks.c **** 	uxSavedInterruptStatus = portTICK_TYPE_SET_INTERRUPT_MASK_FROM_ISR();
 3291              		.loc 1 2340 25
 3292 000a 0023     		movs	r3, #0
 3293 000c 7B60     		str	r3, [r7, #4]
2341:Middlewares/Third_Party/FreeRTOS/Source/tasks.c **** 	{
2342:Middlewares/Third_Party/FreeRTOS/Source/tasks.c **** 		xReturn = xTickCount;
 3294              		.loc 1 2342 11
 3295 000e 044B     		ldr	r3, .L204
 3296 0010 1B68     		ldr	r3, [r3]
 3297 0012 3B60     		str	r3, [r7]
2343:Middlewares/Third_Party/FreeRTOS/Source/tasks.c **** 	}
2344:Middlewares/Third_Party/FreeRTOS/Source/tasks.c **** 	portTICK_TYPE_CLEAR_INTERRUPT_MASK_FROM_ISR( uxSavedInterruptStatus );
2345:Middlewares/Third_Party/FreeRTOS/Source/tasks.c **** 
2346:Middlewares/Third_Party/FreeRTOS/Source/tasks.c **** 	return xReturn;
 3298              		.loc 1 2346 9
 3299 0014 3B68     		ldr	r3, [r7]
2347:Middlewares/Third_Party/FreeRTOS/Source/tasks.c **** }
 3300              		.loc 1 2347 1
 3301 0016 1846     		mov	r0, r3
 3302 0018 0837     		adds	r7, r7, #8
 3303              	.LCFI110:
 3304              		.cfi_def_cfa_offset 8
 3305 001a BD46     		mov	sp, r7
 3306              	.LCFI111:
 3307              		.cfi_def_cfa_register 13
 3308              		@ sp needed
 3309 001c 80BD     		pop	{r7, pc}
 3310              	.L205:
 3311 001e 00BF     		.align	2
 3312              	.L204:
 3313 0020 00000000 		.word	xTickCount
 3314              		.cfi_endproc
ARM GAS  /tmp/ccsbjPFO.s 			page 104


 3315              	.LFE25:
 3317              		.section	.text.uxTaskGetNumberOfTasks,"ax",%progbits
 3318              		.align	1
 3319              		.global	uxTaskGetNumberOfTasks
 3320              		.syntax unified
 3321              		.thumb
 3322              		.thumb_func
 3324              	uxTaskGetNumberOfTasks:
 3325              	.LFB26:
2348:Middlewares/Third_Party/FreeRTOS/Source/tasks.c **** /*-----------------------------------------------------------*/
2349:Middlewares/Third_Party/FreeRTOS/Source/tasks.c **** 
2350:Middlewares/Third_Party/FreeRTOS/Source/tasks.c **** UBaseType_t uxTaskGetNumberOfTasks( void )
2351:Middlewares/Third_Party/FreeRTOS/Source/tasks.c **** {
 3326              		.loc 1 2351 1
 3327              		.cfi_startproc
 3328              		@ args = 0, pretend = 0, frame = 0
 3329              		@ frame_needed = 1, uses_anonymous_args = 0
 3330              		@ link register save eliminated.
 3331 0000 80B4     		push	{r7}
 3332              	.LCFI112:
 3333              		.cfi_def_cfa_offset 4
 3334              		.cfi_offset 7, -4
 3335 0002 00AF     		add	r7, sp, #0
 3336              	.LCFI113:
 3337              		.cfi_def_cfa_register 7
2352:Middlewares/Third_Party/FreeRTOS/Source/tasks.c **** 	/* A critical section is not required because the variables are of type
2353:Middlewares/Third_Party/FreeRTOS/Source/tasks.c **** 	BaseType_t. */
2354:Middlewares/Third_Party/FreeRTOS/Source/tasks.c **** 	return uxCurrentNumberOfTasks;
 3338              		.loc 1 2354 9
 3339 0004 024B     		ldr	r3, .L208
 3340 0006 1B68     		ldr	r3, [r3]
2355:Middlewares/Third_Party/FreeRTOS/Source/tasks.c **** }
 3341              		.loc 1 2355 1
 3342 0008 1846     		mov	r0, r3
 3343 000a BD46     		mov	sp, r7
 3344              	.LCFI114:
 3345              		.cfi_def_cfa_register 13
 3346              		@ sp needed
 3347 000c 80BC     		pop	{r7}
 3348              	.LCFI115:
 3349              		.cfi_restore 7
 3350              		.cfi_def_cfa_offset 0
 3351 000e 7047     		bx	lr
 3352              	.L209:
 3353              		.align	2
 3354              	.L208:
 3355 0010 00000000 		.word	uxCurrentNumberOfTasks
 3356              		.cfi_endproc
 3357              	.LFE26:
 3359              		.section	.text.pcTaskGetName,"ax",%progbits
 3360              		.align	1
 3361              		.global	pcTaskGetName
 3362              		.syntax unified
 3363              		.thumb
 3364              		.thumb_func
 3366              	pcTaskGetName:
 3367              	.LFB27:
ARM GAS  /tmp/ccsbjPFO.s 			page 105


2356:Middlewares/Third_Party/FreeRTOS/Source/tasks.c **** /*-----------------------------------------------------------*/
2357:Middlewares/Third_Party/FreeRTOS/Source/tasks.c **** 
2358:Middlewares/Third_Party/FreeRTOS/Source/tasks.c **** char *pcTaskGetName( TaskHandle_t xTaskToQuery ) /*lint !e971 Unqualified char types are allowed fo
2359:Middlewares/Third_Party/FreeRTOS/Source/tasks.c **** {
 3368              		.loc 1 2359 1
 3369              		.cfi_startproc
 3370              		@ args = 0, pretend = 0, frame = 16
 3371              		@ frame_needed = 1, uses_anonymous_args = 0
 3372              		@ link register save eliminated.
 3373 0000 80B4     		push	{r7}
 3374              	.LCFI116:
 3375              		.cfi_def_cfa_offset 4
 3376              		.cfi_offset 7, -4
 3377 0002 85B0     		sub	sp, sp, #20
 3378              	.LCFI117:
 3379              		.cfi_def_cfa_offset 24
 3380 0004 00AF     		add	r7, sp, #0
 3381              	.LCFI118:
 3382              		.cfi_def_cfa_register 7
 3383 0006 7860     		str	r0, [r7, #4]
2360:Middlewares/Third_Party/FreeRTOS/Source/tasks.c **** TCB_t *pxTCB;
2361:Middlewares/Third_Party/FreeRTOS/Source/tasks.c **** 
2362:Middlewares/Third_Party/FreeRTOS/Source/tasks.c **** 	/* If null is passed in here then the name of the calling task is being
2363:Middlewares/Third_Party/FreeRTOS/Source/tasks.c **** 	queried. */
2364:Middlewares/Third_Party/FreeRTOS/Source/tasks.c **** 	pxTCB = prvGetTCBFromHandle( xTaskToQuery );
 3384              		.loc 1 2364 10
 3385 0008 7B68     		ldr	r3, [r7, #4]
 3386 000a 002B     		cmp	r3, #0
 3387 000c 03D1     		bne	.L211
 3388              		.loc 1 2364 8 discriminator 1
 3389 000e 0E4B     		ldr	r3, .L216
 3390 0010 1B68     		ldr	r3, [r3]
 3391 0012 FB60     		str	r3, [r7, #12]
 3392 0014 01E0     		b	.L212
 3393              	.L211:
 3394              		.loc 1 2364 8 is_stmt 0 discriminator 2
 3395 0016 7B68     		ldr	r3, [r7, #4]
 3396 0018 FB60     		str	r3, [r7, #12]
 3397              	.L212:
2365:Middlewares/Third_Party/FreeRTOS/Source/tasks.c **** 	configASSERT( pxTCB );
 3398              		.loc 1 2365 2 is_stmt 1
 3399 001a FB68     		ldr	r3, [r7, #12]
 3400 001c 002B     		cmp	r3, #0
 3401 001e 0BD1     		bne	.L213
 3402              	.LBB178:
 3403              	.LBB179:
 195:Middlewares/Third_Party/FreeRTOS/Source/portable/GCC/ARM_CM4F/portmacro.h **** 	(
 3404              		.loc 2 195 2
 3405              		.syntax unified
 3406              	@ 195 "Middlewares/Third_Party/FreeRTOS/Source/portable/GCC/ARM_CM4F/portmacro.h" 1
 3407 0020 4FF05003 			mov r3, #80												
 3408 0024 83F31188 		msr basepri, r3											
 3409 0028 BFF36F8F 		isb														
 3410 002c BFF34F8F 		dsb														
 3411              	
 3412              	@ 0 "" 2
 3413              		.thumb
ARM GAS  /tmp/ccsbjPFO.s 			page 106


 3414              		.syntax unified
 3415 0030 BB60     		str	r3, [r7, #8]
 203:Middlewares/Third_Party/FreeRTOS/Source/portable/GCC/ARM_CM4F/portmacro.h **** 
 3416              		.loc 2 203 1
 3417 0032 00BF     		nop
 3418              	.L214:
 3419              	.LBE179:
 3420              	.LBE178:
 3421              		.loc 1 2365 2
 3422 0034 00BF     		nop
 3423 0036 FDE7     		b	.L214
 3424              	.L213:
2366:Middlewares/Third_Party/FreeRTOS/Source/tasks.c **** 	return &( pxTCB->pcTaskName[ 0 ] );
 3425              		.loc 1 2366 9
 3426 0038 FB68     		ldr	r3, [r7, #12]
 3427 003a 3433     		adds	r3, r3, #52
2367:Middlewares/Third_Party/FreeRTOS/Source/tasks.c **** }
 3428              		.loc 1 2367 1
 3429 003c 1846     		mov	r0, r3
 3430 003e 1437     		adds	r7, r7, #20
 3431              	.LCFI119:
 3432              		.cfi_def_cfa_offset 4
 3433 0040 BD46     		mov	sp, r7
 3434              	.LCFI120:
 3435              		.cfi_def_cfa_register 13
 3436              		@ sp needed
 3437 0042 80BC     		pop	{r7}
 3438              	.LCFI121:
 3439              		.cfi_restore 7
 3440              		.cfi_def_cfa_offset 0
 3441 0044 7047     		bx	lr
 3442              	.L217:
 3443 0046 00BF     		.align	2
 3444              	.L216:
 3445 0048 00000000 		.word	pxCurrentTCB
 3446              		.cfi_endproc
 3447              	.LFE27:
 3449              		.section	.text.uxTaskGetSystemState,"ax",%progbits
 3450              		.align	1
 3451              		.global	uxTaskGetSystemState
 3452              		.syntax unified
 3453              		.thumb
 3454              		.thumb_func
 3456              	uxTaskGetSystemState:
 3457              	.LFB28:
2368:Middlewares/Third_Party/FreeRTOS/Source/tasks.c **** /*-----------------------------------------------------------*/
2369:Middlewares/Third_Party/FreeRTOS/Source/tasks.c **** 
2370:Middlewares/Third_Party/FreeRTOS/Source/tasks.c **** #if ( INCLUDE_xTaskGetHandle == 1 )
2371:Middlewares/Third_Party/FreeRTOS/Source/tasks.c **** 
2372:Middlewares/Third_Party/FreeRTOS/Source/tasks.c **** 	static TCB_t *prvSearchForNameWithinSingleList( List_t *pxList, const char pcNameToQuery[] )
2373:Middlewares/Third_Party/FreeRTOS/Source/tasks.c **** 	{
2374:Middlewares/Third_Party/FreeRTOS/Source/tasks.c **** 	TCB_t *pxNextTCB, *pxFirstTCB, *pxReturn = NULL;
2375:Middlewares/Third_Party/FreeRTOS/Source/tasks.c **** 	UBaseType_t x;
2376:Middlewares/Third_Party/FreeRTOS/Source/tasks.c **** 	char cNextChar;
2377:Middlewares/Third_Party/FreeRTOS/Source/tasks.c **** 	BaseType_t xBreakLoop;
2378:Middlewares/Third_Party/FreeRTOS/Source/tasks.c **** 
2379:Middlewares/Third_Party/FreeRTOS/Source/tasks.c **** 		/* This function is called with the scheduler suspended. */
ARM GAS  /tmp/ccsbjPFO.s 			page 107


2380:Middlewares/Third_Party/FreeRTOS/Source/tasks.c **** 
2381:Middlewares/Third_Party/FreeRTOS/Source/tasks.c **** 		if( listCURRENT_LIST_LENGTH( pxList ) > ( UBaseType_t ) 0 )
2382:Middlewares/Third_Party/FreeRTOS/Source/tasks.c **** 		{
2383:Middlewares/Third_Party/FreeRTOS/Source/tasks.c **** 			listGET_OWNER_OF_NEXT_ENTRY( pxFirstTCB, pxList );  /*lint !e9079 void * is used as this macro i
2384:Middlewares/Third_Party/FreeRTOS/Source/tasks.c **** 
2385:Middlewares/Third_Party/FreeRTOS/Source/tasks.c **** 			do
2386:Middlewares/Third_Party/FreeRTOS/Source/tasks.c **** 			{
2387:Middlewares/Third_Party/FreeRTOS/Source/tasks.c **** 				listGET_OWNER_OF_NEXT_ENTRY( pxNextTCB, pxList ); /*lint !e9079 void * is used as this macro is
2388:Middlewares/Third_Party/FreeRTOS/Source/tasks.c **** 
2389:Middlewares/Third_Party/FreeRTOS/Source/tasks.c **** 				/* Check each character in the name looking for a match or
2390:Middlewares/Third_Party/FreeRTOS/Source/tasks.c **** 				mismatch. */
2391:Middlewares/Third_Party/FreeRTOS/Source/tasks.c **** 				xBreakLoop = pdFALSE;
2392:Middlewares/Third_Party/FreeRTOS/Source/tasks.c **** 				for( x = ( UBaseType_t ) 0; x < ( UBaseType_t ) configMAX_TASK_NAME_LEN; x++ )
2393:Middlewares/Third_Party/FreeRTOS/Source/tasks.c **** 				{
2394:Middlewares/Third_Party/FreeRTOS/Source/tasks.c **** 					cNextChar = pxNextTCB->pcTaskName[ x ];
2395:Middlewares/Third_Party/FreeRTOS/Source/tasks.c **** 
2396:Middlewares/Third_Party/FreeRTOS/Source/tasks.c **** 					if( cNextChar != pcNameToQuery[ x ] )
2397:Middlewares/Third_Party/FreeRTOS/Source/tasks.c **** 					{
2398:Middlewares/Third_Party/FreeRTOS/Source/tasks.c **** 						/* Characters didn't match. */
2399:Middlewares/Third_Party/FreeRTOS/Source/tasks.c **** 						xBreakLoop = pdTRUE;
2400:Middlewares/Third_Party/FreeRTOS/Source/tasks.c **** 					}
2401:Middlewares/Third_Party/FreeRTOS/Source/tasks.c **** 					else if( cNextChar == ( char ) 0x00 )
2402:Middlewares/Third_Party/FreeRTOS/Source/tasks.c **** 					{
2403:Middlewares/Third_Party/FreeRTOS/Source/tasks.c **** 						/* Both strings terminated, a match must have been
2404:Middlewares/Third_Party/FreeRTOS/Source/tasks.c **** 						found. */
2405:Middlewares/Third_Party/FreeRTOS/Source/tasks.c **** 						pxReturn = pxNextTCB;
2406:Middlewares/Third_Party/FreeRTOS/Source/tasks.c **** 						xBreakLoop = pdTRUE;
2407:Middlewares/Third_Party/FreeRTOS/Source/tasks.c **** 					}
2408:Middlewares/Third_Party/FreeRTOS/Source/tasks.c **** 					else
2409:Middlewares/Third_Party/FreeRTOS/Source/tasks.c **** 					{
2410:Middlewares/Third_Party/FreeRTOS/Source/tasks.c **** 						mtCOVERAGE_TEST_MARKER();
2411:Middlewares/Third_Party/FreeRTOS/Source/tasks.c **** 					}
2412:Middlewares/Third_Party/FreeRTOS/Source/tasks.c **** 
2413:Middlewares/Third_Party/FreeRTOS/Source/tasks.c **** 					if( xBreakLoop != pdFALSE )
2414:Middlewares/Third_Party/FreeRTOS/Source/tasks.c **** 					{
2415:Middlewares/Third_Party/FreeRTOS/Source/tasks.c **** 						break;
2416:Middlewares/Third_Party/FreeRTOS/Source/tasks.c **** 					}
2417:Middlewares/Third_Party/FreeRTOS/Source/tasks.c **** 				}
2418:Middlewares/Third_Party/FreeRTOS/Source/tasks.c **** 
2419:Middlewares/Third_Party/FreeRTOS/Source/tasks.c **** 				if( pxReturn != NULL )
2420:Middlewares/Third_Party/FreeRTOS/Source/tasks.c **** 				{
2421:Middlewares/Third_Party/FreeRTOS/Source/tasks.c **** 					/* The handle has been found. */
2422:Middlewares/Third_Party/FreeRTOS/Source/tasks.c **** 					break;
2423:Middlewares/Third_Party/FreeRTOS/Source/tasks.c **** 				}
2424:Middlewares/Third_Party/FreeRTOS/Source/tasks.c **** 
2425:Middlewares/Third_Party/FreeRTOS/Source/tasks.c **** 			} while( pxNextTCB != pxFirstTCB );
2426:Middlewares/Third_Party/FreeRTOS/Source/tasks.c **** 		}
2427:Middlewares/Third_Party/FreeRTOS/Source/tasks.c **** 		else
2428:Middlewares/Third_Party/FreeRTOS/Source/tasks.c **** 		{
2429:Middlewares/Third_Party/FreeRTOS/Source/tasks.c **** 			mtCOVERAGE_TEST_MARKER();
2430:Middlewares/Third_Party/FreeRTOS/Source/tasks.c **** 		}
2431:Middlewares/Third_Party/FreeRTOS/Source/tasks.c **** 
2432:Middlewares/Third_Party/FreeRTOS/Source/tasks.c **** 		return pxReturn;
2433:Middlewares/Third_Party/FreeRTOS/Source/tasks.c **** 	}
2434:Middlewares/Third_Party/FreeRTOS/Source/tasks.c **** 
2435:Middlewares/Third_Party/FreeRTOS/Source/tasks.c **** #endif /* INCLUDE_xTaskGetHandle */
2436:Middlewares/Third_Party/FreeRTOS/Source/tasks.c **** /*-----------------------------------------------------------*/
ARM GAS  /tmp/ccsbjPFO.s 			page 108


2437:Middlewares/Third_Party/FreeRTOS/Source/tasks.c **** 
2438:Middlewares/Third_Party/FreeRTOS/Source/tasks.c **** #if ( INCLUDE_xTaskGetHandle == 1 )
2439:Middlewares/Third_Party/FreeRTOS/Source/tasks.c **** 
2440:Middlewares/Third_Party/FreeRTOS/Source/tasks.c **** 	TaskHandle_t xTaskGetHandle( const char *pcNameToQuery ) /*lint !e971 Unqualified char types are a
2441:Middlewares/Third_Party/FreeRTOS/Source/tasks.c **** 	{
2442:Middlewares/Third_Party/FreeRTOS/Source/tasks.c **** 	UBaseType_t uxQueue = configMAX_PRIORITIES;
2443:Middlewares/Third_Party/FreeRTOS/Source/tasks.c **** 	TCB_t* pxTCB;
2444:Middlewares/Third_Party/FreeRTOS/Source/tasks.c **** 
2445:Middlewares/Third_Party/FreeRTOS/Source/tasks.c **** 		/* Task names will be truncated to configMAX_TASK_NAME_LEN - 1 bytes. */
2446:Middlewares/Third_Party/FreeRTOS/Source/tasks.c **** 		configASSERT( strlen( pcNameToQuery ) < configMAX_TASK_NAME_LEN );
2447:Middlewares/Third_Party/FreeRTOS/Source/tasks.c **** 
2448:Middlewares/Third_Party/FreeRTOS/Source/tasks.c **** 		vTaskSuspendAll();
2449:Middlewares/Third_Party/FreeRTOS/Source/tasks.c **** 		{
2450:Middlewares/Third_Party/FreeRTOS/Source/tasks.c **** 			/* Search the ready lists. */
2451:Middlewares/Third_Party/FreeRTOS/Source/tasks.c **** 			do
2452:Middlewares/Third_Party/FreeRTOS/Source/tasks.c **** 			{
2453:Middlewares/Third_Party/FreeRTOS/Source/tasks.c **** 				uxQueue--;
2454:Middlewares/Third_Party/FreeRTOS/Source/tasks.c **** 				pxTCB = prvSearchForNameWithinSingleList( ( List_t * ) &( pxReadyTasksLists[ uxQueue ] ), pcNam
2455:Middlewares/Third_Party/FreeRTOS/Source/tasks.c **** 
2456:Middlewares/Third_Party/FreeRTOS/Source/tasks.c **** 				if( pxTCB != NULL )
2457:Middlewares/Third_Party/FreeRTOS/Source/tasks.c **** 				{
2458:Middlewares/Third_Party/FreeRTOS/Source/tasks.c **** 					/* Found the handle. */
2459:Middlewares/Third_Party/FreeRTOS/Source/tasks.c **** 					break;
2460:Middlewares/Third_Party/FreeRTOS/Source/tasks.c **** 				}
2461:Middlewares/Third_Party/FreeRTOS/Source/tasks.c **** 
2462:Middlewares/Third_Party/FreeRTOS/Source/tasks.c **** 			} while( uxQueue > ( UBaseType_t ) tskIDLE_PRIORITY ); /*lint !e961 MISRA exception as the casts
2463:Middlewares/Third_Party/FreeRTOS/Source/tasks.c **** 
2464:Middlewares/Third_Party/FreeRTOS/Source/tasks.c **** 			/* Search the delayed lists. */
2465:Middlewares/Third_Party/FreeRTOS/Source/tasks.c **** 			if( pxTCB == NULL )
2466:Middlewares/Third_Party/FreeRTOS/Source/tasks.c **** 			{
2467:Middlewares/Third_Party/FreeRTOS/Source/tasks.c **** 				pxTCB = prvSearchForNameWithinSingleList( ( List_t * ) pxDelayedTaskList, pcNameToQuery );
2468:Middlewares/Third_Party/FreeRTOS/Source/tasks.c **** 			}
2469:Middlewares/Third_Party/FreeRTOS/Source/tasks.c **** 
2470:Middlewares/Third_Party/FreeRTOS/Source/tasks.c **** 			if( pxTCB == NULL )
2471:Middlewares/Third_Party/FreeRTOS/Source/tasks.c **** 			{
2472:Middlewares/Third_Party/FreeRTOS/Source/tasks.c **** 				pxTCB = prvSearchForNameWithinSingleList( ( List_t * ) pxOverflowDelayedTaskList, pcNameToQuery
2473:Middlewares/Third_Party/FreeRTOS/Source/tasks.c **** 			}
2474:Middlewares/Third_Party/FreeRTOS/Source/tasks.c **** 
2475:Middlewares/Third_Party/FreeRTOS/Source/tasks.c **** 			#if ( INCLUDE_vTaskSuspend == 1 )
2476:Middlewares/Third_Party/FreeRTOS/Source/tasks.c **** 			{
2477:Middlewares/Third_Party/FreeRTOS/Source/tasks.c **** 				if( pxTCB == NULL )
2478:Middlewares/Third_Party/FreeRTOS/Source/tasks.c **** 				{
2479:Middlewares/Third_Party/FreeRTOS/Source/tasks.c **** 					/* Search the suspended list. */
2480:Middlewares/Third_Party/FreeRTOS/Source/tasks.c **** 					pxTCB = prvSearchForNameWithinSingleList( &xSuspendedTaskList, pcNameToQuery );
2481:Middlewares/Third_Party/FreeRTOS/Source/tasks.c **** 				}
2482:Middlewares/Third_Party/FreeRTOS/Source/tasks.c **** 			}
2483:Middlewares/Third_Party/FreeRTOS/Source/tasks.c **** 			#endif
2484:Middlewares/Third_Party/FreeRTOS/Source/tasks.c **** 
2485:Middlewares/Third_Party/FreeRTOS/Source/tasks.c **** 			#if( INCLUDE_vTaskDelete == 1 )
2486:Middlewares/Third_Party/FreeRTOS/Source/tasks.c **** 			{
2487:Middlewares/Third_Party/FreeRTOS/Source/tasks.c **** 				if( pxTCB == NULL )
2488:Middlewares/Third_Party/FreeRTOS/Source/tasks.c **** 				{
2489:Middlewares/Third_Party/FreeRTOS/Source/tasks.c **** 					/* Search the deleted list. */
2490:Middlewares/Third_Party/FreeRTOS/Source/tasks.c **** 					pxTCB = prvSearchForNameWithinSingleList( &xTasksWaitingTermination, pcNameToQuery );
2491:Middlewares/Third_Party/FreeRTOS/Source/tasks.c **** 				}
2492:Middlewares/Third_Party/FreeRTOS/Source/tasks.c **** 			}
2493:Middlewares/Third_Party/FreeRTOS/Source/tasks.c **** 			#endif
ARM GAS  /tmp/ccsbjPFO.s 			page 109


2494:Middlewares/Third_Party/FreeRTOS/Source/tasks.c **** 		}
2495:Middlewares/Third_Party/FreeRTOS/Source/tasks.c **** 		( void ) xTaskResumeAll();
2496:Middlewares/Third_Party/FreeRTOS/Source/tasks.c **** 
2497:Middlewares/Third_Party/FreeRTOS/Source/tasks.c **** 		return pxTCB;
2498:Middlewares/Third_Party/FreeRTOS/Source/tasks.c **** 	}
2499:Middlewares/Third_Party/FreeRTOS/Source/tasks.c **** 
2500:Middlewares/Third_Party/FreeRTOS/Source/tasks.c **** #endif /* INCLUDE_xTaskGetHandle */
2501:Middlewares/Third_Party/FreeRTOS/Source/tasks.c **** /*-----------------------------------------------------------*/
2502:Middlewares/Third_Party/FreeRTOS/Source/tasks.c **** 
2503:Middlewares/Third_Party/FreeRTOS/Source/tasks.c **** #if ( configUSE_TRACE_FACILITY == 1 )
2504:Middlewares/Third_Party/FreeRTOS/Source/tasks.c **** 
2505:Middlewares/Third_Party/FreeRTOS/Source/tasks.c **** 	UBaseType_t uxTaskGetSystemState( TaskStatus_t * const pxTaskStatusArray, const UBaseType_t uxArra
2506:Middlewares/Third_Party/FreeRTOS/Source/tasks.c **** 	{
 3458              		.loc 1 2506 2
 3459              		.cfi_startproc
 3460              		@ args = 0, pretend = 0, frame = 24
 3461              		@ frame_needed = 1, uses_anonymous_args = 0
 3462 0000 80B5     		push	{r7, lr}
 3463              	.LCFI122:
 3464              		.cfi_def_cfa_offset 8
 3465              		.cfi_offset 7, -8
 3466              		.cfi_offset 14, -4
 3467 0002 86B0     		sub	sp, sp, #24
 3468              	.LCFI123:
 3469              		.cfi_def_cfa_offset 32
 3470 0004 00AF     		add	r7, sp, #0
 3471              	.LCFI124:
 3472              		.cfi_def_cfa_register 7
 3473 0006 F860     		str	r0, [r7, #12]
 3474 0008 B960     		str	r1, [r7, #8]
 3475 000a 7A60     		str	r2, [r7, #4]
2507:Middlewares/Third_Party/FreeRTOS/Source/tasks.c **** 	UBaseType_t uxTask = 0, uxQueue = configMAX_PRIORITIES;
 3476              		.loc 1 2507 14
 3477 000c 0023     		movs	r3, #0
 3478 000e 7B61     		str	r3, [r7, #20]
 3479              		.loc 1 2507 26
 3480 0010 3823     		movs	r3, #56
 3481 0012 3B61     		str	r3, [r7, #16]
2508:Middlewares/Third_Party/FreeRTOS/Source/tasks.c **** 
2509:Middlewares/Third_Party/FreeRTOS/Source/tasks.c **** 		vTaskSuspendAll();
 3482              		.loc 1 2509 3
 3483 0014 FFF7FEFF 		bl	vTaskSuspendAll
2510:Middlewares/Third_Party/FreeRTOS/Source/tasks.c **** 		{
2511:Middlewares/Third_Party/FreeRTOS/Source/tasks.c **** 			/* Is there a space in the array for each task in the system? */
2512:Middlewares/Third_Party/FreeRTOS/Source/tasks.c **** 			if( uxArraySize >= uxCurrentNumberOfTasks )
 3484              		.loc 1 2512 20
 3485 0018 3B4B     		ldr	r3, .L222
 3486 001a 1B68     		ldr	r3, [r3]
 3487              		.loc 1 2512 6
 3488 001c BA68     		ldr	r2, [r7, #8]
 3489 001e 9A42     		cmp	r2, r3
 3490 0020 6BD3     		bcc	.L219
 3491              	.L220:
2513:Middlewares/Third_Party/FreeRTOS/Source/tasks.c **** 			{
2514:Middlewares/Third_Party/FreeRTOS/Source/tasks.c **** 				/* Fill in an TaskStatus_t structure with information on each
2515:Middlewares/Third_Party/FreeRTOS/Source/tasks.c **** 				task in the Ready state. */
2516:Middlewares/Third_Party/FreeRTOS/Source/tasks.c **** 				do
ARM GAS  /tmp/ccsbjPFO.s 			page 110


2517:Middlewares/Third_Party/FreeRTOS/Source/tasks.c **** 				{
2518:Middlewares/Third_Party/FreeRTOS/Source/tasks.c **** 					uxQueue--;
 3492              		.loc 1 2518 13
 3493 0022 3B69     		ldr	r3, [r7, #16]
 3494 0024 013B     		subs	r3, r3, #1
 3495 0026 3B61     		str	r3, [r7, #16]
2519:Middlewares/Third_Party/FreeRTOS/Source/tasks.c **** 					uxTask += prvListTasksWithinSingleList( &( pxTaskStatusArray[ uxTask ] ), &( pxReadyTasksLists
 3496              		.loc 1 2519 66
 3497 0028 7A69     		ldr	r2, [r7, #20]
 3498 002a 1346     		mov	r3, r2
 3499 002c DB00     		lsls	r3, r3, #3
 3500 002e 1344     		add	r3, r3, r2
 3501 0030 9B00     		lsls	r3, r3, #2
 3502 0032 1A46     		mov	r2, r3
 3503              		.loc 1 2519 46
 3504 0034 FB68     		ldr	r3, [r7, #12]
 3505 0036 9818     		adds	r0, r3, r2
 3506              		.loc 1 2519 16
 3507 0038 3A69     		ldr	r2, [r7, #16]
 3508 003a 1346     		mov	r3, r2
 3509 003c 9B00     		lsls	r3, r3, #2
 3510 003e 1344     		add	r3, r3, r2
 3511 0040 9B00     		lsls	r3, r3, #2
 3512 0042 324A     		ldr	r2, .L222+4
 3513 0044 1344     		add	r3, r3, r2
 3514 0046 0122     		movs	r2, #1
 3515 0048 1946     		mov	r1, r3
 3516 004a FFF7FEFF 		bl	prvListTasksWithinSingleList
 3517 004e 0246     		mov	r2, r0
 3518              		.loc 1 2519 13 discriminator 1
 3519 0050 7B69     		ldr	r3, [r7, #20]
 3520 0052 1344     		add	r3, r3, r2
 3521 0054 7B61     		str	r3, [r7, #20]
2520:Middlewares/Third_Party/FreeRTOS/Source/tasks.c **** 
2521:Middlewares/Third_Party/FreeRTOS/Source/tasks.c **** 				} while( uxQueue > ( UBaseType_t ) tskIDLE_PRIORITY ); /*lint !e961 MISRA exception as the cast
 3522              		.loc 1 2521 22 discriminator 1
 3523 0056 3B69     		ldr	r3, [r7, #16]
 3524 0058 002B     		cmp	r3, #0
 3525 005a E2D1     		bne	.L220
2522:Middlewares/Third_Party/FreeRTOS/Source/tasks.c **** 
2523:Middlewares/Third_Party/FreeRTOS/Source/tasks.c **** 				/* Fill in an TaskStatus_t structure with information on each
2524:Middlewares/Third_Party/FreeRTOS/Source/tasks.c **** 				task in the Blocked state. */
2525:Middlewares/Third_Party/FreeRTOS/Source/tasks.c **** 				uxTask += prvListTasksWithinSingleList( &( pxTaskStatusArray[ uxTask ] ), ( List_t * ) pxDelaye
 3526              		.loc 1 2525 65
 3527 005c 7A69     		ldr	r2, [r7, #20]
 3528 005e 1346     		mov	r3, r2
 3529 0060 DB00     		lsls	r3, r3, #3
 3530 0062 1344     		add	r3, r3, r2
 3531 0064 9B00     		lsls	r3, r3, #2
 3532 0066 1A46     		mov	r2, r3
 3533              		.loc 1 2525 45
 3534 0068 FB68     		ldr	r3, [r7, #12]
 3535 006a 1344     		add	r3, r3, r2
 3536              		.loc 1 2525 15
 3537 006c 284A     		ldr	r2, .L222+8
 3538 006e 1168     		ldr	r1, [r2]
 3539 0070 0222     		movs	r2, #2
ARM GAS  /tmp/ccsbjPFO.s 			page 111


 3540 0072 1846     		mov	r0, r3
 3541 0074 FFF7FEFF 		bl	prvListTasksWithinSingleList
 3542 0078 0246     		mov	r2, r0
 3543              		.loc 1 2525 12 discriminator 1
 3544 007a 7B69     		ldr	r3, [r7, #20]
 3545 007c 1344     		add	r3, r3, r2
 3546 007e 7B61     		str	r3, [r7, #20]
2526:Middlewares/Third_Party/FreeRTOS/Source/tasks.c **** 				uxTask += prvListTasksWithinSingleList( &( pxTaskStatusArray[ uxTask ] ), ( List_t * ) pxOverfl
 3547              		.loc 1 2526 65
 3548 0080 7A69     		ldr	r2, [r7, #20]
 3549 0082 1346     		mov	r3, r2
 3550 0084 DB00     		lsls	r3, r3, #3
 3551 0086 1344     		add	r3, r3, r2
 3552 0088 9B00     		lsls	r3, r3, #2
 3553 008a 1A46     		mov	r2, r3
 3554              		.loc 1 2526 45
 3555 008c FB68     		ldr	r3, [r7, #12]
 3556 008e 1344     		add	r3, r3, r2
 3557              		.loc 1 2526 15
 3558 0090 204A     		ldr	r2, .L222+12
 3559 0092 1168     		ldr	r1, [r2]
 3560 0094 0222     		movs	r2, #2
 3561 0096 1846     		mov	r0, r3
 3562 0098 FFF7FEFF 		bl	prvListTasksWithinSingleList
 3563 009c 0246     		mov	r2, r0
 3564              		.loc 1 2526 12 discriminator 1
 3565 009e 7B69     		ldr	r3, [r7, #20]
 3566 00a0 1344     		add	r3, r3, r2
 3567 00a2 7B61     		str	r3, [r7, #20]
2527:Middlewares/Third_Party/FreeRTOS/Source/tasks.c **** 
2528:Middlewares/Third_Party/FreeRTOS/Source/tasks.c **** 				#if( INCLUDE_vTaskDelete == 1 )
2529:Middlewares/Third_Party/FreeRTOS/Source/tasks.c **** 				{
2530:Middlewares/Third_Party/FreeRTOS/Source/tasks.c **** 					/* Fill in an TaskStatus_t structure with information on
2531:Middlewares/Third_Party/FreeRTOS/Source/tasks.c **** 					each task that has been deleted but not yet cleaned up. */
2532:Middlewares/Third_Party/FreeRTOS/Source/tasks.c **** 					uxTask += prvListTasksWithinSingleList( &( pxTaskStatusArray[ uxTask ] ), &xTasksWaitingTermin
 3568              		.loc 1 2532 66
 3569 00a4 7A69     		ldr	r2, [r7, #20]
 3570 00a6 1346     		mov	r3, r2
 3571 00a8 DB00     		lsls	r3, r3, #3
 3572 00aa 1344     		add	r3, r3, r2
 3573 00ac 9B00     		lsls	r3, r3, #2
 3574 00ae 1A46     		mov	r2, r3
 3575              		.loc 1 2532 46
 3576 00b0 FB68     		ldr	r3, [r7, #12]
 3577 00b2 1344     		add	r3, r3, r2
 3578              		.loc 1 2532 16
 3579 00b4 0422     		movs	r2, #4
 3580 00b6 1849     		ldr	r1, .L222+16
 3581 00b8 1846     		mov	r0, r3
 3582 00ba FFF7FEFF 		bl	prvListTasksWithinSingleList
 3583 00be 0246     		mov	r2, r0
 3584              		.loc 1 2532 13 discriminator 1
 3585 00c0 7B69     		ldr	r3, [r7, #20]
 3586 00c2 1344     		add	r3, r3, r2
 3587 00c4 7B61     		str	r3, [r7, #20]
2533:Middlewares/Third_Party/FreeRTOS/Source/tasks.c **** 				}
2534:Middlewares/Third_Party/FreeRTOS/Source/tasks.c **** 				#endif
ARM GAS  /tmp/ccsbjPFO.s 			page 112


2535:Middlewares/Third_Party/FreeRTOS/Source/tasks.c **** 
2536:Middlewares/Third_Party/FreeRTOS/Source/tasks.c **** 				#if ( INCLUDE_vTaskSuspend == 1 )
2537:Middlewares/Third_Party/FreeRTOS/Source/tasks.c **** 				{
2538:Middlewares/Third_Party/FreeRTOS/Source/tasks.c **** 					/* Fill in an TaskStatus_t structure with information on
2539:Middlewares/Third_Party/FreeRTOS/Source/tasks.c **** 					each task in the Suspended state. */
2540:Middlewares/Third_Party/FreeRTOS/Source/tasks.c **** 					uxTask += prvListTasksWithinSingleList( &( pxTaskStatusArray[ uxTask ] ), &xSuspendedTaskList,
 3588              		.loc 1 2540 66
 3589 00c6 7A69     		ldr	r2, [r7, #20]
 3590 00c8 1346     		mov	r3, r2
 3591 00ca DB00     		lsls	r3, r3, #3
 3592 00cc 1344     		add	r3, r3, r2
 3593 00ce 9B00     		lsls	r3, r3, #2
 3594 00d0 1A46     		mov	r2, r3
 3595              		.loc 1 2540 46
 3596 00d2 FB68     		ldr	r3, [r7, #12]
 3597 00d4 1344     		add	r3, r3, r2
 3598              		.loc 1 2540 16
 3599 00d6 0322     		movs	r2, #3
 3600 00d8 1049     		ldr	r1, .L222+20
 3601 00da 1846     		mov	r0, r3
 3602 00dc FFF7FEFF 		bl	prvListTasksWithinSingleList
 3603 00e0 0246     		mov	r2, r0
 3604              		.loc 1 2540 13 discriminator 1
 3605 00e2 7B69     		ldr	r3, [r7, #20]
 3606 00e4 1344     		add	r3, r3, r2
 3607 00e6 7B61     		str	r3, [r7, #20]
2541:Middlewares/Third_Party/FreeRTOS/Source/tasks.c **** 				}
2542:Middlewares/Third_Party/FreeRTOS/Source/tasks.c **** 				#endif
2543:Middlewares/Third_Party/FreeRTOS/Source/tasks.c **** 
2544:Middlewares/Third_Party/FreeRTOS/Source/tasks.c **** 				#if ( configGENERATE_RUN_TIME_STATS == 1)
2545:Middlewares/Third_Party/FreeRTOS/Source/tasks.c **** 				{
2546:Middlewares/Third_Party/FreeRTOS/Source/tasks.c **** 					if( pulTotalRunTime != NULL )
 3608              		.loc 1 2546 8
 3609 00e8 7B68     		ldr	r3, [r7, #4]
 3610 00ea 002B     		cmp	r3, #0
 3611 00ec 05D0     		beq	.L219
 3612              	.LBB180:
2547:Middlewares/Third_Party/FreeRTOS/Source/tasks.c **** 					{
2548:Middlewares/Third_Party/FreeRTOS/Source/tasks.c **** 						#ifdef portALT_GET_RUN_TIME_COUNTER_VALUE
2549:Middlewares/Third_Party/FreeRTOS/Source/tasks.c **** 							portALT_GET_RUN_TIME_COUNTER_VALUE( ( *pulTotalRunTime ) );
2550:Middlewares/Third_Party/FreeRTOS/Source/tasks.c **** 						#else
2551:Middlewares/Third_Party/FreeRTOS/Source/tasks.c **** 							*pulTotalRunTime = portGET_RUN_TIME_COUNTER_VALUE();
 3613              		.loc 1 2551 27
 3614 00ee FFF7FEFF 		bl	GET_RUN_TIME_COUNTER_VALUE
 3615 00f2 0346     		mov	r3, r0
 3616              		.loc 1 2551 27 is_stmt 0 discriminator 1
 3617 00f4 1A46     		mov	r2, r3
 3618              		.loc 1 2551 25 is_stmt 1 discriminator 1
 3619 00f6 7B68     		ldr	r3, [r7, #4]
 3620 00f8 1A60     		str	r2, [r3]
 3621              	.L219:
 3622              	.LBE180:
2552:Middlewares/Third_Party/FreeRTOS/Source/tasks.c **** 						#endif
2553:Middlewares/Third_Party/FreeRTOS/Source/tasks.c **** 					}
2554:Middlewares/Third_Party/FreeRTOS/Source/tasks.c **** 				}
2555:Middlewares/Third_Party/FreeRTOS/Source/tasks.c **** 				#else
2556:Middlewares/Third_Party/FreeRTOS/Source/tasks.c **** 				{
ARM GAS  /tmp/ccsbjPFO.s 			page 113


2557:Middlewares/Third_Party/FreeRTOS/Source/tasks.c **** 					if( pulTotalRunTime != NULL )
2558:Middlewares/Third_Party/FreeRTOS/Source/tasks.c **** 					{
2559:Middlewares/Third_Party/FreeRTOS/Source/tasks.c **** 						*pulTotalRunTime = 0;
2560:Middlewares/Third_Party/FreeRTOS/Source/tasks.c **** 					}
2561:Middlewares/Third_Party/FreeRTOS/Source/tasks.c **** 				}
2562:Middlewares/Third_Party/FreeRTOS/Source/tasks.c **** 				#endif
2563:Middlewares/Third_Party/FreeRTOS/Source/tasks.c **** 			}
2564:Middlewares/Third_Party/FreeRTOS/Source/tasks.c **** 			else
2565:Middlewares/Third_Party/FreeRTOS/Source/tasks.c **** 			{
2566:Middlewares/Third_Party/FreeRTOS/Source/tasks.c **** 				mtCOVERAGE_TEST_MARKER();
2567:Middlewares/Third_Party/FreeRTOS/Source/tasks.c **** 			}
2568:Middlewares/Third_Party/FreeRTOS/Source/tasks.c **** 		}
2569:Middlewares/Third_Party/FreeRTOS/Source/tasks.c **** 		( void ) xTaskResumeAll();
 3623              		.loc 1 2569 12
 3624 00fa FFF7FEFF 		bl	xTaskResumeAll
2570:Middlewares/Third_Party/FreeRTOS/Source/tasks.c **** 
2571:Middlewares/Third_Party/FreeRTOS/Source/tasks.c **** 		return uxTask;
 3625              		.loc 1 2571 10
 3626 00fe 7B69     		ldr	r3, [r7, #20]
2572:Middlewares/Third_Party/FreeRTOS/Source/tasks.c **** 	}
 3627              		.loc 1 2572 2
 3628 0100 1846     		mov	r0, r3
 3629 0102 1837     		adds	r7, r7, #24
 3630              	.LCFI125:
 3631              		.cfi_def_cfa_offset 8
 3632 0104 BD46     		mov	sp, r7
 3633              	.LCFI126:
 3634              		.cfi_def_cfa_register 13
 3635              		@ sp needed
 3636 0106 80BD     		pop	{r7, pc}
 3637              	.L223:
 3638              		.align	2
 3639              	.L222:
 3640 0108 00000000 		.word	uxCurrentNumberOfTasks
 3641 010c 00000000 		.word	pxReadyTasksLists
 3642 0110 00000000 		.word	pxDelayedTaskList
 3643 0114 00000000 		.word	pxOverflowDelayedTaskList
 3644 0118 00000000 		.word	xTasksWaitingTermination
 3645 011c 00000000 		.word	xSuspendedTaskList
 3646              		.cfi_endproc
 3647              	.LFE28:
 3649              		.section	.text.vTaskStepTick,"ax",%progbits
 3650              		.align	1
 3651              		.global	vTaskStepTick
 3652              		.syntax unified
 3653              		.thumb
 3654              		.thumb_func
 3656              	vTaskStepTick:
 3657              	.LFB29:
2573:Middlewares/Third_Party/FreeRTOS/Source/tasks.c **** 
2574:Middlewares/Third_Party/FreeRTOS/Source/tasks.c **** #endif /* configUSE_TRACE_FACILITY */
2575:Middlewares/Third_Party/FreeRTOS/Source/tasks.c **** /*----------------------------------------------------------*/
2576:Middlewares/Third_Party/FreeRTOS/Source/tasks.c **** 
2577:Middlewares/Third_Party/FreeRTOS/Source/tasks.c **** #if ( INCLUDE_xTaskGetIdleTaskHandle == 1 )
2578:Middlewares/Third_Party/FreeRTOS/Source/tasks.c **** 
2579:Middlewares/Third_Party/FreeRTOS/Source/tasks.c **** 	TaskHandle_t xTaskGetIdleTaskHandle( void )
2580:Middlewares/Third_Party/FreeRTOS/Source/tasks.c **** 	{
ARM GAS  /tmp/ccsbjPFO.s 			page 114


2581:Middlewares/Third_Party/FreeRTOS/Source/tasks.c **** 		/* If xTaskGetIdleTaskHandle() is called before the scheduler has been
2582:Middlewares/Third_Party/FreeRTOS/Source/tasks.c **** 		started, then xIdleTaskHandle will be NULL. */
2583:Middlewares/Third_Party/FreeRTOS/Source/tasks.c **** 		configASSERT( ( xIdleTaskHandle != NULL ) );
2584:Middlewares/Third_Party/FreeRTOS/Source/tasks.c **** 		return xIdleTaskHandle;
2585:Middlewares/Third_Party/FreeRTOS/Source/tasks.c **** 	}
2586:Middlewares/Third_Party/FreeRTOS/Source/tasks.c **** 
2587:Middlewares/Third_Party/FreeRTOS/Source/tasks.c **** #endif /* INCLUDE_xTaskGetIdleTaskHandle */
2588:Middlewares/Third_Party/FreeRTOS/Source/tasks.c **** /*----------------------------------------------------------*/
2589:Middlewares/Third_Party/FreeRTOS/Source/tasks.c **** 
2590:Middlewares/Third_Party/FreeRTOS/Source/tasks.c **** /* This conditional compilation should use inequality to 0, not equality to 1.
2591:Middlewares/Third_Party/FreeRTOS/Source/tasks.c **** This is to ensure vTaskStepTick() is available when user defined low power mode
2592:Middlewares/Third_Party/FreeRTOS/Source/tasks.c **** implementations require configUSE_TICKLESS_IDLE to be set to a value other than
2593:Middlewares/Third_Party/FreeRTOS/Source/tasks.c **** 1. */
2594:Middlewares/Third_Party/FreeRTOS/Source/tasks.c **** #if ( configUSE_TICKLESS_IDLE != 0 )
2595:Middlewares/Third_Party/FreeRTOS/Source/tasks.c **** 
2596:Middlewares/Third_Party/FreeRTOS/Source/tasks.c **** 	void vTaskStepTick( const TickType_t xTicksToJump )
2597:Middlewares/Third_Party/FreeRTOS/Source/tasks.c **** 	{
 3658              		.loc 1 2597 2
 3659              		.cfi_startproc
 3660              		@ args = 0, pretend = 0, frame = 16
 3661              		@ frame_needed = 1, uses_anonymous_args = 0
 3662              		@ link register save eliminated.
 3663 0000 80B4     		push	{r7}
 3664              	.LCFI127:
 3665              		.cfi_def_cfa_offset 4
 3666              		.cfi_offset 7, -4
 3667 0002 85B0     		sub	sp, sp, #20
 3668              	.LCFI128:
 3669              		.cfi_def_cfa_offset 24
 3670 0004 00AF     		add	r7, sp, #0
 3671              	.LCFI129:
 3672              		.cfi_def_cfa_register 7
 3673 0006 7860     		str	r0, [r7, #4]
2598:Middlewares/Third_Party/FreeRTOS/Source/tasks.c **** 		/* Correct the tick count value after a period during which the tick
2599:Middlewares/Third_Party/FreeRTOS/Source/tasks.c **** 		was suppressed.  Note this does *not* call the tick hook function for
2600:Middlewares/Third_Party/FreeRTOS/Source/tasks.c **** 		each stepped tick. */
2601:Middlewares/Third_Party/FreeRTOS/Source/tasks.c **** 		configASSERT( ( xTickCount + xTicksToJump ) <= xNextTaskUnblockTime );
 3674              		.loc 1 2601 3
 3675 0008 0F4B     		ldr	r3, .L227
 3676 000a 1A68     		ldr	r2, [r3]
 3677 000c 7B68     		ldr	r3, [r7, #4]
 3678 000e 1A44     		add	r2, r2, r3
 3679 0010 0E4B     		ldr	r3, .L227+4
 3680 0012 1B68     		ldr	r3, [r3]
 3681 0014 9A42     		cmp	r2, r3
 3682 0016 0BD9     		bls	.L225
 3683              	.LBB181:
 3684              	.LBB182:
 195:Middlewares/Third_Party/FreeRTOS/Source/portable/GCC/ARM_CM4F/portmacro.h **** 	(
 3685              		.loc 2 195 2
 3686              		.syntax unified
 3687              	@ 195 "Middlewares/Third_Party/FreeRTOS/Source/portable/GCC/ARM_CM4F/portmacro.h" 1
 3688 0018 4FF05003 			mov r3, #80												
 3689 001c 83F31188 		msr basepri, r3											
 3690 0020 BFF36F8F 		isb														
 3691 0024 BFF34F8F 		dsb														
 3692              	
ARM GAS  /tmp/ccsbjPFO.s 			page 115


 3693              	@ 0 "" 2
 3694              		.thumb
 3695              		.syntax unified
 3696 0028 FB60     		str	r3, [r7, #12]
 203:Middlewares/Third_Party/FreeRTOS/Source/portable/GCC/ARM_CM4F/portmacro.h **** 
 3697              		.loc 2 203 1
 3698 002a 00BF     		nop
 3699              	.L226:
 3700              	.LBE182:
 3701              	.LBE181:
 3702              		.loc 1 2601 3
 3703 002c 00BF     		nop
 3704 002e FDE7     		b	.L226
 3705              	.L225:
2602:Middlewares/Third_Party/FreeRTOS/Source/tasks.c **** 		xTickCount += xTicksToJump;
 3706              		.loc 1 2602 14
 3707 0030 054B     		ldr	r3, .L227
 3708 0032 1A68     		ldr	r2, [r3]
 3709 0034 7B68     		ldr	r3, [r7, #4]
 3710 0036 1344     		add	r3, r3, r2
 3711 0038 034A     		ldr	r2, .L227
 3712 003a 1360     		str	r3, [r2]
2603:Middlewares/Third_Party/FreeRTOS/Source/tasks.c **** 		traceINCREASE_TICK_COUNT( xTicksToJump );
2604:Middlewares/Third_Party/FreeRTOS/Source/tasks.c **** 	}
 3713              		.loc 1 2604 2
 3714 003c 00BF     		nop
 3715 003e 1437     		adds	r7, r7, #20
 3716              	.LCFI130:
 3717              		.cfi_def_cfa_offset 4
 3718 0040 BD46     		mov	sp, r7
 3719              	.LCFI131:
 3720              		.cfi_def_cfa_register 13
 3721              		@ sp needed
 3722 0042 80BC     		pop	{r7}
 3723              	.LCFI132:
 3724              		.cfi_restore 7
 3725              		.cfi_def_cfa_offset 0
 3726 0044 7047     		bx	lr
 3727              	.L228:
 3728 0046 00BF     		.align	2
 3729              	.L227:
 3730 0048 00000000 		.word	xTickCount
 3731 004c 00000000 		.word	xNextTaskUnblockTime
 3732              		.cfi_endproc
 3733              	.LFE29:
 3735              		.section	.text.xTaskCatchUpTicks,"ax",%progbits
 3736              		.align	1
 3737              		.global	xTaskCatchUpTicks
 3738              		.syntax unified
 3739              		.thumb
 3740              		.thumb_func
 3742              	xTaskCatchUpTicks:
 3743              	.LFB30:
2605:Middlewares/Third_Party/FreeRTOS/Source/tasks.c **** 
2606:Middlewares/Third_Party/FreeRTOS/Source/tasks.c **** #endif /* configUSE_TICKLESS_IDLE */
2607:Middlewares/Third_Party/FreeRTOS/Source/tasks.c **** /*----------------------------------------------------------*/
2608:Middlewares/Third_Party/FreeRTOS/Source/tasks.c **** 
ARM GAS  /tmp/ccsbjPFO.s 			page 116


2609:Middlewares/Third_Party/FreeRTOS/Source/tasks.c **** BaseType_t xTaskCatchUpTicks( TickType_t xTicksToCatchUp )
2610:Middlewares/Third_Party/FreeRTOS/Source/tasks.c **** {
 3744              		.loc 1 2610 1
 3745              		.cfi_startproc
 3746              		@ args = 0, pretend = 0, frame = 16
 3747              		@ frame_needed = 1, uses_anonymous_args = 0
 3748 0000 80B5     		push	{r7, lr}
 3749              	.LCFI133:
 3750              		.cfi_def_cfa_offset 8
 3751              		.cfi_offset 7, -8
 3752              		.cfi_offset 14, -4
 3753 0002 84B0     		sub	sp, sp, #16
 3754              	.LCFI134:
 3755              		.cfi_def_cfa_offset 24
 3756 0004 00AF     		add	r7, sp, #0
 3757              	.LCFI135:
 3758              		.cfi_def_cfa_register 7
 3759 0006 7860     		str	r0, [r7, #4]
2611:Middlewares/Third_Party/FreeRTOS/Source/tasks.c **** BaseType_t xYieldRequired = pdFALSE;
 3760              		.loc 1 2611 12
 3761 0008 0023     		movs	r3, #0
 3762 000a FB60     		str	r3, [r7, #12]
2612:Middlewares/Third_Party/FreeRTOS/Source/tasks.c **** 
2613:Middlewares/Third_Party/FreeRTOS/Source/tasks.c **** 	/* Must not be called with the scheduler suspended as the implementation
2614:Middlewares/Third_Party/FreeRTOS/Source/tasks.c **** 	relies on xPendedTicks being wound down to 0 in xTaskResumeAll(). */
2615:Middlewares/Third_Party/FreeRTOS/Source/tasks.c **** 	configASSERT( uxSchedulerSuspended == 0 );
 3763              		.loc 1 2615 2
 3764 000c 0F4B     		ldr	r3, .L233
 3765 000e 1B68     		ldr	r3, [r3]
 3766 0010 002B     		cmp	r3, #0
 3767 0012 0BD0     		beq	.L230
 3768              	.LBB183:
 3769              	.LBB184:
 195:Middlewares/Third_Party/FreeRTOS/Source/portable/GCC/ARM_CM4F/portmacro.h **** 	(
 3770              		.loc 2 195 2
 3771              		.syntax unified
 3772              	@ 195 "Middlewares/Third_Party/FreeRTOS/Source/portable/GCC/ARM_CM4F/portmacro.h" 1
 3773 0014 4FF05003 			mov r3, #80												
 3774 0018 83F31188 		msr basepri, r3											
 3775 001c BFF36F8F 		isb														
 3776 0020 BFF34F8F 		dsb														
 3777              	
 3778              	@ 0 "" 2
 3779              		.thumb
 3780              		.syntax unified
 3781 0024 BB60     		str	r3, [r7, #8]
 203:Middlewares/Third_Party/FreeRTOS/Source/portable/GCC/ARM_CM4F/portmacro.h **** 
 3782              		.loc 2 203 1
 3783 0026 00BF     		nop
 3784              	.L231:
 3785              	.LBE184:
 3786              	.LBE183:
 3787              		.loc 1 2615 2
 3788 0028 00BF     		nop
 3789 002a FDE7     		b	.L231
 3790              	.L230:
2616:Middlewares/Third_Party/FreeRTOS/Source/tasks.c **** 
ARM GAS  /tmp/ccsbjPFO.s 			page 117


2617:Middlewares/Third_Party/FreeRTOS/Source/tasks.c **** 	/* Use xPendedTicks to mimic xTicksToCatchUp number of ticks occurring when
2618:Middlewares/Third_Party/FreeRTOS/Source/tasks.c **** 	the scheduler is suspended so the ticks are executed in xTaskResumeAll(). */
2619:Middlewares/Third_Party/FreeRTOS/Source/tasks.c **** 	vTaskSuspendAll();
 3791              		.loc 1 2619 2
 3792 002c FFF7FEFF 		bl	vTaskSuspendAll
2620:Middlewares/Third_Party/FreeRTOS/Source/tasks.c **** 	xPendedTicks += xTicksToCatchUp;
 3793              		.loc 1 2620 15
 3794 0030 074B     		ldr	r3, .L233+4
 3795 0032 1A68     		ldr	r2, [r3]
 3796 0034 7B68     		ldr	r3, [r7, #4]
 3797 0036 1344     		add	r3, r3, r2
 3798 0038 054A     		ldr	r2, .L233+4
 3799 003a 1360     		str	r3, [r2]
2621:Middlewares/Third_Party/FreeRTOS/Source/tasks.c **** 	xYieldRequired = xTaskResumeAll();
 3800              		.loc 1 2621 19
 3801 003c FFF7FEFF 		bl	xTaskResumeAll
 3802 0040 F860     		str	r0, [r7, #12]
2622:Middlewares/Third_Party/FreeRTOS/Source/tasks.c **** 
2623:Middlewares/Third_Party/FreeRTOS/Source/tasks.c **** 	return xYieldRequired;
 3803              		.loc 1 2623 9
 3804 0042 FB68     		ldr	r3, [r7, #12]
2624:Middlewares/Third_Party/FreeRTOS/Source/tasks.c **** }
 3805              		.loc 1 2624 1
 3806 0044 1846     		mov	r0, r3
 3807 0046 1037     		adds	r7, r7, #16
 3808              	.LCFI136:
 3809              		.cfi_def_cfa_offset 8
 3810 0048 BD46     		mov	sp, r7
 3811              	.LCFI137:
 3812              		.cfi_def_cfa_register 13
 3813              		@ sp needed
 3814 004a 80BD     		pop	{r7, pc}
 3815              	.L234:
 3816              		.align	2
 3817              	.L233:
 3818 004c 00000000 		.word	uxSchedulerSuspended
 3819 0050 00000000 		.word	xPendedTicks
 3820              		.cfi_endproc
 3821              	.LFE30:
 3823              		.section	.text.xTaskIncrementTick,"ax",%progbits
 3824              		.align	1
 3825              		.global	xTaskIncrementTick
 3826              		.syntax unified
 3827              		.thumb
 3828              		.thumb_func
 3830              	xTaskIncrementTick:
 3831              	.LFB31:
2625:Middlewares/Third_Party/FreeRTOS/Source/tasks.c **** /*----------------------------------------------------------*/
2626:Middlewares/Third_Party/FreeRTOS/Source/tasks.c **** 
2627:Middlewares/Third_Party/FreeRTOS/Source/tasks.c **** #if ( INCLUDE_xTaskAbortDelay == 1 )
2628:Middlewares/Third_Party/FreeRTOS/Source/tasks.c **** 
2629:Middlewares/Third_Party/FreeRTOS/Source/tasks.c **** 	BaseType_t xTaskAbortDelay( TaskHandle_t xTask )
2630:Middlewares/Third_Party/FreeRTOS/Source/tasks.c **** 	{
2631:Middlewares/Third_Party/FreeRTOS/Source/tasks.c **** 	TCB_t *pxTCB = xTask;
2632:Middlewares/Third_Party/FreeRTOS/Source/tasks.c **** 	BaseType_t xReturn;
2633:Middlewares/Third_Party/FreeRTOS/Source/tasks.c **** 
2634:Middlewares/Third_Party/FreeRTOS/Source/tasks.c **** 		configASSERT( pxTCB );
ARM GAS  /tmp/ccsbjPFO.s 			page 118


2635:Middlewares/Third_Party/FreeRTOS/Source/tasks.c **** 
2636:Middlewares/Third_Party/FreeRTOS/Source/tasks.c **** 		vTaskSuspendAll();
2637:Middlewares/Third_Party/FreeRTOS/Source/tasks.c **** 		{
2638:Middlewares/Third_Party/FreeRTOS/Source/tasks.c **** 			/* A task can only be prematurely removed from the Blocked state if
2639:Middlewares/Third_Party/FreeRTOS/Source/tasks.c **** 			it is actually in the Blocked state. */
2640:Middlewares/Third_Party/FreeRTOS/Source/tasks.c **** 			if( eTaskGetState( xTask ) == eBlocked )
2641:Middlewares/Third_Party/FreeRTOS/Source/tasks.c **** 			{
2642:Middlewares/Third_Party/FreeRTOS/Source/tasks.c **** 				xReturn = pdPASS;
2643:Middlewares/Third_Party/FreeRTOS/Source/tasks.c **** 
2644:Middlewares/Third_Party/FreeRTOS/Source/tasks.c **** 				/* Remove the reference to the task from the blocked list.  An
2645:Middlewares/Third_Party/FreeRTOS/Source/tasks.c **** 				interrupt won't touch the xStateListItem because the
2646:Middlewares/Third_Party/FreeRTOS/Source/tasks.c **** 				scheduler is suspended. */
2647:Middlewares/Third_Party/FreeRTOS/Source/tasks.c **** 				( void ) uxListRemove( &( pxTCB->xStateListItem ) );
2648:Middlewares/Third_Party/FreeRTOS/Source/tasks.c **** 
2649:Middlewares/Third_Party/FreeRTOS/Source/tasks.c **** 				/* Is the task waiting on an event also?  If so remove it from
2650:Middlewares/Third_Party/FreeRTOS/Source/tasks.c **** 				the event list too.  Interrupts can touch the event list item,
2651:Middlewares/Third_Party/FreeRTOS/Source/tasks.c **** 				even though the scheduler is suspended, so a critical section
2652:Middlewares/Third_Party/FreeRTOS/Source/tasks.c **** 				is used. */
2653:Middlewares/Third_Party/FreeRTOS/Source/tasks.c **** 				taskENTER_CRITICAL();
2654:Middlewares/Third_Party/FreeRTOS/Source/tasks.c **** 				{
2655:Middlewares/Third_Party/FreeRTOS/Source/tasks.c **** 					if( listLIST_ITEM_CONTAINER( &( pxTCB->xEventListItem ) ) != NULL )
2656:Middlewares/Third_Party/FreeRTOS/Source/tasks.c **** 					{
2657:Middlewares/Third_Party/FreeRTOS/Source/tasks.c **** 						( void ) uxListRemove( &( pxTCB->xEventListItem ) );
2658:Middlewares/Third_Party/FreeRTOS/Source/tasks.c **** 
2659:Middlewares/Third_Party/FreeRTOS/Source/tasks.c **** 						/* This lets the task know it was forcibly removed from the
2660:Middlewares/Third_Party/FreeRTOS/Source/tasks.c **** 						blocked state so it should not re-evaluate its block time and
2661:Middlewares/Third_Party/FreeRTOS/Source/tasks.c **** 						then block again. */
2662:Middlewares/Third_Party/FreeRTOS/Source/tasks.c **** 						pxTCB->ucDelayAborted = pdTRUE;
2663:Middlewares/Third_Party/FreeRTOS/Source/tasks.c **** 					}
2664:Middlewares/Third_Party/FreeRTOS/Source/tasks.c **** 					else
2665:Middlewares/Third_Party/FreeRTOS/Source/tasks.c **** 					{
2666:Middlewares/Third_Party/FreeRTOS/Source/tasks.c **** 						mtCOVERAGE_TEST_MARKER();
2667:Middlewares/Third_Party/FreeRTOS/Source/tasks.c **** 					}
2668:Middlewares/Third_Party/FreeRTOS/Source/tasks.c **** 				}
2669:Middlewares/Third_Party/FreeRTOS/Source/tasks.c **** 				taskEXIT_CRITICAL();
2670:Middlewares/Third_Party/FreeRTOS/Source/tasks.c **** 
2671:Middlewares/Third_Party/FreeRTOS/Source/tasks.c **** 				/* Place the unblocked task into the appropriate ready list. */
2672:Middlewares/Third_Party/FreeRTOS/Source/tasks.c **** 				prvAddTaskToReadyList( pxTCB );
2673:Middlewares/Third_Party/FreeRTOS/Source/tasks.c **** 
2674:Middlewares/Third_Party/FreeRTOS/Source/tasks.c **** 				/* A task being unblocked cannot cause an immediate context
2675:Middlewares/Third_Party/FreeRTOS/Source/tasks.c **** 				switch if preemption is turned off. */
2676:Middlewares/Third_Party/FreeRTOS/Source/tasks.c **** 				#if (  configUSE_PREEMPTION == 1 )
2677:Middlewares/Third_Party/FreeRTOS/Source/tasks.c **** 				{
2678:Middlewares/Third_Party/FreeRTOS/Source/tasks.c **** 					/* Preemption is on, but a context switch should only be
2679:Middlewares/Third_Party/FreeRTOS/Source/tasks.c **** 					performed if the unblocked task has a priority that is
2680:Middlewares/Third_Party/FreeRTOS/Source/tasks.c **** 					equal to or higher than the currently executing task. */
2681:Middlewares/Third_Party/FreeRTOS/Source/tasks.c **** 					if( pxTCB->uxPriority > pxCurrentTCB->uxPriority )
2682:Middlewares/Third_Party/FreeRTOS/Source/tasks.c **** 					{
2683:Middlewares/Third_Party/FreeRTOS/Source/tasks.c **** 						/* Pend the yield to be performed when the scheduler
2684:Middlewares/Third_Party/FreeRTOS/Source/tasks.c **** 						is unsuspended. */
2685:Middlewares/Third_Party/FreeRTOS/Source/tasks.c **** 						xYieldPending = pdTRUE;
2686:Middlewares/Third_Party/FreeRTOS/Source/tasks.c **** 					}
2687:Middlewares/Third_Party/FreeRTOS/Source/tasks.c **** 					else
2688:Middlewares/Third_Party/FreeRTOS/Source/tasks.c **** 					{
2689:Middlewares/Third_Party/FreeRTOS/Source/tasks.c **** 						mtCOVERAGE_TEST_MARKER();
2690:Middlewares/Third_Party/FreeRTOS/Source/tasks.c **** 					}
2691:Middlewares/Third_Party/FreeRTOS/Source/tasks.c **** 				}
ARM GAS  /tmp/ccsbjPFO.s 			page 119


2692:Middlewares/Third_Party/FreeRTOS/Source/tasks.c **** 				#endif /* configUSE_PREEMPTION */
2693:Middlewares/Third_Party/FreeRTOS/Source/tasks.c **** 			}
2694:Middlewares/Third_Party/FreeRTOS/Source/tasks.c **** 			else
2695:Middlewares/Third_Party/FreeRTOS/Source/tasks.c **** 			{
2696:Middlewares/Third_Party/FreeRTOS/Source/tasks.c **** 				xReturn = pdFAIL;
2697:Middlewares/Third_Party/FreeRTOS/Source/tasks.c **** 			}
2698:Middlewares/Third_Party/FreeRTOS/Source/tasks.c **** 		}
2699:Middlewares/Third_Party/FreeRTOS/Source/tasks.c **** 		( void ) xTaskResumeAll();
2700:Middlewares/Third_Party/FreeRTOS/Source/tasks.c **** 
2701:Middlewares/Third_Party/FreeRTOS/Source/tasks.c **** 		return xReturn;
2702:Middlewares/Third_Party/FreeRTOS/Source/tasks.c **** 	}
2703:Middlewares/Third_Party/FreeRTOS/Source/tasks.c **** 
2704:Middlewares/Third_Party/FreeRTOS/Source/tasks.c **** #endif /* INCLUDE_xTaskAbortDelay */
2705:Middlewares/Third_Party/FreeRTOS/Source/tasks.c **** /*----------------------------------------------------------*/
2706:Middlewares/Third_Party/FreeRTOS/Source/tasks.c **** 
2707:Middlewares/Third_Party/FreeRTOS/Source/tasks.c **** BaseType_t xTaskIncrementTick( void )
2708:Middlewares/Third_Party/FreeRTOS/Source/tasks.c **** {
 3832              		.loc 1 2708 1
 3833              		.cfi_startproc
 3834              		@ args = 0, pretend = 0, frame = 24
 3835              		@ frame_needed = 1, uses_anonymous_args = 0
 3836 0000 80B5     		push	{r7, lr}
 3837              	.LCFI138:
 3838              		.cfi_def_cfa_offset 8
 3839              		.cfi_offset 7, -8
 3840              		.cfi_offset 14, -4
 3841 0002 86B0     		sub	sp, sp, #24
 3842              	.LCFI139:
 3843              		.cfi_def_cfa_offset 32
 3844 0004 00AF     		add	r7, sp, #0
 3845              	.LCFI140:
 3846              		.cfi_def_cfa_register 7
2709:Middlewares/Third_Party/FreeRTOS/Source/tasks.c **** TCB_t * pxTCB;
2710:Middlewares/Third_Party/FreeRTOS/Source/tasks.c **** TickType_t xItemValue;
2711:Middlewares/Third_Party/FreeRTOS/Source/tasks.c **** BaseType_t xSwitchRequired = pdFALSE;
 3847              		.loc 1 2711 12
 3848 0006 0023     		movs	r3, #0
 3849 0008 7B61     		str	r3, [r7, #20]
2712:Middlewares/Third_Party/FreeRTOS/Source/tasks.c **** 
2713:Middlewares/Third_Party/FreeRTOS/Source/tasks.c **** 	/* Called by the portable layer each time a tick interrupt occurs.
2714:Middlewares/Third_Party/FreeRTOS/Source/tasks.c **** 	Increments the tick then checks to see if the new tick value will cause any
2715:Middlewares/Third_Party/FreeRTOS/Source/tasks.c **** 	tasks to be unblocked. */
2716:Middlewares/Third_Party/FreeRTOS/Source/tasks.c **** 	traceTASK_INCREMENT_TICK( xTickCount );
2717:Middlewares/Third_Party/FreeRTOS/Source/tasks.c **** 	if( uxSchedulerSuspended == ( UBaseType_t ) pdFALSE )
 3850              		.loc 1 2717 27
 3851 000a 4F4B     		ldr	r3, .L250
 3852 000c 1B68     		ldr	r3, [r3]
 3853              		.loc 1 2717 4
 3854 000e 002B     		cmp	r3, #0
 3855 0010 40F09080 		bne	.L236
 3856              	.LBB185:
2718:Middlewares/Third_Party/FreeRTOS/Source/tasks.c **** 	{
2719:Middlewares/Third_Party/FreeRTOS/Source/tasks.c **** 		/* Minor optimisation.  The tick count cannot change in this
2720:Middlewares/Third_Party/FreeRTOS/Source/tasks.c **** 		block. */
2721:Middlewares/Third_Party/FreeRTOS/Source/tasks.c **** 		const TickType_t xConstTickCount = xTickCount + ( TickType_t ) 1;
 3857              		.loc 1 2721 49
 3858 0014 4D4B     		ldr	r3, .L250+4
ARM GAS  /tmp/ccsbjPFO.s 			page 120


 3859 0016 1B68     		ldr	r3, [r3]
 3860              		.loc 1 2721 20
 3861 0018 0133     		adds	r3, r3, #1
 3862 001a 3B61     		str	r3, [r7, #16]
2722:Middlewares/Third_Party/FreeRTOS/Source/tasks.c **** 
2723:Middlewares/Third_Party/FreeRTOS/Source/tasks.c **** 		/* Increment the RTOS tick, switching the delayed and overflowed
2724:Middlewares/Third_Party/FreeRTOS/Source/tasks.c **** 		delayed lists if it wraps to 0. */
2725:Middlewares/Third_Party/FreeRTOS/Source/tasks.c **** 		xTickCount = xConstTickCount;
 3863              		.loc 1 2725 14
 3864 001c 4B4A     		ldr	r2, .L250+4
 3865 001e 3B69     		ldr	r3, [r7, #16]
 3866 0020 1360     		str	r3, [r2]
2726:Middlewares/Third_Party/FreeRTOS/Source/tasks.c **** 
2727:Middlewares/Third_Party/FreeRTOS/Source/tasks.c **** 		if( xConstTickCount == ( TickType_t ) 0U ) /*lint !e774 'if' does not always evaluate to false as
 3867              		.loc 1 2727 5
 3868 0022 3B69     		ldr	r3, [r7, #16]
 3869 0024 002B     		cmp	r3, #0
 3870 0026 21D1     		bne	.L237
 3871              	.LBB186:
2728:Middlewares/Third_Party/FreeRTOS/Source/tasks.c **** 		{
2729:Middlewares/Third_Party/FreeRTOS/Source/tasks.c **** 			taskSWITCH_DELAYED_LISTS();
 3872              		.loc 1 2729 4
 3873 0028 494B     		ldr	r3, .L250+8
 3874 002a 1B68     		ldr	r3, [r3]
 3875 002c 1B68     		ldr	r3, [r3]
 3876 002e 002B     		cmp	r3, #0
 3877 0030 0BD0     		beq	.L238
 3878              	.LBB187:
 3879              	.LBB188:
 195:Middlewares/Third_Party/FreeRTOS/Source/portable/GCC/ARM_CM4F/portmacro.h **** 	(
 3880              		.loc 2 195 2
 3881              		.syntax unified
 3882              	@ 195 "Middlewares/Third_Party/FreeRTOS/Source/portable/GCC/ARM_CM4F/portmacro.h" 1
 3883 0032 4FF05003 			mov r3, #80												
 3884 0036 83F31188 		msr basepri, r3											
 3885 003a BFF36F8F 		isb														
 3886 003e BFF34F8F 		dsb														
 3887              	
 3888              	@ 0 "" 2
 3889              		.thumb
 3890              		.syntax unified
 3891 0042 3B60     		str	r3, [r7]
 203:Middlewares/Third_Party/FreeRTOS/Source/portable/GCC/ARM_CM4F/portmacro.h **** 
 3892              		.loc 2 203 1
 3893 0044 00BF     		nop
 3894              	.L239:
 3895              	.LBE188:
 3896              	.LBE187:
 3897              		.loc 1 2729 4
 3898 0046 00BF     		nop
 3899 0048 FDE7     		b	.L239
 3900              	.L238:
 3901              		.loc 1 2729 4 is_stmt 0 discriminator 2
 3902 004a 414B     		ldr	r3, .L250+8
 3903 004c 1B68     		ldr	r3, [r3]
 3904 004e FB60     		str	r3, [r7, #12]
 3905 0050 404B     		ldr	r3, .L250+12
ARM GAS  /tmp/ccsbjPFO.s 			page 121


 3906 0052 1B68     		ldr	r3, [r3]
 3907 0054 3E4A     		ldr	r2, .L250+8
 3908 0056 1360     		str	r3, [r2]
 3909 0058 3E4A     		ldr	r2, .L250+12
 3910 005a FB68     		ldr	r3, [r7, #12]
 3911 005c 1360     		str	r3, [r2]
 3912 005e 3E4B     		ldr	r3, .L250+16
 3913 0060 1B68     		ldr	r3, [r3]
 3914 0062 0133     		adds	r3, r3, #1
 3915 0064 3C4A     		ldr	r2, .L250+16
 3916 0066 1360     		str	r3, [r2]
 3917 0068 FFF7FEFF 		bl	prvResetNextTaskUnblockTime
 3918              	.L237:
 3919              	.LBE186:
2730:Middlewares/Third_Party/FreeRTOS/Source/tasks.c **** 		}
2731:Middlewares/Third_Party/FreeRTOS/Source/tasks.c **** 		else
2732:Middlewares/Third_Party/FreeRTOS/Source/tasks.c **** 		{
2733:Middlewares/Third_Party/FreeRTOS/Source/tasks.c **** 			mtCOVERAGE_TEST_MARKER();
2734:Middlewares/Third_Party/FreeRTOS/Source/tasks.c **** 		}
2735:Middlewares/Third_Party/FreeRTOS/Source/tasks.c **** 
2736:Middlewares/Third_Party/FreeRTOS/Source/tasks.c **** 		/* See if this tick has made a timeout expire.  Tasks are stored in
2737:Middlewares/Third_Party/FreeRTOS/Source/tasks.c **** 		the	queue in the order of their wake time - meaning once one task
2738:Middlewares/Third_Party/FreeRTOS/Source/tasks.c **** 		has been found whose block time has not expired there is no need to
2739:Middlewares/Third_Party/FreeRTOS/Source/tasks.c **** 		look any further down the list. */
2740:Middlewares/Third_Party/FreeRTOS/Source/tasks.c **** 		if( xConstTickCount >= xNextTaskUnblockTime )
 3920              		.loc 1 2740 23 is_stmt 1
 3921 006c 3B4B     		ldr	r3, .L250+20
 3922 006e 1B68     		ldr	r3, [r3]
 3923              		.loc 1 2740 5
 3924 0070 3A69     		ldr	r2, [r7, #16]
 3925 0072 9A42     		cmp	r2, r3
 3926 0074 49D3     		bcc	.L240
 3927              	.L246:
2741:Middlewares/Third_Party/FreeRTOS/Source/tasks.c **** 		{
2742:Middlewares/Third_Party/FreeRTOS/Source/tasks.c **** 			for( ;; )
2743:Middlewares/Third_Party/FreeRTOS/Source/tasks.c **** 			{
2744:Middlewares/Third_Party/FreeRTOS/Source/tasks.c **** 				if( listLIST_IS_EMPTY( pxDelayedTaskList ) != pdFALSE )
 3928              		.loc 1 2744 9
 3929 0076 364B     		ldr	r3, .L250+8
 3930 0078 1B68     		ldr	r3, [r3]
 3931 007a 1B68     		ldr	r3, [r3]
 3932              		.loc 1 2744 7
 3933 007c 002B     		cmp	r3, #0
 3934 007e 04D1     		bne	.L241
2745:Middlewares/Third_Party/FreeRTOS/Source/tasks.c **** 				{
2746:Middlewares/Third_Party/FreeRTOS/Source/tasks.c **** 					/* The delayed list is empty.  Set xNextTaskUnblockTime
2747:Middlewares/Third_Party/FreeRTOS/Source/tasks.c **** 					to the maximum possible value so it is extremely
2748:Middlewares/Third_Party/FreeRTOS/Source/tasks.c **** 					unlikely that the
2749:Middlewares/Third_Party/FreeRTOS/Source/tasks.c **** 					if( xTickCount >= xNextTaskUnblockTime ) test will pass
2750:Middlewares/Third_Party/FreeRTOS/Source/tasks.c **** 					next time through. */
2751:Middlewares/Third_Party/FreeRTOS/Source/tasks.c **** 					xNextTaskUnblockTime = portMAX_DELAY; /*lint !e961 MISRA exception as the casts are only redun
 3935              		.loc 1 2751 27
 3936 0080 364B     		ldr	r3, .L250+20
 3937 0082 4FF0FF32 		mov	r2, #-1
 3938 0086 1A60     		str	r2, [r3]
2752:Middlewares/Third_Party/FreeRTOS/Source/tasks.c **** 					break;
 3939              		.loc 1 2752 6
ARM GAS  /tmp/ccsbjPFO.s 			page 122


 3940 0088 3FE0     		b	.L240
 3941              	.L241:
2753:Middlewares/Third_Party/FreeRTOS/Source/tasks.c **** 				}
2754:Middlewares/Third_Party/FreeRTOS/Source/tasks.c **** 				else
2755:Middlewares/Third_Party/FreeRTOS/Source/tasks.c **** 				{
2756:Middlewares/Third_Party/FreeRTOS/Source/tasks.c **** 					/* The delayed list is not empty, get the value of the
2757:Middlewares/Third_Party/FreeRTOS/Source/tasks.c **** 					item at the head of the delayed list.  This is the time
2758:Middlewares/Third_Party/FreeRTOS/Source/tasks.c **** 					at which the task at the head of the delayed list must
2759:Middlewares/Third_Party/FreeRTOS/Source/tasks.c **** 					be removed from the Blocked state. */
2760:Middlewares/Third_Party/FreeRTOS/Source/tasks.c **** 					pxTCB = listGET_OWNER_OF_HEAD_ENTRY( pxDelayedTaskList ); /*lint !e9079 void * is used as this
 3942              		.loc 1 2760 14
 3943 008a 314B     		ldr	r3, .L250+8
 3944 008c 1B68     		ldr	r3, [r3]
 3945 008e DB68     		ldr	r3, [r3, #12]
 3946              		.loc 1 2760 12
 3947 0090 DB68     		ldr	r3, [r3, #12]
 3948 0092 BB60     		str	r3, [r7, #8]
2761:Middlewares/Third_Party/FreeRTOS/Source/tasks.c **** 					xItemValue = listGET_LIST_ITEM_VALUE( &( pxTCB->xStateListItem ) );
 3949              		.loc 1 2761 17
 3950 0094 BB68     		ldr	r3, [r7, #8]
 3951 0096 5B68     		ldr	r3, [r3, #4]
 3952 0098 7B60     		str	r3, [r7, #4]
2762:Middlewares/Third_Party/FreeRTOS/Source/tasks.c **** 
2763:Middlewares/Third_Party/FreeRTOS/Source/tasks.c **** 					if( xConstTickCount < xItemValue )
 3953              		.loc 1 2763 8
 3954 009a 3A69     		ldr	r2, [r7, #16]
 3955 009c 7B68     		ldr	r3, [r7, #4]
 3956 009e 9A42     		cmp	r2, r3
 3957 00a0 03D2     		bcs	.L242
2764:Middlewares/Third_Party/FreeRTOS/Source/tasks.c **** 					{
2765:Middlewares/Third_Party/FreeRTOS/Source/tasks.c **** 						/* It is not time to unblock this item yet, but the
2766:Middlewares/Third_Party/FreeRTOS/Source/tasks.c **** 						item value is the time at which the task at the head
2767:Middlewares/Third_Party/FreeRTOS/Source/tasks.c **** 						of the blocked list must be removed from the Blocked
2768:Middlewares/Third_Party/FreeRTOS/Source/tasks.c **** 						state -	so record the item value in
2769:Middlewares/Third_Party/FreeRTOS/Source/tasks.c **** 						xNextTaskUnblockTime. */
2770:Middlewares/Third_Party/FreeRTOS/Source/tasks.c **** 						xNextTaskUnblockTime = xItemValue;
 3958              		.loc 1 2770 28
 3959 00a2 2E4A     		ldr	r2, .L250+20
 3960 00a4 7B68     		ldr	r3, [r7, #4]
 3961 00a6 1360     		str	r3, [r2]
2771:Middlewares/Third_Party/FreeRTOS/Source/tasks.c **** 						break; /*lint !e9011 Code structure here is deedmed easier to understand with multiple breaks
 3962              		.loc 1 2771 7
 3963 00a8 2FE0     		b	.L240
 3964              	.L242:
2772:Middlewares/Third_Party/FreeRTOS/Source/tasks.c **** 					}
2773:Middlewares/Third_Party/FreeRTOS/Source/tasks.c **** 					else
2774:Middlewares/Third_Party/FreeRTOS/Source/tasks.c **** 					{
2775:Middlewares/Third_Party/FreeRTOS/Source/tasks.c **** 						mtCOVERAGE_TEST_MARKER();
2776:Middlewares/Third_Party/FreeRTOS/Source/tasks.c **** 					}
2777:Middlewares/Third_Party/FreeRTOS/Source/tasks.c **** 
2778:Middlewares/Third_Party/FreeRTOS/Source/tasks.c **** 					/* It is time to remove the item from the Blocked state. */
2779:Middlewares/Third_Party/FreeRTOS/Source/tasks.c **** 					( void ) uxListRemove( &( pxTCB->xStateListItem ) );
 3965              		.loc 1 2779 29
 3966 00aa BB68     		ldr	r3, [r7, #8]
 3967 00ac 0433     		adds	r3, r3, #4
 3968              		.loc 1 2779 15
 3969 00ae 1846     		mov	r0, r3
ARM GAS  /tmp/ccsbjPFO.s 			page 123


 3970 00b0 FFF7FEFF 		bl	uxListRemove
2780:Middlewares/Third_Party/FreeRTOS/Source/tasks.c **** 
2781:Middlewares/Third_Party/FreeRTOS/Source/tasks.c **** 					/* Is the task waiting on an event also?  If so remove
2782:Middlewares/Third_Party/FreeRTOS/Source/tasks.c **** 					it from the event list. */
2783:Middlewares/Third_Party/FreeRTOS/Source/tasks.c **** 					if( listLIST_ITEM_CONTAINER( &( pxTCB->xEventListItem ) ) != NULL )
 3971              		.loc 1 2783 10
 3972 00b4 BB68     		ldr	r3, [r7, #8]
 3973 00b6 9B6A     		ldr	r3, [r3, #40]
 3974              		.loc 1 2783 8
 3975 00b8 002B     		cmp	r3, #0
 3976 00ba 04D0     		beq	.L243
2784:Middlewares/Third_Party/FreeRTOS/Source/tasks.c **** 					{
2785:Middlewares/Third_Party/FreeRTOS/Source/tasks.c **** 						( void ) uxListRemove( &( pxTCB->xEventListItem ) );
 3977              		.loc 1 2785 30
 3978 00bc BB68     		ldr	r3, [r7, #8]
 3979 00be 1833     		adds	r3, r3, #24
 3980              		.loc 1 2785 16
 3981 00c0 1846     		mov	r0, r3
 3982 00c2 FFF7FEFF 		bl	uxListRemove
 3983              	.L243:
2786:Middlewares/Third_Party/FreeRTOS/Source/tasks.c **** 					}
2787:Middlewares/Third_Party/FreeRTOS/Source/tasks.c **** 					else
2788:Middlewares/Third_Party/FreeRTOS/Source/tasks.c **** 					{
2789:Middlewares/Third_Party/FreeRTOS/Source/tasks.c **** 						mtCOVERAGE_TEST_MARKER();
2790:Middlewares/Third_Party/FreeRTOS/Source/tasks.c **** 					}
2791:Middlewares/Third_Party/FreeRTOS/Source/tasks.c **** 
2792:Middlewares/Third_Party/FreeRTOS/Source/tasks.c **** 					/* Place the unblocked task into the appropriate ready
2793:Middlewares/Third_Party/FreeRTOS/Source/tasks.c **** 					list. */
2794:Middlewares/Third_Party/FreeRTOS/Source/tasks.c **** 					prvAddTaskToReadyList( pxTCB );
 3984              		.loc 1 2794 6
 3985 00c6 BB68     		ldr	r3, [r7, #8]
 3986 00c8 DA6A     		ldr	r2, [r3, #44]
 3987 00ca 254B     		ldr	r3, .L250+24
 3988 00cc 1B68     		ldr	r3, [r3]
 3989 00ce 9A42     		cmp	r2, r3
 3990 00d0 03D9     		bls	.L244
 3991              		.loc 1 2794 6 is_stmt 0 discriminator 1
 3992 00d2 BB68     		ldr	r3, [r7, #8]
 3993 00d4 DB6A     		ldr	r3, [r3, #44]
 3994 00d6 224A     		ldr	r2, .L250+24
 3995 00d8 1360     		str	r3, [r2]
 3996              	.L244:
 3997              		.loc 1 2794 6 discriminator 3
 3998 00da BB68     		ldr	r3, [r7, #8]
 3999 00dc DA6A     		ldr	r2, [r3, #44]
 4000 00de 1346     		mov	r3, r2
 4001 00e0 9B00     		lsls	r3, r3, #2
 4002 00e2 1344     		add	r3, r3, r2
 4003 00e4 9B00     		lsls	r3, r3, #2
 4004 00e6 1F4A     		ldr	r2, .L250+28
 4005 00e8 1A44     		add	r2, r2, r3
 4006 00ea BB68     		ldr	r3, [r7, #8]
 4007 00ec 0433     		adds	r3, r3, #4
 4008 00ee 1946     		mov	r1, r3
 4009 00f0 1046     		mov	r0, r2
 4010 00f2 FFF7FEFF 		bl	vListInsertEnd
2795:Middlewares/Third_Party/FreeRTOS/Source/tasks.c **** 
ARM GAS  /tmp/ccsbjPFO.s 			page 124


2796:Middlewares/Third_Party/FreeRTOS/Source/tasks.c **** 					/* A task being unblocked cannot cause an immediate
2797:Middlewares/Third_Party/FreeRTOS/Source/tasks.c **** 					context switch if preemption is turned off. */
2798:Middlewares/Third_Party/FreeRTOS/Source/tasks.c **** 					#if (  configUSE_PREEMPTION == 1 )
2799:Middlewares/Third_Party/FreeRTOS/Source/tasks.c **** 					{
2800:Middlewares/Third_Party/FreeRTOS/Source/tasks.c **** 						/* Preemption is on, but a context switch should
2801:Middlewares/Third_Party/FreeRTOS/Source/tasks.c **** 						only be performed if the unblocked task has a
2802:Middlewares/Third_Party/FreeRTOS/Source/tasks.c **** 						priority that is equal to or higher than the
2803:Middlewares/Third_Party/FreeRTOS/Source/tasks.c **** 						currently executing task. */
2804:Middlewares/Third_Party/FreeRTOS/Source/tasks.c **** 						if( pxTCB->uxPriority >= pxCurrentTCB->uxPriority )
 4011              		.loc 1 2804 16 is_stmt 1
 4012 00f6 BB68     		ldr	r3, [r7, #8]
 4013 00f8 DA6A     		ldr	r2, [r3, #44]
 4014              		.loc 1 2804 44
 4015 00fa 1B4B     		ldr	r3, .L250+32
 4016 00fc 1B68     		ldr	r3, [r3]
 4017 00fe DB6A     		ldr	r3, [r3, #44]
 4018              		.loc 1 2804 9
 4019 0100 9A42     		cmp	r2, r3
 4020 0102 B8D3     		bcc	.L246
2805:Middlewares/Third_Party/FreeRTOS/Source/tasks.c **** 						{
2806:Middlewares/Third_Party/FreeRTOS/Source/tasks.c **** 							xSwitchRequired = pdTRUE;
 4021              		.loc 1 2806 24
 4022 0104 0123     		movs	r3, #1
 4023 0106 7B61     		str	r3, [r7, #20]
2744:Middlewares/Third_Party/FreeRTOS/Source/tasks.c **** 				{
 4024              		.loc 1 2744 7
 4025 0108 B5E7     		b	.L246
 4026              	.L240:
2807:Middlewares/Third_Party/FreeRTOS/Source/tasks.c **** 						}
2808:Middlewares/Third_Party/FreeRTOS/Source/tasks.c **** 						else
2809:Middlewares/Third_Party/FreeRTOS/Source/tasks.c **** 						{
2810:Middlewares/Third_Party/FreeRTOS/Source/tasks.c **** 							mtCOVERAGE_TEST_MARKER();
2811:Middlewares/Third_Party/FreeRTOS/Source/tasks.c **** 						}
2812:Middlewares/Third_Party/FreeRTOS/Source/tasks.c **** 					}
2813:Middlewares/Third_Party/FreeRTOS/Source/tasks.c **** 					#endif /* configUSE_PREEMPTION */
2814:Middlewares/Third_Party/FreeRTOS/Source/tasks.c **** 				}
2815:Middlewares/Third_Party/FreeRTOS/Source/tasks.c **** 			}
2816:Middlewares/Third_Party/FreeRTOS/Source/tasks.c **** 		}
2817:Middlewares/Third_Party/FreeRTOS/Source/tasks.c **** 
2818:Middlewares/Third_Party/FreeRTOS/Source/tasks.c **** 		/* Tasks of equal priority to the currently running task will share
2819:Middlewares/Third_Party/FreeRTOS/Source/tasks.c **** 		processing time (time slice) if preemption is on, and the application
2820:Middlewares/Third_Party/FreeRTOS/Source/tasks.c **** 		writer has not explicitly turned time slicing off. */
2821:Middlewares/Third_Party/FreeRTOS/Source/tasks.c **** 		#if ( ( configUSE_PREEMPTION == 1 ) && ( configUSE_TIME_SLICING == 1 ) )
2822:Middlewares/Third_Party/FreeRTOS/Source/tasks.c **** 		{
2823:Middlewares/Third_Party/FreeRTOS/Source/tasks.c **** 			if( listCURRENT_LIST_LENGTH( &( pxReadyTasksLists[ pxCurrentTCB->uxPriority ] ) ) > ( UBaseType_
 4027              		.loc 1 2823 8
 4028 010a 174B     		ldr	r3, .L250+32
 4029 010c 1B68     		ldr	r3, [r3]
 4030 010e DA6A     		ldr	r2, [r3, #44]
 4031 0110 1449     		ldr	r1, .L250+28
 4032 0112 1346     		mov	r3, r2
 4033 0114 9B00     		lsls	r3, r3, #2
 4034 0116 1344     		add	r3, r3, r2
 4035 0118 9B00     		lsls	r3, r3, #2
 4036 011a 0B44     		add	r3, r3, r1
 4037 011c 1B68     		ldr	r3, [r3]
 4038              		.loc 1 2823 6
ARM GAS  /tmp/ccsbjPFO.s 			page 125


 4039 011e 012B     		cmp	r3, #1
 4040 0120 01D9     		bls	.L247
2824:Middlewares/Third_Party/FreeRTOS/Source/tasks.c **** 			{
2825:Middlewares/Third_Party/FreeRTOS/Source/tasks.c **** 				xSwitchRequired = pdTRUE;
 4041              		.loc 1 2825 21
 4042 0122 0123     		movs	r3, #1
 4043 0124 7B61     		str	r3, [r7, #20]
 4044              	.L247:
2826:Middlewares/Third_Party/FreeRTOS/Source/tasks.c **** 			}
2827:Middlewares/Third_Party/FreeRTOS/Source/tasks.c **** 			else
2828:Middlewares/Third_Party/FreeRTOS/Source/tasks.c **** 			{
2829:Middlewares/Third_Party/FreeRTOS/Source/tasks.c **** 				mtCOVERAGE_TEST_MARKER();
2830:Middlewares/Third_Party/FreeRTOS/Source/tasks.c **** 			}
2831:Middlewares/Third_Party/FreeRTOS/Source/tasks.c **** 		}
2832:Middlewares/Third_Party/FreeRTOS/Source/tasks.c **** 		#endif /* ( ( configUSE_PREEMPTION == 1 ) && ( configUSE_TIME_SLICING == 1 ) ) */
2833:Middlewares/Third_Party/FreeRTOS/Source/tasks.c **** 
2834:Middlewares/Third_Party/FreeRTOS/Source/tasks.c **** 		#if ( configUSE_TICK_HOOK == 1 )
2835:Middlewares/Third_Party/FreeRTOS/Source/tasks.c **** 		{
2836:Middlewares/Third_Party/FreeRTOS/Source/tasks.c **** 			/* Guard against the tick hook being called when the pended tick
2837:Middlewares/Third_Party/FreeRTOS/Source/tasks.c **** 			count is being unwound (when the scheduler is being unlocked). */
2838:Middlewares/Third_Party/FreeRTOS/Source/tasks.c **** 			if( xPendedTicks == ( TickType_t ) 0 )
2839:Middlewares/Third_Party/FreeRTOS/Source/tasks.c **** 			{
2840:Middlewares/Third_Party/FreeRTOS/Source/tasks.c **** 				vApplicationTickHook();
2841:Middlewares/Third_Party/FreeRTOS/Source/tasks.c **** 			}
2842:Middlewares/Third_Party/FreeRTOS/Source/tasks.c **** 			else
2843:Middlewares/Third_Party/FreeRTOS/Source/tasks.c **** 			{
2844:Middlewares/Third_Party/FreeRTOS/Source/tasks.c **** 				mtCOVERAGE_TEST_MARKER();
2845:Middlewares/Third_Party/FreeRTOS/Source/tasks.c **** 			}
2846:Middlewares/Third_Party/FreeRTOS/Source/tasks.c **** 		}
2847:Middlewares/Third_Party/FreeRTOS/Source/tasks.c **** 		#endif /* configUSE_TICK_HOOK */
2848:Middlewares/Third_Party/FreeRTOS/Source/tasks.c **** 
2849:Middlewares/Third_Party/FreeRTOS/Source/tasks.c **** 		#if ( configUSE_PREEMPTION == 1 )
2850:Middlewares/Third_Party/FreeRTOS/Source/tasks.c **** 		{
2851:Middlewares/Third_Party/FreeRTOS/Source/tasks.c **** 			if( xYieldPending != pdFALSE )
 4045              		.loc 1 2851 22
 4046 0126 114B     		ldr	r3, .L250+36
 4047 0128 1B68     		ldr	r3, [r3]
 4048              		.loc 1 2851 6
 4049 012a 002B     		cmp	r3, #0
 4050 012c 07D0     		beq	.L248
2852:Middlewares/Third_Party/FreeRTOS/Source/tasks.c **** 			{
2853:Middlewares/Third_Party/FreeRTOS/Source/tasks.c **** 				xSwitchRequired = pdTRUE;
 4051              		.loc 1 2853 21
 4052 012e 0123     		movs	r3, #1
 4053 0130 7B61     		str	r3, [r7, #20]
 4054 0132 04E0     		b	.L248
 4055              	.L236:
 4056              	.LBE185:
2854:Middlewares/Third_Party/FreeRTOS/Source/tasks.c **** 			}
2855:Middlewares/Third_Party/FreeRTOS/Source/tasks.c **** 			else
2856:Middlewares/Third_Party/FreeRTOS/Source/tasks.c **** 			{
2857:Middlewares/Third_Party/FreeRTOS/Source/tasks.c **** 				mtCOVERAGE_TEST_MARKER();
2858:Middlewares/Third_Party/FreeRTOS/Source/tasks.c **** 			}
2859:Middlewares/Third_Party/FreeRTOS/Source/tasks.c **** 		}
2860:Middlewares/Third_Party/FreeRTOS/Source/tasks.c **** 		#endif /* configUSE_PREEMPTION */
2861:Middlewares/Third_Party/FreeRTOS/Source/tasks.c **** 	}
2862:Middlewares/Third_Party/FreeRTOS/Source/tasks.c **** 	else
ARM GAS  /tmp/ccsbjPFO.s 			page 126


2863:Middlewares/Third_Party/FreeRTOS/Source/tasks.c **** 	{
2864:Middlewares/Third_Party/FreeRTOS/Source/tasks.c **** 		++xPendedTicks;
 4057              		.loc 1 2864 3
 4058 0134 0E4B     		ldr	r3, .L250+40
 4059 0136 1B68     		ldr	r3, [r3]
 4060 0138 0133     		adds	r3, r3, #1
 4061 013a 0D4A     		ldr	r2, .L250+40
 4062 013c 1360     		str	r3, [r2]
 4063              	.L248:
2865:Middlewares/Third_Party/FreeRTOS/Source/tasks.c **** 
2866:Middlewares/Third_Party/FreeRTOS/Source/tasks.c **** 		/* The tick hook gets called at regular intervals, even if the
2867:Middlewares/Third_Party/FreeRTOS/Source/tasks.c **** 		scheduler is locked. */
2868:Middlewares/Third_Party/FreeRTOS/Source/tasks.c **** 		#if ( configUSE_TICK_HOOK == 1 )
2869:Middlewares/Third_Party/FreeRTOS/Source/tasks.c **** 		{
2870:Middlewares/Third_Party/FreeRTOS/Source/tasks.c **** 			vApplicationTickHook();
2871:Middlewares/Third_Party/FreeRTOS/Source/tasks.c **** 		}
2872:Middlewares/Third_Party/FreeRTOS/Source/tasks.c **** 		#endif
2873:Middlewares/Third_Party/FreeRTOS/Source/tasks.c **** 	}
2874:Middlewares/Third_Party/FreeRTOS/Source/tasks.c **** 
2875:Middlewares/Third_Party/FreeRTOS/Source/tasks.c **** 	return xSwitchRequired;
 4064              		.loc 1 2875 9
 4065 013e 7B69     		ldr	r3, [r7, #20]
2876:Middlewares/Third_Party/FreeRTOS/Source/tasks.c **** }
 4066              		.loc 1 2876 1
 4067 0140 1846     		mov	r0, r3
 4068 0142 1837     		adds	r7, r7, #24
 4069              	.LCFI141:
 4070              		.cfi_def_cfa_offset 8
 4071 0144 BD46     		mov	sp, r7
 4072              	.LCFI142:
 4073              		.cfi_def_cfa_register 13
 4074              		@ sp needed
 4075 0146 80BD     		pop	{r7, pc}
 4076              	.L251:
 4077              		.align	2
 4078              	.L250:
 4079 0148 00000000 		.word	uxSchedulerSuspended
 4080 014c 00000000 		.word	xTickCount
 4081 0150 00000000 		.word	pxDelayedTaskList
 4082 0154 00000000 		.word	pxOverflowDelayedTaskList
 4083 0158 00000000 		.word	xNumOfOverflows
 4084 015c 00000000 		.word	xNextTaskUnblockTime
 4085 0160 00000000 		.word	uxTopReadyPriority
 4086 0164 00000000 		.word	pxReadyTasksLists
 4087 0168 00000000 		.word	pxCurrentTCB
 4088 016c 00000000 		.word	xYieldPending
 4089 0170 00000000 		.word	xPendedTicks
 4090              		.cfi_endproc
 4091              	.LFE31:
 4093              		.section	.text.vTaskSwitchContext,"ax",%progbits
 4094              		.align	1
 4095              		.global	vTaskSwitchContext
 4096              		.syntax unified
 4097              		.thumb
 4098              		.thumb_func
 4100              	vTaskSwitchContext:
 4101              	.LFB32:
ARM GAS  /tmp/ccsbjPFO.s 			page 127


2877:Middlewares/Third_Party/FreeRTOS/Source/tasks.c **** /*-----------------------------------------------------------*/
2878:Middlewares/Third_Party/FreeRTOS/Source/tasks.c **** 
2879:Middlewares/Third_Party/FreeRTOS/Source/tasks.c **** #if ( configUSE_APPLICATION_TASK_TAG == 1 )
2880:Middlewares/Third_Party/FreeRTOS/Source/tasks.c **** 
2881:Middlewares/Third_Party/FreeRTOS/Source/tasks.c **** 	void vTaskSetApplicationTaskTag( TaskHandle_t xTask, TaskHookFunction_t pxHookFunction )
2882:Middlewares/Third_Party/FreeRTOS/Source/tasks.c **** 	{
2883:Middlewares/Third_Party/FreeRTOS/Source/tasks.c **** 	TCB_t *xTCB;
2884:Middlewares/Third_Party/FreeRTOS/Source/tasks.c **** 
2885:Middlewares/Third_Party/FreeRTOS/Source/tasks.c **** 		/* If xTask is NULL then it is the task hook of the calling task that is
2886:Middlewares/Third_Party/FreeRTOS/Source/tasks.c **** 		getting set. */
2887:Middlewares/Third_Party/FreeRTOS/Source/tasks.c **** 		if( xTask == NULL )
2888:Middlewares/Third_Party/FreeRTOS/Source/tasks.c **** 		{
2889:Middlewares/Third_Party/FreeRTOS/Source/tasks.c **** 			xTCB = ( TCB_t * ) pxCurrentTCB;
2890:Middlewares/Third_Party/FreeRTOS/Source/tasks.c **** 		}
2891:Middlewares/Third_Party/FreeRTOS/Source/tasks.c **** 		else
2892:Middlewares/Third_Party/FreeRTOS/Source/tasks.c **** 		{
2893:Middlewares/Third_Party/FreeRTOS/Source/tasks.c **** 			xTCB = xTask;
2894:Middlewares/Third_Party/FreeRTOS/Source/tasks.c **** 		}
2895:Middlewares/Third_Party/FreeRTOS/Source/tasks.c **** 
2896:Middlewares/Third_Party/FreeRTOS/Source/tasks.c **** 		/* Save the hook function in the TCB.  A critical section is required as
2897:Middlewares/Third_Party/FreeRTOS/Source/tasks.c **** 		the value can be accessed from an interrupt. */
2898:Middlewares/Third_Party/FreeRTOS/Source/tasks.c **** 		taskENTER_CRITICAL();
2899:Middlewares/Third_Party/FreeRTOS/Source/tasks.c **** 		{
2900:Middlewares/Third_Party/FreeRTOS/Source/tasks.c **** 			xTCB->pxTaskTag = pxHookFunction;
2901:Middlewares/Third_Party/FreeRTOS/Source/tasks.c **** 		}
2902:Middlewares/Third_Party/FreeRTOS/Source/tasks.c **** 		taskEXIT_CRITICAL();
2903:Middlewares/Third_Party/FreeRTOS/Source/tasks.c **** 	}
2904:Middlewares/Third_Party/FreeRTOS/Source/tasks.c **** 
2905:Middlewares/Third_Party/FreeRTOS/Source/tasks.c **** #endif /* configUSE_APPLICATION_TASK_TAG */
2906:Middlewares/Third_Party/FreeRTOS/Source/tasks.c **** /*-----------------------------------------------------------*/
2907:Middlewares/Third_Party/FreeRTOS/Source/tasks.c **** 
2908:Middlewares/Third_Party/FreeRTOS/Source/tasks.c **** #if ( configUSE_APPLICATION_TASK_TAG == 1 )
2909:Middlewares/Third_Party/FreeRTOS/Source/tasks.c **** 
2910:Middlewares/Third_Party/FreeRTOS/Source/tasks.c **** 	TaskHookFunction_t xTaskGetApplicationTaskTag( TaskHandle_t xTask )
2911:Middlewares/Third_Party/FreeRTOS/Source/tasks.c **** 	{
2912:Middlewares/Third_Party/FreeRTOS/Source/tasks.c **** 	TCB_t *pxTCB;
2913:Middlewares/Third_Party/FreeRTOS/Source/tasks.c **** 	TaskHookFunction_t xReturn;
2914:Middlewares/Third_Party/FreeRTOS/Source/tasks.c **** 
2915:Middlewares/Third_Party/FreeRTOS/Source/tasks.c **** 		/* If xTask is NULL then set the calling task's hook. */
2916:Middlewares/Third_Party/FreeRTOS/Source/tasks.c **** 		pxTCB = prvGetTCBFromHandle( xTask );
2917:Middlewares/Third_Party/FreeRTOS/Source/tasks.c **** 
2918:Middlewares/Third_Party/FreeRTOS/Source/tasks.c **** 		/* Save the hook function in the TCB.  A critical section is required as
2919:Middlewares/Third_Party/FreeRTOS/Source/tasks.c **** 		the value can be accessed from an interrupt. */
2920:Middlewares/Third_Party/FreeRTOS/Source/tasks.c **** 		taskENTER_CRITICAL();
2921:Middlewares/Third_Party/FreeRTOS/Source/tasks.c **** 		{
2922:Middlewares/Third_Party/FreeRTOS/Source/tasks.c **** 			xReturn = pxTCB->pxTaskTag;
2923:Middlewares/Third_Party/FreeRTOS/Source/tasks.c **** 		}
2924:Middlewares/Third_Party/FreeRTOS/Source/tasks.c **** 		taskEXIT_CRITICAL();
2925:Middlewares/Third_Party/FreeRTOS/Source/tasks.c **** 
2926:Middlewares/Third_Party/FreeRTOS/Source/tasks.c **** 		return xReturn;
2927:Middlewares/Third_Party/FreeRTOS/Source/tasks.c **** 	}
2928:Middlewares/Third_Party/FreeRTOS/Source/tasks.c **** 
2929:Middlewares/Third_Party/FreeRTOS/Source/tasks.c **** #endif /* configUSE_APPLICATION_TASK_TAG */
2930:Middlewares/Third_Party/FreeRTOS/Source/tasks.c **** /*-----------------------------------------------------------*/
2931:Middlewares/Third_Party/FreeRTOS/Source/tasks.c **** 
2932:Middlewares/Third_Party/FreeRTOS/Source/tasks.c **** #if ( configUSE_APPLICATION_TASK_TAG == 1 )
2933:Middlewares/Third_Party/FreeRTOS/Source/tasks.c **** 
ARM GAS  /tmp/ccsbjPFO.s 			page 128


2934:Middlewares/Third_Party/FreeRTOS/Source/tasks.c **** 	TaskHookFunction_t xTaskGetApplicationTaskTagFromISR( TaskHandle_t xTask )
2935:Middlewares/Third_Party/FreeRTOS/Source/tasks.c **** 	{
2936:Middlewares/Third_Party/FreeRTOS/Source/tasks.c **** 	TCB_t *pxTCB;
2937:Middlewares/Third_Party/FreeRTOS/Source/tasks.c **** 	TaskHookFunction_t xReturn;
2938:Middlewares/Third_Party/FreeRTOS/Source/tasks.c **** 	UBaseType_t uxSavedInterruptStatus;
2939:Middlewares/Third_Party/FreeRTOS/Source/tasks.c **** 
2940:Middlewares/Third_Party/FreeRTOS/Source/tasks.c **** 		/* If xTask is NULL then set the calling task's hook. */
2941:Middlewares/Third_Party/FreeRTOS/Source/tasks.c **** 		pxTCB = prvGetTCBFromHandle( xTask );
2942:Middlewares/Third_Party/FreeRTOS/Source/tasks.c **** 
2943:Middlewares/Third_Party/FreeRTOS/Source/tasks.c **** 		/* Save the hook function in the TCB.  A critical section is required as
2944:Middlewares/Third_Party/FreeRTOS/Source/tasks.c **** 		the value can be accessed from an interrupt. */
2945:Middlewares/Third_Party/FreeRTOS/Source/tasks.c **** 		uxSavedInterruptStatus = portSET_INTERRUPT_MASK_FROM_ISR();
2946:Middlewares/Third_Party/FreeRTOS/Source/tasks.c **** 		{
2947:Middlewares/Third_Party/FreeRTOS/Source/tasks.c **** 			xReturn = pxTCB->pxTaskTag;
2948:Middlewares/Third_Party/FreeRTOS/Source/tasks.c **** 		}
2949:Middlewares/Third_Party/FreeRTOS/Source/tasks.c **** 		portCLEAR_INTERRUPT_MASK_FROM_ISR( uxSavedInterruptStatus );
2950:Middlewares/Third_Party/FreeRTOS/Source/tasks.c **** 
2951:Middlewares/Third_Party/FreeRTOS/Source/tasks.c **** 		return xReturn;
2952:Middlewares/Third_Party/FreeRTOS/Source/tasks.c **** 	}
2953:Middlewares/Third_Party/FreeRTOS/Source/tasks.c **** 
2954:Middlewares/Third_Party/FreeRTOS/Source/tasks.c **** #endif /* configUSE_APPLICATION_TASK_TAG */
2955:Middlewares/Third_Party/FreeRTOS/Source/tasks.c **** /*-----------------------------------------------------------*/
2956:Middlewares/Third_Party/FreeRTOS/Source/tasks.c **** 
2957:Middlewares/Third_Party/FreeRTOS/Source/tasks.c **** #if ( configUSE_APPLICATION_TASK_TAG == 1 )
2958:Middlewares/Third_Party/FreeRTOS/Source/tasks.c **** 
2959:Middlewares/Third_Party/FreeRTOS/Source/tasks.c **** 	BaseType_t xTaskCallApplicationTaskHook( TaskHandle_t xTask, void *pvParameter )
2960:Middlewares/Third_Party/FreeRTOS/Source/tasks.c **** 	{
2961:Middlewares/Third_Party/FreeRTOS/Source/tasks.c **** 	TCB_t *xTCB;
2962:Middlewares/Third_Party/FreeRTOS/Source/tasks.c **** 	BaseType_t xReturn;
2963:Middlewares/Third_Party/FreeRTOS/Source/tasks.c **** 
2964:Middlewares/Third_Party/FreeRTOS/Source/tasks.c **** 		/* If xTask is NULL then we are calling our own task hook. */
2965:Middlewares/Third_Party/FreeRTOS/Source/tasks.c **** 		if( xTask == NULL )
2966:Middlewares/Third_Party/FreeRTOS/Source/tasks.c **** 		{
2967:Middlewares/Third_Party/FreeRTOS/Source/tasks.c **** 			xTCB = pxCurrentTCB;
2968:Middlewares/Third_Party/FreeRTOS/Source/tasks.c **** 		}
2969:Middlewares/Third_Party/FreeRTOS/Source/tasks.c **** 		else
2970:Middlewares/Third_Party/FreeRTOS/Source/tasks.c **** 		{
2971:Middlewares/Third_Party/FreeRTOS/Source/tasks.c **** 			xTCB = xTask;
2972:Middlewares/Third_Party/FreeRTOS/Source/tasks.c **** 		}
2973:Middlewares/Third_Party/FreeRTOS/Source/tasks.c **** 
2974:Middlewares/Third_Party/FreeRTOS/Source/tasks.c **** 		if( xTCB->pxTaskTag != NULL )
2975:Middlewares/Third_Party/FreeRTOS/Source/tasks.c **** 		{
2976:Middlewares/Third_Party/FreeRTOS/Source/tasks.c **** 			xReturn = xTCB->pxTaskTag( pvParameter );
2977:Middlewares/Third_Party/FreeRTOS/Source/tasks.c **** 		}
2978:Middlewares/Third_Party/FreeRTOS/Source/tasks.c **** 		else
2979:Middlewares/Third_Party/FreeRTOS/Source/tasks.c **** 		{
2980:Middlewares/Third_Party/FreeRTOS/Source/tasks.c **** 			xReturn = pdFAIL;
2981:Middlewares/Third_Party/FreeRTOS/Source/tasks.c **** 		}
2982:Middlewares/Third_Party/FreeRTOS/Source/tasks.c **** 
2983:Middlewares/Third_Party/FreeRTOS/Source/tasks.c **** 		return xReturn;
2984:Middlewares/Third_Party/FreeRTOS/Source/tasks.c **** 	}
2985:Middlewares/Third_Party/FreeRTOS/Source/tasks.c **** 
2986:Middlewares/Third_Party/FreeRTOS/Source/tasks.c **** #endif /* configUSE_APPLICATION_TASK_TAG */
2987:Middlewares/Third_Party/FreeRTOS/Source/tasks.c **** /*-----------------------------------------------------------*/
2988:Middlewares/Third_Party/FreeRTOS/Source/tasks.c **** 
2989:Middlewares/Third_Party/FreeRTOS/Source/tasks.c **** void vTaskSwitchContext( void )
2990:Middlewares/Third_Party/FreeRTOS/Source/tasks.c **** {
ARM GAS  /tmp/ccsbjPFO.s 			page 129


 4102              		.loc 1 2990 1
 4103              		.cfi_startproc
 4104              		@ args = 0, pretend = 0, frame = 16
 4105              		@ frame_needed = 1, uses_anonymous_args = 0
 4106 0000 80B5     		push	{r7, lr}
 4107              	.LCFI143:
 4108              		.cfi_def_cfa_offset 8
 4109              		.cfi_offset 7, -8
 4110              		.cfi_offset 14, -4
 4111 0002 84B0     		sub	sp, sp, #16
 4112              	.LCFI144:
 4113              		.cfi_def_cfa_offset 24
 4114 0004 00AF     		add	r7, sp, #0
 4115              	.LCFI145:
 4116              		.cfi_def_cfa_register 7
2991:Middlewares/Third_Party/FreeRTOS/Source/tasks.c **** 	if( uxSchedulerSuspended != ( UBaseType_t ) pdFALSE )
 4117              		.loc 1 2991 27
 4118 0006 344B     		ldr	r3, .L262
 4119 0008 1B68     		ldr	r3, [r3]
 4120              		.loc 1 2991 4
 4121 000a 002B     		cmp	r3, #0
 4122 000c 03D0     		beq	.L253
2992:Middlewares/Third_Party/FreeRTOS/Source/tasks.c **** 	{
2993:Middlewares/Third_Party/FreeRTOS/Source/tasks.c **** 		/* The scheduler is currently suspended - do not allow a context
2994:Middlewares/Third_Party/FreeRTOS/Source/tasks.c **** 		switch. */
2995:Middlewares/Third_Party/FreeRTOS/Source/tasks.c **** 		xYieldPending = pdTRUE;
 4123              		.loc 1 2995 17
 4124 000e 334B     		ldr	r3, .L262+4
 4125 0010 0122     		movs	r2, #1
 4126 0012 1A60     		str	r2, [r3]
2996:Middlewares/Third_Party/FreeRTOS/Source/tasks.c **** 	}
2997:Middlewares/Third_Party/FreeRTOS/Source/tasks.c **** 	else
2998:Middlewares/Third_Party/FreeRTOS/Source/tasks.c **** 	{
2999:Middlewares/Third_Party/FreeRTOS/Source/tasks.c **** 		xYieldPending = pdFALSE;
3000:Middlewares/Third_Party/FreeRTOS/Source/tasks.c **** 		traceTASK_SWITCHED_OUT();
3001:Middlewares/Third_Party/FreeRTOS/Source/tasks.c **** 
3002:Middlewares/Third_Party/FreeRTOS/Source/tasks.c **** 		#if ( configGENERATE_RUN_TIME_STATS == 1 )
3003:Middlewares/Third_Party/FreeRTOS/Source/tasks.c **** 		{
3004:Middlewares/Third_Party/FreeRTOS/Source/tasks.c **** 			#ifdef portALT_GET_RUN_TIME_COUNTER_VALUE
3005:Middlewares/Third_Party/FreeRTOS/Source/tasks.c **** 				portALT_GET_RUN_TIME_COUNTER_VALUE( ulTotalRunTime );
3006:Middlewares/Third_Party/FreeRTOS/Source/tasks.c **** 			#else
3007:Middlewares/Third_Party/FreeRTOS/Source/tasks.c **** 				ulTotalRunTime = portGET_RUN_TIME_COUNTER_VALUE();
3008:Middlewares/Third_Party/FreeRTOS/Source/tasks.c **** 			#endif
3009:Middlewares/Third_Party/FreeRTOS/Source/tasks.c **** 
3010:Middlewares/Third_Party/FreeRTOS/Source/tasks.c **** 			/* Add the amount of time the task has been running to the
3011:Middlewares/Third_Party/FreeRTOS/Source/tasks.c **** 			accumulated time so far.  The time the task started running was
3012:Middlewares/Third_Party/FreeRTOS/Source/tasks.c **** 			stored in ulTaskSwitchedInTime.  Note that there is no overflow
3013:Middlewares/Third_Party/FreeRTOS/Source/tasks.c **** 			protection here so count values are only valid until the timer
3014:Middlewares/Third_Party/FreeRTOS/Source/tasks.c **** 			overflows.  The guard against negative values is to protect
3015:Middlewares/Third_Party/FreeRTOS/Source/tasks.c **** 			against suspect run time stat counter implementations - which
3016:Middlewares/Third_Party/FreeRTOS/Source/tasks.c **** 			are provided by the application, not the kernel. */
3017:Middlewares/Third_Party/FreeRTOS/Source/tasks.c **** 			if( ulTotalRunTime > ulTaskSwitchedInTime )
3018:Middlewares/Third_Party/FreeRTOS/Source/tasks.c **** 			{
3019:Middlewares/Third_Party/FreeRTOS/Source/tasks.c **** 				pxCurrentTCB->ulRunTimeCounter += ( ulTotalRunTime - ulTaskSwitchedInTime );
3020:Middlewares/Third_Party/FreeRTOS/Source/tasks.c **** 			}
3021:Middlewares/Third_Party/FreeRTOS/Source/tasks.c **** 			else
3022:Middlewares/Third_Party/FreeRTOS/Source/tasks.c **** 			{
ARM GAS  /tmp/ccsbjPFO.s 			page 130


3023:Middlewares/Third_Party/FreeRTOS/Source/tasks.c **** 				mtCOVERAGE_TEST_MARKER();
3024:Middlewares/Third_Party/FreeRTOS/Source/tasks.c **** 			}
3025:Middlewares/Third_Party/FreeRTOS/Source/tasks.c **** 			ulTaskSwitchedInTime = ulTotalRunTime;
3026:Middlewares/Third_Party/FreeRTOS/Source/tasks.c **** 		}
3027:Middlewares/Third_Party/FreeRTOS/Source/tasks.c **** 		#endif /* configGENERATE_RUN_TIME_STATS */
3028:Middlewares/Third_Party/FreeRTOS/Source/tasks.c **** 
3029:Middlewares/Third_Party/FreeRTOS/Source/tasks.c **** 		/* Check for stack overflow, if configured. */
3030:Middlewares/Third_Party/FreeRTOS/Source/tasks.c **** 		taskCHECK_FOR_STACK_OVERFLOW();
3031:Middlewares/Third_Party/FreeRTOS/Source/tasks.c **** 
3032:Middlewares/Third_Party/FreeRTOS/Source/tasks.c **** 		/* Before the currently running task is switched out, save its errno. */
3033:Middlewares/Third_Party/FreeRTOS/Source/tasks.c **** 		#if( configUSE_POSIX_ERRNO == 1 )
3034:Middlewares/Third_Party/FreeRTOS/Source/tasks.c **** 		{
3035:Middlewares/Third_Party/FreeRTOS/Source/tasks.c **** 			pxCurrentTCB->iTaskErrno = FreeRTOS_errno;
3036:Middlewares/Third_Party/FreeRTOS/Source/tasks.c **** 		}
3037:Middlewares/Third_Party/FreeRTOS/Source/tasks.c **** 		#endif
3038:Middlewares/Third_Party/FreeRTOS/Source/tasks.c **** 
3039:Middlewares/Third_Party/FreeRTOS/Source/tasks.c **** 		/* Select a new task to run using either the generic C or port
3040:Middlewares/Third_Party/FreeRTOS/Source/tasks.c **** 		optimised asm code. */
3041:Middlewares/Third_Party/FreeRTOS/Source/tasks.c **** 		taskSELECT_HIGHEST_PRIORITY_TASK(); /*lint !e9079 void * is used as this macro is used with timer
3042:Middlewares/Third_Party/FreeRTOS/Source/tasks.c **** 		traceTASK_SWITCHED_IN();
3043:Middlewares/Third_Party/FreeRTOS/Source/tasks.c **** 
3044:Middlewares/Third_Party/FreeRTOS/Source/tasks.c **** 		/* After the new task is switched in, update the global errno. */
3045:Middlewares/Third_Party/FreeRTOS/Source/tasks.c **** 		#if( configUSE_POSIX_ERRNO == 1 )
3046:Middlewares/Third_Party/FreeRTOS/Source/tasks.c **** 		{
3047:Middlewares/Third_Party/FreeRTOS/Source/tasks.c **** 			FreeRTOS_errno = pxCurrentTCB->iTaskErrno;
3048:Middlewares/Third_Party/FreeRTOS/Source/tasks.c **** 		}
3049:Middlewares/Third_Party/FreeRTOS/Source/tasks.c **** 		#endif
3050:Middlewares/Third_Party/FreeRTOS/Source/tasks.c **** 
3051:Middlewares/Third_Party/FreeRTOS/Source/tasks.c **** 		#if ( configUSE_NEWLIB_REENTRANT == 1 )
3052:Middlewares/Third_Party/FreeRTOS/Source/tasks.c **** 		{
3053:Middlewares/Third_Party/FreeRTOS/Source/tasks.c **** 			/* Switch Newlib's _impure_ptr variable to point to the _reent
3054:Middlewares/Third_Party/FreeRTOS/Source/tasks.c **** 			structure specific to this task.
3055:Middlewares/Third_Party/FreeRTOS/Source/tasks.c **** 			See the third party link http://www.nadler.com/embedded/newlibAndFreeRTOS.html
3056:Middlewares/Third_Party/FreeRTOS/Source/tasks.c **** 			for additional information. */
3057:Middlewares/Third_Party/FreeRTOS/Source/tasks.c **** 			_impure_ptr = &( pxCurrentTCB->xNewLib_reent );
3058:Middlewares/Third_Party/FreeRTOS/Source/tasks.c **** 		}
3059:Middlewares/Third_Party/FreeRTOS/Source/tasks.c **** 		#endif /* configUSE_NEWLIB_REENTRANT */
3060:Middlewares/Third_Party/FreeRTOS/Source/tasks.c **** 	}
3061:Middlewares/Third_Party/FreeRTOS/Source/tasks.c **** }
 4127              		.loc 1 3061 1
 4128 0014 5CE0     		b	.L261
 4129              	.L253:
2999:Middlewares/Third_Party/FreeRTOS/Source/tasks.c **** 		traceTASK_SWITCHED_OUT();
 4130              		.loc 1 2999 17
 4131 0016 314B     		ldr	r3, .L262+4
 4132 0018 0022     		movs	r2, #0
 4133 001a 1A60     		str	r2, [r3]
 4134              	.LBB189:
3007:Middlewares/Third_Party/FreeRTOS/Source/tasks.c **** 			#endif
 4135              		.loc 1 3007 22
 4136 001c FFF7FEFF 		bl	GET_RUN_TIME_COUNTER_VALUE
 4137 0020 0346     		mov	r3, r0
3007:Middlewares/Third_Party/FreeRTOS/Source/tasks.c **** 			#endif
 4138              		.loc 1 3007 22 is_stmt 0 discriminator 1
 4139 0022 1A46     		mov	r2, r3
3007:Middlewares/Third_Party/FreeRTOS/Source/tasks.c **** 			#endif
 4140              		.loc 1 3007 20 is_stmt 1 discriminator 1
ARM GAS  /tmp/ccsbjPFO.s 			page 131


 4141 0024 2E4B     		ldr	r3, .L262+8
 4142 0026 1A60     		str	r2, [r3]
3017:Middlewares/Third_Party/FreeRTOS/Source/tasks.c **** 			{
 4143              		.loc 1 3017 23
 4144 0028 2D4B     		ldr	r3, .L262+8
 4145 002a 1A68     		ldr	r2, [r3]
 4146 002c 2D4B     		ldr	r3, .L262+12
 4147 002e 1B68     		ldr	r3, [r3]
3017:Middlewares/Third_Party/FreeRTOS/Source/tasks.c **** 			{
 4148              		.loc 1 3017 6
 4149 0030 9A42     		cmp	r2, r3
 4150 0032 09D9     		bls	.L255
3019:Middlewares/Third_Party/FreeRTOS/Source/tasks.c **** 			}
 4151              		.loc 1 3019 17
 4152 0034 2C4B     		ldr	r3, .L262+16
 4153 0036 1B68     		ldr	r3, [r3]
 4154 0038 996D     		ldr	r1, [r3, #88]
3019:Middlewares/Third_Party/FreeRTOS/Source/tasks.c **** 			}
 4155              		.loc 1 3019 56
 4156 003a 294A     		ldr	r2, .L262+8
 4157 003c 1068     		ldr	r0, [r2]
 4158 003e 294A     		ldr	r2, .L262+12
 4159 0040 1268     		ldr	r2, [r2]
 4160 0042 821A     		subs	r2, r0, r2
3019:Middlewares/Third_Party/FreeRTOS/Source/tasks.c **** 			}
 4161              		.loc 1 3019 36
 4162 0044 0A44     		add	r2, r2, r1
 4163 0046 9A65     		str	r2, [r3, #88]
 4164              	.L255:
3025:Middlewares/Third_Party/FreeRTOS/Source/tasks.c **** 		}
 4165              		.loc 1 3025 25
 4166 0048 254B     		ldr	r3, .L262+8
 4167 004a 1B68     		ldr	r3, [r3]
 4168 004c 254A     		ldr	r2, .L262+12
 4169 004e 1360     		str	r3, [r2]
 4170              	.LBE189:
 4171              	.LBB190:
3041:Middlewares/Third_Party/FreeRTOS/Source/tasks.c **** 		traceTASK_SWITCHED_IN();
 4172              		.loc 1 3041 3
 4173 0050 264B     		ldr	r3, .L262+20
 4174 0052 1B68     		ldr	r3, [r3]
 4175 0054 FB60     		str	r3, [r7, #12]
 4176 0056 11E0     		b	.L256
 4177              	.L259:
3041:Middlewares/Third_Party/FreeRTOS/Source/tasks.c **** 		traceTASK_SWITCHED_IN();
 4178              		.loc 1 3041 3 is_stmt 0 discriminator 6
 4179 0058 FB68     		ldr	r3, [r7, #12]
 4180 005a 002B     		cmp	r3, #0
 4181 005c 0BD1     		bne	.L257
 4182              	.LBB191:
 4183              	.LBB192:
 195:Middlewares/Third_Party/FreeRTOS/Source/portable/GCC/ARM_CM4F/portmacro.h **** 	(
 4184              		.loc 2 195 2 is_stmt 1
 4185              		.syntax unified
 4186              	@ 195 "Middlewares/Third_Party/FreeRTOS/Source/portable/GCC/ARM_CM4F/portmacro.h" 1
 4187 005e 4FF05003 			mov r3, #80												
 4188 0062 83F31188 		msr basepri, r3											
ARM GAS  /tmp/ccsbjPFO.s 			page 132


 4189 0066 BFF36F8F 		isb														
 4190 006a BFF34F8F 		dsb														
 4191              	
 4192              	@ 0 "" 2
 4193              		.thumb
 4194              		.syntax unified
 4195 006e 7B60     		str	r3, [r7, #4]
 203:Middlewares/Third_Party/FreeRTOS/Source/portable/GCC/ARM_CM4F/portmacro.h **** 
 4196              		.loc 2 203 1
 4197 0070 00BF     		nop
 4198              	.L258:
 4199              	.LBE192:
 4200              	.LBE191:
3041:Middlewares/Third_Party/FreeRTOS/Source/tasks.c **** 		traceTASK_SWITCHED_IN();
 4201              		.loc 1 3041 3
 4202 0072 00BF     		nop
 4203 0074 FDE7     		b	.L258
 4204              	.L257:
3041:Middlewares/Third_Party/FreeRTOS/Source/tasks.c **** 		traceTASK_SWITCHED_IN();
 4205              		.loc 1 3041 3 is_stmt 0 discriminator 3
 4206 0076 FB68     		ldr	r3, [r7, #12]
 4207 0078 013B     		subs	r3, r3, #1
 4208 007a FB60     		str	r3, [r7, #12]
 4209              	.L256:
3041:Middlewares/Third_Party/FreeRTOS/Source/tasks.c **** 		traceTASK_SWITCHED_IN();
 4210              		.loc 1 3041 3 discriminator 5
 4211 007c 1C49     		ldr	r1, .L262+24
 4212 007e FA68     		ldr	r2, [r7, #12]
 4213 0080 1346     		mov	r3, r2
 4214 0082 9B00     		lsls	r3, r3, #2
 4215 0084 1344     		add	r3, r3, r2
 4216 0086 9B00     		lsls	r3, r3, #2
 4217 0088 0B44     		add	r3, r3, r1
 4218 008a 1B68     		ldr	r3, [r3]
 4219 008c 002B     		cmp	r3, #0
 4220 008e E3D0     		beq	.L259
 4221              	.LBB193:
3041:Middlewares/Third_Party/FreeRTOS/Source/tasks.c **** 		traceTASK_SWITCHED_IN();
 4222              		.loc 1 3041 3 discriminator 7
 4223 0090 FA68     		ldr	r2, [r7, #12]
 4224 0092 1346     		mov	r3, r2
 4225 0094 9B00     		lsls	r3, r3, #2
 4226 0096 1344     		add	r3, r3, r2
 4227 0098 9B00     		lsls	r3, r3, #2
 4228 009a 154A     		ldr	r2, .L262+24
 4229 009c 1344     		add	r3, r3, r2
 4230 009e BB60     		str	r3, [r7, #8]
 4231 00a0 BB68     		ldr	r3, [r7, #8]
 4232 00a2 5B68     		ldr	r3, [r3, #4]
 4233 00a4 5A68     		ldr	r2, [r3, #4]
 4234 00a6 BB68     		ldr	r3, [r7, #8]
 4235 00a8 5A60     		str	r2, [r3, #4]
 4236 00aa BB68     		ldr	r3, [r7, #8]
 4237 00ac 5A68     		ldr	r2, [r3, #4]
 4238 00ae BB68     		ldr	r3, [r7, #8]
 4239 00b0 0833     		adds	r3, r3, #8
 4240 00b2 9A42     		cmp	r2, r3
ARM GAS  /tmp/ccsbjPFO.s 			page 133


 4241 00b4 04D1     		bne	.L260
3041:Middlewares/Third_Party/FreeRTOS/Source/tasks.c **** 		traceTASK_SWITCHED_IN();
 4242              		.loc 1 3041 3 discriminator 8
 4243 00b6 BB68     		ldr	r3, [r7, #8]
 4244 00b8 5B68     		ldr	r3, [r3, #4]
 4245 00ba 5A68     		ldr	r2, [r3, #4]
 4246 00bc BB68     		ldr	r3, [r7, #8]
 4247 00be 5A60     		str	r2, [r3, #4]
 4248              	.L260:
3041:Middlewares/Third_Party/FreeRTOS/Source/tasks.c **** 		traceTASK_SWITCHED_IN();
 4249              		.loc 1 3041 3 discriminator 10
 4250 00c0 BB68     		ldr	r3, [r7, #8]
 4251 00c2 5B68     		ldr	r3, [r3, #4]
 4252 00c4 DB68     		ldr	r3, [r3, #12]
 4253 00c6 084A     		ldr	r2, .L262+16
 4254 00c8 1360     		str	r3, [r2]
 4255              	.LBE193:
 4256 00ca 084A     		ldr	r2, .L262+20
 4257 00cc FB68     		ldr	r3, [r7, #12]
 4258 00ce 1360     		str	r3, [r2]
 4259              	.L261:
 4260              	.LBE190:
 4261              		.loc 1 3061 1 is_stmt 1
 4262 00d0 00BF     		nop
 4263 00d2 1037     		adds	r7, r7, #16
 4264              	.LCFI146:
 4265              		.cfi_def_cfa_offset 8
 4266 00d4 BD46     		mov	sp, r7
 4267              	.LCFI147:
 4268              		.cfi_def_cfa_register 13
 4269              		@ sp needed
 4270 00d6 80BD     		pop	{r7, pc}
 4271              	.L263:
 4272              		.align	2
 4273              	.L262:
 4274 00d8 00000000 		.word	uxSchedulerSuspended
 4275 00dc 00000000 		.word	xYieldPending
 4276 00e0 00000000 		.word	ulTotalRunTime
 4277 00e4 00000000 		.word	ulTaskSwitchedInTime
 4278 00e8 00000000 		.word	pxCurrentTCB
 4279 00ec 00000000 		.word	uxTopReadyPriority
 4280 00f0 00000000 		.word	pxReadyTasksLists
 4281              		.cfi_endproc
 4282              	.LFE32:
 4284              		.section	.text.vTaskPlaceOnEventList,"ax",%progbits
 4285              		.align	1
 4286              		.global	vTaskPlaceOnEventList
 4287              		.syntax unified
 4288              		.thumb
 4289              		.thumb_func
 4291              	vTaskPlaceOnEventList:
 4292              	.LFB33:
3062:Middlewares/Third_Party/FreeRTOS/Source/tasks.c **** /*-----------------------------------------------------------*/
3063:Middlewares/Third_Party/FreeRTOS/Source/tasks.c **** 
3064:Middlewares/Third_Party/FreeRTOS/Source/tasks.c **** void vTaskPlaceOnEventList( List_t * const pxEventList, const TickType_t xTicksToWait )
3065:Middlewares/Third_Party/FreeRTOS/Source/tasks.c **** {
 4293              		.loc 1 3065 1
ARM GAS  /tmp/ccsbjPFO.s 			page 134


 4294              		.cfi_startproc
 4295              		@ args = 0, pretend = 0, frame = 16
 4296              		@ frame_needed = 1, uses_anonymous_args = 0
 4297 0000 80B5     		push	{r7, lr}
 4298              	.LCFI148:
 4299              		.cfi_def_cfa_offset 8
 4300              		.cfi_offset 7, -8
 4301              		.cfi_offset 14, -4
 4302 0002 84B0     		sub	sp, sp, #16
 4303              	.LCFI149:
 4304              		.cfi_def_cfa_offset 24
 4305 0004 00AF     		add	r7, sp, #0
 4306              	.LCFI150:
 4307              		.cfi_def_cfa_register 7
 4308 0006 7860     		str	r0, [r7, #4]
 4309 0008 3960     		str	r1, [r7]
3066:Middlewares/Third_Party/FreeRTOS/Source/tasks.c **** 	configASSERT( pxEventList );
 4310              		.loc 1 3066 2
 4311 000a 7B68     		ldr	r3, [r7, #4]
 4312 000c 002B     		cmp	r3, #0
 4313 000e 0BD1     		bne	.L265
 4314              	.LBB194:
 4315              	.LBB195:
 195:Middlewares/Third_Party/FreeRTOS/Source/portable/GCC/ARM_CM4F/portmacro.h **** 	(
 4316              		.loc 2 195 2
 4317              		.syntax unified
 4318              	@ 195 "Middlewares/Third_Party/FreeRTOS/Source/portable/GCC/ARM_CM4F/portmacro.h" 1
 4319 0010 4FF05003 			mov r3, #80												
 4320 0014 83F31188 		msr basepri, r3											
 4321 0018 BFF36F8F 		isb														
 4322 001c BFF34F8F 		dsb														
 4323              	
 4324              	@ 0 "" 2
 4325              		.thumb
 4326              		.syntax unified
 4327 0020 FB60     		str	r3, [r7, #12]
 203:Middlewares/Third_Party/FreeRTOS/Source/portable/GCC/ARM_CM4F/portmacro.h **** 
 4328              		.loc 2 203 1
 4329 0022 00BF     		nop
 4330              	.L266:
 4331              	.LBE195:
 4332              	.LBE194:
 4333              		.loc 1 3066 2
 4334 0024 00BF     		nop
 4335 0026 FDE7     		b	.L266
 4336              	.L265:
3067:Middlewares/Third_Party/FreeRTOS/Source/tasks.c **** 
3068:Middlewares/Third_Party/FreeRTOS/Source/tasks.c **** 	/* THIS FUNCTION MUST BE CALLED WITH EITHER INTERRUPTS DISABLED OR THE
3069:Middlewares/Third_Party/FreeRTOS/Source/tasks.c **** 	SCHEDULER SUSPENDED AND THE QUEUE BEING ACCESSED LOCKED. */
3070:Middlewares/Third_Party/FreeRTOS/Source/tasks.c **** 
3071:Middlewares/Third_Party/FreeRTOS/Source/tasks.c **** 	/* Place the event list item of the TCB in the appropriate event list.
3072:Middlewares/Third_Party/FreeRTOS/Source/tasks.c **** 	This is placed in the list in priority order so the highest priority task
3073:Middlewares/Third_Party/FreeRTOS/Source/tasks.c **** 	is the first to be woken by the event.  The queue that contains the event
3074:Middlewares/Third_Party/FreeRTOS/Source/tasks.c **** 	list is locked, preventing simultaneous access from interrupts. */
3075:Middlewares/Third_Party/FreeRTOS/Source/tasks.c **** 	vListInsert( pxEventList, &( pxCurrentTCB->xEventListItem ) );
 4337              		.loc 1 3075 43
 4338 0028 074B     		ldr	r3, .L267
ARM GAS  /tmp/ccsbjPFO.s 			page 135


 4339 002a 1B68     		ldr	r3, [r3]
 4340              		.loc 1 3075 28
 4341 002c 1833     		adds	r3, r3, #24
 4342              		.loc 1 3075 2
 4343 002e 1946     		mov	r1, r3
 4344 0030 7868     		ldr	r0, [r7, #4]
 4345 0032 FFF7FEFF 		bl	vListInsert
3076:Middlewares/Third_Party/FreeRTOS/Source/tasks.c **** 
3077:Middlewares/Third_Party/FreeRTOS/Source/tasks.c **** 	prvAddCurrentTaskToDelayedList( xTicksToWait, pdTRUE );
 4346              		.loc 1 3077 2
 4347 0036 0121     		movs	r1, #1
 4348 0038 3868     		ldr	r0, [r7]
 4349 003a FFF7FEFF 		bl	prvAddCurrentTaskToDelayedList
3078:Middlewares/Third_Party/FreeRTOS/Source/tasks.c **** }
 4350              		.loc 1 3078 1
 4351 003e 00BF     		nop
 4352 0040 1037     		adds	r7, r7, #16
 4353              	.LCFI151:
 4354              		.cfi_def_cfa_offset 8
 4355 0042 BD46     		mov	sp, r7
 4356              	.LCFI152:
 4357              		.cfi_def_cfa_register 13
 4358              		@ sp needed
 4359 0044 80BD     		pop	{r7, pc}
 4360              	.L268:
 4361 0046 00BF     		.align	2
 4362              	.L267:
 4363 0048 00000000 		.word	pxCurrentTCB
 4364              		.cfi_endproc
 4365              	.LFE33:
 4367              		.section	.text.vTaskPlaceOnUnorderedEventList,"ax",%progbits
 4368              		.align	1
 4369              		.global	vTaskPlaceOnUnorderedEventList
 4370              		.syntax unified
 4371              		.thumb
 4372              		.thumb_func
 4374              	vTaskPlaceOnUnorderedEventList:
 4375              	.LFB34:
3079:Middlewares/Third_Party/FreeRTOS/Source/tasks.c **** /*-----------------------------------------------------------*/
3080:Middlewares/Third_Party/FreeRTOS/Source/tasks.c **** 
3081:Middlewares/Third_Party/FreeRTOS/Source/tasks.c **** void vTaskPlaceOnUnorderedEventList( List_t * pxEventList, const TickType_t xItemValue, const TickT
3082:Middlewares/Third_Party/FreeRTOS/Source/tasks.c **** {
 4376              		.loc 1 3082 1
 4377              		.cfi_startproc
 4378              		@ args = 0, pretend = 0, frame = 24
 4379              		@ frame_needed = 1, uses_anonymous_args = 0
 4380 0000 80B5     		push	{r7, lr}
 4381              	.LCFI153:
 4382              		.cfi_def_cfa_offset 8
 4383              		.cfi_offset 7, -8
 4384              		.cfi_offset 14, -4
 4385 0002 86B0     		sub	sp, sp, #24
 4386              	.LCFI154:
 4387              		.cfi_def_cfa_offset 32
 4388 0004 00AF     		add	r7, sp, #0
 4389              	.LCFI155:
 4390              		.cfi_def_cfa_register 7
ARM GAS  /tmp/ccsbjPFO.s 			page 136


 4391 0006 F860     		str	r0, [r7, #12]
 4392 0008 B960     		str	r1, [r7, #8]
 4393 000a 7A60     		str	r2, [r7, #4]
3083:Middlewares/Third_Party/FreeRTOS/Source/tasks.c **** 	configASSERT( pxEventList );
 4394              		.loc 1 3083 2
 4395 000c FB68     		ldr	r3, [r7, #12]
 4396 000e 002B     		cmp	r3, #0
 4397 0010 0BD1     		bne	.L270
 4398              	.LBB196:
 4399              	.LBB197:
 195:Middlewares/Third_Party/FreeRTOS/Source/portable/GCC/ARM_CM4F/portmacro.h **** 	(
 4400              		.loc 2 195 2
 4401              		.syntax unified
 4402              	@ 195 "Middlewares/Third_Party/FreeRTOS/Source/portable/GCC/ARM_CM4F/portmacro.h" 1
 4403 0012 4FF05003 			mov r3, #80												
 4404 0016 83F31188 		msr basepri, r3											
 4405 001a BFF36F8F 		isb														
 4406 001e BFF34F8F 		dsb														
 4407              	
 4408              	@ 0 "" 2
 4409              		.thumb
 4410              		.syntax unified
 4411 0022 7B61     		str	r3, [r7, #20]
 203:Middlewares/Third_Party/FreeRTOS/Source/portable/GCC/ARM_CM4F/portmacro.h **** 
 4412              		.loc 2 203 1
 4413 0024 00BF     		nop
 4414              	.L271:
 4415              	.LBE197:
 4416              	.LBE196:
 4417              		.loc 1 3083 2
 4418 0026 00BF     		nop
 4419 0028 FDE7     		b	.L271
 4420              	.L270:
3084:Middlewares/Third_Party/FreeRTOS/Source/tasks.c **** 
3085:Middlewares/Third_Party/FreeRTOS/Source/tasks.c **** 	/* THIS FUNCTION MUST BE CALLED WITH THE SCHEDULER SUSPENDED.  It is used by
3086:Middlewares/Third_Party/FreeRTOS/Source/tasks.c **** 	the event groups implementation. */
3087:Middlewares/Third_Party/FreeRTOS/Source/tasks.c **** 	configASSERT( uxSchedulerSuspended != 0 );
 4421              		.loc 1 3087 2
 4422 002a 124B     		ldr	r3, .L274
 4423 002c 1B68     		ldr	r3, [r3]
 4424 002e 002B     		cmp	r3, #0
 4425 0030 0BD1     		bne	.L272
 4426              	.LBB198:
 4427              	.LBB199:
 195:Middlewares/Third_Party/FreeRTOS/Source/portable/GCC/ARM_CM4F/portmacro.h **** 	(
 4428              		.loc 2 195 2
 4429              		.syntax unified
 4430              	@ 195 "Middlewares/Third_Party/FreeRTOS/Source/portable/GCC/ARM_CM4F/portmacro.h" 1
 4431 0032 4FF05003 			mov r3, #80												
 4432 0036 83F31188 		msr basepri, r3											
 4433 003a BFF36F8F 		isb														
 4434 003e BFF34F8F 		dsb														
 4435              	
 4436              	@ 0 "" 2
 4437              		.thumb
 4438              		.syntax unified
 4439 0042 3B61     		str	r3, [r7, #16]
ARM GAS  /tmp/ccsbjPFO.s 			page 137


 203:Middlewares/Third_Party/FreeRTOS/Source/portable/GCC/ARM_CM4F/portmacro.h **** 
 4440              		.loc 2 203 1
 4441 0044 00BF     		nop
 4442              	.L273:
 4443              	.LBE199:
 4444              	.LBE198:
 4445              		.loc 1 3087 2
 4446 0046 00BF     		nop
 4447 0048 FDE7     		b	.L273
 4448              	.L272:
3088:Middlewares/Third_Party/FreeRTOS/Source/tasks.c **** 
3089:Middlewares/Third_Party/FreeRTOS/Source/tasks.c **** 	/* Store the item value in the event list item.  It is safe to access the
3090:Middlewares/Third_Party/FreeRTOS/Source/tasks.c **** 	event list item here as interrupts won't access the event list item of a
3091:Middlewares/Third_Party/FreeRTOS/Source/tasks.c **** 	task that is not in the Blocked state. */
3092:Middlewares/Third_Party/FreeRTOS/Source/tasks.c **** 	listSET_LIST_ITEM_VALUE( &( pxCurrentTCB->xEventListItem ), xItemValue | taskEVENT_LIST_ITEM_VALUE
 4449              		.loc 1 3092 2
 4450 004a 0B4B     		ldr	r3, .L274+4
 4451 004c 1B68     		ldr	r3, [r3]
 4452 004e BA68     		ldr	r2, [r7, #8]
 4453 0050 42F00042 		orr	r2, r2, #-2147483648
 4454 0054 9A61     		str	r2, [r3, #24]
3093:Middlewares/Third_Party/FreeRTOS/Source/tasks.c **** 
3094:Middlewares/Third_Party/FreeRTOS/Source/tasks.c **** 	/* Place the event list item of the TCB at the end of the appropriate event
3095:Middlewares/Third_Party/FreeRTOS/Source/tasks.c **** 	list.  It is safe to access the event list here because it is part of an
3096:Middlewares/Third_Party/FreeRTOS/Source/tasks.c **** 	event group implementation - and interrupts don't access event groups
3097:Middlewares/Third_Party/FreeRTOS/Source/tasks.c **** 	directly (instead they access them indirectly by pending function calls to
3098:Middlewares/Third_Party/FreeRTOS/Source/tasks.c **** 	the task level). */
3099:Middlewares/Third_Party/FreeRTOS/Source/tasks.c **** 	vListInsertEnd( pxEventList, &( pxCurrentTCB->xEventListItem ) );
 4455              		.loc 1 3099 46
 4456 0056 084B     		ldr	r3, .L274+4
 4457 0058 1B68     		ldr	r3, [r3]
 4458              		.loc 1 3099 31
 4459 005a 1833     		adds	r3, r3, #24
 4460              		.loc 1 3099 2
 4461 005c 1946     		mov	r1, r3
 4462 005e F868     		ldr	r0, [r7, #12]
 4463 0060 FFF7FEFF 		bl	vListInsertEnd
3100:Middlewares/Third_Party/FreeRTOS/Source/tasks.c **** 
3101:Middlewares/Third_Party/FreeRTOS/Source/tasks.c **** 	prvAddCurrentTaskToDelayedList( xTicksToWait, pdTRUE );
 4464              		.loc 1 3101 2
 4465 0064 0121     		movs	r1, #1
 4466 0066 7868     		ldr	r0, [r7, #4]
 4467 0068 FFF7FEFF 		bl	prvAddCurrentTaskToDelayedList
3102:Middlewares/Third_Party/FreeRTOS/Source/tasks.c **** }
 4468              		.loc 1 3102 1
 4469 006c 00BF     		nop
 4470 006e 1837     		adds	r7, r7, #24
 4471              	.LCFI156:
 4472              		.cfi_def_cfa_offset 8
 4473 0070 BD46     		mov	sp, r7
 4474              	.LCFI157:
 4475              		.cfi_def_cfa_register 13
 4476              		@ sp needed
 4477 0072 80BD     		pop	{r7, pc}
 4478              	.L275:
 4479              		.align	2
 4480              	.L274:
ARM GAS  /tmp/ccsbjPFO.s 			page 138


 4481 0074 00000000 		.word	uxSchedulerSuspended
 4482 0078 00000000 		.word	pxCurrentTCB
 4483              		.cfi_endproc
 4484              	.LFE34:
 4486              		.section	.text.vTaskPlaceOnEventListRestricted,"ax",%progbits
 4487              		.align	1
 4488              		.global	vTaskPlaceOnEventListRestricted
 4489              		.syntax unified
 4490              		.thumb
 4491              		.thumb_func
 4493              	vTaskPlaceOnEventListRestricted:
 4494              	.LFB35:
3103:Middlewares/Third_Party/FreeRTOS/Source/tasks.c **** /*-----------------------------------------------------------*/
3104:Middlewares/Third_Party/FreeRTOS/Source/tasks.c **** 
3105:Middlewares/Third_Party/FreeRTOS/Source/tasks.c **** #if( configUSE_TIMERS == 1 )
3106:Middlewares/Third_Party/FreeRTOS/Source/tasks.c **** 
3107:Middlewares/Third_Party/FreeRTOS/Source/tasks.c **** 	void vTaskPlaceOnEventListRestricted( List_t * const pxEventList, TickType_t xTicksToWait, const B
3108:Middlewares/Third_Party/FreeRTOS/Source/tasks.c **** 	{
 4495              		.loc 1 3108 2
 4496              		.cfi_startproc
 4497              		@ args = 0, pretend = 0, frame = 24
 4498              		@ frame_needed = 1, uses_anonymous_args = 0
 4499 0000 80B5     		push	{r7, lr}
 4500              	.LCFI158:
 4501              		.cfi_def_cfa_offset 8
 4502              		.cfi_offset 7, -8
 4503              		.cfi_offset 14, -4
 4504 0002 86B0     		sub	sp, sp, #24
 4505              	.LCFI159:
 4506              		.cfi_def_cfa_offset 32
 4507 0004 00AF     		add	r7, sp, #0
 4508              	.LCFI160:
 4509              		.cfi_def_cfa_register 7
 4510 0006 F860     		str	r0, [r7, #12]
 4511 0008 B960     		str	r1, [r7, #8]
 4512 000a 7A60     		str	r2, [r7, #4]
3109:Middlewares/Third_Party/FreeRTOS/Source/tasks.c **** 		configASSERT( pxEventList );
 4513              		.loc 1 3109 3
 4514 000c FB68     		ldr	r3, [r7, #12]
 4515 000e 002B     		cmp	r3, #0
 4516 0010 0BD1     		bne	.L277
 4517              	.LBB200:
 4518              	.LBB201:
 195:Middlewares/Third_Party/FreeRTOS/Source/portable/GCC/ARM_CM4F/portmacro.h **** 	(
 4519              		.loc 2 195 2
 4520              		.syntax unified
 4521              	@ 195 "Middlewares/Third_Party/FreeRTOS/Source/portable/GCC/ARM_CM4F/portmacro.h" 1
 4522 0012 4FF05003 			mov r3, #80												
 4523 0016 83F31188 		msr basepri, r3											
 4524 001a BFF36F8F 		isb														
 4525 001e BFF34F8F 		dsb														
 4526              	
 4527              	@ 0 "" 2
 4528              		.thumb
 4529              		.syntax unified
 4530 0022 7B61     		str	r3, [r7, #20]
 203:Middlewares/Third_Party/FreeRTOS/Source/portable/GCC/ARM_CM4F/portmacro.h **** 
ARM GAS  /tmp/ccsbjPFO.s 			page 139


 4531              		.loc 2 203 1
 4532 0024 00BF     		nop
 4533              	.L278:
 4534              	.LBE201:
 4535              	.LBE200:
 4536              		.loc 1 3109 3
 4537 0026 00BF     		nop
 4538 0028 FDE7     		b	.L278
 4539              	.L277:
3110:Middlewares/Third_Party/FreeRTOS/Source/tasks.c **** 
3111:Middlewares/Third_Party/FreeRTOS/Source/tasks.c **** 		/* This function should not be called by application code hence the
3112:Middlewares/Third_Party/FreeRTOS/Source/tasks.c **** 		'Restricted' in its name.  It is not part of the public API.  It is
3113:Middlewares/Third_Party/FreeRTOS/Source/tasks.c **** 		designed for use by kernel code, and has special calling requirements -
3114:Middlewares/Third_Party/FreeRTOS/Source/tasks.c **** 		it should be called with the scheduler suspended. */
3115:Middlewares/Third_Party/FreeRTOS/Source/tasks.c **** 
3116:Middlewares/Third_Party/FreeRTOS/Source/tasks.c **** 
3117:Middlewares/Third_Party/FreeRTOS/Source/tasks.c **** 		/* Place the event list item of the TCB in the appropriate event list.
3118:Middlewares/Third_Party/FreeRTOS/Source/tasks.c **** 		In this case it is assume that this is the only task that is going to
3119:Middlewares/Third_Party/FreeRTOS/Source/tasks.c **** 		be waiting on this event list, so the faster vListInsertEnd() function
3120:Middlewares/Third_Party/FreeRTOS/Source/tasks.c **** 		can be used in place of vListInsert. */
3121:Middlewares/Third_Party/FreeRTOS/Source/tasks.c **** 		vListInsertEnd( pxEventList, &( pxCurrentTCB->xEventListItem ) );
 4540              		.loc 1 3121 47
 4541 002a 0A4B     		ldr	r3, .L280
 4542 002c 1B68     		ldr	r3, [r3]
 4543              		.loc 1 3121 32
 4544 002e 1833     		adds	r3, r3, #24
 4545              		.loc 1 3121 3
 4546 0030 1946     		mov	r1, r3
 4547 0032 F868     		ldr	r0, [r7, #12]
 4548 0034 FFF7FEFF 		bl	vListInsertEnd
3122:Middlewares/Third_Party/FreeRTOS/Source/tasks.c **** 
3123:Middlewares/Third_Party/FreeRTOS/Source/tasks.c **** 		/* If the task should block indefinitely then set the block time to a
3124:Middlewares/Third_Party/FreeRTOS/Source/tasks.c **** 		value that will be recognised as an indefinite delay inside the
3125:Middlewares/Third_Party/FreeRTOS/Source/tasks.c **** 		prvAddCurrentTaskToDelayedList() function. */
3126:Middlewares/Third_Party/FreeRTOS/Source/tasks.c **** 		if( xWaitIndefinitely != pdFALSE )
 4549              		.loc 1 3126 5
 4550 0038 7B68     		ldr	r3, [r7, #4]
 4551 003a 002B     		cmp	r3, #0
 4552 003c 02D0     		beq	.L279
3127:Middlewares/Third_Party/FreeRTOS/Source/tasks.c **** 		{
3128:Middlewares/Third_Party/FreeRTOS/Source/tasks.c **** 			xTicksToWait = portMAX_DELAY;
 4553              		.loc 1 3128 17
 4554 003e 4FF0FF33 		mov	r3, #-1
 4555 0042 BB60     		str	r3, [r7, #8]
 4556              	.L279:
3129:Middlewares/Third_Party/FreeRTOS/Source/tasks.c **** 		}
3130:Middlewares/Third_Party/FreeRTOS/Source/tasks.c **** 
3131:Middlewares/Third_Party/FreeRTOS/Source/tasks.c **** 		traceTASK_DELAY_UNTIL( ( xTickCount + xTicksToWait ) );
3132:Middlewares/Third_Party/FreeRTOS/Source/tasks.c **** 		prvAddCurrentTaskToDelayedList( xTicksToWait, xWaitIndefinitely );
 4557              		.loc 1 3132 3
 4558 0044 7968     		ldr	r1, [r7, #4]
 4559 0046 B868     		ldr	r0, [r7, #8]
 4560 0048 FFF7FEFF 		bl	prvAddCurrentTaskToDelayedList
3133:Middlewares/Third_Party/FreeRTOS/Source/tasks.c **** 	}
 4561              		.loc 1 3133 2
 4562 004c 00BF     		nop
 4563 004e 1837     		adds	r7, r7, #24
ARM GAS  /tmp/ccsbjPFO.s 			page 140


 4564              	.LCFI161:
 4565              		.cfi_def_cfa_offset 8
 4566 0050 BD46     		mov	sp, r7
 4567              	.LCFI162:
 4568              		.cfi_def_cfa_register 13
 4569              		@ sp needed
 4570 0052 80BD     		pop	{r7, pc}
 4571              	.L281:
 4572              		.align	2
 4573              	.L280:
 4574 0054 00000000 		.word	pxCurrentTCB
 4575              		.cfi_endproc
 4576              	.LFE35:
 4578              		.section	.text.xTaskRemoveFromEventList,"ax",%progbits
 4579              		.align	1
 4580              		.global	xTaskRemoveFromEventList
 4581              		.syntax unified
 4582              		.thumb
 4583              		.thumb_func
 4585              	xTaskRemoveFromEventList:
 4586              	.LFB36:
3134:Middlewares/Third_Party/FreeRTOS/Source/tasks.c **** 
3135:Middlewares/Third_Party/FreeRTOS/Source/tasks.c **** #endif /* configUSE_TIMERS */
3136:Middlewares/Third_Party/FreeRTOS/Source/tasks.c **** /*-----------------------------------------------------------*/
3137:Middlewares/Third_Party/FreeRTOS/Source/tasks.c **** 
3138:Middlewares/Third_Party/FreeRTOS/Source/tasks.c **** BaseType_t xTaskRemoveFromEventList( const List_t * const pxEventList )
3139:Middlewares/Third_Party/FreeRTOS/Source/tasks.c **** {
 4587              		.loc 1 3139 1
 4588              		.cfi_startproc
 4589              		@ args = 0, pretend = 0, frame = 24
 4590              		@ frame_needed = 1, uses_anonymous_args = 0
 4591 0000 80B5     		push	{r7, lr}
 4592              	.LCFI163:
 4593              		.cfi_def_cfa_offset 8
 4594              		.cfi_offset 7, -8
 4595              		.cfi_offset 14, -4
 4596 0002 86B0     		sub	sp, sp, #24
 4597              	.LCFI164:
 4598              		.cfi_def_cfa_offset 32
 4599 0004 00AF     		add	r7, sp, #0
 4600              	.LCFI165:
 4601              		.cfi_def_cfa_register 7
 4602 0006 7860     		str	r0, [r7, #4]
3140:Middlewares/Third_Party/FreeRTOS/Source/tasks.c **** TCB_t *pxUnblockedTCB;
3141:Middlewares/Third_Party/FreeRTOS/Source/tasks.c **** BaseType_t xReturn;
3142:Middlewares/Third_Party/FreeRTOS/Source/tasks.c **** 
3143:Middlewares/Third_Party/FreeRTOS/Source/tasks.c **** 	/* THIS FUNCTION MUST BE CALLED FROM A CRITICAL SECTION.  It can also be
3144:Middlewares/Third_Party/FreeRTOS/Source/tasks.c **** 	called from a critical section within an ISR. */
3145:Middlewares/Third_Party/FreeRTOS/Source/tasks.c **** 
3146:Middlewares/Third_Party/FreeRTOS/Source/tasks.c **** 	/* The event list is sorted in priority order, so the first in the list can
3147:Middlewares/Third_Party/FreeRTOS/Source/tasks.c **** 	be removed as it is known to be the highest priority.  Remove the TCB from
3148:Middlewares/Third_Party/FreeRTOS/Source/tasks.c **** 	the delayed list, and add it to the ready list.
3149:Middlewares/Third_Party/FreeRTOS/Source/tasks.c **** 
3150:Middlewares/Third_Party/FreeRTOS/Source/tasks.c **** 	If an event is for a queue that is locked then this function will never
3151:Middlewares/Third_Party/FreeRTOS/Source/tasks.c **** 	get called - the lock count on the queue will get modified instead.  This
3152:Middlewares/Third_Party/FreeRTOS/Source/tasks.c **** 	means exclusive access to the event list is guaranteed here.
3153:Middlewares/Third_Party/FreeRTOS/Source/tasks.c **** 
ARM GAS  /tmp/ccsbjPFO.s 			page 141


3154:Middlewares/Third_Party/FreeRTOS/Source/tasks.c **** 	This function assumes that a check has already been made to ensure that
3155:Middlewares/Third_Party/FreeRTOS/Source/tasks.c **** 	pxEventList is not empty. */
3156:Middlewares/Third_Party/FreeRTOS/Source/tasks.c **** 	pxUnblockedTCB = listGET_OWNER_OF_HEAD_ENTRY( pxEventList ); /*lint !e9079 void * is used as this 
 4603              		.loc 1 3156 19
 4604 0008 7B68     		ldr	r3, [r7, #4]
 4605 000a DB68     		ldr	r3, [r3, #12]
 4606              		.loc 1 3156 17
 4607 000c DB68     		ldr	r3, [r3, #12]
 4608 000e 3B61     		str	r3, [r7, #16]
3157:Middlewares/Third_Party/FreeRTOS/Source/tasks.c **** 	configASSERT( pxUnblockedTCB );
 4609              		.loc 1 3157 2
 4610 0010 3B69     		ldr	r3, [r7, #16]
 4611 0012 002B     		cmp	r3, #0
 4612 0014 0BD1     		bne	.L283
 4613              	.LBB202:
 4614              	.LBB203:
 195:Middlewares/Third_Party/FreeRTOS/Source/portable/GCC/ARM_CM4F/portmacro.h **** 	(
 4615              		.loc 2 195 2
 4616              		.syntax unified
 4617              	@ 195 "Middlewares/Third_Party/FreeRTOS/Source/portable/GCC/ARM_CM4F/portmacro.h" 1
 4618 0016 4FF05003 			mov r3, #80												
 4619 001a 83F31188 		msr basepri, r3											
 4620 001e BFF36F8F 		isb														
 4621 0022 BFF34F8F 		dsb														
 4622              	
 4623              	@ 0 "" 2
 4624              		.thumb
 4625              		.syntax unified
 4626 0026 FB60     		str	r3, [r7, #12]
 203:Middlewares/Third_Party/FreeRTOS/Source/portable/GCC/ARM_CM4F/portmacro.h **** 
 4627              		.loc 2 203 1
 4628 0028 00BF     		nop
 4629              	.L284:
 4630              	.LBE203:
 4631              	.LBE202:
 4632              		.loc 1 3157 2
 4633 002a 00BF     		nop
 4634 002c FDE7     		b	.L284
 4635              	.L283:
3158:Middlewares/Third_Party/FreeRTOS/Source/tasks.c **** 	( void ) uxListRemove( &( pxUnblockedTCB->xEventListItem ) );
 4636              		.loc 1 3158 25
 4637 002e 3B69     		ldr	r3, [r7, #16]
 4638 0030 1833     		adds	r3, r3, #24
 4639              		.loc 1 3158 11
 4640 0032 1846     		mov	r0, r3
 4641 0034 FFF7FEFF 		bl	uxListRemove
3159:Middlewares/Third_Party/FreeRTOS/Source/tasks.c **** 
3160:Middlewares/Third_Party/FreeRTOS/Source/tasks.c **** 	if( uxSchedulerSuspended == ( UBaseType_t ) pdFALSE )
 4642              		.loc 1 3160 27
 4643 0038 1E4B     		ldr	r3, .L291
 4644 003a 1B68     		ldr	r3, [r3]
 4645              		.loc 1 3160 4
 4646 003c 002B     		cmp	r3, #0
 4647 003e 1FD1     		bne	.L285
3161:Middlewares/Third_Party/FreeRTOS/Source/tasks.c **** 	{
3162:Middlewares/Third_Party/FreeRTOS/Source/tasks.c **** 		( void ) uxListRemove( &( pxUnblockedTCB->xStateListItem ) );
 4648              		.loc 1 3162 26
ARM GAS  /tmp/ccsbjPFO.s 			page 142


 4649 0040 3B69     		ldr	r3, [r7, #16]
 4650 0042 0433     		adds	r3, r3, #4
 4651              		.loc 1 3162 12
 4652 0044 1846     		mov	r0, r3
 4653 0046 FFF7FEFF 		bl	uxListRemove
3163:Middlewares/Third_Party/FreeRTOS/Source/tasks.c **** 		prvAddTaskToReadyList( pxUnblockedTCB );
 4654              		.loc 1 3163 3
 4655 004a 3B69     		ldr	r3, [r7, #16]
 4656 004c DA6A     		ldr	r2, [r3, #44]
 4657 004e 1A4B     		ldr	r3, .L291+4
 4658 0050 1B68     		ldr	r3, [r3]
 4659 0052 9A42     		cmp	r2, r3
 4660 0054 03D9     		bls	.L286
 4661              		.loc 1 3163 3 is_stmt 0 discriminator 1
 4662 0056 3B69     		ldr	r3, [r7, #16]
 4663 0058 DB6A     		ldr	r3, [r3, #44]
 4664 005a 174A     		ldr	r2, .L291+4
 4665 005c 1360     		str	r3, [r2]
 4666              	.L286:
 4667              		.loc 1 3163 3 discriminator 3
 4668 005e 3B69     		ldr	r3, [r7, #16]
 4669 0060 DA6A     		ldr	r2, [r3, #44]
 4670 0062 1346     		mov	r3, r2
 4671 0064 9B00     		lsls	r3, r3, #2
 4672 0066 1344     		add	r3, r3, r2
 4673 0068 9B00     		lsls	r3, r3, #2
 4674 006a 144A     		ldr	r2, .L291+8
 4675 006c 1A44     		add	r2, r2, r3
 4676 006e 3B69     		ldr	r3, [r7, #16]
 4677 0070 0433     		adds	r3, r3, #4
 4678 0072 1946     		mov	r1, r3
 4679 0074 1046     		mov	r0, r2
 4680 0076 FFF7FEFF 		bl	vListInsertEnd
3164:Middlewares/Third_Party/FreeRTOS/Source/tasks.c **** 
3165:Middlewares/Third_Party/FreeRTOS/Source/tasks.c **** 		#if( configUSE_TICKLESS_IDLE != 0 )
3166:Middlewares/Third_Party/FreeRTOS/Source/tasks.c **** 		{
3167:Middlewares/Third_Party/FreeRTOS/Source/tasks.c **** 			/* If a task is blocked on a kernel object then xNextTaskUnblockTime
3168:Middlewares/Third_Party/FreeRTOS/Source/tasks.c **** 			might be set to the blocked task's time out time.  If the task is
3169:Middlewares/Third_Party/FreeRTOS/Source/tasks.c **** 			unblocked for a reason other than a timeout xNextTaskUnblockTime is
3170:Middlewares/Third_Party/FreeRTOS/Source/tasks.c **** 			normally left unchanged, because it is automatically reset to a new
3171:Middlewares/Third_Party/FreeRTOS/Source/tasks.c **** 			value when the tick count equals xNextTaskUnblockTime.  However if
3172:Middlewares/Third_Party/FreeRTOS/Source/tasks.c **** 			tickless idling is used it might be more important to enter sleep mode
3173:Middlewares/Third_Party/FreeRTOS/Source/tasks.c **** 			at the earliest possible time - so reset xNextTaskUnblockTime here to
3174:Middlewares/Third_Party/FreeRTOS/Source/tasks.c **** 			ensure it is updated at the earliest possible time. */
3175:Middlewares/Third_Party/FreeRTOS/Source/tasks.c **** 			prvResetNextTaskUnblockTime();
 4681              		.loc 1 3175 4 is_stmt 1
 4682 007a FFF7FEFF 		bl	prvResetNextTaskUnblockTime
 4683 007e 05E0     		b	.L287
 4684              	.L285:
3176:Middlewares/Third_Party/FreeRTOS/Source/tasks.c **** 		}
3177:Middlewares/Third_Party/FreeRTOS/Source/tasks.c **** 		#endif
3178:Middlewares/Third_Party/FreeRTOS/Source/tasks.c **** 	}
3179:Middlewares/Third_Party/FreeRTOS/Source/tasks.c **** 	else
3180:Middlewares/Third_Party/FreeRTOS/Source/tasks.c **** 	{
3181:Middlewares/Third_Party/FreeRTOS/Source/tasks.c **** 		/* The delayed and ready lists cannot be accessed, so hold this task
3182:Middlewares/Third_Party/FreeRTOS/Source/tasks.c **** 		pending until the scheduler is resumed. */
3183:Middlewares/Third_Party/FreeRTOS/Source/tasks.c **** 		vListInsertEnd( &( xPendingReadyList ), &( pxUnblockedTCB->xEventListItem ) );
ARM GAS  /tmp/ccsbjPFO.s 			page 143


 4685              		.loc 1 3183 43
 4686 0080 3B69     		ldr	r3, [r7, #16]
 4687 0082 1833     		adds	r3, r3, #24
 4688              		.loc 1 3183 3
 4689 0084 1946     		mov	r1, r3
 4690 0086 0E48     		ldr	r0, .L291+12
 4691 0088 FFF7FEFF 		bl	vListInsertEnd
 4692              	.L287:
3184:Middlewares/Third_Party/FreeRTOS/Source/tasks.c **** 	}
3185:Middlewares/Third_Party/FreeRTOS/Source/tasks.c **** 
3186:Middlewares/Third_Party/FreeRTOS/Source/tasks.c **** 	if( pxUnblockedTCB->uxPriority > pxCurrentTCB->uxPriority )
 4693              		.loc 1 3186 20
 4694 008c 3B69     		ldr	r3, [r7, #16]
 4695 008e DA6A     		ldr	r2, [r3, #44]
 4696              		.loc 1 3186 47
 4697 0090 0C4B     		ldr	r3, .L291+16
 4698 0092 1B68     		ldr	r3, [r3]
 4699 0094 DB6A     		ldr	r3, [r3, #44]
 4700              		.loc 1 3186 4
 4701 0096 9A42     		cmp	r2, r3
 4702 0098 05D9     		bls	.L288
3187:Middlewares/Third_Party/FreeRTOS/Source/tasks.c **** 	{
3188:Middlewares/Third_Party/FreeRTOS/Source/tasks.c **** 		/* Return true if the task removed from the event list has a higher
3189:Middlewares/Third_Party/FreeRTOS/Source/tasks.c **** 		priority than the calling task.  This allows the calling task to know if
3190:Middlewares/Third_Party/FreeRTOS/Source/tasks.c **** 		it should force a context switch now. */
3191:Middlewares/Third_Party/FreeRTOS/Source/tasks.c **** 		xReturn = pdTRUE;
 4703              		.loc 1 3191 11
 4704 009a 0123     		movs	r3, #1
 4705 009c 7B61     		str	r3, [r7, #20]
3192:Middlewares/Third_Party/FreeRTOS/Source/tasks.c **** 
3193:Middlewares/Third_Party/FreeRTOS/Source/tasks.c **** 		/* Mark that a yield is pending in case the user is not using the
3194:Middlewares/Third_Party/FreeRTOS/Source/tasks.c **** 		"xHigherPriorityTaskWoken" parameter to an ISR safe FreeRTOS function. */
3195:Middlewares/Third_Party/FreeRTOS/Source/tasks.c **** 		xYieldPending = pdTRUE;
 4706              		.loc 1 3195 17
 4707 009e 0A4B     		ldr	r3, .L291+20
 4708 00a0 0122     		movs	r2, #1
 4709 00a2 1A60     		str	r2, [r3]
 4710 00a4 01E0     		b	.L289
 4711              	.L288:
3196:Middlewares/Third_Party/FreeRTOS/Source/tasks.c **** 	}
3197:Middlewares/Third_Party/FreeRTOS/Source/tasks.c **** 	else
3198:Middlewares/Third_Party/FreeRTOS/Source/tasks.c **** 	{
3199:Middlewares/Third_Party/FreeRTOS/Source/tasks.c **** 		xReturn = pdFALSE;
 4712              		.loc 1 3199 11
 4713 00a6 0023     		movs	r3, #0
 4714 00a8 7B61     		str	r3, [r7, #20]
 4715              	.L289:
3200:Middlewares/Third_Party/FreeRTOS/Source/tasks.c **** 	}
3201:Middlewares/Third_Party/FreeRTOS/Source/tasks.c **** 
3202:Middlewares/Third_Party/FreeRTOS/Source/tasks.c **** 	return xReturn;
 4716              		.loc 1 3202 9
 4717 00aa 7B69     		ldr	r3, [r7, #20]
3203:Middlewares/Third_Party/FreeRTOS/Source/tasks.c **** }
 4718              		.loc 1 3203 1
 4719 00ac 1846     		mov	r0, r3
 4720 00ae 1837     		adds	r7, r7, #24
 4721              	.LCFI166:
ARM GAS  /tmp/ccsbjPFO.s 			page 144


 4722              		.cfi_def_cfa_offset 8
 4723 00b0 BD46     		mov	sp, r7
 4724              	.LCFI167:
 4725              		.cfi_def_cfa_register 13
 4726              		@ sp needed
 4727 00b2 80BD     		pop	{r7, pc}
 4728              	.L292:
 4729              		.align	2
 4730              	.L291:
 4731 00b4 00000000 		.word	uxSchedulerSuspended
 4732 00b8 00000000 		.word	uxTopReadyPriority
 4733 00bc 00000000 		.word	pxReadyTasksLists
 4734 00c0 00000000 		.word	xPendingReadyList
 4735 00c4 00000000 		.word	pxCurrentTCB
 4736 00c8 00000000 		.word	xYieldPending
 4737              		.cfi_endproc
 4738              	.LFE36:
 4740              		.section	.text.vTaskRemoveFromUnorderedEventList,"ax",%progbits
 4741              		.align	1
 4742              		.global	vTaskRemoveFromUnorderedEventList
 4743              		.syntax unified
 4744              		.thumb
 4745              		.thumb_func
 4747              	vTaskRemoveFromUnorderedEventList:
 4748              	.LFB37:
3204:Middlewares/Third_Party/FreeRTOS/Source/tasks.c **** /*-----------------------------------------------------------*/
3205:Middlewares/Third_Party/FreeRTOS/Source/tasks.c **** 
3206:Middlewares/Third_Party/FreeRTOS/Source/tasks.c **** void vTaskRemoveFromUnorderedEventList( ListItem_t * pxEventListItem, const TickType_t xItemValue )
3207:Middlewares/Third_Party/FreeRTOS/Source/tasks.c **** {
 4749              		.loc 1 3207 1
 4750              		.cfi_startproc
 4751              		@ args = 0, pretend = 0, frame = 24
 4752              		@ frame_needed = 1, uses_anonymous_args = 0
 4753 0000 80B5     		push	{r7, lr}
 4754              	.LCFI168:
 4755              		.cfi_def_cfa_offset 8
 4756              		.cfi_offset 7, -8
 4757              		.cfi_offset 14, -4
 4758 0002 86B0     		sub	sp, sp, #24
 4759              	.LCFI169:
 4760              		.cfi_def_cfa_offset 32
 4761 0004 00AF     		add	r7, sp, #0
 4762              	.LCFI170:
 4763              		.cfi_def_cfa_register 7
 4764 0006 7860     		str	r0, [r7, #4]
 4765 0008 3960     		str	r1, [r7]
3208:Middlewares/Third_Party/FreeRTOS/Source/tasks.c **** TCB_t *pxUnblockedTCB;
3209:Middlewares/Third_Party/FreeRTOS/Source/tasks.c **** 
3210:Middlewares/Third_Party/FreeRTOS/Source/tasks.c **** 	/* THIS FUNCTION MUST BE CALLED WITH THE SCHEDULER SUSPENDED.  It is used by
3211:Middlewares/Third_Party/FreeRTOS/Source/tasks.c **** 	the event flags implementation. */
3212:Middlewares/Third_Party/FreeRTOS/Source/tasks.c **** 	configASSERT( uxSchedulerSuspended != pdFALSE );
 4766              		.loc 1 3212 2
 4767 000a 2B4B     		ldr	r3, .L301
 4768 000c 1B68     		ldr	r3, [r3]
 4769 000e 002B     		cmp	r3, #0
 4770 0010 0BD1     		bne	.L294
 4771              	.LBB204:
ARM GAS  /tmp/ccsbjPFO.s 			page 145


 4772              	.LBB205:
 195:Middlewares/Third_Party/FreeRTOS/Source/portable/GCC/ARM_CM4F/portmacro.h **** 	(
 4773              		.loc 2 195 2
 4774              		.syntax unified
 4775              	@ 195 "Middlewares/Third_Party/FreeRTOS/Source/portable/GCC/ARM_CM4F/portmacro.h" 1
 4776 0012 4FF05003 			mov r3, #80												
 4777 0016 83F31188 		msr basepri, r3											
 4778 001a BFF36F8F 		isb														
 4779 001e BFF34F8F 		dsb														
 4780              	
 4781              	@ 0 "" 2
 4782              		.thumb
 4783              		.syntax unified
 4784 0022 3B61     		str	r3, [r7, #16]
 203:Middlewares/Third_Party/FreeRTOS/Source/portable/GCC/ARM_CM4F/portmacro.h **** 
 4785              		.loc 2 203 1
 4786 0024 00BF     		nop
 4787              	.L295:
 4788              	.LBE205:
 4789              	.LBE204:
 4790              		.loc 1 3212 2
 4791 0026 00BF     		nop
 4792 0028 FDE7     		b	.L295
 4793              	.L294:
3213:Middlewares/Third_Party/FreeRTOS/Source/tasks.c **** 
3214:Middlewares/Third_Party/FreeRTOS/Source/tasks.c **** 	/* Store the new item value in the event list. */
3215:Middlewares/Third_Party/FreeRTOS/Source/tasks.c **** 	listSET_LIST_ITEM_VALUE( pxEventListItem, xItemValue | taskEVENT_LIST_ITEM_VALUE_IN_USE );
 4794              		.loc 1 3215 2
 4795 002a 3B68     		ldr	r3, [r7]
 4796 002c 43F00042 		orr	r2, r3, #-2147483648
 4797 0030 7B68     		ldr	r3, [r7, #4]
 4798 0032 1A60     		str	r2, [r3]
3216:Middlewares/Third_Party/FreeRTOS/Source/tasks.c **** 
3217:Middlewares/Third_Party/FreeRTOS/Source/tasks.c **** 	/* Remove the event list form the event flag.  Interrupts do not access
3218:Middlewares/Third_Party/FreeRTOS/Source/tasks.c **** 	event flags. */
3219:Middlewares/Third_Party/FreeRTOS/Source/tasks.c **** 	pxUnblockedTCB = listGET_LIST_ITEM_OWNER( pxEventListItem ); /*lint !e9079 void * is used as this 
 4799              		.loc 1 3219 17
 4800 0034 7B68     		ldr	r3, [r7, #4]
 4801 0036 DB68     		ldr	r3, [r3, #12]
 4802 0038 7B61     		str	r3, [r7, #20]
3220:Middlewares/Third_Party/FreeRTOS/Source/tasks.c **** 	configASSERT( pxUnblockedTCB );
 4803              		.loc 1 3220 2
 4804 003a 7B69     		ldr	r3, [r7, #20]
 4805 003c 002B     		cmp	r3, #0
 4806 003e 0BD1     		bne	.L296
 4807              	.LBB206:
 4808              	.LBB207:
 195:Middlewares/Third_Party/FreeRTOS/Source/portable/GCC/ARM_CM4F/portmacro.h **** 	(
 4809              		.loc 2 195 2
 4810              		.syntax unified
 4811              	@ 195 "Middlewares/Third_Party/FreeRTOS/Source/portable/GCC/ARM_CM4F/portmacro.h" 1
 4812 0040 4FF05003 			mov r3, #80												
 4813 0044 83F31188 		msr basepri, r3											
 4814 0048 BFF36F8F 		isb														
 4815 004c BFF34F8F 		dsb														
 4816              	
 4817              	@ 0 "" 2
ARM GAS  /tmp/ccsbjPFO.s 			page 146


 4818              		.thumb
 4819              		.syntax unified
 4820 0050 FB60     		str	r3, [r7, #12]
 203:Middlewares/Third_Party/FreeRTOS/Source/portable/GCC/ARM_CM4F/portmacro.h **** 
 4821              		.loc 2 203 1
 4822 0052 00BF     		nop
 4823              	.L297:
 4824              	.LBE207:
 4825              	.LBE206:
 4826              		.loc 1 3220 2
 4827 0054 00BF     		nop
 4828 0056 FDE7     		b	.L297
 4829              	.L296:
3221:Middlewares/Third_Party/FreeRTOS/Source/tasks.c **** 	( void ) uxListRemove( pxEventListItem );
 4830              		.loc 1 3221 11
 4831 0058 7868     		ldr	r0, [r7, #4]
 4832 005a FFF7FEFF 		bl	uxListRemove
3222:Middlewares/Third_Party/FreeRTOS/Source/tasks.c **** 
3223:Middlewares/Third_Party/FreeRTOS/Source/tasks.c **** 	#if( configUSE_TICKLESS_IDLE != 0 )
3224:Middlewares/Third_Party/FreeRTOS/Source/tasks.c **** 	{
3225:Middlewares/Third_Party/FreeRTOS/Source/tasks.c **** 		/* If a task is blocked on a kernel object then xNextTaskUnblockTime
3226:Middlewares/Third_Party/FreeRTOS/Source/tasks.c **** 		might be set to the blocked task's time out time.  If the task is
3227:Middlewares/Third_Party/FreeRTOS/Source/tasks.c **** 		unblocked for a reason other than a timeout xNextTaskUnblockTime is
3228:Middlewares/Third_Party/FreeRTOS/Source/tasks.c **** 		normally left unchanged, because it is automatically reset to a new
3229:Middlewares/Third_Party/FreeRTOS/Source/tasks.c **** 		value when the tick count equals xNextTaskUnblockTime.  However if
3230:Middlewares/Third_Party/FreeRTOS/Source/tasks.c **** 		tickless idling is used it might be more important to enter sleep mode
3231:Middlewares/Third_Party/FreeRTOS/Source/tasks.c **** 		at the earliest possible time - so reset xNextTaskUnblockTime here to
3232:Middlewares/Third_Party/FreeRTOS/Source/tasks.c **** 		ensure it is updated at the earliest possible time. */
3233:Middlewares/Third_Party/FreeRTOS/Source/tasks.c **** 		prvResetNextTaskUnblockTime();
 4833              		.loc 1 3233 3
 4834 005e FFF7FEFF 		bl	prvResetNextTaskUnblockTime
3234:Middlewares/Third_Party/FreeRTOS/Source/tasks.c **** 	}
3235:Middlewares/Third_Party/FreeRTOS/Source/tasks.c **** 	#endif
3236:Middlewares/Third_Party/FreeRTOS/Source/tasks.c **** 
3237:Middlewares/Third_Party/FreeRTOS/Source/tasks.c **** 	/* Remove the task from the delayed list and add it to the ready list.  The
3238:Middlewares/Third_Party/FreeRTOS/Source/tasks.c **** 	scheduler is suspended so interrupts will not be accessing the ready
3239:Middlewares/Third_Party/FreeRTOS/Source/tasks.c **** 	lists. */
3240:Middlewares/Third_Party/FreeRTOS/Source/tasks.c **** 	( void ) uxListRemove( &( pxUnblockedTCB->xStateListItem ) );
 4835              		.loc 1 3240 25
 4836 0062 7B69     		ldr	r3, [r7, #20]
 4837 0064 0433     		adds	r3, r3, #4
 4838              		.loc 1 3240 11
 4839 0066 1846     		mov	r0, r3
 4840 0068 FFF7FEFF 		bl	uxListRemove
3241:Middlewares/Third_Party/FreeRTOS/Source/tasks.c **** 	prvAddTaskToReadyList( pxUnblockedTCB );
 4841              		.loc 1 3241 2
 4842 006c 7B69     		ldr	r3, [r7, #20]
 4843 006e DA6A     		ldr	r2, [r3, #44]
 4844 0070 124B     		ldr	r3, .L301+4
 4845 0072 1B68     		ldr	r3, [r3]
 4846 0074 9A42     		cmp	r2, r3
 4847 0076 03D9     		bls	.L298
 4848              		.loc 1 3241 2 is_stmt 0 discriminator 1
 4849 0078 7B69     		ldr	r3, [r7, #20]
 4850 007a DB6A     		ldr	r3, [r3, #44]
 4851 007c 0F4A     		ldr	r2, .L301+4
 4852 007e 1360     		str	r3, [r2]
ARM GAS  /tmp/ccsbjPFO.s 			page 147


 4853              	.L298:
 4854              		.loc 1 3241 2 discriminator 3
 4855 0080 7B69     		ldr	r3, [r7, #20]
 4856 0082 DA6A     		ldr	r2, [r3, #44]
 4857 0084 1346     		mov	r3, r2
 4858 0086 9B00     		lsls	r3, r3, #2
 4859 0088 1344     		add	r3, r3, r2
 4860 008a 9B00     		lsls	r3, r3, #2
 4861 008c 0C4A     		ldr	r2, .L301+8
 4862 008e 1A44     		add	r2, r2, r3
 4863 0090 7B69     		ldr	r3, [r7, #20]
 4864 0092 0433     		adds	r3, r3, #4
 4865 0094 1946     		mov	r1, r3
 4866 0096 1046     		mov	r0, r2
 4867 0098 FFF7FEFF 		bl	vListInsertEnd
3242:Middlewares/Third_Party/FreeRTOS/Source/tasks.c **** 
3243:Middlewares/Third_Party/FreeRTOS/Source/tasks.c **** 	if( pxUnblockedTCB->uxPriority > pxCurrentTCB->uxPriority )
 4868              		.loc 1 3243 20 is_stmt 1
 4869 009c 7B69     		ldr	r3, [r7, #20]
 4870 009e DA6A     		ldr	r2, [r3, #44]
 4871              		.loc 1 3243 47
 4872 00a0 084B     		ldr	r3, .L301+12
 4873 00a2 1B68     		ldr	r3, [r3]
 4874 00a4 DB6A     		ldr	r3, [r3, #44]
 4875              		.loc 1 3243 4
 4876 00a6 9A42     		cmp	r2, r3
 4877 00a8 02D9     		bls	.L300
3244:Middlewares/Third_Party/FreeRTOS/Source/tasks.c **** 	{
3245:Middlewares/Third_Party/FreeRTOS/Source/tasks.c **** 		/* The unblocked task has a priority above that of the calling task, so
3246:Middlewares/Third_Party/FreeRTOS/Source/tasks.c **** 		a context switch is required.  This function is called with the
3247:Middlewares/Third_Party/FreeRTOS/Source/tasks.c **** 		scheduler suspended so xYieldPending is set so the context switch
3248:Middlewares/Third_Party/FreeRTOS/Source/tasks.c **** 		occurs immediately that the scheduler is resumed (unsuspended). */
3249:Middlewares/Third_Party/FreeRTOS/Source/tasks.c **** 		xYieldPending = pdTRUE;
 4878              		.loc 1 3249 17
 4879 00aa 074B     		ldr	r3, .L301+16
 4880 00ac 0122     		movs	r2, #1
 4881 00ae 1A60     		str	r2, [r3]
 4882              	.L300:
3250:Middlewares/Third_Party/FreeRTOS/Source/tasks.c **** 	}
3251:Middlewares/Third_Party/FreeRTOS/Source/tasks.c **** }
 4883              		.loc 1 3251 1
 4884 00b0 00BF     		nop
 4885 00b2 1837     		adds	r7, r7, #24
 4886              	.LCFI171:
 4887              		.cfi_def_cfa_offset 8
 4888 00b4 BD46     		mov	sp, r7
 4889              	.LCFI172:
 4890              		.cfi_def_cfa_register 13
 4891              		@ sp needed
 4892 00b6 80BD     		pop	{r7, pc}
 4893              	.L302:
 4894              		.align	2
 4895              	.L301:
 4896 00b8 00000000 		.word	uxSchedulerSuspended
 4897 00bc 00000000 		.word	uxTopReadyPriority
 4898 00c0 00000000 		.word	pxReadyTasksLists
 4899 00c4 00000000 		.word	pxCurrentTCB
ARM GAS  /tmp/ccsbjPFO.s 			page 148


 4900 00c8 00000000 		.word	xYieldPending
 4901              		.cfi_endproc
 4902              	.LFE37:
 4904              		.section	.text.vTaskSetTimeOutState,"ax",%progbits
 4905              		.align	1
 4906              		.global	vTaskSetTimeOutState
 4907              		.syntax unified
 4908              		.thumb
 4909              		.thumb_func
 4911              	vTaskSetTimeOutState:
 4912              	.LFB38:
3252:Middlewares/Third_Party/FreeRTOS/Source/tasks.c **** /*-----------------------------------------------------------*/
3253:Middlewares/Third_Party/FreeRTOS/Source/tasks.c **** 
3254:Middlewares/Third_Party/FreeRTOS/Source/tasks.c **** void vTaskSetTimeOutState( TimeOut_t * const pxTimeOut )
3255:Middlewares/Third_Party/FreeRTOS/Source/tasks.c **** {
 4913              		.loc 1 3255 1
 4914              		.cfi_startproc
 4915              		@ args = 0, pretend = 0, frame = 16
 4916              		@ frame_needed = 1, uses_anonymous_args = 0
 4917 0000 80B5     		push	{r7, lr}
 4918              	.LCFI173:
 4919              		.cfi_def_cfa_offset 8
 4920              		.cfi_offset 7, -8
 4921              		.cfi_offset 14, -4
 4922 0002 84B0     		sub	sp, sp, #16
 4923              	.LCFI174:
 4924              		.cfi_def_cfa_offset 24
 4925 0004 00AF     		add	r7, sp, #0
 4926              	.LCFI175:
 4927              		.cfi_def_cfa_register 7
 4928 0006 7860     		str	r0, [r7, #4]
3256:Middlewares/Third_Party/FreeRTOS/Source/tasks.c **** 	configASSERT( pxTimeOut );
 4929              		.loc 1 3256 2
 4930 0008 7B68     		ldr	r3, [r7, #4]
 4931 000a 002B     		cmp	r3, #0
 4932 000c 0BD1     		bne	.L304
 4933              	.LBB208:
 4934              	.LBB209:
 195:Middlewares/Third_Party/FreeRTOS/Source/portable/GCC/ARM_CM4F/portmacro.h **** 	(
 4935              		.loc 2 195 2
 4936              		.syntax unified
 4937              	@ 195 "Middlewares/Third_Party/FreeRTOS/Source/portable/GCC/ARM_CM4F/portmacro.h" 1
 4938 000e 4FF05003 			mov r3, #80												
 4939 0012 83F31188 		msr basepri, r3											
 4940 0016 BFF36F8F 		isb														
 4941 001a BFF34F8F 		dsb														
 4942              	
 4943              	@ 0 "" 2
 4944              		.thumb
 4945              		.syntax unified
 4946 001e FB60     		str	r3, [r7, #12]
 203:Middlewares/Third_Party/FreeRTOS/Source/portable/GCC/ARM_CM4F/portmacro.h **** 
 4947              		.loc 2 203 1
 4948 0020 00BF     		nop
 4949              	.L305:
 4950              	.LBE209:
 4951              	.LBE208:
ARM GAS  /tmp/ccsbjPFO.s 			page 149


 4952              		.loc 1 3256 2
 4953 0022 00BF     		nop
 4954 0024 FDE7     		b	.L305
 4955              	.L304:
3257:Middlewares/Third_Party/FreeRTOS/Source/tasks.c **** 	taskENTER_CRITICAL();
 4956              		.loc 1 3257 2
 4957 0026 FFF7FEFF 		bl	vPortEnterCritical
3258:Middlewares/Third_Party/FreeRTOS/Source/tasks.c **** 	{
3259:Middlewares/Third_Party/FreeRTOS/Source/tasks.c **** 		pxTimeOut->xOverflowCount = xNumOfOverflows;
 4958              		.loc 1 3259 29
 4959 002a 074B     		ldr	r3, .L306
 4960 002c 1A68     		ldr	r2, [r3]
 4961 002e 7B68     		ldr	r3, [r7, #4]
 4962 0030 1A60     		str	r2, [r3]
3260:Middlewares/Third_Party/FreeRTOS/Source/tasks.c **** 		pxTimeOut->xTimeOnEntering = xTickCount;
 4963              		.loc 1 3260 30
 4964 0032 064B     		ldr	r3, .L306+4
 4965 0034 1A68     		ldr	r2, [r3]
 4966 0036 7B68     		ldr	r3, [r7, #4]
 4967 0038 5A60     		str	r2, [r3, #4]
3261:Middlewares/Third_Party/FreeRTOS/Source/tasks.c **** 	}
3262:Middlewares/Third_Party/FreeRTOS/Source/tasks.c **** 	taskEXIT_CRITICAL();
 4968              		.loc 1 3262 2
 4969 003a FFF7FEFF 		bl	vPortExitCritical
3263:Middlewares/Third_Party/FreeRTOS/Source/tasks.c **** }
 4970              		.loc 1 3263 1
 4971 003e 00BF     		nop
 4972 0040 1037     		adds	r7, r7, #16
 4973              	.LCFI176:
 4974              		.cfi_def_cfa_offset 8
 4975 0042 BD46     		mov	sp, r7
 4976              	.LCFI177:
 4977              		.cfi_def_cfa_register 13
 4978              		@ sp needed
 4979 0044 80BD     		pop	{r7, pc}
 4980              	.L307:
 4981 0046 00BF     		.align	2
 4982              	.L306:
 4983 0048 00000000 		.word	xNumOfOverflows
 4984 004c 00000000 		.word	xTickCount
 4985              		.cfi_endproc
 4986              	.LFE38:
 4988              		.section	.text.vTaskInternalSetTimeOutState,"ax",%progbits
 4989              		.align	1
 4990              		.global	vTaskInternalSetTimeOutState
 4991              		.syntax unified
 4992              		.thumb
 4993              		.thumb_func
 4995              	vTaskInternalSetTimeOutState:
 4996              	.LFB39:
3264:Middlewares/Third_Party/FreeRTOS/Source/tasks.c **** /*-----------------------------------------------------------*/
3265:Middlewares/Third_Party/FreeRTOS/Source/tasks.c **** 
3266:Middlewares/Third_Party/FreeRTOS/Source/tasks.c **** void vTaskInternalSetTimeOutState( TimeOut_t * const pxTimeOut )
3267:Middlewares/Third_Party/FreeRTOS/Source/tasks.c **** {
 4997              		.loc 1 3267 1
 4998              		.cfi_startproc
 4999              		@ args = 0, pretend = 0, frame = 8
ARM GAS  /tmp/ccsbjPFO.s 			page 150


 5000              		@ frame_needed = 1, uses_anonymous_args = 0
 5001              		@ link register save eliminated.
 5002 0000 80B4     		push	{r7}
 5003              	.LCFI178:
 5004              		.cfi_def_cfa_offset 4
 5005              		.cfi_offset 7, -4
 5006 0002 83B0     		sub	sp, sp, #12
 5007              	.LCFI179:
 5008              		.cfi_def_cfa_offset 16
 5009 0004 00AF     		add	r7, sp, #0
 5010              	.LCFI180:
 5011              		.cfi_def_cfa_register 7
 5012 0006 7860     		str	r0, [r7, #4]
3268:Middlewares/Third_Party/FreeRTOS/Source/tasks.c **** 	/* For internal use only as it does not use a critical section. */
3269:Middlewares/Third_Party/FreeRTOS/Source/tasks.c **** 	pxTimeOut->xOverflowCount = xNumOfOverflows;
 5013              		.loc 1 3269 28
 5014 0008 064B     		ldr	r3, .L309
 5015 000a 1A68     		ldr	r2, [r3]
 5016 000c 7B68     		ldr	r3, [r7, #4]
 5017 000e 1A60     		str	r2, [r3]
3270:Middlewares/Third_Party/FreeRTOS/Source/tasks.c **** 	pxTimeOut->xTimeOnEntering = xTickCount;
 5018              		.loc 1 3270 29
 5019 0010 054B     		ldr	r3, .L309+4
 5020 0012 1A68     		ldr	r2, [r3]
 5021 0014 7B68     		ldr	r3, [r7, #4]
 5022 0016 5A60     		str	r2, [r3, #4]
3271:Middlewares/Third_Party/FreeRTOS/Source/tasks.c **** }
 5023              		.loc 1 3271 1
 5024 0018 00BF     		nop
 5025 001a 0C37     		adds	r7, r7, #12
 5026              	.LCFI181:
 5027              		.cfi_def_cfa_offset 4
 5028 001c BD46     		mov	sp, r7
 5029              	.LCFI182:
 5030              		.cfi_def_cfa_register 13
 5031              		@ sp needed
 5032 001e 80BC     		pop	{r7}
 5033              	.LCFI183:
 5034              		.cfi_restore 7
 5035              		.cfi_def_cfa_offset 0
 5036 0020 7047     		bx	lr
 5037              	.L310:
 5038 0022 00BF     		.align	2
 5039              	.L309:
 5040 0024 00000000 		.word	xNumOfOverflows
 5041 0028 00000000 		.word	xTickCount
 5042              		.cfi_endproc
 5043              	.LFE39:
 5045              		.section	.text.xTaskCheckForTimeOut,"ax",%progbits
 5046              		.align	1
 5047              		.global	xTaskCheckForTimeOut
 5048              		.syntax unified
 5049              		.thumb
 5050              		.thumb_func
 5052              	xTaskCheckForTimeOut:
 5053              	.LFB40:
3272:Middlewares/Third_Party/FreeRTOS/Source/tasks.c **** /*-----------------------------------------------------------*/
ARM GAS  /tmp/ccsbjPFO.s 			page 151


3273:Middlewares/Third_Party/FreeRTOS/Source/tasks.c **** 
3274:Middlewares/Third_Party/FreeRTOS/Source/tasks.c **** BaseType_t xTaskCheckForTimeOut( TimeOut_t * const pxTimeOut, TickType_t * const pxTicksToWait )
3275:Middlewares/Third_Party/FreeRTOS/Source/tasks.c **** {
 5054              		.loc 1 3275 1
 5055              		.cfi_startproc
 5056              		@ args = 0, pretend = 0, frame = 32
 5057              		@ frame_needed = 1, uses_anonymous_args = 0
 5058 0000 80B5     		push	{r7, lr}
 5059              	.LCFI184:
 5060              		.cfi_def_cfa_offset 8
 5061              		.cfi_offset 7, -8
 5062              		.cfi_offset 14, -4
 5063 0002 88B0     		sub	sp, sp, #32
 5064              	.LCFI185:
 5065              		.cfi_def_cfa_offset 40
 5066 0004 00AF     		add	r7, sp, #0
 5067              	.LCFI186:
 5068              		.cfi_def_cfa_register 7
 5069 0006 7860     		str	r0, [r7, #4]
 5070 0008 3960     		str	r1, [r7]
3276:Middlewares/Third_Party/FreeRTOS/Source/tasks.c **** BaseType_t xReturn;
3277:Middlewares/Third_Party/FreeRTOS/Source/tasks.c **** 
3278:Middlewares/Third_Party/FreeRTOS/Source/tasks.c **** 	configASSERT( pxTimeOut );
 5071              		.loc 1 3278 2
 5072 000a 7B68     		ldr	r3, [r7, #4]
 5073 000c 002B     		cmp	r3, #0
 5074 000e 0BD1     		bne	.L312
 5075              	.LBB210:
 5076              	.LBB211:
 195:Middlewares/Third_Party/FreeRTOS/Source/portable/GCC/ARM_CM4F/portmacro.h **** 	(
 5077              		.loc 2 195 2
 5078              		.syntax unified
 5079              	@ 195 "Middlewares/Third_Party/FreeRTOS/Source/portable/GCC/ARM_CM4F/portmacro.h" 1
 5080 0010 4FF05003 			mov r3, #80												
 5081 0014 83F31188 		msr basepri, r3											
 5082 0018 BFF36F8F 		isb														
 5083 001c BFF34F8F 		dsb														
 5084              	
 5085              	@ 0 "" 2
 5086              		.thumb
 5087              		.syntax unified
 5088 0020 3B61     		str	r3, [r7, #16]
 203:Middlewares/Third_Party/FreeRTOS/Source/portable/GCC/ARM_CM4F/portmacro.h **** 
 5089              		.loc 2 203 1
 5090 0022 00BF     		nop
 5091              	.L313:
 5092              	.LBE211:
 5093              	.LBE210:
 5094              		.loc 1 3278 2
 5095 0024 00BF     		nop
 5096 0026 FDE7     		b	.L313
 5097              	.L312:
3279:Middlewares/Third_Party/FreeRTOS/Source/tasks.c **** 	configASSERT( pxTicksToWait );
 5098              		.loc 1 3279 2
 5099 0028 3B68     		ldr	r3, [r7]
 5100 002a 002B     		cmp	r3, #0
 5101 002c 0BD1     		bne	.L314
ARM GAS  /tmp/ccsbjPFO.s 			page 152


 5102              	.LBB212:
 5103              	.LBB213:
 195:Middlewares/Third_Party/FreeRTOS/Source/portable/GCC/ARM_CM4F/portmacro.h **** 	(
 5104              		.loc 2 195 2
 5105              		.syntax unified
 5106              	@ 195 "Middlewares/Third_Party/FreeRTOS/Source/portable/GCC/ARM_CM4F/portmacro.h" 1
 5107 002e 4FF05003 			mov r3, #80												
 5108 0032 83F31188 		msr basepri, r3											
 5109 0036 BFF36F8F 		isb														
 5110 003a BFF34F8F 		dsb														
 5111              	
 5112              	@ 0 "" 2
 5113              		.thumb
 5114              		.syntax unified
 5115 003e FB60     		str	r3, [r7, #12]
 203:Middlewares/Third_Party/FreeRTOS/Source/portable/GCC/ARM_CM4F/portmacro.h **** 
 5116              		.loc 2 203 1
 5117 0040 00BF     		nop
 5118              	.L315:
 5119              	.LBE213:
 5120              	.LBE212:
 5121              		.loc 1 3279 2
 5122 0042 00BF     		nop
 5123 0044 FDE7     		b	.L315
 5124              	.L314:
3280:Middlewares/Third_Party/FreeRTOS/Source/tasks.c **** 
3281:Middlewares/Third_Party/FreeRTOS/Source/tasks.c **** 	taskENTER_CRITICAL();
 5125              		.loc 1 3281 2
 5126 0046 FFF7FEFF 		bl	vPortEnterCritical
 5127              	.LBB214:
3282:Middlewares/Third_Party/FreeRTOS/Source/tasks.c **** 	{
3283:Middlewares/Third_Party/FreeRTOS/Source/tasks.c **** 		/* Minor optimisation.  The tick count cannot change in this block. */
3284:Middlewares/Third_Party/FreeRTOS/Source/tasks.c **** 		const TickType_t xConstTickCount = xTickCount;
 5128              		.loc 1 3284 20
 5129 004a 1D4B     		ldr	r3, .L321
 5130 004c 1B68     		ldr	r3, [r3]
 5131 004e BB61     		str	r3, [r7, #24]
3285:Middlewares/Third_Party/FreeRTOS/Source/tasks.c **** 		const TickType_t xElapsedTime = xConstTickCount - pxTimeOut->xTimeOnEntering;
 5132              		.loc 1 3285 62
 5133 0050 7B68     		ldr	r3, [r7, #4]
 5134 0052 5B68     		ldr	r3, [r3, #4]
 5135              		.loc 1 3285 20
 5136 0054 BA69     		ldr	r2, [r7, #24]
 5137 0056 D31A     		subs	r3, r2, r3
 5138 0058 7B61     		str	r3, [r7, #20]
3286:Middlewares/Third_Party/FreeRTOS/Source/tasks.c **** 
3287:Middlewares/Third_Party/FreeRTOS/Source/tasks.c **** 		#if( INCLUDE_xTaskAbortDelay == 1 )
3288:Middlewares/Third_Party/FreeRTOS/Source/tasks.c **** 			if( pxCurrentTCB->ucDelayAborted != ( uint8_t ) pdFALSE )
3289:Middlewares/Third_Party/FreeRTOS/Source/tasks.c **** 			{
3290:Middlewares/Third_Party/FreeRTOS/Source/tasks.c **** 				/* The delay was aborted, which is not the same as a time out,
3291:Middlewares/Third_Party/FreeRTOS/Source/tasks.c **** 				but has the same result. */
3292:Middlewares/Third_Party/FreeRTOS/Source/tasks.c **** 				pxCurrentTCB->ucDelayAborted = pdFALSE;
3293:Middlewares/Third_Party/FreeRTOS/Source/tasks.c **** 				xReturn = pdTRUE;
3294:Middlewares/Third_Party/FreeRTOS/Source/tasks.c **** 			}
3295:Middlewares/Third_Party/FreeRTOS/Source/tasks.c **** 			else
3296:Middlewares/Third_Party/FreeRTOS/Source/tasks.c **** 		#endif
3297:Middlewares/Third_Party/FreeRTOS/Source/tasks.c **** 
ARM GAS  /tmp/ccsbjPFO.s 			page 153


3298:Middlewares/Third_Party/FreeRTOS/Source/tasks.c **** 		#if ( INCLUDE_vTaskSuspend == 1 )
3299:Middlewares/Third_Party/FreeRTOS/Source/tasks.c **** 			if( *pxTicksToWait == portMAX_DELAY )
 5139              		.loc 1 3299 8
 5140 005a 3B68     		ldr	r3, [r7]
 5141 005c 1B68     		ldr	r3, [r3]
 5142              		.loc 1 3299 6
 5143 005e B3F1FF3F 		cmp	r3, #-1
 5144 0062 02D1     		bne	.L316
3300:Middlewares/Third_Party/FreeRTOS/Source/tasks.c **** 			{
3301:Middlewares/Third_Party/FreeRTOS/Source/tasks.c **** 				/* If INCLUDE_vTaskSuspend is set to 1 and the block time
3302:Middlewares/Third_Party/FreeRTOS/Source/tasks.c **** 				specified is the maximum block time then the task should block
3303:Middlewares/Third_Party/FreeRTOS/Source/tasks.c **** 				indefinitely, and therefore never time out. */
3304:Middlewares/Third_Party/FreeRTOS/Source/tasks.c **** 				xReturn = pdFALSE;
 5145              		.loc 1 3304 13
 5146 0064 0023     		movs	r3, #0
 5147 0066 FB61     		str	r3, [r7, #28]
 5148 0068 23E0     		b	.L317
 5149              	.L316:
3305:Middlewares/Third_Party/FreeRTOS/Source/tasks.c **** 			}
3306:Middlewares/Third_Party/FreeRTOS/Source/tasks.c **** 			else
3307:Middlewares/Third_Party/FreeRTOS/Source/tasks.c **** 		#endif
3308:Middlewares/Third_Party/FreeRTOS/Source/tasks.c **** 
3309:Middlewares/Third_Party/FreeRTOS/Source/tasks.c **** 		if( ( xNumOfOverflows != pxTimeOut->xOverflowCount ) && ( xConstTickCount >= pxTimeOut->xTimeOnEn
 5150              		.loc 1 3309 37
 5151 006a 7B68     		ldr	r3, [r7, #4]
 5152 006c 1A68     		ldr	r2, [r3]
 5153              		.loc 1 3309 25
 5154 006e 154B     		ldr	r3, .L321+4
 5155 0070 1B68     		ldr	r3, [r3]
 5156              		.loc 1 3309 5
 5157 0072 9A42     		cmp	r2, r3
 5158 0074 07D0     		beq	.L318
 5159              		.loc 1 3309 89 discriminator 1
 5160 0076 7B68     		ldr	r3, [r7, #4]
 5161 0078 5B68     		ldr	r3, [r3, #4]
 5162              		.loc 1 3309 56 discriminator 1
 5163 007a BA69     		ldr	r2, [r7, #24]
 5164 007c 9A42     		cmp	r2, r3
 5165 007e 02D3     		bcc	.L318
3310:Middlewares/Third_Party/FreeRTOS/Source/tasks.c **** 		{
3311:Middlewares/Third_Party/FreeRTOS/Source/tasks.c **** 			/* The tick count is greater than the time at which
3312:Middlewares/Third_Party/FreeRTOS/Source/tasks.c **** 			vTaskSetTimeout() was called, but has also overflowed since
3313:Middlewares/Third_Party/FreeRTOS/Source/tasks.c **** 			vTaskSetTimeOut() was called.  It must have wrapped all the way
3314:Middlewares/Third_Party/FreeRTOS/Source/tasks.c **** 			around and gone past again. This passed since vTaskSetTimeout()
3315:Middlewares/Third_Party/FreeRTOS/Source/tasks.c **** 			was called. */
3316:Middlewares/Third_Party/FreeRTOS/Source/tasks.c **** 			xReturn = pdTRUE;
 5166              		.loc 1 3316 12
 5167 0080 0123     		movs	r3, #1
 5168 0082 FB61     		str	r3, [r7, #28]
 5169 0084 15E0     		b	.L317
 5170              	.L318:
3317:Middlewares/Third_Party/FreeRTOS/Source/tasks.c **** 		}
3318:Middlewares/Third_Party/FreeRTOS/Source/tasks.c **** 		else if( xElapsedTime < *pxTicksToWait ) /*lint !e961 Explicit casting is only redundant with som
 5171              		.loc 1 3318 27
 5172 0086 3B68     		ldr	r3, [r7]
 5173 0088 1B68     		ldr	r3, [r3]
 5174              		.loc 1 3318 10
ARM GAS  /tmp/ccsbjPFO.s 			page 154


 5175 008a 7A69     		ldr	r2, [r7, #20]
 5176 008c 9A42     		cmp	r2, r3
 5177 008e 0BD2     		bcs	.L319
3319:Middlewares/Third_Party/FreeRTOS/Source/tasks.c **** 		{
3320:Middlewares/Third_Party/FreeRTOS/Source/tasks.c **** 			/* Not a genuine timeout. Adjust parameters for time remaining. */
3321:Middlewares/Third_Party/FreeRTOS/Source/tasks.c **** 			*pxTicksToWait -= xElapsedTime;
 5178              		.loc 1 3321 4
 5179 0090 3B68     		ldr	r3, [r7]
 5180 0092 1A68     		ldr	r2, [r3]
 5181              		.loc 1 3321 19
 5182 0094 7B69     		ldr	r3, [r7, #20]
 5183 0096 D21A     		subs	r2, r2, r3
 5184 0098 3B68     		ldr	r3, [r7]
 5185 009a 1A60     		str	r2, [r3]
3322:Middlewares/Third_Party/FreeRTOS/Source/tasks.c **** 			vTaskInternalSetTimeOutState( pxTimeOut );
 5186              		.loc 1 3322 4
 5187 009c 7868     		ldr	r0, [r7, #4]
 5188 009e FFF7FEFF 		bl	vTaskInternalSetTimeOutState
3323:Middlewares/Third_Party/FreeRTOS/Source/tasks.c **** 			xReturn = pdFALSE;
 5189              		.loc 1 3323 12
 5190 00a2 0023     		movs	r3, #0
 5191 00a4 FB61     		str	r3, [r7, #28]
 5192 00a6 04E0     		b	.L317
 5193              	.L319:
3324:Middlewares/Third_Party/FreeRTOS/Source/tasks.c **** 		}
3325:Middlewares/Third_Party/FreeRTOS/Source/tasks.c **** 		else
3326:Middlewares/Third_Party/FreeRTOS/Source/tasks.c **** 		{
3327:Middlewares/Third_Party/FreeRTOS/Source/tasks.c **** 			*pxTicksToWait = 0;
 5194              		.loc 1 3327 19
 5195 00a8 3B68     		ldr	r3, [r7]
 5196 00aa 0022     		movs	r2, #0
 5197 00ac 1A60     		str	r2, [r3]
3328:Middlewares/Third_Party/FreeRTOS/Source/tasks.c **** 			xReturn = pdTRUE;
 5198              		.loc 1 3328 12
 5199 00ae 0123     		movs	r3, #1
 5200 00b0 FB61     		str	r3, [r7, #28]
 5201              	.L317:
 5202              	.LBE214:
3329:Middlewares/Third_Party/FreeRTOS/Source/tasks.c **** 		}
3330:Middlewares/Third_Party/FreeRTOS/Source/tasks.c **** 	}
3331:Middlewares/Third_Party/FreeRTOS/Source/tasks.c **** 	taskEXIT_CRITICAL();
 5203              		.loc 1 3331 2
 5204 00b2 FFF7FEFF 		bl	vPortExitCritical
3332:Middlewares/Third_Party/FreeRTOS/Source/tasks.c **** 
3333:Middlewares/Third_Party/FreeRTOS/Source/tasks.c **** 	return xReturn;
 5205              		.loc 1 3333 9
 5206 00b6 FB69     		ldr	r3, [r7, #28]
3334:Middlewares/Third_Party/FreeRTOS/Source/tasks.c **** }
 5207              		.loc 1 3334 1
 5208 00b8 1846     		mov	r0, r3
 5209 00ba 2037     		adds	r7, r7, #32
 5210              	.LCFI187:
 5211              		.cfi_def_cfa_offset 8
 5212 00bc BD46     		mov	sp, r7
 5213              	.LCFI188:
 5214              		.cfi_def_cfa_register 13
 5215              		@ sp needed
ARM GAS  /tmp/ccsbjPFO.s 			page 155


 5216 00be 80BD     		pop	{r7, pc}
 5217              	.L322:
 5218              		.align	2
 5219              	.L321:
 5220 00c0 00000000 		.word	xTickCount
 5221 00c4 00000000 		.word	xNumOfOverflows
 5222              		.cfi_endproc
 5223              	.LFE40:
 5225              		.section	.text.vTaskMissedYield,"ax",%progbits
 5226              		.align	1
 5227              		.global	vTaskMissedYield
 5228              		.syntax unified
 5229              		.thumb
 5230              		.thumb_func
 5232              	vTaskMissedYield:
 5233              	.LFB41:
3335:Middlewares/Third_Party/FreeRTOS/Source/tasks.c **** /*-----------------------------------------------------------*/
3336:Middlewares/Third_Party/FreeRTOS/Source/tasks.c **** 
3337:Middlewares/Third_Party/FreeRTOS/Source/tasks.c **** void vTaskMissedYield( void )
3338:Middlewares/Third_Party/FreeRTOS/Source/tasks.c **** {
 5234              		.loc 1 3338 1
 5235              		.cfi_startproc
 5236              		@ args = 0, pretend = 0, frame = 0
 5237              		@ frame_needed = 1, uses_anonymous_args = 0
 5238              		@ link register save eliminated.
 5239 0000 80B4     		push	{r7}
 5240              	.LCFI189:
 5241              		.cfi_def_cfa_offset 4
 5242              		.cfi_offset 7, -4
 5243 0002 00AF     		add	r7, sp, #0
 5244              	.LCFI190:
 5245              		.cfi_def_cfa_register 7
3339:Middlewares/Third_Party/FreeRTOS/Source/tasks.c **** 	xYieldPending = pdTRUE;
 5246              		.loc 1 3339 16
 5247 0004 034B     		ldr	r3, .L324
 5248 0006 0122     		movs	r2, #1
 5249 0008 1A60     		str	r2, [r3]
3340:Middlewares/Third_Party/FreeRTOS/Source/tasks.c **** }
 5250              		.loc 1 3340 1
 5251 000a 00BF     		nop
 5252 000c BD46     		mov	sp, r7
 5253              	.LCFI191:
 5254              		.cfi_def_cfa_register 13
 5255              		@ sp needed
 5256 000e 80BC     		pop	{r7}
 5257              	.LCFI192:
 5258              		.cfi_restore 7
 5259              		.cfi_def_cfa_offset 0
 5260 0010 7047     		bx	lr
 5261              	.L325:
 5262 0012 00BF     		.align	2
 5263              	.L324:
 5264 0014 00000000 		.word	xYieldPending
 5265              		.cfi_endproc
 5266              	.LFE41:
 5268              		.section	.text.uxTaskGetTaskNumber,"ax",%progbits
 5269              		.align	1
ARM GAS  /tmp/ccsbjPFO.s 			page 156


 5270              		.global	uxTaskGetTaskNumber
 5271              		.syntax unified
 5272              		.thumb
 5273              		.thumb_func
 5275              	uxTaskGetTaskNumber:
 5276              	.LFB42:
3341:Middlewares/Third_Party/FreeRTOS/Source/tasks.c **** /*-----------------------------------------------------------*/
3342:Middlewares/Third_Party/FreeRTOS/Source/tasks.c **** 
3343:Middlewares/Third_Party/FreeRTOS/Source/tasks.c **** #if ( configUSE_TRACE_FACILITY == 1 )
3344:Middlewares/Third_Party/FreeRTOS/Source/tasks.c **** 
3345:Middlewares/Third_Party/FreeRTOS/Source/tasks.c **** 	UBaseType_t uxTaskGetTaskNumber( TaskHandle_t xTask )
3346:Middlewares/Third_Party/FreeRTOS/Source/tasks.c **** 	{
 5277              		.loc 1 3346 2
 5278              		.cfi_startproc
 5279              		@ args = 0, pretend = 0, frame = 16
 5280              		@ frame_needed = 1, uses_anonymous_args = 0
 5281              		@ link register save eliminated.
 5282 0000 80B4     		push	{r7}
 5283              	.LCFI193:
 5284              		.cfi_def_cfa_offset 4
 5285              		.cfi_offset 7, -4
 5286 0002 85B0     		sub	sp, sp, #20
 5287              	.LCFI194:
 5288              		.cfi_def_cfa_offset 24
 5289 0004 00AF     		add	r7, sp, #0
 5290              	.LCFI195:
 5291              		.cfi_def_cfa_register 7
 5292 0006 7860     		str	r0, [r7, #4]
3347:Middlewares/Third_Party/FreeRTOS/Source/tasks.c **** 	UBaseType_t uxReturn;
3348:Middlewares/Third_Party/FreeRTOS/Source/tasks.c **** 	TCB_t const *pxTCB;
3349:Middlewares/Third_Party/FreeRTOS/Source/tasks.c **** 
3350:Middlewares/Third_Party/FreeRTOS/Source/tasks.c **** 		if( xTask != NULL )
 5293              		.loc 1 3350 5
 5294 0008 7B68     		ldr	r3, [r7, #4]
 5295 000a 002B     		cmp	r3, #0
 5296 000c 05D0     		beq	.L327
3351:Middlewares/Third_Party/FreeRTOS/Source/tasks.c **** 		{
3352:Middlewares/Third_Party/FreeRTOS/Source/tasks.c **** 			pxTCB = xTask;
 5297              		.loc 1 3352 10
 5298 000e 7B68     		ldr	r3, [r7, #4]
 5299 0010 BB60     		str	r3, [r7, #8]
3353:Middlewares/Third_Party/FreeRTOS/Source/tasks.c **** 			uxReturn = pxTCB->uxTaskNumber;
 5300              		.loc 1 3353 13
 5301 0012 BB68     		ldr	r3, [r7, #8]
 5302 0014 DB6C     		ldr	r3, [r3, #76]
 5303 0016 FB60     		str	r3, [r7, #12]
 5304 0018 01E0     		b	.L328
 5305              	.L327:
3354:Middlewares/Third_Party/FreeRTOS/Source/tasks.c **** 		}
3355:Middlewares/Third_Party/FreeRTOS/Source/tasks.c **** 		else
3356:Middlewares/Third_Party/FreeRTOS/Source/tasks.c **** 		{
3357:Middlewares/Third_Party/FreeRTOS/Source/tasks.c **** 			uxReturn = 0U;
 5306              		.loc 1 3357 13
 5307 001a 0023     		movs	r3, #0
 5308 001c FB60     		str	r3, [r7, #12]
 5309              	.L328:
3358:Middlewares/Third_Party/FreeRTOS/Source/tasks.c **** 		}
ARM GAS  /tmp/ccsbjPFO.s 			page 157


3359:Middlewares/Third_Party/FreeRTOS/Source/tasks.c **** 
3360:Middlewares/Third_Party/FreeRTOS/Source/tasks.c **** 		return uxReturn;
 5310              		.loc 1 3360 10
 5311 001e FB68     		ldr	r3, [r7, #12]
3361:Middlewares/Third_Party/FreeRTOS/Source/tasks.c **** 	}
 5312              		.loc 1 3361 2
 5313 0020 1846     		mov	r0, r3
 5314 0022 1437     		adds	r7, r7, #20
 5315              	.LCFI196:
 5316              		.cfi_def_cfa_offset 4
 5317 0024 BD46     		mov	sp, r7
 5318              	.LCFI197:
 5319              		.cfi_def_cfa_register 13
 5320              		@ sp needed
 5321 0026 80BC     		pop	{r7}
 5322              	.LCFI198:
 5323              		.cfi_restore 7
 5324              		.cfi_def_cfa_offset 0
 5325 0028 7047     		bx	lr
 5326              		.cfi_endproc
 5327              	.LFE42:
 5329              		.section	.text.vTaskSetTaskNumber,"ax",%progbits
 5330              		.align	1
 5331              		.global	vTaskSetTaskNumber
 5332              		.syntax unified
 5333              		.thumb
 5334              		.thumb_func
 5336              	vTaskSetTaskNumber:
 5337              	.LFB43:
3362:Middlewares/Third_Party/FreeRTOS/Source/tasks.c **** 
3363:Middlewares/Third_Party/FreeRTOS/Source/tasks.c **** #endif /* configUSE_TRACE_FACILITY */
3364:Middlewares/Third_Party/FreeRTOS/Source/tasks.c **** /*-----------------------------------------------------------*/
3365:Middlewares/Third_Party/FreeRTOS/Source/tasks.c **** 
3366:Middlewares/Third_Party/FreeRTOS/Source/tasks.c **** #if ( configUSE_TRACE_FACILITY == 1 )
3367:Middlewares/Third_Party/FreeRTOS/Source/tasks.c **** 
3368:Middlewares/Third_Party/FreeRTOS/Source/tasks.c **** 	void vTaskSetTaskNumber( TaskHandle_t xTask, const UBaseType_t uxHandle )
3369:Middlewares/Third_Party/FreeRTOS/Source/tasks.c **** 	{
 5338              		.loc 1 3369 2
 5339              		.cfi_startproc
 5340              		@ args = 0, pretend = 0, frame = 16
 5341              		@ frame_needed = 1, uses_anonymous_args = 0
 5342              		@ link register save eliminated.
 5343 0000 80B4     		push	{r7}
 5344              	.LCFI199:
 5345              		.cfi_def_cfa_offset 4
 5346              		.cfi_offset 7, -4
 5347 0002 85B0     		sub	sp, sp, #20
 5348              	.LCFI200:
 5349              		.cfi_def_cfa_offset 24
 5350 0004 00AF     		add	r7, sp, #0
 5351              	.LCFI201:
 5352              		.cfi_def_cfa_register 7
 5353 0006 7860     		str	r0, [r7, #4]
 5354 0008 3960     		str	r1, [r7]
3370:Middlewares/Third_Party/FreeRTOS/Source/tasks.c **** 	TCB_t * pxTCB;
3371:Middlewares/Third_Party/FreeRTOS/Source/tasks.c **** 
3372:Middlewares/Third_Party/FreeRTOS/Source/tasks.c **** 		if( xTask != NULL )
ARM GAS  /tmp/ccsbjPFO.s 			page 158


 5355              		.loc 1 3372 5
 5356 000a 7B68     		ldr	r3, [r7, #4]
 5357 000c 002B     		cmp	r3, #0
 5358 000e 04D0     		beq	.L332
3373:Middlewares/Third_Party/FreeRTOS/Source/tasks.c **** 		{
3374:Middlewares/Third_Party/FreeRTOS/Source/tasks.c **** 			pxTCB = xTask;
 5359              		.loc 1 3374 10
 5360 0010 7B68     		ldr	r3, [r7, #4]
 5361 0012 FB60     		str	r3, [r7, #12]
3375:Middlewares/Third_Party/FreeRTOS/Source/tasks.c **** 			pxTCB->uxTaskNumber = uxHandle;
 5362              		.loc 1 3375 24
 5363 0014 FB68     		ldr	r3, [r7, #12]
 5364 0016 3A68     		ldr	r2, [r7]
 5365 0018 DA64     		str	r2, [r3, #76]
 5366              	.L332:
3376:Middlewares/Third_Party/FreeRTOS/Source/tasks.c **** 		}
3377:Middlewares/Third_Party/FreeRTOS/Source/tasks.c **** 	}
 5367              		.loc 1 3377 2
 5368 001a 00BF     		nop
 5369 001c 1437     		adds	r7, r7, #20
 5370              	.LCFI202:
 5371              		.cfi_def_cfa_offset 4
 5372 001e BD46     		mov	sp, r7
 5373              	.LCFI203:
 5374              		.cfi_def_cfa_register 13
 5375              		@ sp needed
 5376 0020 80BC     		pop	{r7}
 5377              	.LCFI204:
 5378              		.cfi_restore 7
 5379              		.cfi_def_cfa_offset 0
 5380 0022 7047     		bx	lr
 5381              		.cfi_endproc
 5382              	.LFE43:
 5384              		.section	.text.prvIdleTask,"ax",%progbits
 5385              		.align	1
 5386              		.syntax unified
 5387              		.thumb
 5388              		.thumb_func
 5390              	prvIdleTask:
 5391              	.LFB44:
3378:Middlewares/Third_Party/FreeRTOS/Source/tasks.c **** 
3379:Middlewares/Third_Party/FreeRTOS/Source/tasks.c **** #endif /* configUSE_TRACE_FACILITY */
3380:Middlewares/Third_Party/FreeRTOS/Source/tasks.c **** 
3381:Middlewares/Third_Party/FreeRTOS/Source/tasks.c **** /*
3382:Middlewares/Third_Party/FreeRTOS/Source/tasks.c ****  * -----------------------------------------------------------
3383:Middlewares/Third_Party/FreeRTOS/Source/tasks.c ****  * The Idle task.
3384:Middlewares/Third_Party/FreeRTOS/Source/tasks.c ****  * ----------------------------------------------------------
3385:Middlewares/Third_Party/FreeRTOS/Source/tasks.c ****  *
3386:Middlewares/Third_Party/FreeRTOS/Source/tasks.c ****  * The portTASK_FUNCTION() macro is used to allow port/compiler specific
3387:Middlewares/Third_Party/FreeRTOS/Source/tasks.c ****  * language extensions.  The equivalent prototype for this function is:
3388:Middlewares/Third_Party/FreeRTOS/Source/tasks.c ****  *
3389:Middlewares/Third_Party/FreeRTOS/Source/tasks.c ****  * void prvIdleTask( void *pvParameters );
3390:Middlewares/Third_Party/FreeRTOS/Source/tasks.c ****  *
3391:Middlewares/Third_Party/FreeRTOS/Source/tasks.c ****  */
3392:Middlewares/Third_Party/FreeRTOS/Source/tasks.c **** static portTASK_FUNCTION( prvIdleTask, pvParameters )
3393:Middlewares/Third_Party/FreeRTOS/Source/tasks.c **** {
 5392              		.loc 1 3393 1
ARM GAS  /tmp/ccsbjPFO.s 			page 159


 5393              		.cfi_startproc
 5394              		@ args = 0, pretend = 0, frame = 16
 5395              		@ frame_needed = 1, uses_anonymous_args = 0
 5396 0000 80B5     		push	{r7, lr}
 5397              	.LCFI205:
 5398              		.cfi_def_cfa_offset 8
 5399              		.cfi_offset 7, -8
 5400              		.cfi_offset 14, -4
 5401 0002 84B0     		sub	sp, sp, #16
 5402              	.LCFI206:
 5403              		.cfi_def_cfa_offset 24
 5404 0004 00AF     		add	r7, sp, #0
 5405              	.LCFI207:
 5406              		.cfi_def_cfa_register 7
 5407 0006 7860     		str	r0, [r7, #4]
 5408              	.L339:
3394:Middlewares/Third_Party/FreeRTOS/Source/tasks.c **** 	/* Stop warnings. */
3395:Middlewares/Third_Party/FreeRTOS/Source/tasks.c **** 	( void ) pvParameters;
3396:Middlewares/Third_Party/FreeRTOS/Source/tasks.c **** 
3397:Middlewares/Third_Party/FreeRTOS/Source/tasks.c **** 	/** THIS IS THE RTOS IDLE TASK - WHICH IS CREATED AUTOMATICALLY WHEN THE
3398:Middlewares/Third_Party/FreeRTOS/Source/tasks.c **** 	SCHEDULER IS STARTED. **/
3399:Middlewares/Third_Party/FreeRTOS/Source/tasks.c **** 
3400:Middlewares/Third_Party/FreeRTOS/Source/tasks.c **** 	/* In case a task that has a secure context deletes itself, in which case
3401:Middlewares/Third_Party/FreeRTOS/Source/tasks.c **** 	the idle task is responsible for deleting the task's secure context, if
3402:Middlewares/Third_Party/FreeRTOS/Source/tasks.c **** 	any. */
3403:Middlewares/Third_Party/FreeRTOS/Source/tasks.c **** 	portALLOCATE_SECURE_CONTEXT( configMINIMAL_SECURE_STACK_SIZE );
3404:Middlewares/Third_Party/FreeRTOS/Source/tasks.c **** 
3405:Middlewares/Third_Party/FreeRTOS/Source/tasks.c **** 	for( ;; )
3406:Middlewares/Third_Party/FreeRTOS/Source/tasks.c **** 	{
3407:Middlewares/Third_Party/FreeRTOS/Source/tasks.c **** 		/* See if any tasks have deleted themselves - if so then the idle task
3408:Middlewares/Third_Party/FreeRTOS/Source/tasks.c **** 		is responsible for freeing the deleted task's TCB and stack. */
3409:Middlewares/Third_Party/FreeRTOS/Source/tasks.c **** 		prvCheckTasksWaitingTermination();
 5409              		.loc 1 3409 3
 5410 0008 FFF7FEFF 		bl	prvCheckTasksWaitingTermination
3410:Middlewares/Third_Party/FreeRTOS/Source/tasks.c **** 
3411:Middlewares/Third_Party/FreeRTOS/Source/tasks.c **** 		#if ( configUSE_PREEMPTION == 0 )
3412:Middlewares/Third_Party/FreeRTOS/Source/tasks.c **** 		{
3413:Middlewares/Third_Party/FreeRTOS/Source/tasks.c **** 			/* If we are not using preemption we keep forcing a task switch to
3414:Middlewares/Third_Party/FreeRTOS/Source/tasks.c **** 			see if any other task has become available.  If we are using
3415:Middlewares/Third_Party/FreeRTOS/Source/tasks.c **** 			preemption we don't need to do this as any task becoming available
3416:Middlewares/Third_Party/FreeRTOS/Source/tasks.c **** 			will automatically get the processor anyway. */
3417:Middlewares/Third_Party/FreeRTOS/Source/tasks.c **** 			taskYIELD();
3418:Middlewares/Third_Party/FreeRTOS/Source/tasks.c **** 		}
3419:Middlewares/Third_Party/FreeRTOS/Source/tasks.c **** 		#endif /* configUSE_PREEMPTION */
3420:Middlewares/Third_Party/FreeRTOS/Source/tasks.c **** 
3421:Middlewares/Third_Party/FreeRTOS/Source/tasks.c **** 		#if ( ( configUSE_PREEMPTION == 1 ) && ( configIDLE_SHOULD_YIELD == 1 ) )
3422:Middlewares/Third_Party/FreeRTOS/Source/tasks.c **** 		{
3423:Middlewares/Third_Party/FreeRTOS/Source/tasks.c **** 			/* When using preemption tasks of equal priority will be
3424:Middlewares/Third_Party/FreeRTOS/Source/tasks.c **** 			timesliced.  If a task that is sharing the idle priority is ready
3425:Middlewares/Third_Party/FreeRTOS/Source/tasks.c **** 			to run then the idle task should yield before the end of the
3426:Middlewares/Third_Party/FreeRTOS/Source/tasks.c **** 			timeslice.
3427:Middlewares/Third_Party/FreeRTOS/Source/tasks.c **** 
3428:Middlewares/Third_Party/FreeRTOS/Source/tasks.c **** 			A critical region is not required here as we are just reading from
3429:Middlewares/Third_Party/FreeRTOS/Source/tasks.c **** 			the list, and an occasional incorrect value will not matter.  If
3430:Middlewares/Third_Party/FreeRTOS/Source/tasks.c **** 			the ready list at the idle priority contains more than one task
3431:Middlewares/Third_Party/FreeRTOS/Source/tasks.c **** 			then a task other than the idle task is ready to execute. */
3432:Middlewares/Third_Party/FreeRTOS/Source/tasks.c **** 			if( listCURRENT_LIST_LENGTH( &( pxReadyTasksLists[ tskIDLE_PRIORITY ] ) ) > ( UBaseType_t ) 1 )
ARM GAS  /tmp/ccsbjPFO.s 			page 160


 5411              		.loc 1 3432 8
 5412 000c 184B     		ldr	r3, .L340
 5413 000e 1B68     		ldr	r3, [r3]
 5414              		.loc 1 3432 6
 5415 0010 012B     		cmp	r3, #1
 5416 0012 07D9     		bls	.L334
3433:Middlewares/Third_Party/FreeRTOS/Source/tasks.c **** 			{
3434:Middlewares/Third_Party/FreeRTOS/Source/tasks.c **** 				taskYIELD();
 5417              		.loc 1 3434 5
 5418 0014 174B     		ldr	r3, .L340+4
 5419 0016 4FF08052 		mov	r2, #268435456
 5420 001a 1A60     		str	r2, [r3]
 5421              		.syntax unified
 5422              	@ 3434 "Middlewares/Third_Party/FreeRTOS/Source/tasks.c" 1
 5423 001c BFF34F8F 		dsb
 5424              	@ 0 "" 2
 5425              	@ 3434 "Middlewares/Third_Party/FreeRTOS/Source/tasks.c" 1
 5426 0020 BFF36F8F 		isb
 5427              	@ 0 "" 2
 5428              		.thumb
 5429              		.syntax unified
 5430              	.L334:
 5431              	.LBB215:
3435:Middlewares/Third_Party/FreeRTOS/Source/tasks.c **** 			}
3436:Middlewares/Third_Party/FreeRTOS/Source/tasks.c **** 			else
3437:Middlewares/Third_Party/FreeRTOS/Source/tasks.c **** 			{
3438:Middlewares/Third_Party/FreeRTOS/Source/tasks.c **** 				mtCOVERAGE_TEST_MARKER();
3439:Middlewares/Third_Party/FreeRTOS/Source/tasks.c **** 			}
3440:Middlewares/Third_Party/FreeRTOS/Source/tasks.c **** 		}
3441:Middlewares/Third_Party/FreeRTOS/Source/tasks.c **** 		#endif /* ( ( configUSE_PREEMPTION == 1 ) && ( configIDLE_SHOULD_YIELD == 1 ) ) */
3442:Middlewares/Third_Party/FreeRTOS/Source/tasks.c **** 
3443:Middlewares/Third_Party/FreeRTOS/Source/tasks.c **** 		#if ( configUSE_IDLE_HOOK == 1 )
3444:Middlewares/Third_Party/FreeRTOS/Source/tasks.c **** 		{
3445:Middlewares/Third_Party/FreeRTOS/Source/tasks.c **** 			extern void vApplicationIdleHook( void );
3446:Middlewares/Third_Party/FreeRTOS/Source/tasks.c **** 
3447:Middlewares/Third_Party/FreeRTOS/Source/tasks.c **** 			/* Call the user defined function from within the idle task.  This
3448:Middlewares/Third_Party/FreeRTOS/Source/tasks.c **** 			allows the application designer to add background functionality
3449:Middlewares/Third_Party/FreeRTOS/Source/tasks.c **** 			without the overhead of a separate task.
3450:Middlewares/Third_Party/FreeRTOS/Source/tasks.c **** 			NOTE: vApplicationIdleHook() MUST NOT, UNDER ANY CIRCUMSTANCES,
3451:Middlewares/Third_Party/FreeRTOS/Source/tasks.c **** 			CALL A FUNCTION THAT MIGHT BLOCK. */
3452:Middlewares/Third_Party/FreeRTOS/Source/tasks.c **** 			vApplicationIdleHook();
3453:Middlewares/Third_Party/FreeRTOS/Source/tasks.c **** 		}
3454:Middlewares/Third_Party/FreeRTOS/Source/tasks.c **** 		#endif /* configUSE_IDLE_HOOK */
3455:Middlewares/Third_Party/FreeRTOS/Source/tasks.c **** 
3456:Middlewares/Third_Party/FreeRTOS/Source/tasks.c **** 		/* This conditional compilation should use inequality to 0, not equality
3457:Middlewares/Third_Party/FreeRTOS/Source/tasks.c **** 		to 1.  This is to ensure portSUPPRESS_TICKS_AND_SLEEP() is called when
3458:Middlewares/Third_Party/FreeRTOS/Source/tasks.c **** 		user defined low power mode	implementations require
3459:Middlewares/Third_Party/FreeRTOS/Source/tasks.c **** 		configUSE_TICKLESS_IDLE to be set to a value other than 1. */
3460:Middlewares/Third_Party/FreeRTOS/Source/tasks.c **** 		#if ( configUSE_TICKLESS_IDLE != 0 )
3461:Middlewares/Third_Party/FreeRTOS/Source/tasks.c **** 		{
3462:Middlewares/Third_Party/FreeRTOS/Source/tasks.c **** 		TickType_t xExpectedIdleTime;
3463:Middlewares/Third_Party/FreeRTOS/Source/tasks.c **** 
3464:Middlewares/Third_Party/FreeRTOS/Source/tasks.c **** 			/* It is not desirable to suspend then resume the scheduler on
3465:Middlewares/Third_Party/FreeRTOS/Source/tasks.c **** 			each iteration of the idle task.  Therefore, a preliminary
3466:Middlewares/Third_Party/FreeRTOS/Source/tasks.c **** 			test of the expected idle time is performed without the
3467:Middlewares/Third_Party/FreeRTOS/Source/tasks.c **** 			scheduler suspended.  The result here is not necessarily
3468:Middlewares/Third_Party/FreeRTOS/Source/tasks.c **** 			valid. */
ARM GAS  /tmp/ccsbjPFO.s 			page 161


3469:Middlewares/Third_Party/FreeRTOS/Source/tasks.c **** 			xExpectedIdleTime = prvGetExpectedIdleTime();
 5432              		.loc 1 3469 24
 5433 0024 FFF7FEFF 		bl	prvGetExpectedIdleTime
 5434 0028 F860     		str	r0, [r7, #12]
3470:Middlewares/Third_Party/FreeRTOS/Source/tasks.c **** 
3471:Middlewares/Third_Party/FreeRTOS/Source/tasks.c **** 			if( xExpectedIdleTime >= configEXPECTED_IDLE_TIME_BEFORE_SLEEP )
 5435              		.loc 1 3471 6
 5436 002a FB68     		ldr	r3, [r7, #12]
 5437 002c 012B     		cmp	r3, #1
 5438 002e EBD9     		bls	.L339
3472:Middlewares/Third_Party/FreeRTOS/Source/tasks.c **** 			{
3473:Middlewares/Third_Party/FreeRTOS/Source/tasks.c **** 				vTaskSuspendAll();
 5439              		.loc 1 3473 5
 5440 0030 FFF7FEFF 		bl	vTaskSuspendAll
3474:Middlewares/Third_Party/FreeRTOS/Source/tasks.c **** 				{
3475:Middlewares/Third_Party/FreeRTOS/Source/tasks.c **** 					/* Now the scheduler is suspended, the expected idle
3476:Middlewares/Third_Party/FreeRTOS/Source/tasks.c **** 					time can be sampled again, and this time its value can
3477:Middlewares/Third_Party/FreeRTOS/Source/tasks.c **** 					be used. */
3478:Middlewares/Third_Party/FreeRTOS/Source/tasks.c **** 					configASSERT( xNextTaskUnblockTime >= xTickCount );
 5441              		.loc 1 3478 6
 5442 0034 104B     		ldr	r3, .L340+8
 5443 0036 1A68     		ldr	r2, [r3]
 5444 0038 104B     		ldr	r3, .L340+12
 5445 003a 1B68     		ldr	r3, [r3]
 5446 003c 9A42     		cmp	r2, r3
 5447 003e 0BD2     		bcs	.L336
 5448              	.LBB216:
 5449              	.LBB217:
 195:Middlewares/Third_Party/FreeRTOS/Source/portable/GCC/ARM_CM4F/portmacro.h **** 	(
 5450              		.loc 2 195 2
 5451              		.syntax unified
 5452              	@ 195 "Middlewares/Third_Party/FreeRTOS/Source/portable/GCC/ARM_CM4F/portmacro.h" 1
 5453 0040 4FF05003 			mov r3, #80												
 5454 0044 83F31188 		msr basepri, r3											
 5455 0048 BFF36F8F 		isb														
 5456 004c BFF34F8F 		dsb														
 5457              	
 5458              	@ 0 "" 2
 5459              		.thumb
 5460              		.syntax unified
 5461 0050 BB60     		str	r3, [r7, #8]
 203:Middlewares/Third_Party/FreeRTOS/Source/portable/GCC/ARM_CM4F/portmacro.h **** 
 5462              		.loc 2 203 1
 5463 0052 00BF     		nop
 5464              	.L337:
 5465              	.LBE217:
 5466              	.LBE216:
 5467              		.loc 1 3478 6
 5468 0054 00BF     		nop
 5469 0056 FDE7     		b	.L337
 5470              	.L336:
3479:Middlewares/Third_Party/FreeRTOS/Source/tasks.c **** 					xExpectedIdleTime = prvGetExpectedIdleTime();
 5471              		.loc 1 3479 26
 5472 0058 FFF7FEFF 		bl	prvGetExpectedIdleTime
 5473 005c F860     		str	r0, [r7, #12]
3480:Middlewares/Third_Party/FreeRTOS/Source/tasks.c **** 
3481:Middlewares/Third_Party/FreeRTOS/Source/tasks.c **** 					/* Define the following macro to set xExpectedIdleTime to 0
ARM GAS  /tmp/ccsbjPFO.s 			page 162


3482:Middlewares/Third_Party/FreeRTOS/Source/tasks.c **** 					if the application does not want
3483:Middlewares/Third_Party/FreeRTOS/Source/tasks.c **** 					portSUPPRESS_TICKS_AND_SLEEP() to be called. */
3484:Middlewares/Third_Party/FreeRTOS/Source/tasks.c **** 					configPRE_SUPPRESS_TICKS_AND_SLEEP_PROCESSING( xExpectedIdleTime );
3485:Middlewares/Third_Party/FreeRTOS/Source/tasks.c **** 
3486:Middlewares/Third_Party/FreeRTOS/Source/tasks.c **** 					if( xExpectedIdleTime >= configEXPECTED_IDLE_TIME_BEFORE_SLEEP )
 5474              		.loc 1 3486 8
 5475 005e FB68     		ldr	r3, [r7, #12]
 5476 0060 012B     		cmp	r3, #1
 5477 0062 02D9     		bls	.L338
3487:Middlewares/Third_Party/FreeRTOS/Source/tasks.c **** 					{
3488:Middlewares/Third_Party/FreeRTOS/Source/tasks.c **** 						traceLOW_POWER_IDLE_BEGIN();
3489:Middlewares/Third_Party/FreeRTOS/Source/tasks.c **** 						portSUPPRESS_TICKS_AND_SLEEP( xExpectedIdleTime );
 5478              		.loc 1 3489 7
 5479 0064 F868     		ldr	r0, [r7, #12]
 5480 0066 FFF7FEFF 		bl	vPortSuppressTicksAndSleep
 5481              	.L338:
3490:Middlewares/Third_Party/FreeRTOS/Source/tasks.c **** 						traceLOW_POWER_IDLE_END();
3491:Middlewares/Third_Party/FreeRTOS/Source/tasks.c **** 					}
3492:Middlewares/Third_Party/FreeRTOS/Source/tasks.c **** 					else
3493:Middlewares/Third_Party/FreeRTOS/Source/tasks.c **** 					{
3494:Middlewares/Third_Party/FreeRTOS/Source/tasks.c **** 						mtCOVERAGE_TEST_MARKER();
3495:Middlewares/Third_Party/FreeRTOS/Source/tasks.c **** 					}
3496:Middlewares/Third_Party/FreeRTOS/Source/tasks.c **** 				}
3497:Middlewares/Third_Party/FreeRTOS/Source/tasks.c **** 				( void ) xTaskResumeAll();
 5482              		.loc 1 3497 14
 5483 006a FFF7FEFF 		bl	xTaskResumeAll
 5484              	.LBE215:
3409:Middlewares/Third_Party/FreeRTOS/Source/tasks.c **** 
 5485              		.loc 1 3409 3
 5486 006e CBE7     		b	.L339
 5487              	.L341:
 5488              		.align	2
 5489              	.L340:
 5490 0070 00000000 		.word	pxReadyTasksLists
 5491 0074 04ED00E0 		.word	-536810236
 5492 0078 00000000 		.word	xNextTaskUnblockTime
 5493 007c 00000000 		.word	xTickCount
 5494              		.cfi_endproc
 5495              	.LFE44:
 5497              		.section	.text.eTaskConfirmSleepModeStatus,"ax",%progbits
 5498              		.align	1
 5499              		.global	eTaskConfirmSleepModeStatus
 5500              		.syntax unified
 5501              		.thumb
 5502              		.thumb_func
 5504              	eTaskConfirmSleepModeStatus:
 5505              	.LFB45:
3498:Middlewares/Third_Party/FreeRTOS/Source/tasks.c **** 			}
3499:Middlewares/Third_Party/FreeRTOS/Source/tasks.c **** 			else
3500:Middlewares/Third_Party/FreeRTOS/Source/tasks.c **** 			{
3501:Middlewares/Third_Party/FreeRTOS/Source/tasks.c **** 				mtCOVERAGE_TEST_MARKER();
3502:Middlewares/Third_Party/FreeRTOS/Source/tasks.c **** 			}
3503:Middlewares/Third_Party/FreeRTOS/Source/tasks.c **** 		}
3504:Middlewares/Third_Party/FreeRTOS/Source/tasks.c **** 		#endif /* configUSE_TICKLESS_IDLE */
3505:Middlewares/Third_Party/FreeRTOS/Source/tasks.c **** 	}
3506:Middlewares/Third_Party/FreeRTOS/Source/tasks.c **** }
3507:Middlewares/Third_Party/FreeRTOS/Source/tasks.c **** /*-----------------------------------------------------------*/
ARM GAS  /tmp/ccsbjPFO.s 			page 163


3508:Middlewares/Third_Party/FreeRTOS/Source/tasks.c **** 
3509:Middlewares/Third_Party/FreeRTOS/Source/tasks.c **** #if( configUSE_TICKLESS_IDLE != 0 )
3510:Middlewares/Third_Party/FreeRTOS/Source/tasks.c **** 
3511:Middlewares/Third_Party/FreeRTOS/Source/tasks.c **** 	eSleepModeStatus eTaskConfirmSleepModeStatus( void )
3512:Middlewares/Third_Party/FreeRTOS/Source/tasks.c **** 	{
 5506              		.loc 1 3512 2
 5507              		.cfi_startproc
 5508              		@ args = 0, pretend = 0, frame = 8
 5509              		@ frame_needed = 1, uses_anonymous_args = 0
 5510              		@ link register save eliminated.
 5511 0000 80B4     		push	{r7}
 5512              	.LCFI208:
 5513              		.cfi_def_cfa_offset 4
 5514              		.cfi_offset 7, -4
 5515 0002 83B0     		sub	sp, sp, #12
 5516              	.LCFI209:
 5517              		.cfi_def_cfa_offset 16
 5518 0004 00AF     		add	r7, sp, #0
 5519              	.LCFI210:
 5520              		.cfi_def_cfa_register 7
3513:Middlewares/Third_Party/FreeRTOS/Source/tasks.c **** 	/* The idle task exists in addition to the application tasks. */
3514:Middlewares/Third_Party/FreeRTOS/Source/tasks.c **** 	const UBaseType_t uxNonApplicationTasks = 1;
 5521              		.loc 1 3514 20
 5522 0006 0123     		movs	r3, #1
 5523 0008 3B60     		str	r3, [r7]
3515:Middlewares/Third_Party/FreeRTOS/Source/tasks.c **** 	eSleepModeStatus eReturn = eStandardSleep;
 5524              		.loc 1 3515 19
 5525 000a 0123     		movs	r3, #1
 5526 000c FB71     		strb	r3, [r7, #7]
3516:Middlewares/Third_Party/FreeRTOS/Source/tasks.c **** 
3517:Middlewares/Third_Party/FreeRTOS/Source/tasks.c **** 		/* This function must be called from a critical section. */
3518:Middlewares/Third_Party/FreeRTOS/Source/tasks.c **** 
3519:Middlewares/Third_Party/FreeRTOS/Source/tasks.c **** 		if( listCURRENT_LIST_LENGTH( &xPendingReadyList ) != 0 )
 5527              		.loc 1 3519 7
 5528 000e 0F4B     		ldr	r3, .L347
 5529 0010 1B68     		ldr	r3, [r3]
 5530              		.loc 1 3519 5
 5531 0012 002B     		cmp	r3, #0
 5532 0014 02D0     		beq	.L343
3520:Middlewares/Third_Party/FreeRTOS/Source/tasks.c **** 		{
3521:Middlewares/Third_Party/FreeRTOS/Source/tasks.c **** 			/* A task was made ready while the scheduler was suspended. */
3522:Middlewares/Third_Party/FreeRTOS/Source/tasks.c **** 			eReturn = eAbortSleep;
 5533              		.loc 1 3522 12
 5534 0016 0023     		movs	r3, #0
 5535 0018 FB71     		strb	r3, [r7, #7]
 5536 001a 10E0     		b	.L344
 5537              	.L343:
3523:Middlewares/Third_Party/FreeRTOS/Source/tasks.c **** 		}
3524:Middlewares/Third_Party/FreeRTOS/Source/tasks.c **** 		else if( xYieldPending != pdFALSE )
 5538              		.loc 1 3524 26
 5539 001c 0C4B     		ldr	r3, .L347+4
 5540 001e 1B68     		ldr	r3, [r3]
 5541              		.loc 1 3524 10
 5542 0020 002B     		cmp	r3, #0
 5543 0022 02D0     		beq	.L345
3525:Middlewares/Third_Party/FreeRTOS/Source/tasks.c **** 		{
3526:Middlewares/Third_Party/FreeRTOS/Source/tasks.c **** 			/* A yield was pended while the scheduler was suspended. */
ARM GAS  /tmp/ccsbjPFO.s 			page 164


3527:Middlewares/Third_Party/FreeRTOS/Source/tasks.c **** 			eReturn = eAbortSleep;
 5544              		.loc 1 3527 12
 5545 0024 0023     		movs	r3, #0
 5546 0026 FB71     		strb	r3, [r7, #7]
 5547 0028 09E0     		b	.L344
 5548              	.L345:
3528:Middlewares/Third_Party/FreeRTOS/Source/tasks.c **** 		}
3529:Middlewares/Third_Party/FreeRTOS/Source/tasks.c **** 		else
3530:Middlewares/Third_Party/FreeRTOS/Source/tasks.c **** 		{
3531:Middlewares/Third_Party/FreeRTOS/Source/tasks.c **** 			/* If all the tasks are in the suspended list (which might mean they
3532:Middlewares/Third_Party/FreeRTOS/Source/tasks.c **** 			have an infinite block time rather than actually being suspended)
3533:Middlewares/Third_Party/FreeRTOS/Source/tasks.c **** 			then it is safe to turn all clocks off and just wait for external
3534:Middlewares/Third_Party/FreeRTOS/Source/tasks.c **** 			interrupts. */
3535:Middlewares/Third_Party/FreeRTOS/Source/tasks.c **** 			if( listCURRENT_LIST_LENGTH( &xSuspendedTaskList ) == ( uxCurrentNumberOfTasks - uxNonApplicatio
 5549              		.loc 1 3535 8
 5550 002a 0A4B     		ldr	r3, .L347+8
 5551 002c 1A68     		ldr	r2, [r3]
 5552              		.loc 1 3535 83
 5553 002e 0A4B     		ldr	r3, .L347+12
 5554 0030 1968     		ldr	r1, [r3]
 5555 0032 3B68     		ldr	r3, [r7]
 5556 0034 CB1A     		subs	r3, r1, r3
 5557              		.loc 1 3535 6
 5558 0036 9A42     		cmp	r2, r3
 5559 0038 01D1     		bne	.L344
3536:Middlewares/Third_Party/FreeRTOS/Source/tasks.c **** 			{
3537:Middlewares/Third_Party/FreeRTOS/Source/tasks.c **** 				eReturn = eNoTasksWaitingTimeout;
 5560              		.loc 1 3537 13
 5561 003a 0223     		movs	r3, #2
 5562 003c FB71     		strb	r3, [r7, #7]
 5563              	.L344:
3538:Middlewares/Third_Party/FreeRTOS/Source/tasks.c **** 			}
3539:Middlewares/Third_Party/FreeRTOS/Source/tasks.c **** 			else
3540:Middlewares/Third_Party/FreeRTOS/Source/tasks.c **** 			{
3541:Middlewares/Third_Party/FreeRTOS/Source/tasks.c **** 				mtCOVERAGE_TEST_MARKER();
3542:Middlewares/Third_Party/FreeRTOS/Source/tasks.c **** 			}
3543:Middlewares/Third_Party/FreeRTOS/Source/tasks.c **** 		}
3544:Middlewares/Third_Party/FreeRTOS/Source/tasks.c **** 
3545:Middlewares/Third_Party/FreeRTOS/Source/tasks.c **** 		return eReturn;
 5564              		.loc 1 3545 10
 5565 003e FB79     		ldrb	r3, [r7, #7]	@ zero_extendqisi2
3546:Middlewares/Third_Party/FreeRTOS/Source/tasks.c **** 	}
 5566              		.loc 1 3546 2
 5567 0040 1846     		mov	r0, r3
 5568 0042 0C37     		adds	r7, r7, #12
 5569              	.LCFI211:
 5570              		.cfi_def_cfa_offset 4
 5571 0044 BD46     		mov	sp, r7
 5572              	.LCFI212:
 5573              		.cfi_def_cfa_register 13
 5574              		@ sp needed
 5575 0046 80BC     		pop	{r7}
 5576              	.LCFI213:
 5577              		.cfi_restore 7
 5578              		.cfi_def_cfa_offset 0
 5579 0048 7047     		bx	lr
 5580              	.L348:
ARM GAS  /tmp/ccsbjPFO.s 			page 165


 5581 004a 00BF     		.align	2
 5582              	.L347:
 5583 004c 00000000 		.word	xPendingReadyList
 5584 0050 00000000 		.word	xYieldPending
 5585 0054 00000000 		.word	xSuspendedTaskList
 5586 0058 00000000 		.word	uxCurrentNumberOfTasks
 5587              		.cfi_endproc
 5588              	.LFE45:
 5590              		.section	.text.prvInitialiseTaskLists,"ax",%progbits
 5591              		.align	1
 5592              		.syntax unified
 5593              		.thumb
 5594              		.thumb_func
 5596              	prvInitialiseTaskLists:
 5597              	.LFB46:
3547:Middlewares/Third_Party/FreeRTOS/Source/tasks.c **** 
3548:Middlewares/Third_Party/FreeRTOS/Source/tasks.c **** #endif /* configUSE_TICKLESS_IDLE */
3549:Middlewares/Third_Party/FreeRTOS/Source/tasks.c **** /*-----------------------------------------------------------*/
3550:Middlewares/Third_Party/FreeRTOS/Source/tasks.c **** 
3551:Middlewares/Third_Party/FreeRTOS/Source/tasks.c **** #if ( configNUM_THREAD_LOCAL_STORAGE_POINTERS != 0 )
3552:Middlewares/Third_Party/FreeRTOS/Source/tasks.c **** 
3553:Middlewares/Third_Party/FreeRTOS/Source/tasks.c **** 	void vTaskSetThreadLocalStoragePointer( TaskHandle_t xTaskToSet, BaseType_t xIndex, void *pvValue 
3554:Middlewares/Third_Party/FreeRTOS/Source/tasks.c **** 	{
3555:Middlewares/Third_Party/FreeRTOS/Source/tasks.c **** 	TCB_t *pxTCB;
3556:Middlewares/Third_Party/FreeRTOS/Source/tasks.c **** 
3557:Middlewares/Third_Party/FreeRTOS/Source/tasks.c **** 		if( xIndex < configNUM_THREAD_LOCAL_STORAGE_POINTERS )
3558:Middlewares/Third_Party/FreeRTOS/Source/tasks.c **** 		{
3559:Middlewares/Third_Party/FreeRTOS/Source/tasks.c **** 			pxTCB = prvGetTCBFromHandle( xTaskToSet );
3560:Middlewares/Third_Party/FreeRTOS/Source/tasks.c **** 			configASSERT( pxTCB != NULL );
3561:Middlewares/Third_Party/FreeRTOS/Source/tasks.c **** 			pxTCB->pvThreadLocalStoragePointers[ xIndex ] = pvValue;
3562:Middlewares/Third_Party/FreeRTOS/Source/tasks.c **** 		}
3563:Middlewares/Third_Party/FreeRTOS/Source/tasks.c **** 	}
3564:Middlewares/Third_Party/FreeRTOS/Source/tasks.c **** 
3565:Middlewares/Third_Party/FreeRTOS/Source/tasks.c **** #endif /* configNUM_THREAD_LOCAL_STORAGE_POINTERS */
3566:Middlewares/Third_Party/FreeRTOS/Source/tasks.c **** /*-----------------------------------------------------------*/
3567:Middlewares/Third_Party/FreeRTOS/Source/tasks.c **** 
3568:Middlewares/Third_Party/FreeRTOS/Source/tasks.c **** #if ( configNUM_THREAD_LOCAL_STORAGE_POINTERS != 0 )
3569:Middlewares/Third_Party/FreeRTOS/Source/tasks.c **** 
3570:Middlewares/Third_Party/FreeRTOS/Source/tasks.c **** 	void *pvTaskGetThreadLocalStoragePointer( TaskHandle_t xTaskToQuery, BaseType_t xIndex )
3571:Middlewares/Third_Party/FreeRTOS/Source/tasks.c **** 	{
3572:Middlewares/Third_Party/FreeRTOS/Source/tasks.c **** 	void *pvReturn = NULL;
3573:Middlewares/Third_Party/FreeRTOS/Source/tasks.c **** 	TCB_t *pxTCB;
3574:Middlewares/Third_Party/FreeRTOS/Source/tasks.c **** 
3575:Middlewares/Third_Party/FreeRTOS/Source/tasks.c **** 		if( xIndex < configNUM_THREAD_LOCAL_STORAGE_POINTERS )
3576:Middlewares/Third_Party/FreeRTOS/Source/tasks.c **** 		{
3577:Middlewares/Third_Party/FreeRTOS/Source/tasks.c **** 			pxTCB = prvGetTCBFromHandle( xTaskToQuery );
3578:Middlewares/Third_Party/FreeRTOS/Source/tasks.c **** 			pvReturn = pxTCB->pvThreadLocalStoragePointers[ xIndex ];
3579:Middlewares/Third_Party/FreeRTOS/Source/tasks.c **** 		}
3580:Middlewares/Third_Party/FreeRTOS/Source/tasks.c **** 		else
3581:Middlewares/Third_Party/FreeRTOS/Source/tasks.c **** 		{
3582:Middlewares/Third_Party/FreeRTOS/Source/tasks.c **** 			pvReturn = NULL;
3583:Middlewares/Third_Party/FreeRTOS/Source/tasks.c **** 		}
3584:Middlewares/Third_Party/FreeRTOS/Source/tasks.c **** 
3585:Middlewares/Third_Party/FreeRTOS/Source/tasks.c **** 		return pvReturn;
3586:Middlewares/Third_Party/FreeRTOS/Source/tasks.c **** 	}
3587:Middlewares/Third_Party/FreeRTOS/Source/tasks.c **** 
3588:Middlewares/Third_Party/FreeRTOS/Source/tasks.c **** #endif /* configNUM_THREAD_LOCAL_STORAGE_POINTERS */
ARM GAS  /tmp/ccsbjPFO.s 			page 166


3589:Middlewares/Third_Party/FreeRTOS/Source/tasks.c **** /*-----------------------------------------------------------*/
3590:Middlewares/Third_Party/FreeRTOS/Source/tasks.c **** 
3591:Middlewares/Third_Party/FreeRTOS/Source/tasks.c **** #if ( portUSING_MPU_WRAPPERS == 1 )
3592:Middlewares/Third_Party/FreeRTOS/Source/tasks.c **** 
3593:Middlewares/Third_Party/FreeRTOS/Source/tasks.c **** 	void vTaskAllocateMPURegions( TaskHandle_t xTaskToModify, const MemoryRegion_t * const xRegions )
3594:Middlewares/Third_Party/FreeRTOS/Source/tasks.c **** 	{
3595:Middlewares/Third_Party/FreeRTOS/Source/tasks.c **** 	TCB_t *pxTCB;
3596:Middlewares/Third_Party/FreeRTOS/Source/tasks.c **** 
3597:Middlewares/Third_Party/FreeRTOS/Source/tasks.c **** 		/* If null is passed in here then we are modifying the MPU settings of
3598:Middlewares/Third_Party/FreeRTOS/Source/tasks.c **** 		the calling task. */
3599:Middlewares/Third_Party/FreeRTOS/Source/tasks.c **** 		pxTCB = prvGetTCBFromHandle( xTaskToModify );
3600:Middlewares/Third_Party/FreeRTOS/Source/tasks.c **** 
3601:Middlewares/Third_Party/FreeRTOS/Source/tasks.c **** 		vPortStoreTaskMPUSettings( &( pxTCB->xMPUSettings ), xRegions, NULL, 0 );
3602:Middlewares/Third_Party/FreeRTOS/Source/tasks.c **** 	}
3603:Middlewares/Third_Party/FreeRTOS/Source/tasks.c **** 
3604:Middlewares/Third_Party/FreeRTOS/Source/tasks.c **** #endif /* portUSING_MPU_WRAPPERS */
3605:Middlewares/Third_Party/FreeRTOS/Source/tasks.c **** /*-----------------------------------------------------------*/
3606:Middlewares/Third_Party/FreeRTOS/Source/tasks.c **** 
3607:Middlewares/Third_Party/FreeRTOS/Source/tasks.c **** static void prvInitialiseTaskLists( void )
3608:Middlewares/Third_Party/FreeRTOS/Source/tasks.c **** {
 5598              		.loc 1 3608 1
 5599              		.cfi_startproc
 5600              		@ args = 0, pretend = 0, frame = 8
 5601              		@ frame_needed = 1, uses_anonymous_args = 0
 5602 0000 80B5     		push	{r7, lr}
 5603              	.LCFI214:
 5604              		.cfi_def_cfa_offset 8
 5605              		.cfi_offset 7, -8
 5606              		.cfi_offset 14, -4
 5607 0002 82B0     		sub	sp, sp, #8
 5608              	.LCFI215:
 5609              		.cfi_def_cfa_offset 16
 5610 0004 00AF     		add	r7, sp, #0
 5611              	.LCFI216:
 5612              		.cfi_def_cfa_register 7
3609:Middlewares/Third_Party/FreeRTOS/Source/tasks.c **** UBaseType_t uxPriority;
3610:Middlewares/Third_Party/FreeRTOS/Source/tasks.c **** 
3611:Middlewares/Third_Party/FreeRTOS/Source/tasks.c **** 	for( uxPriority = ( UBaseType_t ) 0U; uxPriority < ( UBaseType_t ) configMAX_PRIORITIES; uxPriorit
 5613              		.loc 1 3611 18
 5614 0006 0023     		movs	r3, #0
 5615 0008 7B60     		str	r3, [r7, #4]
 5616              		.loc 1 3611 2
 5617 000a 0CE0     		b	.L350
 5618              	.L351:
3612:Middlewares/Third_Party/FreeRTOS/Source/tasks.c **** 	{
3613:Middlewares/Third_Party/FreeRTOS/Source/tasks.c **** 		vListInitialise( &( pxReadyTasksLists[ uxPriority ] ) );
 5619              		.loc 1 3613 20
 5620 000c 7A68     		ldr	r2, [r7, #4]
 5621 000e 1346     		mov	r3, r2
 5622 0010 9B00     		lsls	r3, r3, #2
 5623 0012 1344     		add	r3, r3, r2
 5624 0014 9B00     		lsls	r3, r3, #2
 5625 0016 124A     		ldr	r2, .L352
 5626 0018 1344     		add	r3, r3, r2
 5627              		.loc 1 3613 3
 5628 001a 1846     		mov	r0, r3
 5629 001c FFF7FEFF 		bl	vListInitialise
ARM GAS  /tmp/ccsbjPFO.s 			page 167


3611:Middlewares/Third_Party/FreeRTOS/Source/tasks.c **** 	{
 5630              		.loc 1 3611 101 discriminator 3
 5631 0020 7B68     		ldr	r3, [r7, #4]
 5632 0022 0133     		adds	r3, r3, #1
 5633 0024 7B60     		str	r3, [r7, #4]
 5634              	.L350:
3611:Middlewares/Third_Party/FreeRTOS/Source/tasks.c **** 	{
 5635              		.loc 1 3611 51 discriminator 1
 5636 0026 7B68     		ldr	r3, [r7, #4]
 5637 0028 372B     		cmp	r3, #55
 5638 002a EFD9     		bls	.L351
3614:Middlewares/Third_Party/FreeRTOS/Source/tasks.c **** 	}
3615:Middlewares/Third_Party/FreeRTOS/Source/tasks.c **** 
3616:Middlewares/Third_Party/FreeRTOS/Source/tasks.c **** 	vListInitialise( &xDelayedTaskList1 );
 5639              		.loc 1 3616 2
 5640 002c 0D48     		ldr	r0, .L352+4
 5641 002e FFF7FEFF 		bl	vListInitialise
3617:Middlewares/Third_Party/FreeRTOS/Source/tasks.c **** 	vListInitialise( &xDelayedTaskList2 );
 5642              		.loc 1 3617 2
 5643 0032 0D48     		ldr	r0, .L352+8
 5644 0034 FFF7FEFF 		bl	vListInitialise
3618:Middlewares/Third_Party/FreeRTOS/Source/tasks.c **** 	vListInitialise( &xPendingReadyList );
 5645              		.loc 1 3618 2
 5646 0038 0C48     		ldr	r0, .L352+12
 5647 003a FFF7FEFF 		bl	vListInitialise
3619:Middlewares/Third_Party/FreeRTOS/Source/tasks.c **** 
3620:Middlewares/Third_Party/FreeRTOS/Source/tasks.c **** 	#if ( INCLUDE_vTaskDelete == 1 )
3621:Middlewares/Third_Party/FreeRTOS/Source/tasks.c **** 	{
3622:Middlewares/Third_Party/FreeRTOS/Source/tasks.c **** 		vListInitialise( &xTasksWaitingTermination );
 5648              		.loc 1 3622 3
 5649 003e 0C48     		ldr	r0, .L352+16
 5650 0040 FFF7FEFF 		bl	vListInitialise
3623:Middlewares/Third_Party/FreeRTOS/Source/tasks.c **** 	}
3624:Middlewares/Third_Party/FreeRTOS/Source/tasks.c **** 	#endif /* INCLUDE_vTaskDelete */
3625:Middlewares/Third_Party/FreeRTOS/Source/tasks.c **** 
3626:Middlewares/Third_Party/FreeRTOS/Source/tasks.c **** 	#if ( INCLUDE_vTaskSuspend == 1 )
3627:Middlewares/Third_Party/FreeRTOS/Source/tasks.c **** 	{
3628:Middlewares/Third_Party/FreeRTOS/Source/tasks.c **** 		vListInitialise( &xSuspendedTaskList );
 5651              		.loc 1 3628 3
 5652 0044 0B48     		ldr	r0, .L352+20
 5653 0046 FFF7FEFF 		bl	vListInitialise
3629:Middlewares/Third_Party/FreeRTOS/Source/tasks.c **** 	}
3630:Middlewares/Third_Party/FreeRTOS/Source/tasks.c **** 	#endif /* INCLUDE_vTaskSuspend */
3631:Middlewares/Third_Party/FreeRTOS/Source/tasks.c **** 
3632:Middlewares/Third_Party/FreeRTOS/Source/tasks.c **** 	/* Start with pxDelayedTaskList using list1 and the pxOverflowDelayedTaskList
3633:Middlewares/Third_Party/FreeRTOS/Source/tasks.c **** 	using list2. */
3634:Middlewares/Third_Party/FreeRTOS/Source/tasks.c **** 	pxDelayedTaskList = &xDelayedTaskList1;
 5654              		.loc 1 3634 20
 5655 004a 0B4B     		ldr	r3, .L352+24
 5656 004c 054A     		ldr	r2, .L352+4
 5657 004e 1A60     		str	r2, [r3]
3635:Middlewares/Third_Party/FreeRTOS/Source/tasks.c **** 	pxOverflowDelayedTaskList = &xDelayedTaskList2;
 5658              		.loc 1 3635 28
 5659 0050 0A4B     		ldr	r3, .L352+28
 5660 0052 054A     		ldr	r2, .L352+8
 5661 0054 1A60     		str	r2, [r3]
3636:Middlewares/Third_Party/FreeRTOS/Source/tasks.c **** }
ARM GAS  /tmp/ccsbjPFO.s 			page 168


 5662              		.loc 1 3636 1
 5663 0056 00BF     		nop
 5664 0058 0837     		adds	r7, r7, #8
 5665              	.LCFI217:
 5666              		.cfi_def_cfa_offset 8
 5667 005a BD46     		mov	sp, r7
 5668              	.LCFI218:
 5669              		.cfi_def_cfa_register 13
 5670              		@ sp needed
 5671 005c 80BD     		pop	{r7, pc}
 5672              	.L353:
 5673 005e 00BF     		.align	2
 5674              	.L352:
 5675 0060 00000000 		.word	pxReadyTasksLists
 5676 0064 00000000 		.word	xDelayedTaskList1
 5677 0068 00000000 		.word	xDelayedTaskList2
 5678 006c 00000000 		.word	xPendingReadyList
 5679 0070 00000000 		.word	xTasksWaitingTermination
 5680 0074 00000000 		.word	xSuspendedTaskList
 5681 0078 00000000 		.word	pxDelayedTaskList
 5682 007c 00000000 		.word	pxOverflowDelayedTaskList
 5683              		.cfi_endproc
 5684              	.LFE46:
 5686              		.section	.text.prvCheckTasksWaitingTermination,"ax",%progbits
 5687              		.align	1
 5688              		.syntax unified
 5689              		.thumb
 5690              		.thumb_func
 5692              	prvCheckTasksWaitingTermination:
 5693              	.LFB47:
3637:Middlewares/Third_Party/FreeRTOS/Source/tasks.c **** /*-----------------------------------------------------------*/
3638:Middlewares/Third_Party/FreeRTOS/Source/tasks.c **** 
3639:Middlewares/Third_Party/FreeRTOS/Source/tasks.c **** static void prvCheckTasksWaitingTermination( void )
3640:Middlewares/Third_Party/FreeRTOS/Source/tasks.c **** {
 5694              		.loc 1 3640 1
 5695              		.cfi_startproc
 5696              		@ args = 0, pretend = 0, frame = 8
 5697              		@ frame_needed = 1, uses_anonymous_args = 0
 5698 0000 80B5     		push	{r7, lr}
 5699              	.LCFI219:
 5700              		.cfi_def_cfa_offset 8
 5701              		.cfi_offset 7, -8
 5702              		.cfi_offset 14, -4
 5703 0002 82B0     		sub	sp, sp, #8
 5704              	.LCFI220:
 5705              		.cfi_def_cfa_offset 16
 5706 0004 00AF     		add	r7, sp, #0
 5707              	.LCFI221:
 5708              		.cfi_def_cfa_register 7
 5709              	.LBB218:
3641:Middlewares/Third_Party/FreeRTOS/Source/tasks.c **** 
3642:Middlewares/Third_Party/FreeRTOS/Source/tasks.c **** 	/** THIS FUNCTION IS CALLED FROM THE RTOS IDLE TASK **/
3643:Middlewares/Third_Party/FreeRTOS/Source/tasks.c **** 
3644:Middlewares/Third_Party/FreeRTOS/Source/tasks.c **** 	#if ( INCLUDE_vTaskDelete == 1 )
3645:Middlewares/Third_Party/FreeRTOS/Source/tasks.c **** 	{
3646:Middlewares/Third_Party/FreeRTOS/Source/tasks.c **** 		TCB_t *pxTCB;
3647:Middlewares/Third_Party/FreeRTOS/Source/tasks.c **** 
ARM GAS  /tmp/ccsbjPFO.s 			page 169


3648:Middlewares/Third_Party/FreeRTOS/Source/tasks.c **** 		/* uxDeletedTasksWaitingCleanUp is used to prevent taskENTER_CRITICAL()
3649:Middlewares/Third_Party/FreeRTOS/Source/tasks.c **** 		being called too often in the idle task. */
3650:Middlewares/Third_Party/FreeRTOS/Source/tasks.c **** 		while( uxDeletedTasksWaitingCleanUp > ( UBaseType_t ) 0U )
 5710              		.loc 1 3650 8
 5711 0006 19E0     		b	.L355
 5712              	.L356:
3651:Middlewares/Third_Party/FreeRTOS/Source/tasks.c **** 		{
3652:Middlewares/Third_Party/FreeRTOS/Source/tasks.c **** 			taskENTER_CRITICAL();
 5713              		.loc 1 3652 4
 5714 0008 FFF7FEFF 		bl	vPortEnterCritical
3653:Middlewares/Third_Party/FreeRTOS/Source/tasks.c **** 			{
3654:Middlewares/Third_Party/FreeRTOS/Source/tasks.c **** 				pxTCB = listGET_OWNER_OF_HEAD_ENTRY( ( &xTasksWaitingTermination ) ); /*lint !e9079 void * is u
 5715              		.loc 1 3654 13
 5716 000c 104B     		ldr	r3, .L357
 5717 000e DB68     		ldr	r3, [r3, #12]
 5718              		.loc 1 3654 11
 5719 0010 DB68     		ldr	r3, [r3, #12]
 5720 0012 7B60     		str	r3, [r7, #4]
3655:Middlewares/Third_Party/FreeRTOS/Source/tasks.c **** 				( void ) uxListRemove( &( pxTCB->xStateListItem ) );
 5721              		.loc 1 3655 28
 5722 0014 7B68     		ldr	r3, [r7, #4]
 5723 0016 0433     		adds	r3, r3, #4
 5724              		.loc 1 3655 14
 5725 0018 1846     		mov	r0, r3
 5726 001a FFF7FEFF 		bl	uxListRemove
3656:Middlewares/Third_Party/FreeRTOS/Source/tasks.c **** 				--uxCurrentNumberOfTasks;
 5727              		.loc 1 3656 5
 5728 001e 0D4B     		ldr	r3, .L357+4
 5729 0020 1B68     		ldr	r3, [r3]
 5730 0022 013B     		subs	r3, r3, #1
 5731 0024 0B4A     		ldr	r2, .L357+4
 5732 0026 1360     		str	r3, [r2]
3657:Middlewares/Third_Party/FreeRTOS/Source/tasks.c **** 				--uxDeletedTasksWaitingCleanUp;
 5733              		.loc 1 3657 5
 5734 0028 0B4B     		ldr	r3, .L357+8
 5735 002a 1B68     		ldr	r3, [r3]
 5736 002c 013B     		subs	r3, r3, #1
 5737 002e 0A4A     		ldr	r2, .L357+8
 5738 0030 1360     		str	r3, [r2]
3658:Middlewares/Third_Party/FreeRTOS/Source/tasks.c **** 			}
3659:Middlewares/Third_Party/FreeRTOS/Source/tasks.c **** 			taskEXIT_CRITICAL();
 5739              		.loc 1 3659 4
 5740 0032 FFF7FEFF 		bl	vPortExitCritical
3660:Middlewares/Third_Party/FreeRTOS/Source/tasks.c **** 
3661:Middlewares/Third_Party/FreeRTOS/Source/tasks.c **** 			prvDeleteTCB( pxTCB );
 5741              		.loc 1 3661 4
 5742 0036 7868     		ldr	r0, [r7, #4]
 5743 0038 FFF7FEFF 		bl	prvDeleteTCB
 5744              	.L355:
3650:Middlewares/Third_Party/FreeRTOS/Source/tasks.c **** 		{
 5745              		.loc 1 3650 39
 5746 003c 064B     		ldr	r3, .L357+8
 5747 003e 1B68     		ldr	r3, [r3]
 5748 0040 002B     		cmp	r3, #0
 5749 0042 E1D1     		bne	.L356
 5750              	.LBE218:
3662:Middlewares/Third_Party/FreeRTOS/Source/tasks.c **** 		}
ARM GAS  /tmp/ccsbjPFO.s 			page 170


3663:Middlewares/Third_Party/FreeRTOS/Source/tasks.c **** 	}
3664:Middlewares/Third_Party/FreeRTOS/Source/tasks.c **** 	#endif /* INCLUDE_vTaskDelete */
3665:Middlewares/Third_Party/FreeRTOS/Source/tasks.c **** }
 5751              		.loc 1 3665 1
 5752 0044 00BF     		nop
 5753 0046 00BF     		nop
 5754 0048 0837     		adds	r7, r7, #8
 5755              	.LCFI222:
 5756              		.cfi_def_cfa_offset 8
 5757 004a BD46     		mov	sp, r7
 5758              	.LCFI223:
 5759              		.cfi_def_cfa_register 13
 5760              		@ sp needed
 5761 004c 80BD     		pop	{r7, pc}
 5762              	.L358:
 5763 004e 00BF     		.align	2
 5764              	.L357:
 5765 0050 00000000 		.word	xTasksWaitingTermination
 5766 0054 00000000 		.word	uxCurrentNumberOfTasks
 5767 0058 00000000 		.word	uxDeletedTasksWaitingCleanUp
 5768              		.cfi_endproc
 5769              	.LFE47:
 5771              		.section	.text.vTaskGetInfo,"ax",%progbits
 5772              		.align	1
 5773              		.global	vTaskGetInfo
 5774              		.syntax unified
 5775              		.thumb
 5776              		.thumb_func
 5778              	vTaskGetInfo:
 5779              	.LFB48:
3666:Middlewares/Third_Party/FreeRTOS/Source/tasks.c **** /*-----------------------------------------------------------*/
3667:Middlewares/Third_Party/FreeRTOS/Source/tasks.c **** 
3668:Middlewares/Third_Party/FreeRTOS/Source/tasks.c **** #if( configUSE_TRACE_FACILITY == 1 )
3669:Middlewares/Third_Party/FreeRTOS/Source/tasks.c **** 
3670:Middlewares/Third_Party/FreeRTOS/Source/tasks.c **** 	void vTaskGetInfo( TaskHandle_t xTask, TaskStatus_t *pxTaskStatus, BaseType_t xGetFreeStackSpace, 
3671:Middlewares/Third_Party/FreeRTOS/Source/tasks.c **** 	{
 5780              		.loc 1 3671 2
 5781              		.cfi_startproc
 5782              		@ args = 0, pretend = 0, frame = 24
 5783              		@ frame_needed = 1, uses_anonymous_args = 0
 5784 0000 80B5     		push	{r7, lr}
 5785              	.LCFI224:
 5786              		.cfi_def_cfa_offset 8
 5787              		.cfi_offset 7, -8
 5788              		.cfi_offset 14, -4
 5789 0002 86B0     		sub	sp, sp, #24
 5790              	.LCFI225:
 5791              		.cfi_def_cfa_offset 32
 5792 0004 00AF     		add	r7, sp, #0
 5793              	.LCFI226:
 5794              		.cfi_def_cfa_register 7
 5795 0006 F860     		str	r0, [r7, #12]
 5796 0008 B960     		str	r1, [r7, #8]
 5797 000a 7A60     		str	r2, [r7, #4]
 5798 000c FB70     		strb	r3, [r7, #3]
3672:Middlewares/Third_Party/FreeRTOS/Source/tasks.c **** 	TCB_t *pxTCB;
3673:Middlewares/Third_Party/FreeRTOS/Source/tasks.c **** 
ARM GAS  /tmp/ccsbjPFO.s 			page 171


3674:Middlewares/Third_Party/FreeRTOS/Source/tasks.c **** 		/* xTask is NULL then get the state of the calling task. */
3675:Middlewares/Third_Party/FreeRTOS/Source/tasks.c **** 		pxTCB = prvGetTCBFromHandle( xTask );
 5799              		.loc 1 3675 11
 5800 000e FB68     		ldr	r3, [r7, #12]
 5801 0010 002B     		cmp	r3, #0
 5802 0012 03D1     		bne	.L360
 5803              		.loc 1 3675 9 discriminator 1
 5804 0014 2D4B     		ldr	r3, .L369
 5805 0016 1B68     		ldr	r3, [r3]
 5806 0018 7B61     		str	r3, [r7, #20]
 5807 001a 01E0     		b	.L361
 5808              	.L360:
 5809              		.loc 1 3675 9 is_stmt 0 discriminator 2
 5810 001c FB68     		ldr	r3, [r7, #12]
 5811 001e 7B61     		str	r3, [r7, #20]
 5812              	.L361:
3676:Middlewares/Third_Party/FreeRTOS/Source/tasks.c **** 
3677:Middlewares/Third_Party/FreeRTOS/Source/tasks.c **** 		pxTaskStatus->xHandle = ( TaskHandle_t ) pxTCB;
 5813              		.loc 1 3677 25 is_stmt 1
 5814 0020 BB68     		ldr	r3, [r7, #8]
 5815 0022 7A69     		ldr	r2, [r7, #20]
 5816 0024 1A60     		str	r2, [r3]
3678:Middlewares/Third_Party/FreeRTOS/Source/tasks.c **** 		pxTaskStatus->pcTaskName = ( const char * ) &( pxTCB->pcTaskName [ 0 ] );
 5817              		.loc 1 3678 47
 5818 0026 7B69     		ldr	r3, [r7, #20]
 5819 0028 03F13402 		add	r2, r3, #52
 5820              		.loc 1 3678 28
 5821 002c BB68     		ldr	r3, [r7, #8]
 5822 002e 5A60     		str	r2, [r3, #4]
3679:Middlewares/Third_Party/FreeRTOS/Source/tasks.c **** 		pxTaskStatus->uxCurrentPriority = pxTCB->uxPriority;
 5823              		.loc 1 3679 42
 5824 0030 7B69     		ldr	r3, [r7, #20]
 5825 0032 DA6A     		ldr	r2, [r3, #44]
 5826              		.loc 1 3679 35
 5827 0034 BB68     		ldr	r3, [r7, #8]
 5828 0036 1A61     		str	r2, [r3, #16]
3680:Middlewares/Third_Party/FreeRTOS/Source/tasks.c **** 		pxTaskStatus->pxStackBase = pxTCB->pxStack;
 5829              		.loc 1 3680 36
 5830 0038 7B69     		ldr	r3, [r7, #20]
 5831 003a 1A6B     		ldr	r2, [r3, #48]
 5832              		.loc 1 3680 29
 5833 003c BB68     		ldr	r3, [r7, #8]
 5834 003e DA61     		str	r2, [r3, #28]
3681:Middlewares/Third_Party/FreeRTOS/Source/tasks.c **** 		pxTaskStatus->xTaskNumber = pxTCB->uxTCBNumber;
 5835              		.loc 1 3681 36
 5836 0040 7B69     		ldr	r3, [r7, #20]
 5837 0042 9A6C     		ldr	r2, [r3, #72]
 5838              		.loc 1 3681 29
 5839 0044 BB68     		ldr	r3, [r7, #8]
 5840 0046 9A60     		str	r2, [r3, #8]
3682:Middlewares/Third_Party/FreeRTOS/Source/tasks.c **** 
3683:Middlewares/Third_Party/FreeRTOS/Source/tasks.c **** 		#if ( configUSE_MUTEXES == 1 )
3684:Middlewares/Third_Party/FreeRTOS/Source/tasks.c **** 		{
3685:Middlewares/Third_Party/FreeRTOS/Source/tasks.c **** 			pxTaskStatus->uxBasePriority = pxTCB->uxBasePriority;
 5841              		.loc 1 3685 40
 5842 0048 7B69     		ldr	r3, [r7, #20]
 5843 004a 1A6D     		ldr	r2, [r3, #80]
ARM GAS  /tmp/ccsbjPFO.s 			page 172


 5844              		.loc 1 3685 33
 5845 004c BB68     		ldr	r3, [r7, #8]
 5846 004e 5A61     		str	r2, [r3, #20]
3686:Middlewares/Third_Party/FreeRTOS/Source/tasks.c **** 		}
3687:Middlewares/Third_Party/FreeRTOS/Source/tasks.c **** 		#else
3688:Middlewares/Third_Party/FreeRTOS/Source/tasks.c **** 		{
3689:Middlewares/Third_Party/FreeRTOS/Source/tasks.c **** 			pxTaskStatus->uxBasePriority = 0;
3690:Middlewares/Third_Party/FreeRTOS/Source/tasks.c **** 		}
3691:Middlewares/Third_Party/FreeRTOS/Source/tasks.c **** 		#endif
3692:Middlewares/Third_Party/FreeRTOS/Source/tasks.c **** 
3693:Middlewares/Third_Party/FreeRTOS/Source/tasks.c **** 		#if ( configGENERATE_RUN_TIME_STATS == 1 )
3694:Middlewares/Third_Party/FreeRTOS/Source/tasks.c **** 		{
3695:Middlewares/Third_Party/FreeRTOS/Source/tasks.c **** 			pxTaskStatus->ulRunTimeCounter = pxTCB->ulRunTimeCounter;
 5847              		.loc 1 3695 42
 5848 0050 7B69     		ldr	r3, [r7, #20]
 5849 0052 9A6D     		ldr	r2, [r3, #88]
 5850              		.loc 1 3695 35
 5851 0054 BB68     		ldr	r3, [r7, #8]
 5852 0056 9A61     		str	r2, [r3, #24]
3696:Middlewares/Third_Party/FreeRTOS/Source/tasks.c **** 		}
3697:Middlewares/Third_Party/FreeRTOS/Source/tasks.c **** 		#else
3698:Middlewares/Third_Party/FreeRTOS/Source/tasks.c **** 		{
3699:Middlewares/Third_Party/FreeRTOS/Source/tasks.c **** 			pxTaskStatus->ulRunTimeCounter = 0;
3700:Middlewares/Third_Party/FreeRTOS/Source/tasks.c **** 		}
3701:Middlewares/Third_Party/FreeRTOS/Source/tasks.c **** 		#endif
3702:Middlewares/Third_Party/FreeRTOS/Source/tasks.c **** 
3703:Middlewares/Third_Party/FreeRTOS/Source/tasks.c **** 		/* Obtaining the task state is a little fiddly, so is only done if the
3704:Middlewares/Third_Party/FreeRTOS/Source/tasks.c **** 		value of eState passed into this function is eInvalid - otherwise the
3705:Middlewares/Third_Party/FreeRTOS/Source/tasks.c **** 		state is just set to whatever is passed in. */
3706:Middlewares/Third_Party/FreeRTOS/Source/tasks.c **** 		if( eState != eInvalid )
 5853              		.loc 1 3706 5
 5854 0058 FB78     		ldrb	r3, [r7, #3]	@ zero_extendqisi2
 5855 005a 052B     		cmp	r3, #5
 5856 005c 1AD0     		beq	.L362
3707:Middlewares/Third_Party/FreeRTOS/Source/tasks.c **** 		{
3708:Middlewares/Third_Party/FreeRTOS/Source/tasks.c **** 			if( pxTCB == pxCurrentTCB )
 5857              		.loc 1 3708 14
 5858 005e 1B4B     		ldr	r3, .L369
 5859 0060 1B68     		ldr	r3, [r3]
 5860              		.loc 1 3708 6
 5861 0062 7A69     		ldr	r2, [r7, #20]
 5862 0064 9A42     		cmp	r2, r3
 5863 0066 03D1     		bne	.L363
3709:Middlewares/Third_Party/FreeRTOS/Source/tasks.c **** 			{
3710:Middlewares/Third_Party/FreeRTOS/Source/tasks.c **** 				pxTaskStatus->eCurrentState = eRunning;
 5864              		.loc 1 3710 33
 5865 0068 BB68     		ldr	r3, [r7, #8]
 5866 006a 0022     		movs	r2, #0
 5867 006c 1A73     		strb	r2, [r3, #12]
 5868 006e 18E0     		b	.L364
 5869              	.L363:
3711:Middlewares/Third_Party/FreeRTOS/Source/tasks.c **** 			}
3712:Middlewares/Third_Party/FreeRTOS/Source/tasks.c **** 			else
3713:Middlewares/Third_Party/FreeRTOS/Source/tasks.c **** 			{
3714:Middlewares/Third_Party/FreeRTOS/Source/tasks.c **** 				pxTaskStatus->eCurrentState = eState;
 5870              		.loc 1 3714 33
 5871 0070 BB68     		ldr	r3, [r7, #8]
ARM GAS  /tmp/ccsbjPFO.s 			page 173


 5872 0072 FA78     		ldrb	r2, [r7, #3]
 5873 0074 1A73     		strb	r2, [r3, #12]
3715:Middlewares/Third_Party/FreeRTOS/Source/tasks.c **** 
3716:Middlewares/Third_Party/FreeRTOS/Source/tasks.c **** 				#if ( INCLUDE_vTaskSuspend == 1 )
3717:Middlewares/Third_Party/FreeRTOS/Source/tasks.c **** 				{
3718:Middlewares/Third_Party/FreeRTOS/Source/tasks.c **** 					/* If the task is in the suspended list then there is a
3719:Middlewares/Third_Party/FreeRTOS/Source/tasks.c **** 					chance it is actually just blocked indefinitely - so really
3720:Middlewares/Third_Party/FreeRTOS/Source/tasks.c **** 					it should be reported as being in the Blocked state. */
3721:Middlewares/Third_Party/FreeRTOS/Source/tasks.c **** 					if( eState == eSuspended )
 5874              		.loc 1 3721 8
 5875 0076 FB78     		ldrb	r3, [r7, #3]	@ zero_extendqisi2
 5876 0078 032B     		cmp	r3, #3
 5877 007a 12D1     		bne	.L364
3722:Middlewares/Third_Party/FreeRTOS/Source/tasks.c **** 					{
3723:Middlewares/Third_Party/FreeRTOS/Source/tasks.c **** 						vTaskSuspendAll();
 5878              		.loc 1 3723 7
 5879 007c FFF7FEFF 		bl	vTaskSuspendAll
3724:Middlewares/Third_Party/FreeRTOS/Source/tasks.c **** 						{
3725:Middlewares/Third_Party/FreeRTOS/Source/tasks.c **** 							if( listLIST_ITEM_CONTAINER( &( pxTCB->xEventListItem ) ) != NULL )
 5880              		.loc 1 3725 12
 5881 0080 7B69     		ldr	r3, [r7, #20]
 5882 0082 9B6A     		ldr	r3, [r3, #40]
 5883              		.loc 1 3725 10
 5884 0084 002B     		cmp	r3, #0
 5885 0086 02D0     		beq	.L365
3726:Middlewares/Third_Party/FreeRTOS/Source/tasks.c **** 							{
3727:Middlewares/Third_Party/FreeRTOS/Source/tasks.c **** 								pxTaskStatus->eCurrentState = eBlocked;
 5886              		.loc 1 3727 37
 5887 0088 BB68     		ldr	r3, [r7, #8]
 5888 008a 0222     		movs	r2, #2
 5889 008c 1A73     		strb	r2, [r3, #12]
 5890              	.L365:
3728:Middlewares/Third_Party/FreeRTOS/Source/tasks.c **** 							}
3729:Middlewares/Third_Party/FreeRTOS/Source/tasks.c **** 						}
3730:Middlewares/Third_Party/FreeRTOS/Source/tasks.c **** 						( void ) xTaskResumeAll();
 5891              		.loc 1 3730 16
 5892 008e FFF7FEFF 		bl	xTaskResumeAll
 5893 0092 06E0     		b	.L364
 5894              	.L362:
3731:Middlewares/Third_Party/FreeRTOS/Source/tasks.c **** 					}
3732:Middlewares/Third_Party/FreeRTOS/Source/tasks.c **** 				}
3733:Middlewares/Third_Party/FreeRTOS/Source/tasks.c **** 				#endif /* INCLUDE_vTaskSuspend */
3734:Middlewares/Third_Party/FreeRTOS/Source/tasks.c **** 			}
3735:Middlewares/Third_Party/FreeRTOS/Source/tasks.c **** 		}
3736:Middlewares/Third_Party/FreeRTOS/Source/tasks.c **** 		else
3737:Middlewares/Third_Party/FreeRTOS/Source/tasks.c **** 		{
3738:Middlewares/Third_Party/FreeRTOS/Source/tasks.c **** 			pxTaskStatus->eCurrentState = eTaskGetState( pxTCB );
 5895              		.loc 1 3738 34
 5896 0094 7869     		ldr	r0, [r7, #20]
 5897 0096 FFF7FEFF 		bl	eTaskGetState
 5898 009a 0346     		mov	r3, r0
 5899 009c 1A46     		mov	r2, r3
 5900              		.loc 1 3738 32 discriminator 1
 5901 009e BB68     		ldr	r3, [r7, #8]
 5902 00a0 1A73     		strb	r2, [r3, #12]
 5903              	.L364:
3739:Middlewares/Third_Party/FreeRTOS/Source/tasks.c **** 		}
ARM GAS  /tmp/ccsbjPFO.s 			page 174


3740:Middlewares/Third_Party/FreeRTOS/Source/tasks.c **** 
3741:Middlewares/Third_Party/FreeRTOS/Source/tasks.c **** 		/* Obtaining the stack space takes some time, so the xGetFreeStackSpace
3742:Middlewares/Third_Party/FreeRTOS/Source/tasks.c **** 		parameter is provided to allow it to be skipped. */
3743:Middlewares/Third_Party/FreeRTOS/Source/tasks.c **** 		if( xGetFreeStackSpace != pdFALSE )
 5904              		.loc 1 3743 5
 5905 00a2 7B68     		ldr	r3, [r7, #4]
 5906 00a4 002B     		cmp	r3, #0
 5907 00a6 09D0     		beq	.L366
3744:Middlewares/Third_Party/FreeRTOS/Source/tasks.c **** 		{
3745:Middlewares/Third_Party/FreeRTOS/Source/tasks.c **** 			#if ( portSTACK_GROWTH > 0 )
3746:Middlewares/Third_Party/FreeRTOS/Source/tasks.c **** 			{
3747:Middlewares/Third_Party/FreeRTOS/Source/tasks.c **** 				pxTaskStatus->usStackHighWaterMark = prvTaskCheckFreeStackSpace( ( uint8_t * ) pxTCB->pxEndOfSt
3748:Middlewares/Third_Party/FreeRTOS/Source/tasks.c **** 			}
3749:Middlewares/Third_Party/FreeRTOS/Source/tasks.c **** 			#else
3750:Middlewares/Third_Party/FreeRTOS/Source/tasks.c **** 			{
3751:Middlewares/Third_Party/FreeRTOS/Source/tasks.c **** 				pxTaskStatus->usStackHighWaterMark = prvTaskCheckFreeStackSpace( ( uint8_t * ) pxTCB->pxStack )
 5908              		.loc 1 3751 89
 5909 00a8 7B69     		ldr	r3, [r7, #20]
 5910 00aa 1B6B     		ldr	r3, [r3, #48]
 5911              		.loc 1 3751 42
 5912 00ac 1846     		mov	r0, r3
 5913 00ae FFF7FEFF 		bl	prvTaskCheckFreeStackSpace
 5914 00b2 0346     		mov	r3, r0
 5915 00b4 1A46     		mov	r2, r3
 5916              		.loc 1 3751 40 discriminator 1
 5917 00b6 BB68     		ldr	r3, [r7, #8]
 5918 00b8 1A84     		strh	r2, [r3, #32]	@ movhi
3752:Middlewares/Third_Party/FreeRTOS/Source/tasks.c **** 			}
3753:Middlewares/Third_Party/FreeRTOS/Source/tasks.c **** 			#endif
3754:Middlewares/Third_Party/FreeRTOS/Source/tasks.c **** 		}
3755:Middlewares/Third_Party/FreeRTOS/Source/tasks.c **** 		else
3756:Middlewares/Third_Party/FreeRTOS/Source/tasks.c **** 		{
3757:Middlewares/Third_Party/FreeRTOS/Source/tasks.c **** 			pxTaskStatus->usStackHighWaterMark = 0;
3758:Middlewares/Third_Party/FreeRTOS/Source/tasks.c **** 		}
3759:Middlewares/Third_Party/FreeRTOS/Source/tasks.c **** 	}
 5919              		.loc 1 3759 2
 5920 00ba 02E0     		b	.L368
 5921              	.L366:
3757:Middlewares/Third_Party/FreeRTOS/Source/tasks.c **** 		}
 5922              		.loc 1 3757 39
 5923 00bc BB68     		ldr	r3, [r7, #8]
 5924 00be 0022     		movs	r2, #0
 5925 00c0 1A84     		strh	r2, [r3, #32]	@ movhi
 5926              	.L368:
 5927              		.loc 1 3759 2
 5928 00c2 00BF     		nop
 5929 00c4 1837     		adds	r7, r7, #24
 5930              	.LCFI227:
 5931              		.cfi_def_cfa_offset 8
 5932 00c6 BD46     		mov	sp, r7
 5933              	.LCFI228:
 5934              		.cfi_def_cfa_register 13
 5935              		@ sp needed
 5936 00c8 80BD     		pop	{r7, pc}
 5937              	.L370:
 5938 00ca 00BF     		.align	2
 5939              	.L369:
ARM GAS  /tmp/ccsbjPFO.s 			page 175


 5940 00cc 00000000 		.word	pxCurrentTCB
 5941              		.cfi_endproc
 5942              	.LFE48:
 5944              		.section	.text.prvListTasksWithinSingleList,"ax",%progbits
 5945              		.align	1
 5946              		.syntax unified
 5947              		.thumb
 5948              		.thumb_func
 5950              	prvListTasksWithinSingleList:
 5951              	.LFB49:
3760:Middlewares/Third_Party/FreeRTOS/Source/tasks.c **** 
3761:Middlewares/Third_Party/FreeRTOS/Source/tasks.c **** #endif /* configUSE_TRACE_FACILITY */
3762:Middlewares/Third_Party/FreeRTOS/Source/tasks.c **** /*-----------------------------------------------------------*/
3763:Middlewares/Third_Party/FreeRTOS/Source/tasks.c **** 
3764:Middlewares/Third_Party/FreeRTOS/Source/tasks.c **** #if ( configUSE_TRACE_FACILITY == 1 )
3765:Middlewares/Third_Party/FreeRTOS/Source/tasks.c **** 
3766:Middlewares/Third_Party/FreeRTOS/Source/tasks.c **** 	static UBaseType_t prvListTasksWithinSingleList( TaskStatus_t *pxTaskStatusArray, List_t *pxList, 
3767:Middlewares/Third_Party/FreeRTOS/Source/tasks.c **** 	{
 5952              		.loc 1 3767 2
 5953              		.cfi_startproc
 5954              		@ args = 0, pretend = 0, frame = 40
 5955              		@ frame_needed = 1, uses_anonymous_args = 0
 5956 0000 80B5     		push	{r7, lr}
 5957              	.LCFI229:
 5958              		.cfi_def_cfa_offset 8
 5959              		.cfi_offset 7, -8
 5960              		.cfi_offset 14, -4
 5961 0002 8AB0     		sub	sp, sp, #40
 5962              	.LCFI230:
 5963              		.cfi_def_cfa_offset 48
 5964 0004 00AF     		add	r7, sp, #0
 5965              	.LCFI231:
 5966              		.cfi_def_cfa_register 7
 5967 0006 F860     		str	r0, [r7, #12]
 5968 0008 B960     		str	r1, [r7, #8]
 5969 000a 1346     		mov	r3, r2
 5970 000c FB71     		strb	r3, [r7, #7]
3768:Middlewares/Third_Party/FreeRTOS/Source/tasks.c **** 	configLIST_VOLATILE TCB_t *pxNextTCB, *pxFirstTCB;
3769:Middlewares/Third_Party/FreeRTOS/Source/tasks.c **** 	UBaseType_t uxTask = 0;
 5971              		.loc 1 3769 14
 5972 000e 0023     		movs	r3, #0
 5973 0010 7B62     		str	r3, [r7, #36]
3770:Middlewares/Third_Party/FreeRTOS/Source/tasks.c **** 
3771:Middlewares/Third_Party/FreeRTOS/Source/tasks.c **** 		if( listCURRENT_LIST_LENGTH( pxList ) > ( UBaseType_t ) 0 )
 5974              		.loc 1 3771 7
 5975 0012 BB68     		ldr	r3, [r7, #8]
 5976 0014 1B68     		ldr	r3, [r3]
 5977              		.loc 1 3771 5
 5978 0016 002B     		cmp	r3, #0
 5979 0018 3FD0     		beq	.L372
 5980              	.LBB219:
3772:Middlewares/Third_Party/FreeRTOS/Source/tasks.c **** 		{
3773:Middlewares/Third_Party/FreeRTOS/Source/tasks.c **** 			listGET_OWNER_OF_NEXT_ENTRY( pxFirstTCB, pxList ); /*lint !e9079 void * is used as this macro is
 5981              		.loc 1 3773 4
 5982 001a BB68     		ldr	r3, [r7, #8]
 5983 001c 3B62     		str	r3, [r7, #32]
 5984 001e 3B6A     		ldr	r3, [r7, #32]
ARM GAS  /tmp/ccsbjPFO.s 			page 176


 5985 0020 5B68     		ldr	r3, [r3, #4]
 5986 0022 5A68     		ldr	r2, [r3, #4]
 5987 0024 3B6A     		ldr	r3, [r7, #32]
 5988 0026 5A60     		str	r2, [r3, #4]
 5989 0028 3B6A     		ldr	r3, [r7, #32]
 5990 002a 5A68     		ldr	r2, [r3, #4]
 5991 002c 3B6A     		ldr	r3, [r7, #32]
 5992 002e 0833     		adds	r3, r3, #8
 5993 0030 9A42     		cmp	r2, r3
 5994 0032 04D1     		bne	.L373
 5995              		.loc 1 3773 4 is_stmt 0 discriminator 1
 5996 0034 3B6A     		ldr	r3, [r7, #32]
 5997 0036 5B68     		ldr	r3, [r3, #4]
 5998 0038 5A68     		ldr	r2, [r3, #4]
 5999 003a 3B6A     		ldr	r3, [r7, #32]
 6000 003c 5A60     		str	r2, [r3, #4]
 6001              	.L373:
 6002              		.loc 1 3773 4 discriminator 3
 6003 003e 3B6A     		ldr	r3, [r7, #32]
 6004 0040 5B68     		ldr	r3, [r3, #4]
 6005 0042 DB68     		ldr	r3, [r3, #12]
 6006 0044 FB61     		str	r3, [r7, #28]
 6007              	.L375:
 6008              	.LBE219:
 6009              	.LBB220:
3774:Middlewares/Third_Party/FreeRTOS/Source/tasks.c **** 
3775:Middlewares/Third_Party/FreeRTOS/Source/tasks.c **** 			/* Populate an TaskStatus_t structure within the
3776:Middlewares/Third_Party/FreeRTOS/Source/tasks.c **** 			pxTaskStatusArray array for each task that is referenced from
3777:Middlewares/Third_Party/FreeRTOS/Source/tasks.c **** 			pxList.  See the definition of TaskStatus_t in task.h for the
3778:Middlewares/Third_Party/FreeRTOS/Source/tasks.c **** 			meaning of each TaskStatus_t structure member. */
3779:Middlewares/Third_Party/FreeRTOS/Source/tasks.c **** 			do
3780:Middlewares/Third_Party/FreeRTOS/Source/tasks.c **** 			{
3781:Middlewares/Third_Party/FreeRTOS/Source/tasks.c **** 				listGET_OWNER_OF_NEXT_ENTRY( pxNextTCB, pxList ); /*lint !e9079 void * is used as this macro is
 6010              		.loc 1 3781 5 is_stmt 1
 6011 0046 BB68     		ldr	r3, [r7, #8]
 6012 0048 BB61     		str	r3, [r7, #24]
 6013 004a BB69     		ldr	r3, [r7, #24]
 6014 004c 5B68     		ldr	r3, [r3, #4]
 6015 004e 5A68     		ldr	r2, [r3, #4]
 6016 0050 BB69     		ldr	r3, [r7, #24]
 6017 0052 5A60     		str	r2, [r3, #4]
 6018 0054 BB69     		ldr	r3, [r7, #24]
 6019 0056 5A68     		ldr	r2, [r3, #4]
 6020 0058 BB69     		ldr	r3, [r7, #24]
 6021 005a 0833     		adds	r3, r3, #8
 6022 005c 9A42     		cmp	r2, r3
 6023 005e 04D1     		bne	.L374
 6024              		.loc 1 3781 5 is_stmt 0 discriminator 1
 6025 0060 BB69     		ldr	r3, [r7, #24]
 6026 0062 5B68     		ldr	r3, [r3, #4]
 6027 0064 5A68     		ldr	r2, [r3, #4]
 6028 0066 BB69     		ldr	r3, [r7, #24]
 6029 0068 5A60     		str	r2, [r3, #4]
 6030              	.L374:
 6031              		.loc 1 3781 5 discriminator 3
 6032 006a BB69     		ldr	r3, [r7, #24]
 6033 006c 5B68     		ldr	r3, [r3, #4]
ARM GAS  /tmp/ccsbjPFO.s 			page 177


 6034 006e DB68     		ldr	r3, [r3, #12]
 6035 0070 7B61     		str	r3, [r7, #20]
 6036              	.LBE220:
3782:Middlewares/Third_Party/FreeRTOS/Source/tasks.c **** 				vTaskGetInfo( ( TaskHandle_t ) pxNextTCB, &( pxTaskStatusArray[ uxTask ] ), pdTRUE, eState );
 6037              		.loc 1 3782 67 is_stmt 1
 6038 0072 7A6A     		ldr	r2, [r7, #36]
 6039 0074 1346     		mov	r3, r2
 6040 0076 DB00     		lsls	r3, r3, #3
 6041 0078 1344     		add	r3, r3, r2
 6042 007a 9B00     		lsls	r3, r3, #2
 6043 007c 1A46     		mov	r2, r3
 6044              		.loc 1 3782 5
 6045 007e FB68     		ldr	r3, [r7, #12]
 6046 0080 9918     		adds	r1, r3, r2
 6047 0082 FB79     		ldrb	r3, [r7, #7]	@ zero_extendqisi2
 6048 0084 0122     		movs	r2, #1
 6049 0086 7869     		ldr	r0, [r7, #20]
 6050 0088 FFF7FEFF 		bl	vTaskGetInfo
3783:Middlewares/Third_Party/FreeRTOS/Source/tasks.c **** 				uxTask++;
 6051              		.loc 1 3783 11
 6052 008c 7B6A     		ldr	r3, [r7, #36]
 6053 008e 0133     		adds	r3, r3, #1
 6054 0090 7B62     		str	r3, [r7, #36]
3784:Middlewares/Third_Party/FreeRTOS/Source/tasks.c **** 			} while( pxNextTCB != pxFirstTCB );
 6055              		.loc 1 3784 23
 6056 0092 7A69     		ldr	r2, [r7, #20]
 6057 0094 FB69     		ldr	r3, [r7, #28]
 6058 0096 9A42     		cmp	r2, r3
 6059 0098 D5D1     		bne	.L375
 6060              	.L372:
3785:Middlewares/Third_Party/FreeRTOS/Source/tasks.c **** 		}
3786:Middlewares/Third_Party/FreeRTOS/Source/tasks.c **** 		else
3787:Middlewares/Third_Party/FreeRTOS/Source/tasks.c **** 		{
3788:Middlewares/Third_Party/FreeRTOS/Source/tasks.c **** 			mtCOVERAGE_TEST_MARKER();
3789:Middlewares/Third_Party/FreeRTOS/Source/tasks.c **** 		}
3790:Middlewares/Third_Party/FreeRTOS/Source/tasks.c **** 
3791:Middlewares/Third_Party/FreeRTOS/Source/tasks.c **** 		return uxTask;
 6061              		.loc 1 3791 10
 6062 009a 7B6A     		ldr	r3, [r7, #36]
3792:Middlewares/Third_Party/FreeRTOS/Source/tasks.c **** 	}
 6063              		.loc 1 3792 2
 6064 009c 1846     		mov	r0, r3
 6065 009e 2837     		adds	r7, r7, #40
 6066              	.LCFI232:
 6067              		.cfi_def_cfa_offset 8
 6068 00a0 BD46     		mov	sp, r7
 6069              	.LCFI233:
 6070              		.cfi_def_cfa_register 13
 6071              		@ sp needed
 6072 00a2 80BD     		pop	{r7, pc}
 6073              		.cfi_endproc
 6074              	.LFE49:
 6076              		.section	.text.prvTaskCheckFreeStackSpace,"ax",%progbits
 6077              		.align	1
 6078              		.syntax unified
 6079              		.thumb
 6080              		.thumb_func
ARM GAS  /tmp/ccsbjPFO.s 			page 178


 6082              	prvTaskCheckFreeStackSpace:
 6083              	.LFB50:
3793:Middlewares/Third_Party/FreeRTOS/Source/tasks.c **** 
3794:Middlewares/Third_Party/FreeRTOS/Source/tasks.c **** #endif /* configUSE_TRACE_FACILITY */
3795:Middlewares/Third_Party/FreeRTOS/Source/tasks.c **** /*-----------------------------------------------------------*/
3796:Middlewares/Third_Party/FreeRTOS/Source/tasks.c **** 
3797:Middlewares/Third_Party/FreeRTOS/Source/tasks.c **** #if ( ( configUSE_TRACE_FACILITY == 1 ) || ( INCLUDE_uxTaskGetStackHighWaterMark == 1 ) || ( INCLUD
3798:Middlewares/Third_Party/FreeRTOS/Source/tasks.c **** 
3799:Middlewares/Third_Party/FreeRTOS/Source/tasks.c **** 	static configSTACK_DEPTH_TYPE prvTaskCheckFreeStackSpace( const uint8_t * pucStackByte )
3800:Middlewares/Third_Party/FreeRTOS/Source/tasks.c **** 	{
 6084              		.loc 1 3800 2
 6085              		.cfi_startproc
 6086              		@ args = 0, pretend = 0, frame = 16
 6087              		@ frame_needed = 1, uses_anonymous_args = 0
 6088              		@ link register save eliminated.
 6089 0000 80B4     		push	{r7}
 6090              	.LCFI234:
 6091              		.cfi_def_cfa_offset 4
 6092              		.cfi_offset 7, -4
 6093 0002 85B0     		sub	sp, sp, #20
 6094              	.LCFI235:
 6095              		.cfi_def_cfa_offset 24
 6096 0004 00AF     		add	r7, sp, #0
 6097              	.LCFI236:
 6098              		.cfi_def_cfa_register 7
 6099 0006 7860     		str	r0, [r7, #4]
3801:Middlewares/Third_Party/FreeRTOS/Source/tasks.c **** 	uint32_t ulCount = 0U;
 6100              		.loc 1 3801 11
 6101 0008 0023     		movs	r3, #0
 6102 000a FB60     		str	r3, [r7, #12]
3802:Middlewares/Third_Party/FreeRTOS/Source/tasks.c **** 
3803:Middlewares/Third_Party/FreeRTOS/Source/tasks.c **** 		while( *pucStackByte == ( uint8_t ) tskSTACK_FILL_BYTE )
 6103              		.loc 1 3803 8
 6104 000c 05E0     		b	.L378
 6105              	.L379:
3804:Middlewares/Third_Party/FreeRTOS/Source/tasks.c **** 		{
3805:Middlewares/Third_Party/FreeRTOS/Source/tasks.c **** 			pucStackByte -= portSTACK_GROWTH;
 6106              		.loc 1 3805 17
 6107 000e 7B68     		ldr	r3, [r7, #4]
 6108 0010 0133     		adds	r3, r3, #1
 6109 0012 7B60     		str	r3, [r7, #4]
3806:Middlewares/Third_Party/FreeRTOS/Source/tasks.c **** 			ulCount++;
 6110              		.loc 1 3806 11
 6111 0014 FB68     		ldr	r3, [r7, #12]
 6112 0016 0133     		adds	r3, r3, #1
 6113 0018 FB60     		str	r3, [r7, #12]
 6114              	.L378:
3803:Middlewares/Third_Party/FreeRTOS/Source/tasks.c **** 		{
 6115              		.loc 1 3803 10
 6116 001a 7B68     		ldr	r3, [r7, #4]
 6117 001c 1B78     		ldrb	r3, [r3]	@ zero_extendqisi2
3803:Middlewares/Third_Party/FreeRTOS/Source/tasks.c **** 		{
 6118              		.loc 1 3803 24
 6119 001e A52B     		cmp	r3, #165
 6120 0020 F5D0     		beq	.L379
3807:Middlewares/Third_Party/FreeRTOS/Source/tasks.c **** 		}
3808:Middlewares/Third_Party/FreeRTOS/Source/tasks.c **** 
ARM GAS  /tmp/ccsbjPFO.s 			page 179


3809:Middlewares/Third_Party/FreeRTOS/Source/tasks.c **** 		ulCount /= ( uint32_t ) sizeof( StackType_t ); /*lint !e961 Casting is not redundant on smaller a
 6121              		.loc 1 3809 11
 6122 0022 FB68     		ldr	r3, [r7, #12]
 6123 0024 9B08     		lsrs	r3, r3, #2
 6124 0026 FB60     		str	r3, [r7, #12]
3810:Middlewares/Third_Party/FreeRTOS/Source/tasks.c **** 
3811:Middlewares/Third_Party/FreeRTOS/Source/tasks.c **** 		return ( configSTACK_DEPTH_TYPE ) ulCount;
 6125              		.loc 1 3811 10
 6126 0028 FB68     		ldr	r3, [r7, #12]
 6127 002a 9BB2     		uxth	r3, r3
3812:Middlewares/Third_Party/FreeRTOS/Source/tasks.c **** 	}
 6128              		.loc 1 3812 2
 6129 002c 1846     		mov	r0, r3
 6130 002e 1437     		adds	r7, r7, #20
 6131              	.LCFI237:
 6132              		.cfi_def_cfa_offset 4
 6133 0030 BD46     		mov	sp, r7
 6134              	.LCFI238:
 6135              		.cfi_def_cfa_register 13
 6136              		@ sp needed
 6137 0032 80BC     		pop	{r7}
 6138              	.LCFI239:
 6139              		.cfi_restore 7
 6140              		.cfi_def_cfa_offset 0
 6141 0034 7047     		bx	lr
 6142              		.cfi_endproc
 6143              	.LFE50:
 6145              		.section	.text.uxTaskGetStackHighWaterMark,"ax",%progbits
 6146              		.align	1
 6147              		.global	uxTaskGetStackHighWaterMark
 6148              		.syntax unified
 6149              		.thumb
 6150              		.thumb_func
 6152              	uxTaskGetStackHighWaterMark:
 6153              	.LFB51:
3813:Middlewares/Third_Party/FreeRTOS/Source/tasks.c **** 
3814:Middlewares/Third_Party/FreeRTOS/Source/tasks.c **** #endif /* ( ( configUSE_TRACE_FACILITY == 1 ) || ( INCLUDE_uxTaskGetStackHighWaterMark == 1 ) || ( 
3815:Middlewares/Third_Party/FreeRTOS/Source/tasks.c **** /*-----------------------------------------------------------*/
3816:Middlewares/Third_Party/FreeRTOS/Source/tasks.c **** 
3817:Middlewares/Third_Party/FreeRTOS/Source/tasks.c **** #if ( INCLUDE_uxTaskGetStackHighWaterMark2 == 1 )
3818:Middlewares/Third_Party/FreeRTOS/Source/tasks.c **** 
3819:Middlewares/Third_Party/FreeRTOS/Source/tasks.c **** 	/* uxTaskGetStackHighWaterMark() and uxTaskGetStackHighWaterMark2() are the
3820:Middlewares/Third_Party/FreeRTOS/Source/tasks.c **** 	same except for their return type.  Using configSTACK_DEPTH_TYPE allows the
3821:Middlewares/Third_Party/FreeRTOS/Source/tasks.c **** 	user to determine the return type.  It gets around the problem of the value
3822:Middlewares/Third_Party/FreeRTOS/Source/tasks.c **** 	overflowing on 8-bit types without breaking backward compatibility for
3823:Middlewares/Third_Party/FreeRTOS/Source/tasks.c **** 	applications that expect an 8-bit return type. */
3824:Middlewares/Third_Party/FreeRTOS/Source/tasks.c **** 	configSTACK_DEPTH_TYPE uxTaskGetStackHighWaterMark2( TaskHandle_t xTask )
3825:Middlewares/Third_Party/FreeRTOS/Source/tasks.c **** 	{
3826:Middlewares/Third_Party/FreeRTOS/Source/tasks.c **** 	TCB_t *pxTCB;
3827:Middlewares/Third_Party/FreeRTOS/Source/tasks.c **** 	uint8_t *pucEndOfStack;
3828:Middlewares/Third_Party/FreeRTOS/Source/tasks.c **** 	configSTACK_DEPTH_TYPE uxReturn;
3829:Middlewares/Third_Party/FreeRTOS/Source/tasks.c **** 
3830:Middlewares/Third_Party/FreeRTOS/Source/tasks.c **** 		/* uxTaskGetStackHighWaterMark() and uxTaskGetStackHighWaterMark2() are
3831:Middlewares/Third_Party/FreeRTOS/Source/tasks.c **** 		the same except for their return type.  Using configSTACK_DEPTH_TYPE
3832:Middlewares/Third_Party/FreeRTOS/Source/tasks.c **** 		allows the user to determine the return type.  It gets around the
3833:Middlewares/Third_Party/FreeRTOS/Source/tasks.c **** 		problem of the value overflowing on 8-bit types without breaking
3834:Middlewares/Third_Party/FreeRTOS/Source/tasks.c **** 		backward compatibility for applications that expect an 8-bit return
ARM GAS  /tmp/ccsbjPFO.s 			page 180


3835:Middlewares/Third_Party/FreeRTOS/Source/tasks.c **** 		type. */
3836:Middlewares/Third_Party/FreeRTOS/Source/tasks.c **** 
3837:Middlewares/Third_Party/FreeRTOS/Source/tasks.c **** 		pxTCB = prvGetTCBFromHandle( xTask );
3838:Middlewares/Third_Party/FreeRTOS/Source/tasks.c **** 
3839:Middlewares/Third_Party/FreeRTOS/Source/tasks.c **** 		#if portSTACK_GROWTH < 0
3840:Middlewares/Third_Party/FreeRTOS/Source/tasks.c **** 		{
3841:Middlewares/Third_Party/FreeRTOS/Source/tasks.c **** 			pucEndOfStack = ( uint8_t * ) pxTCB->pxStack;
3842:Middlewares/Third_Party/FreeRTOS/Source/tasks.c **** 		}
3843:Middlewares/Third_Party/FreeRTOS/Source/tasks.c **** 		#else
3844:Middlewares/Third_Party/FreeRTOS/Source/tasks.c **** 		{
3845:Middlewares/Third_Party/FreeRTOS/Source/tasks.c **** 			pucEndOfStack = ( uint8_t * ) pxTCB->pxEndOfStack;
3846:Middlewares/Third_Party/FreeRTOS/Source/tasks.c **** 		}
3847:Middlewares/Third_Party/FreeRTOS/Source/tasks.c **** 		#endif
3848:Middlewares/Third_Party/FreeRTOS/Source/tasks.c **** 
3849:Middlewares/Third_Party/FreeRTOS/Source/tasks.c **** 		uxReturn = prvTaskCheckFreeStackSpace( pucEndOfStack );
3850:Middlewares/Third_Party/FreeRTOS/Source/tasks.c **** 
3851:Middlewares/Third_Party/FreeRTOS/Source/tasks.c **** 		return uxReturn;
3852:Middlewares/Third_Party/FreeRTOS/Source/tasks.c **** 	}
3853:Middlewares/Third_Party/FreeRTOS/Source/tasks.c **** 
3854:Middlewares/Third_Party/FreeRTOS/Source/tasks.c **** #endif /* INCLUDE_uxTaskGetStackHighWaterMark2 */
3855:Middlewares/Third_Party/FreeRTOS/Source/tasks.c **** /*-----------------------------------------------------------*/
3856:Middlewares/Third_Party/FreeRTOS/Source/tasks.c **** 
3857:Middlewares/Third_Party/FreeRTOS/Source/tasks.c **** #if ( INCLUDE_uxTaskGetStackHighWaterMark == 1 )
3858:Middlewares/Third_Party/FreeRTOS/Source/tasks.c **** 
3859:Middlewares/Third_Party/FreeRTOS/Source/tasks.c **** 	UBaseType_t uxTaskGetStackHighWaterMark( TaskHandle_t xTask )
3860:Middlewares/Third_Party/FreeRTOS/Source/tasks.c **** 	{
 6154              		.loc 1 3860 2
 6155              		.cfi_startproc
 6156              		@ args = 0, pretend = 0, frame = 24
 6157              		@ frame_needed = 1, uses_anonymous_args = 0
 6158 0000 80B5     		push	{r7, lr}
 6159              	.LCFI240:
 6160              		.cfi_def_cfa_offset 8
 6161              		.cfi_offset 7, -8
 6162              		.cfi_offset 14, -4
 6163 0002 86B0     		sub	sp, sp, #24
 6164              	.LCFI241:
 6165              		.cfi_def_cfa_offset 32
 6166 0004 00AF     		add	r7, sp, #0
 6167              	.LCFI242:
 6168              		.cfi_def_cfa_register 7
 6169 0006 7860     		str	r0, [r7, #4]
3861:Middlewares/Third_Party/FreeRTOS/Source/tasks.c **** 	TCB_t *pxTCB;
3862:Middlewares/Third_Party/FreeRTOS/Source/tasks.c **** 	uint8_t *pucEndOfStack;
3863:Middlewares/Third_Party/FreeRTOS/Source/tasks.c **** 	UBaseType_t uxReturn;
3864:Middlewares/Third_Party/FreeRTOS/Source/tasks.c **** 
3865:Middlewares/Third_Party/FreeRTOS/Source/tasks.c **** 		pxTCB = prvGetTCBFromHandle( xTask );
 6170              		.loc 1 3865 11
 6171 0008 7B68     		ldr	r3, [r7, #4]
 6172 000a 002B     		cmp	r3, #0
 6173 000c 03D1     		bne	.L382
 6174              		.loc 1 3865 9 discriminator 1
 6175 000e 094B     		ldr	r3, .L385
 6176 0010 1B68     		ldr	r3, [r3]
 6177 0012 7B61     		str	r3, [r7, #20]
 6178 0014 01E0     		b	.L383
 6179              	.L382:
ARM GAS  /tmp/ccsbjPFO.s 			page 181


 6180              		.loc 1 3865 9 is_stmt 0 discriminator 2
 6181 0016 7B68     		ldr	r3, [r7, #4]
 6182 0018 7B61     		str	r3, [r7, #20]
 6183              	.L383:
3866:Middlewares/Third_Party/FreeRTOS/Source/tasks.c **** 
3867:Middlewares/Third_Party/FreeRTOS/Source/tasks.c **** 		#if portSTACK_GROWTH < 0
3868:Middlewares/Third_Party/FreeRTOS/Source/tasks.c **** 		{
3869:Middlewares/Third_Party/FreeRTOS/Source/tasks.c **** 			pucEndOfStack = ( uint8_t * ) pxTCB->pxStack;
 6184              		.loc 1 3869 18 is_stmt 1
 6185 001a 7B69     		ldr	r3, [r7, #20]
 6186 001c 1B6B     		ldr	r3, [r3, #48]
 6187 001e 3B61     		str	r3, [r7, #16]
3870:Middlewares/Third_Party/FreeRTOS/Source/tasks.c **** 		}
3871:Middlewares/Third_Party/FreeRTOS/Source/tasks.c **** 		#else
3872:Middlewares/Third_Party/FreeRTOS/Source/tasks.c **** 		{
3873:Middlewares/Third_Party/FreeRTOS/Source/tasks.c **** 			pucEndOfStack = ( uint8_t * ) pxTCB->pxEndOfStack;
3874:Middlewares/Third_Party/FreeRTOS/Source/tasks.c **** 		}
3875:Middlewares/Third_Party/FreeRTOS/Source/tasks.c **** 		#endif
3876:Middlewares/Third_Party/FreeRTOS/Source/tasks.c **** 
3877:Middlewares/Third_Party/FreeRTOS/Source/tasks.c **** 		uxReturn = ( UBaseType_t ) prvTaskCheckFreeStackSpace( pucEndOfStack );
 6188              		.loc 1 3877 30
 6189 0020 3869     		ldr	r0, [r7, #16]
 6190 0022 FFF7FEFF 		bl	prvTaskCheckFreeStackSpace
 6191 0026 0346     		mov	r3, r0
 6192              		.loc 1 3877 12 discriminator 1
 6193 0028 FB60     		str	r3, [r7, #12]
3878:Middlewares/Third_Party/FreeRTOS/Source/tasks.c **** 
3879:Middlewares/Third_Party/FreeRTOS/Source/tasks.c **** 		return uxReturn;
 6194              		.loc 1 3879 10
 6195 002a FB68     		ldr	r3, [r7, #12]
3880:Middlewares/Third_Party/FreeRTOS/Source/tasks.c **** 	}
 6196              		.loc 1 3880 2
 6197 002c 1846     		mov	r0, r3
 6198 002e 1837     		adds	r7, r7, #24
 6199              	.LCFI243:
 6200              		.cfi_def_cfa_offset 8
 6201 0030 BD46     		mov	sp, r7
 6202              	.LCFI244:
 6203              		.cfi_def_cfa_register 13
 6204              		@ sp needed
 6205 0032 80BD     		pop	{r7, pc}
 6206              	.L386:
 6207              		.align	2
 6208              	.L385:
 6209 0034 00000000 		.word	pxCurrentTCB
 6210              		.cfi_endproc
 6211              	.LFE51:
 6213              		.section	.text.prvDeleteTCB,"ax",%progbits
 6214              		.align	1
 6215              		.syntax unified
 6216              		.thumb
 6217              		.thumb_func
 6219              	prvDeleteTCB:
 6220              	.LFB52:
3881:Middlewares/Third_Party/FreeRTOS/Source/tasks.c **** 
3882:Middlewares/Third_Party/FreeRTOS/Source/tasks.c **** #endif /* INCLUDE_uxTaskGetStackHighWaterMark */
3883:Middlewares/Third_Party/FreeRTOS/Source/tasks.c **** /*-----------------------------------------------------------*/
ARM GAS  /tmp/ccsbjPFO.s 			page 182


3884:Middlewares/Third_Party/FreeRTOS/Source/tasks.c **** 
3885:Middlewares/Third_Party/FreeRTOS/Source/tasks.c **** #if ( INCLUDE_vTaskDelete == 1 )
3886:Middlewares/Third_Party/FreeRTOS/Source/tasks.c **** 
3887:Middlewares/Third_Party/FreeRTOS/Source/tasks.c **** 	static void prvDeleteTCB( TCB_t *pxTCB )
3888:Middlewares/Third_Party/FreeRTOS/Source/tasks.c **** 	{
 6221              		.loc 1 3888 2
 6222              		.cfi_startproc
 6223              		@ args = 0, pretend = 0, frame = 16
 6224              		@ frame_needed = 1, uses_anonymous_args = 0
 6225 0000 80B5     		push	{r7, lr}
 6226              	.LCFI245:
 6227              		.cfi_def_cfa_offset 8
 6228              		.cfi_offset 7, -8
 6229              		.cfi_offset 14, -4
 6230 0002 84B0     		sub	sp, sp, #16
 6231              	.LCFI246:
 6232              		.cfi_def_cfa_offset 24
 6233 0004 00AF     		add	r7, sp, #0
 6234              	.LCFI247:
 6235              		.cfi_def_cfa_register 7
 6236 0006 7860     		str	r0, [r7, #4]
3889:Middlewares/Third_Party/FreeRTOS/Source/tasks.c **** 		/* This call is required specifically for the TriCore port.  It must be
3890:Middlewares/Third_Party/FreeRTOS/Source/tasks.c **** 		above the vPortFree() calls.  The call is also used by ports/demos that
3891:Middlewares/Third_Party/FreeRTOS/Source/tasks.c **** 		want to allocate and clean RAM statically. */
3892:Middlewares/Third_Party/FreeRTOS/Source/tasks.c **** 		portCLEAN_UP_TCB( pxTCB );
3893:Middlewares/Third_Party/FreeRTOS/Source/tasks.c **** 
3894:Middlewares/Third_Party/FreeRTOS/Source/tasks.c **** 		/* Free up the memory allocated by the scheduler for the task.  It is up
3895:Middlewares/Third_Party/FreeRTOS/Source/tasks.c **** 		to the task to free any memory allocated at the application level.
3896:Middlewares/Third_Party/FreeRTOS/Source/tasks.c **** 		See the third party link http://www.nadler.com/embedded/newlibAndFreeRTOS.html
3897:Middlewares/Third_Party/FreeRTOS/Source/tasks.c **** 		for additional information. */
3898:Middlewares/Third_Party/FreeRTOS/Source/tasks.c **** 		#if ( configUSE_NEWLIB_REENTRANT == 1 )
3899:Middlewares/Third_Party/FreeRTOS/Source/tasks.c **** 		{
3900:Middlewares/Third_Party/FreeRTOS/Source/tasks.c **** 			_reclaim_reent( &( pxTCB->xNewLib_reent ) );
3901:Middlewares/Third_Party/FreeRTOS/Source/tasks.c **** 		}
3902:Middlewares/Third_Party/FreeRTOS/Source/tasks.c **** 		#endif /* configUSE_NEWLIB_REENTRANT */
3903:Middlewares/Third_Party/FreeRTOS/Source/tasks.c **** 
3904:Middlewares/Third_Party/FreeRTOS/Source/tasks.c **** 		#if( ( configSUPPORT_DYNAMIC_ALLOCATION == 1 ) && ( configSUPPORT_STATIC_ALLOCATION == 0 ) && ( p
3905:Middlewares/Third_Party/FreeRTOS/Source/tasks.c **** 		{
3906:Middlewares/Third_Party/FreeRTOS/Source/tasks.c **** 			/* The task can only have been allocated dynamically - free both
3907:Middlewares/Third_Party/FreeRTOS/Source/tasks.c **** 			the stack and TCB. */
3908:Middlewares/Third_Party/FreeRTOS/Source/tasks.c **** 			vPortFree( pxTCB->pxStack );
3909:Middlewares/Third_Party/FreeRTOS/Source/tasks.c **** 			vPortFree( pxTCB );
3910:Middlewares/Third_Party/FreeRTOS/Source/tasks.c **** 		}
3911:Middlewares/Third_Party/FreeRTOS/Source/tasks.c **** 		#elif( tskSTATIC_AND_DYNAMIC_ALLOCATION_POSSIBLE != 0 ) /*lint !e731 !e9029 Macro has been consol
3912:Middlewares/Third_Party/FreeRTOS/Source/tasks.c **** 		{
3913:Middlewares/Third_Party/FreeRTOS/Source/tasks.c **** 			/* The task could have been allocated statically or dynamically, so
3914:Middlewares/Third_Party/FreeRTOS/Source/tasks.c **** 			check what was statically allocated before trying to free the
3915:Middlewares/Third_Party/FreeRTOS/Source/tasks.c **** 			memory. */
3916:Middlewares/Third_Party/FreeRTOS/Source/tasks.c **** 			if( pxTCB->ucStaticallyAllocated == tskDYNAMICALLY_ALLOCATED_STACK_AND_TCB )
 6237              		.loc 1 3916 13
 6238 0008 7B68     		ldr	r3, [r7, #4]
 6239 000a 93F86130 		ldrb	r3, [r3, #97]	@ zero_extendqisi2
 6240              		.loc 1 3916 6
 6241 000e 002B     		cmp	r3, #0
 6242 0010 08D1     		bne	.L388
3917:Middlewares/Third_Party/FreeRTOS/Source/tasks.c **** 			{
3918:Middlewares/Third_Party/FreeRTOS/Source/tasks.c **** 				/* Both the stack and TCB were allocated dynamically, so both
ARM GAS  /tmp/ccsbjPFO.s 			page 183


3919:Middlewares/Third_Party/FreeRTOS/Source/tasks.c **** 				must be freed. */
3920:Middlewares/Third_Party/FreeRTOS/Source/tasks.c **** 				vPortFree( pxTCB->pxStack );
 6243              		.loc 1 3920 21
 6244 0012 7B68     		ldr	r3, [r7, #4]
 6245 0014 1B6B     		ldr	r3, [r3, #48]
 6246              		.loc 1 3920 5
 6247 0016 1846     		mov	r0, r3
 6248 0018 FFF7FEFF 		bl	vPortFree
3921:Middlewares/Third_Party/FreeRTOS/Source/tasks.c **** 				vPortFree( pxTCB );
 6249              		.loc 1 3921 5
 6250 001c 7868     		ldr	r0, [r7, #4]
 6251 001e FFF7FEFF 		bl	vPortFree
3922:Middlewares/Third_Party/FreeRTOS/Source/tasks.c **** 			}
3923:Middlewares/Third_Party/FreeRTOS/Source/tasks.c **** 			else if( pxTCB->ucStaticallyAllocated == tskSTATICALLY_ALLOCATED_STACK_ONLY )
3924:Middlewares/Third_Party/FreeRTOS/Source/tasks.c **** 			{
3925:Middlewares/Third_Party/FreeRTOS/Source/tasks.c **** 				/* Only the stack was statically allocated, so the TCB is the
3926:Middlewares/Third_Party/FreeRTOS/Source/tasks.c **** 				only memory that must be freed. */
3927:Middlewares/Third_Party/FreeRTOS/Source/tasks.c **** 				vPortFree( pxTCB );
3928:Middlewares/Third_Party/FreeRTOS/Source/tasks.c **** 			}
3929:Middlewares/Third_Party/FreeRTOS/Source/tasks.c **** 			else
3930:Middlewares/Third_Party/FreeRTOS/Source/tasks.c **** 			{
3931:Middlewares/Third_Party/FreeRTOS/Source/tasks.c **** 				/* Neither the stack nor the TCB were allocated dynamically, so
3932:Middlewares/Third_Party/FreeRTOS/Source/tasks.c **** 				nothing needs to be freed. */
3933:Middlewares/Third_Party/FreeRTOS/Source/tasks.c **** 				configASSERT( pxTCB->ucStaticallyAllocated == tskSTATICALLY_ALLOCATED_STACK_AND_TCB	);
3934:Middlewares/Third_Party/FreeRTOS/Source/tasks.c **** 				mtCOVERAGE_TEST_MARKER();
3935:Middlewares/Third_Party/FreeRTOS/Source/tasks.c **** 			}
3936:Middlewares/Third_Party/FreeRTOS/Source/tasks.c **** 		}
3937:Middlewares/Third_Party/FreeRTOS/Source/tasks.c **** 		#endif /* configSUPPORT_DYNAMIC_ALLOCATION */
3938:Middlewares/Third_Party/FreeRTOS/Source/tasks.c **** 	}
 6252              		.loc 1 3938 2
 6253 0022 19E0     		b	.L392
 6254              	.L388:
3923:Middlewares/Third_Party/FreeRTOS/Source/tasks.c **** 			{
 6255              		.loc 1 3923 18
 6256 0024 7B68     		ldr	r3, [r7, #4]
 6257 0026 93F86130 		ldrb	r3, [r3, #97]	@ zero_extendqisi2
3923:Middlewares/Third_Party/FreeRTOS/Source/tasks.c **** 			{
 6258              		.loc 1 3923 11
 6259 002a 012B     		cmp	r3, #1
 6260 002c 03D1     		bne	.L390
3927:Middlewares/Third_Party/FreeRTOS/Source/tasks.c **** 			}
 6261              		.loc 1 3927 5
 6262 002e 7868     		ldr	r0, [r7, #4]
 6263 0030 FFF7FEFF 		bl	vPortFree
 6264              		.loc 1 3938 2
 6265 0034 10E0     		b	.L392
 6266              	.L390:
3933:Middlewares/Third_Party/FreeRTOS/Source/tasks.c **** 				mtCOVERAGE_TEST_MARKER();
 6267              		.loc 1 3933 5
 6268 0036 7B68     		ldr	r3, [r7, #4]
 6269 0038 93F86130 		ldrb	r3, [r3, #97]	@ zero_extendqisi2
 6270 003c 022B     		cmp	r3, #2
 6271 003e 0BD0     		beq	.L392
 6272              	.LBB221:
 6273              	.LBB222:
 195:Middlewares/Third_Party/FreeRTOS/Source/portable/GCC/ARM_CM4F/portmacro.h **** 	(
 6274              		.loc 2 195 2
ARM GAS  /tmp/ccsbjPFO.s 			page 184


 6275              		.syntax unified
 6276              	@ 195 "Middlewares/Third_Party/FreeRTOS/Source/portable/GCC/ARM_CM4F/portmacro.h" 1
 6277 0040 4FF05003 			mov r3, #80												
 6278 0044 83F31188 		msr basepri, r3											
 6279 0048 BFF36F8F 		isb														
 6280 004c BFF34F8F 		dsb														
 6281              	
 6282              	@ 0 "" 2
 6283              		.thumb
 6284              		.syntax unified
 6285 0050 FB60     		str	r3, [r7, #12]
 203:Middlewares/Third_Party/FreeRTOS/Source/portable/GCC/ARM_CM4F/portmacro.h **** 
 6286              		.loc 2 203 1
 6287 0052 00BF     		nop
 6288              	.L391:
 6289              	.LBE222:
 6290              	.LBE221:
3933:Middlewares/Third_Party/FreeRTOS/Source/tasks.c **** 				mtCOVERAGE_TEST_MARKER();
 6291              		.loc 1 3933 5
 6292 0054 00BF     		nop
 6293 0056 FDE7     		b	.L391
 6294              	.L392:
 6295              		.loc 1 3938 2
 6296 0058 00BF     		nop
 6297 005a 1037     		adds	r7, r7, #16
 6298              	.LCFI248:
 6299              		.cfi_def_cfa_offset 8
 6300 005c BD46     		mov	sp, r7
 6301              	.LCFI249:
 6302              		.cfi_def_cfa_register 13
 6303              		@ sp needed
 6304 005e 80BD     		pop	{r7, pc}
 6305              		.cfi_endproc
 6306              	.LFE52:
 6308              		.section	.text.prvResetNextTaskUnblockTime,"ax",%progbits
 6309              		.align	1
 6310              		.syntax unified
 6311              		.thumb
 6312              		.thumb_func
 6314              	prvResetNextTaskUnblockTime:
 6315              	.LFB53:
3939:Middlewares/Third_Party/FreeRTOS/Source/tasks.c **** 
3940:Middlewares/Third_Party/FreeRTOS/Source/tasks.c **** #endif /* INCLUDE_vTaskDelete */
3941:Middlewares/Third_Party/FreeRTOS/Source/tasks.c **** /*-----------------------------------------------------------*/
3942:Middlewares/Third_Party/FreeRTOS/Source/tasks.c **** 
3943:Middlewares/Third_Party/FreeRTOS/Source/tasks.c **** static void prvResetNextTaskUnblockTime( void )
3944:Middlewares/Third_Party/FreeRTOS/Source/tasks.c **** {
 6316              		.loc 1 3944 1
 6317              		.cfi_startproc
 6318              		@ args = 0, pretend = 0, frame = 8
 6319              		@ frame_needed = 1, uses_anonymous_args = 0
 6320              		@ link register save eliminated.
 6321 0000 80B4     		push	{r7}
 6322              	.LCFI250:
 6323              		.cfi_def_cfa_offset 4
 6324              		.cfi_offset 7, -4
 6325 0002 83B0     		sub	sp, sp, #12
ARM GAS  /tmp/ccsbjPFO.s 			page 185


 6326              	.LCFI251:
 6327              		.cfi_def_cfa_offset 16
 6328 0004 00AF     		add	r7, sp, #0
 6329              	.LCFI252:
 6330              		.cfi_def_cfa_register 7
3945:Middlewares/Third_Party/FreeRTOS/Source/tasks.c **** TCB_t *pxTCB;
3946:Middlewares/Third_Party/FreeRTOS/Source/tasks.c **** 
3947:Middlewares/Third_Party/FreeRTOS/Source/tasks.c **** 	if( listLIST_IS_EMPTY( pxDelayedTaskList ) != pdFALSE )
 6331              		.loc 1 3947 6
 6332 0006 0C4B     		ldr	r3, .L397
 6333 0008 1B68     		ldr	r3, [r3]
 6334 000a 1B68     		ldr	r3, [r3]
 6335              		.loc 1 3947 4
 6336 000c 002B     		cmp	r3, #0
 6337 000e 04D1     		bne	.L394
3948:Middlewares/Third_Party/FreeRTOS/Source/tasks.c **** 	{
3949:Middlewares/Third_Party/FreeRTOS/Source/tasks.c **** 		/* The new current delayed list is empty.  Set xNextTaskUnblockTime to
3950:Middlewares/Third_Party/FreeRTOS/Source/tasks.c **** 		the maximum possible value so it is	extremely unlikely that the
3951:Middlewares/Third_Party/FreeRTOS/Source/tasks.c **** 		if( xTickCount >= xNextTaskUnblockTime ) test will pass until
3952:Middlewares/Third_Party/FreeRTOS/Source/tasks.c **** 		there is an item in the delayed list. */
3953:Middlewares/Third_Party/FreeRTOS/Source/tasks.c **** 		xNextTaskUnblockTime = portMAX_DELAY;
 6338              		.loc 1 3953 24
 6339 0010 0A4B     		ldr	r3, .L397+4
 6340 0012 4FF0FF32 		mov	r2, #-1
 6341 0016 1A60     		str	r2, [r3]
3954:Middlewares/Third_Party/FreeRTOS/Source/tasks.c **** 	}
3955:Middlewares/Third_Party/FreeRTOS/Source/tasks.c **** 	else
3956:Middlewares/Third_Party/FreeRTOS/Source/tasks.c **** 	{
3957:Middlewares/Third_Party/FreeRTOS/Source/tasks.c **** 		/* The new current delayed list is not empty, get the value of
3958:Middlewares/Third_Party/FreeRTOS/Source/tasks.c **** 		the item at the head of the delayed list.  This is the time at
3959:Middlewares/Third_Party/FreeRTOS/Source/tasks.c **** 		which the task at the head of the delayed list should be removed
3960:Middlewares/Third_Party/FreeRTOS/Source/tasks.c **** 		from the Blocked state. */
3961:Middlewares/Third_Party/FreeRTOS/Source/tasks.c **** 		( pxTCB ) = listGET_OWNER_OF_HEAD_ENTRY( pxDelayedTaskList ); /*lint !e9079 void * is used as thi
3962:Middlewares/Third_Party/FreeRTOS/Source/tasks.c **** 		xNextTaskUnblockTime = listGET_LIST_ITEM_VALUE( &( ( pxTCB )->xStateListItem ) );
3963:Middlewares/Third_Party/FreeRTOS/Source/tasks.c **** 	}
3964:Middlewares/Third_Party/FreeRTOS/Source/tasks.c **** }
 6342              		.loc 1 3964 1
 6343 0018 08E0     		b	.L396
 6344              	.L394:
3961:Middlewares/Third_Party/FreeRTOS/Source/tasks.c **** 		xNextTaskUnblockTime = listGET_LIST_ITEM_VALUE( &( ( pxTCB )->xStateListItem ) );
 6345              		.loc 1 3961 15
 6346 001a 074B     		ldr	r3, .L397
 6347 001c 1B68     		ldr	r3, [r3]
 6348 001e DB68     		ldr	r3, [r3, #12]
3961:Middlewares/Third_Party/FreeRTOS/Source/tasks.c **** 		xNextTaskUnblockTime = listGET_LIST_ITEM_VALUE( &( ( pxTCB )->xStateListItem ) );
 6349              		.loc 1 3961 13
 6350 0020 DB68     		ldr	r3, [r3, #12]
 6351 0022 7B60     		str	r3, [r7, #4]
3962:Middlewares/Third_Party/FreeRTOS/Source/tasks.c **** 	}
 6352              		.loc 1 3962 26
 6353 0024 7B68     		ldr	r3, [r7, #4]
 6354 0026 5B68     		ldr	r3, [r3, #4]
3962:Middlewares/Third_Party/FreeRTOS/Source/tasks.c **** 	}
 6355              		.loc 1 3962 24
 6356 0028 044A     		ldr	r2, .L397+4
 6357 002a 1360     		str	r3, [r2]
 6358              	.L396:
ARM GAS  /tmp/ccsbjPFO.s 			page 186


 6359              		.loc 1 3964 1
 6360 002c 00BF     		nop
 6361 002e 0C37     		adds	r7, r7, #12
 6362              	.LCFI253:
 6363              		.cfi_def_cfa_offset 4
 6364 0030 BD46     		mov	sp, r7
 6365              	.LCFI254:
 6366              		.cfi_def_cfa_register 13
 6367              		@ sp needed
 6368 0032 80BC     		pop	{r7}
 6369              	.LCFI255:
 6370              		.cfi_restore 7
 6371              		.cfi_def_cfa_offset 0
 6372 0034 7047     		bx	lr
 6373              	.L398:
 6374 0036 00BF     		.align	2
 6375              	.L397:
 6376 0038 00000000 		.word	pxDelayedTaskList
 6377 003c 00000000 		.word	xNextTaskUnblockTime
 6378              		.cfi_endproc
 6379              	.LFE53:
 6381              		.section	.text.xTaskGetCurrentTaskHandle,"ax",%progbits
 6382              		.align	1
 6383              		.global	xTaskGetCurrentTaskHandle
 6384              		.syntax unified
 6385              		.thumb
 6386              		.thumb_func
 6388              	xTaskGetCurrentTaskHandle:
 6389              	.LFB54:
3965:Middlewares/Third_Party/FreeRTOS/Source/tasks.c **** /*-----------------------------------------------------------*/
3966:Middlewares/Third_Party/FreeRTOS/Source/tasks.c **** 
3967:Middlewares/Third_Party/FreeRTOS/Source/tasks.c **** #if ( ( INCLUDE_xTaskGetCurrentTaskHandle == 1 ) || ( configUSE_MUTEXES == 1 ) )
3968:Middlewares/Third_Party/FreeRTOS/Source/tasks.c **** 
3969:Middlewares/Third_Party/FreeRTOS/Source/tasks.c **** 	TaskHandle_t xTaskGetCurrentTaskHandle( void )
3970:Middlewares/Third_Party/FreeRTOS/Source/tasks.c **** 	{
 6390              		.loc 1 3970 2
 6391              		.cfi_startproc
 6392              		@ args = 0, pretend = 0, frame = 8
 6393              		@ frame_needed = 1, uses_anonymous_args = 0
 6394              		@ link register save eliminated.
 6395 0000 80B4     		push	{r7}
 6396              	.LCFI256:
 6397              		.cfi_def_cfa_offset 4
 6398              		.cfi_offset 7, -4
 6399 0002 83B0     		sub	sp, sp, #12
 6400              	.LCFI257:
 6401              		.cfi_def_cfa_offset 16
 6402 0004 00AF     		add	r7, sp, #0
 6403              	.LCFI258:
 6404              		.cfi_def_cfa_register 7
3971:Middlewares/Third_Party/FreeRTOS/Source/tasks.c **** 	TaskHandle_t xReturn;
3972:Middlewares/Third_Party/FreeRTOS/Source/tasks.c **** 
3973:Middlewares/Third_Party/FreeRTOS/Source/tasks.c **** 		/* A critical section is not required as this is not called from
3974:Middlewares/Third_Party/FreeRTOS/Source/tasks.c **** 		an interrupt and the current TCB will always be the same for any
3975:Middlewares/Third_Party/FreeRTOS/Source/tasks.c **** 		individual execution thread. */
3976:Middlewares/Third_Party/FreeRTOS/Source/tasks.c **** 		xReturn = pxCurrentTCB;
 6405              		.loc 1 3976 11
ARM GAS  /tmp/ccsbjPFO.s 			page 187


 6406 0006 044B     		ldr	r3, .L401
 6407 0008 1B68     		ldr	r3, [r3]
 6408 000a 7B60     		str	r3, [r7, #4]
3977:Middlewares/Third_Party/FreeRTOS/Source/tasks.c **** 
3978:Middlewares/Third_Party/FreeRTOS/Source/tasks.c **** 		return xReturn;
 6409              		.loc 1 3978 10
 6410 000c 7B68     		ldr	r3, [r7, #4]
3979:Middlewares/Third_Party/FreeRTOS/Source/tasks.c **** 	}
 6411              		.loc 1 3979 2
 6412 000e 1846     		mov	r0, r3
 6413 0010 0C37     		adds	r7, r7, #12
 6414              	.LCFI259:
 6415              		.cfi_def_cfa_offset 4
 6416 0012 BD46     		mov	sp, r7
 6417              	.LCFI260:
 6418              		.cfi_def_cfa_register 13
 6419              		@ sp needed
 6420 0014 80BC     		pop	{r7}
 6421              	.LCFI261:
 6422              		.cfi_restore 7
 6423              		.cfi_def_cfa_offset 0
 6424 0016 7047     		bx	lr
 6425              	.L402:
 6426              		.align	2
 6427              	.L401:
 6428 0018 00000000 		.word	pxCurrentTCB
 6429              		.cfi_endproc
 6430              	.LFE54:
 6432              		.section	.text.xTaskGetSchedulerState,"ax",%progbits
 6433              		.align	1
 6434              		.global	xTaskGetSchedulerState
 6435              		.syntax unified
 6436              		.thumb
 6437              		.thumb_func
 6439              	xTaskGetSchedulerState:
 6440              	.LFB55:
3980:Middlewares/Third_Party/FreeRTOS/Source/tasks.c **** 
3981:Middlewares/Third_Party/FreeRTOS/Source/tasks.c **** #endif /* ( ( INCLUDE_xTaskGetCurrentTaskHandle == 1 ) || ( configUSE_MUTEXES == 1 ) ) */
3982:Middlewares/Third_Party/FreeRTOS/Source/tasks.c **** /*-----------------------------------------------------------*/
3983:Middlewares/Third_Party/FreeRTOS/Source/tasks.c **** 
3984:Middlewares/Third_Party/FreeRTOS/Source/tasks.c **** #if ( ( INCLUDE_xTaskGetSchedulerState == 1 ) || ( configUSE_TIMERS == 1 ) )
3985:Middlewares/Third_Party/FreeRTOS/Source/tasks.c **** 
3986:Middlewares/Third_Party/FreeRTOS/Source/tasks.c **** 	BaseType_t xTaskGetSchedulerState( void )
3987:Middlewares/Third_Party/FreeRTOS/Source/tasks.c **** 	{
 6441              		.loc 1 3987 2
 6442              		.cfi_startproc
 6443              		@ args = 0, pretend = 0, frame = 8
 6444              		@ frame_needed = 1, uses_anonymous_args = 0
 6445              		@ link register save eliminated.
 6446 0000 80B4     		push	{r7}
 6447              	.LCFI262:
 6448              		.cfi_def_cfa_offset 4
 6449              		.cfi_offset 7, -4
 6450 0002 83B0     		sub	sp, sp, #12
 6451              	.LCFI263:
 6452              		.cfi_def_cfa_offset 16
 6453 0004 00AF     		add	r7, sp, #0
ARM GAS  /tmp/ccsbjPFO.s 			page 188


 6454              	.LCFI264:
 6455              		.cfi_def_cfa_register 7
3988:Middlewares/Third_Party/FreeRTOS/Source/tasks.c **** 	BaseType_t xReturn;
3989:Middlewares/Third_Party/FreeRTOS/Source/tasks.c **** 
3990:Middlewares/Third_Party/FreeRTOS/Source/tasks.c **** 		if( xSchedulerRunning == pdFALSE )
 6456              		.loc 1 3990 25
 6457 0006 0B4B     		ldr	r3, .L408
 6458 0008 1B68     		ldr	r3, [r3]
 6459              		.loc 1 3990 5
 6460 000a 002B     		cmp	r3, #0
 6461 000c 02D1     		bne	.L404
3991:Middlewares/Third_Party/FreeRTOS/Source/tasks.c **** 		{
3992:Middlewares/Third_Party/FreeRTOS/Source/tasks.c **** 			xReturn = taskSCHEDULER_NOT_STARTED;
 6462              		.loc 1 3992 12
 6463 000e 0123     		movs	r3, #1
 6464 0010 7B60     		str	r3, [r7, #4]
 6465 0012 08E0     		b	.L405
 6466              	.L404:
3993:Middlewares/Third_Party/FreeRTOS/Source/tasks.c **** 		}
3994:Middlewares/Third_Party/FreeRTOS/Source/tasks.c **** 		else
3995:Middlewares/Third_Party/FreeRTOS/Source/tasks.c **** 		{
3996:Middlewares/Third_Party/FreeRTOS/Source/tasks.c **** 			if( uxSchedulerSuspended == ( UBaseType_t ) pdFALSE )
 6467              		.loc 1 3996 29
 6468 0014 084B     		ldr	r3, .L408+4
 6469 0016 1B68     		ldr	r3, [r3]
 6470              		.loc 1 3996 6
 6471 0018 002B     		cmp	r3, #0
 6472 001a 02D1     		bne	.L406
3997:Middlewares/Third_Party/FreeRTOS/Source/tasks.c **** 			{
3998:Middlewares/Third_Party/FreeRTOS/Source/tasks.c **** 				xReturn = taskSCHEDULER_RUNNING;
 6473              		.loc 1 3998 13
 6474 001c 0223     		movs	r3, #2
 6475 001e 7B60     		str	r3, [r7, #4]
 6476 0020 01E0     		b	.L405
 6477              	.L406:
3999:Middlewares/Third_Party/FreeRTOS/Source/tasks.c **** 			}
4000:Middlewares/Third_Party/FreeRTOS/Source/tasks.c **** 			else
4001:Middlewares/Third_Party/FreeRTOS/Source/tasks.c **** 			{
4002:Middlewares/Third_Party/FreeRTOS/Source/tasks.c **** 				xReturn = taskSCHEDULER_SUSPENDED;
 6478              		.loc 1 4002 13
 6479 0022 0023     		movs	r3, #0
 6480 0024 7B60     		str	r3, [r7, #4]
 6481              	.L405:
4003:Middlewares/Third_Party/FreeRTOS/Source/tasks.c **** 			}
4004:Middlewares/Third_Party/FreeRTOS/Source/tasks.c **** 		}
4005:Middlewares/Third_Party/FreeRTOS/Source/tasks.c **** 
4006:Middlewares/Third_Party/FreeRTOS/Source/tasks.c **** 		return xReturn;
 6482              		.loc 1 4006 10
 6483 0026 7B68     		ldr	r3, [r7, #4]
4007:Middlewares/Third_Party/FreeRTOS/Source/tasks.c **** 	}
 6484              		.loc 1 4007 2
 6485 0028 1846     		mov	r0, r3
 6486 002a 0C37     		adds	r7, r7, #12
 6487              	.LCFI265:
 6488              		.cfi_def_cfa_offset 4
 6489 002c BD46     		mov	sp, r7
 6490              	.LCFI266:
ARM GAS  /tmp/ccsbjPFO.s 			page 189


 6491              		.cfi_def_cfa_register 13
 6492              		@ sp needed
 6493 002e 80BC     		pop	{r7}
 6494              	.LCFI267:
 6495              		.cfi_restore 7
 6496              		.cfi_def_cfa_offset 0
 6497 0030 7047     		bx	lr
 6498              	.L409:
 6499 0032 00BF     		.align	2
 6500              	.L408:
 6501 0034 00000000 		.word	xSchedulerRunning
 6502 0038 00000000 		.word	uxSchedulerSuspended
 6503              		.cfi_endproc
 6504              	.LFE55:
 6506              		.section	.text.xTaskPriorityInherit,"ax",%progbits
 6507              		.align	1
 6508              		.global	xTaskPriorityInherit
 6509              		.syntax unified
 6510              		.thumb
 6511              		.thumb_func
 6513              	xTaskPriorityInherit:
 6514              	.LFB56:
4008:Middlewares/Third_Party/FreeRTOS/Source/tasks.c **** 
4009:Middlewares/Third_Party/FreeRTOS/Source/tasks.c **** #endif /* ( ( INCLUDE_xTaskGetSchedulerState == 1 ) || ( configUSE_TIMERS == 1 ) ) */
4010:Middlewares/Third_Party/FreeRTOS/Source/tasks.c **** /*-----------------------------------------------------------*/
4011:Middlewares/Third_Party/FreeRTOS/Source/tasks.c **** 
4012:Middlewares/Third_Party/FreeRTOS/Source/tasks.c **** #if ( configUSE_MUTEXES == 1 )
4013:Middlewares/Third_Party/FreeRTOS/Source/tasks.c **** 
4014:Middlewares/Third_Party/FreeRTOS/Source/tasks.c **** 	BaseType_t xTaskPriorityInherit( TaskHandle_t const pxMutexHolder )
4015:Middlewares/Third_Party/FreeRTOS/Source/tasks.c **** 	{
 6515              		.loc 1 4015 2
 6516              		.cfi_startproc
 6517              		@ args = 0, pretend = 0, frame = 16
 6518              		@ frame_needed = 1, uses_anonymous_args = 0
 6519 0000 80B5     		push	{r7, lr}
 6520              	.LCFI268:
 6521              		.cfi_def_cfa_offset 8
 6522              		.cfi_offset 7, -8
 6523              		.cfi_offset 14, -4
 6524 0002 84B0     		sub	sp, sp, #16
 6525              	.LCFI269:
 6526              		.cfi_def_cfa_offset 24
 6527 0004 00AF     		add	r7, sp, #0
 6528              	.LCFI270:
 6529              		.cfi_def_cfa_register 7
 6530 0006 7860     		str	r0, [r7, #4]
4016:Middlewares/Third_Party/FreeRTOS/Source/tasks.c **** 	TCB_t * const pxMutexHolderTCB = pxMutexHolder;
 6531              		.loc 1 4016 16
 6532 0008 7B68     		ldr	r3, [r7, #4]
 6533 000a BB60     		str	r3, [r7, #8]
4017:Middlewares/Third_Party/FreeRTOS/Source/tasks.c **** 	BaseType_t xReturn = pdFALSE;
 6534              		.loc 1 4017 13
 6535 000c 0023     		movs	r3, #0
 6536 000e FB60     		str	r3, [r7, #12]
4018:Middlewares/Third_Party/FreeRTOS/Source/tasks.c **** 
4019:Middlewares/Third_Party/FreeRTOS/Source/tasks.c **** 		/* If the mutex was given back by an interrupt while the queue was
4020:Middlewares/Third_Party/FreeRTOS/Source/tasks.c **** 		locked then the mutex holder might now be NULL.  _RB_ Is this still
ARM GAS  /tmp/ccsbjPFO.s 			page 190


4021:Middlewares/Third_Party/FreeRTOS/Source/tasks.c **** 		needed as interrupts can no longer use mutexes? */
4022:Middlewares/Third_Party/FreeRTOS/Source/tasks.c **** 		if( pxMutexHolder != NULL )
 6537              		.loc 1 4022 5
 6538 0010 7B68     		ldr	r3, [r7, #4]
 6539 0012 002B     		cmp	r3, #0
 6540 0014 51D0     		beq	.L411
4023:Middlewares/Third_Party/FreeRTOS/Source/tasks.c **** 		{
4024:Middlewares/Third_Party/FreeRTOS/Source/tasks.c **** 			/* If the holder of the mutex has a priority below the priority of
4025:Middlewares/Third_Party/FreeRTOS/Source/tasks.c **** 			the task attempting to obtain the mutex then it will temporarily
4026:Middlewares/Third_Party/FreeRTOS/Source/tasks.c **** 			inherit the priority of the task attempting to obtain the mutex. */
4027:Middlewares/Third_Party/FreeRTOS/Source/tasks.c **** 			if( pxMutexHolderTCB->uxPriority < pxCurrentTCB->uxPriority )
 6541              		.loc 1 4027 24
 6542 0016 BB68     		ldr	r3, [r7, #8]
 6543 0018 DA6A     		ldr	r2, [r3, #44]
 6544              		.loc 1 4027 51
 6545 001a 2A4B     		ldr	r3, .L418
 6546 001c 1B68     		ldr	r3, [r3]
 6547 001e DB6A     		ldr	r3, [r3, #44]
 6548              		.loc 1 4027 6
 6549 0020 9A42     		cmp	r2, r3
 6550 0022 41D2     		bcs	.L412
4028:Middlewares/Third_Party/FreeRTOS/Source/tasks.c **** 			{
4029:Middlewares/Third_Party/FreeRTOS/Source/tasks.c **** 				/* Adjust the mutex holder state to account for its new
4030:Middlewares/Third_Party/FreeRTOS/Source/tasks.c **** 				priority.  Only reset the event list item value if the value is
4031:Middlewares/Third_Party/FreeRTOS/Source/tasks.c **** 				not being used for anything else. */
4032:Middlewares/Third_Party/FreeRTOS/Source/tasks.c **** 				if( ( listGET_LIST_ITEM_VALUE( &( pxMutexHolderTCB->xEventListItem ) ) & taskEVENT_LIST_ITEM_VA
 6551              		.loc 1 4032 11
 6552 0024 BB68     		ldr	r3, [r7, #8]
 6553 0026 9B69     		ldr	r3, [r3, #24]
 6554              		.loc 1 4032 7
 6555 0028 002B     		cmp	r3, #0
 6556 002a 06DB     		blt	.L413
4033:Middlewares/Third_Party/FreeRTOS/Source/tasks.c **** 				{
4034:Middlewares/Third_Party/FreeRTOS/Source/tasks.c **** 					listSET_LIST_ITEM_VALUE( &( pxMutexHolderTCB->xEventListItem ), ( TickType_t ) configMAX_PRIOR
 6557              		.loc 1 4034 6
 6558 002c 254B     		ldr	r3, .L418
 6559 002e 1B68     		ldr	r3, [r3]
 6560 0030 DB6A     		ldr	r3, [r3, #44]
 6561 0032 C3F13802 		rsb	r2, r3, #56
 6562 0036 BB68     		ldr	r3, [r7, #8]
 6563 0038 9A61     		str	r2, [r3, #24]
 6564              	.L413:
4035:Middlewares/Third_Party/FreeRTOS/Source/tasks.c **** 				}
4036:Middlewares/Third_Party/FreeRTOS/Source/tasks.c **** 				else
4037:Middlewares/Third_Party/FreeRTOS/Source/tasks.c **** 				{
4038:Middlewares/Third_Party/FreeRTOS/Source/tasks.c **** 					mtCOVERAGE_TEST_MARKER();
4039:Middlewares/Third_Party/FreeRTOS/Source/tasks.c **** 				}
4040:Middlewares/Third_Party/FreeRTOS/Source/tasks.c **** 
4041:Middlewares/Third_Party/FreeRTOS/Source/tasks.c **** 				/* If the task being modified is in the ready state it will need
4042:Middlewares/Third_Party/FreeRTOS/Source/tasks.c **** 				to be moved into a new list. */
4043:Middlewares/Third_Party/FreeRTOS/Source/tasks.c **** 				if( listIS_CONTAINED_WITHIN( &( pxReadyTasksLists[ pxMutexHolderTCB->uxPriority ] ), &( pxMutex
 6565              		.loc 1 4043 9
 6566 003a BB68     		ldr	r3, [r7, #8]
 6567 003c 5969     		ldr	r1, [r3, #20]
 6568 003e BB68     		ldr	r3, [r7, #8]
 6569 0040 DA6A     		ldr	r2, [r3, #44]
 6570 0042 1346     		mov	r3, r2
ARM GAS  /tmp/ccsbjPFO.s 			page 191


 6571 0044 9B00     		lsls	r3, r3, #2
 6572 0046 1344     		add	r3, r3, r2
 6573 0048 9B00     		lsls	r3, r3, #2
 6574 004a 1F4A     		ldr	r2, .L418+4
 6575 004c 1344     		add	r3, r3, r2
 6576              		.loc 1 4043 7
 6577 004e 9942     		cmp	r1, r3
 6578 0050 22D1     		bne	.L414
4044:Middlewares/Third_Party/FreeRTOS/Source/tasks.c **** 				{
4045:Middlewares/Third_Party/FreeRTOS/Source/tasks.c **** 					if( uxListRemove( &( pxMutexHolderTCB->xStateListItem ) ) == ( UBaseType_t ) 0 )
 6579              		.loc 1 4045 24
 6580 0052 BB68     		ldr	r3, [r7, #8]
 6581 0054 0433     		adds	r3, r3, #4
 6582              		.loc 1 4045 10
 6583 0056 1846     		mov	r0, r3
 6584 0058 FFF7FEFF 		bl	uxListRemove
4046:Middlewares/Third_Party/FreeRTOS/Source/tasks.c **** 					{
4047:Middlewares/Third_Party/FreeRTOS/Source/tasks.c **** 						/* It is known that the task is in its ready list so
4048:Middlewares/Third_Party/FreeRTOS/Source/tasks.c **** 						there is no need to check again and the port level
4049:Middlewares/Third_Party/FreeRTOS/Source/tasks.c **** 						reset macro can be called directly. */
4050:Middlewares/Third_Party/FreeRTOS/Source/tasks.c **** 						portRESET_READY_PRIORITY( pxMutexHolderTCB->uxPriority, uxTopReadyPriority );
4051:Middlewares/Third_Party/FreeRTOS/Source/tasks.c **** 					}
4052:Middlewares/Third_Party/FreeRTOS/Source/tasks.c **** 					else
4053:Middlewares/Third_Party/FreeRTOS/Source/tasks.c **** 					{
4054:Middlewares/Third_Party/FreeRTOS/Source/tasks.c **** 						mtCOVERAGE_TEST_MARKER();
4055:Middlewares/Third_Party/FreeRTOS/Source/tasks.c **** 					}
4056:Middlewares/Third_Party/FreeRTOS/Source/tasks.c **** 
4057:Middlewares/Third_Party/FreeRTOS/Source/tasks.c **** 					/* Inherit the priority before being moved into the new list. */
4058:Middlewares/Third_Party/FreeRTOS/Source/tasks.c **** 					pxMutexHolderTCB->uxPriority = pxCurrentTCB->uxPriority;
 6585              		.loc 1 4058 49
 6586 005c 194B     		ldr	r3, .L418
 6587 005e 1B68     		ldr	r3, [r3]
 6588 0060 DA6A     		ldr	r2, [r3, #44]
 6589              		.loc 1 4058 35
 6590 0062 BB68     		ldr	r3, [r7, #8]
 6591 0064 DA62     		str	r2, [r3, #44]
4059:Middlewares/Third_Party/FreeRTOS/Source/tasks.c **** 					prvAddTaskToReadyList( pxMutexHolderTCB );
 6592              		.loc 1 4059 6
 6593 0066 BB68     		ldr	r3, [r7, #8]
 6594 0068 DA6A     		ldr	r2, [r3, #44]
 6595 006a 184B     		ldr	r3, .L418+8
 6596 006c 1B68     		ldr	r3, [r3]
 6597 006e 9A42     		cmp	r2, r3
 6598 0070 03D9     		bls	.L415
 6599              		.loc 1 4059 6 is_stmt 0 discriminator 1
 6600 0072 BB68     		ldr	r3, [r7, #8]
 6601 0074 DB6A     		ldr	r3, [r3, #44]
 6602 0076 154A     		ldr	r2, .L418+8
 6603 0078 1360     		str	r3, [r2]
 6604              	.L415:
 6605              		.loc 1 4059 6 discriminator 3
 6606 007a BB68     		ldr	r3, [r7, #8]
 6607 007c DA6A     		ldr	r2, [r3, #44]
 6608 007e 1346     		mov	r3, r2
 6609 0080 9B00     		lsls	r3, r3, #2
 6610 0082 1344     		add	r3, r3, r2
 6611 0084 9B00     		lsls	r3, r3, #2
ARM GAS  /tmp/ccsbjPFO.s 			page 192


 6612 0086 104A     		ldr	r2, .L418+4
 6613 0088 1A44     		add	r2, r2, r3
 6614 008a BB68     		ldr	r3, [r7, #8]
 6615 008c 0433     		adds	r3, r3, #4
 6616 008e 1946     		mov	r1, r3
 6617 0090 1046     		mov	r0, r2
 6618 0092 FFF7FEFF 		bl	vListInsertEnd
 6619 0096 04E0     		b	.L416
 6620              	.L414:
4060:Middlewares/Third_Party/FreeRTOS/Source/tasks.c **** 				}
4061:Middlewares/Third_Party/FreeRTOS/Source/tasks.c **** 				else
4062:Middlewares/Third_Party/FreeRTOS/Source/tasks.c **** 				{
4063:Middlewares/Third_Party/FreeRTOS/Source/tasks.c **** 					/* Just inherit the priority. */
4064:Middlewares/Third_Party/FreeRTOS/Source/tasks.c **** 					pxMutexHolderTCB->uxPriority = pxCurrentTCB->uxPriority;
 6621              		.loc 1 4064 49 is_stmt 1
 6622 0098 0A4B     		ldr	r3, .L418
 6623 009a 1B68     		ldr	r3, [r3]
 6624 009c DA6A     		ldr	r2, [r3, #44]
 6625              		.loc 1 4064 35
 6626 009e BB68     		ldr	r3, [r7, #8]
 6627 00a0 DA62     		str	r2, [r3, #44]
 6628              	.L416:
4065:Middlewares/Third_Party/FreeRTOS/Source/tasks.c **** 				}
4066:Middlewares/Third_Party/FreeRTOS/Source/tasks.c **** 
4067:Middlewares/Third_Party/FreeRTOS/Source/tasks.c **** 				traceTASK_PRIORITY_INHERIT( pxMutexHolderTCB, pxCurrentTCB->uxPriority );
4068:Middlewares/Third_Party/FreeRTOS/Source/tasks.c **** 
4069:Middlewares/Third_Party/FreeRTOS/Source/tasks.c **** 				/* Inheritance occurred. */
4070:Middlewares/Third_Party/FreeRTOS/Source/tasks.c **** 				xReturn = pdTRUE;
 6629              		.loc 1 4070 13
 6630 00a2 0123     		movs	r3, #1
 6631 00a4 FB60     		str	r3, [r7, #12]
 6632 00a6 08E0     		b	.L411
 6633              	.L412:
4071:Middlewares/Third_Party/FreeRTOS/Source/tasks.c **** 			}
4072:Middlewares/Third_Party/FreeRTOS/Source/tasks.c **** 			else
4073:Middlewares/Third_Party/FreeRTOS/Source/tasks.c **** 			{
4074:Middlewares/Third_Party/FreeRTOS/Source/tasks.c **** 				if( pxMutexHolderTCB->uxBasePriority < pxCurrentTCB->uxPriority )
 6634              		.loc 1 4074 25
 6635 00a8 BB68     		ldr	r3, [r7, #8]
 6636 00aa 1A6D     		ldr	r2, [r3, #80]
 6637              		.loc 1 4074 56
 6638 00ac 054B     		ldr	r3, .L418
 6639 00ae 1B68     		ldr	r3, [r3]
 6640 00b0 DB6A     		ldr	r3, [r3, #44]
 6641              		.loc 1 4074 7
 6642 00b2 9A42     		cmp	r2, r3
 6643 00b4 01D2     		bcs	.L411
4075:Middlewares/Third_Party/FreeRTOS/Source/tasks.c **** 				{
4076:Middlewares/Third_Party/FreeRTOS/Source/tasks.c **** 					/* The base priority of the mutex holder is lower than the
4077:Middlewares/Third_Party/FreeRTOS/Source/tasks.c **** 					priority of the task attempting to take the mutex, but the
4078:Middlewares/Third_Party/FreeRTOS/Source/tasks.c **** 					current priority of the mutex holder is not lower than the
4079:Middlewares/Third_Party/FreeRTOS/Source/tasks.c **** 					priority of the task attempting to take the mutex.
4080:Middlewares/Third_Party/FreeRTOS/Source/tasks.c **** 					Therefore the mutex holder must have already inherited a
4081:Middlewares/Third_Party/FreeRTOS/Source/tasks.c **** 					priority, but inheritance would have occurred if that had
4082:Middlewares/Third_Party/FreeRTOS/Source/tasks.c **** 					not been the case. */
4083:Middlewares/Third_Party/FreeRTOS/Source/tasks.c **** 					xReturn = pdTRUE;
 6644              		.loc 1 4083 14
ARM GAS  /tmp/ccsbjPFO.s 			page 193


 6645 00b6 0123     		movs	r3, #1
 6646 00b8 FB60     		str	r3, [r7, #12]
 6647              	.L411:
4084:Middlewares/Third_Party/FreeRTOS/Source/tasks.c **** 				}
4085:Middlewares/Third_Party/FreeRTOS/Source/tasks.c **** 				else
4086:Middlewares/Third_Party/FreeRTOS/Source/tasks.c **** 				{
4087:Middlewares/Third_Party/FreeRTOS/Source/tasks.c **** 					mtCOVERAGE_TEST_MARKER();
4088:Middlewares/Third_Party/FreeRTOS/Source/tasks.c **** 				}
4089:Middlewares/Third_Party/FreeRTOS/Source/tasks.c **** 			}
4090:Middlewares/Third_Party/FreeRTOS/Source/tasks.c **** 		}
4091:Middlewares/Third_Party/FreeRTOS/Source/tasks.c **** 		else
4092:Middlewares/Third_Party/FreeRTOS/Source/tasks.c **** 		{
4093:Middlewares/Third_Party/FreeRTOS/Source/tasks.c **** 			mtCOVERAGE_TEST_MARKER();
4094:Middlewares/Third_Party/FreeRTOS/Source/tasks.c **** 		}
4095:Middlewares/Third_Party/FreeRTOS/Source/tasks.c **** 
4096:Middlewares/Third_Party/FreeRTOS/Source/tasks.c **** 		return xReturn;
 6648              		.loc 1 4096 10
 6649 00ba FB68     		ldr	r3, [r7, #12]
4097:Middlewares/Third_Party/FreeRTOS/Source/tasks.c **** 	}
 6650              		.loc 1 4097 2
 6651 00bc 1846     		mov	r0, r3
 6652 00be 1037     		adds	r7, r7, #16
 6653              	.LCFI271:
 6654              		.cfi_def_cfa_offset 8
 6655 00c0 BD46     		mov	sp, r7
 6656              	.LCFI272:
 6657              		.cfi_def_cfa_register 13
 6658              		@ sp needed
 6659 00c2 80BD     		pop	{r7, pc}
 6660              	.L419:
 6661              		.align	2
 6662              	.L418:
 6663 00c4 00000000 		.word	pxCurrentTCB
 6664 00c8 00000000 		.word	pxReadyTasksLists
 6665 00cc 00000000 		.word	uxTopReadyPriority
 6666              		.cfi_endproc
 6667              	.LFE56:
 6669              		.section	.text.xTaskPriorityDisinherit,"ax",%progbits
 6670              		.align	1
 6671              		.global	xTaskPriorityDisinherit
 6672              		.syntax unified
 6673              		.thumb
 6674              		.thumb_func
 6676              	xTaskPriorityDisinherit:
 6677              	.LFB57:
4098:Middlewares/Third_Party/FreeRTOS/Source/tasks.c **** 
4099:Middlewares/Third_Party/FreeRTOS/Source/tasks.c **** #endif /* configUSE_MUTEXES */
4100:Middlewares/Third_Party/FreeRTOS/Source/tasks.c **** /*-----------------------------------------------------------*/
4101:Middlewares/Third_Party/FreeRTOS/Source/tasks.c **** 
4102:Middlewares/Third_Party/FreeRTOS/Source/tasks.c **** #if ( configUSE_MUTEXES == 1 )
4103:Middlewares/Third_Party/FreeRTOS/Source/tasks.c **** 
4104:Middlewares/Third_Party/FreeRTOS/Source/tasks.c **** 	BaseType_t xTaskPriorityDisinherit( TaskHandle_t const pxMutexHolder )
4105:Middlewares/Third_Party/FreeRTOS/Source/tasks.c **** 	{
 6678              		.loc 1 4105 2
 6679              		.cfi_startproc
 6680              		@ args = 0, pretend = 0, frame = 24
 6681              		@ frame_needed = 1, uses_anonymous_args = 0
ARM GAS  /tmp/ccsbjPFO.s 			page 194


 6682 0000 80B5     		push	{r7, lr}
 6683              	.LCFI273:
 6684              		.cfi_def_cfa_offset 8
 6685              		.cfi_offset 7, -8
 6686              		.cfi_offset 14, -4
 6687 0002 86B0     		sub	sp, sp, #24
 6688              	.LCFI274:
 6689              		.cfi_def_cfa_offset 32
 6690 0004 00AF     		add	r7, sp, #0
 6691              	.LCFI275:
 6692              		.cfi_def_cfa_register 7
 6693 0006 7860     		str	r0, [r7, #4]
4106:Middlewares/Third_Party/FreeRTOS/Source/tasks.c **** 	TCB_t * const pxTCB = pxMutexHolder;
 6694              		.loc 1 4106 16
 6695 0008 7B68     		ldr	r3, [r7, #4]
 6696 000a 3B61     		str	r3, [r7, #16]
4107:Middlewares/Third_Party/FreeRTOS/Source/tasks.c **** 	BaseType_t xReturn = pdFALSE;
 6697              		.loc 1 4107 13
 6698 000c 0023     		movs	r3, #0
 6699 000e 7B61     		str	r3, [r7, #20]
4108:Middlewares/Third_Party/FreeRTOS/Source/tasks.c **** 
4109:Middlewares/Third_Party/FreeRTOS/Source/tasks.c **** 		if( pxMutexHolder != NULL )
 6700              		.loc 1 4109 5
 6701 0010 7B68     		ldr	r3, [r7, #4]
 6702 0012 002B     		cmp	r3, #0
 6703 0014 58D0     		beq	.L421
4110:Middlewares/Third_Party/FreeRTOS/Source/tasks.c **** 		{
4111:Middlewares/Third_Party/FreeRTOS/Source/tasks.c **** 			/* A task can only have an inherited priority if it holds the mutex.
4112:Middlewares/Third_Party/FreeRTOS/Source/tasks.c **** 			If the mutex is held by a task then it cannot be given from an
4113:Middlewares/Third_Party/FreeRTOS/Source/tasks.c **** 			interrupt, and if a mutex is given by the holding task then it must
4114:Middlewares/Third_Party/FreeRTOS/Source/tasks.c **** 			be the running state task. */
4115:Middlewares/Third_Party/FreeRTOS/Source/tasks.c **** 			configASSERT( pxTCB == pxCurrentTCB );
 6704              		.loc 1 4115 4
 6705 0016 2F4B     		ldr	r3, .L428
 6706 0018 1B68     		ldr	r3, [r3]
 6707 001a 3A69     		ldr	r2, [r7, #16]
 6708 001c 9A42     		cmp	r2, r3
 6709 001e 0BD0     		beq	.L422
 6710              	.LBB223:
 6711              	.LBB224:
 195:Middlewares/Third_Party/FreeRTOS/Source/portable/GCC/ARM_CM4F/portmacro.h **** 	(
 6712              		.loc 2 195 2
 6713              		.syntax unified
 6714              	@ 195 "Middlewares/Third_Party/FreeRTOS/Source/portable/GCC/ARM_CM4F/portmacro.h" 1
 6715 0020 4FF05003 			mov r3, #80												
 6716 0024 83F31188 		msr basepri, r3											
 6717 0028 BFF36F8F 		isb														
 6718 002c BFF34F8F 		dsb														
 6719              	
 6720              	@ 0 "" 2
 6721              		.thumb
 6722              		.syntax unified
 6723 0030 FB60     		str	r3, [r7, #12]
 203:Middlewares/Third_Party/FreeRTOS/Source/portable/GCC/ARM_CM4F/portmacro.h **** 
 6724              		.loc 2 203 1
 6725 0032 00BF     		nop
 6726              	.L423:
ARM GAS  /tmp/ccsbjPFO.s 			page 195


 6727              	.LBE224:
 6728              	.LBE223:
 6729              		.loc 1 4115 4
 6730 0034 00BF     		nop
 6731 0036 FDE7     		b	.L423
 6732              	.L422:
4116:Middlewares/Third_Party/FreeRTOS/Source/tasks.c **** 			configASSERT( pxTCB->uxMutexesHeld );
 6733              		.loc 1 4116 4
 6734 0038 3B69     		ldr	r3, [r7, #16]
 6735 003a 5B6D     		ldr	r3, [r3, #84]
 6736 003c 002B     		cmp	r3, #0
 6737 003e 0BD1     		bne	.L424
 6738              	.LBB225:
 6739              	.LBB226:
 195:Middlewares/Third_Party/FreeRTOS/Source/portable/GCC/ARM_CM4F/portmacro.h **** 	(
 6740              		.loc 2 195 2
 6741              		.syntax unified
 6742              	@ 195 "Middlewares/Third_Party/FreeRTOS/Source/portable/GCC/ARM_CM4F/portmacro.h" 1
 6743 0040 4FF05003 			mov r3, #80												
 6744 0044 83F31188 		msr basepri, r3											
 6745 0048 BFF36F8F 		isb														
 6746 004c BFF34F8F 		dsb														
 6747              	
 6748              	@ 0 "" 2
 6749              		.thumb
 6750              		.syntax unified
 6751 0050 BB60     		str	r3, [r7, #8]
 203:Middlewares/Third_Party/FreeRTOS/Source/portable/GCC/ARM_CM4F/portmacro.h **** 
 6752              		.loc 2 203 1
 6753 0052 00BF     		nop
 6754              	.L425:
 6755              	.LBE226:
 6756              	.LBE225:
 6757              		.loc 1 4116 4
 6758 0054 00BF     		nop
 6759 0056 FDE7     		b	.L425
 6760              	.L424:
4117:Middlewares/Third_Party/FreeRTOS/Source/tasks.c **** 			( pxTCB->uxMutexesHeld )--;
 6761              		.loc 1 4117 11
 6762 0058 3B69     		ldr	r3, [r7, #16]
 6763 005a 5B6D     		ldr	r3, [r3, #84]
 6764              		.loc 1 4117 28
 6765 005c 5A1E     		subs	r2, r3, #1
 6766 005e 3B69     		ldr	r3, [r7, #16]
 6767 0060 5A65     		str	r2, [r3, #84]
4118:Middlewares/Third_Party/FreeRTOS/Source/tasks.c **** 
4119:Middlewares/Third_Party/FreeRTOS/Source/tasks.c **** 			/* Has the holder of the mutex inherited the priority of another
4120:Middlewares/Third_Party/FreeRTOS/Source/tasks.c **** 			task? */
4121:Middlewares/Third_Party/FreeRTOS/Source/tasks.c **** 			if( pxTCB->uxPriority != pxTCB->uxBasePriority )
 6768              		.loc 1 4121 13
 6769 0062 3B69     		ldr	r3, [r7, #16]
 6770 0064 DA6A     		ldr	r2, [r3, #44]
 6771              		.loc 1 4121 34
 6772 0066 3B69     		ldr	r3, [r7, #16]
 6773 0068 1B6D     		ldr	r3, [r3, #80]
 6774              		.loc 1 4121 6
 6775 006a 9A42     		cmp	r2, r3
ARM GAS  /tmp/ccsbjPFO.s 			page 196


 6776 006c 2CD0     		beq	.L421
4122:Middlewares/Third_Party/FreeRTOS/Source/tasks.c **** 			{
4123:Middlewares/Third_Party/FreeRTOS/Source/tasks.c **** 				/* Only disinherit if no other mutexes are held. */
4124:Middlewares/Third_Party/FreeRTOS/Source/tasks.c **** 				if( pxTCB->uxMutexesHeld == ( UBaseType_t ) 0 )
 6777              		.loc 1 4124 14
 6778 006e 3B69     		ldr	r3, [r7, #16]
 6779 0070 5B6D     		ldr	r3, [r3, #84]
 6780              		.loc 1 4124 7
 6781 0072 002B     		cmp	r3, #0
 6782 0074 28D1     		bne	.L421
4125:Middlewares/Third_Party/FreeRTOS/Source/tasks.c **** 				{
4126:Middlewares/Third_Party/FreeRTOS/Source/tasks.c **** 					/* A task can only have an inherited priority if it holds
4127:Middlewares/Third_Party/FreeRTOS/Source/tasks.c **** 					the mutex.  If the mutex is held by a task then it cannot be
4128:Middlewares/Third_Party/FreeRTOS/Source/tasks.c **** 					given from an interrupt, and if a mutex is given by the
4129:Middlewares/Third_Party/FreeRTOS/Source/tasks.c **** 					holding task then it must be the running state task.  Remove
4130:Middlewares/Third_Party/FreeRTOS/Source/tasks.c **** 					the holding task from the ready/delayed list. */
4131:Middlewares/Third_Party/FreeRTOS/Source/tasks.c **** 					if( uxListRemove( &( pxTCB->xStateListItem ) ) == ( UBaseType_t ) 0 )
 6783              		.loc 1 4131 24
 6784 0076 3B69     		ldr	r3, [r7, #16]
 6785 0078 0433     		adds	r3, r3, #4
 6786              		.loc 1 4131 10
 6787 007a 1846     		mov	r0, r3
 6788 007c FFF7FEFF 		bl	uxListRemove
4132:Middlewares/Third_Party/FreeRTOS/Source/tasks.c **** 					{
4133:Middlewares/Third_Party/FreeRTOS/Source/tasks.c **** 						taskRESET_READY_PRIORITY( pxTCB->uxPriority );
4134:Middlewares/Third_Party/FreeRTOS/Source/tasks.c **** 					}
4135:Middlewares/Third_Party/FreeRTOS/Source/tasks.c **** 					else
4136:Middlewares/Third_Party/FreeRTOS/Source/tasks.c **** 					{
4137:Middlewares/Third_Party/FreeRTOS/Source/tasks.c **** 						mtCOVERAGE_TEST_MARKER();
4138:Middlewares/Third_Party/FreeRTOS/Source/tasks.c **** 					}
4139:Middlewares/Third_Party/FreeRTOS/Source/tasks.c **** 
4140:Middlewares/Third_Party/FreeRTOS/Source/tasks.c **** 					/* Disinherit the priority before adding the task into the
4141:Middlewares/Third_Party/FreeRTOS/Source/tasks.c **** 					new	ready list. */
4142:Middlewares/Third_Party/FreeRTOS/Source/tasks.c **** 					traceTASK_PRIORITY_DISINHERIT( pxTCB, pxTCB->uxBasePriority );
4143:Middlewares/Third_Party/FreeRTOS/Source/tasks.c **** 					pxTCB->uxPriority = pxTCB->uxBasePriority;
 6789              		.loc 1 4143 31
 6790 0080 3B69     		ldr	r3, [r7, #16]
 6791 0082 1A6D     		ldr	r2, [r3, #80]
 6792              		.loc 1 4143 24
 6793 0084 3B69     		ldr	r3, [r7, #16]
 6794 0086 DA62     		str	r2, [r3, #44]
4144:Middlewares/Third_Party/FreeRTOS/Source/tasks.c **** 
4145:Middlewares/Third_Party/FreeRTOS/Source/tasks.c **** 					/* Reset the event list item value.  It cannot be in use for
4146:Middlewares/Third_Party/FreeRTOS/Source/tasks.c **** 					any other purpose if this task is running, and it must be
4147:Middlewares/Third_Party/FreeRTOS/Source/tasks.c **** 					running to give back the mutex. */
4148:Middlewares/Third_Party/FreeRTOS/Source/tasks.c **** 					listSET_LIST_ITEM_VALUE( &( pxTCB->xEventListItem ), ( TickType_t ) configMAX_PRIORITIES - ( T
 6795              		.loc 1 4148 6
 6796 0088 3B69     		ldr	r3, [r7, #16]
 6797 008a DB6A     		ldr	r3, [r3, #44]
 6798 008c C3F13802 		rsb	r2, r3, #56
 6799 0090 3B69     		ldr	r3, [r7, #16]
 6800 0092 9A61     		str	r2, [r3, #24]
4149:Middlewares/Third_Party/FreeRTOS/Source/tasks.c **** 					prvAddTaskToReadyList( pxTCB );
 6801              		.loc 1 4149 6
 6802 0094 3B69     		ldr	r3, [r7, #16]
 6803 0096 DA6A     		ldr	r2, [r3, #44]
 6804 0098 0F4B     		ldr	r3, .L428+4
ARM GAS  /tmp/ccsbjPFO.s 			page 197


 6805 009a 1B68     		ldr	r3, [r3]
 6806 009c 9A42     		cmp	r2, r3
 6807 009e 03D9     		bls	.L426
 6808              		.loc 1 4149 6 is_stmt 0 discriminator 1
 6809 00a0 3B69     		ldr	r3, [r7, #16]
 6810 00a2 DB6A     		ldr	r3, [r3, #44]
 6811 00a4 0C4A     		ldr	r2, .L428+4
 6812 00a6 1360     		str	r3, [r2]
 6813              	.L426:
 6814              		.loc 1 4149 6 discriminator 3
 6815 00a8 3B69     		ldr	r3, [r7, #16]
 6816 00aa DA6A     		ldr	r2, [r3, #44]
 6817 00ac 1346     		mov	r3, r2
 6818 00ae 9B00     		lsls	r3, r3, #2
 6819 00b0 1344     		add	r3, r3, r2
 6820 00b2 9B00     		lsls	r3, r3, #2
 6821 00b4 094A     		ldr	r2, .L428+8
 6822 00b6 1A44     		add	r2, r2, r3
 6823 00b8 3B69     		ldr	r3, [r7, #16]
 6824 00ba 0433     		adds	r3, r3, #4
 6825 00bc 1946     		mov	r1, r3
 6826 00be 1046     		mov	r0, r2
 6827 00c0 FFF7FEFF 		bl	vListInsertEnd
4150:Middlewares/Third_Party/FreeRTOS/Source/tasks.c **** 
4151:Middlewares/Third_Party/FreeRTOS/Source/tasks.c **** 					/* Return true to indicate that a context switch is required.
4152:Middlewares/Third_Party/FreeRTOS/Source/tasks.c **** 					This is only actually required in the corner case whereby
4153:Middlewares/Third_Party/FreeRTOS/Source/tasks.c **** 					multiple mutexes were held and the mutexes were given back
4154:Middlewares/Third_Party/FreeRTOS/Source/tasks.c **** 					in an order different to that in which they were taken.
4155:Middlewares/Third_Party/FreeRTOS/Source/tasks.c **** 					If a context switch did not occur when the first mutex was
4156:Middlewares/Third_Party/FreeRTOS/Source/tasks.c **** 					returned, even if a task was waiting on it, then a context
4157:Middlewares/Third_Party/FreeRTOS/Source/tasks.c **** 					switch should occur when the last mutex is returned whether
4158:Middlewares/Third_Party/FreeRTOS/Source/tasks.c **** 					a task is waiting on it or not. */
4159:Middlewares/Third_Party/FreeRTOS/Source/tasks.c **** 					xReturn = pdTRUE;
 6828              		.loc 1 4159 14 is_stmt 1
 6829 00c4 0123     		movs	r3, #1
 6830 00c6 7B61     		str	r3, [r7, #20]
 6831              	.L421:
4160:Middlewares/Third_Party/FreeRTOS/Source/tasks.c **** 				}
4161:Middlewares/Third_Party/FreeRTOS/Source/tasks.c **** 				else
4162:Middlewares/Third_Party/FreeRTOS/Source/tasks.c **** 				{
4163:Middlewares/Third_Party/FreeRTOS/Source/tasks.c **** 					mtCOVERAGE_TEST_MARKER();
4164:Middlewares/Third_Party/FreeRTOS/Source/tasks.c **** 				}
4165:Middlewares/Third_Party/FreeRTOS/Source/tasks.c **** 			}
4166:Middlewares/Third_Party/FreeRTOS/Source/tasks.c **** 			else
4167:Middlewares/Third_Party/FreeRTOS/Source/tasks.c **** 			{
4168:Middlewares/Third_Party/FreeRTOS/Source/tasks.c **** 				mtCOVERAGE_TEST_MARKER();
4169:Middlewares/Third_Party/FreeRTOS/Source/tasks.c **** 			}
4170:Middlewares/Third_Party/FreeRTOS/Source/tasks.c **** 		}
4171:Middlewares/Third_Party/FreeRTOS/Source/tasks.c **** 		else
4172:Middlewares/Third_Party/FreeRTOS/Source/tasks.c **** 		{
4173:Middlewares/Third_Party/FreeRTOS/Source/tasks.c **** 			mtCOVERAGE_TEST_MARKER();
4174:Middlewares/Third_Party/FreeRTOS/Source/tasks.c **** 		}
4175:Middlewares/Third_Party/FreeRTOS/Source/tasks.c **** 
4176:Middlewares/Third_Party/FreeRTOS/Source/tasks.c **** 		return xReturn;
 6832              		.loc 1 4176 10
 6833 00c8 7B69     		ldr	r3, [r7, #20]
4177:Middlewares/Third_Party/FreeRTOS/Source/tasks.c **** 	}
ARM GAS  /tmp/ccsbjPFO.s 			page 198


 6834              		.loc 1 4177 2
 6835 00ca 1846     		mov	r0, r3
 6836 00cc 1837     		adds	r7, r7, #24
 6837              	.LCFI276:
 6838              		.cfi_def_cfa_offset 8
 6839 00ce BD46     		mov	sp, r7
 6840              	.LCFI277:
 6841              		.cfi_def_cfa_register 13
 6842              		@ sp needed
 6843 00d0 80BD     		pop	{r7, pc}
 6844              	.L429:
 6845 00d2 00BF     		.align	2
 6846              	.L428:
 6847 00d4 00000000 		.word	pxCurrentTCB
 6848 00d8 00000000 		.word	uxTopReadyPriority
 6849 00dc 00000000 		.word	pxReadyTasksLists
 6850              		.cfi_endproc
 6851              	.LFE57:
 6853              		.section	.text.vTaskPriorityDisinheritAfterTimeout,"ax",%progbits
 6854              		.align	1
 6855              		.global	vTaskPriorityDisinheritAfterTimeout
 6856              		.syntax unified
 6857              		.thumb
 6858              		.thumb_func
 6860              	vTaskPriorityDisinheritAfterTimeout:
 6861              	.LFB58:
4178:Middlewares/Third_Party/FreeRTOS/Source/tasks.c **** 
4179:Middlewares/Third_Party/FreeRTOS/Source/tasks.c **** #endif /* configUSE_MUTEXES */
4180:Middlewares/Third_Party/FreeRTOS/Source/tasks.c **** /*-----------------------------------------------------------*/
4181:Middlewares/Third_Party/FreeRTOS/Source/tasks.c **** 
4182:Middlewares/Third_Party/FreeRTOS/Source/tasks.c **** #if ( configUSE_MUTEXES == 1 )
4183:Middlewares/Third_Party/FreeRTOS/Source/tasks.c **** 
4184:Middlewares/Third_Party/FreeRTOS/Source/tasks.c **** 	void vTaskPriorityDisinheritAfterTimeout( TaskHandle_t const pxMutexHolder, UBaseType_t uxHighestP
4185:Middlewares/Third_Party/FreeRTOS/Source/tasks.c **** 	{
 6862              		.loc 1 4185 2
 6863              		.cfi_startproc
 6864              		@ args = 0, pretend = 0, frame = 32
 6865              		@ frame_needed = 1, uses_anonymous_args = 0
 6866 0000 80B5     		push	{r7, lr}
 6867              	.LCFI278:
 6868              		.cfi_def_cfa_offset 8
 6869              		.cfi_offset 7, -8
 6870              		.cfi_offset 14, -4
 6871 0002 88B0     		sub	sp, sp, #32
 6872              	.LCFI279:
 6873              		.cfi_def_cfa_offset 40
 6874 0004 00AF     		add	r7, sp, #0
 6875              	.LCFI280:
 6876              		.cfi_def_cfa_register 7
 6877 0006 7860     		str	r0, [r7, #4]
 6878 0008 3960     		str	r1, [r7]
4186:Middlewares/Third_Party/FreeRTOS/Source/tasks.c **** 	TCB_t * const pxTCB = pxMutexHolder;
 6879              		.loc 1 4186 16
 6880 000a 7B68     		ldr	r3, [r7, #4]
 6881 000c BB61     		str	r3, [r7, #24]
4187:Middlewares/Third_Party/FreeRTOS/Source/tasks.c **** 	UBaseType_t uxPriorityUsedOnEntry, uxPriorityToUse;
4188:Middlewares/Third_Party/FreeRTOS/Source/tasks.c **** 	const UBaseType_t uxOnlyOneMutexHeld = ( UBaseType_t ) 1;
ARM GAS  /tmp/ccsbjPFO.s 			page 199


 6882              		.loc 1 4188 20
 6883 000e 0123     		movs	r3, #1
 6884 0010 7B61     		str	r3, [r7, #20]
4189:Middlewares/Third_Party/FreeRTOS/Source/tasks.c **** 
4190:Middlewares/Third_Party/FreeRTOS/Source/tasks.c **** 		if( pxMutexHolder != NULL )
 6885              		.loc 1 4190 5
 6886 0012 7B68     		ldr	r3, [r7, #4]
 6887 0014 002B     		cmp	r3, #0
 6888 0016 6CD0     		beq	.L440
4191:Middlewares/Third_Party/FreeRTOS/Source/tasks.c **** 		{
4192:Middlewares/Third_Party/FreeRTOS/Source/tasks.c **** 			/* If pxMutexHolder is not NULL then the holder must hold at least
4193:Middlewares/Third_Party/FreeRTOS/Source/tasks.c **** 			one mutex. */
4194:Middlewares/Third_Party/FreeRTOS/Source/tasks.c **** 			configASSERT( pxTCB->uxMutexesHeld );
 6889              		.loc 1 4194 4
 6890 0018 BB69     		ldr	r3, [r7, #24]
 6891 001a 5B6D     		ldr	r3, [r3, #84]
 6892 001c 002B     		cmp	r3, #0
 6893 001e 0BD1     		bne	.L432
 6894              	.LBB227:
 6895              	.LBB228:
 195:Middlewares/Third_Party/FreeRTOS/Source/portable/GCC/ARM_CM4F/portmacro.h **** 	(
 6896              		.loc 2 195 2
 6897              		.syntax unified
 6898              	@ 195 "Middlewares/Third_Party/FreeRTOS/Source/portable/GCC/ARM_CM4F/portmacro.h" 1
 6899 0020 4FF05003 			mov r3, #80												
 6900 0024 83F31188 		msr basepri, r3											
 6901 0028 BFF36F8F 		isb														
 6902 002c BFF34F8F 		dsb														
 6903              	
 6904              	@ 0 "" 2
 6905              		.thumb
 6906              		.syntax unified
 6907 0030 FB60     		str	r3, [r7, #12]
 203:Middlewares/Third_Party/FreeRTOS/Source/portable/GCC/ARM_CM4F/portmacro.h **** 
 6908              		.loc 2 203 1
 6909 0032 00BF     		nop
 6910              	.L433:
 6911              	.LBE228:
 6912              	.LBE227:
 6913              		.loc 1 4194 4
 6914 0034 00BF     		nop
 6915 0036 FDE7     		b	.L433
 6916              	.L432:
4195:Middlewares/Third_Party/FreeRTOS/Source/tasks.c **** 
4196:Middlewares/Third_Party/FreeRTOS/Source/tasks.c **** 			/* Determine the priority to which the priority of the task that
4197:Middlewares/Third_Party/FreeRTOS/Source/tasks.c **** 			holds the mutex should be set.  This will be the greater of the
4198:Middlewares/Third_Party/FreeRTOS/Source/tasks.c **** 			holding task's base priority and the priority of the highest
4199:Middlewares/Third_Party/FreeRTOS/Source/tasks.c **** 			priority task that is waiting to obtain the mutex. */
4200:Middlewares/Third_Party/FreeRTOS/Source/tasks.c **** 			if( pxTCB->uxBasePriority < uxHighestPriorityWaitingTask )
 6917              		.loc 1 4200 13
 6918 0038 BB69     		ldr	r3, [r7, #24]
 6919 003a 1B6D     		ldr	r3, [r3, #80]
 6920              		.loc 1 4200 6
 6921 003c 3A68     		ldr	r2, [r7]
 6922 003e 9A42     		cmp	r2, r3
 6923 0040 02D9     		bls	.L434
4201:Middlewares/Third_Party/FreeRTOS/Source/tasks.c **** 			{
ARM GAS  /tmp/ccsbjPFO.s 			page 200


4202:Middlewares/Third_Party/FreeRTOS/Source/tasks.c **** 				uxPriorityToUse = uxHighestPriorityWaitingTask;
 6924              		.loc 1 4202 21
 6925 0042 3B68     		ldr	r3, [r7]
 6926 0044 FB61     		str	r3, [r7, #28]
 6927 0046 02E0     		b	.L435
 6928              	.L434:
4203:Middlewares/Third_Party/FreeRTOS/Source/tasks.c **** 			}
4204:Middlewares/Third_Party/FreeRTOS/Source/tasks.c **** 			else
4205:Middlewares/Third_Party/FreeRTOS/Source/tasks.c **** 			{
4206:Middlewares/Third_Party/FreeRTOS/Source/tasks.c **** 				uxPriorityToUse = pxTCB->uxBasePriority;
 6929              		.loc 1 4206 21
 6930 0048 BB69     		ldr	r3, [r7, #24]
 6931 004a 1B6D     		ldr	r3, [r3, #80]
 6932 004c FB61     		str	r3, [r7, #28]
 6933              	.L435:
4207:Middlewares/Third_Party/FreeRTOS/Source/tasks.c **** 			}
4208:Middlewares/Third_Party/FreeRTOS/Source/tasks.c **** 
4209:Middlewares/Third_Party/FreeRTOS/Source/tasks.c **** 			/* Does the priority need to change? */
4210:Middlewares/Third_Party/FreeRTOS/Source/tasks.c **** 			if( pxTCB->uxPriority != uxPriorityToUse )
 6934              		.loc 1 4210 13
 6935 004e BB69     		ldr	r3, [r7, #24]
 6936 0050 DB6A     		ldr	r3, [r3, #44]
 6937              		.loc 1 4210 6
 6938 0052 FA69     		ldr	r2, [r7, #28]
 6939 0054 9A42     		cmp	r2, r3
 6940 0056 4CD0     		beq	.L440
4211:Middlewares/Third_Party/FreeRTOS/Source/tasks.c **** 			{
4212:Middlewares/Third_Party/FreeRTOS/Source/tasks.c **** 				/* Only disinherit if no other mutexes are held.  This is a
4213:Middlewares/Third_Party/FreeRTOS/Source/tasks.c **** 				simplification in the priority inheritance implementation.  If
4214:Middlewares/Third_Party/FreeRTOS/Source/tasks.c **** 				the task that holds the mutex is also holding other mutexes then
4215:Middlewares/Third_Party/FreeRTOS/Source/tasks.c **** 				the other mutexes may have caused the priority inheritance. */
4216:Middlewares/Third_Party/FreeRTOS/Source/tasks.c **** 				if( pxTCB->uxMutexesHeld == uxOnlyOneMutexHeld )
 6941              		.loc 1 4216 14
 6942 0058 BB69     		ldr	r3, [r7, #24]
 6943 005a 5B6D     		ldr	r3, [r3, #84]
 6944              		.loc 1 4216 7
 6945 005c 7A69     		ldr	r2, [r7, #20]
 6946 005e 9A42     		cmp	r2, r3
 6947 0060 47D1     		bne	.L440
4217:Middlewares/Third_Party/FreeRTOS/Source/tasks.c **** 				{
4218:Middlewares/Third_Party/FreeRTOS/Source/tasks.c **** 					/* If a task has timed out because it already holds the
4219:Middlewares/Third_Party/FreeRTOS/Source/tasks.c **** 					mutex it was trying to obtain then it cannot of inherited
4220:Middlewares/Third_Party/FreeRTOS/Source/tasks.c **** 					its own priority. */
4221:Middlewares/Third_Party/FreeRTOS/Source/tasks.c **** 					configASSERT( pxTCB != pxCurrentTCB );
 6948              		.loc 1 4221 6
 6949 0062 264B     		ldr	r3, .L441
 6950 0064 1B68     		ldr	r3, [r3]
 6951 0066 BA69     		ldr	r2, [r7, #24]
 6952 0068 9A42     		cmp	r2, r3
 6953 006a 0BD1     		bne	.L436
 6954              	.LBB229:
 6955              	.LBB230:
 195:Middlewares/Third_Party/FreeRTOS/Source/portable/GCC/ARM_CM4F/portmacro.h **** 	(
 6956              		.loc 2 195 2
 6957              		.syntax unified
 6958              	@ 195 "Middlewares/Third_Party/FreeRTOS/Source/portable/GCC/ARM_CM4F/portmacro.h" 1
 6959 006c 4FF05003 			mov r3, #80												
ARM GAS  /tmp/ccsbjPFO.s 			page 201


 6960 0070 83F31188 		msr basepri, r3											
 6961 0074 BFF36F8F 		isb														
 6962 0078 BFF34F8F 		dsb														
 6963              	
 6964              	@ 0 "" 2
 6965              		.thumb
 6966              		.syntax unified
 6967 007c BB60     		str	r3, [r7, #8]
 203:Middlewares/Third_Party/FreeRTOS/Source/portable/GCC/ARM_CM4F/portmacro.h **** 
 6968              		.loc 2 203 1
 6969 007e 00BF     		nop
 6970              	.L437:
 6971              	.LBE230:
 6972              	.LBE229:
 6973              		.loc 1 4221 6
 6974 0080 00BF     		nop
 6975 0082 FDE7     		b	.L437
 6976              	.L436:
4222:Middlewares/Third_Party/FreeRTOS/Source/tasks.c **** 
4223:Middlewares/Third_Party/FreeRTOS/Source/tasks.c **** 					/* Disinherit the priority, remembering the previous
4224:Middlewares/Third_Party/FreeRTOS/Source/tasks.c **** 					priority to facilitate determining the subject task's
4225:Middlewares/Third_Party/FreeRTOS/Source/tasks.c **** 					state. */
4226:Middlewares/Third_Party/FreeRTOS/Source/tasks.c **** 					traceTASK_PRIORITY_DISINHERIT( pxTCB, pxTCB->uxBasePriority );
4227:Middlewares/Third_Party/FreeRTOS/Source/tasks.c **** 					uxPriorityUsedOnEntry = pxTCB->uxPriority;
 6977              		.loc 1 4227 28
 6978 0084 BB69     		ldr	r3, [r7, #24]
 6979 0086 DB6A     		ldr	r3, [r3, #44]
 6980 0088 3B61     		str	r3, [r7, #16]
4228:Middlewares/Third_Party/FreeRTOS/Source/tasks.c **** 					pxTCB->uxPriority = uxPriorityToUse;
 6981              		.loc 1 4228 24
 6982 008a BB69     		ldr	r3, [r7, #24]
 6983 008c FA69     		ldr	r2, [r7, #28]
 6984 008e DA62     		str	r2, [r3, #44]
4229:Middlewares/Third_Party/FreeRTOS/Source/tasks.c **** 
4230:Middlewares/Third_Party/FreeRTOS/Source/tasks.c **** 					/* Only reset the event list item value if the value is not
4231:Middlewares/Third_Party/FreeRTOS/Source/tasks.c **** 					being used for anything else. */
4232:Middlewares/Third_Party/FreeRTOS/Source/tasks.c **** 					if( ( listGET_LIST_ITEM_VALUE( &( pxTCB->xEventListItem ) ) & taskEVENT_LIST_ITEM_VALUE_IN_USE
 6985              		.loc 1 4232 12
 6986 0090 BB69     		ldr	r3, [r7, #24]
 6987 0092 9B69     		ldr	r3, [r3, #24]
 6988              		.loc 1 4232 8
 6989 0094 002B     		cmp	r3, #0
 6990 0096 04DB     		blt	.L438
4233:Middlewares/Third_Party/FreeRTOS/Source/tasks.c **** 					{
4234:Middlewares/Third_Party/FreeRTOS/Source/tasks.c **** 						listSET_LIST_ITEM_VALUE( &( pxTCB->xEventListItem ), ( TickType_t ) configMAX_PRIORITIES - ( 
 6991              		.loc 1 4234 7
 6992 0098 FB69     		ldr	r3, [r7, #28]
 6993 009a C3F13802 		rsb	r2, r3, #56
 6994 009e BB69     		ldr	r3, [r7, #24]
 6995 00a0 9A61     		str	r2, [r3, #24]
 6996              	.L438:
4235:Middlewares/Third_Party/FreeRTOS/Source/tasks.c **** 					}
4236:Middlewares/Third_Party/FreeRTOS/Source/tasks.c **** 					else
4237:Middlewares/Third_Party/FreeRTOS/Source/tasks.c **** 					{
4238:Middlewares/Third_Party/FreeRTOS/Source/tasks.c **** 						mtCOVERAGE_TEST_MARKER();
4239:Middlewares/Third_Party/FreeRTOS/Source/tasks.c **** 					}
4240:Middlewares/Third_Party/FreeRTOS/Source/tasks.c **** 
ARM GAS  /tmp/ccsbjPFO.s 			page 202


4241:Middlewares/Third_Party/FreeRTOS/Source/tasks.c **** 					/* If the running task is not the task that holds the mutex
4242:Middlewares/Third_Party/FreeRTOS/Source/tasks.c **** 					then the task that holds the mutex could be in either the
4243:Middlewares/Third_Party/FreeRTOS/Source/tasks.c **** 					Ready, Blocked or Suspended states.  Only remove the task
4244:Middlewares/Third_Party/FreeRTOS/Source/tasks.c **** 					from its current state list if it is in the Ready state as
4245:Middlewares/Third_Party/FreeRTOS/Source/tasks.c **** 					the task's priority is going to change and there is one
4246:Middlewares/Third_Party/FreeRTOS/Source/tasks.c **** 					Ready list per priority. */
4247:Middlewares/Third_Party/FreeRTOS/Source/tasks.c **** 					if( listIS_CONTAINED_WITHIN( &( pxReadyTasksLists[ uxPriorityUsedOnEntry ] ), &( pxTCB->xState
 6997              		.loc 1 4247 10
 6998 00a2 BB69     		ldr	r3, [r7, #24]
 6999 00a4 5969     		ldr	r1, [r3, #20]
 7000 00a6 3A69     		ldr	r2, [r7, #16]
 7001 00a8 1346     		mov	r3, r2
 7002 00aa 9B00     		lsls	r3, r3, #2
 7003 00ac 1344     		add	r3, r3, r2
 7004 00ae 9B00     		lsls	r3, r3, #2
 7005 00b0 134A     		ldr	r2, .L441+4
 7006 00b2 1344     		add	r3, r3, r2
 7007              		.loc 1 4247 8
 7008 00b4 9942     		cmp	r1, r3
 7009 00b6 1CD1     		bne	.L440
4248:Middlewares/Third_Party/FreeRTOS/Source/tasks.c **** 					{
4249:Middlewares/Third_Party/FreeRTOS/Source/tasks.c **** 						if( uxListRemove( &( pxTCB->xStateListItem ) ) == ( UBaseType_t ) 0 )
 7010              		.loc 1 4249 25
 7011 00b8 BB69     		ldr	r3, [r7, #24]
 7012 00ba 0433     		adds	r3, r3, #4
 7013              		.loc 1 4249 11
 7014 00bc 1846     		mov	r0, r3
 7015 00be FFF7FEFF 		bl	uxListRemove
4250:Middlewares/Third_Party/FreeRTOS/Source/tasks.c **** 						{
4251:Middlewares/Third_Party/FreeRTOS/Source/tasks.c **** 							/* It is known that the task is in its ready list so
4252:Middlewares/Third_Party/FreeRTOS/Source/tasks.c **** 							there is no need to check again and the port level
4253:Middlewares/Third_Party/FreeRTOS/Source/tasks.c **** 							reset macro can be called directly. */
4254:Middlewares/Third_Party/FreeRTOS/Source/tasks.c **** 							portRESET_READY_PRIORITY( pxTCB->uxPriority, uxTopReadyPriority );
4255:Middlewares/Third_Party/FreeRTOS/Source/tasks.c **** 						}
4256:Middlewares/Third_Party/FreeRTOS/Source/tasks.c **** 						else
4257:Middlewares/Third_Party/FreeRTOS/Source/tasks.c **** 						{
4258:Middlewares/Third_Party/FreeRTOS/Source/tasks.c **** 							mtCOVERAGE_TEST_MARKER();
4259:Middlewares/Third_Party/FreeRTOS/Source/tasks.c **** 						}
4260:Middlewares/Third_Party/FreeRTOS/Source/tasks.c **** 
4261:Middlewares/Third_Party/FreeRTOS/Source/tasks.c **** 						prvAddTaskToReadyList( pxTCB );
 7016              		.loc 1 4261 7
 7017 00c2 BB69     		ldr	r3, [r7, #24]
 7018 00c4 DA6A     		ldr	r2, [r3, #44]
 7019 00c6 0F4B     		ldr	r3, .L441+8
 7020 00c8 1B68     		ldr	r3, [r3]
 7021 00ca 9A42     		cmp	r2, r3
 7022 00cc 03D9     		bls	.L439
 7023              		.loc 1 4261 7 is_stmt 0 discriminator 1
 7024 00ce BB69     		ldr	r3, [r7, #24]
 7025 00d0 DB6A     		ldr	r3, [r3, #44]
 7026 00d2 0C4A     		ldr	r2, .L441+8
 7027 00d4 1360     		str	r3, [r2]
 7028              	.L439:
 7029              		.loc 1 4261 7 discriminator 3
 7030 00d6 BB69     		ldr	r3, [r7, #24]
 7031 00d8 DA6A     		ldr	r2, [r3, #44]
 7032 00da 1346     		mov	r3, r2
ARM GAS  /tmp/ccsbjPFO.s 			page 203


 7033 00dc 9B00     		lsls	r3, r3, #2
 7034 00de 1344     		add	r3, r3, r2
 7035 00e0 9B00     		lsls	r3, r3, #2
 7036 00e2 074A     		ldr	r2, .L441+4
 7037 00e4 1A44     		add	r2, r2, r3
 7038 00e6 BB69     		ldr	r3, [r7, #24]
 7039 00e8 0433     		adds	r3, r3, #4
 7040 00ea 1946     		mov	r1, r3
 7041 00ec 1046     		mov	r0, r2
 7042 00ee FFF7FEFF 		bl	vListInsertEnd
 7043              	.L440:
4262:Middlewares/Third_Party/FreeRTOS/Source/tasks.c **** 					}
4263:Middlewares/Third_Party/FreeRTOS/Source/tasks.c **** 					else
4264:Middlewares/Third_Party/FreeRTOS/Source/tasks.c **** 					{
4265:Middlewares/Third_Party/FreeRTOS/Source/tasks.c **** 						mtCOVERAGE_TEST_MARKER();
4266:Middlewares/Third_Party/FreeRTOS/Source/tasks.c **** 					}
4267:Middlewares/Third_Party/FreeRTOS/Source/tasks.c **** 				}
4268:Middlewares/Third_Party/FreeRTOS/Source/tasks.c **** 				else
4269:Middlewares/Third_Party/FreeRTOS/Source/tasks.c **** 				{
4270:Middlewares/Third_Party/FreeRTOS/Source/tasks.c **** 					mtCOVERAGE_TEST_MARKER();
4271:Middlewares/Third_Party/FreeRTOS/Source/tasks.c **** 				}
4272:Middlewares/Third_Party/FreeRTOS/Source/tasks.c **** 			}
4273:Middlewares/Third_Party/FreeRTOS/Source/tasks.c **** 			else
4274:Middlewares/Third_Party/FreeRTOS/Source/tasks.c **** 			{
4275:Middlewares/Third_Party/FreeRTOS/Source/tasks.c **** 				mtCOVERAGE_TEST_MARKER();
4276:Middlewares/Third_Party/FreeRTOS/Source/tasks.c **** 			}
4277:Middlewares/Third_Party/FreeRTOS/Source/tasks.c **** 		}
4278:Middlewares/Third_Party/FreeRTOS/Source/tasks.c **** 		else
4279:Middlewares/Third_Party/FreeRTOS/Source/tasks.c **** 		{
4280:Middlewares/Third_Party/FreeRTOS/Source/tasks.c **** 			mtCOVERAGE_TEST_MARKER();
4281:Middlewares/Third_Party/FreeRTOS/Source/tasks.c **** 		}
4282:Middlewares/Third_Party/FreeRTOS/Source/tasks.c **** 	}
 7044              		.loc 1 4282 2 is_stmt 1
 7045 00f2 00BF     		nop
 7046 00f4 2037     		adds	r7, r7, #32
 7047              	.LCFI281:
 7048              		.cfi_def_cfa_offset 8
 7049 00f6 BD46     		mov	sp, r7
 7050              	.LCFI282:
 7051              		.cfi_def_cfa_register 13
 7052              		@ sp needed
 7053 00f8 80BD     		pop	{r7, pc}
 7054              	.L442:
 7055 00fa 00BF     		.align	2
 7056              	.L441:
 7057 00fc 00000000 		.word	pxCurrentTCB
 7058 0100 00000000 		.word	pxReadyTasksLists
 7059 0104 00000000 		.word	uxTopReadyPriority
 7060              		.cfi_endproc
 7061              	.LFE58:
 7063              		.section	.text.uxTaskResetEventItemValue,"ax",%progbits
 7064              		.align	1
 7065              		.global	uxTaskResetEventItemValue
 7066              		.syntax unified
 7067              		.thumb
 7068              		.thumb_func
 7070              	uxTaskResetEventItemValue:
ARM GAS  /tmp/ccsbjPFO.s 			page 204


 7071              	.LFB59:
4283:Middlewares/Third_Party/FreeRTOS/Source/tasks.c **** 
4284:Middlewares/Third_Party/FreeRTOS/Source/tasks.c **** #endif /* configUSE_MUTEXES */
4285:Middlewares/Third_Party/FreeRTOS/Source/tasks.c **** /*-----------------------------------------------------------*/
4286:Middlewares/Third_Party/FreeRTOS/Source/tasks.c **** 
4287:Middlewares/Third_Party/FreeRTOS/Source/tasks.c **** #if ( portCRITICAL_NESTING_IN_TCB == 1 )
4288:Middlewares/Third_Party/FreeRTOS/Source/tasks.c **** 
4289:Middlewares/Third_Party/FreeRTOS/Source/tasks.c **** 	void vTaskEnterCritical( void )
4290:Middlewares/Third_Party/FreeRTOS/Source/tasks.c **** 	{
4291:Middlewares/Third_Party/FreeRTOS/Source/tasks.c **** 		portDISABLE_INTERRUPTS();
4292:Middlewares/Third_Party/FreeRTOS/Source/tasks.c **** 
4293:Middlewares/Third_Party/FreeRTOS/Source/tasks.c **** 		if( xSchedulerRunning != pdFALSE )
4294:Middlewares/Third_Party/FreeRTOS/Source/tasks.c **** 		{
4295:Middlewares/Third_Party/FreeRTOS/Source/tasks.c **** 			( pxCurrentTCB->uxCriticalNesting )++;
4296:Middlewares/Third_Party/FreeRTOS/Source/tasks.c **** 
4297:Middlewares/Third_Party/FreeRTOS/Source/tasks.c **** 			/* This is not the interrupt safe version of the enter critical
4298:Middlewares/Third_Party/FreeRTOS/Source/tasks.c **** 			function so	assert() if it is being called from an interrupt
4299:Middlewares/Third_Party/FreeRTOS/Source/tasks.c **** 			context.  Only API functions that end in "FromISR" can be used in an
4300:Middlewares/Third_Party/FreeRTOS/Source/tasks.c **** 			interrupt.  Only assert if the critical nesting count is 1 to
4301:Middlewares/Third_Party/FreeRTOS/Source/tasks.c **** 			protect against recursive calls if the assert function also uses a
4302:Middlewares/Third_Party/FreeRTOS/Source/tasks.c **** 			critical section. */
4303:Middlewares/Third_Party/FreeRTOS/Source/tasks.c **** 			if( pxCurrentTCB->uxCriticalNesting == 1 )
4304:Middlewares/Third_Party/FreeRTOS/Source/tasks.c **** 			{
4305:Middlewares/Third_Party/FreeRTOS/Source/tasks.c **** 				portASSERT_IF_IN_ISR();
4306:Middlewares/Third_Party/FreeRTOS/Source/tasks.c **** 			}
4307:Middlewares/Third_Party/FreeRTOS/Source/tasks.c **** 		}
4308:Middlewares/Third_Party/FreeRTOS/Source/tasks.c **** 		else
4309:Middlewares/Third_Party/FreeRTOS/Source/tasks.c **** 		{
4310:Middlewares/Third_Party/FreeRTOS/Source/tasks.c **** 			mtCOVERAGE_TEST_MARKER();
4311:Middlewares/Third_Party/FreeRTOS/Source/tasks.c **** 		}
4312:Middlewares/Third_Party/FreeRTOS/Source/tasks.c **** 	}
4313:Middlewares/Third_Party/FreeRTOS/Source/tasks.c **** 
4314:Middlewares/Third_Party/FreeRTOS/Source/tasks.c **** #endif /* portCRITICAL_NESTING_IN_TCB */
4315:Middlewares/Third_Party/FreeRTOS/Source/tasks.c **** /*-----------------------------------------------------------*/
4316:Middlewares/Third_Party/FreeRTOS/Source/tasks.c **** 
4317:Middlewares/Third_Party/FreeRTOS/Source/tasks.c **** #if ( portCRITICAL_NESTING_IN_TCB == 1 )
4318:Middlewares/Third_Party/FreeRTOS/Source/tasks.c **** 
4319:Middlewares/Third_Party/FreeRTOS/Source/tasks.c **** 	void vTaskExitCritical( void )
4320:Middlewares/Third_Party/FreeRTOS/Source/tasks.c **** 	{
4321:Middlewares/Third_Party/FreeRTOS/Source/tasks.c **** 		if( xSchedulerRunning != pdFALSE )
4322:Middlewares/Third_Party/FreeRTOS/Source/tasks.c **** 		{
4323:Middlewares/Third_Party/FreeRTOS/Source/tasks.c **** 			if( pxCurrentTCB->uxCriticalNesting > 0U )
4324:Middlewares/Third_Party/FreeRTOS/Source/tasks.c **** 			{
4325:Middlewares/Third_Party/FreeRTOS/Source/tasks.c **** 				( pxCurrentTCB->uxCriticalNesting )--;
4326:Middlewares/Third_Party/FreeRTOS/Source/tasks.c **** 
4327:Middlewares/Third_Party/FreeRTOS/Source/tasks.c **** 				if( pxCurrentTCB->uxCriticalNesting == 0U )
4328:Middlewares/Third_Party/FreeRTOS/Source/tasks.c **** 				{
4329:Middlewares/Third_Party/FreeRTOS/Source/tasks.c **** 					portENABLE_INTERRUPTS();
4330:Middlewares/Third_Party/FreeRTOS/Source/tasks.c **** 				}
4331:Middlewares/Third_Party/FreeRTOS/Source/tasks.c **** 				else
4332:Middlewares/Third_Party/FreeRTOS/Source/tasks.c **** 				{
4333:Middlewares/Third_Party/FreeRTOS/Source/tasks.c **** 					mtCOVERAGE_TEST_MARKER();
4334:Middlewares/Third_Party/FreeRTOS/Source/tasks.c **** 				}
4335:Middlewares/Third_Party/FreeRTOS/Source/tasks.c **** 			}
4336:Middlewares/Third_Party/FreeRTOS/Source/tasks.c **** 			else
4337:Middlewares/Third_Party/FreeRTOS/Source/tasks.c **** 			{
4338:Middlewares/Third_Party/FreeRTOS/Source/tasks.c **** 				mtCOVERAGE_TEST_MARKER();
ARM GAS  /tmp/ccsbjPFO.s 			page 205


4339:Middlewares/Third_Party/FreeRTOS/Source/tasks.c **** 			}
4340:Middlewares/Third_Party/FreeRTOS/Source/tasks.c **** 		}
4341:Middlewares/Third_Party/FreeRTOS/Source/tasks.c **** 		else
4342:Middlewares/Third_Party/FreeRTOS/Source/tasks.c **** 		{
4343:Middlewares/Third_Party/FreeRTOS/Source/tasks.c **** 			mtCOVERAGE_TEST_MARKER();
4344:Middlewares/Third_Party/FreeRTOS/Source/tasks.c **** 		}
4345:Middlewares/Third_Party/FreeRTOS/Source/tasks.c **** 	}
4346:Middlewares/Third_Party/FreeRTOS/Source/tasks.c **** 
4347:Middlewares/Third_Party/FreeRTOS/Source/tasks.c **** #endif /* portCRITICAL_NESTING_IN_TCB */
4348:Middlewares/Third_Party/FreeRTOS/Source/tasks.c **** /*-----------------------------------------------------------*/
4349:Middlewares/Third_Party/FreeRTOS/Source/tasks.c **** 
4350:Middlewares/Third_Party/FreeRTOS/Source/tasks.c **** #if ( ( configUSE_TRACE_FACILITY == 1 ) && ( configUSE_STATS_FORMATTING_FUNCTIONS > 0 ) )
4351:Middlewares/Third_Party/FreeRTOS/Source/tasks.c **** 
4352:Middlewares/Third_Party/FreeRTOS/Source/tasks.c **** 	static char *prvWriteNameToBuffer( char *pcBuffer, const char *pcTaskName )
4353:Middlewares/Third_Party/FreeRTOS/Source/tasks.c **** 	{
4354:Middlewares/Third_Party/FreeRTOS/Source/tasks.c **** 	size_t x;
4355:Middlewares/Third_Party/FreeRTOS/Source/tasks.c **** 
4356:Middlewares/Third_Party/FreeRTOS/Source/tasks.c **** 		/* Start by copying the entire string. */
4357:Middlewares/Third_Party/FreeRTOS/Source/tasks.c **** 		strcpy( pcBuffer, pcTaskName );
4358:Middlewares/Third_Party/FreeRTOS/Source/tasks.c **** 
4359:Middlewares/Third_Party/FreeRTOS/Source/tasks.c **** 		/* Pad the end of the string with spaces to ensure columns line up when
4360:Middlewares/Third_Party/FreeRTOS/Source/tasks.c **** 		printed out. */
4361:Middlewares/Third_Party/FreeRTOS/Source/tasks.c **** 		for( x = strlen( pcBuffer ); x < ( size_t ) ( configMAX_TASK_NAME_LEN - 1 ); x++ )
4362:Middlewares/Third_Party/FreeRTOS/Source/tasks.c **** 		{
4363:Middlewares/Third_Party/FreeRTOS/Source/tasks.c **** 			pcBuffer[ x ] = ' ';
4364:Middlewares/Third_Party/FreeRTOS/Source/tasks.c **** 		}
4365:Middlewares/Third_Party/FreeRTOS/Source/tasks.c **** 
4366:Middlewares/Third_Party/FreeRTOS/Source/tasks.c **** 		/* Terminate. */
4367:Middlewares/Third_Party/FreeRTOS/Source/tasks.c **** 		pcBuffer[ x ] = ( char ) 0x00;
4368:Middlewares/Third_Party/FreeRTOS/Source/tasks.c **** 
4369:Middlewares/Third_Party/FreeRTOS/Source/tasks.c **** 		/* Return the new end of string. */
4370:Middlewares/Third_Party/FreeRTOS/Source/tasks.c **** 		return &( pcBuffer[ x ] );
4371:Middlewares/Third_Party/FreeRTOS/Source/tasks.c **** 	}
4372:Middlewares/Third_Party/FreeRTOS/Source/tasks.c **** 
4373:Middlewares/Third_Party/FreeRTOS/Source/tasks.c **** #endif /* ( configUSE_TRACE_FACILITY == 1 ) && ( configUSE_STATS_FORMATTING_FUNCTIONS > 0 ) */
4374:Middlewares/Third_Party/FreeRTOS/Source/tasks.c **** /*-----------------------------------------------------------*/
4375:Middlewares/Third_Party/FreeRTOS/Source/tasks.c **** 
4376:Middlewares/Third_Party/FreeRTOS/Source/tasks.c **** #if ( ( configUSE_TRACE_FACILITY == 1 ) && ( configUSE_STATS_FORMATTING_FUNCTIONS > 0 ) && ( config
4377:Middlewares/Third_Party/FreeRTOS/Source/tasks.c **** 
4378:Middlewares/Third_Party/FreeRTOS/Source/tasks.c **** 	void vTaskList( char * pcWriteBuffer )
4379:Middlewares/Third_Party/FreeRTOS/Source/tasks.c **** 	{
4380:Middlewares/Third_Party/FreeRTOS/Source/tasks.c **** 	TaskStatus_t *pxTaskStatusArray;
4381:Middlewares/Third_Party/FreeRTOS/Source/tasks.c **** 	UBaseType_t uxArraySize, x;
4382:Middlewares/Third_Party/FreeRTOS/Source/tasks.c **** 	char cStatus;
4383:Middlewares/Third_Party/FreeRTOS/Source/tasks.c **** 
4384:Middlewares/Third_Party/FreeRTOS/Source/tasks.c **** 		/*
4385:Middlewares/Third_Party/FreeRTOS/Source/tasks.c **** 		 * PLEASE NOTE:
4386:Middlewares/Third_Party/FreeRTOS/Source/tasks.c **** 		 *
4387:Middlewares/Third_Party/FreeRTOS/Source/tasks.c **** 		 * This function is provided for convenience only, and is used by many
4388:Middlewares/Third_Party/FreeRTOS/Source/tasks.c **** 		 * of the demo applications.  Do not consider it to be part of the
4389:Middlewares/Third_Party/FreeRTOS/Source/tasks.c **** 		 * scheduler.
4390:Middlewares/Third_Party/FreeRTOS/Source/tasks.c **** 		 *
4391:Middlewares/Third_Party/FreeRTOS/Source/tasks.c **** 		 * vTaskList() calls uxTaskGetSystemState(), then formats part of the
4392:Middlewares/Third_Party/FreeRTOS/Source/tasks.c **** 		 * uxTaskGetSystemState() output into a human readable table that
4393:Middlewares/Third_Party/FreeRTOS/Source/tasks.c **** 		 * displays task names, states and stack usage.
4394:Middlewares/Third_Party/FreeRTOS/Source/tasks.c **** 		 *
4395:Middlewares/Third_Party/FreeRTOS/Source/tasks.c **** 		 * vTaskList() has a dependency on the sprintf() C library function that
ARM GAS  /tmp/ccsbjPFO.s 			page 206


4396:Middlewares/Third_Party/FreeRTOS/Source/tasks.c **** 		 * might bloat the code size, use a lot of stack, and provide different
4397:Middlewares/Third_Party/FreeRTOS/Source/tasks.c **** 		 * results on different platforms.  An alternative, tiny, third party,
4398:Middlewares/Third_Party/FreeRTOS/Source/tasks.c **** 		 * and limited functionality implementation of sprintf() is provided in
4399:Middlewares/Third_Party/FreeRTOS/Source/tasks.c **** 		 * many of the FreeRTOS/Demo sub-directories in a file called
4400:Middlewares/Third_Party/FreeRTOS/Source/tasks.c **** 		 * printf-stdarg.c (note printf-stdarg.c does not provide a full
4401:Middlewares/Third_Party/FreeRTOS/Source/tasks.c **** 		 * snprintf() implementation!).
4402:Middlewares/Third_Party/FreeRTOS/Source/tasks.c **** 		 *
4403:Middlewares/Third_Party/FreeRTOS/Source/tasks.c **** 		 * It is recommended that production systems call uxTaskGetSystemState()
4404:Middlewares/Third_Party/FreeRTOS/Source/tasks.c **** 		 * directly to get access to raw stats data, rather than indirectly
4405:Middlewares/Third_Party/FreeRTOS/Source/tasks.c **** 		 * through a call to vTaskList().
4406:Middlewares/Third_Party/FreeRTOS/Source/tasks.c **** 		 */
4407:Middlewares/Third_Party/FreeRTOS/Source/tasks.c **** 
4408:Middlewares/Third_Party/FreeRTOS/Source/tasks.c **** 
4409:Middlewares/Third_Party/FreeRTOS/Source/tasks.c **** 		/* Make sure the write buffer does not contain a string. */
4410:Middlewares/Third_Party/FreeRTOS/Source/tasks.c **** 		*pcWriteBuffer = ( char ) 0x00;
4411:Middlewares/Third_Party/FreeRTOS/Source/tasks.c **** 
4412:Middlewares/Third_Party/FreeRTOS/Source/tasks.c **** 		/* Take a snapshot of the number of tasks in case it changes while this
4413:Middlewares/Third_Party/FreeRTOS/Source/tasks.c **** 		function is executing. */
4414:Middlewares/Third_Party/FreeRTOS/Source/tasks.c **** 		uxArraySize = uxCurrentNumberOfTasks;
4415:Middlewares/Third_Party/FreeRTOS/Source/tasks.c **** 
4416:Middlewares/Third_Party/FreeRTOS/Source/tasks.c **** 		/* Allocate an array index for each task.  NOTE!  if
4417:Middlewares/Third_Party/FreeRTOS/Source/tasks.c **** 		configSUPPORT_DYNAMIC_ALLOCATION is set to 0 then pvPortMalloc() will
4418:Middlewares/Third_Party/FreeRTOS/Source/tasks.c **** 		equate to NULL. */
4419:Middlewares/Third_Party/FreeRTOS/Source/tasks.c **** 		pxTaskStatusArray = pvPortMalloc( uxCurrentNumberOfTasks * sizeof( TaskStatus_t ) ); /*lint !e907
4420:Middlewares/Third_Party/FreeRTOS/Source/tasks.c **** 
4421:Middlewares/Third_Party/FreeRTOS/Source/tasks.c **** 		if( pxTaskStatusArray != NULL )
4422:Middlewares/Third_Party/FreeRTOS/Source/tasks.c **** 		{
4423:Middlewares/Third_Party/FreeRTOS/Source/tasks.c **** 			/* Generate the (binary) data. */
4424:Middlewares/Third_Party/FreeRTOS/Source/tasks.c **** 			uxArraySize = uxTaskGetSystemState( pxTaskStatusArray, uxArraySize, NULL );
4425:Middlewares/Third_Party/FreeRTOS/Source/tasks.c **** 
4426:Middlewares/Third_Party/FreeRTOS/Source/tasks.c **** 			/* Create a human readable table from the binary data. */
4427:Middlewares/Third_Party/FreeRTOS/Source/tasks.c **** 			for( x = 0; x < uxArraySize; x++ )
4428:Middlewares/Third_Party/FreeRTOS/Source/tasks.c **** 			{
4429:Middlewares/Third_Party/FreeRTOS/Source/tasks.c **** 				switch( pxTaskStatusArray[ x ].eCurrentState )
4430:Middlewares/Third_Party/FreeRTOS/Source/tasks.c **** 				{
4431:Middlewares/Third_Party/FreeRTOS/Source/tasks.c **** 					case eRunning:		cStatus = tskRUNNING_CHAR;
4432:Middlewares/Third_Party/FreeRTOS/Source/tasks.c **** 										break;
4433:Middlewares/Third_Party/FreeRTOS/Source/tasks.c **** 
4434:Middlewares/Third_Party/FreeRTOS/Source/tasks.c **** 					case eReady:		cStatus = tskREADY_CHAR;
4435:Middlewares/Third_Party/FreeRTOS/Source/tasks.c **** 										break;
4436:Middlewares/Third_Party/FreeRTOS/Source/tasks.c **** 
4437:Middlewares/Third_Party/FreeRTOS/Source/tasks.c **** 					case eBlocked:		cStatus = tskBLOCKED_CHAR;
4438:Middlewares/Third_Party/FreeRTOS/Source/tasks.c **** 										break;
4439:Middlewares/Third_Party/FreeRTOS/Source/tasks.c **** 
4440:Middlewares/Third_Party/FreeRTOS/Source/tasks.c **** 					case eSuspended:	cStatus = tskSUSPENDED_CHAR;
4441:Middlewares/Third_Party/FreeRTOS/Source/tasks.c **** 										break;
4442:Middlewares/Third_Party/FreeRTOS/Source/tasks.c **** 
4443:Middlewares/Third_Party/FreeRTOS/Source/tasks.c **** 					case eDeleted:		cStatus = tskDELETED_CHAR;
4444:Middlewares/Third_Party/FreeRTOS/Source/tasks.c **** 										break;
4445:Middlewares/Third_Party/FreeRTOS/Source/tasks.c **** 
4446:Middlewares/Third_Party/FreeRTOS/Source/tasks.c **** 					case eInvalid:		/* Fall through. */
4447:Middlewares/Third_Party/FreeRTOS/Source/tasks.c **** 					default:			/* Should not get here, but it is included
4448:Middlewares/Third_Party/FreeRTOS/Source/tasks.c **** 										to prevent static checking errors. */
4449:Middlewares/Third_Party/FreeRTOS/Source/tasks.c **** 										cStatus = ( char ) 0x00;
4450:Middlewares/Third_Party/FreeRTOS/Source/tasks.c **** 										break;
4451:Middlewares/Third_Party/FreeRTOS/Source/tasks.c **** 				}
4452:Middlewares/Third_Party/FreeRTOS/Source/tasks.c **** 
ARM GAS  /tmp/ccsbjPFO.s 			page 207


4453:Middlewares/Third_Party/FreeRTOS/Source/tasks.c **** 				/* Write the task name to the string, padding with spaces so it
4454:Middlewares/Third_Party/FreeRTOS/Source/tasks.c **** 				can be printed in tabular form more easily. */
4455:Middlewares/Third_Party/FreeRTOS/Source/tasks.c **** 				pcWriteBuffer = prvWriteNameToBuffer( pcWriteBuffer, pxTaskStatusArray[ x ].pcTaskName );
4456:Middlewares/Third_Party/FreeRTOS/Source/tasks.c **** 
4457:Middlewares/Third_Party/FreeRTOS/Source/tasks.c **** 				/* Write the rest of the string. */
4458:Middlewares/Third_Party/FreeRTOS/Source/tasks.c **** 				sprintf( pcWriteBuffer, "\t%c\t%u\t%u\t%u\r\n", cStatus, ( unsigned int ) pxTaskStatusArray[ x 
4459:Middlewares/Third_Party/FreeRTOS/Source/tasks.c **** 				pcWriteBuffer += strlen( pcWriteBuffer ); /*lint !e9016 Pointer arithmetic ok on char pointers 
4460:Middlewares/Third_Party/FreeRTOS/Source/tasks.c **** 			}
4461:Middlewares/Third_Party/FreeRTOS/Source/tasks.c **** 
4462:Middlewares/Third_Party/FreeRTOS/Source/tasks.c **** 			/* Free the array again.  NOTE!  If configSUPPORT_DYNAMIC_ALLOCATION
4463:Middlewares/Third_Party/FreeRTOS/Source/tasks.c **** 			is 0 then vPortFree() will be #defined to nothing. */
4464:Middlewares/Third_Party/FreeRTOS/Source/tasks.c **** 			vPortFree( pxTaskStatusArray );
4465:Middlewares/Third_Party/FreeRTOS/Source/tasks.c **** 		}
4466:Middlewares/Third_Party/FreeRTOS/Source/tasks.c **** 		else
4467:Middlewares/Third_Party/FreeRTOS/Source/tasks.c **** 		{
4468:Middlewares/Third_Party/FreeRTOS/Source/tasks.c **** 			mtCOVERAGE_TEST_MARKER();
4469:Middlewares/Third_Party/FreeRTOS/Source/tasks.c **** 		}
4470:Middlewares/Third_Party/FreeRTOS/Source/tasks.c **** 	}
4471:Middlewares/Third_Party/FreeRTOS/Source/tasks.c **** 
4472:Middlewares/Third_Party/FreeRTOS/Source/tasks.c **** #endif /* ( ( configUSE_TRACE_FACILITY == 1 ) && ( configUSE_STATS_FORMATTING_FUNCTIONS > 0 ) && ( 
4473:Middlewares/Third_Party/FreeRTOS/Source/tasks.c **** /*----------------------------------------------------------*/
4474:Middlewares/Third_Party/FreeRTOS/Source/tasks.c **** 
4475:Middlewares/Third_Party/FreeRTOS/Source/tasks.c **** #if ( ( configGENERATE_RUN_TIME_STATS == 1 ) && ( configUSE_STATS_FORMATTING_FUNCTIONS > 0 ) && ( c
4476:Middlewares/Third_Party/FreeRTOS/Source/tasks.c **** 
4477:Middlewares/Third_Party/FreeRTOS/Source/tasks.c **** 	void vTaskGetRunTimeStats( char *pcWriteBuffer )
4478:Middlewares/Third_Party/FreeRTOS/Source/tasks.c **** 	{
4479:Middlewares/Third_Party/FreeRTOS/Source/tasks.c **** 	TaskStatus_t *pxTaskStatusArray;
4480:Middlewares/Third_Party/FreeRTOS/Source/tasks.c **** 	UBaseType_t uxArraySize, x;
4481:Middlewares/Third_Party/FreeRTOS/Source/tasks.c **** 	uint32_t ulTotalTime, ulStatsAsPercentage;
4482:Middlewares/Third_Party/FreeRTOS/Source/tasks.c **** 
4483:Middlewares/Third_Party/FreeRTOS/Source/tasks.c **** 		#if( configUSE_TRACE_FACILITY != 1 )
4484:Middlewares/Third_Party/FreeRTOS/Source/tasks.c **** 		{
4485:Middlewares/Third_Party/FreeRTOS/Source/tasks.c **** 			#error configUSE_TRACE_FACILITY must also be set to 1 in FreeRTOSConfig.h to use vTaskGetRunTime
4486:Middlewares/Third_Party/FreeRTOS/Source/tasks.c **** 		}
4487:Middlewares/Third_Party/FreeRTOS/Source/tasks.c **** 		#endif
4488:Middlewares/Third_Party/FreeRTOS/Source/tasks.c **** 
4489:Middlewares/Third_Party/FreeRTOS/Source/tasks.c **** 		/*
4490:Middlewares/Third_Party/FreeRTOS/Source/tasks.c **** 		 * PLEASE NOTE:
4491:Middlewares/Third_Party/FreeRTOS/Source/tasks.c **** 		 *
4492:Middlewares/Third_Party/FreeRTOS/Source/tasks.c **** 		 * This function is provided for convenience only, and is used by many
4493:Middlewares/Third_Party/FreeRTOS/Source/tasks.c **** 		 * of the demo applications.  Do not consider it to be part of the
4494:Middlewares/Third_Party/FreeRTOS/Source/tasks.c **** 		 * scheduler.
4495:Middlewares/Third_Party/FreeRTOS/Source/tasks.c **** 		 *
4496:Middlewares/Third_Party/FreeRTOS/Source/tasks.c **** 		 * vTaskGetRunTimeStats() calls uxTaskGetSystemState(), then formats part
4497:Middlewares/Third_Party/FreeRTOS/Source/tasks.c **** 		 * of the uxTaskGetSystemState() output into a human readable table that
4498:Middlewares/Third_Party/FreeRTOS/Source/tasks.c **** 		 * displays the amount of time each task has spent in the Running state
4499:Middlewares/Third_Party/FreeRTOS/Source/tasks.c **** 		 * in both absolute and percentage terms.
4500:Middlewares/Third_Party/FreeRTOS/Source/tasks.c **** 		 *
4501:Middlewares/Third_Party/FreeRTOS/Source/tasks.c **** 		 * vTaskGetRunTimeStats() has a dependency on the sprintf() C library
4502:Middlewares/Third_Party/FreeRTOS/Source/tasks.c **** 		 * function that might bloat the code size, use a lot of stack, and
4503:Middlewares/Third_Party/FreeRTOS/Source/tasks.c **** 		 * provide different results on different platforms.  An alternative,
4504:Middlewares/Third_Party/FreeRTOS/Source/tasks.c **** 		 * tiny, third party, and limited functionality implementation of
4505:Middlewares/Third_Party/FreeRTOS/Source/tasks.c **** 		 * sprintf() is provided in many of the FreeRTOS/Demo sub-directories in
4506:Middlewares/Third_Party/FreeRTOS/Source/tasks.c **** 		 * a file called printf-stdarg.c (note printf-stdarg.c does not provide
4507:Middlewares/Third_Party/FreeRTOS/Source/tasks.c **** 		 * a full snprintf() implementation!).
4508:Middlewares/Third_Party/FreeRTOS/Source/tasks.c **** 		 *
4509:Middlewares/Third_Party/FreeRTOS/Source/tasks.c **** 		 * It is recommended that production systems call uxTaskGetSystemState()
ARM GAS  /tmp/ccsbjPFO.s 			page 208


4510:Middlewares/Third_Party/FreeRTOS/Source/tasks.c **** 		 * directly to get access to raw stats data, rather than indirectly
4511:Middlewares/Third_Party/FreeRTOS/Source/tasks.c **** 		 * through a call to vTaskGetRunTimeStats().
4512:Middlewares/Third_Party/FreeRTOS/Source/tasks.c **** 		 */
4513:Middlewares/Third_Party/FreeRTOS/Source/tasks.c **** 
4514:Middlewares/Third_Party/FreeRTOS/Source/tasks.c **** 		/* Make sure the write buffer does not contain a string. */
4515:Middlewares/Third_Party/FreeRTOS/Source/tasks.c **** 		*pcWriteBuffer = ( char ) 0x00;
4516:Middlewares/Third_Party/FreeRTOS/Source/tasks.c **** 
4517:Middlewares/Third_Party/FreeRTOS/Source/tasks.c **** 		/* Take a snapshot of the number of tasks in case it changes while this
4518:Middlewares/Third_Party/FreeRTOS/Source/tasks.c **** 		function is executing. */
4519:Middlewares/Third_Party/FreeRTOS/Source/tasks.c **** 		uxArraySize = uxCurrentNumberOfTasks;
4520:Middlewares/Third_Party/FreeRTOS/Source/tasks.c **** 
4521:Middlewares/Third_Party/FreeRTOS/Source/tasks.c **** 		/* Allocate an array index for each task.  NOTE!  If
4522:Middlewares/Third_Party/FreeRTOS/Source/tasks.c **** 		configSUPPORT_DYNAMIC_ALLOCATION is set to 0 then pvPortMalloc() will
4523:Middlewares/Third_Party/FreeRTOS/Source/tasks.c **** 		equate to NULL. */
4524:Middlewares/Third_Party/FreeRTOS/Source/tasks.c **** 		pxTaskStatusArray = pvPortMalloc( uxCurrentNumberOfTasks * sizeof( TaskStatus_t ) ); /*lint !e907
4525:Middlewares/Third_Party/FreeRTOS/Source/tasks.c **** 
4526:Middlewares/Third_Party/FreeRTOS/Source/tasks.c **** 		if( pxTaskStatusArray != NULL )
4527:Middlewares/Third_Party/FreeRTOS/Source/tasks.c **** 		{
4528:Middlewares/Third_Party/FreeRTOS/Source/tasks.c **** 			/* Generate the (binary) data. */
4529:Middlewares/Third_Party/FreeRTOS/Source/tasks.c **** 			uxArraySize = uxTaskGetSystemState( pxTaskStatusArray, uxArraySize, &ulTotalTime );
4530:Middlewares/Third_Party/FreeRTOS/Source/tasks.c **** 
4531:Middlewares/Third_Party/FreeRTOS/Source/tasks.c **** 			/* For percentage calculations. */
4532:Middlewares/Third_Party/FreeRTOS/Source/tasks.c **** 			ulTotalTime /= 100UL;
4533:Middlewares/Third_Party/FreeRTOS/Source/tasks.c **** 
4534:Middlewares/Third_Party/FreeRTOS/Source/tasks.c **** 			/* Avoid divide by zero errors. */
4535:Middlewares/Third_Party/FreeRTOS/Source/tasks.c **** 			if( ulTotalTime > 0UL )
4536:Middlewares/Third_Party/FreeRTOS/Source/tasks.c **** 			{
4537:Middlewares/Third_Party/FreeRTOS/Source/tasks.c **** 				/* Create a human readable table from the binary data. */
4538:Middlewares/Third_Party/FreeRTOS/Source/tasks.c **** 				for( x = 0; x < uxArraySize; x++ )
4539:Middlewares/Third_Party/FreeRTOS/Source/tasks.c **** 				{
4540:Middlewares/Third_Party/FreeRTOS/Source/tasks.c **** 					/* What percentage of the total run time has the task used?
4541:Middlewares/Third_Party/FreeRTOS/Source/tasks.c **** 					This will always be rounded down to the nearest integer.
4542:Middlewares/Third_Party/FreeRTOS/Source/tasks.c **** 					ulTotalRunTimeDiv100 has already been divided by 100. */
4543:Middlewares/Third_Party/FreeRTOS/Source/tasks.c **** 					ulStatsAsPercentage = pxTaskStatusArray[ x ].ulRunTimeCounter / ulTotalTime;
4544:Middlewares/Third_Party/FreeRTOS/Source/tasks.c **** 
4545:Middlewares/Third_Party/FreeRTOS/Source/tasks.c **** 					/* Write the task name to the string, padding with
4546:Middlewares/Third_Party/FreeRTOS/Source/tasks.c **** 					spaces so it can be printed in tabular form more
4547:Middlewares/Third_Party/FreeRTOS/Source/tasks.c **** 					easily. */
4548:Middlewares/Third_Party/FreeRTOS/Source/tasks.c **** 					pcWriteBuffer = prvWriteNameToBuffer( pcWriteBuffer, pxTaskStatusArray[ x ].pcTaskName );
4549:Middlewares/Third_Party/FreeRTOS/Source/tasks.c **** 
4550:Middlewares/Third_Party/FreeRTOS/Source/tasks.c **** 					if( ulStatsAsPercentage > 0UL )
4551:Middlewares/Third_Party/FreeRTOS/Source/tasks.c **** 					{
4552:Middlewares/Third_Party/FreeRTOS/Source/tasks.c **** 						#ifdef portLU_PRINTF_SPECIFIER_REQUIRED
4553:Middlewares/Third_Party/FreeRTOS/Source/tasks.c **** 						{
4554:Middlewares/Third_Party/FreeRTOS/Source/tasks.c **** 							sprintf( pcWriteBuffer, "\t%lu\t\t%lu%%\r\n", pxTaskStatusArray[ x ].ulRunTimeCounter, ulSta
4555:Middlewares/Third_Party/FreeRTOS/Source/tasks.c **** 						}
4556:Middlewares/Third_Party/FreeRTOS/Source/tasks.c **** 						#else
4557:Middlewares/Third_Party/FreeRTOS/Source/tasks.c **** 						{
4558:Middlewares/Third_Party/FreeRTOS/Source/tasks.c **** 							/* sizeof( int ) == sizeof( long ) so a smaller
4559:Middlewares/Third_Party/FreeRTOS/Source/tasks.c **** 							printf() library can be used. */
4560:Middlewares/Third_Party/FreeRTOS/Source/tasks.c **** 							sprintf( pcWriteBuffer, "\t%u\t\t%u%%\r\n", ( unsigned int ) pxTaskStatusArray[ x ].ulRunTim
4561:Middlewares/Third_Party/FreeRTOS/Source/tasks.c **** 						}
4562:Middlewares/Third_Party/FreeRTOS/Source/tasks.c **** 						#endif
4563:Middlewares/Third_Party/FreeRTOS/Source/tasks.c **** 					}
4564:Middlewares/Third_Party/FreeRTOS/Source/tasks.c **** 					else
4565:Middlewares/Third_Party/FreeRTOS/Source/tasks.c **** 					{
4566:Middlewares/Third_Party/FreeRTOS/Source/tasks.c **** 						/* If the percentage is zero here then the task has
ARM GAS  /tmp/ccsbjPFO.s 			page 209


4567:Middlewares/Third_Party/FreeRTOS/Source/tasks.c **** 						consumed less than 1% of the total run time. */
4568:Middlewares/Third_Party/FreeRTOS/Source/tasks.c **** 						#ifdef portLU_PRINTF_SPECIFIER_REQUIRED
4569:Middlewares/Third_Party/FreeRTOS/Source/tasks.c **** 						{
4570:Middlewares/Third_Party/FreeRTOS/Source/tasks.c **** 							sprintf( pcWriteBuffer, "\t%lu\t\t<1%%\r\n", pxTaskStatusArray[ x ].ulRunTimeCounter );
4571:Middlewares/Third_Party/FreeRTOS/Source/tasks.c **** 						}
4572:Middlewares/Third_Party/FreeRTOS/Source/tasks.c **** 						#else
4573:Middlewares/Third_Party/FreeRTOS/Source/tasks.c **** 						{
4574:Middlewares/Third_Party/FreeRTOS/Source/tasks.c **** 							/* sizeof( int ) == sizeof( long ) so a smaller
4575:Middlewares/Third_Party/FreeRTOS/Source/tasks.c **** 							printf() library can be used. */
4576:Middlewares/Third_Party/FreeRTOS/Source/tasks.c **** 							sprintf( pcWriteBuffer, "\t%u\t\t<1%%\r\n", ( unsigned int ) pxTaskStatusArray[ x ].ulRunTim
4577:Middlewares/Third_Party/FreeRTOS/Source/tasks.c **** 						}
4578:Middlewares/Third_Party/FreeRTOS/Source/tasks.c **** 						#endif
4579:Middlewares/Third_Party/FreeRTOS/Source/tasks.c **** 					}
4580:Middlewares/Third_Party/FreeRTOS/Source/tasks.c **** 
4581:Middlewares/Third_Party/FreeRTOS/Source/tasks.c **** 					pcWriteBuffer += strlen( pcWriteBuffer ); /*lint !e9016 Pointer arithmetic ok on char pointers
4582:Middlewares/Third_Party/FreeRTOS/Source/tasks.c **** 				}
4583:Middlewares/Third_Party/FreeRTOS/Source/tasks.c **** 			}
4584:Middlewares/Third_Party/FreeRTOS/Source/tasks.c **** 			else
4585:Middlewares/Third_Party/FreeRTOS/Source/tasks.c **** 			{
4586:Middlewares/Third_Party/FreeRTOS/Source/tasks.c **** 				mtCOVERAGE_TEST_MARKER();
4587:Middlewares/Third_Party/FreeRTOS/Source/tasks.c **** 			}
4588:Middlewares/Third_Party/FreeRTOS/Source/tasks.c **** 
4589:Middlewares/Third_Party/FreeRTOS/Source/tasks.c **** 			/* Free the array again.  NOTE!  If configSUPPORT_DYNAMIC_ALLOCATION
4590:Middlewares/Third_Party/FreeRTOS/Source/tasks.c **** 			is 0 then vPortFree() will be #defined to nothing. */
4591:Middlewares/Third_Party/FreeRTOS/Source/tasks.c **** 			vPortFree( pxTaskStatusArray );
4592:Middlewares/Third_Party/FreeRTOS/Source/tasks.c **** 		}
4593:Middlewares/Third_Party/FreeRTOS/Source/tasks.c **** 		else
4594:Middlewares/Third_Party/FreeRTOS/Source/tasks.c **** 		{
4595:Middlewares/Third_Party/FreeRTOS/Source/tasks.c **** 			mtCOVERAGE_TEST_MARKER();
4596:Middlewares/Third_Party/FreeRTOS/Source/tasks.c **** 		}
4597:Middlewares/Third_Party/FreeRTOS/Source/tasks.c **** 	}
4598:Middlewares/Third_Party/FreeRTOS/Source/tasks.c **** 
4599:Middlewares/Third_Party/FreeRTOS/Source/tasks.c **** #endif /* ( ( configGENERATE_RUN_TIME_STATS == 1 ) && ( configUSE_STATS_FORMATTING_FUNCTIONS > 0 ) 
4600:Middlewares/Third_Party/FreeRTOS/Source/tasks.c **** /*-----------------------------------------------------------*/
4601:Middlewares/Third_Party/FreeRTOS/Source/tasks.c **** 
4602:Middlewares/Third_Party/FreeRTOS/Source/tasks.c **** TickType_t uxTaskResetEventItemValue( void )
4603:Middlewares/Third_Party/FreeRTOS/Source/tasks.c **** {
 7072              		.loc 1 4603 1
 7073              		.cfi_startproc
 7074              		@ args = 0, pretend = 0, frame = 8
 7075              		@ frame_needed = 1, uses_anonymous_args = 0
 7076              		@ link register save eliminated.
 7077 0000 80B4     		push	{r7}
 7078              	.LCFI283:
 7079              		.cfi_def_cfa_offset 4
 7080              		.cfi_offset 7, -4
 7081 0002 83B0     		sub	sp, sp, #12
 7082              	.LCFI284:
 7083              		.cfi_def_cfa_offset 16
 7084 0004 00AF     		add	r7, sp, #0
 7085              	.LCFI285:
 7086              		.cfi_def_cfa_register 7
4604:Middlewares/Third_Party/FreeRTOS/Source/tasks.c **** TickType_t uxReturn;
4605:Middlewares/Third_Party/FreeRTOS/Source/tasks.c **** 
4606:Middlewares/Third_Party/FreeRTOS/Source/tasks.c **** 	uxReturn = listGET_LIST_ITEM_VALUE( &( pxCurrentTCB->xEventListItem ) );
 7087              		.loc 1 4606 13
 7088 0006 094B     		ldr	r3, .L445
ARM GAS  /tmp/ccsbjPFO.s 			page 210


 7089 0008 1B68     		ldr	r3, [r3]
 7090              		.loc 1 4606 11
 7091 000a 9B69     		ldr	r3, [r3, #24]
 7092 000c 7B60     		str	r3, [r7, #4]
4607:Middlewares/Third_Party/FreeRTOS/Source/tasks.c **** 
4608:Middlewares/Third_Party/FreeRTOS/Source/tasks.c **** 	/* Reset the event list item to its normal value - so it can be used with
4609:Middlewares/Third_Party/FreeRTOS/Source/tasks.c **** 	queues and semaphores. */
4610:Middlewares/Third_Party/FreeRTOS/Source/tasks.c **** 	listSET_LIST_ITEM_VALUE( &( pxCurrentTCB->xEventListItem ), ( ( TickType_t ) configMAX_PRIORITIES 
 7093              		.loc 1 4610 2
 7094 000e 074B     		ldr	r3, .L445
 7095 0010 1B68     		ldr	r3, [r3]
 7096 0012 DA6A     		ldr	r2, [r3, #44]
 7097 0014 054B     		ldr	r3, .L445
 7098 0016 1B68     		ldr	r3, [r3]
 7099 0018 C2F13802 		rsb	r2, r2, #56
 7100 001c 9A61     		str	r2, [r3, #24]
4611:Middlewares/Third_Party/FreeRTOS/Source/tasks.c **** 
4612:Middlewares/Third_Party/FreeRTOS/Source/tasks.c **** 	return uxReturn;
 7101              		.loc 1 4612 9
 7102 001e 7B68     		ldr	r3, [r7, #4]
4613:Middlewares/Third_Party/FreeRTOS/Source/tasks.c **** }
 7103              		.loc 1 4613 1
 7104 0020 1846     		mov	r0, r3
 7105 0022 0C37     		adds	r7, r7, #12
 7106              	.LCFI286:
 7107              		.cfi_def_cfa_offset 4
 7108 0024 BD46     		mov	sp, r7
 7109              	.LCFI287:
 7110              		.cfi_def_cfa_register 13
 7111              		@ sp needed
 7112 0026 80BC     		pop	{r7}
 7113              	.LCFI288:
 7114              		.cfi_restore 7
 7115              		.cfi_def_cfa_offset 0
 7116 0028 7047     		bx	lr
 7117              	.L446:
 7118 002a 00BF     		.align	2
 7119              	.L445:
 7120 002c 00000000 		.word	pxCurrentTCB
 7121              		.cfi_endproc
 7122              	.LFE59:
 7124              		.section	.text.pvTaskIncrementMutexHeldCount,"ax",%progbits
 7125              		.align	1
 7126              		.global	pvTaskIncrementMutexHeldCount
 7127              		.syntax unified
 7128              		.thumb
 7129              		.thumb_func
 7131              	pvTaskIncrementMutexHeldCount:
 7132              	.LFB60:
4614:Middlewares/Third_Party/FreeRTOS/Source/tasks.c **** /*-----------------------------------------------------------*/
4615:Middlewares/Third_Party/FreeRTOS/Source/tasks.c **** 
4616:Middlewares/Third_Party/FreeRTOS/Source/tasks.c **** #if ( configUSE_MUTEXES == 1 )
4617:Middlewares/Third_Party/FreeRTOS/Source/tasks.c **** 
4618:Middlewares/Third_Party/FreeRTOS/Source/tasks.c **** 	TaskHandle_t pvTaskIncrementMutexHeldCount( void )
4619:Middlewares/Third_Party/FreeRTOS/Source/tasks.c **** 	{
 7133              		.loc 1 4619 2
 7134              		.cfi_startproc
ARM GAS  /tmp/ccsbjPFO.s 			page 211


 7135              		@ args = 0, pretend = 0, frame = 0
 7136              		@ frame_needed = 1, uses_anonymous_args = 0
 7137              		@ link register save eliminated.
 7138 0000 80B4     		push	{r7}
 7139              	.LCFI289:
 7140              		.cfi_def_cfa_offset 4
 7141              		.cfi_offset 7, -4
 7142 0002 00AF     		add	r7, sp, #0
 7143              	.LCFI290:
 7144              		.cfi_def_cfa_register 7
4620:Middlewares/Third_Party/FreeRTOS/Source/tasks.c **** 		/* If xSemaphoreCreateMutex() is called before any tasks have been created
4621:Middlewares/Third_Party/FreeRTOS/Source/tasks.c **** 		then pxCurrentTCB will be NULL. */
4622:Middlewares/Third_Party/FreeRTOS/Source/tasks.c **** 		if( pxCurrentTCB != NULL )
 7145              		.loc 1 4622 20
 7146 0004 074B     		ldr	r3, .L450
 7147 0006 1B68     		ldr	r3, [r3]
 7148              		.loc 1 4622 5
 7149 0008 002B     		cmp	r3, #0
 7150 000a 04D0     		beq	.L448
4623:Middlewares/Third_Party/FreeRTOS/Source/tasks.c **** 		{
4624:Middlewares/Third_Party/FreeRTOS/Source/tasks.c **** 			( pxCurrentTCB->uxMutexesHeld )++;
 7151              		.loc 1 4624 18
 7152 000c 054B     		ldr	r3, .L450
 7153 000e 1B68     		ldr	r3, [r3]
 7154 0010 5A6D     		ldr	r2, [r3, #84]
 7155              		.loc 1 4624 35
 7156 0012 0132     		adds	r2, r2, #1
 7157 0014 5A65     		str	r2, [r3, #84]
 7158              	.L448:
4625:Middlewares/Third_Party/FreeRTOS/Source/tasks.c **** 		}
4626:Middlewares/Third_Party/FreeRTOS/Source/tasks.c **** 
4627:Middlewares/Third_Party/FreeRTOS/Source/tasks.c **** 		return pxCurrentTCB;
 7159              		.loc 1 4627 10
 7160 0016 034B     		ldr	r3, .L450
 7161 0018 1B68     		ldr	r3, [r3]
4628:Middlewares/Third_Party/FreeRTOS/Source/tasks.c **** 	}
 7162              		.loc 1 4628 2
 7163 001a 1846     		mov	r0, r3
 7164 001c BD46     		mov	sp, r7
 7165              	.LCFI291:
 7166              		.cfi_def_cfa_register 13
 7167              		@ sp needed
 7168 001e 80BC     		pop	{r7}
 7169              	.LCFI292:
 7170              		.cfi_restore 7
 7171              		.cfi_def_cfa_offset 0
 7172 0020 7047     		bx	lr
 7173              	.L451:
 7174 0022 00BF     		.align	2
 7175              	.L450:
 7176 0024 00000000 		.word	pxCurrentTCB
 7177              		.cfi_endproc
 7178              	.LFE60:
 7180              		.section	.text.ulTaskNotifyTake,"ax",%progbits
 7181              		.align	1
 7182              		.global	ulTaskNotifyTake
 7183              		.syntax unified
ARM GAS  /tmp/ccsbjPFO.s 			page 212


 7184              		.thumb
 7185              		.thumb_func
 7187              	ulTaskNotifyTake:
 7188              	.LFB61:
4629:Middlewares/Third_Party/FreeRTOS/Source/tasks.c **** 
4630:Middlewares/Third_Party/FreeRTOS/Source/tasks.c **** #endif /* configUSE_MUTEXES */
4631:Middlewares/Third_Party/FreeRTOS/Source/tasks.c **** /*-----------------------------------------------------------*/
4632:Middlewares/Third_Party/FreeRTOS/Source/tasks.c **** 
4633:Middlewares/Third_Party/FreeRTOS/Source/tasks.c **** #if( configUSE_TASK_NOTIFICATIONS == 1 )
4634:Middlewares/Third_Party/FreeRTOS/Source/tasks.c **** 
4635:Middlewares/Third_Party/FreeRTOS/Source/tasks.c **** 	uint32_t ulTaskNotifyTake( BaseType_t xClearCountOnExit, TickType_t xTicksToWait )
4636:Middlewares/Third_Party/FreeRTOS/Source/tasks.c **** 	{
 7189              		.loc 1 4636 2
 7190              		.cfi_startproc
 7191              		@ args = 0, pretend = 0, frame = 16
 7192              		@ frame_needed = 1, uses_anonymous_args = 0
 7193 0000 80B5     		push	{r7, lr}
 7194              	.LCFI293:
 7195              		.cfi_def_cfa_offset 8
 7196              		.cfi_offset 7, -8
 7197              		.cfi_offset 14, -4
 7198 0002 84B0     		sub	sp, sp, #16
 7199              	.LCFI294:
 7200              		.cfi_def_cfa_offset 24
 7201 0004 00AF     		add	r7, sp, #0
 7202              	.LCFI295:
 7203              		.cfi_def_cfa_register 7
 7204 0006 7860     		str	r0, [r7, #4]
 7205 0008 3960     		str	r1, [r7]
4637:Middlewares/Third_Party/FreeRTOS/Source/tasks.c **** 	uint32_t ulReturn;
4638:Middlewares/Third_Party/FreeRTOS/Source/tasks.c **** 
4639:Middlewares/Third_Party/FreeRTOS/Source/tasks.c **** 		taskENTER_CRITICAL();
 7206              		.loc 1 4639 3
 7207 000a FFF7FEFF 		bl	vPortEnterCritical
4640:Middlewares/Third_Party/FreeRTOS/Source/tasks.c **** 		{
4641:Middlewares/Third_Party/FreeRTOS/Source/tasks.c **** 			/* Only block if the notification count is not already non-zero. */
4642:Middlewares/Third_Party/FreeRTOS/Source/tasks.c **** 			if( pxCurrentTCB->ulNotifiedValue == 0UL )
 7208              		.loc 1 4642 20
 7209 000e 1E4B     		ldr	r3, .L457
 7210 0010 1B68     		ldr	r3, [r3]
 7211 0012 DB6D     		ldr	r3, [r3, #92]
 7212              		.loc 1 4642 6
 7213 0014 002B     		cmp	r3, #0
 7214 0016 13D1     		bne	.L453
4643:Middlewares/Third_Party/FreeRTOS/Source/tasks.c **** 			{
4644:Middlewares/Third_Party/FreeRTOS/Source/tasks.c **** 				/* Mark this task as waiting for a notification. */
4645:Middlewares/Third_Party/FreeRTOS/Source/tasks.c **** 				pxCurrentTCB->ucNotifyState = taskWAITING_NOTIFICATION;
 7215              		.loc 1 4645 17
 7216 0018 1B4B     		ldr	r3, .L457
 7217 001a 1B68     		ldr	r3, [r3]
 7218              		.loc 1 4645 33
 7219 001c 0122     		movs	r2, #1
 7220 001e 83F86020 		strb	r2, [r3, #96]
4646:Middlewares/Third_Party/FreeRTOS/Source/tasks.c **** 
4647:Middlewares/Third_Party/FreeRTOS/Source/tasks.c **** 				if( xTicksToWait > ( TickType_t ) 0 )
 7221              		.loc 1 4647 7
 7222 0022 3B68     		ldr	r3, [r7]
ARM GAS  /tmp/ccsbjPFO.s 			page 213


 7223 0024 002B     		cmp	r3, #0
 7224 0026 0BD0     		beq	.L453
4648:Middlewares/Third_Party/FreeRTOS/Source/tasks.c **** 				{
4649:Middlewares/Third_Party/FreeRTOS/Source/tasks.c **** 					prvAddCurrentTaskToDelayedList( xTicksToWait, pdTRUE );
 7225              		.loc 1 4649 6
 7226 0028 0121     		movs	r1, #1
 7227 002a 3868     		ldr	r0, [r7]
 7228 002c FFF7FEFF 		bl	prvAddCurrentTaskToDelayedList
4650:Middlewares/Third_Party/FreeRTOS/Source/tasks.c **** 					traceTASK_NOTIFY_TAKE_BLOCK();
4651:Middlewares/Third_Party/FreeRTOS/Source/tasks.c **** 
4652:Middlewares/Third_Party/FreeRTOS/Source/tasks.c **** 					/* All ports are written to allow a yield in a critical
4653:Middlewares/Third_Party/FreeRTOS/Source/tasks.c **** 					section (some will yield immediately, others wait until the
4654:Middlewares/Third_Party/FreeRTOS/Source/tasks.c **** 					critical section exits) - but it is not something that
4655:Middlewares/Third_Party/FreeRTOS/Source/tasks.c **** 					application code should ever do. */
4656:Middlewares/Third_Party/FreeRTOS/Source/tasks.c **** 					portYIELD_WITHIN_API();
 7229              		.loc 1 4656 6
 7230 0030 164B     		ldr	r3, .L457+4
 7231 0032 4FF08052 		mov	r2, #268435456
 7232 0036 1A60     		str	r2, [r3]
 7233              		.syntax unified
 7234              	@ 4656 "Middlewares/Third_Party/FreeRTOS/Source/tasks.c" 1
 7235 0038 BFF34F8F 		dsb
 7236              	@ 0 "" 2
 7237              	@ 4656 "Middlewares/Third_Party/FreeRTOS/Source/tasks.c" 1
 7238 003c BFF36F8F 		isb
 7239              	@ 0 "" 2
 7240              		.thumb
 7241              		.syntax unified
 7242              	.L453:
4657:Middlewares/Third_Party/FreeRTOS/Source/tasks.c **** 				}
4658:Middlewares/Third_Party/FreeRTOS/Source/tasks.c **** 				else
4659:Middlewares/Third_Party/FreeRTOS/Source/tasks.c **** 				{
4660:Middlewares/Third_Party/FreeRTOS/Source/tasks.c **** 					mtCOVERAGE_TEST_MARKER();
4661:Middlewares/Third_Party/FreeRTOS/Source/tasks.c **** 				}
4662:Middlewares/Third_Party/FreeRTOS/Source/tasks.c **** 			}
4663:Middlewares/Third_Party/FreeRTOS/Source/tasks.c **** 			else
4664:Middlewares/Third_Party/FreeRTOS/Source/tasks.c **** 			{
4665:Middlewares/Third_Party/FreeRTOS/Source/tasks.c **** 				mtCOVERAGE_TEST_MARKER();
4666:Middlewares/Third_Party/FreeRTOS/Source/tasks.c **** 			}
4667:Middlewares/Third_Party/FreeRTOS/Source/tasks.c **** 		}
4668:Middlewares/Third_Party/FreeRTOS/Source/tasks.c **** 		taskEXIT_CRITICAL();
 7243              		.loc 1 4668 3
 7244 0040 FFF7FEFF 		bl	vPortExitCritical
4669:Middlewares/Third_Party/FreeRTOS/Source/tasks.c **** 
4670:Middlewares/Third_Party/FreeRTOS/Source/tasks.c **** 		taskENTER_CRITICAL();
 7245              		.loc 1 4670 3
 7246 0044 FFF7FEFF 		bl	vPortEnterCritical
4671:Middlewares/Third_Party/FreeRTOS/Source/tasks.c **** 		{
4672:Middlewares/Third_Party/FreeRTOS/Source/tasks.c **** 			traceTASK_NOTIFY_TAKE();
4673:Middlewares/Third_Party/FreeRTOS/Source/tasks.c **** 			ulReturn = pxCurrentTCB->ulNotifiedValue;
 7247              		.loc 1 4673 27
 7248 0048 0F4B     		ldr	r3, .L457
 7249 004a 1B68     		ldr	r3, [r3]
 7250              		.loc 1 4673 13
 7251 004c DB6D     		ldr	r3, [r3, #92]
 7252 004e FB60     		str	r3, [r7, #12]
4674:Middlewares/Third_Party/FreeRTOS/Source/tasks.c **** 
ARM GAS  /tmp/ccsbjPFO.s 			page 214


4675:Middlewares/Third_Party/FreeRTOS/Source/tasks.c **** 			if( ulReturn != 0UL )
 7253              		.loc 1 4675 6
 7254 0050 FB68     		ldr	r3, [r7, #12]
 7255 0052 002B     		cmp	r3, #0
 7256 0054 0CD0     		beq	.L454
4676:Middlewares/Third_Party/FreeRTOS/Source/tasks.c **** 			{
4677:Middlewares/Third_Party/FreeRTOS/Source/tasks.c **** 				if( xClearCountOnExit != pdFALSE )
 7257              		.loc 1 4677 7
 7258 0056 7B68     		ldr	r3, [r7, #4]
 7259 0058 002B     		cmp	r3, #0
 7260 005a 04D0     		beq	.L455
4678:Middlewares/Third_Party/FreeRTOS/Source/tasks.c **** 				{
4679:Middlewares/Third_Party/FreeRTOS/Source/tasks.c **** 					pxCurrentTCB->ulNotifiedValue = 0UL;
 7261              		.loc 1 4679 18
 7262 005c 0A4B     		ldr	r3, .L457
 7263 005e 1B68     		ldr	r3, [r3]
 7264              		.loc 1 4679 36
 7265 0060 0022     		movs	r2, #0
 7266 0062 DA65     		str	r2, [r3, #92]
 7267 0064 04E0     		b	.L454
 7268              	.L455:
4680:Middlewares/Third_Party/FreeRTOS/Source/tasks.c **** 				}
4681:Middlewares/Third_Party/FreeRTOS/Source/tasks.c **** 				else
4682:Middlewares/Third_Party/FreeRTOS/Source/tasks.c **** 				{
4683:Middlewares/Third_Party/FreeRTOS/Source/tasks.c **** 					pxCurrentTCB->ulNotifiedValue = ulReturn - ( uint32_t ) 1;
 7269              		.loc 1 4683 18
 7270 0066 084B     		ldr	r3, .L457
 7271 0068 1B68     		ldr	r3, [r3]
 7272              		.loc 1 4683 47
 7273 006a FA68     		ldr	r2, [r7, #12]
 7274 006c 013A     		subs	r2, r2, #1
 7275              		.loc 1 4683 36
 7276 006e DA65     		str	r2, [r3, #92]
 7277              	.L454:
4684:Middlewares/Third_Party/FreeRTOS/Source/tasks.c **** 				}
4685:Middlewares/Third_Party/FreeRTOS/Source/tasks.c **** 			}
4686:Middlewares/Third_Party/FreeRTOS/Source/tasks.c **** 			else
4687:Middlewares/Third_Party/FreeRTOS/Source/tasks.c **** 			{
4688:Middlewares/Third_Party/FreeRTOS/Source/tasks.c **** 				mtCOVERAGE_TEST_MARKER();
4689:Middlewares/Third_Party/FreeRTOS/Source/tasks.c **** 			}
4690:Middlewares/Third_Party/FreeRTOS/Source/tasks.c **** 
4691:Middlewares/Third_Party/FreeRTOS/Source/tasks.c **** 			pxCurrentTCB->ucNotifyState = taskNOT_WAITING_NOTIFICATION;
 7278              		.loc 1 4691 16
 7279 0070 054B     		ldr	r3, .L457
 7280 0072 1B68     		ldr	r3, [r3]
 7281              		.loc 1 4691 32
 7282 0074 0022     		movs	r2, #0
 7283 0076 83F86020 		strb	r2, [r3, #96]
4692:Middlewares/Third_Party/FreeRTOS/Source/tasks.c **** 		}
4693:Middlewares/Third_Party/FreeRTOS/Source/tasks.c **** 		taskEXIT_CRITICAL();
 7284              		.loc 1 4693 3
 7285 007a FFF7FEFF 		bl	vPortExitCritical
4694:Middlewares/Third_Party/FreeRTOS/Source/tasks.c **** 
4695:Middlewares/Third_Party/FreeRTOS/Source/tasks.c **** 		return ulReturn;
 7286              		.loc 1 4695 10
 7287 007e FB68     		ldr	r3, [r7, #12]
4696:Middlewares/Third_Party/FreeRTOS/Source/tasks.c **** 	}
ARM GAS  /tmp/ccsbjPFO.s 			page 215


 7288              		.loc 1 4696 2
 7289 0080 1846     		mov	r0, r3
 7290 0082 1037     		adds	r7, r7, #16
 7291              	.LCFI296:
 7292              		.cfi_def_cfa_offset 8
 7293 0084 BD46     		mov	sp, r7
 7294              	.LCFI297:
 7295              		.cfi_def_cfa_register 13
 7296              		@ sp needed
 7297 0086 80BD     		pop	{r7, pc}
 7298              	.L458:
 7299              		.align	2
 7300              	.L457:
 7301 0088 00000000 		.word	pxCurrentTCB
 7302 008c 04ED00E0 		.word	-536810236
 7303              		.cfi_endproc
 7304              	.LFE61:
 7306              		.section	.text.xTaskNotifyWait,"ax",%progbits
 7307              		.align	1
 7308              		.global	xTaskNotifyWait
 7309              		.syntax unified
 7310              		.thumb
 7311              		.thumb_func
 7313              	xTaskNotifyWait:
 7314              	.LFB62:
4697:Middlewares/Third_Party/FreeRTOS/Source/tasks.c **** 
4698:Middlewares/Third_Party/FreeRTOS/Source/tasks.c **** #endif /* configUSE_TASK_NOTIFICATIONS */
4699:Middlewares/Third_Party/FreeRTOS/Source/tasks.c **** /*-----------------------------------------------------------*/
4700:Middlewares/Third_Party/FreeRTOS/Source/tasks.c **** 
4701:Middlewares/Third_Party/FreeRTOS/Source/tasks.c **** #if( configUSE_TASK_NOTIFICATIONS == 1 )
4702:Middlewares/Third_Party/FreeRTOS/Source/tasks.c **** 
4703:Middlewares/Third_Party/FreeRTOS/Source/tasks.c **** 	BaseType_t xTaskNotifyWait( uint32_t ulBitsToClearOnEntry, uint32_t ulBitsToClearOnExit, uint32_t 
4704:Middlewares/Third_Party/FreeRTOS/Source/tasks.c **** 	{
 7315              		.loc 1 4704 2
 7316              		.cfi_startproc
 7317              		@ args = 0, pretend = 0, frame = 24
 7318              		@ frame_needed = 1, uses_anonymous_args = 0
 7319 0000 80B5     		push	{r7, lr}
 7320              	.LCFI298:
 7321              		.cfi_def_cfa_offset 8
 7322              		.cfi_offset 7, -8
 7323              		.cfi_offset 14, -4
 7324 0002 86B0     		sub	sp, sp, #24
 7325              	.LCFI299:
 7326              		.cfi_def_cfa_offset 32
 7327 0004 00AF     		add	r7, sp, #0
 7328              	.LCFI300:
 7329              		.cfi_def_cfa_register 7
 7330 0006 F860     		str	r0, [r7, #12]
 7331 0008 B960     		str	r1, [r7, #8]
 7332 000a 7A60     		str	r2, [r7, #4]
 7333 000c 3B60     		str	r3, [r7]
4705:Middlewares/Third_Party/FreeRTOS/Source/tasks.c **** 	BaseType_t xReturn;
4706:Middlewares/Third_Party/FreeRTOS/Source/tasks.c **** 
4707:Middlewares/Third_Party/FreeRTOS/Source/tasks.c **** 		taskENTER_CRITICAL();
 7334              		.loc 1 4707 3
 7335 000e FFF7FEFF 		bl	vPortEnterCritical
ARM GAS  /tmp/ccsbjPFO.s 			page 216


4708:Middlewares/Third_Party/FreeRTOS/Source/tasks.c **** 		{
4709:Middlewares/Third_Party/FreeRTOS/Source/tasks.c **** 			/* Only block if a notification is not already pending. */
4710:Middlewares/Third_Party/FreeRTOS/Source/tasks.c **** 			if( pxCurrentTCB->ucNotifyState != taskNOTIFICATION_RECEIVED )
 7336              		.loc 1 4710 20
 7337 0012 264B     		ldr	r3, .L465
 7338 0014 1B68     		ldr	r3, [r3]
 7339 0016 93F86030 		ldrb	r3, [r3, #96]
 7340 001a DBB2     		uxtb	r3, r3
 7341              		.loc 1 4710 6
 7342 001c 022B     		cmp	r3, #2
 7343 001e 1AD0     		beq	.L460
4711:Middlewares/Third_Party/FreeRTOS/Source/tasks.c **** 			{
4712:Middlewares/Third_Party/FreeRTOS/Source/tasks.c **** 				/* Clear bits in the task's notification value as bits may get
4713:Middlewares/Third_Party/FreeRTOS/Source/tasks.c **** 				set	by the notifying task or interrupt.  This can be used to
4714:Middlewares/Third_Party/FreeRTOS/Source/tasks.c **** 				clear the value to zero. */
4715:Middlewares/Third_Party/FreeRTOS/Source/tasks.c **** 				pxCurrentTCB->ulNotifiedValue &= ~ulBitsToClearOnEntry;
 7344              		.loc 1 4715 17
 7345 0020 224B     		ldr	r3, .L465
 7346 0022 1B68     		ldr	r3, [r3]
 7347 0024 D96D     		ldr	r1, [r3, #92]
 7348              		.loc 1 4715 38
 7349 0026 FA68     		ldr	r2, [r7, #12]
 7350 0028 D243     		mvns	r2, r2
 7351              		.loc 1 4715 35
 7352 002a 0A40     		ands	r2, r2, r1
 7353 002c DA65     		str	r2, [r3, #92]
4716:Middlewares/Third_Party/FreeRTOS/Source/tasks.c **** 
4717:Middlewares/Third_Party/FreeRTOS/Source/tasks.c **** 				/* Mark this task as waiting for a notification. */
4718:Middlewares/Third_Party/FreeRTOS/Source/tasks.c **** 				pxCurrentTCB->ucNotifyState = taskWAITING_NOTIFICATION;
 7354              		.loc 1 4718 17
 7355 002e 1F4B     		ldr	r3, .L465
 7356 0030 1B68     		ldr	r3, [r3]
 7357              		.loc 1 4718 33
 7358 0032 0122     		movs	r2, #1
 7359 0034 83F86020 		strb	r2, [r3, #96]
4719:Middlewares/Third_Party/FreeRTOS/Source/tasks.c **** 
4720:Middlewares/Third_Party/FreeRTOS/Source/tasks.c **** 				if( xTicksToWait > ( TickType_t ) 0 )
 7360              		.loc 1 4720 7
 7361 0038 3B68     		ldr	r3, [r7]
 7362 003a 002B     		cmp	r3, #0
 7363 003c 0BD0     		beq	.L460
4721:Middlewares/Third_Party/FreeRTOS/Source/tasks.c **** 				{
4722:Middlewares/Third_Party/FreeRTOS/Source/tasks.c **** 					prvAddCurrentTaskToDelayedList( xTicksToWait, pdTRUE );
 7364              		.loc 1 4722 6
 7365 003e 0121     		movs	r1, #1
 7366 0040 3868     		ldr	r0, [r7]
 7367 0042 FFF7FEFF 		bl	prvAddCurrentTaskToDelayedList
4723:Middlewares/Third_Party/FreeRTOS/Source/tasks.c **** 					traceTASK_NOTIFY_WAIT_BLOCK();
4724:Middlewares/Third_Party/FreeRTOS/Source/tasks.c **** 
4725:Middlewares/Third_Party/FreeRTOS/Source/tasks.c **** 					/* All ports are written to allow a yield in a critical
4726:Middlewares/Third_Party/FreeRTOS/Source/tasks.c **** 					section (some will yield immediately, others wait until the
4727:Middlewares/Third_Party/FreeRTOS/Source/tasks.c **** 					critical section exits) - but it is not something that
4728:Middlewares/Third_Party/FreeRTOS/Source/tasks.c **** 					application code should ever do. */
4729:Middlewares/Third_Party/FreeRTOS/Source/tasks.c **** 					portYIELD_WITHIN_API();
 7368              		.loc 1 4729 6
 7369 0046 1A4B     		ldr	r3, .L465+4
 7370 0048 4FF08052 		mov	r2, #268435456
ARM GAS  /tmp/ccsbjPFO.s 			page 217


 7371 004c 1A60     		str	r2, [r3]
 7372              		.syntax unified
 7373              	@ 4729 "Middlewares/Third_Party/FreeRTOS/Source/tasks.c" 1
 7374 004e BFF34F8F 		dsb
 7375              	@ 0 "" 2
 7376              	@ 4729 "Middlewares/Third_Party/FreeRTOS/Source/tasks.c" 1
 7377 0052 BFF36F8F 		isb
 7378              	@ 0 "" 2
 7379              		.thumb
 7380              		.syntax unified
 7381              	.L460:
4730:Middlewares/Third_Party/FreeRTOS/Source/tasks.c **** 				}
4731:Middlewares/Third_Party/FreeRTOS/Source/tasks.c **** 				else
4732:Middlewares/Third_Party/FreeRTOS/Source/tasks.c **** 				{
4733:Middlewares/Third_Party/FreeRTOS/Source/tasks.c **** 					mtCOVERAGE_TEST_MARKER();
4734:Middlewares/Third_Party/FreeRTOS/Source/tasks.c **** 				}
4735:Middlewares/Third_Party/FreeRTOS/Source/tasks.c **** 			}
4736:Middlewares/Third_Party/FreeRTOS/Source/tasks.c **** 			else
4737:Middlewares/Third_Party/FreeRTOS/Source/tasks.c **** 			{
4738:Middlewares/Third_Party/FreeRTOS/Source/tasks.c **** 				mtCOVERAGE_TEST_MARKER();
4739:Middlewares/Third_Party/FreeRTOS/Source/tasks.c **** 			}
4740:Middlewares/Third_Party/FreeRTOS/Source/tasks.c **** 		}
4741:Middlewares/Third_Party/FreeRTOS/Source/tasks.c **** 		taskEXIT_CRITICAL();
 7382              		.loc 1 4741 3
 7383 0056 FFF7FEFF 		bl	vPortExitCritical
4742:Middlewares/Third_Party/FreeRTOS/Source/tasks.c **** 
4743:Middlewares/Third_Party/FreeRTOS/Source/tasks.c **** 		taskENTER_CRITICAL();
 7384              		.loc 1 4743 3
 7385 005a FFF7FEFF 		bl	vPortEnterCritical
4744:Middlewares/Third_Party/FreeRTOS/Source/tasks.c **** 		{
4745:Middlewares/Third_Party/FreeRTOS/Source/tasks.c **** 			traceTASK_NOTIFY_WAIT();
4746:Middlewares/Third_Party/FreeRTOS/Source/tasks.c **** 
4747:Middlewares/Third_Party/FreeRTOS/Source/tasks.c **** 			if( pulNotificationValue != NULL )
 7386              		.loc 1 4747 6
 7387 005e 7B68     		ldr	r3, [r7, #4]
 7388 0060 002B     		cmp	r3, #0
 7389 0062 04D0     		beq	.L461
4748:Middlewares/Third_Party/FreeRTOS/Source/tasks.c **** 			{
4749:Middlewares/Third_Party/FreeRTOS/Source/tasks.c **** 				/* Output the current notification value, which may or may not
4750:Middlewares/Third_Party/FreeRTOS/Source/tasks.c **** 				have changed. */
4751:Middlewares/Third_Party/FreeRTOS/Source/tasks.c **** 				*pulNotificationValue = pxCurrentTCB->ulNotifiedValue;
 7390              		.loc 1 4751 41
 7391 0064 114B     		ldr	r3, .L465
 7392 0066 1B68     		ldr	r3, [r3]
 7393 0068 DA6D     		ldr	r2, [r3, #92]
 7394              		.loc 1 4751 27
 7395 006a 7B68     		ldr	r3, [r7, #4]
 7396 006c 1A60     		str	r2, [r3]
 7397              	.L461:
4752:Middlewares/Third_Party/FreeRTOS/Source/tasks.c **** 			}
4753:Middlewares/Third_Party/FreeRTOS/Source/tasks.c **** 
4754:Middlewares/Third_Party/FreeRTOS/Source/tasks.c **** 			/* If ucNotifyValue is set then either the task never entered the
4755:Middlewares/Third_Party/FreeRTOS/Source/tasks.c **** 			blocked state (because a notification was already pending) or the
4756:Middlewares/Third_Party/FreeRTOS/Source/tasks.c **** 			task unblocked because of a notification.  Otherwise the task
4757:Middlewares/Third_Party/FreeRTOS/Source/tasks.c **** 			unblocked because of a timeout. */
4758:Middlewares/Third_Party/FreeRTOS/Source/tasks.c **** 			if( pxCurrentTCB->ucNotifyState != taskNOTIFICATION_RECEIVED )
 7398              		.loc 1 4758 20
ARM GAS  /tmp/ccsbjPFO.s 			page 218


 7399 006e 0F4B     		ldr	r3, .L465
 7400 0070 1B68     		ldr	r3, [r3]
 7401 0072 93F86030 		ldrb	r3, [r3, #96]
 7402 0076 DBB2     		uxtb	r3, r3
 7403              		.loc 1 4758 6
 7404 0078 022B     		cmp	r3, #2
 7405 007a 02D0     		beq	.L462
4759:Middlewares/Third_Party/FreeRTOS/Source/tasks.c **** 			{
4760:Middlewares/Third_Party/FreeRTOS/Source/tasks.c **** 				/* A notification was not received. */
4761:Middlewares/Third_Party/FreeRTOS/Source/tasks.c **** 				xReturn = pdFALSE;
 7406              		.loc 1 4761 13
 7407 007c 0023     		movs	r3, #0
 7408 007e 7B61     		str	r3, [r7, #20]
 7409 0080 08E0     		b	.L463
 7410              	.L462:
4762:Middlewares/Third_Party/FreeRTOS/Source/tasks.c **** 			}
4763:Middlewares/Third_Party/FreeRTOS/Source/tasks.c **** 			else
4764:Middlewares/Third_Party/FreeRTOS/Source/tasks.c **** 			{
4765:Middlewares/Third_Party/FreeRTOS/Source/tasks.c **** 				/* A notification was already pending or a notification was
4766:Middlewares/Third_Party/FreeRTOS/Source/tasks.c **** 				received while the task was waiting. */
4767:Middlewares/Third_Party/FreeRTOS/Source/tasks.c **** 				pxCurrentTCB->ulNotifiedValue &= ~ulBitsToClearOnExit;
 7411              		.loc 1 4767 17
 7412 0082 0A4B     		ldr	r3, .L465
 7413 0084 1B68     		ldr	r3, [r3]
 7414 0086 D96D     		ldr	r1, [r3, #92]
 7415              		.loc 1 4767 38
 7416 0088 BA68     		ldr	r2, [r7, #8]
 7417 008a D243     		mvns	r2, r2
 7418              		.loc 1 4767 35
 7419 008c 0A40     		ands	r2, r2, r1
 7420 008e DA65     		str	r2, [r3, #92]
4768:Middlewares/Third_Party/FreeRTOS/Source/tasks.c **** 				xReturn = pdTRUE;
 7421              		.loc 1 4768 13
 7422 0090 0123     		movs	r3, #1
 7423 0092 7B61     		str	r3, [r7, #20]
 7424              	.L463:
4769:Middlewares/Third_Party/FreeRTOS/Source/tasks.c **** 			}
4770:Middlewares/Third_Party/FreeRTOS/Source/tasks.c **** 
4771:Middlewares/Third_Party/FreeRTOS/Source/tasks.c **** 			pxCurrentTCB->ucNotifyState = taskNOT_WAITING_NOTIFICATION;
 7425              		.loc 1 4771 16
 7426 0094 054B     		ldr	r3, .L465
 7427 0096 1B68     		ldr	r3, [r3]
 7428              		.loc 1 4771 32
 7429 0098 0022     		movs	r2, #0
 7430 009a 83F86020 		strb	r2, [r3, #96]
4772:Middlewares/Third_Party/FreeRTOS/Source/tasks.c **** 		}
4773:Middlewares/Third_Party/FreeRTOS/Source/tasks.c **** 		taskEXIT_CRITICAL();
 7431              		.loc 1 4773 3
 7432 009e FFF7FEFF 		bl	vPortExitCritical
4774:Middlewares/Third_Party/FreeRTOS/Source/tasks.c **** 
4775:Middlewares/Third_Party/FreeRTOS/Source/tasks.c **** 		return xReturn;
 7433              		.loc 1 4775 10
 7434 00a2 7B69     		ldr	r3, [r7, #20]
4776:Middlewares/Third_Party/FreeRTOS/Source/tasks.c **** 	}
 7435              		.loc 1 4776 2
 7436 00a4 1846     		mov	r0, r3
 7437 00a6 1837     		adds	r7, r7, #24
ARM GAS  /tmp/ccsbjPFO.s 			page 219


 7438              	.LCFI301:
 7439              		.cfi_def_cfa_offset 8
 7440 00a8 BD46     		mov	sp, r7
 7441              	.LCFI302:
 7442              		.cfi_def_cfa_register 13
 7443              		@ sp needed
 7444 00aa 80BD     		pop	{r7, pc}
 7445              	.L466:
 7446              		.align	2
 7447              	.L465:
 7448 00ac 00000000 		.word	pxCurrentTCB
 7449 00b0 04ED00E0 		.word	-536810236
 7450              		.cfi_endproc
 7451              	.LFE62:
 7453              		.section	.text.xTaskGenericNotify,"ax",%progbits
 7454              		.align	1
 7455              		.global	xTaskGenericNotify
 7456              		.syntax unified
 7457              		.thumb
 7458              		.thumb_func
 7460              	xTaskGenericNotify:
 7461              	.LFB63:
4777:Middlewares/Third_Party/FreeRTOS/Source/tasks.c **** 
4778:Middlewares/Third_Party/FreeRTOS/Source/tasks.c **** #endif /* configUSE_TASK_NOTIFICATIONS */
4779:Middlewares/Third_Party/FreeRTOS/Source/tasks.c **** /*-----------------------------------------------------------*/
4780:Middlewares/Third_Party/FreeRTOS/Source/tasks.c **** 
4781:Middlewares/Third_Party/FreeRTOS/Source/tasks.c **** #if( configUSE_TASK_NOTIFICATIONS == 1 )
4782:Middlewares/Third_Party/FreeRTOS/Source/tasks.c **** 
4783:Middlewares/Third_Party/FreeRTOS/Source/tasks.c **** 	BaseType_t xTaskGenericNotify( TaskHandle_t xTaskToNotify, uint32_t ulValue, eNotifyAction eAction
4784:Middlewares/Third_Party/FreeRTOS/Source/tasks.c **** 	{
 7462              		.loc 1 4784 2
 7463              		.cfi_startproc
 7464              		@ args = 0, pretend = 0, frame = 40
 7465              		@ frame_needed = 1, uses_anonymous_args = 0
 7466 0000 80B5     		push	{r7, lr}
 7467              	.LCFI303:
 7468              		.cfi_def_cfa_offset 8
 7469              		.cfi_offset 7, -8
 7470              		.cfi_offset 14, -4
 7471 0002 8AB0     		sub	sp, sp, #40
 7472              	.LCFI304:
 7473              		.cfi_def_cfa_offset 48
 7474 0004 00AF     		add	r7, sp, #0
 7475              	.LCFI305:
 7476              		.cfi_def_cfa_register 7
 7477 0006 F860     		str	r0, [r7, #12]
 7478 0008 B960     		str	r1, [r7, #8]
 7479 000a 3B60     		str	r3, [r7]
 7480 000c 1346     		mov	r3, r2
 7481 000e FB71     		strb	r3, [r7, #7]
4785:Middlewares/Third_Party/FreeRTOS/Source/tasks.c **** 	TCB_t * pxTCB;
4786:Middlewares/Third_Party/FreeRTOS/Source/tasks.c **** 	BaseType_t xReturn = pdPASS;
 7482              		.loc 1 4786 13
 7483 0010 0123     		movs	r3, #1
 7484 0012 7B62     		str	r3, [r7, #36]
4787:Middlewares/Third_Party/FreeRTOS/Source/tasks.c **** 	uint8_t ucOriginalNotifyState;
4788:Middlewares/Third_Party/FreeRTOS/Source/tasks.c **** 
ARM GAS  /tmp/ccsbjPFO.s 			page 220


4789:Middlewares/Third_Party/FreeRTOS/Source/tasks.c **** 		configASSERT( xTaskToNotify );
 7485              		.loc 1 4789 3
 7486 0014 FB68     		ldr	r3, [r7, #12]
 7487 0016 002B     		cmp	r3, #0
 7488 0018 0BD1     		bne	.L468
 7489              	.LBB231:
 7490              	.LBB232:
 195:Middlewares/Third_Party/FreeRTOS/Source/portable/GCC/ARM_CM4F/portmacro.h **** 	(
 7491              		.loc 2 195 2
 7492              		.syntax unified
 7493              	@ 195 "Middlewares/Third_Party/FreeRTOS/Source/portable/GCC/ARM_CM4F/portmacro.h" 1
 7494 001a 4FF05003 			mov r3, #80												
 7495 001e 83F31188 		msr basepri, r3											
 7496 0022 BFF36F8F 		isb														
 7497 0026 BFF34F8F 		dsb														
 7498              	
 7499              	@ 0 "" 2
 7500              		.thumb
 7501              		.syntax unified
 7502 002a BB61     		str	r3, [r7, #24]
 203:Middlewares/Third_Party/FreeRTOS/Source/portable/GCC/ARM_CM4F/portmacro.h **** 
 7503              		.loc 2 203 1
 7504 002c 00BF     		nop
 7505              	.L469:
 7506              	.LBE232:
 7507              	.LBE231:
 7508              		.loc 1 4789 3
 7509 002e 00BF     		nop
 7510 0030 FDE7     		b	.L469
 7511              	.L468:
4790:Middlewares/Third_Party/FreeRTOS/Source/tasks.c **** 		pxTCB = xTaskToNotify;
 7512              		.loc 1 4790 9
 7513 0032 FB68     		ldr	r3, [r7, #12]
 7514 0034 3B62     		str	r3, [r7, #32]
4791:Middlewares/Third_Party/FreeRTOS/Source/tasks.c **** 
4792:Middlewares/Third_Party/FreeRTOS/Source/tasks.c **** 		taskENTER_CRITICAL();
 7515              		.loc 1 4792 3
 7516 0036 FFF7FEFF 		bl	vPortEnterCritical
4793:Middlewares/Third_Party/FreeRTOS/Source/tasks.c **** 		{
4794:Middlewares/Third_Party/FreeRTOS/Source/tasks.c **** 			if( pulPreviousNotificationValue != NULL )
 7517              		.loc 1 4794 6
 7518 003a 3B68     		ldr	r3, [r7]
 7519 003c 002B     		cmp	r3, #0
 7520 003e 03D0     		beq	.L470
4795:Middlewares/Third_Party/FreeRTOS/Source/tasks.c **** 			{
4796:Middlewares/Third_Party/FreeRTOS/Source/tasks.c **** 				*pulPreviousNotificationValue = pxTCB->ulNotifiedValue;
 7521              		.loc 1 4796 42
 7522 0040 3B6A     		ldr	r3, [r7, #32]
 7523 0042 DA6D     		ldr	r2, [r3, #92]
 7524              		.loc 1 4796 35
 7525 0044 3B68     		ldr	r3, [r7]
 7526 0046 1A60     		str	r2, [r3]
 7527              	.L470:
4797:Middlewares/Third_Party/FreeRTOS/Source/tasks.c **** 			}
4798:Middlewares/Third_Party/FreeRTOS/Source/tasks.c **** 
4799:Middlewares/Third_Party/FreeRTOS/Source/tasks.c **** 			ucOriginalNotifyState = pxTCB->ucNotifyState;
 7528              		.loc 1 4799 26
ARM GAS  /tmp/ccsbjPFO.s 			page 221


 7529 0048 3B6A     		ldr	r3, [r7, #32]
 7530 004a 93F86030 		ldrb	r3, [r3, #96]
 7531 004e FB77     		strb	r3, [r7, #31]
4800:Middlewares/Third_Party/FreeRTOS/Source/tasks.c **** 
4801:Middlewares/Third_Party/FreeRTOS/Source/tasks.c **** 			pxTCB->ucNotifyState = taskNOTIFICATION_RECEIVED;
 7532              		.loc 1 4801 25
 7533 0050 3B6A     		ldr	r3, [r7, #32]
 7534 0052 0222     		movs	r2, #2
 7535 0054 83F86020 		strb	r2, [r3, #96]
4802:Middlewares/Third_Party/FreeRTOS/Source/tasks.c **** 
4803:Middlewares/Third_Party/FreeRTOS/Source/tasks.c **** 			switch( eAction )
 7536              		.loc 1 4803 4
 7537 0058 FB79     		ldrb	r3, [r7, #7]	@ zero_extendqisi2
 7538 005a 042B     		cmp	r3, #4
 7539 005c 1ED0     		beq	.L471
 7540 005e 042B     		cmp	r3, #4
 7541 0060 26DC     		bgt	.L472
 7542 0062 032B     		cmp	r3, #3
 7543 0064 16D0     		beq	.L473
 7544 0066 032B     		cmp	r3, #3
 7545 0068 22DC     		bgt	.L472
 7546 006a 022B     		cmp	r3, #2
 7547 006c 0CD0     		beq	.L474
 7548 006e 022B     		cmp	r3, #2
 7549 0070 1EDC     		bgt	.L472
 7550 0072 002B     		cmp	r3, #0
 7551 0074 2DD0     		beq	.L486
 7552 0076 012B     		cmp	r3, #1
 7553 0078 1AD1     		bne	.L472
4804:Middlewares/Third_Party/FreeRTOS/Source/tasks.c **** 			{
4805:Middlewares/Third_Party/FreeRTOS/Source/tasks.c **** 				case eSetBits	:
4806:Middlewares/Third_Party/FreeRTOS/Source/tasks.c **** 					pxTCB->ulNotifiedValue |= ulValue;
 7554              		.loc 1 4806 11
 7555 007a 3B6A     		ldr	r3, [r7, #32]
 7556 007c DA6D     		ldr	r2, [r3, #92]
 7557              		.loc 1 4806 29
 7558 007e BB68     		ldr	r3, [r7, #8]
 7559 0080 1A43     		orrs	r2, r2, r3
 7560 0082 3B6A     		ldr	r3, [r7, #32]
 7561 0084 DA65     		str	r2, [r3, #92]
4807:Middlewares/Third_Party/FreeRTOS/Source/tasks.c **** 					break;
 7562              		.loc 1 4807 6
 7563 0086 27E0     		b	.L476
 7564              	.L474:
4808:Middlewares/Third_Party/FreeRTOS/Source/tasks.c **** 
4809:Middlewares/Third_Party/FreeRTOS/Source/tasks.c **** 				case eIncrement	:
4810:Middlewares/Third_Party/FreeRTOS/Source/tasks.c **** 					( pxTCB->ulNotifiedValue )++;
 7565              		.loc 1 4810 13
 7566 0088 3B6A     		ldr	r3, [r7, #32]
 7567 008a DB6D     		ldr	r3, [r3, #92]
 7568              		.loc 1 4810 32
 7569 008c 5A1C     		adds	r2, r3, #1
 7570 008e 3B6A     		ldr	r3, [r7, #32]
 7571 0090 DA65     		str	r2, [r3, #92]
4811:Middlewares/Third_Party/FreeRTOS/Source/tasks.c **** 					break;
 7572              		.loc 1 4811 6
 7573 0092 21E0     		b	.L476
ARM GAS  /tmp/ccsbjPFO.s 			page 222


 7574              	.L473:
4812:Middlewares/Third_Party/FreeRTOS/Source/tasks.c **** 
4813:Middlewares/Third_Party/FreeRTOS/Source/tasks.c **** 				case eSetValueWithOverwrite	:
4814:Middlewares/Third_Party/FreeRTOS/Source/tasks.c **** 					pxTCB->ulNotifiedValue = ulValue;
 7575              		.loc 1 4814 29
 7576 0094 3B6A     		ldr	r3, [r7, #32]
 7577 0096 BA68     		ldr	r2, [r7, #8]
 7578 0098 DA65     		str	r2, [r3, #92]
4815:Middlewares/Third_Party/FreeRTOS/Source/tasks.c **** 					break;
 7579              		.loc 1 4815 6
 7580 009a 1DE0     		b	.L476
 7581              	.L471:
4816:Middlewares/Third_Party/FreeRTOS/Source/tasks.c **** 
4817:Middlewares/Third_Party/FreeRTOS/Source/tasks.c **** 				case eSetValueWithoutOverwrite :
4818:Middlewares/Third_Party/FreeRTOS/Source/tasks.c **** 					if( ucOriginalNotifyState != taskNOTIFICATION_RECEIVED )
 7582              		.loc 1 4818 8
 7583 009c FB7F     		ldrb	r3, [r7, #31]	@ zero_extendqisi2
 7584 009e 022B     		cmp	r3, #2
 7585 00a0 03D0     		beq	.L477
4819:Middlewares/Third_Party/FreeRTOS/Source/tasks.c **** 					{
4820:Middlewares/Third_Party/FreeRTOS/Source/tasks.c **** 						pxTCB->ulNotifiedValue = ulValue;
 7586              		.loc 1 4820 30
 7587 00a2 3B6A     		ldr	r3, [r7, #32]
 7588 00a4 BA68     		ldr	r2, [r7, #8]
 7589 00a6 DA65     		str	r2, [r3, #92]
4821:Middlewares/Third_Party/FreeRTOS/Source/tasks.c **** 					}
4822:Middlewares/Third_Party/FreeRTOS/Source/tasks.c **** 					else
4823:Middlewares/Third_Party/FreeRTOS/Source/tasks.c **** 					{
4824:Middlewares/Third_Party/FreeRTOS/Source/tasks.c **** 						/* The value could not be written to the task. */
4825:Middlewares/Third_Party/FreeRTOS/Source/tasks.c **** 						xReturn = pdFAIL;
4826:Middlewares/Third_Party/FreeRTOS/Source/tasks.c **** 					}
4827:Middlewares/Third_Party/FreeRTOS/Source/tasks.c **** 					break;
 7590              		.loc 1 4827 6
 7591 00a8 16E0     		b	.L476
 7592              	.L477:
4825:Middlewares/Third_Party/FreeRTOS/Source/tasks.c **** 					}
 7593              		.loc 1 4825 15
 7594 00aa 0023     		movs	r3, #0
 7595 00ac 7B62     		str	r3, [r7, #36]
 7596              		.loc 1 4827 6
 7597 00ae 13E0     		b	.L476
 7598              	.L472:
4828:Middlewares/Third_Party/FreeRTOS/Source/tasks.c **** 
4829:Middlewares/Third_Party/FreeRTOS/Source/tasks.c **** 				case eNoAction:
4830:Middlewares/Third_Party/FreeRTOS/Source/tasks.c **** 					/* The task is being notified without its notify value being
4831:Middlewares/Third_Party/FreeRTOS/Source/tasks.c **** 					updated. */
4832:Middlewares/Third_Party/FreeRTOS/Source/tasks.c **** 					break;
4833:Middlewares/Third_Party/FreeRTOS/Source/tasks.c **** 
4834:Middlewares/Third_Party/FreeRTOS/Source/tasks.c **** 				default:
4835:Middlewares/Third_Party/FreeRTOS/Source/tasks.c **** 					/* Should not get here if all enums are handled.
4836:Middlewares/Third_Party/FreeRTOS/Source/tasks.c **** 					Artificially force an assert by testing a value the
4837:Middlewares/Third_Party/FreeRTOS/Source/tasks.c **** 					compiler can't assume is const. */
4838:Middlewares/Third_Party/FreeRTOS/Source/tasks.c **** 					configASSERT( pxTCB->ulNotifiedValue == ~0UL );
 7599              		.loc 1 4838 6
 7600 00b0 3B6A     		ldr	r3, [r7, #32]
 7601 00b2 DB6D     		ldr	r3, [r3, #92]
 7602 00b4 B3F1FF3F 		cmp	r3, #-1
ARM GAS  /tmp/ccsbjPFO.s 			page 223


 7603 00b8 0DD0     		beq	.L487
 7604              	.LBB233:
 7605              	.LBB234:
 195:Middlewares/Third_Party/FreeRTOS/Source/portable/GCC/ARM_CM4F/portmacro.h **** 	(
 7606              		.loc 2 195 2
 7607              		.syntax unified
 7608              	@ 195 "Middlewares/Third_Party/FreeRTOS/Source/portable/GCC/ARM_CM4F/portmacro.h" 1
 7609 00ba 4FF05003 			mov r3, #80												
 7610 00be 83F31188 		msr basepri, r3											
 7611 00c2 BFF36F8F 		isb														
 7612 00c6 BFF34F8F 		dsb														
 7613              	
 7614              	@ 0 "" 2
 7615              		.thumb
 7616              		.syntax unified
 7617 00ca 7B61     		str	r3, [r7, #20]
 203:Middlewares/Third_Party/FreeRTOS/Source/portable/GCC/ARM_CM4F/portmacro.h **** 
 7618              		.loc 2 203 1
 7619 00cc 00BF     		nop
 7620              	.L480:
 7621              	.LBE234:
 7622              	.LBE233:
 7623              		.loc 1 4838 6
 7624 00ce 00BF     		nop
 7625 00d0 FDE7     		b	.L480
 7626              	.L486:
4832:Middlewares/Third_Party/FreeRTOS/Source/tasks.c **** 
 7627              		.loc 1 4832 6
 7628 00d2 00BF     		nop
 7629 00d4 00E0     		b	.L476
 7630              	.L487:
4839:Middlewares/Third_Party/FreeRTOS/Source/tasks.c **** 
4840:Middlewares/Third_Party/FreeRTOS/Source/tasks.c **** 					break;
 7631              		.loc 1 4840 6
 7632 00d6 00BF     		nop
 7633              	.L476:
4841:Middlewares/Third_Party/FreeRTOS/Source/tasks.c **** 			}
4842:Middlewares/Third_Party/FreeRTOS/Source/tasks.c **** 
4843:Middlewares/Third_Party/FreeRTOS/Source/tasks.c **** 			traceTASK_NOTIFY();
4844:Middlewares/Third_Party/FreeRTOS/Source/tasks.c **** 
4845:Middlewares/Third_Party/FreeRTOS/Source/tasks.c **** 			/* If the task is in the blocked state specifically to wait for a
4846:Middlewares/Third_Party/FreeRTOS/Source/tasks.c **** 			notification then unblock it now. */
4847:Middlewares/Third_Party/FreeRTOS/Source/tasks.c **** 			if( ucOriginalNotifyState == taskWAITING_NOTIFICATION )
 7634              		.loc 1 4847 6
 7635 00d8 FB7F     		ldrb	r3, [r7, #31]	@ zero_extendqisi2
 7636 00da 012B     		cmp	r3, #1
 7637 00dc 3DD1     		bne	.L481
4848:Middlewares/Third_Party/FreeRTOS/Source/tasks.c **** 			{
4849:Middlewares/Third_Party/FreeRTOS/Source/tasks.c **** 				( void ) uxListRemove( &( pxTCB->xStateListItem ) );
 7638              		.loc 1 4849 28
 7639 00de 3B6A     		ldr	r3, [r7, #32]
 7640 00e0 0433     		adds	r3, r3, #4
 7641              		.loc 1 4849 14
 7642 00e2 1846     		mov	r0, r3
 7643 00e4 FFF7FEFF 		bl	uxListRemove
4850:Middlewares/Third_Party/FreeRTOS/Source/tasks.c **** 				prvAddTaskToReadyList( pxTCB );
 7644              		.loc 1 4850 5
ARM GAS  /tmp/ccsbjPFO.s 			page 224


 7645 00e8 3B6A     		ldr	r3, [r7, #32]
 7646 00ea DA6A     		ldr	r2, [r3, #44]
 7647 00ec 1E4B     		ldr	r3, .L488
 7648 00ee 1B68     		ldr	r3, [r3]
 7649 00f0 9A42     		cmp	r2, r3
 7650 00f2 03D9     		bls	.L482
 7651              		.loc 1 4850 5 is_stmt 0 discriminator 1
 7652 00f4 3B6A     		ldr	r3, [r7, #32]
 7653 00f6 DB6A     		ldr	r3, [r3, #44]
 7654 00f8 1B4A     		ldr	r2, .L488
 7655 00fa 1360     		str	r3, [r2]
 7656              	.L482:
 7657              		.loc 1 4850 5 discriminator 3
 7658 00fc 3B6A     		ldr	r3, [r7, #32]
 7659 00fe DA6A     		ldr	r2, [r3, #44]
 7660 0100 1346     		mov	r3, r2
 7661 0102 9B00     		lsls	r3, r3, #2
 7662 0104 1344     		add	r3, r3, r2
 7663 0106 9B00     		lsls	r3, r3, #2
 7664 0108 184A     		ldr	r2, .L488+4
 7665 010a 1A44     		add	r2, r2, r3
 7666 010c 3B6A     		ldr	r3, [r7, #32]
 7667 010e 0433     		adds	r3, r3, #4
 7668 0110 1946     		mov	r1, r3
 7669 0112 1046     		mov	r0, r2
 7670 0114 FFF7FEFF 		bl	vListInsertEnd
4851:Middlewares/Third_Party/FreeRTOS/Source/tasks.c **** 
4852:Middlewares/Third_Party/FreeRTOS/Source/tasks.c **** 				/* The task should not have been on an event list. */
4853:Middlewares/Third_Party/FreeRTOS/Source/tasks.c **** 				configASSERT( listLIST_ITEM_CONTAINER( &( pxTCB->xEventListItem ) ) == NULL );
 7671              		.loc 1 4853 5 is_stmt 1
 7672 0118 3B6A     		ldr	r3, [r7, #32]
 7673 011a 9B6A     		ldr	r3, [r3, #40]
 7674 011c 002B     		cmp	r3, #0
 7675 011e 0BD0     		beq	.L483
 7676              	.LBB235:
 7677              	.LBB236:
 195:Middlewares/Third_Party/FreeRTOS/Source/portable/GCC/ARM_CM4F/portmacro.h **** 	(
 7678              		.loc 2 195 2
 7679              		.syntax unified
 7680              	@ 195 "Middlewares/Third_Party/FreeRTOS/Source/portable/GCC/ARM_CM4F/portmacro.h" 1
 7681 0120 4FF05003 			mov r3, #80												
 7682 0124 83F31188 		msr basepri, r3											
 7683 0128 BFF36F8F 		isb														
 7684 012c BFF34F8F 		dsb														
 7685              	
 7686              	@ 0 "" 2
 7687              		.thumb
 7688              		.syntax unified
 7689 0130 3B61     		str	r3, [r7, #16]
 203:Middlewares/Third_Party/FreeRTOS/Source/portable/GCC/ARM_CM4F/portmacro.h **** 
 7690              		.loc 2 203 1
 7691 0132 00BF     		nop
 7692              	.L484:
 7693              	.LBE236:
 7694              	.LBE235:
 7695              		.loc 1 4853 5
 7696 0134 00BF     		nop
ARM GAS  /tmp/ccsbjPFO.s 			page 225


 7697 0136 FDE7     		b	.L484
 7698              	.L483:
4854:Middlewares/Third_Party/FreeRTOS/Source/tasks.c **** 
4855:Middlewares/Third_Party/FreeRTOS/Source/tasks.c **** 				#if( configUSE_TICKLESS_IDLE != 0 )
4856:Middlewares/Third_Party/FreeRTOS/Source/tasks.c **** 				{
4857:Middlewares/Third_Party/FreeRTOS/Source/tasks.c **** 					/* If a task is blocked waiting for a notification then
4858:Middlewares/Third_Party/FreeRTOS/Source/tasks.c **** 					xNextTaskUnblockTime might be set to the blocked task's time
4859:Middlewares/Third_Party/FreeRTOS/Source/tasks.c **** 					out time.  If the task is unblocked for a reason other than
4860:Middlewares/Third_Party/FreeRTOS/Source/tasks.c **** 					a timeout xNextTaskUnblockTime is normally left unchanged,
4861:Middlewares/Third_Party/FreeRTOS/Source/tasks.c **** 					because it will automatically get reset to a new value when
4862:Middlewares/Third_Party/FreeRTOS/Source/tasks.c **** 					the tick count equals xNextTaskUnblockTime.  However if
4863:Middlewares/Third_Party/FreeRTOS/Source/tasks.c **** 					tickless idling is used it might be more important to enter
4864:Middlewares/Third_Party/FreeRTOS/Source/tasks.c **** 					sleep mode at the earliest possible time - so reset
4865:Middlewares/Third_Party/FreeRTOS/Source/tasks.c **** 					xNextTaskUnblockTime here to ensure it is updated at the
4866:Middlewares/Third_Party/FreeRTOS/Source/tasks.c **** 					earliest possible time. */
4867:Middlewares/Third_Party/FreeRTOS/Source/tasks.c **** 					prvResetNextTaskUnblockTime();
 7699              		.loc 1 4867 6
 7700 0138 FFF7FEFF 		bl	prvResetNextTaskUnblockTime
4868:Middlewares/Third_Party/FreeRTOS/Source/tasks.c **** 				}
4869:Middlewares/Third_Party/FreeRTOS/Source/tasks.c **** 				#endif
4870:Middlewares/Third_Party/FreeRTOS/Source/tasks.c **** 
4871:Middlewares/Third_Party/FreeRTOS/Source/tasks.c **** 				if( pxTCB->uxPriority > pxCurrentTCB->uxPriority )
 7701              		.loc 1 4871 14
 7702 013c 3B6A     		ldr	r3, [r7, #32]
 7703 013e DA6A     		ldr	r2, [r3, #44]
 7704              		.loc 1 4871 41
 7705 0140 0B4B     		ldr	r3, .L488+8
 7706 0142 1B68     		ldr	r3, [r3]
 7707 0144 DB6A     		ldr	r3, [r3, #44]
 7708              		.loc 1 4871 7
 7709 0146 9A42     		cmp	r2, r3
 7710 0148 07D9     		bls	.L481
4872:Middlewares/Third_Party/FreeRTOS/Source/tasks.c **** 				{
4873:Middlewares/Third_Party/FreeRTOS/Source/tasks.c **** 					/* The notified task has a priority above the currently
4874:Middlewares/Third_Party/FreeRTOS/Source/tasks.c **** 					executing task so a yield is required. */
4875:Middlewares/Third_Party/FreeRTOS/Source/tasks.c **** 					taskYIELD_IF_USING_PREEMPTION();
 7711              		.loc 1 4875 6
 7712 014a 0A4B     		ldr	r3, .L488+12
 7713 014c 4FF08052 		mov	r2, #268435456
 7714 0150 1A60     		str	r2, [r3]
 7715              		.syntax unified
 7716              	@ 4875 "Middlewares/Third_Party/FreeRTOS/Source/tasks.c" 1
 7717 0152 BFF34F8F 		dsb
 7718              	@ 0 "" 2
 7719              	@ 4875 "Middlewares/Third_Party/FreeRTOS/Source/tasks.c" 1
 7720 0156 BFF36F8F 		isb
 7721              	@ 0 "" 2
 7722              		.thumb
 7723              		.syntax unified
 7724              	.L481:
4876:Middlewares/Third_Party/FreeRTOS/Source/tasks.c **** 				}
4877:Middlewares/Third_Party/FreeRTOS/Source/tasks.c **** 				else
4878:Middlewares/Third_Party/FreeRTOS/Source/tasks.c **** 				{
4879:Middlewares/Third_Party/FreeRTOS/Source/tasks.c **** 					mtCOVERAGE_TEST_MARKER();
4880:Middlewares/Third_Party/FreeRTOS/Source/tasks.c **** 				}
4881:Middlewares/Third_Party/FreeRTOS/Source/tasks.c **** 			}
4882:Middlewares/Third_Party/FreeRTOS/Source/tasks.c **** 			else
ARM GAS  /tmp/ccsbjPFO.s 			page 226


4883:Middlewares/Third_Party/FreeRTOS/Source/tasks.c **** 			{
4884:Middlewares/Third_Party/FreeRTOS/Source/tasks.c **** 				mtCOVERAGE_TEST_MARKER();
4885:Middlewares/Third_Party/FreeRTOS/Source/tasks.c **** 			}
4886:Middlewares/Third_Party/FreeRTOS/Source/tasks.c **** 		}
4887:Middlewares/Third_Party/FreeRTOS/Source/tasks.c **** 		taskEXIT_CRITICAL();
 7725              		.loc 1 4887 3
 7726 015a FFF7FEFF 		bl	vPortExitCritical
4888:Middlewares/Third_Party/FreeRTOS/Source/tasks.c **** 
4889:Middlewares/Third_Party/FreeRTOS/Source/tasks.c **** 		return xReturn;
 7727              		.loc 1 4889 10
 7728 015e 7B6A     		ldr	r3, [r7, #36]
4890:Middlewares/Third_Party/FreeRTOS/Source/tasks.c **** 	}
 7729              		.loc 1 4890 2
 7730 0160 1846     		mov	r0, r3
 7731 0162 2837     		adds	r7, r7, #40
 7732              	.LCFI306:
 7733              		.cfi_def_cfa_offset 8
 7734 0164 BD46     		mov	sp, r7
 7735              	.LCFI307:
 7736              		.cfi_def_cfa_register 13
 7737              		@ sp needed
 7738 0166 80BD     		pop	{r7, pc}
 7739              	.L489:
 7740              		.align	2
 7741              	.L488:
 7742 0168 00000000 		.word	uxTopReadyPriority
 7743 016c 00000000 		.word	pxReadyTasksLists
 7744 0170 00000000 		.word	pxCurrentTCB
 7745 0174 04ED00E0 		.word	-536810236
 7746              		.cfi_endproc
 7747              	.LFE63:
 7749              		.section	.text.xTaskGenericNotifyFromISR,"ax",%progbits
 7750              		.align	1
 7751              		.global	xTaskGenericNotifyFromISR
 7752              		.syntax unified
 7753              		.thumb
 7754              		.thumb_func
 7756              	xTaskGenericNotifyFromISR:
 7757              	.LFB64:
4891:Middlewares/Third_Party/FreeRTOS/Source/tasks.c **** 
4892:Middlewares/Third_Party/FreeRTOS/Source/tasks.c **** #endif /* configUSE_TASK_NOTIFICATIONS */
4893:Middlewares/Third_Party/FreeRTOS/Source/tasks.c **** /*-----------------------------------------------------------*/
4894:Middlewares/Third_Party/FreeRTOS/Source/tasks.c **** 
4895:Middlewares/Third_Party/FreeRTOS/Source/tasks.c **** #if( configUSE_TASK_NOTIFICATIONS == 1 )
4896:Middlewares/Third_Party/FreeRTOS/Source/tasks.c **** 
4897:Middlewares/Third_Party/FreeRTOS/Source/tasks.c **** 	BaseType_t xTaskGenericNotifyFromISR( TaskHandle_t xTaskToNotify, uint32_t ulValue, eNotifyAction 
4898:Middlewares/Third_Party/FreeRTOS/Source/tasks.c **** 	{
 7758              		.loc 1 4898 2
 7759              		.cfi_startproc
 7760              		@ args = 4, pretend = 0, frame = 56
 7761              		@ frame_needed = 1, uses_anonymous_args = 0
 7762 0000 80B5     		push	{r7, lr}
 7763              	.LCFI308:
 7764              		.cfi_def_cfa_offset 8
 7765              		.cfi_offset 7, -8
 7766              		.cfi_offset 14, -4
 7767 0002 8EB0     		sub	sp, sp, #56
ARM GAS  /tmp/ccsbjPFO.s 			page 227


 7768              	.LCFI309:
 7769              		.cfi_def_cfa_offset 64
 7770 0004 00AF     		add	r7, sp, #0
 7771              	.LCFI310:
 7772              		.cfi_def_cfa_register 7
 7773 0006 F860     		str	r0, [r7, #12]
 7774 0008 B960     		str	r1, [r7, #8]
 7775 000a 3B60     		str	r3, [r7]
 7776 000c 1346     		mov	r3, r2
 7777 000e FB71     		strb	r3, [r7, #7]
4899:Middlewares/Third_Party/FreeRTOS/Source/tasks.c **** 	TCB_t * pxTCB;
4900:Middlewares/Third_Party/FreeRTOS/Source/tasks.c **** 	uint8_t ucOriginalNotifyState;
4901:Middlewares/Third_Party/FreeRTOS/Source/tasks.c **** 	BaseType_t xReturn = pdPASS;
 7778              		.loc 1 4901 13
 7779 0010 0123     		movs	r3, #1
 7780 0012 7B63     		str	r3, [r7, #52]
4902:Middlewares/Third_Party/FreeRTOS/Source/tasks.c **** 	UBaseType_t uxSavedInterruptStatus;
4903:Middlewares/Third_Party/FreeRTOS/Source/tasks.c **** 
4904:Middlewares/Third_Party/FreeRTOS/Source/tasks.c **** 		configASSERT( xTaskToNotify );
 7781              		.loc 1 4904 3
 7782 0014 FB68     		ldr	r3, [r7, #12]
 7783 0016 002B     		cmp	r3, #0
 7784 0018 0BD1     		bne	.L491
 7785              	.LBB237:
 7786              	.LBB238:
 195:Middlewares/Third_Party/FreeRTOS/Source/portable/GCC/ARM_CM4F/portmacro.h **** 	(
 7787              		.loc 2 195 2
 7788              		.syntax unified
 7789              	@ 195 "Middlewares/Third_Party/FreeRTOS/Source/portable/GCC/ARM_CM4F/portmacro.h" 1
 7790 001a 4FF05003 			mov r3, #80												
 7791 001e 83F31188 		msr basepri, r3											
 7792 0022 BFF36F8F 		isb														
 7793 0026 BFF34F8F 		dsb														
 7794              	
 7795              	@ 0 "" 2
 7796              		.thumb
 7797              		.syntax unified
 7798 002a 7B62     		str	r3, [r7, #36]
 203:Middlewares/Third_Party/FreeRTOS/Source/portable/GCC/ARM_CM4F/portmacro.h **** 
 7799              		.loc 2 203 1
 7800 002c 00BF     		nop
 7801              	.L492:
 7802              	.LBE238:
 7803              	.LBE237:
 7804              		.loc 1 4904 3
 7805 002e 00BF     		nop
 7806 0030 FDE7     		b	.L492
 7807              	.L491:
4905:Middlewares/Third_Party/FreeRTOS/Source/tasks.c **** 
4906:Middlewares/Third_Party/FreeRTOS/Source/tasks.c **** 		/* RTOS ports that support interrupt nesting have the concept of a
4907:Middlewares/Third_Party/FreeRTOS/Source/tasks.c **** 		maximum	system call (or maximum API call) interrupt priority.
4908:Middlewares/Third_Party/FreeRTOS/Source/tasks.c **** 		Interrupts that are	above the maximum system call priority are keep
4909:Middlewares/Third_Party/FreeRTOS/Source/tasks.c **** 		permanently enabled, even when the RTOS kernel is in a critical section,
4910:Middlewares/Third_Party/FreeRTOS/Source/tasks.c **** 		but cannot make any calls to FreeRTOS API functions.  If configASSERT()
4911:Middlewares/Third_Party/FreeRTOS/Source/tasks.c **** 		is defined in FreeRTOSConfig.h then
4912:Middlewares/Third_Party/FreeRTOS/Source/tasks.c **** 		portASSERT_IF_INTERRUPT_PRIORITY_INVALID() will result in an assertion
4913:Middlewares/Third_Party/FreeRTOS/Source/tasks.c **** 		failure if a FreeRTOS API function is called from an interrupt that has
ARM GAS  /tmp/ccsbjPFO.s 			page 228


4914:Middlewares/Third_Party/FreeRTOS/Source/tasks.c **** 		been assigned a priority above the configured maximum system call
4915:Middlewares/Third_Party/FreeRTOS/Source/tasks.c **** 		priority.  Only FreeRTOS functions that end in FromISR can be called
4916:Middlewares/Third_Party/FreeRTOS/Source/tasks.c **** 		from interrupts	that have been assigned a priority at or (logically)
4917:Middlewares/Third_Party/FreeRTOS/Source/tasks.c **** 		below the maximum system call interrupt priority.  FreeRTOS maintains a
4918:Middlewares/Third_Party/FreeRTOS/Source/tasks.c **** 		separate interrupt safe API to ensure interrupt entry is as fast and as
4919:Middlewares/Third_Party/FreeRTOS/Source/tasks.c **** 		simple as possible.  More information (albeit Cortex-M specific) is
4920:Middlewares/Third_Party/FreeRTOS/Source/tasks.c **** 		provided on the following link:
4921:Middlewares/Third_Party/FreeRTOS/Source/tasks.c **** 		http://www.freertos.org/RTOS-Cortex-M3-M4.html */
4922:Middlewares/Third_Party/FreeRTOS/Source/tasks.c **** 		portASSERT_IF_INTERRUPT_PRIORITY_INVALID();
 7808              		.loc 1 4922 3
 7809 0032 FFF7FEFF 		bl	vPortValidateInterruptPriority
4923:Middlewares/Third_Party/FreeRTOS/Source/tasks.c **** 
4924:Middlewares/Third_Party/FreeRTOS/Source/tasks.c **** 		pxTCB = xTaskToNotify;
 7810              		.loc 1 4924 9
 7811 0036 FB68     		ldr	r3, [r7, #12]
 7812 0038 3B63     		str	r3, [r7, #48]
 7813              	.LBB239:
 7814              	.LBB240:
 211:Middlewares/Third_Party/FreeRTOS/Source/portable/GCC/ARM_CM4F/portmacro.h **** 	(
 7815              		.loc 2 211 2
 7816              		.syntax unified
 7817              	@ 211 "Middlewares/Third_Party/FreeRTOS/Source/portable/GCC/ARM_CM4F/portmacro.h" 1
 7818 003a EFF31182 			mrs r2, basepri											
 7819 003e 4FF05003 		mov r3, #80												
 7820 0042 83F31188 		msr basepri, r3											
 7821 0046 BFF36F8F 		isb														
 7822 004a BFF34F8F 		dsb														
 7823              	
 7824              	@ 0 "" 2
 7825              		.thumb
 7826              		.syntax unified
 7827 004e 3A62     		str	r2, [r7, #32]
 7828 0050 FB61     		str	r3, [r7, #28]
 223:Middlewares/Third_Party/FreeRTOS/Source/portable/GCC/ARM_CM4F/portmacro.h **** }
 7829              		.loc 2 223 9
 7830 0052 3B6A     		ldr	r3, [r7, #32]
 7831              	.LBE240:
 7832              	.LBE239:
4925:Middlewares/Third_Party/FreeRTOS/Source/tasks.c **** 
4926:Middlewares/Third_Party/FreeRTOS/Source/tasks.c **** 		uxSavedInterruptStatus = portSET_INTERRUPT_MASK_FROM_ISR();
 7833              		.loc 1 4926 28
 7834 0054 FB62     		str	r3, [r7, #44]
4927:Middlewares/Third_Party/FreeRTOS/Source/tasks.c **** 		{
4928:Middlewares/Third_Party/FreeRTOS/Source/tasks.c **** 			if( pulPreviousNotificationValue != NULL )
 7835              		.loc 1 4928 6
 7836 0056 3B68     		ldr	r3, [r7]
 7837 0058 002B     		cmp	r3, #0
 7838 005a 03D0     		beq	.L494
4929:Middlewares/Third_Party/FreeRTOS/Source/tasks.c **** 			{
4930:Middlewares/Third_Party/FreeRTOS/Source/tasks.c **** 				*pulPreviousNotificationValue = pxTCB->ulNotifiedValue;
 7839              		.loc 1 4930 42
 7840 005c 3B6B     		ldr	r3, [r7, #48]
 7841 005e DA6D     		ldr	r2, [r3, #92]
 7842              		.loc 1 4930 35
 7843 0060 3B68     		ldr	r3, [r7]
 7844 0062 1A60     		str	r2, [r3]
 7845              	.L494:
ARM GAS  /tmp/ccsbjPFO.s 			page 229


4931:Middlewares/Third_Party/FreeRTOS/Source/tasks.c **** 			}
4932:Middlewares/Third_Party/FreeRTOS/Source/tasks.c **** 
4933:Middlewares/Third_Party/FreeRTOS/Source/tasks.c **** 			ucOriginalNotifyState = pxTCB->ucNotifyState;
 7846              		.loc 1 4933 26
 7847 0064 3B6B     		ldr	r3, [r7, #48]
 7848 0066 93F86030 		ldrb	r3, [r3, #96]
 7849 006a 87F82B30 		strb	r3, [r7, #43]
4934:Middlewares/Third_Party/FreeRTOS/Source/tasks.c **** 			pxTCB->ucNotifyState = taskNOTIFICATION_RECEIVED;
 7850              		.loc 1 4934 25
 7851 006e 3B6B     		ldr	r3, [r7, #48]
 7852 0070 0222     		movs	r2, #2
 7853 0072 83F86020 		strb	r2, [r3, #96]
4935:Middlewares/Third_Party/FreeRTOS/Source/tasks.c **** 
4936:Middlewares/Third_Party/FreeRTOS/Source/tasks.c **** 			switch( eAction )
 7854              		.loc 1 4936 4
 7855 0076 FB79     		ldrb	r3, [r7, #7]	@ zero_extendqisi2
 7856 0078 042B     		cmp	r3, #4
 7857 007a 1ED0     		beq	.L495
 7858 007c 042B     		cmp	r3, #4
 7859 007e 27DC     		bgt	.L496
 7860 0080 032B     		cmp	r3, #3
 7861 0082 16D0     		beq	.L497
 7862 0084 032B     		cmp	r3, #3
 7863 0086 23DC     		bgt	.L496
 7864 0088 022B     		cmp	r3, #2
 7865 008a 0CD0     		beq	.L498
 7866 008c 022B     		cmp	r3, #2
 7867 008e 1FDC     		bgt	.L496
 7868 0090 002B     		cmp	r3, #0
 7869 0092 2ED0     		beq	.L513
 7870 0094 012B     		cmp	r3, #1
 7871 0096 1BD1     		bne	.L496
4937:Middlewares/Third_Party/FreeRTOS/Source/tasks.c **** 			{
4938:Middlewares/Third_Party/FreeRTOS/Source/tasks.c **** 				case eSetBits	:
4939:Middlewares/Third_Party/FreeRTOS/Source/tasks.c **** 					pxTCB->ulNotifiedValue |= ulValue;
 7872              		.loc 1 4939 11
 7873 0098 3B6B     		ldr	r3, [r7, #48]
 7874 009a DA6D     		ldr	r2, [r3, #92]
 7875              		.loc 1 4939 29
 7876 009c BB68     		ldr	r3, [r7, #8]
 7877 009e 1A43     		orrs	r2, r2, r3
 7878 00a0 3B6B     		ldr	r3, [r7, #48]
 7879 00a2 DA65     		str	r2, [r3, #92]
4940:Middlewares/Third_Party/FreeRTOS/Source/tasks.c **** 					break;
 7880              		.loc 1 4940 6
 7881 00a4 28E0     		b	.L500
 7882              	.L498:
4941:Middlewares/Third_Party/FreeRTOS/Source/tasks.c **** 
4942:Middlewares/Third_Party/FreeRTOS/Source/tasks.c **** 				case eIncrement	:
4943:Middlewares/Third_Party/FreeRTOS/Source/tasks.c **** 					( pxTCB->ulNotifiedValue )++;
 7883              		.loc 1 4943 13
 7884 00a6 3B6B     		ldr	r3, [r7, #48]
 7885 00a8 DB6D     		ldr	r3, [r3, #92]
 7886              		.loc 1 4943 32
 7887 00aa 5A1C     		adds	r2, r3, #1
 7888 00ac 3B6B     		ldr	r3, [r7, #48]
 7889 00ae DA65     		str	r2, [r3, #92]
ARM GAS  /tmp/ccsbjPFO.s 			page 230


4944:Middlewares/Third_Party/FreeRTOS/Source/tasks.c **** 					break;
 7890              		.loc 1 4944 6
 7891 00b0 22E0     		b	.L500
 7892              	.L497:
4945:Middlewares/Third_Party/FreeRTOS/Source/tasks.c **** 
4946:Middlewares/Third_Party/FreeRTOS/Source/tasks.c **** 				case eSetValueWithOverwrite	:
4947:Middlewares/Third_Party/FreeRTOS/Source/tasks.c **** 					pxTCB->ulNotifiedValue = ulValue;
 7893              		.loc 1 4947 29
 7894 00b2 3B6B     		ldr	r3, [r7, #48]
 7895 00b4 BA68     		ldr	r2, [r7, #8]
 7896 00b6 DA65     		str	r2, [r3, #92]
4948:Middlewares/Third_Party/FreeRTOS/Source/tasks.c **** 					break;
 7897              		.loc 1 4948 6
 7898 00b8 1EE0     		b	.L500
 7899              	.L495:
4949:Middlewares/Third_Party/FreeRTOS/Source/tasks.c **** 
4950:Middlewares/Third_Party/FreeRTOS/Source/tasks.c **** 				case eSetValueWithoutOverwrite :
4951:Middlewares/Third_Party/FreeRTOS/Source/tasks.c **** 					if( ucOriginalNotifyState != taskNOTIFICATION_RECEIVED )
 7900              		.loc 1 4951 8
 7901 00ba 97F82B30 		ldrb	r3, [r7, #43]	@ zero_extendqisi2
 7902 00be 022B     		cmp	r3, #2
 7903 00c0 03D0     		beq	.L501
4952:Middlewares/Third_Party/FreeRTOS/Source/tasks.c **** 					{
4953:Middlewares/Third_Party/FreeRTOS/Source/tasks.c **** 						pxTCB->ulNotifiedValue = ulValue;
 7904              		.loc 1 4953 30
 7905 00c2 3B6B     		ldr	r3, [r7, #48]
 7906 00c4 BA68     		ldr	r2, [r7, #8]
 7907 00c6 DA65     		str	r2, [r3, #92]
4954:Middlewares/Third_Party/FreeRTOS/Source/tasks.c **** 					}
4955:Middlewares/Third_Party/FreeRTOS/Source/tasks.c **** 					else
4956:Middlewares/Third_Party/FreeRTOS/Source/tasks.c **** 					{
4957:Middlewares/Third_Party/FreeRTOS/Source/tasks.c **** 						/* The value could not be written to the task. */
4958:Middlewares/Third_Party/FreeRTOS/Source/tasks.c **** 						xReturn = pdFAIL;
4959:Middlewares/Third_Party/FreeRTOS/Source/tasks.c **** 					}
4960:Middlewares/Third_Party/FreeRTOS/Source/tasks.c **** 					break;
 7908              		.loc 1 4960 6
 7909 00c8 16E0     		b	.L500
 7910              	.L501:
4958:Middlewares/Third_Party/FreeRTOS/Source/tasks.c **** 					}
 7911              		.loc 1 4958 15
 7912 00ca 0023     		movs	r3, #0
 7913 00cc 7B63     		str	r3, [r7, #52]
 7914              		.loc 1 4960 6
 7915 00ce 13E0     		b	.L500
 7916              	.L496:
4961:Middlewares/Third_Party/FreeRTOS/Source/tasks.c **** 
4962:Middlewares/Third_Party/FreeRTOS/Source/tasks.c **** 				case eNoAction :
4963:Middlewares/Third_Party/FreeRTOS/Source/tasks.c **** 					/* The task is being notified without its notify value being
4964:Middlewares/Third_Party/FreeRTOS/Source/tasks.c **** 					updated. */
4965:Middlewares/Third_Party/FreeRTOS/Source/tasks.c **** 					break;
4966:Middlewares/Third_Party/FreeRTOS/Source/tasks.c **** 
4967:Middlewares/Third_Party/FreeRTOS/Source/tasks.c **** 				default:
4968:Middlewares/Third_Party/FreeRTOS/Source/tasks.c **** 					/* Should not get here if all enums are handled.
4969:Middlewares/Third_Party/FreeRTOS/Source/tasks.c **** 					Artificially force an assert by testing a value the
4970:Middlewares/Third_Party/FreeRTOS/Source/tasks.c **** 					compiler can't assume is const. */
4971:Middlewares/Third_Party/FreeRTOS/Source/tasks.c **** 					configASSERT( pxTCB->ulNotifiedValue == ~0UL );
 7917              		.loc 1 4971 6
ARM GAS  /tmp/ccsbjPFO.s 			page 231


 7918 00d0 3B6B     		ldr	r3, [r7, #48]
 7919 00d2 DB6D     		ldr	r3, [r3, #92]
 7920 00d4 B3F1FF3F 		cmp	r3, #-1
 7921 00d8 0DD0     		beq	.L514
 7922              	.LBB241:
 7923              	.LBB242:
 195:Middlewares/Third_Party/FreeRTOS/Source/portable/GCC/ARM_CM4F/portmacro.h **** 	(
 7924              		.loc 2 195 2
 7925              		.syntax unified
 7926              	@ 195 "Middlewares/Third_Party/FreeRTOS/Source/portable/GCC/ARM_CM4F/portmacro.h" 1
 7927 00da 4FF05003 			mov r3, #80												
 7928 00de 83F31188 		msr basepri, r3											
 7929 00e2 BFF36F8F 		isb														
 7930 00e6 BFF34F8F 		dsb														
 7931              	
 7932              	@ 0 "" 2
 7933              		.thumb
 7934              		.syntax unified
 7935 00ea BB61     		str	r3, [r7, #24]
 203:Middlewares/Third_Party/FreeRTOS/Source/portable/GCC/ARM_CM4F/portmacro.h **** 
 7936              		.loc 2 203 1
 7937 00ec 00BF     		nop
 7938              	.L504:
 7939              	.LBE242:
 7940              	.LBE241:
 7941              		.loc 1 4971 6
 7942 00ee 00BF     		nop
 7943 00f0 FDE7     		b	.L504
 7944              	.L513:
4965:Middlewares/Third_Party/FreeRTOS/Source/tasks.c **** 
 7945              		.loc 1 4965 6
 7946 00f2 00BF     		nop
 7947 00f4 00E0     		b	.L500
 7948              	.L514:
4972:Middlewares/Third_Party/FreeRTOS/Source/tasks.c **** 					break;
 7949              		.loc 1 4972 6
 7950 00f6 00BF     		nop
 7951              	.L500:
4973:Middlewares/Third_Party/FreeRTOS/Source/tasks.c **** 			}
4974:Middlewares/Third_Party/FreeRTOS/Source/tasks.c **** 
4975:Middlewares/Third_Party/FreeRTOS/Source/tasks.c **** 			traceTASK_NOTIFY_FROM_ISR();
4976:Middlewares/Third_Party/FreeRTOS/Source/tasks.c **** 
4977:Middlewares/Third_Party/FreeRTOS/Source/tasks.c **** 			/* If the task is in the blocked state specifically to wait for a
4978:Middlewares/Third_Party/FreeRTOS/Source/tasks.c **** 			notification then unblock it now. */
4979:Middlewares/Third_Party/FreeRTOS/Source/tasks.c **** 			if( ucOriginalNotifyState == taskWAITING_NOTIFICATION )
 7952              		.loc 1 4979 6
 7953 00f8 97F82B30 		ldrb	r3, [r7, #43]	@ zero_extendqisi2
 7954 00fc 012B     		cmp	r3, #1
 7955 00fe 47D1     		bne	.L505
4980:Middlewares/Third_Party/FreeRTOS/Source/tasks.c **** 			{
4981:Middlewares/Third_Party/FreeRTOS/Source/tasks.c **** 				/* The task should not have been on an event list. */
4982:Middlewares/Third_Party/FreeRTOS/Source/tasks.c **** 				configASSERT( listLIST_ITEM_CONTAINER( &( pxTCB->xEventListItem ) ) == NULL );
 7956              		.loc 1 4982 5
 7957 0100 3B6B     		ldr	r3, [r7, #48]
 7958 0102 9B6A     		ldr	r3, [r3, #40]
 7959 0104 002B     		cmp	r3, #0
 7960 0106 0BD0     		beq	.L506
ARM GAS  /tmp/ccsbjPFO.s 			page 232


 7961              	.LBB243:
 7962              	.LBB244:
 195:Middlewares/Third_Party/FreeRTOS/Source/portable/GCC/ARM_CM4F/portmacro.h **** 	(
 7963              		.loc 2 195 2
 7964              		.syntax unified
 7965              	@ 195 "Middlewares/Third_Party/FreeRTOS/Source/portable/GCC/ARM_CM4F/portmacro.h" 1
 7966 0108 4FF05003 			mov r3, #80												
 7967 010c 83F31188 		msr basepri, r3											
 7968 0110 BFF36F8F 		isb														
 7969 0114 BFF34F8F 		dsb														
 7970              	
 7971              	@ 0 "" 2
 7972              		.thumb
 7973              		.syntax unified
 7974 0118 7B61     		str	r3, [r7, #20]
 203:Middlewares/Third_Party/FreeRTOS/Source/portable/GCC/ARM_CM4F/portmacro.h **** 
 7975              		.loc 2 203 1
 7976 011a 00BF     		nop
 7977              	.L507:
 7978              	.LBE244:
 7979              	.LBE243:
 7980              		.loc 1 4982 5
 7981 011c 00BF     		nop
 7982 011e FDE7     		b	.L507
 7983              	.L506:
4983:Middlewares/Third_Party/FreeRTOS/Source/tasks.c **** 
4984:Middlewares/Third_Party/FreeRTOS/Source/tasks.c **** 				if( uxSchedulerSuspended == ( UBaseType_t ) pdFALSE )
 7984              		.loc 1 4984 30
 7985 0120 214B     		ldr	r3, .L515
 7986 0122 1B68     		ldr	r3, [r3]
 7987              		.loc 1 4984 7
 7988 0124 002B     		cmp	r3, #0
 7989 0126 1DD1     		bne	.L508
4985:Middlewares/Third_Party/FreeRTOS/Source/tasks.c **** 				{
4986:Middlewares/Third_Party/FreeRTOS/Source/tasks.c **** 					( void ) uxListRemove( &( pxTCB->xStateListItem ) );
 7990              		.loc 1 4986 29
 7991 0128 3B6B     		ldr	r3, [r7, #48]
 7992 012a 0433     		adds	r3, r3, #4
 7993              		.loc 1 4986 15
 7994 012c 1846     		mov	r0, r3
 7995 012e FFF7FEFF 		bl	uxListRemove
4987:Middlewares/Third_Party/FreeRTOS/Source/tasks.c **** 					prvAddTaskToReadyList( pxTCB );
 7996              		.loc 1 4987 6
 7997 0132 3B6B     		ldr	r3, [r7, #48]
 7998 0134 DA6A     		ldr	r2, [r3, #44]
 7999 0136 1D4B     		ldr	r3, .L515+4
 8000 0138 1B68     		ldr	r3, [r3]
 8001 013a 9A42     		cmp	r2, r3
 8002 013c 03D9     		bls	.L509
 8003              		.loc 1 4987 6 is_stmt 0 discriminator 1
 8004 013e 3B6B     		ldr	r3, [r7, #48]
 8005 0140 DB6A     		ldr	r3, [r3, #44]
 8006 0142 1A4A     		ldr	r2, .L515+4
 8007 0144 1360     		str	r3, [r2]
 8008              	.L509:
 8009              		.loc 1 4987 6 discriminator 3
 8010 0146 3B6B     		ldr	r3, [r7, #48]
ARM GAS  /tmp/ccsbjPFO.s 			page 233


 8011 0148 DA6A     		ldr	r2, [r3, #44]
 8012 014a 1346     		mov	r3, r2
 8013 014c 9B00     		lsls	r3, r3, #2
 8014 014e 1344     		add	r3, r3, r2
 8015 0150 9B00     		lsls	r3, r3, #2
 8016 0152 174A     		ldr	r2, .L515+8
 8017 0154 1A44     		add	r2, r2, r3
 8018 0156 3B6B     		ldr	r3, [r7, #48]
 8019 0158 0433     		adds	r3, r3, #4
 8020 015a 1946     		mov	r1, r3
 8021 015c 1046     		mov	r0, r2
 8022 015e FFF7FEFF 		bl	vListInsertEnd
 8023 0162 05E0     		b	.L510
 8024              	.L508:
4988:Middlewares/Third_Party/FreeRTOS/Source/tasks.c **** 				}
4989:Middlewares/Third_Party/FreeRTOS/Source/tasks.c **** 				else
4990:Middlewares/Third_Party/FreeRTOS/Source/tasks.c **** 				{
4991:Middlewares/Third_Party/FreeRTOS/Source/tasks.c **** 					/* The delayed and ready lists cannot be accessed, so hold
4992:Middlewares/Third_Party/FreeRTOS/Source/tasks.c **** 					this task pending until the scheduler is resumed. */
4993:Middlewares/Third_Party/FreeRTOS/Source/tasks.c **** 					vListInsertEnd( &( xPendingReadyList ), &( pxTCB->xEventListItem ) );
 8025              		.loc 1 4993 46 is_stmt 1
 8026 0164 3B6B     		ldr	r3, [r7, #48]
 8027 0166 1833     		adds	r3, r3, #24
 8028              		.loc 1 4993 6
 8029 0168 1946     		mov	r1, r3
 8030 016a 1248     		ldr	r0, .L515+12
 8031 016c FFF7FEFF 		bl	vListInsertEnd
 8032              	.L510:
4994:Middlewares/Third_Party/FreeRTOS/Source/tasks.c **** 				}
4995:Middlewares/Third_Party/FreeRTOS/Source/tasks.c **** 
4996:Middlewares/Third_Party/FreeRTOS/Source/tasks.c **** 				if( pxTCB->uxPriority > pxCurrentTCB->uxPriority )
 8033              		.loc 1 4996 14
 8034 0170 3B6B     		ldr	r3, [r7, #48]
 8035 0172 DA6A     		ldr	r2, [r3, #44]
 8036              		.loc 1 4996 41
 8037 0174 104B     		ldr	r3, .L515+16
 8038 0176 1B68     		ldr	r3, [r3]
 8039 0178 DB6A     		ldr	r3, [r3, #44]
 8040              		.loc 1 4996 7
 8041 017a 9A42     		cmp	r2, r3
 8042 017c 08D9     		bls	.L505
4997:Middlewares/Third_Party/FreeRTOS/Source/tasks.c **** 				{
4998:Middlewares/Third_Party/FreeRTOS/Source/tasks.c **** 					/* The notified task has a priority above the currently
4999:Middlewares/Third_Party/FreeRTOS/Source/tasks.c **** 					executing task so a yield is required. */
5000:Middlewares/Third_Party/FreeRTOS/Source/tasks.c **** 					if( pxHigherPriorityTaskWoken != NULL )
 8043              		.loc 1 5000 8
 8044 017e 3B6C     		ldr	r3, [r7, #64]
 8045 0180 002B     		cmp	r3, #0
 8046 0182 02D0     		beq	.L511
5001:Middlewares/Third_Party/FreeRTOS/Source/tasks.c **** 					{
5002:Middlewares/Third_Party/FreeRTOS/Source/tasks.c **** 						*pxHigherPriorityTaskWoken = pdTRUE;
 8047              		.loc 1 5002 34
 8048 0184 3B6C     		ldr	r3, [r7, #64]
 8049 0186 0122     		movs	r2, #1
 8050 0188 1A60     		str	r2, [r3]
 8051              	.L511:
5003:Middlewares/Third_Party/FreeRTOS/Source/tasks.c **** 					}
ARM GAS  /tmp/ccsbjPFO.s 			page 234


5004:Middlewares/Third_Party/FreeRTOS/Source/tasks.c **** 
5005:Middlewares/Third_Party/FreeRTOS/Source/tasks.c **** 					/* Mark that a yield is pending in case the user is not
5006:Middlewares/Third_Party/FreeRTOS/Source/tasks.c **** 					using the "xHigherPriorityTaskWoken" parameter to an ISR
5007:Middlewares/Third_Party/FreeRTOS/Source/tasks.c **** 					safe FreeRTOS function. */
5008:Middlewares/Third_Party/FreeRTOS/Source/tasks.c **** 					xYieldPending = pdTRUE;
 8052              		.loc 1 5008 20
 8053 018a 0C4B     		ldr	r3, .L515+20
 8054 018c 0122     		movs	r2, #1
 8055 018e 1A60     		str	r2, [r3]
 8056              	.L505:
 8057 0190 FB6A     		ldr	r3, [r7, #44]
 8058 0192 3B61     		str	r3, [r7, #16]
 8059              	.LBB245:
 8060              	.LBB246:
 229:Middlewares/Third_Party/FreeRTOS/Source/portable/GCC/ARM_CM4F/portmacro.h **** 	(
 8061              		.loc 2 229 2
 8062 0194 3B69     		ldr	r3, [r7, #16]
 8063              		.syntax unified
 8064              	@ 229 "Middlewares/Third_Party/FreeRTOS/Source/portable/GCC/ARM_CM4F/portmacro.h" 1
 8065 0196 83F31188 			msr basepri, r3	
 8066              	@ 0 "" 2
 8067              		.loc 2 233 1
 8068              		.thumb
 8069              		.syntax unified
 8070 019a 00BF     		nop
 8071              	.LBE246:
 8072              	.LBE245:
5009:Middlewares/Third_Party/FreeRTOS/Source/tasks.c **** 				}
5010:Middlewares/Third_Party/FreeRTOS/Source/tasks.c **** 				else
5011:Middlewares/Third_Party/FreeRTOS/Source/tasks.c **** 				{
5012:Middlewares/Third_Party/FreeRTOS/Source/tasks.c **** 					mtCOVERAGE_TEST_MARKER();
5013:Middlewares/Third_Party/FreeRTOS/Source/tasks.c **** 				}
5014:Middlewares/Third_Party/FreeRTOS/Source/tasks.c **** 			}
5015:Middlewares/Third_Party/FreeRTOS/Source/tasks.c **** 		}
5016:Middlewares/Third_Party/FreeRTOS/Source/tasks.c **** 		portCLEAR_INTERRUPT_MASK_FROM_ISR( uxSavedInterruptStatus );
5017:Middlewares/Third_Party/FreeRTOS/Source/tasks.c **** 
5018:Middlewares/Third_Party/FreeRTOS/Source/tasks.c **** 		return xReturn;
 8073              		.loc 1 5018 10
 8074 019c 7B6B     		ldr	r3, [r7, #52]
5019:Middlewares/Third_Party/FreeRTOS/Source/tasks.c **** 	}
 8075              		.loc 1 5019 2
 8076 019e 1846     		mov	r0, r3
 8077 01a0 3837     		adds	r7, r7, #56
 8078              	.LCFI311:
 8079              		.cfi_def_cfa_offset 8
 8080 01a2 BD46     		mov	sp, r7
 8081              	.LCFI312:
 8082              		.cfi_def_cfa_register 13
 8083              		@ sp needed
 8084 01a4 80BD     		pop	{r7, pc}
 8085              	.L516:
 8086 01a6 00BF     		.align	2
 8087              	.L515:
 8088 01a8 00000000 		.word	uxSchedulerSuspended
 8089 01ac 00000000 		.word	uxTopReadyPriority
 8090 01b0 00000000 		.word	pxReadyTasksLists
 8091 01b4 00000000 		.word	xPendingReadyList
ARM GAS  /tmp/ccsbjPFO.s 			page 235


 8092 01b8 00000000 		.word	pxCurrentTCB
 8093 01bc 00000000 		.word	xYieldPending
 8094              		.cfi_endproc
 8095              	.LFE64:
 8097              		.section	.text.vTaskNotifyGiveFromISR,"ax",%progbits
 8098              		.align	1
 8099              		.global	vTaskNotifyGiveFromISR
 8100              		.syntax unified
 8101              		.thumb
 8102              		.thumb_func
 8104              	vTaskNotifyGiveFromISR:
 8105              	.LFB65:
5020:Middlewares/Third_Party/FreeRTOS/Source/tasks.c **** 
5021:Middlewares/Third_Party/FreeRTOS/Source/tasks.c **** #endif /* configUSE_TASK_NOTIFICATIONS */
5022:Middlewares/Third_Party/FreeRTOS/Source/tasks.c **** /*-----------------------------------------------------------*/
5023:Middlewares/Third_Party/FreeRTOS/Source/tasks.c **** 
5024:Middlewares/Third_Party/FreeRTOS/Source/tasks.c **** #if( configUSE_TASK_NOTIFICATIONS == 1 )
5025:Middlewares/Third_Party/FreeRTOS/Source/tasks.c **** 
5026:Middlewares/Third_Party/FreeRTOS/Source/tasks.c **** 	void vTaskNotifyGiveFromISR( TaskHandle_t xTaskToNotify, BaseType_t *pxHigherPriorityTaskWoken )
5027:Middlewares/Third_Party/FreeRTOS/Source/tasks.c **** 	{
 8106              		.loc 1 5027 2
 8107              		.cfi_startproc
 8108              		@ args = 0, pretend = 0, frame = 40
 8109              		@ frame_needed = 1, uses_anonymous_args = 0
 8110 0000 80B5     		push	{r7, lr}
 8111              	.LCFI313:
 8112              		.cfi_def_cfa_offset 8
 8113              		.cfi_offset 7, -8
 8114              		.cfi_offset 14, -4
 8115 0002 8AB0     		sub	sp, sp, #40
 8116              	.LCFI314:
 8117              		.cfi_def_cfa_offset 48
 8118 0004 00AF     		add	r7, sp, #0
 8119              	.LCFI315:
 8120              		.cfi_def_cfa_register 7
 8121 0006 7860     		str	r0, [r7, #4]
 8122 0008 3960     		str	r1, [r7]
5028:Middlewares/Third_Party/FreeRTOS/Source/tasks.c **** 	TCB_t * pxTCB;
5029:Middlewares/Third_Party/FreeRTOS/Source/tasks.c **** 	uint8_t ucOriginalNotifyState;
5030:Middlewares/Third_Party/FreeRTOS/Source/tasks.c **** 	UBaseType_t uxSavedInterruptStatus;
5031:Middlewares/Third_Party/FreeRTOS/Source/tasks.c **** 
5032:Middlewares/Third_Party/FreeRTOS/Source/tasks.c **** 		configASSERT( xTaskToNotify );
 8123              		.loc 1 5032 3
 8124 000a 7B68     		ldr	r3, [r7, #4]
 8125 000c 002B     		cmp	r3, #0
 8126 000e 0BD1     		bne	.L518
 8127              	.LBB247:
 8128              	.LBB248:
 195:Middlewares/Third_Party/FreeRTOS/Source/portable/GCC/ARM_CM4F/portmacro.h **** 	(
 8129              		.loc 2 195 2
 8130              		.syntax unified
 8131              	@ 195 "Middlewares/Third_Party/FreeRTOS/Source/portable/GCC/ARM_CM4F/portmacro.h" 1
 8132 0010 4FF05003 			mov r3, #80												
 8133 0014 83F31188 		msr basepri, r3											
 8134 0018 BFF36F8F 		isb														
 8135 001c BFF34F8F 		dsb														
 8136              	
ARM GAS  /tmp/ccsbjPFO.s 			page 236


 8137              	@ 0 "" 2
 8138              		.thumb
 8139              		.syntax unified
 8140 0020 BB61     		str	r3, [r7, #24]
 203:Middlewares/Third_Party/FreeRTOS/Source/portable/GCC/ARM_CM4F/portmacro.h **** 
 8141              		.loc 2 203 1
 8142 0022 00BF     		nop
 8143              	.L519:
 8144              	.LBE248:
 8145              	.LBE247:
 8146              		.loc 1 5032 3
 8147 0024 00BF     		nop
 8148 0026 FDE7     		b	.L519
 8149              	.L518:
5033:Middlewares/Third_Party/FreeRTOS/Source/tasks.c **** 
5034:Middlewares/Third_Party/FreeRTOS/Source/tasks.c **** 		/* RTOS ports that support interrupt nesting have the concept of a
5035:Middlewares/Third_Party/FreeRTOS/Source/tasks.c **** 		maximum	system call (or maximum API call) interrupt priority.
5036:Middlewares/Third_Party/FreeRTOS/Source/tasks.c **** 		Interrupts that are	above the maximum system call priority are keep
5037:Middlewares/Third_Party/FreeRTOS/Source/tasks.c **** 		permanently enabled, even when the RTOS kernel is in a critical section,
5038:Middlewares/Third_Party/FreeRTOS/Source/tasks.c **** 		but cannot make any calls to FreeRTOS API functions.  If configASSERT()
5039:Middlewares/Third_Party/FreeRTOS/Source/tasks.c **** 		is defined in FreeRTOSConfig.h then
5040:Middlewares/Third_Party/FreeRTOS/Source/tasks.c **** 		portASSERT_IF_INTERRUPT_PRIORITY_INVALID() will result in an assertion
5041:Middlewares/Third_Party/FreeRTOS/Source/tasks.c **** 		failure if a FreeRTOS API function is called from an interrupt that has
5042:Middlewares/Third_Party/FreeRTOS/Source/tasks.c **** 		been assigned a priority above the configured maximum system call
5043:Middlewares/Third_Party/FreeRTOS/Source/tasks.c **** 		priority.  Only FreeRTOS functions that end in FromISR can be called
5044:Middlewares/Third_Party/FreeRTOS/Source/tasks.c **** 		from interrupts	that have been assigned a priority at or (logically)
5045:Middlewares/Third_Party/FreeRTOS/Source/tasks.c **** 		below the maximum system call interrupt priority.  FreeRTOS maintains a
5046:Middlewares/Third_Party/FreeRTOS/Source/tasks.c **** 		separate interrupt safe API to ensure interrupt entry is as fast and as
5047:Middlewares/Third_Party/FreeRTOS/Source/tasks.c **** 		simple as possible.  More information (albeit Cortex-M specific) is
5048:Middlewares/Third_Party/FreeRTOS/Source/tasks.c **** 		provided on the following link:
5049:Middlewares/Third_Party/FreeRTOS/Source/tasks.c **** 		http://www.freertos.org/RTOS-Cortex-M3-M4.html */
5050:Middlewares/Third_Party/FreeRTOS/Source/tasks.c **** 		portASSERT_IF_INTERRUPT_PRIORITY_INVALID();
 8150              		.loc 1 5050 3
 8151 0028 FFF7FEFF 		bl	vPortValidateInterruptPriority
5051:Middlewares/Third_Party/FreeRTOS/Source/tasks.c **** 
5052:Middlewares/Third_Party/FreeRTOS/Source/tasks.c **** 		pxTCB = xTaskToNotify;
 8152              		.loc 1 5052 9
 8153 002c 7B68     		ldr	r3, [r7, #4]
 8154 002e 7B62     		str	r3, [r7, #36]
 8155              	.LBB249:
 8156              	.LBB250:
 211:Middlewares/Third_Party/FreeRTOS/Source/portable/GCC/ARM_CM4F/portmacro.h **** 	(
 8157              		.loc 2 211 2
 8158              		.syntax unified
 8159              	@ 211 "Middlewares/Third_Party/FreeRTOS/Source/portable/GCC/ARM_CM4F/portmacro.h" 1
 8160 0030 EFF31182 			mrs r2, basepri											
 8161 0034 4FF05003 		mov r3, #80												
 8162 0038 83F31188 		msr basepri, r3											
 8163 003c BFF36F8F 		isb														
 8164 0040 BFF34F8F 		dsb														
 8165              	
 8166              	@ 0 "" 2
 8167              		.thumb
 8168              		.syntax unified
 8169 0044 7A61     		str	r2, [r7, #20]
 8170 0046 3B61     		str	r3, [r7, #16]
 223:Middlewares/Third_Party/FreeRTOS/Source/portable/GCC/ARM_CM4F/portmacro.h **** }
ARM GAS  /tmp/ccsbjPFO.s 			page 237


 8171              		.loc 2 223 9
 8172 0048 7B69     		ldr	r3, [r7, #20]
 8173              	.LBE250:
 8174              	.LBE249:
5053:Middlewares/Third_Party/FreeRTOS/Source/tasks.c **** 
5054:Middlewares/Third_Party/FreeRTOS/Source/tasks.c **** 		uxSavedInterruptStatus = portSET_INTERRUPT_MASK_FROM_ISR();
 8175              		.loc 1 5054 28
 8176 004a 3B62     		str	r3, [r7, #32]
5055:Middlewares/Third_Party/FreeRTOS/Source/tasks.c **** 		{
5056:Middlewares/Third_Party/FreeRTOS/Source/tasks.c **** 			ucOriginalNotifyState = pxTCB->ucNotifyState;
 8177              		.loc 1 5056 26
 8178 004c 7B6A     		ldr	r3, [r7, #36]
 8179 004e 93F86030 		ldrb	r3, [r3, #96]
 8180 0052 FB77     		strb	r3, [r7, #31]
5057:Middlewares/Third_Party/FreeRTOS/Source/tasks.c **** 			pxTCB->ucNotifyState = taskNOTIFICATION_RECEIVED;
 8181              		.loc 1 5057 25
 8182 0054 7B6A     		ldr	r3, [r7, #36]
 8183 0056 0222     		movs	r2, #2
 8184 0058 83F86020 		strb	r2, [r3, #96]
5058:Middlewares/Third_Party/FreeRTOS/Source/tasks.c **** 
5059:Middlewares/Third_Party/FreeRTOS/Source/tasks.c **** 			/* 'Giving' is equivalent to incrementing a count in a counting
5060:Middlewares/Third_Party/FreeRTOS/Source/tasks.c **** 			semaphore. */
5061:Middlewares/Third_Party/FreeRTOS/Source/tasks.c **** 			( pxTCB->ulNotifiedValue )++;
 8185              		.loc 1 5061 11
 8186 005c 7B6A     		ldr	r3, [r7, #36]
 8187 005e DB6D     		ldr	r3, [r3, #92]
 8188              		.loc 1 5061 30
 8189 0060 5A1C     		adds	r2, r3, #1
 8190 0062 7B6A     		ldr	r3, [r7, #36]
 8191 0064 DA65     		str	r2, [r3, #92]
5062:Middlewares/Third_Party/FreeRTOS/Source/tasks.c **** 
5063:Middlewares/Third_Party/FreeRTOS/Source/tasks.c **** 			traceTASK_NOTIFY_GIVE_FROM_ISR();
5064:Middlewares/Third_Party/FreeRTOS/Source/tasks.c **** 
5065:Middlewares/Third_Party/FreeRTOS/Source/tasks.c **** 			/* If the task is in the blocked state specifically to wait for a
5066:Middlewares/Third_Party/FreeRTOS/Source/tasks.c **** 			notification then unblock it now. */
5067:Middlewares/Third_Party/FreeRTOS/Source/tasks.c **** 			if( ucOriginalNotifyState == taskWAITING_NOTIFICATION )
 8192              		.loc 1 5067 6
 8193 0066 FB7F     		ldrb	r3, [r7, #31]	@ zero_extendqisi2
 8194 0068 012B     		cmp	r3, #1
 8195 006a 47D1     		bne	.L521
5068:Middlewares/Third_Party/FreeRTOS/Source/tasks.c **** 			{
5069:Middlewares/Third_Party/FreeRTOS/Source/tasks.c **** 				/* The task should not have been on an event list. */
5070:Middlewares/Third_Party/FreeRTOS/Source/tasks.c **** 				configASSERT( listLIST_ITEM_CONTAINER( &( pxTCB->xEventListItem ) ) == NULL );
 8196              		.loc 1 5070 5
 8197 006c 7B6A     		ldr	r3, [r7, #36]
 8198 006e 9B6A     		ldr	r3, [r3, #40]
 8199 0070 002B     		cmp	r3, #0
 8200 0072 0BD0     		beq	.L522
 8201              	.LBB251:
 8202              	.LBB252:
 195:Middlewares/Third_Party/FreeRTOS/Source/portable/GCC/ARM_CM4F/portmacro.h **** 	(
 8203              		.loc 2 195 2
 8204              		.syntax unified
 8205              	@ 195 "Middlewares/Third_Party/FreeRTOS/Source/portable/GCC/ARM_CM4F/portmacro.h" 1
 8206 0074 4FF05003 			mov r3, #80												
 8207 0078 83F31188 		msr basepri, r3											
 8208 007c BFF36F8F 		isb														
ARM GAS  /tmp/ccsbjPFO.s 			page 238


 8209 0080 BFF34F8F 		dsb														
 8210              	
 8211              	@ 0 "" 2
 8212              		.thumb
 8213              		.syntax unified
 8214 0084 FB60     		str	r3, [r7, #12]
 203:Middlewares/Third_Party/FreeRTOS/Source/portable/GCC/ARM_CM4F/portmacro.h **** 
 8215              		.loc 2 203 1
 8216 0086 00BF     		nop
 8217              	.L523:
 8218              	.LBE252:
 8219              	.LBE251:
 8220              		.loc 1 5070 5
 8221 0088 00BF     		nop
 8222 008a FDE7     		b	.L523
 8223              	.L522:
5071:Middlewares/Third_Party/FreeRTOS/Source/tasks.c **** 
5072:Middlewares/Third_Party/FreeRTOS/Source/tasks.c **** 				if( uxSchedulerSuspended == ( UBaseType_t ) pdFALSE )
 8224              		.loc 1 5072 30
 8225 008c 204B     		ldr	r3, .L528
 8226 008e 1B68     		ldr	r3, [r3]
 8227              		.loc 1 5072 7
 8228 0090 002B     		cmp	r3, #0
 8229 0092 1DD1     		bne	.L524
5073:Middlewares/Third_Party/FreeRTOS/Source/tasks.c **** 				{
5074:Middlewares/Third_Party/FreeRTOS/Source/tasks.c **** 					( void ) uxListRemove( &( pxTCB->xStateListItem ) );
 8230              		.loc 1 5074 29
 8231 0094 7B6A     		ldr	r3, [r7, #36]
 8232 0096 0433     		adds	r3, r3, #4
 8233              		.loc 1 5074 15
 8234 0098 1846     		mov	r0, r3
 8235 009a FFF7FEFF 		bl	uxListRemove
5075:Middlewares/Third_Party/FreeRTOS/Source/tasks.c **** 					prvAddTaskToReadyList( pxTCB );
 8236              		.loc 1 5075 6
 8237 009e 7B6A     		ldr	r3, [r7, #36]
 8238 00a0 DA6A     		ldr	r2, [r3, #44]
 8239 00a2 1C4B     		ldr	r3, .L528+4
 8240 00a4 1B68     		ldr	r3, [r3]
 8241 00a6 9A42     		cmp	r2, r3
 8242 00a8 03D9     		bls	.L525
 8243              		.loc 1 5075 6 is_stmt 0 discriminator 1
 8244 00aa 7B6A     		ldr	r3, [r7, #36]
 8245 00ac DB6A     		ldr	r3, [r3, #44]
 8246 00ae 194A     		ldr	r2, .L528+4
 8247 00b0 1360     		str	r3, [r2]
 8248              	.L525:
 8249              		.loc 1 5075 6 discriminator 3
 8250 00b2 7B6A     		ldr	r3, [r7, #36]
 8251 00b4 DA6A     		ldr	r2, [r3, #44]
 8252 00b6 1346     		mov	r3, r2
 8253 00b8 9B00     		lsls	r3, r3, #2
 8254 00ba 1344     		add	r3, r3, r2
 8255 00bc 9B00     		lsls	r3, r3, #2
 8256 00be 164A     		ldr	r2, .L528+8
 8257 00c0 1A44     		add	r2, r2, r3
 8258 00c2 7B6A     		ldr	r3, [r7, #36]
 8259 00c4 0433     		adds	r3, r3, #4
ARM GAS  /tmp/ccsbjPFO.s 			page 239


 8260 00c6 1946     		mov	r1, r3
 8261 00c8 1046     		mov	r0, r2
 8262 00ca FFF7FEFF 		bl	vListInsertEnd
 8263 00ce 05E0     		b	.L526
 8264              	.L524:
5076:Middlewares/Third_Party/FreeRTOS/Source/tasks.c **** 				}
5077:Middlewares/Third_Party/FreeRTOS/Source/tasks.c **** 				else
5078:Middlewares/Third_Party/FreeRTOS/Source/tasks.c **** 				{
5079:Middlewares/Third_Party/FreeRTOS/Source/tasks.c **** 					/* The delayed and ready lists cannot be accessed, so hold
5080:Middlewares/Third_Party/FreeRTOS/Source/tasks.c **** 					this task pending until the scheduler is resumed. */
5081:Middlewares/Third_Party/FreeRTOS/Source/tasks.c **** 					vListInsertEnd( &( xPendingReadyList ), &( pxTCB->xEventListItem ) );
 8265              		.loc 1 5081 46 is_stmt 1
 8266 00d0 7B6A     		ldr	r3, [r7, #36]
 8267 00d2 1833     		adds	r3, r3, #24
 8268              		.loc 1 5081 6
 8269 00d4 1946     		mov	r1, r3
 8270 00d6 1148     		ldr	r0, .L528+12
 8271 00d8 FFF7FEFF 		bl	vListInsertEnd
 8272              	.L526:
5082:Middlewares/Third_Party/FreeRTOS/Source/tasks.c **** 				}
5083:Middlewares/Third_Party/FreeRTOS/Source/tasks.c **** 
5084:Middlewares/Third_Party/FreeRTOS/Source/tasks.c **** 				if( pxTCB->uxPriority > pxCurrentTCB->uxPriority )
 8273              		.loc 1 5084 14
 8274 00dc 7B6A     		ldr	r3, [r7, #36]
 8275 00de DA6A     		ldr	r2, [r3, #44]
 8276              		.loc 1 5084 41
 8277 00e0 0F4B     		ldr	r3, .L528+16
 8278 00e2 1B68     		ldr	r3, [r3]
 8279 00e4 DB6A     		ldr	r3, [r3, #44]
 8280              		.loc 1 5084 7
 8281 00e6 9A42     		cmp	r2, r3
 8282 00e8 08D9     		bls	.L521
5085:Middlewares/Third_Party/FreeRTOS/Source/tasks.c **** 				{
5086:Middlewares/Third_Party/FreeRTOS/Source/tasks.c **** 					/* The notified task has a priority above the currently
5087:Middlewares/Third_Party/FreeRTOS/Source/tasks.c **** 					executing task so a yield is required. */
5088:Middlewares/Third_Party/FreeRTOS/Source/tasks.c **** 					if( pxHigherPriorityTaskWoken != NULL )
 8283              		.loc 1 5088 8
 8284 00ea 3B68     		ldr	r3, [r7]
 8285 00ec 002B     		cmp	r3, #0
 8286 00ee 02D0     		beq	.L527
5089:Middlewares/Third_Party/FreeRTOS/Source/tasks.c **** 					{
5090:Middlewares/Third_Party/FreeRTOS/Source/tasks.c **** 						*pxHigherPriorityTaskWoken = pdTRUE;
 8287              		.loc 1 5090 34
 8288 00f0 3B68     		ldr	r3, [r7]
 8289 00f2 0122     		movs	r2, #1
 8290 00f4 1A60     		str	r2, [r3]
 8291              	.L527:
5091:Middlewares/Third_Party/FreeRTOS/Source/tasks.c **** 					}
5092:Middlewares/Third_Party/FreeRTOS/Source/tasks.c **** 
5093:Middlewares/Third_Party/FreeRTOS/Source/tasks.c **** 					/* Mark that a yield is pending in case the user is not
5094:Middlewares/Third_Party/FreeRTOS/Source/tasks.c **** 					using the "xHigherPriorityTaskWoken" parameter in an ISR
5095:Middlewares/Third_Party/FreeRTOS/Source/tasks.c **** 					safe FreeRTOS function. */
5096:Middlewares/Third_Party/FreeRTOS/Source/tasks.c **** 					xYieldPending = pdTRUE;
 8292              		.loc 1 5096 20
 8293 00f6 0B4B     		ldr	r3, .L528+20
 8294 00f8 0122     		movs	r2, #1
 8295 00fa 1A60     		str	r2, [r3]
ARM GAS  /tmp/ccsbjPFO.s 			page 240


 8296              	.L521:
 8297 00fc 3B6A     		ldr	r3, [r7, #32]
 8298 00fe BB60     		str	r3, [r7, #8]
 8299              	.LBB253:
 8300              	.LBB254:
 229:Middlewares/Third_Party/FreeRTOS/Source/portable/GCC/ARM_CM4F/portmacro.h **** 	(
 8301              		.loc 2 229 2
 8302 0100 BB68     		ldr	r3, [r7, #8]
 8303              		.syntax unified
 8304              	@ 229 "Middlewares/Third_Party/FreeRTOS/Source/portable/GCC/ARM_CM4F/portmacro.h" 1
 8305 0102 83F31188 			msr basepri, r3	
 8306              	@ 0 "" 2
 8307              		.loc 2 233 1
 8308              		.thumb
 8309              		.syntax unified
 8310 0106 00BF     		nop
 8311              	.LBE254:
 8312              	.LBE253:
5097:Middlewares/Third_Party/FreeRTOS/Source/tasks.c **** 				}
5098:Middlewares/Third_Party/FreeRTOS/Source/tasks.c **** 				else
5099:Middlewares/Third_Party/FreeRTOS/Source/tasks.c **** 				{
5100:Middlewares/Third_Party/FreeRTOS/Source/tasks.c **** 					mtCOVERAGE_TEST_MARKER();
5101:Middlewares/Third_Party/FreeRTOS/Source/tasks.c **** 				}
5102:Middlewares/Third_Party/FreeRTOS/Source/tasks.c **** 			}
5103:Middlewares/Third_Party/FreeRTOS/Source/tasks.c **** 		}
5104:Middlewares/Third_Party/FreeRTOS/Source/tasks.c **** 		portCLEAR_INTERRUPT_MASK_FROM_ISR( uxSavedInterruptStatus );
5105:Middlewares/Third_Party/FreeRTOS/Source/tasks.c **** 	}
 8313              		.loc 1 5105 2
 8314 0108 00BF     		nop
 8315 010a 2837     		adds	r7, r7, #40
 8316              	.LCFI316:
 8317              		.cfi_def_cfa_offset 8
 8318 010c BD46     		mov	sp, r7
 8319              	.LCFI317:
 8320              		.cfi_def_cfa_register 13
 8321              		@ sp needed
 8322 010e 80BD     		pop	{r7, pc}
 8323              	.L529:
 8324              		.align	2
 8325              	.L528:
 8326 0110 00000000 		.word	uxSchedulerSuspended
 8327 0114 00000000 		.word	uxTopReadyPriority
 8328 0118 00000000 		.word	pxReadyTasksLists
 8329 011c 00000000 		.word	xPendingReadyList
 8330 0120 00000000 		.word	pxCurrentTCB
 8331 0124 00000000 		.word	xYieldPending
 8332              		.cfi_endproc
 8333              	.LFE65:
 8335              		.section	.text.xTaskNotifyStateClear,"ax",%progbits
 8336              		.align	1
 8337              		.global	xTaskNotifyStateClear
 8338              		.syntax unified
 8339              		.thumb
 8340              		.thumb_func
 8342              	xTaskNotifyStateClear:
 8343              	.LFB66:
5106:Middlewares/Third_Party/FreeRTOS/Source/tasks.c **** 
ARM GAS  /tmp/ccsbjPFO.s 			page 241


5107:Middlewares/Third_Party/FreeRTOS/Source/tasks.c **** #endif /* configUSE_TASK_NOTIFICATIONS */
5108:Middlewares/Third_Party/FreeRTOS/Source/tasks.c **** /*-----------------------------------------------------------*/
5109:Middlewares/Third_Party/FreeRTOS/Source/tasks.c **** 
5110:Middlewares/Third_Party/FreeRTOS/Source/tasks.c **** #if( configUSE_TASK_NOTIFICATIONS == 1 )
5111:Middlewares/Third_Party/FreeRTOS/Source/tasks.c **** 
5112:Middlewares/Third_Party/FreeRTOS/Source/tasks.c **** 	BaseType_t xTaskNotifyStateClear( TaskHandle_t xTask )
5113:Middlewares/Third_Party/FreeRTOS/Source/tasks.c **** 	{
 8344              		.loc 1 5113 2
 8345              		.cfi_startproc
 8346              		@ args = 0, pretend = 0, frame = 16
 8347              		@ frame_needed = 1, uses_anonymous_args = 0
 8348 0000 80B5     		push	{r7, lr}
 8349              	.LCFI318:
 8350              		.cfi_def_cfa_offset 8
 8351              		.cfi_offset 7, -8
 8352              		.cfi_offset 14, -4
 8353 0002 84B0     		sub	sp, sp, #16
 8354              	.LCFI319:
 8355              		.cfi_def_cfa_offset 24
 8356 0004 00AF     		add	r7, sp, #0
 8357              	.LCFI320:
 8358              		.cfi_def_cfa_register 7
 8359 0006 7860     		str	r0, [r7, #4]
5114:Middlewares/Third_Party/FreeRTOS/Source/tasks.c **** 	TCB_t *pxTCB;
5115:Middlewares/Third_Party/FreeRTOS/Source/tasks.c **** 	BaseType_t xReturn;
5116:Middlewares/Third_Party/FreeRTOS/Source/tasks.c **** 
5117:Middlewares/Third_Party/FreeRTOS/Source/tasks.c **** 		/* If null is passed in here then it is the calling task that is having
5118:Middlewares/Third_Party/FreeRTOS/Source/tasks.c **** 		its notification state cleared. */
5119:Middlewares/Third_Party/FreeRTOS/Source/tasks.c **** 		pxTCB = prvGetTCBFromHandle( xTask );
 8360              		.loc 1 5119 11
 8361 0008 7B68     		ldr	r3, [r7, #4]
 8362 000a 002B     		cmp	r3, #0
 8363 000c 03D1     		bne	.L531
 8364              		.loc 1 5119 9 discriminator 1
 8365 000e 0F4B     		ldr	r3, .L536
 8366 0010 1B68     		ldr	r3, [r3]
 8367 0012 FB60     		str	r3, [r7, #12]
 8368 0014 01E0     		b	.L532
 8369              	.L531:
 8370              		.loc 1 5119 9 is_stmt 0 discriminator 2
 8371 0016 7B68     		ldr	r3, [r7, #4]
 8372 0018 FB60     		str	r3, [r7, #12]
 8373              	.L532:
5120:Middlewares/Third_Party/FreeRTOS/Source/tasks.c **** 
5121:Middlewares/Third_Party/FreeRTOS/Source/tasks.c **** 		taskENTER_CRITICAL();
 8374              		.loc 1 5121 3 is_stmt 1
 8375 001a FFF7FEFF 		bl	vPortEnterCritical
5122:Middlewares/Third_Party/FreeRTOS/Source/tasks.c **** 		{
5123:Middlewares/Third_Party/FreeRTOS/Source/tasks.c **** 			if( pxTCB->ucNotifyState == taskNOTIFICATION_RECEIVED )
 8376              		.loc 1 5123 13
 8377 001e FB68     		ldr	r3, [r7, #12]
 8378 0020 93F86030 		ldrb	r3, [r3, #96]
 8379 0024 DBB2     		uxtb	r3, r3
 8380              		.loc 1 5123 6
 8381 0026 022B     		cmp	r3, #2
 8382 0028 06D1     		bne	.L533
5124:Middlewares/Third_Party/FreeRTOS/Source/tasks.c **** 			{
ARM GAS  /tmp/ccsbjPFO.s 			page 242


5125:Middlewares/Third_Party/FreeRTOS/Source/tasks.c **** 				pxTCB->ucNotifyState = taskNOT_WAITING_NOTIFICATION;
 8383              		.loc 1 5125 26
 8384 002a FB68     		ldr	r3, [r7, #12]
 8385 002c 0022     		movs	r2, #0
 8386 002e 83F86020 		strb	r2, [r3, #96]
5126:Middlewares/Third_Party/FreeRTOS/Source/tasks.c **** 				xReturn = pdPASS;
 8387              		.loc 1 5126 13
 8388 0032 0123     		movs	r3, #1
 8389 0034 BB60     		str	r3, [r7, #8]
 8390 0036 01E0     		b	.L534
 8391              	.L533:
5127:Middlewares/Third_Party/FreeRTOS/Source/tasks.c **** 			}
5128:Middlewares/Third_Party/FreeRTOS/Source/tasks.c **** 			else
5129:Middlewares/Third_Party/FreeRTOS/Source/tasks.c **** 			{
5130:Middlewares/Third_Party/FreeRTOS/Source/tasks.c **** 				xReturn = pdFAIL;
 8392              		.loc 1 5130 13
 8393 0038 0023     		movs	r3, #0
 8394 003a BB60     		str	r3, [r7, #8]
 8395              	.L534:
5131:Middlewares/Third_Party/FreeRTOS/Source/tasks.c **** 			}
5132:Middlewares/Third_Party/FreeRTOS/Source/tasks.c **** 		}
5133:Middlewares/Third_Party/FreeRTOS/Source/tasks.c **** 		taskEXIT_CRITICAL();
 8396              		.loc 1 5133 3
 8397 003c FFF7FEFF 		bl	vPortExitCritical
5134:Middlewares/Third_Party/FreeRTOS/Source/tasks.c **** 
5135:Middlewares/Third_Party/FreeRTOS/Source/tasks.c **** 		return xReturn;
 8398              		.loc 1 5135 10
 8399 0040 BB68     		ldr	r3, [r7, #8]
5136:Middlewares/Third_Party/FreeRTOS/Source/tasks.c **** 	}
 8400              		.loc 1 5136 2
 8401 0042 1846     		mov	r0, r3
 8402 0044 1037     		adds	r7, r7, #16
 8403              	.LCFI321:
 8404              		.cfi_def_cfa_offset 8
 8405 0046 BD46     		mov	sp, r7
 8406              	.LCFI322:
 8407              		.cfi_def_cfa_register 13
 8408              		@ sp needed
 8409 0048 80BD     		pop	{r7, pc}
 8410              	.L537:
 8411 004a 00BF     		.align	2
 8412              	.L536:
 8413 004c 00000000 		.word	pxCurrentTCB
 8414              		.cfi_endproc
 8415              	.LFE66:
 8417              		.section	.text.ulTaskNotifyValueClear,"ax",%progbits
 8418              		.align	1
 8419              		.global	ulTaskNotifyValueClear
 8420              		.syntax unified
 8421              		.thumb
 8422              		.thumb_func
 8424              	ulTaskNotifyValueClear:
 8425              	.LFB67:
5137:Middlewares/Third_Party/FreeRTOS/Source/tasks.c **** 
5138:Middlewares/Third_Party/FreeRTOS/Source/tasks.c **** #endif /* configUSE_TASK_NOTIFICATIONS */
5139:Middlewares/Third_Party/FreeRTOS/Source/tasks.c **** /*-----------------------------------------------------------*/
5140:Middlewares/Third_Party/FreeRTOS/Source/tasks.c **** 
ARM GAS  /tmp/ccsbjPFO.s 			page 243


5141:Middlewares/Third_Party/FreeRTOS/Source/tasks.c **** #if( configUSE_TASK_NOTIFICATIONS == 1 )
5142:Middlewares/Third_Party/FreeRTOS/Source/tasks.c **** 
5143:Middlewares/Third_Party/FreeRTOS/Source/tasks.c **** 	uint32_t ulTaskNotifyValueClear( TaskHandle_t xTask, uint32_t ulBitsToClear )
5144:Middlewares/Third_Party/FreeRTOS/Source/tasks.c **** 	{
 8426              		.loc 1 5144 2
 8427              		.cfi_startproc
 8428              		@ args = 0, pretend = 0, frame = 16
 8429              		@ frame_needed = 1, uses_anonymous_args = 0
 8430 0000 80B5     		push	{r7, lr}
 8431              	.LCFI323:
 8432              		.cfi_def_cfa_offset 8
 8433              		.cfi_offset 7, -8
 8434              		.cfi_offset 14, -4
 8435 0002 84B0     		sub	sp, sp, #16
 8436              	.LCFI324:
 8437              		.cfi_def_cfa_offset 24
 8438 0004 00AF     		add	r7, sp, #0
 8439              	.LCFI325:
 8440              		.cfi_def_cfa_register 7
 8441 0006 7860     		str	r0, [r7, #4]
 8442 0008 3960     		str	r1, [r7]
5145:Middlewares/Third_Party/FreeRTOS/Source/tasks.c **** 	TCB_t *pxTCB;
5146:Middlewares/Third_Party/FreeRTOS/Source/tasks.c **** 	uint32_t ulReturn;
5147:Middlewares/Third_Party/FreeRTOS/Source/tasks.c **** 
5148:Middlewares/Third_Party/FreeRTOS/Source/tasks.c **** 		/* If null is passed in here then it is the calling task that is having
5149:Middlewares/Third_Party/FreeRTOS/Source/tasks.c **** 		its notification state cleared. */
5150:Middlewares/Third_Party/FreeRTOS/Source/tasks.c **** 		pxTCB = prvGetTCBFromHandle( xTask );
 8443              		.loc 1 5150 11
 8444 000a 7B68     		ldr	r3, [r7, #4]
 8445 000c 002B     		cmp	r3, #0
 8446 000e 03D1     		bne	.L539
 8447              		.loc 1 5150 9 discriminator 1
 8448 0010 0C4B     		ldr	r3, .L542
 8449 0012 1B68     		ldr	r3, [r3]
 8450 0014 FB60     		str	r3, [r7, #12]
 8451 0016 01E0     		b	.L540
 8452              	.L539:
 8453              		.loc 1 5150 9 is_stmt 0 discriminator 2
 8454 0018 7B68     		ldr	r3, [r7, #4]
 8455 001a FB60     		str	r3, [r7, #12]
 8456              	.L540:
5151:Middlewares/Third_Party/FreeRTOS/Source/tasks.c **** 
5152:Middlewares/Third_Party/FreeRTOS/Source/tasks.c **** 		taskENTER_CRITICAL();
 8457              		.loc 1 5152 3 is_stmt 1
 8458 001c FFF7FEFF 		bl	vPortEnterCritical
5153:Middlewares/Third_Party/FreeRTOS/Source/tasks.c **** 		{
5154:Middlewares/Third_Party/FreeRTOS/Source/tasks.c **** 			/* Return the notification as it was before the bits were cleared,
5155:Middlewares/Third_Party/FreeRTOS/Source/tasks.c **** 			then clear the bit mask. */
5156:Middlewares/Third_Party/FreeRTOS/Source/tasks.c **** 			ulReturn = pxCurrentTCB->ulNotifiedValue;
 8459              		.loc 1 5156 27
 8460 0020 084B     		ldr	r3, .L542
 8461 0022 1B68     		ldr	r3, [r3]
 8462              		.loc 1 5156 13
 8463 0024 DB6D     		ldr	r3, [r3, #92]
 8464 0026 BB60     		str	r3, [r7, #8]
5157:Middlewares/Third_Party/FreeRTOS/Source/tasks.c **** 			pxTCB->ulNotifiedValue &= ~ulBitsToClear;
 8465              		.loc 1 5157 9
ARM GAS  /tmp/ccsbjPFO.s 			page 244


 8466 0028 FB68     		ldr	r3, [r7, #12]
 8467 002a DA6D     		ldr	r2, [r3, #92]
 8468              		.loc 1 5157 30
 8469 002c 3B68     		ldr	r3, [r7]
 8470 002e DB43     		mvns	r3, r3
 8471              		.loc 1 5157 27
 8472 0030 1A40     		ands	r2, r2, r3
 8473 0032 FB68     		ldr	r3, [r7, #12]
 8474 0034 DA65     		str	r2, [r3, #92]
5158:Middlewares/Third_Party/FreeRTOS/Source/tasks.c **** 		}
5159:Middlewares/Third_Party/FreeRTOS/Source/tasks.c **** 		taskEXIT_CRITICAL();
 8475              		.loc 1 5159 3
 8476 0036 FFF7FEFF 		bl	vPortExitCritical
5160:Middlewares/Third_Party/FreeRTOS/Source/tasks.c **** 
5161:Middlewares/Third_Party/FreeRTOS/Source/tasks.c **** 		return ulReturn;
 8477              		.loc 1 5161 10
 8478 003a BB68     		ldr	r3, [r7, #8]
5162:Middlewares/Third_Party/FreeRTOS/Source/tasks.c **** 	}
 8479              		.loc 1 5162 2
 8480 003c 1846     		mov	r0, r3
 8481 003e 1037     		adds	r7, r7, #16
 8482              	.LCFI326:
 8483              		.cfi_def_cfa_offset 8
 8484 0040 BD46     		mov	sp, r7
 8485              	.LCFI327:
 8486              		.cfi_def_cfa_register 13
 8487              		@ sp needed
 8488 0042 80BD     		pop	{r7, pc}
 8489              	.L543:
 8490              		.align	2
 8491              	.L542:
 8492 0044 00000000 		.word	pxCurrentTCB
 8493              		.cfi_endproc
 8494              	.LFE67:
 8496              		.section	.text.prvAddCurrentTaskToDelayedList,"ax",%progbits
 8497              		.align	1
 8498              		.syntax unified
 8499              		.thumb
 8500              		.thumb_func
 8502              	prvAddCurrentTaskToDelayedList:
 8503              	.LFB68:
5163:Middlewares/Third_Party/FreeRTOS/Source/tasks.c **** 
5164:Middlewares/Third_Party/FreeRTOS/Source/tasks.c **** #endif /* configUSE_TASK_NOTIFICATIONS */
5165:Middlewares/Third_Party/FreeRTOS/Source/tasks.c **** /*-----------------------------------------------------------*/
5166:Middlewares/Third_Party/FreeRTOS/Source/tasks.c **** 
5167:Middlewares/Third_Party/FreeRTOS/Source/tasks.c **** #if( ( configGENERATE_RUN_TIME_STATS == 1 ) && ( INCLUDE_xTaskGetIdleTaskHandle == 1 ) )
5168:Middlewares/Third_Party/FreeRTOS/Source/tasks.c **** 
5169:Middlewares/Third_Party/FreeRTOS/Source/tasks.c **** 	uint32_t ulTaskGetIdleRunTimeCounter( void )
5170:Middlewares/Third_Party/FreeRTOS/Source/tasks.c **** 	{
5171:Middlewares/Third_Party/FreeRTOS/Source/tasks.c **** 		return xIdleTaskHandle->ulRunTimeCounter;
5172:Middlewares/Third_Party/FreeRTOS/Source/tasks.c **** 	}
5173:Middlewares/Third_Party/FreeRTOS/Source/tasks.c **** 
5174:Middlewares/Third_Party/FreeRTOS/Source/tasks.c **** #endif
5175:Middlewares/Third_Party/FreeRTOS/Source/tasks.c **** /*-----------------------------------------------------------*/
5176:Middlewares/Third_Party/FreeRTOS/Source/tasks.c **** 
5177:Middlewares/Third_Party/FreeRTOS/Source/tasks.c **** static void prvAddCurrentTaskToDelayedList( TickType_t xTicksToWait, const BaseType_t xCanBlockInde
5178:Middlewares/Third_Party/FreeRTOS/Source/tasks.c **** {
ARM GAS  /tmp/ccsbjPFO.s 			page 245


 8504              		.loc 1 5178 1
 8505              		.cfi_startproc
 8506              		@ args = 0, pretend = 0, frame = 16
 8507              		@ frame_needed = 1, uses_anonymous_args = 0
 8508 0000 80B5     		push	{r7, lr}
 8509              	.LCFI328:
 8510              		.cfi_def_cfa_offset 8
 8511              		.cfi_offset 7, -8
 8512              		.cfi_offset 14, -4
 8513 0002 84B0     		sub	sp, sp, #16
 8514              	.LCFI329:
 8515              		.cfi_def_cfa_offset 24
 8516 0004 00AF     		add	r7, sp, #0
 8517              	.LCFI330:
 8518              		.cfi_def_cfa_register 7
 8519 0006 7860     		str	r0, [r7, #4]
 8520 0008 3960     		str	r1, [r7]
5179:Middlewares/Third_Party/FreeRTOS/Source/tasks.c **** TickType_t xTimeToWake;
5180:Middlewares/Third_Party/FreeRTOS/Source/tasks.c **** const TickType_t xConstTickCount = xTickCount;
 8521              		.loc 1 5180 18
 8522 000a 214B     		ldr	r3, .L549
 8523 000c 1B68     		ldr	r3, [r3]
 8524 000e FB60     		str	r3, [r7, #12]
5181:Middlewares/Third_Party/FreeRTOS/Source/tasks.c **** 
5182:Middlewares/Third_Party/FreeRTOS/Source/tasks.c **** 	#if( INCLUDE_xTaskAbortDelay == 1 )
5183:Middlewares/Third_Party/FreeRTOS/Source/tasks.c **** 	{
5184:Middlewares/Third_Party/FreeRTOS/Source/tasks.c **** 		/* About to enter a delayed list, so ensure the ucDelayAborted flag is
5185:Middlewares/Third_Party/FreeRTOS/Source/tasks.c **** 		reset to pdFALSE so it can be detected as having been set to pdTRUE
5186:Middlewares/Third_Party/FreeRTOS/Source/tasks.c **** 		when the task leaves the Blocked state. */
5187:Middlewares/Third_Party/FreeRTOS/Source/tasks.c **** 		pxCurrentTCB->ucDelayAborted = pdFALSE;
5188:Middlewares/Third_Party/FreeRTOS/Source/tasks.c **** 	}
5189:Middlewares/Third_Party/FreeRTOS/Source/tasks.c **** 	#endif
5190:Middlewares/Third_Party/FreeRTOS/Source/tasks.c **** 
5191:Middlewares/Third_Party/FreeRTOS/Source/tasks.c **** 	/* Remove the task from the ready list before adding it to the blocked list
5192:Middlewares/Third_Party/FreeRTOS/Source/tasks.c **** 	as the same list item is used for both lists. */
5193:Middlewares/Third_Party/FreeRTOS/Source/tasks.c **** 	if( uxListRemove( &( pxCurrentTCB->xStateListItem ) ) == ( UBaseType_t ) 0 )
 8525              		.loc 1 5193 35
 8526 0010 204B     		ldr	r3, .L549+4
 8527 0012 1B68     		ldr	r3, [r3]
 8528              		.loc 1 5193 20
 8529 0014 0433     		adds	r3, r3, #4
 8530              		.loc 1 5193 6
 8531 0016 1846     		mov	r0, r3
 8532 0018 FFF7FEFF 		bl	uxListRemove
5194:Middlewares/Third_Party/FreeRTOS/Source/tasks.c **** 	{
5195:Middlewares/Third_Party/FreeRTOS/Source/tasks.c **** 		/* The current task must be in a ready list, so there is no need to
5196:Middlewares/Third_Party/FreeRTOS/Source/tasks.c **** 		check, and the port reset macro can be called directly. */
5197:Middlewares/Third_Party/FreeRTOS/Source/tasks.c **** 		portRESET_READY_PRIORITY( pxCurrentTCB->uxPriority, uxTopReadyPriority ); /*lint !e931 pxCurrentT
5198:Middlewares/Third_Party/FreeRTOS/Source/tasks.c **** 	}
5199:Middlewares/Third_Party/FreeRTOS/Source/tasks.c **** 	else
5200:Middlewares/Third_Party/FreeRTOS/Source/tasks.c **** 	{
5201:Middlewares/Third_Party/FreeRTOS/Source/tasks.c **** 		mtCOVERAGE_TEST_MARKER();
5202:Middlewares/Third_Party/FreeRTOS/Source/tasks.c **** 	}
5203:Middlewares/Third_Party/FreeRTOS/Source/tasks.c **** 
5204:Middlewares/Third_Party/FreeRTOS/Source/tasks.c **** 	#if ( INCLUDE_vTaskSuspend == 1 )
5205:Middlewares/Third_Party/FreeRTOS/Source/tasks.c **** 	{
5206:Middlewares/Third_Party/FreeRTOS/Source/tasks.c **** 		if( ( xTicksToWait == portMAX_DELAY ) && ( xCanBlockIndefinitely != pdFALSE ) )
ARM GAS  /tmp/ccsbjPFO.s 			page 246


 8533              		.loc 1 5206 5
 8534 001c 7B68     		ldr	r3, [r7, #4]
 8535 001e B3F1FF3F 		cmp	r3, #-1
 8536 0022 0AD1     		bne	.L545
 8537              		.loc 1 5206 41 discriminator 1
 8538 0024 3B68     		ldr	r3, [r7]
 8539 0026 002B     		cmp	r3, #0
 8540 0028 07D0     		beq	.L545
5207:Middlewares/Third_Party/FreeRTOS/Source/tasks.c **** 		{
5208:Middlewares/Third_Party/FreeRTOS/Source/tasks.c **** 			/* Add the task to the suspended task list instead of a delayed task
5209:Middlewares/Third_Party/FreeRTOS/Source/tasks.c **** 			list to ensure it is not woken by a timing event.  It will block
5210:Middlewares/Third_Party/FreeRTOS/Source/tasks.c **** 			indefinitely. */
5211:Middlewares/Third_Party/FreeRTOS/Source/tasks.c **** 			vListInsertEnd( &xSuspendedTaskList, &( pxCurrentTCB->xStateListItem ) );
 8541              		.loc 1 5211 56
 8542 002a 1A4B     		ldr	r3, .L549+4
 8543 002c 1B68     		ldr	r3, [r3]
 8544              		.loc 1 5211 41
 8545 002e 0433     		adds	r3, r3, #4
 8546              		.loc 1 5211 4
 8547 0030 1946     		mov	r1, r3
 8548 0032 1948     		ldr	r0, .L549+8
 8549 0034 FFF7FEFF 		bl	vListInsertEnd
5212:Middlewares/Third_Party/FreeRTOS/Source/tasks.c **** 		}
5213:Middlewares/Third_Party/FreeRTOS/Source/tasks.c **** 		else
5214:Middlewares/Third_Party/FreeRTOS/Source/tasks.c **** 		{
5215:Middlewares/Third_Party/FreeRTOS/Source/tasks.c **** 			/* Calculate the time at which the task should be woken if the event
5216:Middlewares/Third_Party/FreeRTOS/Source/tasks.c **** 			does not occur.  This may overflow but this doesn't matter, the
5217:Middlewares/Third_Party/FreeRTOS/Source/tasks.c **** 			kernel will manage it correctly. */
5218:Middlewares/Third_Party/FreeRTOS/Source/tasks.c **** 			xTimeToWake = xConstTickCount + xTicksToWait;
5219:Middlewares/Third_Party/FreeRTOS/Source/tasks.c **** 
5220:Middlewares/Third_Party/FreeRTOS/Source/tasks.c **** 			/* The list item will be inserted in wake time order. */
5221:Middlewares/Third_Party/FreeRTOS/Source/tasks.c **** 			listSET_LIST_ITEM_VALUE( &( pxCurrentTCB->xStateListItem ), xTimeToWake );
5222:Middlewares/Third_Party/FreeRTOS/Source/tasks.c **** 
5223:Middlewares/Third_Party/FreeRTOS/Source/tasks.c **** 			if( xTimeToWake < xConstTickCount )
5224:Middlewares/Third_Party/FreeRTOS/Source/tasks.c **** 			{
5225:Middlewares/Third_Party/FreeRTOS/Source/tasks.c **** 				/* Wake time has overflowed.  Place this item in the overflow
5226:Middlewares/Third_Party/FreeRTOS/Source/tasks.c **** 				list. */
5227:Middlewares/Third_Party/FreeRTOS/Source/tasks.c **** 				vListInsert( pxOverflowDelayedTaskList, &( pxCurrentTCB->xStateListItem ) );
5228:Middlewares/Third_Party/FreeRTOS/Source/tasks.c **** 			}
5229:Middlewares/Third_Party/FreeRTOS/Source/tasks.c **** 			else
5230:Middlewares/Third_Party/FreeRTOS/Source/tasks.c **** 			{
5231:Middlewares/Third_Party/FreeRTOS/Source/tasks.c **** 				/* The wake time has not overflowed, so the current block list
5232:Middlewares/Third_Party/FreeRTOS/Source/tasks.c **** 				is used. */
5233:Middlewares/Third_Party/FreeRTOS/Source/tasks.c **** 				vListInsert( pxDelayedTaskList, &( pxCurrentTCB->xStateListItem ) );
5234:Middlewares/Third_Party/FreeRTOS/Source/tasks.c **** 
5235:Middlewares/Third_Party/FreeRTOS/Source/tasks.c **** 				/* If the task entering the blocked state was placed at the
5236:Middlewares/Third_Party/FreeRTOS/Source/tasks.c **** 				head of the list of blocked tasks then xNextTaskUnblockTime
5237:Middlewares/Third_Party/FreeRTOS/Source/tasks.c **** 				needs to be updated too. */
5238:Middlewares/Third_Party/FreeRTOS/Source/tasks.c **** 				if( xTimeToWake < xNextTaskUnblockTime )
5239:Middlewares/Third_Party/FreeRTOS/Source/tasks.c **** 				{
5240:Middlewares/Third_Party/FreeRTOS/Source/tasks.c **** 					xNextTaskUnblockTime = xTimeToWake;
5241:Middlewares/Third_Party/FreeRTOS/Source/tasks.c **** 				}
5242:Middlewares/Third_Party/FreeRTOS/Source/tasks.c **** 				else
5243:Middlewares/Third_Party/FreeRTOS/Source/tasks.c **** 				{
5244:Middlewares/Third_Party/FreeRTOS/Source/tasks.c **** 					mtCOVERAGE_TEST_MARKER();
5245:Middlewares/Third_Party/FreeRTOS/Source/tasks.c **** 				}
5246:Middlewares/Third_Party/FreeRTOS/Source/tasks.c **** 			}
ARM GAS  /tmp/ccsbjPFO.s 			page 247


5247:Middlewares/Third_Party/FreeRTOS/Source/tasks.c **** 		}
5248:Middlewares/Third_Party/FreeRTOS/Source/tasks.c **** 	}
5249:Middlewares/Third_Party/FreeRTOS/Source/tasks.c **** 	#else /* INCLUDE_vTaskSuspend */
5250:Middlewares/Third_Party/FreeRTOS/Source/tasks.c **** 	{
5251:Middlewares/Third_Party/FreeRTOS/Source/tasks.c **** 		/* Calculate the time at which the task should be woken if the event
5252:Middlewares/Third_Party/FreeRTOS/Source/tasks.c **** 		does not occur.  This may overflow but this doesn't matter, the kernel
5253:Middlewares/Third_Party/FreeRTOS/Source/tasks.c **** 		will manage it correctly. */
5254:Middlewares/Third_Party/FreeRTOS/Source/tasks.c **** 		xTimeToWake = xConstTickCount + xTicksToWait;
5255:Middlewares/Third_Party/FreeRTOS/Source/tasks.c **** 
5256:Middlewares/Third_Party/FreeRTOS/Source/tasks.c **** 		/* The list item will be inserted in wake time order. */
5257:Middlewares/Third_Party/FreeRTOS/Source/tasks.c **** 		listSET_LIST_ITEM_VALUE( &( pxCurrentTCB->xStateListItem ), xTimeToWake );
5258:Middlewares/Third_Party/FreeRTOS/Source/tasks.c **** 
5259:Middlewares/Third_Party/FreeRTOS/Source/tasks.c **** 		if( xTimeToWake < xConstTickCount )
5260:Middlewares/Third_Party/FreeRTOS/Source/tasks.c **** 		{
5261:Middlewares/Third_Party/FreeRTOS/Source/tasks.c **** 			/* Wake time has overflowed.  Place this item in the overflow list. */
5262:Middlewares/Third_Party/FreeRTOS/Source/tasks.c **** 			vListInsert( pxOverflowDelayedTaskList, &( pxCurrentTCB->xStateListItem ) );
5263:Middlewares/Third_Party/FreeRTOS/Source/tasks.c **** 		}
5264:Middlewares/Third_Party/FreeRTOS/Source/tasks.c **** 		else
5265:Middlewares/Third_Party/FreeRTOS/Source/tasks.c **** 		{
5266:Middlewares/Third_Party/FreeRTOS/Source/tasks.c **** 			/* The wake time has not overflowed, so the current block list is used. */
5267:Middlewares/Third_Party/FreeRTOS/Source/tasks.c **** 			vListInsert( pxDelayedTaskList, &( pxCurrentTCB->xStateListItem ) );
5268:Middlewares/Third_Party/FreeRTOS/Source/tasks.c **** 
5269:Middlewares/Third_Party/FreeRTOS/Source/tasks.c **** 			/* If the task entering the blocked state was placed at the head of the
5270:Middlewares/Third_Party/FreeRTOS/Source/tasks.c **** 			list of blocked tasks then xNextTaskUnblockTime needs to be updated
5271:Middlewares/Third_Party/FreeRTOS/Source/tasks.c **** 			too. */
5272:Middlewares/Third_Party/FreeRTOS/Source/tasks.c **** 			if( xTimeToWake < xNextTaskUnblockTime )
5273:Middlewares/Third_Party/FreeRTOS/Source/tasks.c **** 			{
5274:Middlewares/Third_Party/FreeRTOS/Source/tasks.c **** 				xNextTaskUnblockTime = xTimeToWake;
5275:Middlewares/Third_Party/FreeRTOS/Source/tasks.c **** 			}
5276:Middlewares/Third_Party/FreeRTOS/Source/tasks.c **** 			else
5277:Middlewares/Third_Party/FreeRTOS/Source/tasks.c **** 			{
5278:Middlewares/Third_Party/FreeRTOS/Source/tasks.c **** 				mtCOVERAGE_TEST_MARKER();
5279:Middlewares/Third_Party/FreeRTOS/Source/tasks.c **** 			}
5280:Middlewares/Third_Party/FreeRTOS/Source/tasks.c **** 		}
5281:Middlewares/Third_Party/FreeRTOS/Source/tasks.c **** 
5282:Middlewares/Third_Party/FreeRTOS/Source/tasks.c **** 		/* Avoid compiler warning when INCLUDE_vTaskSuspend is not 1. */
5283:Middlewares/Third_Party/FreeRTOS/Source/tasks.c **** 		( void ) xCanBlockIndefinitely;
5284:Middlewares/Third_Party/FreeRTOS/Source/tasks.c **** 	}
5285:Middlewares/Third_Party/FreeRTOS/Source/tasks.c **** 	#endif /* INCLUDE_vTaskSuspend */
5286:Middlewares/Third_Party/FreeRTOS/Source/tasks.c **** }
 8550              		.loc 1 5286 1
 8551 0038 26E0     		b	.L548
 8552              	.L545:
5218:Middlewares/Third_Party/FreeRTOS/Source/tasks.c **** 
 8553              		.loc 1 5218 16
 8554 003a FA68     		ldr	r2, [r7, #12]
 8555 003c 7B68     		ldr	r3, [r7, #4]
 8556 003e 1344     		add	r3, r3, r2
 8557 0040 BB60     		str	r3, [r7, #8]
5221:Middlewares/Third_Party/FreeRTOS/Source/tasks.c **** 
 8558              		.loc 1 5221 4
 8559 0042 144B     		ldr	r3, .L549+4
 8560 0044 1B68     		ldr	r3, [r3]
 8561 0046 BA68     		ldr	r2, [r7, #8]
 8562 0048 5A60     		str	r2, [r3, #4]
5223:Middlewares/Third_Party/FreeRTOS/Source/tasks.c **** 			{
 8563              		.loc 1 5223 6
ARM GAS  /tmp/ccsbjPFO.s 			page 248


 8564 004a BA68     		ldr	r2, [r7, #8]
 8565 004c FB68     		ldr	r3, [r7, #12]
 8566 004e 9A42     		cmp	r2, r3
 8567 0050 09D2     		bcs	.L547
5227:Middlewares/Third_Party/FreeRTOS/Source/tasks.c **** 			}
 8568              		.loc 1 5227 5
 8569 0052 124B     		ldr	r3, .L549+12
 8570 0054 1A68     		ldr	r2, [r3]
5227:Middlewares/Third_Party/FreeRTOS/Source/tasks.c **** 			}
 8571              		.loc 1 5227 60
 8572 0056 0F4B     		ldr	r3, .L549+4
 8573 0058 1B68     		ldr	r3, [r3]
5227:Middlewares/Third_Party/FreeRTOS/Source/tasks.c **** 			}
 8574              		.loc 1 5227 45
 8575 005a 0433     		adds	r3, r3, #4
5227:Middlewares/Third_Party/FreeRTOS/Source/tasks.c **** 			}
 8576              		.loc 1 5227 5
 8577 005c 1946     		mov	r1, r3
 8578 005e 1046     		mov	r0, r2
 8579 0060 FFF7FEFF 		bl	vListInsert
 8580              		.loc 1 5286 1
 8581 0064 10E0     		b	.L548
 8582              	.L547:
5233:Middlewares/Third_Party/FreeRTOS/Source/tasks.c **** 
 8583              		.loc 1 5233 5
 8584 0066 0E4B     		ldr	r3, .L549+16
 8585 0068 1A68     		ldr	r2, [r3]
5233:Middlewares/Third_Party/FreeRTOS/Source/tasks.c **** 
 8586              		.loc 1 5233 52
 8587 006a 0A4B     		ldr	r3, .L549+4
 8588 006c 1B68     		ldr	r3, [r3]
5233:Middlewares/Third_Party/FreeRTOS/Source/tasks.c **** 
 8589              		.loc 1 5233 37
 8590 006e 0433     		adds	r3, r3, #4
5233:Middlewares/Third_Party/FreeRTOS/Source/tasks.c **** 
 8591              		.loc 1 5233 5
 8592 0070 1946     		mov	r1, r3
 8593 0072 1046     		mov	r0, r2
 8594 0074 FFF7FEFF 		bl	vListInsert
5238:Middlewares/Third_Party/FreeRTOS/Source/tasks.c **** 				{
 8595              		.loc 1 5238 21
 8596 0078 0A4B     		ldr	r3, .L549+20
 8597 007a 1B68     		ldr	r3, [r3]
5238:Middlewares/Third_Party/FreeRTOS/Source/tasks.c **** 				{
 8598              		.loc 1 5238 7
 8599 007c BA68     		ldr	r2, [r7, #8]
 8600 007e 9A42     		cmp	r2, r3
 8601 0080 02D2     		bcs	.L548
5240:Middlewares/Third_Party/FreeRTOS/Source/tasks.c **** 				}
 8602              		.loc 1 5240 27
 8603 0082 084A     		ldr	r2, .L549+20
 8604 0084 BB68     		ldr	r3, [r7, #8]
 8605 0086 1360     		str	r3, [r2]
 8606              	.L548:
 8607              		.loc 1 5286 1
 8608 0088 00BF     		nop
 8609 008a 1037     		adds	r7, r7, #16
ARM GAS  /tmp/ccsbjPFO.s 			page 249


 8610              	.LCFI331:
 8611              		.cfi_def_cfa_offset 8
 8612 008c BD46     		mov	sp, r7
 8613              	.LCFI332:
 8614              		.cfi_def_cfa_register 13
 8615              		@ sp needed
 8616 008e 80BD     		pop	{r7, pc}
 8617              	.L550:
 8618              		.align	2
 8619              	.L549:
 8620 0090 00000000 		.word	xTickCount
 8621 0094 00000000 		.word	pxCurrentTCB
 8622 0098 00000000 		.word	xSuspendedTaskList
 8623 009c 00000000 		.word	pxOverflowDelayedTaskList
 8624 00a0 00000000 		.word	pxDelayedTaskList
 8625 00a4 00000000 		.word	xNextTaskUnblockTime
 8626              		.cfi_endproc
 8627              	.LFE68:
 8629              		.text
 8630              	.Letext0:
 8631              		.file 3 "/home/fabio/arm-gnu-toolchain-15.2.rel1-x86_64-arm-none-eabi/lib/gcc/arm-none-eabi/15.2.1
 8632              		.file 4 "/home/fabio/arm-gnu-toolchain-15.2.rel1-x86_64-arm-none-eabi/arm-none-eabi/include/machin
 8633              		.file 5 "/home/fabio/arm-gnu-toolchain-15.2.rel1-x86_64-arm-none-eabi/arm-none-eabi/include/sys/_s
 8634              		.file 6 "Middlewares/Third_Party/FreeRTOS/Source/include/projdefs.h"
 8635              		.file 7 "Middlewares/Third_Party/FreeRTOS/Source/include/FreeRTOS.h"
 8636              		.file 8 "Middlewares/Third_Party/FreeRTOS/Source/include/list.h"
 8637              		.file 9 "Middlewares/Third_Party/FreeRTOS/Source/include/task.h"
 8638              		.file 10 "Middlewares/Third_Party/FreeRTOS/Source/include/portable.h"
 8639              		.file 11 "Middlewares/Third_Party/FreeRTOS/Source/include/timers.h"
 8640              		.file 12 "/home/fabio/arm-gnu-toolchain-15.2.rel1-x86_64-arm-none-eabi/arm-none-eabi/include/strin
ARM GAS  /tmp/ccsbjPFO.s 			page 250


DEFINED SYMBOLS
                            *ABS*:00000000 tasks.c
     /tmp/ccsbjPFO.s:25     .bss.pxCurrentTCB:00000000 pxCurrentTCB
     /tmp/ccsbjPFO.s:22     .bss.pxCurrentTCB:00000000 $d
     /tmp/ccsbjPFO.s:28     .bss.pxReadyTasksLists:00000000 $d
     /tmp/ccsbjPFO.s:31     .bss.pxReadyTasksLists:00000000 pxReadyTasksLists
     /tmp/ccsbjPFO.s:34     .bss.xDelayedTaskList1:00000000 $d
     /tmp/ccsbjPFO.s:37     .bss.xDelayedTaskList1:00000000 xDelayedTaskList1
     /tmp/ccsbjPFO.s:40     .bss.xDelayedTaskList2:00000000 $d
     /tmp/ccsbjPFO.s:43     .bss.xDelayedTaskList2:00000000 xDelayedTaskList2
     /tmp/ccsbjPFO.s:46     .bss.pxDelayedTaskList:00000000 $d
     /tmp/ccsbjPFO.s:49     .bss.pxDelayedTaskList:00000000 pxDelayedTaskList
     /tmp/ccsbjPFO.s:52     .bss.pxOverflowDelayedTaskList:00000000 $d
     /tmp/ccsbjPFO.s:55     .bss.pxOverflowDelayedTaskList:00000000 pxOverflowDelayedTaskList
     /tmp/ccsbjPFO.s:58     .bss.xPendingReadyList:00000000 $d
     /tmp/ccsbjPFO.s:61     .bss.xPendingReadyList:00000000 xPendingReadyList
     /tmp/ccsbjPFO.s:64     .bss.xTasksWaitingTermination:00000000 $d
     /tmp/ccsbjPFO.s:67     .bss.xTasksWaitingTermination:00000000 xTasksWaitingTermination
     /tmp/ccsbjPFO.s:70     .bss.uxDeletedTasksWaitingCleanUp:00000000 $d
     /tmp/ccsbjPFO.s:73     .bss.uxDeletedTasksWaitingCleanUp:00000000 uxDeletedTasksWaitingCleanUp
     /tmp/ccsbjPFO.s:76     .bss.xSuspendedTaskList:00000000 $d
     /tmp/ccsbjPFO.s:79     .bss.xSuspendedTaskList:00000000 xSuspendedTaskList
     /tmp/ccsbjPFO.s:82     .bss.uxCurrentNumberOfTasks:00000000 $d
     /tmp/ccsbjPFO.s:85     .bss.uxCurrentNumberOfTasks:00000000 uxCurrentNumberOfTasks
     /tmp/ccsbjPFO.s:88     .bss.xTickCount:00000000 $d
     /tmp/ccsbjPFO.s:91     .bss.xTickCount:00000000 xTickCount
     /tmp/ccsbjPFO.s:94     .bss.uxTopReadyPriority:00000000 $d
     /tmp/ccsbjPFO.s:97     .bss.uxTopReadyPriority:00000000 uxTopReadyPriority
     /tmp/ccsbjPFO.s:100    .bss.xSchedulerRunning:00000000 $d
     /tmp/ccsbjPFO.s:103    .bss.xSchedulerRunning:00000000 xSchedulerRunning
     /tmp/ccsbjPFO.s:106    .bss.xPendedTicks:00000000 $d
     /tmp/ccsbjPFO.s:109    .bss.xPendedTicks:00000000 xPendedTicks
     /tmp/ccsbjPFO.s:112    .bss.xYieldPending:00000000 $d
     /tmp/ccsbjPFO.s:115    .bss.xYieldPending:00000000 xYieldPending
     /tmp/ccsbjPFO.s:118    .bss.xNumOfOverflows:00000000 $d
     /tmp/ccsbjPFO.s:121    .bss.xNumOfOverflows:00000000 xNumOfOverflows
     /tmp/ccsbjPFO.s:124    .bss.uxTaskNumber:00000000 $d
     /tmp/ccsbjPFO.s:127    .bss.uxTaskNumber:00000000 uxTaskNumber
     /tmp/ccsbjPFO.s:130    .bss.xNextTaskUnblockTime:00000000 $d
     /tmp/ccsbjPFO.s:133    .bss.xNextTaskUnblockTime:00000000 xNextTaskUnblockTime
     /tmp/ccsbjPFO.s:136    .bss.xIdleTaskHandle:00000000 $d
     /tmp/ccsbjPFO.s:139    .bss.xIdleTaskHandle:00000000 xIdleTaskHandle
     /tmp/ccsbjPFO.s:142    .bss.uxSchedulerSuspended:00000000 $d
     /tmp/ccsbjPFO.s:145    .bss.uxSchedulerSuspended:00000000 uxSchedulerSuspended
     /tmp/ccsbjPFO.s:148    .bss.ulTaskSwitchedInTime:00000000 $d
     /tmp/ccsbjPFO.s:151    .bss.ulTaskSwitchedInTime:00000000 ulTaskSwitchedInTime
     /tmp/ccsbjPFO.s:154    .bss.ulTotalRunTime:00000000 $d
     /tmp/ccsbjPFO.s:157    .bss.ulTotalRunTime:00000000 ulTotalRunTime
     /tmp/ccsbjPFO.s:160    .text.xTaskCreateStatic:00000000 $t
     /tmp/ccsbjPFO.s:166    .text.xTaskCreateStatic:00000000 xTaskCreateStatic
     /tmp/ccsbjPFO.s:454    .text.prvInitialiseNewTask:00000000 prvInitialiseNewTask
     /tmp/ccsbjPFO.s:683    .text.prvAddNewTaskToReadyList:00000000 prvAddNewTaskToReadyList
     /tmp/ccsbjPFO.s:334    .text.xTaskCreate:00000000 $t
     /tmp/ccsbjPFO.s:340    .text.xTaskCreate:00000000 xTaskCreate
     /tmp/ccsbjPFO.s:449    .text.prvInitialiseNewTask:00000000 $t
     /tmp/ccsbjPFO.s:678    .text.prvAddNewTaskToReadyList:00000000 $t
     /tmp/ccsbjPFO.s:5596   .text.prvInitialiseTaskLists:00000000 prvInitialiseTaskLists
ARM GAS  /tmp/ccsbjPFO.s 			page 251


     /tmp/ccsbjPFO.s:833    .text.prvAddNewTaskToReadyList:000000c4 $d
     /tmp/ccsbjPFO.s:844    .text.vTaskDelete:00000000 $t
     /tmp/ccsbjPFO.s:850    .text.vTaskDelete:00000000 vTaskDelete
     /tmp/ccsbjPFO.s:6219   .text.prvDeleteTCB:00000000 prvDeleteTCB
     /tmp/ccsbjPFO.s:6314   .text.prvResetNextTaskUnblockTime:00000000 prvResetNextTaskUnblockTime
     /tmp/ccsbjPFO.s:1013   .text.vTaskDelete:000000c8 $d
     /tmp/ccsbjPFO.s:1025   .text.vTaskDelayUntil:00000000 $t
     /tmp/ccsbjPFO.s:1031   .text.vTaskDelayUntil:00000000 vTaskDelayUntil
     /tmp/ccsbjPFO.s:2830   .text.vTaskSuspendAll:00000000 vTaskSuspendAll
     /tmp/ccsbjPFO.s:8502   .text.prvAddCurrentTaskToDelayedList:00000000 prvAddCurrentTaskToDelayedList
     /tmp/ccsbjPFO.s:2980   .text.xTaskResumeAll:00000000 xTaskResumeAll
     /tmp/ccsbjPFO.s:1241   .text.vTaskDelayUntil:000000f4 $d
     /tmp/ccsbjPFO.s:1248   .text.vTaskDelay:00000000 $t
     /tmp/ccsbjPFO.s:1254   .text.vTaskDelay:00000000 vTaskDelay
     /tmp/ccsbjPFO.s:1348   .text.vTaskDelay:00000064 $d
     /tmp/ccsbjPFO.s:1354   .text.eTaskGetState:00000000 $t
     /tmp/ccsbjPFO.s:1360   .text.eTaskGetState:00000000 eTaskGetState
     /tmp/ccsbjPFO.s:1519   .text.eTaskGetState:000000bc $d
     /tmp/ccsbjPFO.s:1528   .text.uxTaskPriorityGet:00000000 $t
     /tmp/ccsbjPFO.s:1534   .text.uxTaskPriorityGet:00000000 uxTaskPriorityGet
     /tmp/ccsbjPFO.s:1589   .text.uxTaskPriorityGet:00000034 $d
     /tmp/ccsbjPFO.s:1594   .text.uxTaskPriorityGetFromISR:00000000 $t
     /tmp/ccsbjPFO.s:1600   .text.uxTaskPriorityGetFromISR:00000000 uxTaskPriorityGetFromISR
     /tmp/ccsbjPFO.s:1691   .text.uxTaskPriorityGetFromISR:00000058 $d
     /tmp/ccsbjPFO.s:1696   .text.vTaskPrioritySet:00000000 $t
     /tmp/ccsbjPFO.s:1702   .text.vTaskPrioritySet:00000000 vTaskPrioritySet
     /tmp/ccsbjPFO.s:1934   .text.vTaskPrioritySet:00000130 $d
     /tmp/ccsbjPFO.s:1942   .text.vTaskSuspend:00000000 $t
     /tmp/ccsbjPFO.s:1948   .text.vTaskSuspend:00000000 vTaskSuspend
     /tmp/ccsbjPFO.s:4100   .text.vTaskSwitchContext:00000000 vTaskSwitchContext
     /tmp/ccsbjPFO.s:2124   .text.vTaskSuspend:000000d8 $d
     /tmp/ccsbjPFO.s:2134   .text.prvTaskIsTaskSuspended:00000000 $t
     /tmp/ccsbjPFO.s:2139   .text.prvTaskIsTaskSuspended:00000000 prvTaskIsTaskSuspended
     /tmp/ccsbjPFO.s:2233   .text.prvTaskIsTaskSuspended:0000005c $d
     /tmp/ccsbjPFO.s:2239   .text.vTaskResume:00000000 $t
     /tmp/ccsbjPFO.s:2245   .text.vTaskResume:00000000 vTaskResume
     /tmp/ccsbjPFO.s:2386   .text.vTaskResume:000000b0 $d
     /tmp/ccsbjPFO.s:2394   .text.xTaskResumeFromISR:00000000 $t
     /tmp/ccsbjPFO.s:2400   .text.xTaskResumeFromISR:00000000 xTaskResumeFromISR
     /tmp/ccsbjPFO.s:2576   .text.xTaskResumeFromISR:000000d4 $d
     /tmp/ccsbjPFO.s:2585   .rodata:00000000 $d
     /tmp/ccsbjPFO.s:2589   .text.vTaskStartScheduler:00000000 $t
     /tmp/ccsbjPFO.s:2595   .text.vTaskStartScheduler:00000000 vTaskStartScheduler
     /tmp/ccsbjPFO.s:2749   .text.vTaskStartScheduler:000000bc $d
     /tmp/ccsbjPFO.s:5390   .text.prvIdleTask:00000000 prvIdleTask
     /tmp/ccsbjPFO.s:2759   .text.vTaskEndScheduler:00000000 $t
     /tmp/ccsbjPFO.s:2765   .text.vTaskEndScheduler:00000000 vTaskEndScheduler
     /tmp/ccsbjPFO.s:2819   .text.vTaskEndScheduler:0000002c $d
     /tmp/ccsbjPFO.s:2824   .text.vTaskSuspendAll:00000000 $t
     /tmp/ccsbjPFO.s:2865   .text.vTaskSuspendAll:00000018 $d
     /tmp/ccsbjPFO.s:2870   .text.prvGetExpectedIdleTime:00000000 $t
     /tmp/ccsbjPFO.s:2875   .text.prvGetExpectedIdleTime:00000000 prvGetExpectedIdleTime
     /tmp/ccsbjPFO.s:2965   .text.prvGetExpectedIdleTime:00000058 $d
     /tmp/ccsbjPFO.s:2974   .text.xTaskResumeAll:00000000 $t
     /tmp/ccsbjPFO.s:3830   .text.xTaskIncrementTick:00000000 xTaskIncrementTick
     /tmp/ccsbjPFO.s:3202   .text.xTaskResumeAll:00000118 $d
     /tmp/ccsbjPFO.s:3215   .text.xTaskGetTickCount:00000000 $t
ARM GAS  /tmp/ccsbjPFO.s 			page 252


     /tmp/ccsbjPFO.s:3221   .text.xTaskGetTickCount:00000000 xTaskGetTickCount
     /tmp/ccsbjPFO.s:3261   .text.xTaskGetTickCount:00000018 $d
     /tmp/ccsbjPFO.s:3266   .text.xTaskGetTickCountFromISR:00000000 $t
     /tmp/ccsbjPFO.s:3272   .text.xTaskGetTickCountFromISR:00000000 xTaskGetTickCountFromISR
     /tmp/ccsbjPFO.s:3313   .text.xTaskGetTickCountFromISR:00000020 $d
     /tmp/ccsbjPFO.s:3318   .text.uxTaskGetNumberOfTasks:00000000 $t
     /tmp/ccsbjPFO.s:3324   .text.uxTaskGetNumberOfTasks:00000000 uxTaskGetNumberOfTasks
     /tmp/ccsbjPFO.s:3355   .text.uxTaskGetNumberOfTasks:00000010 $d
     /tmp/ccsbjPFO.s:3360   .text.pcTaskGetName:00000000 $t
     /tmp/ccsbjPFO.s:3366   .text.pcTaskGetName:00000000 pcTaskGetName
     /tmp/ccsbjPFO.s:3445   .text.pcTaskGetName:00000048 $d
     /tmp/ccsbjPFO.s:3450   .text.uxTaskGetSystemState:00000000 $t
     /tmp/ccsbjPFO.s:3456   .text.uxTaskGetSystemState:00000000 uxTaskGetSystemState
     /tmp/ccsbjPFO.s:5950   .text.prvListTasksWithinSingleList:00000000 prvListTasksWithinSingleList
     /tmp/ccsbjPFO.s:3640   .text.uxTaskGetSystemState:00000108 $d
     /tmp/ccsbjPFO.s:3650   .text.vTaskStepTick:00000000 $t
     /tmp/ccsbjPFO.s:3656   .text.vTaskStepTick:00000000 vTaskStepTick
     /tmp/ccsbjPFO.s:3730   .text.vTaskStepTick:00000048 $d
     /tmp/ccsbjPFO.s:3736   .text.xTaskCatchUpTicks:00000000 $t
     /tmp/ccsbjPFO.s:3742   .text.xTaskCatchUpTicks:00000000 xTaskCatchUpTicks
     /tmp/ccsbjPFO.s:3818   .text.xTaskCatchUpTicks:0000004c $d
     /tmp/ccsbjPFO.s:3824   .text.xTaskIncrementTick:00000000 $t
     /tmp/ccsbjPFO.s:4079   .text.xTaskIncrementTick:00000148 $d
     /tmp/ccsbjPFO.s:4094   .text.vTaskSwitchContext:00000000 $t
     /tmp/ccsbjPFO.s:4274   .text.vTaskSwitchContext:000000d8 $d
     /tmp/ccsbjPFO.s:4285   .text.vTaskPlaceOnEventList:00000000 $t
     /tmp/ccsbjPFO.s:4291   .text.vTaskPlaceOnEventList:00000000 vTaskPlaceOnEventList
     /tmp/ccsbjPFO.s:4363   .text.vTaskPlaceOnEventList:00000048 $d
     /tmp/ccsbjPFO.s:4368   .text.vTaskPlaceOnUnorderedEventList:00000000 $t
     /tmp/ccsbjPFO.s:4374   .text.vTaskPlaceOnUnorderedEventList:00000000 vTaskPlaceOnUnorderedEventList
     /tmp/ccsbjPFO.s:4481   .text.vTaskPlaceOnUnorderedEventList:00000074 $d
     /tmp/ccsbjPFO.s:4487   .text.vTaskPlaceOnEventListRestricted:00000000 $t
     /tmp/ccsbjPFO.s:4493   .text.vTaskPlaceOnEventListRestricted:00000000 vTaskPlaceOnEventListRestricted
     /tmp/ccsbjPFO.s:4574   .text.vTaskPlaceOnEventListRestricted:00000054 $d
     /tmp/ccsbjPFO.s:4579   .text.xTaskRemoveFromEventList:00000000 $t
     /tmp/ccsbjPFO.s:4585   .text.xTaskRemoveFromEventList:00000000 xTaskRemoveFromEventList
     /tmp/ccsbjPFO.s:4731   .text.xTaskRemoveFromEventList:000000b4 $d
     /tmp/ccsbjPFO.s:4741   .text.vTaskRemoveFromUnorderedEventList:00000000 $t
     /tmp/ccsbjPFO.s:4747   .text.vTaskRemoveFromUnorderedEventList:00000000 vTaskRemoveFromUnorderedEventList
     /tmp/ccsbjPFO.s:4896   .text.vTaskRemoveFromUnorderedEventList:000000b8 $d
     /tmp/ccsbjPFO.s:4905   .text.vTaskSetTimeOutState:00000000 $t
     /tmp/ccsbjPFO.s:4911   .text.vTaskSetTimeOutState:00000000 vTaskSetTimeOutState
     /tmp/ccsbjPFO.s:4983   .text.vTaskSetTimeOutState:00000048 $d
     /tmp/ccsbjPFO.s:4989   .text.vTaskInternalSetTimeOutState:00000000 $t
     /tmp/ccsbjPFO.s:4995   .text.vTaskInternalSetTimeOutState:00000000 vTaskInternalSetTimeOutState
     /tmp/ccsbjPFO.s:5040   .text.vTaskInternalSetTimeOutState:00000024 $d
     /tmp/ccsbjPFO.s:5046   .text.xTaskCheckForTimeOut:00000000 $t
     /tmp/ccsbjPFO.s:5052   .text.xTaskCheckForTimeOut:00000000 xTaskCheckForTimeOut
     /tmp/ccsbjPFO.s:5220   .text.xTaskCheckForTimeOut:000000c0 $d
     /tmp/ccsbjPFO.s:5226   .text.vTaskMissedYield:00000000 $t
     /tmp/ccsbjPFO.s:5232   .text.vTaskMissedYield:00000000 vTaskMissedYield
     /tmp/ccsbjPFO.s:5264   .text.vTaskMissedYield:00000014 $d
     /tmp/ccsbjPFO.s:5269   .text.uxTaskGetTaskNumber:00000000 $t
     /tmp/ccsbjPFO.s:5275   .text.uxTaskGetTaskNumber:00000000 uxTaskGetTaskNumber
     /tmp/ccsbjPFO.s:5330   .text.vTaskSetTaskNumber:00000000 $t
     /tmp/ccsbjPFO.s:5336   .text.vTaskSetTaskNumber:00000000 vTaskSetTaskNumber
     /tmp/ccsbjPFO.s:5385   .text.prvIdleTask:00000000 $t
ARM GAS  /tmp/ccsbjPFO.s 			page 253


     /tmp/ccsbjPFO.s:5692   .text.prvCheckTasksWaitingTermination:00000000 prvCheckTasksWaitingTermination
     /tmp/ccsbjPFO.s:5490   .text.prvIdleTask:00000070 $d
     /tmp/ccsbjPFO.s:5498   .text.eTaskConfirmSleepModeStatus:00000000 $t
     /tmp/ccsbjPFO.s:5504   .text.eTaskConfirmSleepModeStatus:00000000 eTaskConfirmSleepModeStatus
     /tmp/ccsbjPFO.s:5583   .text.eTaskConfirmSleepModeStatus:0000004c $d
     /tmp/ccsbjPFO.s:5591   .text.prvInitialiseTaskLists:00000000 $t
     /tmp/ccsbjPFO.s:5675   .text.prvInitialiseTaskLists:00000060 $d
     /tmp/ccsbjPFO.s:5687   .text.prvCheckTasksWaitingTermination:00000000 $t
     /tmp/ccsbjPFO.s:5765   .text.prvCheckTasksWaitingTermination:00000050 $d
     /tmp/ccsbjPFO.s:5772   .text.vTaskGetInfo:00000000 $t
     /tmp/ccsbjPFO.s:5778   .text.vTaskGetInfo:00000000 vTaskGetInfo
     /tmp/ccsbjPFO.s:6082   .text.prvTaskCheckFreeStackSpace:00000000 prvTaskCheckFreeStackSpace
     /tmp/ccsbjPFO.s:5940   .text.vTaskGetInfo:000000cc $d
     /tmp/ccsbjPFO.s:5945   .text.prvListTasksWithinSingleList:00000000 $t
     /tmp/ccsbjPFO.s:6077   .text.prvTaskCheckFreeStackSpace:00000000 $t
     /tmp/ccsbjPFO.s:6146   .text.uxTaskGetStackHighWaterMark:00000000 $t
     /tmp/ccsbjPFO.s:6152   .text.uxTaskGetStackHighWaterMark:00000000 uxTaskGetStackHighWaterMark
     /tmp/ccsbjPFO.s:6209   .text.uxTaskGetStackHighWaterMark:00000034 $d
     /tmp/ccsbjPFO.s:6214   .text.prvDeleteTCB:00000000 $t
     /tmp/ccsbjPFO.s:6309   .text.prvResetNextTaskUnblockTime:00000000 $t
     /tmp/ccsbjPFO.s:6376   .text.prvResetNextTaskUnblockTime:00000038 $d
     /tmp/ccsbjPFO.s:6382   .text.xTaskGetCurrentTaskHandle:00000000 $t
     /tmp/ccsbjPFO.s:6388   .text.xTaskGetCurrentTaskHandle:00000000 xTaskGetCurrentTaskHandle
     /tmp/ccsbjPFO.s:6428   .text.xTaskGetCurrentTaskHandle:00000018 $d
     /tmp/ccsbjPFO.s:6433   .text.xTaskGetSchedulerState:00000000 $t
     /tmp/ccsbjPFO.s:6439   .text.xTaskGetSchedulerState:00000000 xTaskGetSchedulerState
     /tmp/ccsbjPFO.s:6501   .text.xTaskGetSchedulerState:00000034 $d
     /tmp/ccsbjPFO.s:6507   .text.xTaskPriorityInherit:00000000 $t
     /tmp/ccsbjPFO.s:6513   .text.xTaskPriorityInherit:00000000 xTaskPriorityInherit
     /tmp/ccsbjPFO.s:6663   .text.xTaskPriorityInherit:000000c4 $d
     /tmp/ccsbjPFO.s:6670   .text.xTaskPriorityDisinherit:00000000 $t
     /tmp/ccsbjPFO.s:6676   .text.xTaskPriorityDisinherit:00000000 xTaskPriorityDisinherit
     /tmp/ccsbjPFO.s:6847   .text.xTaskPriorityDisinherit:000000d4 $d
     /tmp/ccsbjPFO.s:6854   .text.vTaskPriorityDisinheritAfterTimeout:00000000 $t
     /tmp/ccsbjPFO.s:6860   .text.vTaskPriorityDisinheritAfterTimeout:00000000 vTaskPriorityDisinheritAfterTimeout
     /tmp/ccsbjPFO.s:7057   .text.vTaskPriorityDisinheritAfterTimeout:000000fc $d
     /tmp/ccsbjPFO.s:7064   .text.uxTaskResetEventItemValue:00000000 $t
     /tmp/ccsbjPFO.s:7070   .text.uxTaskResetEventItemValue:00000000 uxTaskResetEventItemValue
     /tmp/ccsbjPFO.s:7120   .text.uxTaskResetEventItemValue:0000002c $d
     /tmp/ccsbjPFO.s:7125   .text.pvTaskIncrementMutexHeldCount:00000000 $t
     /tmp/ccsbjPFO.s:7131   .text.pvTaskIncrementMutexHeldCount:00000000 pvTaskIncrementMutexHeldCount
     /tmp/ccsbjPFO.s:7176   .text.pvTaskIncrementMutexHeldCount:00000024 $d
     /tmp/ccsbjPFO.s:7181   .text.ulTaskNotifyTake:00000000 $t
     /tmp/ccsbjPFO.s:7187   .text.ulTaskNotifyTake:00000000 ulTaskNotifyTake
     /tmp/ccsbjPFO.s:7301   .text.ulTaskNotifyTake:00000088 $d
     /tmp/ccsbjPFO.s:7307   .text.xTaskNotifyWait:00000000 $t
     /tmp/ccsbjPFO.s:7313   .text.xTaskNotifyWait:00000000 xTaskNotifyWait
     /tmp/ccsbjPFO.s:7448   .text.xTaskNotifyWait:000000ac $d
     /tmp/ccsbjPFO.s:7454   .text.xTaskGenericNotify:00000000 $t
     /tmp/ccsbjPFO.s:7460   .text.xTaskGenericNotify:00000000 xTaskGenericNotify
     /tmp/ccsbjPFO.s:7742   .text.xTaskGenericNotify:00000168 $d
     /tmp/ccsbjPFO.s:7750   .text.xTaskGenericNotifyFromISR:00000000 $t
     /tmp/ccsbjPFO.s:7756   .text.xTaskGenericNotifyFromISR:00000000 xTaskGenericNotifyFromISR
     /tmp/ccsbjPFO.s:8088   .text.xTaskGenericNotifyFromISR:000001a8 $d
     /tmp/ccsbjPFO.s:8098   .text.vTaskNotifyGiveFromISR:00000000 $t
     /tmp/ccsbjPFO.s:8104   .text.vTaskNotifyGiveFromISR:00000000 vTaskNotifyGiveFromISR
     /tmp/ccsbjPFO.s:8326   .text.vTaskNotifyGiveFromISR:00000110 $d
ARM GAS  /tmp/ccsbjPFO.s 			page 254


     /tmp/ccsbjPFO.s:8336   .text.xTaskNotifyStateClear:00000000 $t
     /tmp/ccsbjPFO.s:8342   .text.xTaskNotifyStateClear:00000000 xTaskNotifyStateClear
     /tmp/ccsbjPFO.s:8413   .text.xTaskNotifyStateClear:0000004c $d
     /tmp/ccsbjPFO.s:8418   .text.ulTaskNotifyValueClear:00000000 $t
     /tmp/ccsbjPFO.s:8424   .text.ulTaskNotifyValueClear:00000000 ulTaskNotifyValueClear
     /tmp/ccsbjPFO.s:8492   .text.ulTaskNotifyValueClear:00000044 $d
     /tmp/ccsbjPFO.s:8497   .text.prvAddCurrentTaskToDelayedList:00000000 $t
     /tmp/ccsbjPFO.s:8620   .text.prvAddCurrentTaskToDelayedList:00000090 $d

UNDEFINED SYMBOLS
pvPortMalloc
vPortFree
memset
vListInitialiseItem
pxPortInitialiseStack
vPortEnterCritical
vListInsertEnd
vPortExitCritical
uxListRemove
vPortValidateInterruptPriority
vApplicationGetIdleTaskMemory
xTimerCreateTimerTask
CONFIGURE_TIMER_FOR_RUN_TIME_STATS
xPortStartScheduler
vPortEndScheduler
GET_RUN_TIME_COUNTER_VALUE
vListInsert
vPortSuppressTicksAndSleep
vListInitialise
