ARM GAS  /tmp/ccajabsj.s 			page 1


   1              		.cpu cortex-m4
   2              		.arch armv7e-m
   3              		.fpu fpv4-sp-d16
   4              		.eabi_attribute 27, 1
   5              		.eabi_attribute 28, 1
   6              		.eabi_attribute 20, 1
   7              		.eabi_attribute 21, 1
   8              		.eabi_attribute 23, 3
   9              		.eabi_attribute 24, 1
  10              		.eabi_attribute 25, 1
  11              		.eabi_attribute 26, 1
  12              		.eabi_attribute 30, 6
  13              		.eabi_attribute 34, 1
  14              		.eabi_attribute 18, 4
  15              		.file	"usbd_ctlreq.c"
  16              		.text
  17              	.Ltext0:
  18              		.cfi_sections	.debug_frame
  19              		.file 1 "Middlewares/ST/STM32_USB_Device_Library/Core/Src/usbd_ctlreq.c"
  20              		.section	.text.SWAPBYTE,"ax",%progbits
  21              		.align	1
  22              		.syntax unified
  23              		.thumb
  24              		.thumb_func
  26              	SWAPBYTE:
  27              	.LFB223:
  28              		.file 2 "Middlewares/ST/STM32_USB_Device_Library/Core/Inc/usbd_def.h"
   1:Middlewares/ST/STM32_USB_Device_Library/Core/Inc/usbd_def.h **** /**
   2:Middlewares/ST/STM32_USB_Device_Library/Core/Inc/usbd_def.h ****   ******************************************************************************
   3:Middlewares/ST/STM32_USB_Device_Library/Core/Inc/usbd_def.h ****   * @file    usbd_def.h
   4:Middlewares/ST/STM32_USB_Device_Library/Core/Inc/usbd_def.h ****   * @author  MCD Application Team
   5:Middlewares/ST/STM32_USB_Device_Library/Core/Inc/usbd_def.h ****   * @brief   General defines for the usb device library
   6:Middlewares/ST/STM32_USB_Device_Library/Core/Inc/usbd_def.h ****   ******************************************************************************
   7:Middlewares/ST/STM32_USB_Device_Library/Core/Inc/usbd_def.h ****   * @attention
   8:Middlewares/ST/STM32_USB_Device_Library/Core/Inc/usbd_def.h ****   *
   9:Middlewares/ST/STM32_USB_Device_Library/Core/Inc/usbd_def.h ****   * Copyright (c) 2015 STMicroelectronics.
  10:Middlewares/ST/STM32_USB_Device_Library/Core/Inc/usbd_def.h ****   * All rights reserved.
  11:Middlewares/ST/STM32_USB_Device_Library/Core/Inc/usbd_def.h ****   *
  12:Middlewares/ST/STM32_USB_Device_Library/Core/Inc/usbd_def.h ****   * This software is licensed under terms that can be found in the LICENSE file
  13:Middlewares/ST/STM32_USB_Device_Library/Core/Inc/usbd_def.h ****   * in the root directory of this software component.
  14:Middlewares/ST/STM32_USB_Device_Library/Core/Inc/usbd_def.h ****   * If no LICENSE file comes with this software, it is provided AS-IS.
  15:Middlewares/ST/STM32_USB_Device_Library/Core/Inc/usbd_def.h ****   *
  16:Middlewares/ST/STM32_USB_Device_Library/Core/Inc/usbd_def.h ****   ******************************************************************************
  17:Middlewares/ST/STM32_USB_Device_Library/Core/Inc/usbd_def.h ****   */
  18:Middlewares/ST/STM32_USB_Device_Library/Core/Inc/usbd_def.h **** 
  19:Middlewares/ST/STM32_USB_Device_Library/Core/Inc/usbd_def.h **** /* Define to prevent recursive inclusion -------------------------------------*/
  20:Middlewares/ST/STM32_USB_Device_Library/Core/Inc/usbd_def.h **** #ifndef __USBD_DEF_H
  21:Middlewares/ST/STM32_USB_Device_Library/Core/Inc/usbd_def.h **** #define __USBD_DEF_H
  22:Middlewares/ST/STM32_USB_Device_Library/Core/Inc/usbd_def.h **** 
  23:Middlewares/ST/STM32_USB_Device_Library/Core/Inc/usbd_def.h **** #ifdef __cplusplus
  24:Middlewares/ST/STM32_USB_Device_Library/Core/Inc/usbd_def.h **** extern "C" {
  25:Middlewares/ST/STM32_USB_Device_Library/Core/Inc/usbd_def.h **** #endif
  26:Middlewares/ST/STM32_USB_Device_Library/Core/Inc/usbd_def.h **** 
  27:Middlewares/ST/STM32_USB_Device_Library/Core/Inc/usbd_def.h **** /* Includes ------------------------------------------------------------------*/
  28:Middlewares/ST/STM32_USB_Device_Library/Core/Inc/usbd_def.h **** #include "usbd_conf.h"
  29:Middlewares/ST/STM32_USB_Device_Library/Core/Inc/usbd_def.h **** 
  30:Middlewares/ST/STM32_USB_Device_Library/Core/Inc/usbd_def.h **** /** @addtogroup STM32_USBD_DEVICE_LIBRARY
ARM GAS  /tmp/ccajabsj.s 			page 2


  31:Middlewares/ST/STM32_USB_Device_Library/Core/Inc/usbd_def.h ****   * @{
  32:Middlewares/ST/STM32_USB_Device_Library/Core/Inc/usbd_def.h ****   */
  33:Middlewares/ST/STM32_USB_Device_Library/Core/Inc/usbd_def.h **** 
  34:Middlewares/ST/STM32_USB_Device_Library/Core/Inc/usbd_def.h **** /** @defgroup USB_DEF
  35:Middlewares/ST/STM32_USB_Device_Library/Core/Inc/usbd_def.h ****   * @brief general defines for the usb device library file
  36:Middlewares/ST/STM32_USB_Device_Library/Core/Inc/usbd_def.h ****   * @{
  37:Middlewares/ST/STM32_USB_Device_Library/Core/Inc/usbd_def.h ****   */
  38:Middlewares/ST/STM32_USB_Device_Library/Core/Inc/usbd_def.h **** 
  39:Middlewares/ST/STM32_USB_Device_Library/Core/Inc/usbd_def.h **** /** @defgroup USB_DEF_Exported_Defines
  40:Middlewares/ST/STM32_USB_Device_Library/Core/Inc/usbd_def.h ****   * @{
  41:Middlewares/ST/STM32_USB_Device_Library/Core/Inc/usbd_def.h ****   */
  42:Middlewares/ST/STM32_USB_Device_Library/Core/Inc/usbd_def.h **** 
  43:Middlewares/ST/STM32_USB_Device_Library/Core/Inc/usbd_def.h **** #ifndef NULL
  44:Middlewares/ST/STM32_USB_Device_Library/Core/Inc/usbd_def.h **** #define NULL                                            0U
  45:Middlewares/ST/STM32_USB_Device_Library/Core/Inc/usbd_def.h **** #endif /* NULL */
  46:Middlewares/ST/STM32_USB_Device_Library/Core/Inc/usbd_def.h **** 
  47:Middlewares/ST/STM32_USB_Device_Library/Core/Inc/usbd_def.h **** #ifndef USBD_MAX_NUM_INTERFACES
  48:Middlewares/ST/STM32_USB_Device_Library/Core/Inc/usbd_def.h **** #define USBD_MAX_NUM_INTERFACES                         1U
  49:Middlewares/ST/STM32_USB_Device_Library/Core/Inc/usbd_def.h **** #endif /* USBD_MAX_NUM_CONFIGURATION */
  50:Middlewares/ST/STM32_USB_Device_Library/Core/Inc/usbd_def.h **** 
  51:Middlewares/ST/STM32_USB_Device_Library/Core/Inc/usbd_def.h **** #ifndef USBD_MAX_NUM_CONFIGURATION
  52:Middlewares/ST/STM32_USB_Device_Library/Core/Inc/usbd_def.h **** #define USBD_MAX_NUM_CONFIGURATION                      1U
  53:Middlewares/ST/STM32_USB_Device_Library/Core/Inc/usbd_def.h **** #endif /* USBD_MAX_NUM_CONFIGURATION */
  54:Middlewares/ST/STM32_USB_Device_Library/Core/Inc/usbd_def.h **** 
  55:Middlewares/ST/STM32_USB_Device_Library/Core/Inc/usbd_def.h **** #ifdef USE_USBD_COMPOSITE
  56:Middlewares/ST/STM32_USB_Device_Library/Core/Inc/usbd_def.h **** #ifndef USBD_MAX_SUPPORTED_CLASS
  57:Middlewares/ST/STM32_USB_Device_Library/Core/Inc/usbd_def.h **** #define USBD_MAX_SUPPORTED_CLASS                       4U
  58:Middlewares/ST/STM32_USB_Device_Library/Core/Inc/usbd_def.h **** #endif /* USBD_MAX_SUPPORTED_CLASS */
  59:Middlewares/ST/STM32_USB_Device_Library/Core/Inc/usbd_def.h **** #else
  60:Middlewares/ST/STM32_USB_Device_Library/Core/Inc/usbd_def.h **** #ifndef USBD_MAX_SUPPORTED_CLASS
  61:Middlewares/ST/STM32_USB_Device_Library/Core/Inc/usbd_def.h **** #define USBD_MAX_SUPPORTED_CLASS                       1U
  62:Middlewares/ST/STM32_USB_Device_Library/Core/Inc/usbd_def.h **** #endif /* USBD_MAX_SUPPORTED_CLASS */
  63:Middlewares/ST/STM32_USB_Device_Library/Core/Inc/usbd_def.h **** #endif /* USE_USBD_COMPOSITE */
  64:Middlewares/ST/STM32_USB_Device_Library/Core/Inc/usbd_def.h **** 
  65:Middlewares/ST/STM32_USB_Device_Library/Core/Inc/usbd_def.h **** #ifndef USBD_MAX_CLASS_ENDPOINTS
  66:Middlewares/ST/STM32_USB_Device_Library/Core/Inc/usbd_def.h **** #define USBD_MAX_CLASS_ENDPOINTS                       5U
  67:Middlewares/ST/STM32_USB_Device_Library/Core/Inc/usbd_def.h **** #endif /* USBD_MAX_CLASS_ENDPOINTS */
  68:Middlewares/ST/STM32_USB_Device_Library/Core/Inc/usbd_def.h **** 
  69:Middlewares/ST/STM32_USB_Device_Library/Core/Inc/usbd_def.h **** #ifndef USBD_MAX_CLASS_INTERFACES
  70:Middlewares/ST/STM32_USB_Device_Library/Core/Inc/usbd_def.h **** #define USBD_MAX_CLASS_INTERFACES                      5U
  71:Middlewares/ST/STM32_USB_Device_Library/Core/Inc/usbd_def.h **** #endif /* USBD_MAX_CLASS_INTERFACES */
  72:Middlewares/ST/STM32_USB_Device_Library/Core/Inc/usbd_def.h **** 
  73:Middlewares/ST/STM32_USB_Device_Library/Core/Inc/usbd_def.h **** #ifndef USBD_LPM_ENABLED
  74:Middlewares/ST/STM32_USB_Device_Library/Core/Inc/usbd_def.h **** #define USBD_LPM_ENABLED                                0U
  75:Middlewares/ST/STM32_USB_Device_Library/Core/Inc/usbd_def.h **** #endif /* USBD_LPM_ENABLED */
  76:Middlewares/ST/STM32_USB_Device_Library/Core/Inc/usbd_def.h **** 
  77:Middlewares/ST/STM32_USB_Device_Library/Core/Inc/usbd_def.h **** #ifndef USBD_SELF_POWERED
  78:Middlewares/ST/STM32_USB_Device_Library/Core/Inc/usbd_def.h **** #define USBD_SELF_POWERED                               1U
  79:Middlewares/ST/STM32_USB_Device_Library/Core/Inc/usbd_def.h **** #endif /*USBD_SELF_POWERED */
  80:Middlewares/ST/STM32_USB_Device_Library/Core/Inc/usbd_def.h **** 
  81:Middlewares/ST/STM32_USB_Device_Library/Core/Inc/usbd_def.h **** #ifndef USBD_MAX_POWER
  82:Middlewares/ST/STM32_USB_Device_Library/Core/Inc/usbd_def.h **** #define USBD_MAX_POWER                                  0x32U /* 100 mA */
  83:Middlewares/ST/STM32_USB_Device_Library/Core/Inc/usbd_def.h **** #endif /* USBD_MAX_POWER */
  84:Middlewares/ST/STM32_USB_Device_Library/Core/Inc/usbd_def.h **** 
  85:Middlewares/ST/STM32_USB_Device_Library/Core/Inc/usbd_def.h **** #ifndef USBD_SUPPORT_USER_STRING_DESC
  86:Middlewares/ST/STM32_USB_Device_Library/Core/Inc/usbd_def.h **** #define USBD_SUPPORT_USER_STRING_DESC                   0U
  87:Middlewares/ST/STM32_USB_Device_Library/Core/Inc/usbd_def.h **** #endif /* USBD_SUPPORT_USER_STRING_DESC */
ARM GAS  /tmp/ccajabsj.s 			page 3


  88:Middlewares/ST/STM32_USB_Device_Library/Core/Inc/usbd_def.h **** 
  89:Middlewares/ST/STM32_USB_Device_Library/Core/Inc/usbd_def.h **** #ifndef USBD_CLASS_USER_STRING_DESC
  90:Middlewares/ST/STM32_USB_Device_Library/Core/Inc/usbd_def.h **** #define USBD_CLASS_USER_STRING_DESC                     0U
  91:Middlewares/ST/STM32_USB_Device_Library/Core/Inc/usbd_def.h **** #endif /* USBD_CLASS_USER_STRING_DESC */
  92:Middlewares/ST/STM32_USB_Device_Library/Core/Inc/usbd_def.h **** 
  93:Middlewares/ST/STM32_USB_Device_Library/Core/Inc/usbd_def.h **** #define  USB_LEN_DEV_QUALIFIER_DESC                     0x0AU
  94:Middlewares/ST/STM32_USB_Device_Library/Core/Inc/usbd_def.h **** #define  USB_LEN_DEV_DESC                               0x12U
  95:Middlewares/ST/STM32_USB_Device_Library/Core/Inc/usbd_def.h **** #define  USB_LEN_CFG_DESC                               0x09U
  96:Middlewares/ST/STM32_USB_Device_Library/Core/Inc/usbd_def.h **** #define  USB_LEN_IF_DESC                                0x09U
  97:Middlewares/ST/STM32_USB_Device_Library/Core/Inc/usbd_def.h **** #define  USB_LEN_EP_DESC                                0x07U
  98:Middlewares/ST/STM32_USB_Device_Library/Core/Inc/usbd_def.h **** #define  USB_LEN_OTG_DESC                               0x03U
  99:Middlewares/ST/STM32_USB_Device_Library/Core/Inc/usbd_def.h **** #define  USB_LEN_LANGID_STR_DESC                        0x04U
 100:Middlewares/ST/STM32_USB_Device_Library/Core/Inc/usbd_def.h **** #define  USB_LEN_OTHER_SPEED_DESC_SIZ                   0x09U
 101:Middlewares/ST/STM32_USB_Device_Library/Core/Inc/usbd_def.h **** 
 102:Middlewares/ST/STM32_USB_Device_Library/Core/Inc/usbd_def.h **** #define  USBD_IDX_LANGID_STR                            0x00U
 103:Middlewares/ST/STM32_USB_Device_Library/Core/Inc/usbd_def.h **** #define  USBD_IDX_MFC_STR                               0x01U
 104:Middlewares/ST/STM32_USB_Device_Library/Core/Inc/usbd_def.h **** #define  USBD_IDX_PRODUCT_STR                           0x02U
 105:Middlewares/ST/STM32_USB_Device_Library/Core/Inc/usbd_def.h **** #define  USBD_IDX_SERIAL_STR                            0x03U
 106:Middlewares/ST/STM32_USB_Device_Library/Core/Inc/usbd_def.h **** #define  USBD_IDX_CONFIG_STR                            0x04U
 107:Middlewares/ST/STM32_USB_Device_Library/Core/Inc/usbd_def.h **** #define  USBD_IDX_INTERFACE_STR                         0x05U
 108:Middlewares/ST/STM32_USB_Device_Library/Core/Inc/usbd_def.h **** 
 109:Middlewares/ST/STM32_USB_Device_Library/Core/Inc/usbd_def.h **** #define  USB_REQ_TYPE_STANDARD                          0x00U
 110:Middlewares/ST/STM32_USB_Device_Library/Core/Inc/usbd_def.h **** #define  USB_REQ_TYPE_CLASS                             0x20U
 111:Middlewares/ST/STM32_USB_Device_Library/Core/Inc/usbd_def.h **** #define  USB_REQ_TYPE_VENDOR                            0x40U
 112:Middlewares/ST/STM32_USB_Device_Library/Core/Inc/usbd_def.h **** #define  USB_REQ_TYPE_MASK                              0x60U
 113:Middlewares/ST/STM32_USB_Device_Library/Core/Inc/usbd_def.h **** 
 114:Middlewares/ST/STM32_USB_Device_Library/Core/Inc/usbd_def.h **** #define  USB_REQ_RECIPIENT_DEVICE                       0x00U
 115:Middlewares/ST/STM32_USB_Device_Library/Core/Inc/usbd_def.h **** #define  USB_REQ_RECIPIENT_INTERFACE                    0x01U
 116:Middlewares/ST/STM32_USB_Device_Library/Core/Inc/usbd_def.h **** #define  USB_REQ_RECIPIENT_ENDPOINT                     0x02U
 117:Middlewares/ST/STM32_USB_Device_Library/Core/Inc/usbd_def.h **** #define  USB_REQ_RECIPIENT_MASK                         0x03U
 118:Middlewares/ST/STM32_USB_Device_Library/Core/Inc/usbd_def.h **** 
 119:Middlewares/ST/STM32_USB_Device_Library/Core/Inc/usbd_def.h **** #define  USB_REQ_GET_STATUS                             0x00U
 120:Middlewares/ST/STM32_USB_Device_Library/Core/Inc/usbd_def.h **** #define  USB_REQ_CLEAR_FEATURE                          0x01U
 121:Middlewares/ST/STM32_USB_Device_Library/Core/Inc/usbd_def.h **** #define  USB_REQ_SET_FEATURE                            0x03U
 122:Middlewares/ST/STM32_USB_Device_Library/Core/Inc/usbd_def.h **** #define  USB_REQ_SET_ADDRESS                            0x05U
 123:Middlewares/ST/STM32_USB_Device_Library/Core/Inc/usbd_def.h **** #define  USB_REQ_GET_DESCRIPTOR                         0x06U
 124:Middlewares/ST/STM32_USB_Device_Library/Core/Inc/usbd_def.h **** #define  USB_REQ_SET_DESCRIPTOR                         0x07U
 125:Middlewares/ST/STM32_USB_Device_Library/Core/Inc/usbd_def.h **** #define  USB_REQ_GET_CONFIGURATION                      0x08U
 126:Middlewares/ST/STM32_USB_Device_Library/Core/Inc/usbd_def.h **** #define  USB_REQ_SET_CONFIGURATION                      0x09U
 127:Middlewares/ST/STM32_USB_Device_Library/Core/Inc/usbd_def.h **** #define  USB_REQ_GET_INTERFACE                          0x0AU
 128:Middlewares/ST/STM32_USB_Device_Library/Core/Inc/usbd_def.h **** #define  USB_REQ_SET_INTERFACE                          0x0BU
 129:Middlewares/ST/STM32_USB_Device_Library/Core/Inc/usbd_def.h **** #define  USB_REQ_SYNCH_FRAME                            0x0CU
 130:Middlewares/ST/STM32_USB_Device_Library/Core/Inc/usbd_def.h **** 
 131:Middlewares/ST/STM32_USB_Device_Library/Core/Inc/usbd_def.h **** #define  USB_DESC_TYPE_DEVICE                           0x01U
 132:Middlewares/ST/STM32_USB_Device_Library/Core/Inc/usbd_def.h **** #define  USB_DESC_TYPE_CONFIGURATION                    0x02U
 133:Middlewares/ST/STM32_USB_Device_Library/Core/Inc/usbd_def.h **** #define  USB_DESC_TYPE_STRING                           0x03U
 134:Middlewares/ST/STM32_USB_Device_Library/Core/Inc/usbd_def.h **** #define  USB_DESC_TYPE_INTERFACE                        0x04U
 135:Middlewares/ST/STM32_USB_Device_Library/Core/Inc/usbd_def.h **** #define  USB_DESC_TYPE_ENDPOINT                         0x05U
 136:Middlewares/ST/STM32_USB_Device_Library/Core/Inc/usbd_def.h **** #define  USB_DESC_TYPE_DEVICE_QUALIFIER                 0x06U
 137:Middlewares/ST/STM32_USB_Device_Library/Core/Inc/usbd_def.h **** #define  USB_DESC_TYPE_OTHER_SPEED_CONFIGURATION        0x07U
 138:Middlewares/ST/STM32_USB_Device_Library/Core/Inc/usbd_def.h **** #define  USB_DESC_TYPE_IAD                              0x0BU
 139:Middlewares/ST/STM32_USB_Device_Library/Core/Inc/usbd_def.h **** #define  USB_DESC_TYPE_BOS                              0x0FU
 140:Middlewares/ST/STM32_USB_Device_Library/Core/Inc/usbd_def.h **** 
 141:Middlewares/ST/STM32_USB_Device_Library/Core/Inc/usbd_def.h **** #define USB_CONFIG_REMOTE_WAKEUP                        0x02U
 142:Middlewares/ST/STM32_USB_Device_Library/Core/Inc/usbd_def.h **** #define USB_CONFIG_SELF_POWERED                         0x01U
 143:Middlewares/ST/STM32_USB_Device_Library/Core/Inc/usbd_def.h **** 
 144:Middlewares/ST/STM32_USB_Device_Library/Core/Inc/usbd_def.h **** #define USB_FEATURE_EP_HALT                             0x00U
ARM GAS  /tmp/ccajabsj.s 			page 4


 145:Middlewares/ST/STM32_USB_Device_Library/Core/Inc/usbd_def.h **** #define USB_FEATURE_REMOTE_WAKEUP                       0x01U
 146:Middlewares/ST/STM32_USB_Device_Library/Core/Inc/usbd_def.h **** #define USB_FEATURE_TEST_MODE                           0x02U
 147:Middlewares/ST/STM32_USB_Device_Library/Core/Inc/usbd_def.h **** 
 148:Middlewares/ST/STM32_USB_Device_Library/Core/Inc/usbd_def.h **** #define USB_DEVICE_CAPABITY_TYPE                        0x10U
 149:Middlewares/ST/STM32_USB_Device_Library/Core/Inc/usbd_def.h **** 
 150:Middlewares/ST/STM32_USB_Device_Library/Core/Inc/usbd_def.h **** #define USB_CONF_DESC_SIZE                              0x09U
 151:Middlewares/ST/STM32_USB_Device_Library/Core/Inc/usbd_def.h **** #define USB_IF_DESC_SIZE                                0x09U
 152:Middlewares/ST/STM32_USB_Device_Library/Core/Inc/usbd_def.h **** #define USB_EP_DESC_SIZE                                0x07U
 153:Middlewares/ST/STM32_USB_Device_Library/Core/Inc/usbd_def.h **** #define USB_IAD_DESC_SIZE                               0x08U
 154:Middlewares/ST/STM32_USB_Device_Library/Core/Inc/usbd_def.h **** 
 155:Middlewares/ST/STM32_USB_Device_Library/Core/Inc/usbd_def.h **** #define USB_HS_MAX_PACKET_SIZE                          512U
 156:Middlewares/ST/STM32_USB_Device_Library/Core/Inc/usbd_def.h **** #define USB_FS_MAX_PACKET_SIZE                          64U
 157:Middlewares/ST/STM32_USB_Device_Library/Core/Inc/usbd_def.h **** #define USB_MAX_EP0_SIZE                                64U
 158:Middlewares/ST/STM32_USB_Device_Library/Core/Inc/usbd_def.h **** 
 159:Middlewares/ST/STM32_USB_Device_Library/Core/Inc/usbd_def.h **** /*  Device Status */
 160:Middlewares/ST/STM32_USB_Device_Library/Core/Inc/usbd_def.h **** #define USBD_STATE_DEFAULT                              0x01U
 161:Middlewares/ST/STM32_USB_Device_Library/Core/Inc/usbd_def.h **** #define USBD_STATE_ADDRESSED                            0x02U
 162:Middlewares/ST/STM32_USB_Device_Library/Core/Inc/usbd_def.h **** #define USBD_STATE_CONFIGURED                           0x03U
 163:Middlewares/ST/STM32_USB_Device_Library/Core/Inc/usbd_def.h **** #define USBD_STATE_SUSPENDED                            0x04U
 164:Middlewares/ST/STM32_USB_Device_Library/Core/Inc/usbd_def.h **** 
 165:Middlewares/ST/STM32_USB_Device_Library/Core/Inc/usbd_def.h **** 
 166:Middlewares/ST/STM32_USB_Device_Library/Core/Inc/usbd_def.h **** /*  EP0 State */
 167:Middlewares/ST/STM32_USB_Device_Library/Core/Inc/usbd_def.h **** #define USBD_EP0_IDLE                                   0x00U
 168:Middlewares/ST/STM32_USB_Device_Library/Core/Inc/usbd_def.h **** #define USBD_EP0_SETUP                                  0x01U
 169:Middlewares/ST/STM32_USB_Device_Library/Core/Inc/usbd_def.h **** #define USBD_EP0_DATA_IN                                0x02U
 170:Middlewares/ST/STM32_USB_Device_Library/Core/Inc/usbd_def.h **** #define USBD_EP0_DATA_OUT                               0x03U
 171:Middlewares/ST/STM32_USB_Device_Library/Core/Inc/usbd_def.h **** #define USBD_EP0_STATUS_IN                              0x04U
 172:Middlewares/ST/STM32_USB_Device_Library/Core/Inc/usbd_def.h **** #define USBD_EP0_STATUS_OUT                             0x05U
 173:Middlewares/ST/STM32_USB_Device_Library/Core/Inc/usbd_def.h **** #define USBD_EP0_STALL                                  0x06U
 174:Middlewares/ST/STM32_USB_Device_Library/Core/Inc/usbd_def.h **** 
 175:Middlewares/ST/STM32_USB_Device_Library/Core/Inc/usbd_def.h **** #define USBD_EP_TYPE_CTRL                               0x00U
 176:Middlewares/ST/STM32_USB_Device_Library/Core/Inc/usbd_def.h **** #define USBD_EP_TYPE_ISOC                               0x01U
 177:Middlewares/ST/STM32_USB_Device_Library/Core/Inc/usbd_def.h **** #define USBD_EP_TYPE_BULK                               0x02U
 178:Middlewares/ST/STM32_USB_Device_Library/Core/Inc/usbd_def.h **** #define USBD_EP_TYPE_INTR                               0x03U
 179:Middlewares/ST/STM32_USB_Device_Library/Core/Inc/usbd_def.h **** 
 180:Middlewares/ST/STM32_USB_Device_Library/Core/Inc/usbd_def.h **** #ifdef USE_USBD_COMPOSITE
 181:Middlewares/ST/STM32_USB_Device_Library/Core/Inc/usbd_def.h **** #define USBD_EP_IN                                      0x80U
 182:Middlewares/ST/STM32_USB_Device_Library/Core/Inc/usbd_def.h **** #define USBD_EP_OUT                                     0x00U
 183:Middlewares/ST/STM32_USB_Device_Library/Core/Inc/usbd_def.h **** #define USBD_FUNC_DESCRIPTOR_TYPE                       0x24U
 184:Middlewares/ST/STM32_USB_Device_Library/Core/Inc/usbd_def.h **** #define USBD_DESC_SUBTYPE_ACM                           0x0FU
 185:Middlewares/ST/STM32_USB_Device_Library/Core/Inc/usbd_def.h **** #define USBD_DESC_ECM_BCD_LOW                           0x00U
 186:Middlewares/ST/STM32_USB_Device_Library/Core/Inc/usbd_def.h **** #define USBD_DESC_ECM_BCD_HIGH                          0x10U
 187:Middlewares/ST/STM32_USB_Device_Library/Core/Inc/usbd_def.h **** #endif /* USE_USBD_COMPOSITE */
 188:Middlewares/ST/STM32_USB_Device_Library/Core/Inc/usbd_def.h **** /**
 189:Middlewares/ST/STM32_USB_Device_Library/Core/Inc/usbd_def.h ****   * @}
 190:Middlewares/ST/STM32_USB_Device_Library/Core/Inc/usbd_def.h ****   */
 191:Middlewares/ST/STM32_USB_Device_Library/Core/Inc/usbd_def.h **** 
 192:Middlewares/ST/STM32_USB_Device_Library/Core/Inc/usbd_def.h **** 
 193:Middlewares/ST/STM32_USB_Device_Library/Core/Inc/usbd_def.h **** /** @defgroup USBD_DEF_Exported_TypesDefinitions
 194:Middlewares/ST/STM32_USB_Device_Library/Core/Inc/usbd_def.h ****   * @{
 195:Middlewares/ST/STM32_USB_Device_Library/Core/Inc/usbd_def.h ****   */
 196:Middlewares/ST/STM32_USB_Device_Library/Core/Inc/usbd_def.h **** 
 197:Middlewares/ST/STM32_USB_Device_Library/Core/Inc/usbd_def.h **** typedef  struct  usb_setup_req
 198:Middlewares/ST/STM32_USB_Device_Library/Core/Inc/usbd_def.h **** {
 199:Middlewares/ST/STM32_USB_Device_Library/Core/Inc/usbd_def.h ****   uint8_t   bmRequest;
 200:Middlewares/ST/STM32_USB_Device_Library/Core/Inc/usbd_def.h ****   uint8_t   bRequest;
 201:Middlewares/ST/STM32_USB_Device_Library/Core/Inc/usbd_def.h ****   uint16_t  wValue;
ARM GAS  /tmp/ccajabsj.s 			page 5


 202:Middlewares/ST/STM32_USB_Device_Library/Core/Inc/usbd_def.h ****   uint16_t  wIndex;
 203:Middlewares/ST/STM32_USB_Device_Library/Core/Inc/usbd_def.h ****   uint16_t  wLength;
 204:Middlewares/ST/STM32_USB_Device_Library/Core/Inc/usbd_def.h **** } USBD_SetupReqTypedef;
 205:Middlewares/ST/STM32_USB_Device_Library/Core/Inc/usbd_def.h **** 
 206:Middlewares/ST/STM32_USB_Device_Library/Core/Inc/usbd_def.h **** typedef struct
 207:Middlewares/ST/STM32_USB_Device_Library/Core/Inc/usbd_def.h **** {
 208:Middlewares/ST/STM32_USB_Device_Library/Core/Inc/usbd_def.h ****   uint8_t   bLength;
 209:Middlewares/ST/STM32_USB_Device_Library/Core/Inc/usbd_def.h ****   uint8_t   bDescriptorType;
 210:Middlewares/ST/STM32_USB_Device_Library/Core/Inc/usbd_def.h ****   uint16_t  wTotalLength;
 211:Middlewares/ST/STM32_USB_Device_Library/Core/Inc/usbd_def.h ****   uint8_t   bNumInterfaces;
 212:Middlewares/ST/STM32_USB_Device_Library/Core/Inc/usbd_def.h ****   uint8_t   bConfigurationValue;
 213:Middlewares/ST/STM32_USB_Device_Library/Core/Inc/usbd_def.h ****   uint8_t   iConfiguration;
 214:Middlewares/ST/STM32_USB_Device_Library/Core/Inc/usbd_def.h ****   uint8_t   bmAttributes;
 215:Middlewares/ST/STM32_USB_Device_Library/Core/Inc/usbd_def.h ****   uint8_t   bMaxPower;
 216:Middlewares/ST/STM32_USB_Device_Library/Core/Inc/usbd_def.h **** } __PACKED USBD_ConfigDescTypeDef;
 217:Middlewares/ST/STM32_USB_Device_Library/Core/Inc/usbd_def.h **** 
 218:Middlewares/ST/STM32_USB_Device_Library/Core/Inc/usbd_def.h **** typedef struct
 219:Middlewares/ST/STM32_USB_Device_Library/Core/Inc/usbd_def.h **** {
 220:Middlewares/ST/STM32_USB_Device_Library/Core/Inc/usbd_def.h ****   uint8_t   bLength;
 221:Middlewares/ST/STM32_USB_Device_Library/Core/Inc/usbd_def.h ****   uint8_t   bDescriptorType;
 222:Middlewares/ST/STM32_USB_Device_Library/Core/Inc/usbd_def.h ****   uint16_t  wTotalLength;
 223:Middlewares/ST/STM32_USB_Device_Library/Core/Inc/usbd_def.h ****   uint8_t   bNumDeviceCaps;
 224:Middlewares/ST/STM32_USB_Device_Library/Core/Inc/usbd_def.h **** } USBD_BosDescTypeDef;
 225:Middlewares/ST/STM32_USB_Device_Library/Core/Inc/usbd_def.h **** 
 226:Middlewares/ST/STM32_USB_Device_Library/Core/Inc/usbd_def.h **** typedef struct
 227:Middlewares/ST/STM32_USB_Device_Library/Core/Inc/usbd_def.h **** {
 228:Middlewares/ST/STM32_USB_Device_Library/Core/Inc/usbd_def.h ****   uint8_t   bLength;
 229:Middlewares/ST/STM32_USB_Device_Library/Core/Inc/usbd_def.h ****   uint8_t   bDescriptorType;
 230:Middlewares/ST/STM32_USB_Device_Library/Core/Inc/usbd_def.h ****   uint8_t   bEndpointAddress;
 231:Middlewares/ST/STM32_USB_Device_Library/Core/Inc/usbd_def.h ****   uint8_t   bmAttributes;
 232:Middlewares/ST/STM32_USB_Device_Library/Core/Inc/usbd_def.h ****   uint16_t  wMaxPacketSize;
 233:Middlewares/ST/STM32_USB_Device_Library/Core/Inc/usbd_def.h ****   uint8_t   bInterval;
 234:Middlewares/ST/STM32_USB_Device_Library/Core/Inc/usbd_def.h **** } __PACKED USBD_EpDescTypeDef;
 235:Middlewares/ST/STM32_USB_Device_Library/Core/Inc/usbd_def.h **** 
 236:Middlewares/ST/STM32_USB_Device_Library/Core/Inc/usbd_def.h **** typedef  struct
 237:Middlewares/ST/STM32_USB_Device_Library/Core/Inc/usbd_def.h **** {
 238:Middlewares/ST/STM32_USB_Device_Library/Core/Inc/usbd_def.h ****   uint8_t  bLength;
 239:Middlewares/ST/STM32_USB_Device_Library/Core/Inc/usbd_def.h ****   uint8_t  bDescriptorType;
 240:Middlewares/ST/STM32_USB_Device_Library/Core/Inc/usbd_def.h ****   uint8_t  bDescriptorSubType;
 241:Middlewares/ST/STM32_USB_Device_Library/Core/Inc/usbd_def.h **** } USBD_DescHeaderTypeDef;
 242:Middlewares/ST/STM32_USB_Device_Library/Core/Inc/usbd_def.h **** 
 243:Middlewares/ST/STM32_USB_Device_Library/Core/Inc/usbd_def.h **** struct _USBD_HandleTypeDef;
 244:Middlewares/ST/STM32_USB_Device_Library/Core/Inc/usbd_def.h **** 
 245:Middlewares/ST/STM32_USB_Device_Library/Core/Inc/usbd_def.h **** typedef struct _Device_cb
 246:Middlewares/ST/STM32_USB_Device_Library/Core/Inc/usbd_def.h **** {
 247:Middlewares/ST/STM32_USB_Device_Library/Core/Inc/usbd_def.h ****   uint8_t (*Init)(struct _USBD_HandleTypeDef *pdev, uint8_t cfgidx);
 248:Middlewares/ST/STM32_USB_Device_Library/Core/Inc/usbd_def.h ****   uint8_t (*DeInit)(struct _USBD_HandleTypeDef *pdev, uint8_t cfgidx);
 249:Middlewares/ST/STM32_USB_Device_Library/Core/Inc/usbd_def.h ****   /* Control Endpoints*/
 250:Middlewares/ST/STM32_USB_Device_Library/Core/Inc/usbd_def.h ****   uint8_t (*Setup)(struct _USBD_HandleTypeDef *pdev, USBD_SetupReqTypedef  *req);
 251:Middlewares/ST/STM32_USB_Device_Library/Core/Inc/usbd_def.h ****   uint8_t (*EP0_TxSent)(struct _USBD_HandleTypeDef *pdev);
 252:Middlewares/ST/STM32_USB_Device_Library/Core/Inc/usbd_def.h ****   uint8_t (*EP0_RxReady)(struct _USBD_HandleTypeDef *pdev);
 253:Middlewares/ST/STM32_USB_Device_Library/Core/Inc/usbd_def.h ****   /* Class Specific Endpoints*/
 254:Middlewares/ST/STM32_USB_Device_Library/Core/Inc/usbd_def.h ****   uint8_t (*DataIn)(struct _USBD_HandleTypeDef *pdev, uint8_t epnum);
 255:Middlewares/ST/STM32_USB_Device_Library/Core/Inc/usbd_def.h ****   uint8_t (*DataOut)(struct _USBD_HandleTypeDef *pdev, uint8_t epnum);
 256:Middlewares/ST/STM32_USB_Device_Library/Core/Inc/usbd_def.h ****   uint8_t (*SOF)(struct _USBD_HandleTypeDef *pdev);
 257:Middlewares/ST/STM32_USB_Device_Library/Core/Inc/usbd_def.h ****   uint8_t (*IsoINIncomplete)(struct _USBD_HandleTypeDef *pdev, uint8_t epnum);
 258:Middlewares/ST/STM32_USB_Device_Library/Core/Inc/usbd_def.h ****   uint8_t (*IsoOUTIncomplete)(struct _USBD_HandleTypeDef *pdev, uint8_t epnum);
ARM GAS  /tmp/ccajabsj.s 			page 6


 259:Middlewares/ST/STM32_USB_Device_Library/Core/Inc/usbd_def.h **** 
 260:Middlewares/ST/STM32_USB_Device_Library/Core/Inc/usbd_def.h ****   uint8_t  *(*GetHSConfigDescriptor)(uint16_t *length);
 261:Middlewares/ST/STM32_USB_Device_Library/Core/Inc/usbd_def.h ****   uint8_t  *(*GetFSConfigDescriptor)(uint16_t *length);
 262:Middlewares/ST/STM32_USB_Device_Library/Core/Inc/usbd_def.h ****   uint8_t  *(*GetOtherSpeedConfigDescriptor)(uint16_t *length);
 263:Middlewares/ST/STM32_USB_Device_Library/Core/Inc/usbd_def.h ****   uint8_t  *(*GetDeviceQualifierDescriptor)(uint16_t *length);
 264:Middlewares/ST/STM32_USB_Device_Library/Core/Inc/usbd_def.h **** #if (USBD_SUPPORT_USER_STRING_DESC == 1U)
 265:Middlewares/ST/STM32_USB_Device_Library/Core/Inc/usbd_def.h ****   uint8_t  *(*GetUsrStrDescriptor)(struct _USBD_HandleTypeDef *pdev, uint8_t index,  uint16_t *leng
 266:Middlewares/ST/STM32_USB_Device_Library/Core/Inc/usbd_def.h **** #endif /* USBD_SUPPORT_USER_STRING_DESC  */
 267:Middlewares/ST/STM32_USB_Device_Library/Core/Inc/usbd_def.h **** 
 268:Middlewares/ST/STM32_USB_Device_Library/Core/Inc/usbd_def.h **** } USBD_ClassTypeDef;
 269:Middlewares/ST/STM32_USB_Device_Library/Core/Inc/usbd_def.h **** 
 270:Middlewares/ST/STM32_USB_Device_Library/Core/Inc/usbd_def.h **** /* Following USB Device Speed */
 271:Middlewares/ST/STM32_USB_Device_Library/Core/Inc/usbd_def.h **** typedef enum
 272:Middlewares/ST/STM32_USB_Device_Library/Core/Inc/usbd_def.h **** {
 273:Middlewares/ST/STM32_USB_Device_Library/Core/Inc/usbd_def.h ****   USBD_SPEED_HIGH  = 0U,
 274:Middlewares/ST/STM32_USB_Device_Library/Core/Inc/usbd_def.h ****   USBD_SPEED_FULL  = 1U,
 275:Middlewares/ST/STM32_USB_Device_Library/Core/Inc/usbd_def.h ****   USBD_SPEED_LOW   = 2U,
 276:Middlewares/ST/STM32_USB_Device_Library/Core/Inc/usbd_def.h **** } USBD_SpeedTypeDef;
 277:Middlewares/ST/STM32_USB_Device_Library/Core/Inc/usbd_def.h **** 
 278:Middlewares/ST/STM32_USB_Device_Library/Core/Inc/usbd_def.h **** /* Following USB Device status */
 279:Middlewares/ST/STM32_USB_Device_Library/Core/Inc/usbd_def.h **** typedef enum
 280:Middlewares/ST/STM32_USB_Device_Library/Core/Inc/usbd_def.h **** {
 281:Middlewares/ST/STM32_USB_Device_Library/Core/Inc/usbd_def.h ****   USBD_OK = 0U,
 282:Middlewares/ST/STM32_USB_Device_Library/Core/Inc/usbd_def.h ****   USBD_BUSY,
 283:Middlewares/ST/STM32_USB_Device_Library/Core/Inc/usbd_def.h ****   USBD_EMEM,
 284:Middlewares/ST/STM32_USB_Device_Library/Core/Inc/usbd_def.h ****   USBD_FAIL,
 285:Middlewares/ST/STM32_USB_Device_Library/Core/Inc/usbd_def.h **** } USBD_StatusTypeDef;
 286:Middlewares/ST/STM32_USB_Device_Library/Core/Inc/usbd_def.h **** 
 287:Middlewares/ST/STM32_USB_Device_Library/Core/Inc/usbd_def.h **** /* USB Device descriptors structure */
 288:Middlewares/ST/STM32_USB_Device_Library/Core/Inc/usbd_def.h **** typedef struct
 289:Middlewares/ST/STM32_USB_Device_Library/Core/Inc/usbd_def.h **** {
 290:Middlewares/ST/STM32_USB_Device_Library/Core/Inc/usbd_def.h ****   uint8_t *(*GetDeviceDescriptor)(USBD_SpeedTypeDef speed, uint16_t *length);
 291:Middlewares/ST/STM32_USB_Device_Library/Core/Inc/usbd_def.h ****   uint8_t *(*GetLangIDStrDescriptor)(USBD_SpeedTypeDef speed, uint16_t *length);
 292:Middlewares/ST/STM32_USB_Device_Library/Core/Inc/usbd_def.h ****   uint8_t *(*GetManufacturerStrDescriptor)(USBD_SpeedTypeDef speed, uint16_t *length);
 293:Middlewares/ST/STM32_USB_Device_Library/Core/Inc/usbd_def.h ****   uint8_t *(*GetProductStrDescriptor)(USBD_SpeedTypeDef speed, uint16_t *length);
 294:Middlewares/ST/STM32_USB_Device_Library/Core/Inc/usbd_def.h ****   uint8_t *(*GetSerialStrDescriptor)(USBD_SpeedTypeDef speed, uint16_t *length);
 295:Middlewares/ST/STM32_USB_Device_Library/Core/Inc/usbd_def.h ****   uint8_t *(*GetConfigurationStrDescriptor)(USBD_SpeedTypeDef speed, uint16_t *length);
 296:Middlewares/ST/STM32_USB_Device_Library/Core/Inc/usbd_def.h ****   uint8_t *(*GetInterfaceStrDescriptor)(USBD_SpeedTypeDef speed, uint16_t *length);
 297:Middlewares/ST/STM32_USB_Device_Library/Core/Inc/usbd_def.h **** #if (USBD_CLASS_USER_STRING_DESC == 1)
 298:Middlewares/ST/STM32_USB_Device_Library/Core/Inc/usbd_def.h ****   uint8_t *(*GetUserStrDescriptor)(USBD_SpeedTypeDef speed, uint8_t idx, uint16_t *length);
 299:Middlewares/ST/STM32_USB_Device_Library/Core/Inc/usbd_def.h **** #endif /* USBD_CLASS_USER_STRING_DESC */
 300:Middlewares/ST/STM32_USB_Device_Library/Core/Inc/usbd_def.h **** #if ((USBD_LPM_ENABLED == 1U) || (USBD_CLASS_BOS_ENABLED == 1))
 301:Middlewares/ST/STM32_USB_Device_Library/Core/Inc/usbd_def.h ****   uint8_t *(*GetBOSDescriptor)(USBD_SpeedTypeDef speed, uint16_t *length);
 302:Middlewares/ST/STM32_USB_Device_Library/Core/Inc/usbd_def.h **** #endif /* (USBD_LPM_ENABLED == 1U) || (USBD_CLASS_BOS_ENABLED == 1) */
 303:Middlewares/ST/STM32_USB_Device_Library/Core/Inc/usbd_def.h **** } USBD_DescriptorsTypeDef;
 304:Middlewares/ST/STM32_USB_Device_Library/Core/Inc/usbd_def.h **** 
 305:Middlewares/ST/STM32_USB_Device_Library/Core/Inc/usbd_def.h **** /* USB Device handle structure */
 306:Middlewares/ST/STM32_USB_Device_Library/Core/Inc/usbd_def.h **** typedef struct
 307:Middlewares/ST/STM32_USB_Device_Library/Core/Inc/usbd_def.h **** {
 308:Middlewares/ST/STM32_USB_Device_Library/Core/Inc/usbd_def.h ****   uint32_t status;
 309:Middlewares/ST/STM32_USB_Device_Library/Core/Inc/usbd_def.h ****   uint32_t total_length;
 310:Middlewares/ST/STM32_USB_Device_Library/Core/Inc/usbd_def.h ****   uint32_t rem_length;
 311:Middlewares/ST/STM32_USB_Device_Library/Core/Inc/usbd_def.h ****   uint32_t maxpacket;
 312:Middlewares/ST/STM32_USB_Device_Library/Core/Inc/usbd_def.h ****   uint16_t is_used;
 313:Middlewares/ST/STM32_USB_Device_Library/Core/Inc/usbd_def.h ****   uint16_t bInterval;
 314:Middlewares/ST/STM32_USB_Device_Library/Core/Inc/usbd_def.h **** } USBD_EndpointTypeDef;
 315:Middlewares/ST/STM32_USB_Device_Library/Core/Inc/usbd_def.h **** 
ARM GAS  /tmp/ccajabsj.s 			page 7


 316:Middlewares/ST/STM32_USB_Device_Library/Core/Inc/usbd_def.h **** #ifdef USE_USBD_COMPOSITE
 317:Middlewares/ST/STM32_USB_Device_Library/Core/Inc/usbd_def.h **** typedef enum
 318:Middlewares/ST/STM32_USB_Device_Library/Core/Inc/usbd_def.h **** {
 319:Middlewares/ST/STM32_USB_Device_Library/Core/Inc/usbd_def.h ****   CLASS_TYPE_NONE    = 0,
 320:Middlewares/ST/STM32_USB_Device_Library/Core/Inc/usbd_def.h ****   CLASS_TYPE_HID     = 1,
 321:Middlewares/ST/STM32_USB_Device_Library/Core/Inc/usbd_def.h ****   CLASS_TYPE_CDC     = 2,
 322:Middlewares/ST/STM32_USB_Device_Library/Core/Inc/usbd_def.h ****   CLASS_TYPE_MSC     = 3,
 323:Middlewares/ST/STM32_USB_Device_Library/Core/Inc/usbd_def.h ****   CLASS_TYPE_DFU     = 4,
 324:Middlewares/ST/STM32_USB_Device_Library/Core/Inc/usbd_def.h ****   CLASS_TYPE_CHID    = 5,
 325:Middlewares/ST/STM32_USB_Device_Library/Core/Inc/usbd_def.h ****   CLASS_TYPE_AUDIO   = 6,
 326:Middlewares/ST/STM32_USB_Device_Library/Core/Inc/usbd_def.h ****   CLASS_TYPE_ECM     = 7,
 327:Middlewares/ST/STM32_USB_Device_Library/Core/Inc/usbd_def.h ****   CLASS_TYPE_RNDIS   = 8,
 328:Middlewares/ST/STM32_USB_Device_Library/Core/Inc/usbd_def.h ****   CLASS_TYPE_MTP     = 9,
 329:Middlewares/ST/STM32_USB_Device_Library/Core/Inc/usbd_def.h ****   CLASS_TYPE_VIDEO   = 10,
 330:Middlewares/ST/STM32_USB_Device_Library/Core/Inc/usbd_def.h ****   CLASS_TYPE_PRINTER = 11,
 331:Middlewares/ST/STM32_USB_Device_Library/Core/Inc/usbd_def.h ****   CLASS_TYPE_CCID    = 12,
 332:Middlewares/ST/STM32_USB_Device_Library/Core/Inc/usbd_def.h **** } USBD_CompositeClassTypeDef;
 333:Middlewares/ST/STM32_USB_Device_Library/Core/Inc/usbd_def.h **** 
 334:Middlewares/ST/STM32_USB_Device_Library/Core/Inc/usbd_def.h **** 
 335:Middlewares/ST/STM32_USB_Device_Library/Core/Inc/usbd_def.h **** /* USB Device handle structure */
 336:Middlewares/ST/STM32_USB_Device_Library/Core/Inc/usbd_def.h **** typedef struct
 337:Middlewares/ST/STM32_USB_Device_Library/Core/Inc/usbd_def.h **** {
 338:Middlewares/ST/STM32_USB_Device_Library/Core/Inc/usbd_def.h ****   uint8_t                     add;
 339:Middlewares/ST/STM32_USB_Device_Library/Core/Inc/usbd_def.h ****   uint8_t                     type;
 340:Middlewares/ST/STM32_USB_Device_Library/Core/Inc/usbd_def.h ****   uint8_t                     size;
 341:Middlewares/ST/STM32_USB_Device_Library/Core/Inc/usbd_def.h ****   uint8_t                     is_used;
 342:Middlewares/ST/STM32_USB_Device_Library/Core/Inc/usbd_def.h **** } USBD_EPTypeDef;
 343:Middlewares/ST/STM32_USB_Device_Library/Core/Inc/usbd_def.h **** 
 344:Middlewares/ST/STM32_USB_Device_Library/Core/Inc/usbd_def.h **** /* USB Device handle structure */
 345:Middlewares/ST/STM32_USB_Device_Library/Core/Inc/usbd_def.h **** typedef struct
 346:Middlewares/ST/STM32_USB_Device_Library/Core/Inc/usbd_def.h **** {
 347:Middlewares/ST/STM32_USB_Device_Library/Core/Inc/usbd_def.h ****   USBD_CompositeClassTypeDef   ClassType;
 348:Middlewares/ST/STM32_USB_Device_Library/Core/Inc/usbd_def.h ****   uint32_t                     ClassId;
 349:Middlewares/ST/STM32_USB_Device_Library/Core/Inc/usbd_def.h ****   uint32_t                     Active;
 350:Middlewares/ST/STM32_USB_Device_Library/Core/Inc/usbd_def.h ****   uint32_t                     NumEps;
 351:Middlewares/ST/STM32_USB_Device_Library/Core/Inc/usbd_def.h ****   USBD_EPTypeDef               Eps[USBD_MAX_CLASS_ENDPOINTS];
 352:Middlewares/ST/STM32_USB_Device_Library/Core/Inc/usbd_def.h ****   uint8_t                      *EpAdd;
 353:Middlewares/ST/STM32_USB_Device_Library/Core/Inc/usbd_def.h ****   uint32_t                     NumIf;
 354:Middlewares/ST/STM32_USB_Device_Library/Core/Inc/usbd_def.h ****   uint8_t                      Ifs[USBD_MAX_CLASS_INTERFACES];
 355:Middlewares/ST/STM32_USB_Device_Library/Core/Inc/usbd_def.h ****   uint32_t                     CurrPcktSze;
 356:Middlewares/ST/STM32_USB_Device_Library/Core/Inc/usbd_def.h **** } USBD_CompositeElementTypeDef;
 357:Middlewares/ST/STM32_USB_Device_Library/Core/Inc/usbd_def.h **** #endif /* USE_USBD_COMPOSITE */
 358:Middlewares/ST/STM32_USB_Device_Library/Core/Inc/usbd_def.h **** 
 359:Middlewares/ST/STM32_USB_Device_Library/Core/Inc/usbd_def.h **** /* USB Device handle structure */
 360:Middlewares/ST/STM32_USB_Device_Library/Core/Inc/usbd_def.h **** typedef struct _USBD_HandleTypeDef
 361:Middlewares/ST/STM32_USB_Device_Library/Core/Inc/usbd_def.h **** {
 362:Middlewares/ST/STM32_USB_Device_Library/Core/Inc/usbd_def.h ****   uint8_t                 id;
 363:Middlewares/ST/STM32_USB_Device_Library/Core/Inc/usbd_def.h ****   uint32_t                dev_config;
 364:Middlewares/ST/STM32_USB_Device_Library/Core/Inc/usbd_def.h ****   uint32_t                dev_default_config;
 365:Middlewares/ST/STM32_USB_Device_Library/Core/Inc/usbd_def.h ****   uint32_t                dev_config_status;
 366:Middlewares/ST/STM32_USB_Device_Library/Core/Inc/usbd_def.h ****   USBD_SpeedTypeDef       dev_speed;
 367:Middlewares/ST/STM32_USB_Device_Library/Core/Inc/usbd_def.h ****   USBD_EndpointTypeDef    ep_in[16];
 368:Middlewares/ST/STM32_USB_Device_Library/Core/Inc/usbd_def.h ****   USBD_EndpointTypeDef    ep_out[16];
 369:Middlewares/ST/STM32_USB_Device_Library/Core/Inc/usbd_def.h ****   __IO uint32_t           ep0_state;
 370:Middlewares/ST/STM32_USB_Device_Library/Core/Inc/usbd_def.h ****   uint32_t                ep0_data_len;
 371:Middlewares/ST/STM32_USB_Device_Library/Core/Inc/usbd_def.h ****   __IO uint8_t            dev_state;
 372:Middlewares/ST/STM32_USB_Device_Library/Core/Inc/usbd_def.h ****   __IO uint8_t            dev_old_state;
ARM GAS  /tmp/ccajabsj.s 			page 8


 373:Middlewares/ST/STM32_USB_Device_Library/Core/Inc/usbd_def.h ****   uint8_t                 dev_address;
 374:Middlewares/ST/STM32_USB_Device_Library/Core/Inc/usbd_def.h ****   uint8_t                 dev_connection_status;
 375:Middlewares/ST/STM32_USB_Device_Library/Core/Inc/usbd_def.h ****   uint8_t                 dev_test_mode;
 376:Middlewares/ST/STM32_USB_Device_Library/Core/Inc/usbd_def.h ****   uint32_t                dev_remote_wakeup;
 377:Middlewares/ST/STM32_USB_Device_Library/Core/Inc/usbd_def.h ****   uint8_t                 ConfIdx;
 378:Middlewares/ST/STM32_USB_Device_Library/Core/Inc/usbd_def.h **** 
 379:Middlewares/ST/STM32_USB_Device_Library/Core/Inc/usbd_def.h ****   USBD_SetupReqTypedef    request;
 380:Middlewares/ST/STM32_USB_Device_Library/Core/Inc/usbd_def.h ****   USBD_DescriptorsTypeDef *pDesc;
 381:Middlewares/ST/STM32_USB_Device_Library/Core/Inc/usbd_def.h ****   USBD_ClassTypeDef       *pClass[USBD_MAX_SUPPORTED_CLASS];
 382:Middlewares/ST/STM32_USB_Device_Library/Core/Inc/usbd_def.h ****   void                    *pClassData;
 383:Middlewares/ST/STM32_USB_Device_Library/Core/Inc/usbd_def.h ****   void                    *pClassDataCmsit[USBD_MAX_SUPPORTED_CLASS];
 384:Middlewares/ST/STM32_USB_Device_Library/Core/Inc/usbd_def.h ****   void                    *pUserData[USBD_MAX_SUPPORTED_CLASS];
 385:Middlewares/ST/STM32_USB_Device_Library/Core/Inc/usbd_def.h ****   void                    *pData;
 386:Middlewares/ST/STM32_USB_Device_Library/Core/Inc/usbd_def.h ****   void                    *pBosDesc;
 387:Middlewares/ST/STM32_USB_Device_Library/Core/Inc/usbd_def.h ****   void                    *pConfDesc;
 388:Middlewares/ST/STM32_USB_Device_Library/Core/Inc/usbd_def.h ****   uint32_t                classId;
 389:Middlewares/ST/STM32_USB_Device_Library/Core/Inc/usbd_def.h ****   uint32_t                NumClasses;
 390:Middlewares/ST/STM32_USB_Device_Library/Core/Inc/usbd_def.h **** #ifdef USE_USBD_COMPOSITE
 391:Middlewares/ST/STM32_USB_Device_Library/Core/Inc/usbd_def.h ****   USBD_CompositeElementTypeDef tclasslist[USBD_MAX_SUPPORTED_CLASS];
 392:Middlewares/ST/STM32_USB_Device_Library/Core/Inc/usbd_def.h **** #endif /* USE_USBD_COMPOSITE */
 393:Middlewares/ST/STM32_USB_Device_Library/Core/Inc/usbd_def.h **** #if (USBD_USER_REGISTER_CALLBACK == 1U)
 394:Middlewares/ST/STM32_USB_Device_Library/Core/Inc/usbd_def.h ****   void (* DevStateCallback)(uint8_t dev_state, uint8_t cfgidx);                    /*!< User Notifi
 395:Middlewares/ST/STM32_USB_Device_Library/Core/Inc/usbd_def.h **** #endif /* USBD_USER_REGISTER_CALLBACK */
 396:Middlewares/ST/STM32_USB_Device_Library/Core/Inc/usbd_def.h **** } USBD_HandleTypeDef;
 397:Middlewares/ST/STM32_USB_Device_Library/Core/Inc/usbd_def.h **** 
 398:Middlewares/ST/STM32_USB_Device_Library/Core/Inc/usbd_def.h **** #if (USBD_USER_REGISTER_CALLBACK == 1U)
 399:Middlewares/ST/STM32_USB_Device_Library/Core/Inc/usbd_def.h **** typedef void (*USBD_DevStateCallbackTypeDef)(uint8_t dev_state, uint8_t cfgidx);   /*!< pointer to 
 400:Middlewares/ST/STM32_USB_Device_Library/Core/Inc/usbd_def.h **** #endif /* USBD_USER_REGISTER_CALLBACK */
 401:Middlewares/ST/STM32_USB_Device_Library/Core/Inc/usbd_def.h **** 
 402:Middlewares/ST/STM32_USB_Device_Library/Core/Inc/usbd_def.h **** /* USB Device endpoint direction */
 403:Middlewares/ST/STM32_USB_Device_Library/Core/Inc/usbd_def.h **** typedef enum
 404:Middlewares/ST/STM32_USB_Device_Library/Core/Inc/usbd_def.h **** {
 405:Middlewares/ST/STM32_USB_Device_Library/Core/Inc/usbd_def.h ****   OUT   = 0x00,
 406:Middlewares/ST/STM32_USB_Device_Library/Core/Inc/usbd_def.h ****   IN    = 0x80,
 407:Middlewares/ST/STM32_USB_Device_Library/Core/Inc/usbd_def.h **** } USBD_EPDirectionTypeDef;
 408:Middlewares/ST/STM32_USB_Device_Library/Core/Inc/usbd_def.h **** 
 409:Middlewares/ST/STM32_USB_Device_Library/Core/Inc/usbd_def.h **** typedef enum
 410:Middlewares/ST/STM32_USB_Device_Library/Core/Inc/usbd_def.h **** {
 411:Middlewares/ST/STM32_USB_Device_Library/Core/Inc/usbd_def.h ****   NETWORK_CONNECTION = 0x00,
 412:Middlewares/ST/STM32_USB_Device_Library/Core/Inc/usbd_def.h ****   RESPONSE_AVAILABLE = 0x01,
 413:Middlewares/ST/STM32_USB_Device_Library/Core/Inc/usbd_def.h ****   CONNECTION_SPEED_CHANGE = 0x2A
 414:Middlewares/ST/STM32_USB_Device_Library/Core/Inc/usbd_def.h **** } USBD_CDC_NotifCodeTypeDef;
 415:Middlewares/ST/STM32_USB_Device_Library/Core/Inc/usbd_def.h **** /**
 416:Middlewares/ST/STM32_USB_Device_Library/Core/Inc/usbd_def.h ****   * @}
 417:Middlewares/ST/STM32_USB_Device_Library/Core/Inc/usbd_def.h ****   */
 418:Middlewares/ST/STM32_USB_Device_Library/Core/Inc/usbd_def.h **** 
 419:Middlewares/ST/STM32_USB_Device_Library/Core/Inc/usbd_def.h **** 
 420:Middlewares/ST/STM32_USB_Device_Library/Core/Inc/usbd_def.h **** 
 421:Middlewares/ST/STM32_USB_Device_Library/Core/Inc/usbd_def.h **** /** @defgroup USBD_DEF_Exported_Macros
 422:Middlewares/ST/STM32_USB_Device_Library/Core/Inc/usbd_def.h ****   * @{
 423:Middlewares/ST/STM32_USB_Device_Library/Core/Inc/usbd_def.h ****   */
 424:Middlewares/ST/STM32_USB_Device_Library/Core/Inc/usbd_def.h **** __STATIC_INLINE uint16_t SWAPBYTE(uint8_t *addr)
 425:Middlewares/ST/STM32_USB_Device_Library/Core/Inc/usbd_def.h **** {
  29              		.loc 2 425 1
  30              		.cfi_startproc
  31              		@ args = 0, pretend = 0, frame = 24
  32              		@ frame_needed = 1, uses_anonymous_args = 0
ARM GAS  /tmp/ccajabsj.s 			page 9


  33              		@ link register save eliminated.
  34 0000 80B4     		push	{r7}
  35              	.LCFI0:
  36              		.cfi_def_cfa_offset 4
  37              		.cfi_offset 7, -4
  38 0002 87B0     		sub	sp, sp, #28
  39              	.LCFI1:
  40              		.cfi_def_cfa_offset 32
  41 0004 00AF     		add	r7, sp, #0
  42              	.LCFI2:
  43              		.cfi_def_cfa_register 7
  44 0006 7860     		str	r0, [r7, #4]
 426:Middlewares/ST/STM32_USB_Device_Library/Core/Inc/usbd_def.h ****   uint16_t _SwapVal;
 427:Middlewares/ST/STM32_USB_Device_Library/Core/Inc/usbd_def.h ****   uint16_t _Byte1;
 428:Middlewares/ST/STM32_USB_Device_Library/Core/Inc/usbd_def.h ****   uint16_t _Byte2;
 429:Middlewares/ST/STM32_USB_Device_Library/Core/Inc/usbd_def.h ****   uint8_t *_pbuff = addr;
  45              		.loc 2 429 12
  46 0008 7B68     		ldr	r3, [r7, #4]
  47 000a 7B61     		str	r3, [r7, #20]
 430:Middlewares/ST/STM32_USB_Device_Library/Core/Inc/usbd_def.h **** 
 431:Middlewares/ST/STM32_USB_Device_Library/Core/Inc/usbd_def.h ****   _Byte1 = *(uint8_t *)_pbuff;
  48              		.loc 2 431 12
  49 000c 7B69     		ldr	r3, [r7, #20]
  50 000e 1B78     		ldrb	r3, [r3]	@ zero_extendqisi2
  51              		.loc 2 431 10
  52 0010 7B82     		strh	r3, [r7, #18]	@ movhi
 432:Middlewares/ST/STM32_USB_Device_Library/Core/Inc/usbd_def.h ****   _pbuff++;
  53              		.loc 2 432 9
  54 0012 7B69     		ldr	r3, [r7, #20]
  55 0014 0133     		adds	r3, r3, #1
  56 0016 7B61     		str	r3, [r7, #20]
 433:Middlewares/ST/STM32_USB_Device_Library/Core/Inc/usbd_def.h ****   _Byte2 = *(uint8_t *)_pbuff;
  57              		.loc 2 433 12
  58 0018 7B69     		ldr	r3, [r7, #20]
  59 001a 1B78     		ldrb	r3, [r3]	@ zero_extendqisi2
  60              		.loc 2 433 10
  61 001c 3B82     		strh	r3, [r7, #16]	@ movhi
 434:Middlewares/ST/STM32_USB_Device_Library/Core/Inc/usbd_def.h **** 
 435:Middlewares/ST/STM32_USB_Device_Library/Core/Inc/usbd_def.h ****   _SwapVal = (_Byte2 << 8) | _Byte1;
  62              		.loc 2 435 28
  63 001e B7F91030 		ldrsh	r3, [r7, #16]
  64 0022 1B02     		lsls	r3, r3, #8
  65 0024 1AB2     		sxth	r2, r3
  66 0026 B7F91230 		ldrsh	r3, [r7, #18]
  67 002a 1343     		orrs	r3, r3, r2
  68 002c 1BB2     		sxth	r3, r3
  69              		.loc 2 435 12
  70 002e FB81     		strh	r3, [r7, #14]	@ movhi
 436:Middlewares/ST/STM32_USB_Device_Library/Core/Inc/usbd_def.h **** 
 437:Middlewares/ST/STM32_USB_Device_Library/Core/Inc/usbd_def.h ****   return _SwapVal;
  71              		.loc 2 437 10
  72 0030 FB89     		ldrh	r3, [r7, #14]
 438:Middlewares/ST/STM32_USB_Device_Library/Core/Inc/usbd_def.h **** }
  73              		.loc 2 438 1
  74 0032 1846     		mov	r0, r3
  75 0034 1C37     		adds	r7, r7, #28
  76              	.LCFI3:
ARM GAS  /tmp/ccajabsj.s 			page 10


  77              		.cfi_def_cfa_offset 4
  78 0036 BD46     		mov	sp, r7
  79              	.LCFI4:
  80              		.cfi_def_cfa_register 13
  81              		@ sp needed
  82 0038 80BC     		pop	{r7}
  83              	.LCFI5:
  84              		.cfi_restore 7
  85              		.cfi_def_cfa_offset 0
  86 003a 7047     		bx	lr
  87              		.cfi_endproc
  88              	.LFE223:
  90              		.section	.text.USBD_StdDevReq,"ax",%progbits
  91              		.align	1
  92              		.global	USBD_StdDevReq
  93              		.syntax unified
  94              		.thumb
  95              		.thumb_func
  97              	USBD_StdDevReq:
  98              	.LFB224:
   1:Middlewares/ST/STM32_USB_Device_Library/Core/Src/usbd_ctlreq.c **** /**
   2:Middlewares/ST/STM32_USB_Device_Library/Core/Src/usbd_ctlreq.c ****   ******************************************************************************
   3:Middlewares/ST/STM32_USB_Device_Library/Core/Src/usbd_ctlreq.c ****   * @file    usbd_req.c
   4:Middlewares/ST/STM32_USB_Device_Library/Core/Src/usbd_ctlreq.c ****   * @author  MCD Application Team
   5:Middlewares/ST/STM32_USB_Device_Library/Core/Src/usbd_ctlreq.c ****   * @brief   This file provides the standard USB requests following chapter 9.
   6:Middlewares/ST/STM32_USB_Device_Library/Core/Src/usbd_ctlreq.c ****   ******************************************************************************
   7:Middlewares/ST/STM32_USB_Device_Library/Core/Src/usbd_ctlreq.c ****   * @attention
   8:Middlewares/ST/STM32_USB_Device_Library/Core/Src/usbd_ctlreq.c ****   *
   9:Middlewares/ST/STM32_USB_Device_Library/Core/Src/usbd_ctlreq.c ****   * Copyright (c) 2015 STMicroelectronics.
  10:Middlewares/ST/STM32_USB_Device_Library/Core/Src/usbd_ctlreq.c ****   * All rights reserved.
  11:Middlewares/ST/STM32_USB_Device_Library/Core/Src/usbd_ctlreq.c ****   *
  12:Middlewares/ST/STM32_USB_Device_Library/Core/Src/usbd_ctlreq.c ****   * This software is licensed under terms that can be found in the LICENSE file
  13:Middlewares/ST/STM32_USB_Device_Library/Core/Src/usbd_ctlreq.c ****   * in the root directory of this software component.
  14:Middlewares/ST/STM32_USB_Device_Library/Core/Src/usbd_ctlreq.c ****   * If no LICENSE file comes with this software, it is provided AS-IS.
  15:Middlewares/ST/STM32_USB_Device_Library/Core/Src/usbd_ctlreq.c ****   *
  16:Middlewares/ST/STM32_USB_Device_Library/Core/Src/usbd_ctlreq.c ****   ******************************************************************************
  17:Middlewares/ST/STM32_USB_Device_Library/Core/Src/usbd_ctlreq.c ****   */
  18:Middlewares/ST/STM32_USB_Device_Library/Core/Src/usbd_ctlreq.c **** 
  19:Middlewares/ST/STM32_USB_Device_Library/Core/Src/usbd_ctlreq.c **** /* Includes ------------------------------------------------------------------*/
  20:Middlewares/ST/STM32_USB_Device_Library/Core/Src/usbd_ctlreq.c **** #include "usbd_ctlreq.h"
  21:Middlewares/ST/STM32_USB_Device_Library/Core/Src/usbd_ctlreq.c **** #include "usbd_ioreq.h"
  22:Middlewares/ST/STM32_USB_Device_Library/Core/Src/usbd_ctlreq.c **** 
  23:Middlewares/ST/STM32_USB_Device_Library/Core/Src/usbd_ctlreq.c **** #ifdef USE_USBD_COMPOSITE
  24:Middlewares/ST/STM32_USB_Device_Library/Core/Src/usbd_ctlreq.c **** #include "usbd_composite_builder.h"
  25:Middlewares/ST/STM32_USB_Device_Library/Core/Src/usbd_ctlreq.c **** #endif /* USE_USBD_COMPOSITE */
  26:Middlewares/ST/STM32_USB_Device_Library/Core/Src/usbd_ctlreq.c **** 
  27:Middlewares/ST/STM32_USB_Device_Library/Core/Src/usbd_ctlreq.c **** /** @addtogroup STM32_USBD_STATE_DEVICE_LIBRARY
  28:Middlewares/ST/STM32_USB_Device_Library/Core/Src/usbd_ctlreq.c ****   * @{
  29:Middlewares/ST/STM32_USB_Device_Library/Core/Src/usbd_ctlreq.c ****   */
  30:Middlewares/ST/STM32_USB_Device_Library/Core/Src/usbd_ctlreq.c **** 
  31:Middlewares/ST/STM32_USB_Device_Library/Core/Src/usbd_ctlreq.c **** 
  32:Middlewares/ST/STM32_USB_Device_Library/Core/Src/usbd_ctlreq.c **** /** @defgroup USBD_REQ
  33:Middlewares/ST/STM32_USB_Device_Library/Core/Src/usbd_ctlreq.c ****   * @brief USB standard requests module
  34:Middlewares/ST/STM32_USB_Device_Library/Core/Src/usbd_ctlreq.c ****   * @{
  35:Middlewares/ST/STM32_USB_Device_Library/Core/Src/usbd_ctlreq.c ****   */
  36:Middlewares/ST/STM32_USB_Device_Library/Core/Src/usbd_ctlreq.c **** 
  37:Middlewares/ST/STM32_USB_Device_Library/Core/Src/usbd_ctlreq.c **** /** @defgroup USBD_REQ_Private_TypesDefinitions
ARM GAS  /tmp/ccajabsj.s 			page 11


  38:Middlewares/ST/STM32_USB_Device_Library/Core/Src/usbd_ctlreq.c ****   * @{
  39:Middlewares/ST/STM32_USB_Device_Library/Core/Src/usbd_ctlreq.c ****   */
  40:Middlewares/ST/STM32_USB_Device_Library/Core/Src/usbd_ctlreq.c **** 
  41:Middlewares/ST/STM32_USB_Device_Library/Core/Src/usbd_ctlreq.c **** /**
  42:Middlewares/ST/STM32_USB_Device_Library/Core/Src/usbd_ctlreq.c ****   * @}
  43:Middlewares/ST/STM32_USB_Device_Library/Core/Src/usbd_ctlreq.c ****   */
  44:Middlewares/ST/STM32_USB_Device_Library/Core/Src/usbd_ctlreq.c **** 
  45:Middlewares/ST/STM32_USB_Device_Library/Core/Src/usbd_ctlreq.c **** 
  46:Middlewares/ST/STM32_USB_Device_Library/Core/Src/usbd_ctlreq.c **** /** @defgroup USBD_REQ_Private_Defines
  47:Middlewares/ST/STM32_USB_Device_Library/Core/Src/usbd_ctlreq.c ****   * @{
  48:Middlewares/ST/STM32_USB_Device_Library/Core/Src/usbd_ctlreq.c ****   */
  49:Middlewares/ST/STM32_USB_Device_Library/Core/Src/usbd_ctlreq.c **** #ifndef USBD_MAX_STR_DESC_SIZ
  50:Middlewares/ST/STM32_USB_Device_Library/Core/Src/usbd_ctlreq.c **** #define USBD_MAX_STR_DESC_SIZ                          64U
  51:Middlewares/ST/STM32_USB_Device_Library/Core/Src/usbd_ctlreq.c **** #endif /* USBD_MAX_STR_DESC_SIZ */
  52:Middlewares/ST/STM32_USB_Device_Library/Core/Src/usbd_ctlreq.c **** /**
  53:Middlewares/ST/STM32_USB_Device_Library/Core/Src/usbd_ctlreq.c ****   * @}
  54:Middlewares/ST/STM32_USB_Device_Library/Core/Src/usbd_ctlreq.c ****   */
  55:Middlewares/ST/STM32_USB_Device_Library/Core/Src/usbd_ctlreq.c **** 
  56:Middlewares/ST/STM32_USB_Device_Library/Core/Src/usbd_ctlreq.c **** 
  57:Middlewares/ST/STM32_USB_Device_Library/Core/Src/usbd_ctlreq.c **** /** @defgroup USBD_REQ_Private_Macros
  58:Middlewares/ST/STM32_USB_Device_Library/Core/Src/usbd_ctlreq.c ****   * @{
  59:Middlewares/ST/STM32_USB_Device_Library/Core/Src/usbd_ctlreq.c ****   */
  60:Middlewares/ST/STM32_USB_Device_Library/Core/Src/usbd_ctlreq.c **** 
  61:Middlewares/ST/STM32_USB_Device_Library/Core/Src/usbd_ctlreq.c **** /**
  62:Middlewares/ST/STM32_USB_Device_Library/Core/Src/usbd_ctlreq.c ****   * @}
  63:Middlewares/ST/STM32_USB_Device_Library/Core/Src/usbd_ctlreq.c ****   */
  64:Middlewares/ST/STM32_USB_Device_Library/Core/Src/usbd_ctlreq.c **** 
  65:Middlewares/ST/STM32_USB_Device_Library/Core/Src/usbd_ctlreq.c **** 
  66:Middlewares/ST/STM32_USB_Device_Library/Core/Src/usbd_ctlreq.c **** /** @defgroup USBD_REQ_Private_Variables
  67:Middlewares/ST/STM32_USB_Device_Library/Core/Src/usbd_ctlreq.c ****   * @{
  68:Middlewares/ST/STM32_USB_Device_Library/Core/Src/usbd_ctlreq.c ****   */
  69:Middlewares/ST/STM32_USB_Device_Library/Core/Src/usbd_ctlreq.c **** 
  70:Middlewares/ST/STM32_USB_Device_Library/Core/Src/usbd_ctlreq.c **** /**
  71:Middlewares/ST/STM32_USB_Device_Library/Core/Src/usbd_ctlreq.c ****   * @}
  72:Middlewares/ST/STM32_USB_Device_Library/Core/Src/usbd_ctlreq.c ****   */
  73:Middlewares/ST/STM32_USB_Device_Library/Core/Src/usbd_ctlreq.c **** 
  74:Middlewares/ST/STM32_USB_Device_Library/Core/Src/usbd_ctlreq.c **** 
  75:Middlewares/ST/STM32_USB_Device_Library/Core/Src/usbd_ctlreq.c **** /** @defgroup USBD_REQ_Private_FunctionPrototypes
  76:Middlewares/ST/STM32_USB_Device_Library/Core/Src/usbd_ctlreq.c ****   * @{
  77:Middlewares/ST/STM32_USB_Device_Library/Core/Src/usbd_ctlreq.c ****   */
  78:Middlewares/ST/STM32_USB_Device_Library/Core/Src/usbd_ctlreq.c **** static void USBD_GetDescriptor(USBD_HandleTypeDef *pdev, USBD_SetupReqTypedef *req);
  79:Middlewares/ST/STM32_USB_Device_Library/Core/Src/usbd_ctlreq.c **** static void USBD_SetAddress(USBD_HandleTypeDef *pdev, USBD_SetupReqTypedef *req);
  80:Middlewares/ST/STM32_USB_Device_Library/Core/Src/usbd_ctlreq.c **** static USBD_StatusTypeDef USBD_SetConfig(USBD_HandleTypeDef *pdev, USBD_SetupReqTypedef *req);
  81:Middlewares/ST/STM32_USB_Device_Library/Core/Src/usbd_ctlreq.c **** static void USBD_GetConfig(USBD_HandleTypeDef *pdev, USBD_SetupReqTypedef *req);
  82:Middlewares/ST/STM32_USB_Device_Library/Core/Src/usbd_ctlreq.c **** static void USBD_GetStatus(USBD_HandleTypeDef *pdev, USBD_SetupReqTypedef *req);
  83:Middlewares/ST/STM32_USB_Device_Library/Core/Src/usbd_ctlreq.c **** static void USBD_SetFeature(USBD_HandleTypeDef *pdev, USBD_SetupReqTypedef *req);
  84:Middlewares/ST/STM32_USB_Device_Library/Core/Src/usbd_ctlreq.c **** static void USBD_ClrFeature(USBD_HandleTypeDef *pdev, USBD_SetupReqTypedef *req);
  85:Middlewares/ST/STM32_USB_Device_Library/Core/Src/usbd_ctlreq.c **** static uint8_t USBD_GetLen(uint8_t *buf);
  86:Middlewares/ST/STM32_USB_Device_Library/Core/Src/usbd_ctlreq.c **** 
  87:Middlewares/ST/STM32_USB_Device_Library/Core/Src/usbd_ctlreq.c **** /**
  88:Middlewares/ST/STM32_USB_Device_Library/Core/Src/usbd_ctlreq.c ****   * @}
  89:Middlewares/ST/STM32_USB_Device_Library/Core/Src/usbd_ctlreq.c ****   */
  90:Middlewares/ST/STM32_USB_Device_Library/Core/Src/usbd_ctlreq.c **** 
  91:Middlewares/ST/STM32_USB_Device_Library/Core/Src/usbd_ctlreq.c **** 
  92:Middlewares/ST/STM32_USB_Device_Library/Core/Src/usbd_ctlreq.c **** /** @defgroup USBD_REQ_Private_Functions
  93:Middlewares/ST/STM32_USB_Device_Library/Core/Src/usbd_ctlreq.c ****   * @{
  94:Middlewares/ST/STM32_USB_Device_Library/Core/Src/usbd_ctlreq.c ****   */
ARM GAS  /tmp/ccajabsj.s 			page 12


  95:Middlewares/ST/STM32_USB_Device_Library/Core/Src/usbd_ctlreq.c **** 
  96:Middlewares/ST/STM32_USB_Device_Library/Core/Src/usbd_ctlreq.c **** 
  97:Middlewares/ST/STM32_USB_Device_Library/Core/Src/usbd_ctlreq.c **** /**
  98:Middlewares/ST/STM32_USB_Device_Library/Core/Src/usbd_ctlreq.c ****   * @brief  USBD_StdDevReq
  99:Middlewares/ST/STM32_USB_Device_Library/Core/Src/usbd_ctlreq.c ****   *         Handle standard usb device requests
 100:Middlewares/ST/STM32_USB_Device_Library/Core/Src/usbd_ctlreq.c ****   * @param  pdev: device instance
 101:Middlewares/ST/STM32_USB_Device_Library/Core/Src/usbd_ctlreq.c ****   * @param  req: usb request
 102:Middlewares/ST/STM32_USB_Device_Library/Core/Src/usbd_ctlreq.c ****   * @retval status
 103:Middlewares/ST/STM32_USB_Device_Library/Core/Src/usbd_ctlreq.c ****   */
 104:Middlewares/ST/STM32_USB_Device_Library/Core/Src/usbd_ctlreq.c **** USBD_StatusTypeDef USBD_StdDevReq(USBD_HandleTypeDef *pdev, USBD_SetupReqTypedef *req)
 105:Middlewares/ST/STM32_USB_Device_Library/Core/Src/usbd_ctlreq.c **** {
  99              		.loc 1 105 1
 100              		.cfi_startproc
 101              		@ args = 0, pretend = 0, frame = 16
 102              		@ frame_needed = 1, uses_anonymous_args = 0
 103 0000 80B5     		push	{r7, lr}
 104              	.LCFI6:
 105              		.cfi_def_cfa_offset 8
 106              		.cfi_offset 7, -8
 107              		.cfi_offset 14, -4
 108 0002 84B0     		sub	sp, sp, #16
 109              	.LCFI7:
 110              		.cfi_def_cfa_offset 24
 111 0004 00AF     		add	r7, sp, #0
 112              	.LCFI8:
 113              		.cfi_def_cfa_register 7
 114 0006 7860     		str	r0, [r7, #4]
 115 0008 3960     		str	r1, [r7]
 106:Middlewares/ST/STM32_USB_Device_Library/Core/Src/usbd_ctlreq.c ****   USBD_StatusTypeDef ret = USBD_OK;
 116              		.loc 1 106 22
 117 000a 0023     		movs	r3, #0
 118 000c FB73     		strb	r3, [r7, #15]
 107:Middlewares/ST/STM32_USB_Device_Library/Core/Src/usbd_ctlreq.c **** 
 108:Middlewares/ST/STM32_USB_Device_Library/Core/Src/usbd_ctlreq.c ****   switch (req->bmRequest & USB_REQ_TYPE_MASK)
 119              		.loc 1 108 14
 120 000e 3B68     		ldr	r3, [r7]
 121 0010 1B78     		ldrb	r3, [r3]	@ zero_extendqisi2
 122              		.loc 1 108 26
 123 0012 03F06003 		and	r3, r3, #96
 124              		.loc 1 108 3
 125 0016 402B     		cmp	r3, #64
 126 0018 05D0     		beq	.L4
 127 001a 402B     		cmp	r3, #64
 128 001c 57D8     		bhi	.L5
 129 001e 002B     		cmp	r3, #0
 130 0020 0FD0     		beq	.L6
 131 0022 202B     		cmp	r3, #32
 132 0024 53D1     		bne	.L5
 133              	.L4:
 109:Middlewares/ST/STM32_USB_Device_Library/Core/Src/usbd_ctlreq.c ****   {
 110:Middlewares/ST/STM32_USB_Device_Library/Core/Src/usbd_ctlreq.c ****     case USB_REQ_TYPE_CLASS:
 111:Middlewares/ST/STM32_USB_Device_Library/Core/Src/usbd_ctlreq.c ****     case USB_REQ_TYPE_VENDOR:
 112:Middlewares/ST/STM32_USB_Device_Library/Core/Src/usbd_ctlreq.c ****       ret = (USBD_StatusTypeDef)pdev->pClass[pdev->classId]->Setup(pdev, req);
 134              		.loc 1 112 50
 135 0026 7B68     		ldr	r3, [r7, #4]
 136 0028 D3F8D422 		ldr	r2, [r3, #724]
 137              		.loc 1 112 45
ARM GAS  /tmp/ccajabsj.s 			page 13


 138 002c 7B68     		ldr	r3, [r7, #4]
 139 002e AE32     		adds	r2, r2, #174
 140 0030 53F82230 		ldr	r3, [r3, r2, lsl #2]
 141              		.loc 1 112 60
 142 0034 9B68     		ldr	r3, [r3, #8]
 143              		.loc 1 112 33
 144 0036 3968     		ldr	r1, [r7]
 145 0038 7868     		ldr	r0, [r7, #4]
 146 003a 9847     		blx	r3
 147              	.LVL0:
 148 003c 0346     		mov	r3, r0
 149 003e FB73     		strb	r3, [r7, #15]
 113:Middlewares/ST/STM32_USB_Device_Library/Core/Src/usbd_ctlreq.c ****       break;
 150              		.loc 1 113 7
 151 0040 4AE0     		b	.L7
 152              	.L6:
 114:Middlewares/ST/STM32_USB_Device_Library/Core/Src/usbd_ctlreq.c **** 
 115:Middlewares/ST/STM32_USB_Device_Library/Core/Src/usbd_ctlreq.c ****     case USB_REQ_TYPE_STANDARD:
 116:Middlewares/ST/STM32_USB_Device_Library/Core/Src/usbd_ctlreq.c ****       switch (req->bRequest)
 153              		.loc 1 116 18
 154 0042 3B68     		ldr	r3, [r7]
 155 0044 5B78     		ldrb	r3, [r3, #1]	@ zero_extendqisi2
 156              		.loc 1 116 7
 157 0046 092B     		cmp	r3, #9
 158 0048 20D0     		beq	.L8
 159 004a 092B     		cmp	r3, #9
 160 004c 39DC     		bgt	.L9
 161 004e 082B     		cmp	r3, #8
 162 0050 23D0     		beq	.L10
 163 0052 082B     		cmp	r3, #8
 164 0054 35DC     		bgt	.L9
 165 0056 062B     		cmp	r3, #6
 166 0058 0ED0     		beq	.L11
 167 005a 062B     		cmp	r3, #6
 168 005c 31DC     		bgt	.L9
 169 005e 052B     		cmp	r3, #5
 170 0060 0FD0     		beq	.L12
 171 0062 052B     		cmp	r3, #5
 172 0064 2DDC     		bgt	.L9
 173 0066 032B     		cmp	r3, #3
 174 0068 21D0     		beq	.L13
 175 006a 032B     		cmp	r3, #3
 176 006c 29DC     		bgt	.L9
 177 006e 002B     		cmp	r3, #0
 178 0070 18D0     		beq	.L14
 179 0072 012B     		cmp	r3, #1
 180 0074 20D0     		beq	.L15
 181 0076 24E0     		b	.L9
 182              	.L11:
 117:Middlewares/ST/STM32_USB_Device_Library/Core/Src/usbd_ctlreq.c ****       {
 118:Middlewares/ST/STM32_USB_Device_Library/Core/Src/usbd_ctlreq.c ****         case USB_REQ_GET_DESCRIPTOR:
 119:Middlewares/ST/STM32_USB_Device_Library/Core/Src/usbd_ctlreq.c ****           USBD_GetDescriptor(pdev, req);
 183              		.loc 1 119 11
 184 0078 3968     		ldr	r1, [r7]
 185 007a 7868     		ldr	r0, [r7, #4]
 186 007c FFF7FEFF 		bl	USBD_GetDescriptor
 120:Middlewares/ST/STM32_USB_Device_Library/Core/Src/usbd_ctlreq.c ****           break;
ARM GAS  /tmp/ccajabsj.s 			page 14


 187              		.loc 1 120 11
 188 0080 24E0     		b	.L16
 189              	.L12:
 121:Middlewares/ST/STM32_USB_Device_Library/Core/Src/usbd_ctlreq.c **** 
 122:Middlewares/ST/STM32_USB_Device_Library/Core/Src/usbd_ctlreq.c ****         case USB_REQ_SET_ADDRESS:
 123:Middlewares/ST/STM32_USB_Device_Library/Core/Src/usbd_ctlreq.c ****           USBD_SetAddress(pdev, req);
 190              		.loc 1 123 11
 191 0082 3968     		ldr	r1, [r7]
 192 0084 7868     		ldr	r0, [r7, #4]
 193 0086 FFF7FEFF 		bl	USBD_SetAddress
 124:Middlewares/ST/STM32_USB_Device_Library/Core/Src/usbd_ctlreq.c ****           break;
 194              		.loc 1 124 11
 195 008a 1FE0     		b	.L16
 196              	.L8:
 125:Middlewares/ST/STM32_USB_Device_Library/Core/Src/usbd_ctlreq.c **** 
 126:Middlewares/ST/STM32_USB_Device_Library/Core/Src/usbd_ctlreq.c ****         case USB_REQ_SET_CONFIGURATION:
 127:Middlewares/ST/STM32_USB_Device_Library/Core/Src/usbd_ctlreq.c ****           ret = USBD_SetConfig(pdev, req);
 197              		.loc 1 127 17
 198 008c 3968     		ldr	r1, [r7]
 199 008e 7868     		ldr	r0, [r7, #4]
 200 0090 FFF7FEFF 		bl	USBD_SetConfig
 201 0094 0346     		mov	r3, r0
 202 0096 FB73     		strb	r3, [r7, #15]
 128:Middlewares/ST/STM32_USB_Device_Library/Core/Src/usbd_ctlreq.c ****           break;
 203              		.loc 1 128 11
 204 0098 18E0     		b	.L16
 205              	.L10:
 129:Middlewares/ST/STM32_USB_Device_Library/Core/Src/usbd_ctlreq.c **** 
 130:Middlewares/ST/STM32_USB_Device_Library/Core/Src/usbd_ctlreq.c ****         case USB_REQ_GET_CONFIGURATION:
 131:Middlewares/ST/STM32_USB_Device_Library/Core/Src/usbd_ctlreq.c ****           USBD_GetConfig(pdev, req);
 206              		.loc 1 131 11
 207 009a 3968     		ldr	r1, [r7]
 208 009c 7868     		ldr	r0, [r7, #4]
 209 009e FFF7FEFF 		bl	USBD_GetConfig
 132:Middlewares/ST/STM32_USB_Device_Library/Core/Src/usbd_ctlreq.c ****           break;
 210              		.loc 1 132 11
 211 00a2 13E0     		b	.L16
 212              	.L14:
 133:Middlewares/ST/STM32_USB_Device_Library/Core/Src/usbd_ctlreq.c **** 
 134:Middlewares/ST/STM32_USB_Device_Library/Core/Src/usbd_ctlreq.c ****         case USB_REQ_GET_STATUS:
 135:Middlewares/ST/STM32_USB_Device_Library/Core/Src/usbd_ctlreq.c ****           USBD_GetStatus(pdev, req);
 213              		.loc 1 135 11
 214 00a4 3968     		ldr	r1, [r7]
 215 00a6 7868     		ldr	r0, [r7, #4]
 216 00a8 FFF7FEFF 		bl	USBD_GetStatus
 136:Middlewares/ST/STM32_USB_Device_Library/Core/Src/usbd_ctlreq.c ****           break;
 217              		.loc 1 136 11
 218 00ac 0EE0     		b	.L16
 219              	.L13:
 137:Middlewares/ST/STM32_USB_Device_Library/Core/Src/usbd_ctlreq.c **** 
 138:Middlewares/ST/STM32_USB_Device_Library/Core/Src/usbd_ctlreq.c ****         case USB_REQ_SET_FEATURE:
 139:Middlewares/ST/STM32_USB_Device_Library/Core/Src/usbd_ctlreq.c ****           USBD_SetFeature(pdev, req);
 220              		.loc 1 139 11
 221 00ae 3968     		ldr	r1, [r7]
 222 00b0 7868     		ldr	r0, [r7, #4]
 223 00b2 FFF7FEFF 		bl	USBD_SetFeature
 140:Middlewares/ST/STM32_USB_Device_Library/Core/Src/usbd_ctlreq.c ****           break;
ARM GAS  /tmp/ccajabsj.s 			page 15


 224              		.loc 1 140 11
 225 00b6 09E0     		b	.L16
 226              	.L15:
 141:Middlewares/ST/STM32_USB_Device_Library/Core/Src/usbd_ctlreq.c **** 
 142:Middlewares/ST/STM32_USB_Device_Library/Core/Src/usbd_ctlreq.c ****         case USB_REQ_CLEAR_FEATURE:
 143:Middlewares/ST/STM32_USB_Device_Library/Core/Src/usbd_ctlreq.c ****           USBD_ClrFeature(pdev, req);
 227              		.loc 1 143 11
 228 00b8 3968     		ldr	r1, [r7]
 229 00ba 7868     		ldr	r0, [r7, #4]
 230 00bc FFF7FEFF 		bl	USBD_ClrFeature
 144:Middlewares/ST/STM32_USB_Device_Library/Core/Src/usbd_ctlreq.c ****           break;
 231              		.loc 1 144 11
 232 00c0 04E0     		b	.L16
 233              	.L9:
 145:Middlewares/ST/STM32_USB_Device_Library/Core/Src/usbd_ctlreq.c **** 
 146:Middlewares/ST/STM32_USB_Device_Library/Core/Src/usbd_ctlreq.c ****         default:
 147:Middlewares/ST/STM32_USB_Device_Library/Core/Src/usbd_ctlreq.c ****           USBD_CtlError(pdev, req);
 234              		.loc 1 147 11
 235 00c2 3968     		ldr	r1, [r7]
 236 00c4 7868     		ldr	r0, [r7, #4]
 237 00c6 FFF7FEFF 		bl	USBD_CtlError
 148:Middlewares/ST/STM32_USB_Device_Library/Core/Src/usbd_ctlreq.c ****           break;
 238              		.loc 1 148 11
 239 00ca 00BF     		nop
 240              	.L16:
 149:Middlewares/ST/STM32_USB_Device_Library/Core/Src/usbd_ctlreq.c ****       }
 150:Middlewares/ST/STM32_USB_Device_Library/Core/Src/usbd_ctlreq.c ****       break;
 241              		.loc 1 150 7
 242 00cc 04E0     		b	.L7
 243              	.L5:
 151:Middlewares/ST/STM32_USB_Device_Library/Core/Src/usbd_ctlreq.c **** 
 152:Middlewares/ST/STM32_USB_Device_Library/Core/Src/usbd_ctlreq.c ****     default:
 153:Middlewares/ST/STM32_USB_Device_Library/Core/Src/usbd_ctlreq.c ****       USBD_CtlError(pdev, req);
 244              		.loc 1 153 7
 245 00ce 3968     		ldr	r1, [r7]
 246 00d0 7868     		ldr	r0, [r7, #4]
 247 00d2 FFF7FEFF 		bl	USBD_CtlError
 154:Middlewares/ST/STM32_USB_Device_Library/Core/Src/usbd_ctlreq.c ****       break;
 248              		.loc 1 154 7
 249 00d6 00BF     		nop
 250              	.L7:
 155:Middlewares/ST/STM32_USB_Device_Library/Core/Src/usbd_ctlreq.c ****   }
 156:Middlewares/ST/STM32_USB_Device_Library/Core/Src/usbd_ctlreq.c **** 
 157:Middlewares/ST/STM32_USB_Device_Library/Core/Src/usbd_ctlreq.c ****   return ret;
 251              		.loc 1 157 10
 252 00d8 FB7B     		ldrb	r3, [r7, #15]	@ zero_extendqisi2
 158:Middlewares/ST/STM32_USB_Device_Library/Core/Src/usbd_ctlreq.c **** }
 253              		.loc 1 158 1
 254 00da 1846     		mov	r0, r3
 255 00dc 1037     		adds	r7, r7, #16
 256              	.LCFI9:
 257              		.cfi_def_cfa_offset 8
 258 00de BD46     		mov	sp, r7
 259              	.LCFI10:
 260              		.cfi_def_cfa_register 13
 261              		@ sp needed
 262 00e0 80BD     		pop	{r7, pc}
ARM GAS  /tmp/ccajabsj.s 			page 16


 263              		.cfi_endproc
 264              	.LFE224:
 266              		.section	.text.USBD_StdItfReq,"ax",%progbits
 267              		.align	1
 268              		.global	USBD_StdItfReq
 269              		.syntax unified
 270              		.thumb
 271              		.thumb_func
 273              	USBD_StdItfReq:
 274              	.LFB225:
 159:Middlewares/ST/STM32_USB_Device_Library/Core/Src/usbd_ctlreq.c **** 
 160:Middlewares/ST/STM32_USB_Device_Library/Core/Src/usbd_ctlreq.c **** /**
 161:Middlewares/ST/STM32_USB_Device_Library/Core/Src/usbd_ctlreq.c ****   * @brief  USBD_StdItfReq
 162:Middlewares/ST/STM32_USB_Device_Library/Core/Src/usbd_ctlreq.c ****   *         Handle standard usb interface requests
 163:Middlewares/ST/STM32_USB_Device_Library/Core/Src/usbd_ctlreq.c ****   * @param  pdev: device instance
 164:Middlewares/ST/STM32_USB_Device_Library/Core/Src/usbd_ctlreq.c ****   * @param  req: usb request
 165:Middlewares/ST/STM32_USB_Device_Library/Core/Src/usbd_ctlreq.c ****   * @retval status
 166:Middlewares/ST/STM32_USB_Device_Library/Core/Src/usbd_ctlreq.c ****   */
 167:Middlewares/ST/STM32_USB_Device_Library/Core/Src/usbd_ctlreq.c **** USBD_StatusTypeDef USBD_StdItfReq(USBD_HandleTypeDef *pdev, USBD_SetupReqTypedef *req)
 168:Middlewares/ST/STM32_USB_Device_Library/Core/Src/usbd_ctlreq.c **** {
 275              		.loc 1 168 1
 276              		.cfi_startproc
 277              		@ args = 0, pretend = 0, frame = 16
 278              		@ frame_needed = 1, uses_anonymous_args = 0
 279 0000 80B5     		push	{r7, lr}
 280              	.LCFI11:
 281              		.cfi_def_cfa_offset 8
 282              		.cfi_offset 7, -8
 283              		.cfi_offset 14, -4
 284 0002 84B0     		sub	sp, sp, #16
 285              	.LCFI12:
 286              		.cfi_def_cfa_offset 24
 287 0004 00AF     		add	r7, sp, #0
 288              	.LCFI13:
 289              		.cfi_def_cfa_register 7
 290 0006 7860     		str	r0, [r7, #4]
 291 0008 3960     		str	r1, [r7]
 169:Middlewares/ST/STM32_USB_Device_Library/Core/Src/usbd_ctlreq.c ****   USBD_StatusTypeDef ret = USBD_OK;
 292              		.loc 1 169 22
 293 000a 0023     		movs	r3, #0
 294 000c FB73     		strb	r3, [r7, #15]
 170:Middlewares/ST/STM32_USB_Device_Library/Core/Src/usbd_ctlreq.c ****   uint8_t idx;
 171:Middlewares/ST/STM32_USB_Device_Library/Core/Src/usbd_ctlreq.c **** 
 172:Middlewares/ST/STM32_USB_Device_Library/Core/Src/usbd_ctlreq.c ****   switch (req->bmRequest & USB_REQ_TYPE_MASK)
 295              		.loc 1 172 14
 296 000e 3B68     		ldr	r3, [r7]
 297 0010 1B78     		ldrb	r3, [r3]	@ zero_extendqisi2
 298              		.loc 1 172 26
 299 0012 03F06003 		and	r3, r3, #96
 300              		.loc 1 172 3
 301 0016 402B     		cmp	r3, #64
 302 0018 05D0     		beq	.L19
 303 001a 402B     		cmp	r3, #64
 304 001c 52D8     		bhi	.L20
 305 001e 002B     		cmp	r3, #0
 306 0020 01D0     		beq	.L19
 307 0022 202B     		cmp	r3, #32
ARM GAS  /tmp/ccajabsj.s 			page 17


 308 0024 4ED1     		bne	.L20
 309              	.L19:
 173:Middlewares/ST/STM32_USB_Device_Library/Core/Src/usbd_ctlreq.c ****   {
 174:Middlewares/ST/STM32_USB_Device_Library/Core/Src/usbd_ctlreq.c ****     case USB_REQ_TYPE_CLASS:
 175:Middlewares/ST/STM32_USB_Device_Library/Core/Src/usbd_ctlreq.c ****     case USB_REQ_TYPE_VENDOR:
 176:Middlewares/ST/STM32_USB_Device_Library/Core/Src/usbd_ctlreq.c ****     case USB_REQ_TYPE_STANDARD:
 177:Middlewares/ST/STM32_USB_Device_Library/Core/Src/usbd_ctlreq.c ****       switch (pdev->dev_state)
 310              		.loc 1 177 19
 311 0026 7B68     		ldr	r3, [r7, #4]
 312 0028 93F89C32 		ldrb	r3, [r3, #668]
 313 002c DBB2     		uxtb	r3, r3
 314 002e 013B     		subs	r3, r3, #1
 315              		.loc 1 177 7
 316 0030 022B     		cmp	r3, #2
 317 0032 40D8     		bhi	.L21
 178:Middlewares/ST/STM32_USB_Device_Library/Core/Src/usbd_ctlreq.c ****       {
 179:Middlewares/ST/STM32_USB_Device_Library/Core/Src/usbd_ctlreq.c ****         case USBD_STATE_DEFAULT:
 180:Middlewares/ST/STM32_USB_Device_Library/Core/Src/usbd_ctlreq.c ****         case USBD_STATE_ADDRESSED:
 181:Middlewares/ST/STM32_USB_Device_Library/Core/Src/usbd_ctlreq.c ****         case USBD_STATE_CONFIGURED:
 182:Middlewares/ST/STM32_USB_Device_Library/Core/Src/usbd_ctlreq.c **** 
 183:Middlewares/ST/STM32_USB_Device_Library/Core/Src/usbd_ctlreq.c ****           if (LOBYTE(req->wIndex) <= USBD_MAX_NUM_INTERFACES)
 318              		.loc 1 183 15
 319 0034 3B68     		ldr	r3, [r7]
 320 0036 9B88     		ldrh	r3, [r3, #4]
 321 0038 DBB2     		uxtb	r3, r3
 322              		.loc 1 183 14
 323 003a 012B     		cmp	r3, #1
 324 003c 36D8     		bhi	.L22
 184:Middlewares/ST/STM32_USB_Device_Library/Core/Src/usbd_ctlreq.c ****           {
 185:Middlewares/ST/STM32_USB_Device_Library/Core/Src/usbd_ctlreq.c ****             /* Get the class index relative to this interface */
 186:Middlewares/ST/STM32_USB_Device_Library/Core/Src/usbd_ctlreq.c ****             idx = USBD_CoreFindIF(pdev, LOBYTE(req->wIndex));
 325              		.loc 1 186 41
 326 003e 3B68     		ldr	r3, [r7]
 327 0040 9B88     		ldrh	r3, [r3, #4]
 328              		.loc 1 186 19
 329 0042 DBB2     		uxtb	r3, r3
 330 0044 1946     		mov	r1, r3
 331 0046 7868     		ldr	r0, [r7, #4]
 332 0048 FFF7FEFF 		bl	USBD_CoreFindIF
 333 004c 0346     		mov	r3, r0
 334 004e BB73     		strb	r3, [r7, #14]
 187:Middlewares/ST/STM32_USB_Device_Library/Core/Src/usbd_ctlreq.c ****             if (((uint8_t)idx != 0xFFU) && (idx < USBD_MAX_SUPPORTED_CLASS))
 335              		.loc 1 187 16
 336 0050 BB7B     		ldrb	r3, [r7, #14]	@ zero_extendqisi2
 337 0052 FF2B     		cmp	r3, #255
 338 0054 1DD0     		beq	.L23
 339              		.loc 1 187 41 discriminator 1
 340 0056 BB7B     		ldrb	r3, [r7, #14]	@ zero_extendqisi2
 341 0058 002B     		cmp	r3, #0
 342 005a 1AD1     		bne	.L23
 188:Middlewares/ST/STM32_USB_Device_Library/Core/Src/usbd_ctlreq.c ****             {
 189:Middlewares/ST/STM32_USB_Device_Library/Core/Src/usbd_ctlreq.c ****               /* Call the class data out function to manage the request */
 190:Middlewares/ST/STM32_USB_Device_Library/Core/Src/usbd_ctlreq.c ****               if (pdev->pClass[idx]->Setup != NULL)
 343              		.loc 1 190 31
 344 005c BA7B     		ldrb	r2, [r7, #14]	@ zero_extendqisi2
 345 005e 7B68     		ldr	r3, [r7, #4]
 346 0060 AE32     		adds	r2, r2, #174
ARM GAS  /tmp/ccajabsj.s 			page 18


 347 0062 53F82230 		ldr	r3, [r3, r2, lsl #2]
 348              		.loc 1 190 36
 349 0066 9B68     		ldr	r3, [r3, #8]
 350              		.loc 1 190 18
 351 0068 002B     		cmp	r3, #0
 352 006a 0FD0     		beq	.L24
 191:Middlewares/ST/STM32_USB_Device_Library/Core/Src/usbd_ctlreq.c ****               {
 192:Middlewares/ST/STM32_USB_Device_Library/Core/Src/usbd_ctlreq.c ****                 pdev->classId = idx;
 353              		.loc 1 192 31
 354 006c BA7B     		ldrb	r2, [r7, #14]	@ zero_extendqisi2
 355 006e 7B68     		ldr	r3, [r7, #4]
 356 0070 C3F8D422 		str	r2, [r3, #724]
 193:Middlewares/ST/STM32_USB_Device_Library/Core/Src/usbd_ctlreq.c ****                 ret = (USBD_StatusTypeDef)(pdev->pClass[idx]->Setup(pdev, req));
 357              		.loc 1 193 56
 358 0074 BA7B     		ldrb	r2, [r7, #14]	@ zero_extendqisi2
 359 0076 7B68     		ldr	r3, [r7, #4]
 360 0078 AE32     		adds	r2, r2, #174
 361 007a 53F82230 		ldr	r3, [r3, r2, lsl #2]
 362              		.loc 1 193 61
 363 007e 9B68     		ldr	r3, [r3, #8]
 364              		.loc 1 193 44
 365 0080 3968     		ldr	r1, [r7]
 366 0082 7868     		ldr	r0, [r7, #4]
 367 0084 9847     		blx	r3
 368              	.LVL1:
 369 0086 0346     		mov	r3, r0
 370 0088 FB73     		strb	r3, [r7, #15]
 190:Middlewares/ST/STM32_USB_Device_Library/Core/Src/usbd_ctlreq.c ****               {
 371              		.loc 1 190 18
 372 008a 04E0     		b	.L26
 373              	.L24:
 194:Middlewares/ST/STM32_USB_Device_Library/Core/Src/usbd_ctlreq.c ****               }
 195:Middlewares/ST/STM32_USB_Device_Library/Core/Src/usbd_ctlreq.c ****               else
 196:Middlewares/ST/STM32_USB_Device_Library/Core/Src/usbd_ctlreq.c ****               {
 197:Middlewares/ST/STM32_USB_Device_Library/Core/Src/usbd_ctlreq.c ****                 /* should never reach this condition */
 198:Middlewares/ST/STM32_USB_Device_Library/Core/Src/usbd_ctlreq.c ****                 ret = USBD_FAIL;
 374              		.loc 1 198 21
 375 008c 0323     		movs	r3, #3
 376 008e FB73     		strb	r3, [r7, #15]
 190:Middlewares/ST/STM32_USB_Device_Library/Core/Src/usbd_ctlreq.c ****               {
 377              		.loc 1 190 18
 378 0090 01E0     		b	.L26
 379              	.L23:
 199:Middlewares/ST/STM32_USB_Device_Library/Core/Src/usbd_ctlreq.c ****               }
 200:Middlewares/ST/STM32_USB_Device_Library/Core/Src/usbd_ctlreq.c ****             }
 201:Middlewares/ST/STM32_USB_Device_Library/Core/Src/usbd_ctlreq.c ****             else
 202:Middlewares/ST/STM32_USB_Device_Library/Core/Src/usbd_ctlreq.c ****             {
 203:Middlewares/ST/STM32_USB_Device_Library/Core/Src/usbd_ctlreq.c ****               /* No relative interface found */
 204:Middlewares/ST/STM32_USB_Device_Library/Core/Src/usbd_ctlreq.c ****               ret = USBD_FAIL;
 380              		.loc 1 204 19
 381 0092 0323     		movs	r3, #3
 382 0094 FB73     		strb	r3, [r7, #15]
 383              	.L26:
 205:Middlewares/ST/STM32_USB_Device_Library/Core/Src/usbd_ctlreq.c ****             }
 206:Middlewares/ST/STM32_USB_Device_Library/Core/Src/usbd_ctlreq.c **** 
 207:Middlewares/ST/STM32_USB_Device_Library/Core/Src/usbd_ctlreq.c ****             if ((req->wLength == 0U) && (ret == USBD_OK))
 384              		.loc 1 207 21
ARM GAS  /tmp/ccajabsj.s 			page 19


 385 0096 3B68     		ldr	r3, [r7]
 386 0098 DB88     		ldrh	r3, [r3, #6]
 387              		.loc 1 207 16
 388 009a 002B     		cmp	r3, #0
 389 009c 10D1     		bne	.L31
 390              		.loc 1 207 38 discriminator 1
 391 009e FB7B     		ldrb	r3, [r7, #15]	@ zero_extendqisi2
 392 00a0 002B     		cmp	r3, #0
 393 00a2 0DD1     		bne	.L31
 208:Middlewares/ST/STM32_USB_Device_Library/Core/Src/usbd_ctlreq.c ****             {
 209:Middlewares/ST/STM32_USB_Device_Library/Core/Src/usbd_ctlreq.c ****               (void)USBD_CtlSendStatus(pdev);
 394              		.loc 1 209 21
 395 00a4 7868     		ldr	r0, [r7, #4]
 396 00a6 FFF7FEFF 		bl	USBD_CtlSendStatus
 210:Middlewares/ST/STM32_USB_Device_Library/Core/Src/usbd_ctlreq.c ****             }
 211:Middlewares/ST/STM32_USB_Device_Library/Core/Src/usbd_ctlreq.c ****           }
 212:Middlewares/ST/STM32_USB_Device_Library/Core/Src/usbd_ctlreq.c ****           else
 213:Middlewares/ST/STM32_USB_Device_Library/Core/Src/usbd_ctlreq.c ****           {
 214:Middlewares/ST/STM32_USB_Device_Library/Core/Src/usbd_ctlreq.c ****             USBD_CtlError(pdev, req);
 215:Middlewares/ST/STM32_USB_Device_Library/Core/Src/usbd_ctlreq.c ****           }
 216:Middlewares/ST/STM32_USB_Device_Library/Core/Src/usbd_ctlreq.c ****           break;
 397              		.loc 1 216 11
 398 00aa 09E0     		b	.L31
 399              	.L22:
 214:Middlewares/ST/STM32_USB_Device_Library/Core/Src/usbd_ctlreq.c ****           }
 400              		.loc 1 214 13
 401 00ac 3968     		ldr	r1, [r7]
 402 00ae 7868     		ldr	r0, [r7, #4]
 403 00b0 FFF7FEFF 		bl	USBD_CtlError
 404              		.loc 1 216 11
 405 00b4 04E0     		b	.L31
 406              	.L21:
 217:Middlewares/ST/STM32_USB_Device_Library/Core/Src/usbd_ctlreq.c **** 
 218:Middlewares/ST/STM32_USB_Device_Library/Core/Src/usbd_ctlreq.c ****         default:
 219:Middlewares/ST/STM32_USB_Device_Library/Core/Src/usbd_ctlreq.c ****           USBD_CtlError(pdev, req);
 407              		.loc 1 219 11
 408 00b6 3968     		ldr	r1, [r7]
 409 00b8 7868     		ldr	r0, [r7, #4]
 410 00ba FFF7FEFF 		bl	USBD_CtlError
 220:Middlewares/ST/STM32_USB_Device_Library/Core/Src/usbd_ctlreq.c ****           break;
 411              		.loc 1 220 11
 412 00be 00E0     		b	.L28
 413              	.L31:
 216:Middlewares/ST/STM32_USB_Device_Library/Core/Src/usbd_ctlreq.c **** 
 414              		.loc 1 216 11
 415 00c0 00BF     		nop
 416              	.L28:
 221:Middlewares/ST/STM32_USB_Device_Library/Core/Src/usbd_ctlreq.c ****       }
 222:Middlewares/ST/STM32_USB_Device_Library/Core/Src/usbd_ctlreq.c ****       break;
 417              		.loc 1 222 7
 418 00c2 04E0     		b	.L29
 419              	.L20:
 223:Middlewares/ST/STM32_USB_Device_Library/Core/Src/usbd_ctlreq.c **** 
 224:Middlewares/ST/STM32_USB_Device_Library/Core/Src/usbd_ctlreq.c ****     default:
 225:Middlewares/ST/STM32_USB_Device_Library/Core/Src/usbd_ctlreq.c ****       USBD_CtlError(pdev, req);
 420              		.loc 1 225 7
 421 00c4 3968     		ldr	r1, [r7]
ARM GAS  /tmp/ccajabsj.s 			page 20


 422 00c6 7868     		ldr	r0, [r7, #4]
 423 00c8 FFF7FEFF 		bl	USBD_CtlError
 226:Middlewares/ST/STM32_USB_Device_Library/Core/Src/usbd_ctlreq.c ****       break;
 424              		.loc 1 226 7
 425 00cc 00BF     		nop
 426              	.L29:
 227:Middlewares/ST/STM32_USB_Device_Library/Core/Src/usbd_ctlreq.c ****   }
 228:Middlewares/ST/STM32_USB_Device_Library/Core/Src/usbd_ctlreq.c **** 
 229:Middlewares/ST/STM32_USB_Device_Library/Core/Src/usbd_ctlreq.c ****   return ret;
 427              		.loc 1 229 10
 428 00ce FB7B     		ldrb	r3, [r7, #15]	@ zero_extendqisi2
 230:Middlewares/ST/STM32_USB_Device_Library/Core/Src/usbd_ctlreq.c **** }
 429              		.loc 1 230 1
 430 00d0 1846     		mov	r0, r3
 431 00d2 1037     		adds	r7, r7, #16
 432              	.LCFI14:
 433              		.cfi_def_cfa_offset 8
 434 00d4 BD46     		mov	sp, r7
 435              	.LCFI15:
 436              		.cfi_def_cfa_register 13
 437              		@ sp needed
 438 00d6 80BD     		pop	{r7, pc}
 439              		.cfi_endproc
 440              	.LFE225:
 442              		.section	.text.USBD_StdEPReq,"ax",%progbits
 443              		.align	1
 444              		.global	USBD_StdEPReq
 445              		.syntax unified
 446              		.thumb
 447              		.thumb_func
 449              	USBD_StdEPReq:
 450              	.LFB226:
 231:Middlewares/ST/STM32_USB_Device_Library/Core/Src/usbd_ctlreq.c **** 
 232:Middlewares/ST/STM32_USB_Device_Library/Core/Src/usbd_ctlreq.c **** /**
 233:Middlewares/ST/STM32_USB_Device_Library/Core/Src/usbd_ctlreq.c ****   * @brief  USBD_StdEPReq
 234:Middlewares/ST/STM32_USB_Device_Library/Core/Src/usbd_ctlreq.c ****   *         Handle standard usb endpoint requests
 235:Middlewares/ST/STM32_USB_Device_Library/Core/Src/usbd_ctlreq.c ****   * @param  pdev: device instance
 236:Middlewares/ST/STM32_USB_Device_Library/Core/Src/usbd_ctlreq.c ****   * @param  req: usb request
 237:Middlewares/ST/STM32_USB_Device_Library/Core/Src/usbd_ctlreq.c ****   * @retval status
 238:Middlewares/ST/STM32_USB_Device_Library/Core/Src/usbd_ctlreq.c ****   */
 239:Middlewares/ST/STM32_USB_Device_Library/Core/Src/usbd_ctlreq.c **** USBD_StatusTypeDef USBD_StdEPReq(USBD_HandleTypeDef *pdev, USBD_SetupReqTypedef *req)
 240:Middlewares/ST/STM32_USB_Device_Library/Core/Src/usbd_ctlreq.c **** {
 451              		.loc 1 240 1
 452              		.cfi_startproc
 453              		@ args = 0, pretend = 0, frame = 16
 454              		@ frame_needed = 1, uses_anonymous_args = 0
 455 0000 80B5     		push	{r7, lr}
 456              	.LCFI16:
 457              		.cfi_def_cfa_offset 8
 458              		.cfi_offset 7, -8
 459              		.cfi_offset 14, -4
 460 0002 84B0     		sub	sp, sp, #16
 461              	.LCFI17:
 462              		.cfi_def_cfa_offset 24
 463 0004 00AF     		add	r7, sp, #0
 464              	.LCFI18:
 465              		.cfi_def_cfa_register 7
ARM GAS  /tmp/ccajabsj.s 			page 21


 466 0006 7860     		str	r0, [r7, #4]
 467 0008 3960     		str	r1, [r7]
 241:Middlewares/ST/STM32_USB_Device_Library/Core/Src/usbd_ctlreq.c ****   USBD_EndpointTypeDef *pep;
 242:Middlewares/ST/STM32_USB_Device_Library/Core/Src/usbd_ctlreq.c ****   uint8_t ep_addr;
 243:Middlewares/ST/STM32_USB_Device_Library/Core/Src/usbd_ctlreq.c ****   uint8_t idx;
 244:Middlewares/ST/STM32_USB_Device_Library/Core/Src/usbd_ctlreq.c ****   USBD_StatusTypeDef ret = USBD_OK;
 468              		.loc 1 244 22
 469 000a 0023     		movs	r3, #0
 470 000c FB72     		strb	r3, [r7, #11]
 245:Middlewares/ST/STM32_USB_Device_Library/Core/Src/usbd_ctlreq.c **** 
 246:Middlewares/ST/STM32_USB_Device_Library/Core/Src/usbd_ctlreq.c ****   ep_addr = LOBYTE(req->wIndex);
 471              		.loc 1 246 13
 472 000e 3B68     		ldr	r3, [r7]
 473 0010 9B88     		ldrh	r3, [r3, #4]
 474              		.loc 1 246 11
 475 0012 BB72     		strb	r3, [r7, #10]
 247:Middlewares/ST/STM32_USB_Device_Library/Core/Src/usbd_ctlreq.c **** 
 248:Middlewares/ST/STM32_USB_Device_Library/Core/Src/usbd_ctlreq.c ****   switch (req->bmRequest & USB_REQ_TYPE_MASK)
 476              		.loc 1 248 14
 477 0014 3B68     		ldr	r3, [r7]
 478 0016 1B78     		ldrb	r3, [r3]	@ zero_extendqisi2
 479              		.loc 1 248 26
 480 0018 03F06003 		and	r3, r3, #96
 481              		.loc 1 248 3
 482 001c 402B     		cmp	r3, #64
 483 001e 07D0     		beq	.L33
 484 0020 402B     		cmp	r3, #64
 485 0022 00F28181 		bhi	.L34
 486 0026 002B     		cmp	r3, #0
 487 0028 2AD0     		beq	.L35
 488 002a 202B     		cmp	r3, #32
 489 002c 40F07C81 		bne	.L34
 490              	.L33:
 249:Middlewares/ST/STM32_USB_Device_Library/Core/Src/usbd_ctlreq.c ****   {
 250:Middlewares/ST/STM32_USB_Device_Library/Core/Src/usbd_ctlreq.c ****     case USB_REQ_TYPE_CLASS:
 251:Middlewares/ST/STM32_USB_Device_Library/Core/Src/usbd_ctlreq.c ****     case USB_REQ_TYPE_VENDOR:
 252:Middlewares/ST/STM32_USB_Device_Library/Core/Src/usbd_ctlreq.c ****       /* Get the class index relative to this endpoint */
 253:Middlewares/ST/STM32_USB_Device_Library/Core/Src/usbd_ctlreq.c ****       idx = USBD_CoreFindEP(pdev, ep_addr);
 491              		.loc 1 253 13
 492 0030 BB7A     		ldrb	r3, [r7, #10]	@ zero_extendqisi2
 493 0032 1946     		mov	r1, r3
 494 0034 7868     		ldr	r0, [r7, #4]
 495 0036 FFF7FEFF 		bl	USBD_CoreFindEP
 496 003a 0346     		mov	r3, r0
 497 003c 7B72     		strb	r3, [r7, #9]
 254:Middlewares/ST/STM32_USB_Device_Library/Core/Src/usbd_ctlreq.c ****       if (((uint8_t)idx != 0xFFU) && (idx < USBD_MAX_SUPPORTED_CLASS))
 498              		.loc 1 254 10
 499 003e 7B7A     		ldrb	r3, [r7, #9]	@ zero_extendqisi2
 500 0040 FF2B     		cmp	r3, #255
 501 0042 00F07681 		beq	.L77
 502              		.loc 1 254 35 discriminator 1
 503 0046 7B7A     		ldrb	r3, [r7, #9]	@ zero_extendqisi2
 504 0048 002B     		cmp	r3, #0
 505 004a 40F07281 		bne	.L77
 255:Middlewares/ST/STM32_USB_Device_Library/Core/Src/usbd_ctlreq.c ****       {
 256:Middlewares/ST/STM32_USB_Device_Library/Core/Src/usbd_ctlreq.c ****         pdev->classId = idx;
 506              		.loc 1 256 23
ARM GAS  /tmp/ccajabsj.s 			page 22


 507 004e 7A7A     		ldrb	r2, [r7, #9]	@ zero_extendqisi2
 508 0050 7B68     		ldr	r3, [r7, #4]
 509 0052 C3F8D422 		str	r2, [r3, #724]
 257:Middlewares/ST/STM32_USB_Device_Library/Core/Src/usbd_ctlreq.c ****         /* Call the class data out function to manage the request */
 258:Middlewares/ST/STM32_USB_Device_Library/Core/Src/usbd_ctlreq.c ****         if (pdev->pClass[idx]->Setup != NULL)
 510              		.loc 1 258 25
 511 0056 7A7A     		ldrb	r2, [r7, #9]	@ zero_extendqisi2
 512 0058 7B68     		ldr	r3, [r7, #4]
 513 005a AE32     		adds	r2, r2, #174
 514 005c 53F82230 		ldr	r3, [r3, r2, lsl #2]
 515              		.loc 1 258 30
 516 0060 9B68     		ldr	r3, [r3, #8]
 517              		.loc 1 258 12
 518 0062 002B     		cmp	r3, #0
 519 0064 00F06581 		beq	.L77
 259:Middlewares/ST/STM32_USB_Device_Library/Core/Src/usbd_ctlreq.c ****         {
 260:Middlewares/ST/STM32_USB_Device_Library/Core/Src/usbd_ctlreq.c ****           ret = (USBD_StatusTypeDef)pdev->pClass[idx]->Setup(pdev, req);
 520              		.loc 1 260 49
 521 0068 7A7A     		ldrb	r2, [r7, #9]	@ zero_extendqisi2
 522 006a 7B68     		ldr	r3, [r7, #4]
 523 006c AE32     		adds	r2, r2, #174
 524 006e 53F82230 		ldr	r3, [r3, r2, lsl #2]
 525              		.loc 1 260 54
 526 0072 9B68     		ldr	r3, [r3, #8]
 527              		.loc 1 260 37
 528 0074 3968     		ldr	r1, [r7]
 529 0076 7868     		ldr	r0, [r7, #4]
 530 0078 9847     		blx	r3
 531              	.LVL2:
 532 007a 0346     		mov	r3, r0
 533 007c FB72     		strb	r3, [r7, #11]
 261:Middlewares/ST/STM32_USB_Device_Library/Core/Src/usbd_ctlreq.c ****         }
 262:Middlewares/ST/STM32_USB_Device_Library/Core/Src/usbd_ctlreq.c ****       }
 263:Middlewares/ST/STM32_USB_Device_Library/Core/Src/usbd_ctlreq.c ****       break;
 534              		.loc 1 263 7
 535 007e 58E1     		b	.L77
 536              	.L35:
 264:Middlewares/ST/STM32_USB_Device_Library/Core/Src/usbd_ctlreq.c **** 
 265:Middlewares/ST/STM32_USB_Device_Library/Core/Src/usbd_ctlreq.c ****     case USB_REQ_TYPE_STANDARD:
 266:Middlewares/ST/STM32_USB_Device_Library/Core/Src/usbd_ctlreq.c ****       switch (req->bRequest)
 537              		.loc 1 266 18
 538 0080 3B68     		ldr	r3, [r7]
 539 0082 5B78     		ldrb	r3, [r3, #1]	@ zero_extendqisi2
 540              		.loc 1 266 7
 541 0084 032B     		cmp	r3, #3
 542 0086 08D0     		beq	.L38
 543 0088 032B     		cmp	r3, #3
 544 008a 00F34781 		bgt	.L39
 545 008e 002B     		cmp	r3, #0
 546 0090 00F09B80 		beq	.L40
 547 0094 012B     		cmp	r3, #1
 548 0096 3CD0     		beq	.L41
 549 0098 40E1     		b	.L39
 550              	.L38:
 267:Middlewares/ST/STM32_USB_Device_Library/Core/Src/usbd_ctlreq.c ****       {
 268:Middlewares/ST/STM32_USB_Device_Library/Core/Src/usbd_ctlreq.c ****         case USB_REQ_SET_FEATURE:
 269:Middlewares/ST/STM32_USB_Device_Library/Core/Src/usbd_ctlreq.c ****           switch (pdev->dev_state)
ARM GAS  /tmp/ccajabsj.s 			page 23


 551              		.loc 1 269 23
 552 009a 7B68     		ldr	r3, [r7, #4]
 553 009c 93F89C32 		ldrb	r3, [r3, #668]
 554 00a0 DBB2     		uxtb	r3, r3
 555              		.loc 1 269 11
 556 00a2 022B     		cmp	r3, #2
 557 00a4 02D0     		beq	.L42
 558 00a6 032B     		cmp	r3, #3
 559 00a8 16D0     		beq	.L43
 560 00aa 2CE0     		b	.L74
 561              	.L42:
 270:Middlewares/ST/STM32_USB_Device_Library/Core/Src/usbd_ctlreq.c ****           {
 271:Middlewares/ST/STM32_USB_Device_Library/Core/Src/usbd_ctlreq.c ****             case USBD_STATE_ADDRESSED:
 272:Middlewares/ST/STM32_USB_Device_Library/Core/Src/usbd_ctlreq.c ****               if ((ep_addr != 0x00U) && (ep_addr != 0x80U))
 562              		.loc 1 272 18
 563 00ac BB7A     		ldrb	r3, [r7, #10]	@ zero_extendqisi2
 564 00ae 002B     		cmp	r3, #0
 565 00b0 0DD0     		beq	.L45
 566              		.loc 1 272 38 discriminator 1
 567 00b2 BB7A     		ldrb	r3, [r7, #10]	@ zero_extendqisi2
 568 00b4 802B     		cmp	r3, #128
 569 00b6 0AD0     		beq	.L45
 273:Middlewares/ST/STM32_USB_Device_Library/Core/Src/usbd_ctlreq.c ****               {
 274:Middlewares/ST/STM32_USB_Device_Library/Core/Src/usbd_ctlreq.c ****                 (void)USBD_LL_StallEP(pdev, ep_addr);
 570              		.loc 1 274 23
 571 00b8 BB7A     		ldrb	r3, [r7, #10]	@ zero_extendqisi2
 572 00ba 1946     		mov	r1, r3
 573 00bc 7868     		ldr	r0, [r7, #4]
 574 00be FFF7FEFF 		bl	USBD_LL_StallEP
 275:Middlewares/ST/STM32_USB_Device_Library/Core/Src/usbd_ctlreq.c ****                 (void)USBD_LL_StallEP(pdev, 0x80U);
 575              		.loc 1 275 23
 576 00c2 8021     		movs	r1, #128
 577 00c4 7868     		ldr	r0, [r7, #4]
 578 00c6 FFF7FEFF 		bl	USBD_LL_StallEP
 579              		.loc 1 275 17
 580 00ca 00BF     		nop
 276:Middlewares/ST/STM32_USB_Device_Library/Core/Src/usbd_ctlreq.c ****               }
 277:Middlewares/ST/STM32_USB_Device_Library/Core/Src/usbd_ctlreq.c ****               else
 278:Middlewares/ST/STM32_USB_Device_Library/Core/Src/usbd_ctlreq.c ****               {
 279:Middlewares/ST/STM32_USB_Device_Library/Core/Src/usbd_ctlreq.c ****                 USBD_CtlError(pdev, req);
 280:Middlewares/ST/STM32_USB_Device_Library/Core/Src/usbd_ctlreq.c ****               }
 281:Middlewares/ST/STM32_USB_Device_Library/Core/Src/usbd_ctlreq.c ****               break;
 581              		.loc 1 281 15
 582 00cc 20E0     		b	.L47
 583              	.L45:
 279:Middlewares/ST/STM32_USB_Device_Library/Core/Src/usbd_ctlreq.c ****               }
 584              		.loc 1 279 17
 585 00ce 3968     		ldr	r1, [r7]
 586 00d0 7868     		ldr	r0, [r7, #4]
 587 00d2 FFF7FEFF 		bl	USBD_CtlError
 588              		.loc 1 281 15
 589 00d6 1BE0     		b	.L47
 590              	.L43:
 282:Middlewares/ST/STM32_USB_Device_Library/Core/Src/usbd_ctlreq.c **** 
 283:Middlewares/ST/STM32_USB_Device_Library/Core/Src/usbd_ctlreq.c ****             case USBD_STATE_CONFIGURED:
 284:Middlewares/ST/STM32_USB_Device_Library/Core/Src/usbd_ctlreq.c ****               if (req->wValue == USB_FEATURE_EP_HALT)
 591              		.loc 1 284 22
ARM GAS  /tmp/ccajabsj.s 			page 24


 592 00d8 3B68     		ldr	r3, [r7]
 593 00da 5B88     		ldrh	r3, [r3, #2]
 594              		.loc 1 284 18
 595 00dc 002B     		cmp	r3, #0
 596 00de 0ED1     		bne	.L48
 285:Middlewares/ST/STM32_USB_Device_Library/Core/Src/usbd_ctlreq.c ****               {
 286:Middlewares/ST/STM32_USB_Device_Library/Core/Src/usbd_ctlreq.c ****                 if ((ep_addr != 0x00U) && (ep_addr != 0x80U) && (req->wLength == 0x00U))
 597              		.loc 1 286 20
 598 00e0 BB7A     		ldrb	r3, [r7, #10]	@ zero_extendqisi2
 599 00e2 002B     		cmp	r3, #0
 600 00e4 0BD0     		beq	.L48
 601              		.loc 1 286 40 discriminator 1
 602 00e6 BB7A     		ldrb	r3, [r7, #10]	@ zero_extendqisi2
 603 00e8 802B     		cmp	r3, #128
 604 00ea 08D0     		beq	.L48
 605              		.loc 1 286 69 discriminator 2
 606 00ec 3B68     		ldr	r3, [r7]
 607 00ee DB88     		ldrh	r3, [r3, #6]
 608              		.loc 1 286 62 discriminator 2
 609 00f0 002B     		cmp	r3, #0
 610 00f2 04D1     		bne	.L48
 287:Middlewares/ST/STM32_USB_Device_Library/Core/Src/usbd_ctlreq.c ****                 {
 288:Middlewares/ST/STM32_USB_Device_Library/Core/Src/usbd_ctlreq.c ****                   (void)USBD_LL_StallEP(pdev, ep_addr);
 611              		.loc 1 288 25
 612 00f4 BB7A     		ldrb	r3, [r7, #10]	@ zero_extendqisi2
 613 00f6 1946     		mov	r1, r3
 614 00f8 7868     		ldr	r0, [r7, #4]
 615 00fa FFF7FEFF 		bl	USBD_LL_StallEP
 616              	.L48:
 289:Middlewares/ST/STM32_USB_Device_Library/Core/Src/usbd_ctlreq.c ****                 }
 290:Middlewares/ST/STM32_USB_Device_Library/Core/Src/usbd_ctlreq.c ****               }
 291:Middlewares/ST/STM32_USB_Device_Library/Core/Src/usbd_ctlreq.c ****               (void)USBD_CtlSendStatus(pdev);
 617              		.loc 1 291 21
 618 00fe 7868     		ldr	r0, [r7, #4]
 619 0100 FFF7FEFF 		bl	USBD_CtlSendStatus
 292:Middlewares/ST/STM32_USB_Device_Library/Core/Src/usbd_ctlreq.c **** 
 293:Middlewares/ST/STM32_USB_Device_Library/Core/Src/usbd_ctlreq.c ****               break;
 620              		.loc 1 293 15
 621 0104 04E0     		b	.L47
 622              	.L74:
 294:Middlewares/ST/STM32_USB_Device_Library/Core/Src/usbd_ctlreq.c **** 
 295:Middlewares/ST/STM32_USB_Device_Library/Core/Src/usbd_ctlreq.c ****             default:
 296:Middlewares/ST/STM32_USB_Device_Library/Core/Src/usbd_ctlreq.c ****               USBD_CtlError(pdev, req);
 623              		.loc 1 296 15
 624 0106 3968     		ldr	r1, [r7]
 625 0108 7868     		ldr	r0, [r7, #4]
 626 010a FFF7FEFF 		bl	USBD_CtlError
 297:Middlewares/ST/STM32_USB_Device_Library/Core/Src/usbd_ctlreq.c ****               break;
 627              		.loc 1 297 15
 628 010e 00BF     		nop
 629              	.L47:
 298:Middlewares/ST/STM32_USB_Device_Library/Core/Src/usbd_ctlreq.c ****           }
 299:Middlewares/ST/STM32_USB_Device_Library/Core/Src/usbd_ctlreq.c ****           break;
 630              		.loc 1 299 11
 631 0110 09E1     		b	.L49
 632              	.L41:
 300:Middlewares/ST/STM32_USB_Device_Library/Core/Src/usbd_ctlreq.c **** 
ARM GAS  /tmp/ccajabsj.s 			page 25


 301:Middlewares/ST/STM32_USB_Device_Library/Core/Src/usbd_ctlreq.c ****         case USB_REQ_CLEAR_FEATURE:
 302:Middlewares/ST/STM32_USB_Device_Library/Core/Src/usbd_ctlreq.c **** 
 303:Middlewares/ST/STM32_USB_Device_Library/Core/Src/usbd_ctlreq.c ****           switch (pdev->dev_state)
 633              		.loc 1 303 23
 634 0112 7B68     		ldr	r3, [r7, #4]
 635 0114 93F89C32 		ldrb	r3, [r3, #668]
 636 0118 DBB2     		uxtb	r3, r3
 637              		.loc 1 303 11
 638 011a 022B     		cmp	r3, #2
 639 011c 02D0     		beq	.L50
 640 011e 032B     		cmp	r3, #3
 641 0120 16D0     		beq	.L51
 642 0122 4BE0     		b	.L75
 643              	.L50:
 304:Middlewares/ST/STM32_USB_Device_Library/Core/Src/usbd_ctlreq.c ****           {
 305:Middlewares/ST/STM32_USB_Device_Library/Core/Src/usbd_ctlreq.c ****             case USBD_STATE_ADDRESSED:
 306:Middlewares/ST/STM32_USB_Device_Library/Core/Src/usbd_ctlreq.c ****               if ((ep_addr != 0x00U) && (ep_addr != 0x80U))
 644              		.loc 1 306 18
 645 0124 BB7A     		ldrb	r3, [r7, #10]	@ zero_extendqisi2
 646 0126 002B     		cmp	r3, #0
 647 0128 0DD0     		beq	.L53
 648              		.loc 1 306 38 discriminator 1
 649 012a BB7A     		ldrb	r3, [r7, #10]	@ zero_extendqisi2
 650 012c 802B     		cmp	r3, #128
 651 012e 0AD0     		beq	.L53
 307:Middlewares/ST/STM32_USB_Device_Library/Core/Src/usbd_ctlreq.c ****               {
 308:Middlewares/ST/STM32_USB_Device_Library/Core/Src/usbd_ctlreq.c ****                 (void)USBD_LL_StallEP(pdev, ep_addr);
 652              		.loc 1 308 23
 653 0130 BB7A     		ldrb	r3, [r7, #10]	@ zero_extendqisi2
 654 0132 1946     		mov	r1, r3
 655 0134 7868     		ldr	r0, [r7, #4]
 656 0136 FFF7FEFF 		bl	USBD_LL_StallEP
 309:Middlewares/ST/STM32_USB_Device_Library/Core/Src/usbd_ctlreq.c ****                 (void)USBD_LL_StallEP(pdev, 0x80U);
 657              		.loc 1 309 23
 658 013a 8021     		movs	r1, #128
 659 013c 7868     		ldr	r0, [r7, #4]
 660 013e FFF7FEFF 		bl	USBD_LL_StallEP
 661              		.loc 1 309 17
 662 0142 00BF     		nop
 310:Middlewares/ST/STM32_USB_Device_Library/Core/Src/usbd_ctlreq.c ****               }
 311:Middlewares/ST/STM32_USB_Device_Library/Core/Src/usbd_ctlreq.c ****               else
 312:Middlewares/ST/STM32_USB_Device_Library/Core/Src/usbd_ctlreq.c ****               {
 313:Middlewares/ST/STM32_USB_Device_Library/Core/Src/usbd_ctlreq.c ****                 USBD_CtlError(pdev, req);
 314:Middlewares/ST/STM32_USB_Device_Library/Core/Src/usbd_ctlreq.c ****               }
 315:Middlewares/ST/STM32_USB_Device_Library/Core/Src/usbd_ctlreq.c ****               break;
 663              		.loc 1 315 15
 664 0144 40E0     		b	.L55
 665              	.L53:
 313:Middlewares/ST/STM32_USB_Device_Library/Core/Src/usbd_ctlreq.c ****               }
 666              		.loc 1 313 17
 667 0146 3968     		ldr	r1, [r7]
 668 0148 7868     		ldr	r0, [r7, #4]
 669 014a FFF7FEFF 		bl	USBD_CtlError
 670              		.loc 1 315 15
 671 014e 3BE0     		b	.L55
 672              	.L51:
 316:Middlewares/ST/STM32_USB_Device_Library/Core/Src/usbd_ctlreq.c **** 
ARM GAS  /tmp/ccajabsj.s 			page 26


 317:Middlewares/ST/STM32_USB_Device_Library/Core/Src/usbd_ctlreq.c ****             case USBD_STATE_CONFIGURED:
 318:Middlewares/ST/STM32_USB_Device_Library/Core/Src/usbd_ctlreq.c ****               if (req->wValue == USB_FEATURE_EP_HALT)
 673              		.loc 1 318 22
 674 0150 3B68     		ldr	r3, [r7]
 675 0152 5B88     		ldrh	r3, [r3, #2]
 676              		.loc 1 318 18
 677 0154 002B     		cmp	r3, #0
 678 0156 36D1     		bne	.L78
 319:Middlewares/ST/STM32_USB_Device_Library/Core/Src/usbd_ctlreq.c ****               {
 320:Middlewares/ST/STM32_USB_Device_Library/Core/Src/usbd_ctlreq.c ****                 if ((ep_addr & 0x7FU) != 0x00U)
 679              		.loc 1 320 30
 680 0158 BB7A     		ldrb	r3, [r7, #10]	@ zero_extendqisi2
 681 015a 03F07F03 		and	r3, r3, #127
 682              		.loc 1 320 20
 683 015e 002B     		cmp	r3, #0
 684 0160 04D0     		beq	.L57
 321:Middlewares/ST/STM32_USB_Device_Library/Core/Src/usbd_ctlreq.c ****                 {
 322:Middlewares/ST/STM32_USB_Device_Library/Core/Src/usbd_ctlreq.c ****                   (void)USBD_LL_ClearStallEP(pdev, ep_addr);
 685              		.loc 1 322 25
 686 0162 BB7A     		ldrb	r3, [r7, #10]	@ zero_extendqisi2
 687 0164 1946     		mov	r1, r3
 688 0166 7868     		ldr	r0, [r7, #4]
 689 0168 FFF7FEFF 		bl	USBD_LL_ClearStallEP
 690              	.L57:
 323:Middlewares/ST/STM32_USB_Device_Library/Core/Src/usbd_ctlreq.c ****                 }
 324:Middlewares/ST/STM32_USB_Device_Library/Core/Src/usbd_ctlreq.c ****                 (void)USBD_CtlSendStatus(pdev);
 691              		.loc 1 324 23
 692 016c 7868     		ldr	r0, [r7, #4]
 693 016e FFF7FEFF 		bl	USBD_CtlSendStatus
 325:Middlewares/ST/STM32_USB_Device_Library/Core/Src/usbd_ctlreq.c **** 
 326:Middlewares/ST/STM32_USB_Device_Library/Core/Src/usbd_ctlreq.c ****                 /* Get the class index relative to this interface */
 327:Middlewares/ST/STM32_USB_Device_Library/Core/Src/usbd_ctlreq.c ****                 idx = USBD_CoreFindEP(pdev, ep_addr);
 694              		.loc 1 327 23
 695 0172 BB7A     		ldrb	r3, [r7, #10]	@ zero_extendqisi2
 696 0174 1946     		mov	r1, r3
 697 0176 7868     		ldr	r0, [r7, #4]
 698 0178 FFF7FEFF 		bl	USBD_CoreFindEP
 699 017c 0346     		mov	r3, r0
 700 017e 7B72     		strb	r3, [r7, #9]
 328:Middlewares/ST/STM32_USB_Device_Library/Core/Src/usbd_ctlreq.c ****                 if (((uint8_t)idx != 0xFFU) && (idx < USBD_MAX_SUPPORTED_CLASS))
 701              		.loc 1 328 20
 702 0180 7B7A     		ldrb	r3, [r7, #9]	@ zero_extendqisi2
 703 0182 FF2B     		cmp	r3, #255
 704 0184 1FD0     		beq	.L78
 705              		.loc 1 328 45 discriminator 1
 706 0186 7B7A     		ldrb	r3, [r7, #9]	@ zero_extendqisi2
 707 0188 002B     		cmp	r3, #0
 708 018a 1CD1     		bne	.L78
 329:Middlewares/ST/STM32_USB_Device_Library/Core/Src/usbd_ctlreq.c ****                 {
 330:Middlewares/ST/STM32_USB_Device_Library/Core/Src/usbd_ctlreq.c ****                   pdev->classId = idx;
 709              		.loc 1 330 33
 710 018c 7A7A     		ldrb	r2, [r7, #9]	@ zero_extendqisi2
 711 018e 7B68     		ldr	r3, [r7, #4]
 712 0190 C3F8D422 		str	r2, [r3, #724]
 331:Middlewares/ST/STM32_USB_Device_Library/Core/Src/usbd_ctlreq.c ****                   /* Call the class data out function to manage the request */
 332:Middlewares/ST/STM32_USB_Device_Library/Core/Src/usbd_ctlreq.c ****                   if (pdev->pClass[idx]->Setup != NULL)
 713              		.loc 1 332 35
ARM GAS  /tmp/ccajabsj.s 			page 27


 714 0194 7A7A     		ldrb	r2, [r7, #9]	@ zero_extendqisi2
 715 0196 7B68     		ldr	r3, [r7, #4]
 716 0198 AE32     		adds	r2, r2, #174
 717 019a 53F82230 		ldr	r3, [r3, r2, lsl #2]
 718              		.loc 1 332 40
 719 019e 9B68     		ldr	r3, [r3, #8]
 720              		.loc 1 332 22
 721 01a0 002B     		cmp	r3, #0
 722 01a2 10D0     		beq	.L78
 333:Middlewares/ST/STM32_USB_Device_Library/Core/Src/usbd_ctlreq.c ****                   {
 334:Middlewares/ST/STM32_USB_Device_Library/Core/Src/usbd_ctlreq.c ****                     ret = (USBD_StatusTypeDef)(pdev->pClass[idx]->Setup(pdev, req));
 723              		.loc 1 334 60
 724 01a4 7A7A     		ldrb	r2, [r7, #9]	@ zero_extendqisi2
 725 01a6 7B68     		ldr	r3, [r7, #4]
 726 01a8 AE32     		adds	r2, r2, #174
 727 01aa 53F82230 		ldr	r3, [r3, r2, lsl #2]
 728              		.loc 1 334 65
 729 01ae 9B68     		ldr	r3, [r3, #8]
 730              		.loc 1 334 48
 731 01b0 3968     		ldr	r1, [r7]
 732 01b2 7868     		ldr	r0, [r7, #4]
 733 01b4 9847     		blx	r3
 734              	.LVL3:
 735 01b6 0346     		mov	r3, r0
 736 01b8 FB72     		strb	r3, [r7, #11]
 335:Middlewares/ST/STM32_USB_Device_Library/Core/Src/usbd_ctlreq.c ****                   }
 336:Middlewares/ST/STM32_USB_Device_Library/Core/Src/usbd_ctlreq.c ****                 }
 337:Middlewares/ST/STM32_USB_Device_Library/Core/Src/usbd_ctlreq.c ****               }
 338:Middlewares/ST/STM32_USB_Device_Library/Core/Src/usbd_ctlreq.c ****               break;
 737              		.loc 1 338 15
 738 01ba 04E0     		b	.L78
 739              	.L75:
 339:Middlewares/ST/STM32_USB_Device_Library/Core/Src/usbd_ctlreq.c **** 
 340:Middlewares/ST/STM32_USB_Device_Library/Core/Src/usbd_ctlreq.c ****             default:
 341:Middlewares/ST/STM32_USB_Device_Library/Core/Src/usbd_ctlreq.c ****               USBD_CtlError(pdev, req);
 740              		.loc 1 341 15
 741 01bc 3968     		ldr	r1, [r7]
 742 01be 7868     		ldr	r0, [r7, #4]
 743 01c0 FFF7FEFF 		bl	USBD_CtlError
 342:Middlewares/ST/STM32_USB_Device_Library/Core/Src/usbd_ctlreq.c ****               break;
 744              		.loc 1 342 15
 745 01c4 00E0     		b	.L55
 746              	.L78:
 338:Middlewares/ST/STM32_USB_Device_Library/Core/Src/usbd_ctlreq.c **** 
 747              		.loc 1 338 15
 748 01c6 00BF     		nop
 749              	.L55:
 343:Middlewares/ST/STM32_USB_Device_Library/Core/Src/usbd_ctlreq.c ****           }
 344:Middlewares/ST/STM32_USB_Device_Library/Core/Src/usbd_ctlreq.c ****           break;
 750              		.loc 1 344 11
 751 01c8 ADE0     		b	.L49
 752              	.L40:
 345:Middlewares/ST/STM32_USB_Device_Library/Core/Src/usbd_ctlreq.c **** 
 346:Middlewares/ST/STM32_USB_Device_Library/Core/Src/usbd_ctlreq.c ****         case USB_REQ_GET_STATUS:
 347:Middlewares/ST/STM32_USB_Device_Library/Core/Src/usbd_ctlreq.c ****           switch (pdev->dev_state)
 753              		.loc 1 347 23
 754 01ca 7B68     		ldr	r3, [r7, #4]
ARM GAS  /tmp/ccajabsj.s 			page 28


 755 01cc 93F89C32 		ldrb	r3, [r3, #668]
 756 01d0 DBB2     		uxtb	r3, r3
 757              		.loc 1 347 11
 758 01d2 022B     		cmp	r3, #2
 759 01d4 02D0     		beq	.L58
 760 01d6 032B     		cmp	r3, #3
 761 01d8 33D0     		beq	.L59
 762 01da 99E0     		b	.L76
 763              	.L58:
 348:Middlewares/ST/STM32_USB_Device_Library/Core/Src/usbd_ctlreq.c ****           {
 349:Middlewares/ST/STM32_USB_Device_Library/Core/Src/usbd_ctlreq.c ****             case USBD_STATE_ADDRESSED:
 350:Middlewares/ST/STM32_USB_Device_Library/Core/Src/usbd_ctlreq.c ****               if ((ep_addr != 0x00U) && (ep_addr != 0x80U))
 764              		.loc 1 350 18
 765 01dc BB7A     		ldrb	r3, [r7, #10]	@ zero_extendqisi2
 766 01de 002B     		cmp	r3, #0
 767 01e0 07D0     		beq	.L61
 768              		.loc 1 350 38 discriminator 1
 769 01e2 BB7A     		ldrb	r3, [r7, #10]	@ zero_extendqisi2
 770 01e4 802B     		cmp	r3, #128
 771 01e6 04D0     		beq	.L61
 351:Middlewares/ST/STM32_USB_Device_Library/Core/Src/usbd_ctlreq.c ****               {
 352:Middlewares/ST/STM32_USB_Device_Library/Core/Src/usbd_ctlreq.c ****                 USBD_CtlError(pdev, req);
 772              		.loc 1 352 17
 773 01e8 3968     		ldr	r1, [r7]
 774 01ea 7868     		ldr	r0, [r7, #4]
 775 01ec FFF7FEFF 		bl	USBD_CtlError
 353:Middlewares/ST/STM32_USB_Device_Library/Core/Src/usbd_ctlreq.c ****                 break;
 776              		.loc 1 353 17
 777 01f0 93E0     		b	.L62
 778              	.L61:
 354:Middlewares/ST/STM32_USB_Device_Library/Core/Src/usbd_ctlreq.c ****               }
 355:Middlewares/ST/STM32_USB_Device_Library/Core/Src/usbd_ctlreq.c ****               pep = ((ep_addr & 0x80U) == 0x80U) ? &pdev->ep_in[ep_addr & 0x7FU] : \
 779              		.loc 1 355 40
 780 01f2 97F90A30 		ldrsb	r3, [r7, #10]
 781              		.loc 1 355 82
 782 01f6 002B     		cmp	r3, #0
 783 01f8 0CDA     		bge	.L63
 784              		.loc 1 355 73 discriminator 1
 785 01fa BB7A     		ldrb	r3, [r7, #10]	@ zero_extendqisi2
 786 01fc 03F07F02 		and	r2, r3, #127
 787              		.loc 1 355 19 discriminator 1
 788 0200 1346     		mov	r3, r2
 789 0202 9B00     		lsls	r3, r3, #2
 790 0204 1344     		add	r3, r3, r2
 791 0206 9B00     		lsls	r3, r3, #2
 792 0208 1033     		adds	r3, r3, #16
 793 020a 7A68     		ldr	r2, [r7, #4]
 794 020c 1344     		add	r3, r3, r2
 795 020e 0433     		adds	r3, r3, #4
 796 0210 FB60     		str	r3, [r7, #12]
 797 0212 0CE0     		b	.L64
 798              	.L63:
 356:Middlewares/ST/STM32_USB_Device_Library/Core/Src/usbd_ctlreq.c ****                     &pdev->ep_out[ep_addr & 0x7FU];
 799              		.loc 1 356 43
 800 0214 BB7A     		ldrb	r3, [r7, #10]	@ zero_extendqisi2
 801 0216 03F07F02 		and	r2, r3, #127
 355:Middlewares/ST/STM32_USB_Device_Library/Core/Src/usbd_ctlreq.c ****                     &pdev->ep_out[ep_addr & 0x7FU];
ARM GAS  /tmp/ccajabsj.s 			page 29


 802              		.loc 1 355 19 discriminator 2
 803 021a 1346     		mov	r3, r2
 804 021c 9B00     		lsls	r3, r3, #2
 805 021e 1344     		add	r3, r3, r2
 806 0220 9B00     		lsls	r3, r3, #2
 807 0222 03F5A873 		add	r3, r3, #336
 808 0226 7A68     		ldr	r2, [r7, #4]
 809 0228 1344     		add	r3, r3, r2
 810 022a 0433     		adds	r3, r3, #4
 811 022c FB60     		str	r3, [r7, #12]
 812              	.L64:
 357:Middlewares/ST/STM32_USB_Device_Library/Core/Src/usbd_ctlreq.c **** 
 358:Middlewares/ST/STM32_USB_Device_Library/Core/Src/usbd_ctlreq.c ****               pep->status = 0x0000U;
 813              		.loc 1 358 27
 814 022e FB68     		ldr	r3, [r7, #12]
 815 0230 0022     		movs	r2, #0
 816 0232 1A60     		str	r2, [r3]
 359:Middlewares/ST/STM32_USB_Device_Library/Core/Src/usbd_ctlreq.c **** 
 360:Middlewares/ST/STM32_USB_Device_Library/Core/Src/usbd_ctlreq.c ****               (void)USBD_CtlSendData(pdev, (uint8_t *)&pep->status, 2U);
 817              		.loc 1 360 55
 818 0234 FB68     		ldr	r3, [r7, #12]
 819              		.loc 1 360 21
 820 0236 0222     		movs	r2, #2
 821 0238 1946     		mov	r1, r3
 822 023a 7868     		ldr	r0, [r7, #4]
 823 023c FFF7FEFF 		bl	USBD_CtlSendData
 361:Middlewares/ST/STM32_USB_Device_Library/Core/Src/usbd_ctlreq.c ****               break;
 824              		.loc 1 361 15
 825 0240 6BE0     		b	.L62
 826              	.L59:
 362:Middlewares/ST/STM32_USB_Device_Library/Core/Src/usbd_ctlreq.c **** 
 363:Middlewares/ST/STM32_USB_Device_Library/Core/Src/usbd_ctlreq.c ****             case USBD_STATE_CONFIGURED:
 364:Middlewares/ST/STM32_USB_Device_Library/Core/Src/usbd_ctlreq.c ****               if ((ep_addr & 0x80U) == 0x80U)
 827              		.loc 1 364 37
 828 0242 97F90A30 		ldrsb	r3, [r7, #10]
 829              		.loc 1 364 18
 830 0246 002B     		cmp	r3, #0
 831 0248 11DA     		bge	.L65
 365:Middlewares/ST/STM32_USB_Device_Library/Core/Src/usbd_ctlreq.c ****               {
 366:Middlewares/ST/STM32_USB_Device_Library/Core/Src/usbd_ctlreq.c ****                 if (pdev->ep_in[ep_addr & 0xFU].is_used == 0U)
 832              		.loc 1 366 41
 833 024a BB7A     		ldrb	r3, [r7, #10]	@ zero_extendqisi2
 834 024c 03F00F02 		and	r2, r3, #15
 835              		.loc 1 366 48
 836 0250 7968     		ldr	r1, [r7, #4]
 837 0252 1346     		mov	r3, r2
 838 0254 9B00     		lsls	r3, r3, #2
 839 0256 1344     		add	r3, r3, r2
 840 0258 9B00     		lsls	r3, r3, #2
 841 025a 0B44     		add	r3, r3, r1
 842 025c 2433     		adds	r3, r3, #36
 843 025e 1B88     		ldrh	r3, [r3]
 844              		.loc 1 366 20
 845 0260 002B     		cmp	r3, #0
 846 0262 17D1     		bne	.L66
 367:Middlewares/ST/STM32_USB_Device_Library/Core/Src/usbd_ctlreq.c ****                 {
 368:Middlewares/ST/STM32_USB_Device_Library/Core/Src/usbd_ctlreq.c ****                   USBD_CtlError(pdev, req);
ARM GAS  /tmp/ccajabsj.s 			page 30


 847              		.loc 1 368 19
 848 0264 3968     		ldr	r1, [r7]
 849 0266 7868     		ldr	r0, [r7, #4]
 850 0268 FFF7FEFF 		bl	USBD_CtlError
 369:Middlewares/ST/STM32_USB_Device_Library/Core/Src/usbd_ctlreq.c ****                   break;
 851              		.loc 1 369 19
 852 026c 55E0     		b	.L62
 853              	.L65:
 370:Middlewares/ST/STM32_USB_Device_Library/Core/Src/usbd_ctlreq.c ****                 }
 371:Middlewares/ST/STM32_USB_Device_Library/Core/Src/usbd_ctlreq.c ****               }
 372:Middlewares/ST/STM32_USB_Device_Library/Core/Src/usbd_ctlreq.c ****               else
 373:Middlewares/ST/STM32_USB_Device_Library/Core/Src/usbd_ctlreq.c ****               {
 374:Middlewares/ST/STM32_USB_Device_Library/Core/Src/usbd_ctlreq.c ****                 if (pdev->ep_out[ep_addr & 0xFU].is_used == 0U)
 854              		.loc 1 374 42
 855 026e BB7A     		ldrb	r3, [r7, #10]	@ zero_extendqisi2
 856 0270 03F00F02 		and	r2, r3, #15
 857              		.loc 1 374 49
 858 0274 7968     		ldr	r1, [r7, #4]
 859 0276 1346     		mov	r3, r2
 860 0278 9B00     		lsls	r3, r3, #2
 861 027a 1344     		add	r3, r3, r2
 862 027c 9B00     		lsls	r3, r3, #2
 863 027e 0B44     		add	r3, r3, r1
 864 0280 03F5B273 		add	r3, r3, #356
 865 0284 1B88     		ldrh	r3, [r3]
 866              		.loc 1 374 20
 867 0286 002B     		cmp	r3, #0
 868 0288 04D1     		bne	.L66
 375:Middlewares/ST/STM32_USB_Device_Library/Core/Src/usbd_ctlreq.c ****                 {
 376:Middlewares/ST/STM32_USB_Device_Library/Core/Src/usbd_ctlreq.c ****                   USBD_CtlError(pdev, req);
 869              		.loc 1 376 19
 870 028a 3968     		ldr	r1, [r7]
 871 028c 7868     		ldr	r0, [r7, #4]
 872 028e FFF7FEFF 		bl	USBD_CtlError
 377:Middlewares/ST/STM32_USB_Device_Library/Core/Src/usbd_ctlreq.c ****                   break;
 873              		.loc 1 377 19
 874 0292 42E0     		b	.L62
 875              	.L66:
 378:Middlewares/ST/STM32_USB_Device_Library/Core/Src/usbd_ctlreq.c ****                 }
 379:Middlewares/ST/STM32_USB_Device_Library/Core/Src/usbd_ctlreq.c ****               }
 380:Middlewares/ST/STM32_USB_Device_Library/Core/Src/usbd_ctlreq.c **** 
 381:Middlewares/ST/STM32_USB_Device_Library/Core/Src/usbd_ctlreq.c ****               pep = ((ep_addr & 0x80U) == 0x80U) ? &pdev->ep_in[ep_addr & 0x7FU] : \
 876              		.loc 1 381 40
 877 0294 97F90A30 		ldrsb	r3, [r7, #10]
 878              		.loc 1 381 82
 879 0298 002B     		cmp	r3, #0
 880 029a 0CDA     		bge	.L67
 881              		.loc 1 381 73 discriminator 1
 882 029c BB7A     		ldrb	r3, [r7, #10]	@ zero_extendqisi2
 883 029e 03F07F02 		and	r2, r3, #127
 884              		.loc 1 381 19 discriminator 1
 885 02a2 1346     		mov	r3, r2
 886 02a4 9B00     		lsls	r3, r3, #2
 887 02a6 1344     		add	r3, r3, r2
 888 02a8 9B00     		lsls	r3, r3, #2
 889 02aa 1033     		adds	r3, r3, #16
 890 02ac 7A68     		ldr	r2, [r7, #4]
ARM GAS  /tmp/ccajabsj.s 			page 31


 891 02ae 1344     		add	r3, r3, r2
 892 02b0 0433     		adds	r3, r3, #4
 893 02b2 FB60     		str	r3, [r7, #12]
 894 02b4 0CE0     		b	.L68
 895              	.L67:
 382:Middlewares/ST/STM32_USB_Device_Library/Core/Src/usbd_ctlreq.c ****                     &pdev->ep_out[ep_addr & 0x7FU];
 896              		.loc 1 382 43
 897 02b6 BB7A     		ldrb	r3, [r7, #10]	@ zero_extendqisi2
 898 02b8 03F07F02 		and	r2, r3, #127
 381:Middlewares/ST/STM32_USB_Device_Library/Core/Src/usbd_ctlreq.c ****                     &pdev->ep_out[ep_addr & 0x7FU];
 899              		.loc 1 381 19 discriminator 2
 900 02bc 1346     		mov	r3, r2
 901 02be 9B00     		lsls	r3, r3, #2
 902 02c0 1344     		add	r3, r3, r2
 903 02c2 9B00     		lsls	r3, r3, #2
 904 02c4 03F5A873 		add	r3, r3, #336
 905 02c8 7A68     		ldr	r2, [r7, #4]
 906 02ca 1344     		add	r3, r3, r2
 907 02cc 0433     		adds	r3, r3, #4
 908 02ce FB60     		str	r3, [r7, #12]
 909              	.L68:
 383:Middlewares/ST/STM32_USB_Device_Library/Core/Src/usbd_ctlreq.c **** 
 384:Middlewares/ST/STM32_USB_Device_Library/Core/Src/usbd_ctlreq.c ****               if ((ep_addr == 0x00U) || (ep_addr == 0x80U))
 910              		.loc 1 384 18
 911 02d0 BB7A     		ldrb	r3, [r7, #10]	@ zero_extendqisi2
 912 02d2 002B     		cmp	r3, #0
 913 02d4 02D0     		beq	.L69
 914              		.loc 1 384 38 discriminator 1
 915 02d6 BB7A     		ldrb	r3, [r7, #10]	@ zero_extendqisi2
 916 02d8 802B     		cmp	r3, #128
 917 02da 03D1     		bne	.L70
 918              	.L69:
 385:Middlewares/ST/STM32_USB_Device_Library/Core/Src/usbd_ctlreq.c ****               {
 386:Middlewares/ST/STM32_USB_Device_Library/Core/Src/usbd_ctlreq.c ****                 pep->status = 0x0000U;
 919              		.loc 1 386 29
 920 02dc FB68     		ldr	r3, [r7, #12]
 921 02de 0022     		movs	r2, #0
 922 02e0 1A60     		str	r2, [r3]
 923 02e2 0EE0     		b	.L71
 924              	.L70:
 387:Middlewares/ST/STM32_USB_Device_Library/Core/Src/usbd_ctlreq.c ****               }
 388:Middlewares/ST/STM32_USB_Device_Library/Core/Src/usbd_ctlreq.c ****               else if (USBD_LL_IsStallEP(pdev, ep_addr) != 0U)
 925              		.loc 1 388 24
 926 02e4 BB7A     		ldrb	r3, [r7, #10]	@ zero_extendqisi2
 927 02e6 1946     		mov	r1, r3
 928 02e8 7868     		ldr	r0, [r7, #4]
 929 02ea FFF7FEFF 		bl	USBD_LL_IsStallEP
 930 02ee 0346     		mov	r3, r0
 931              		.loc 1 388 23 discriminator 1
 932 02f0 002B     		cmp	r3, #0
 933 02f2 03D0     		beq	.L72
 389:Middlewares/ST/STM32_USB_Device_Library/Core/Src/usbd_ctlreq.c ****               {
 390:Middlewares/ST/STM32_USB_Device_Library/Core/Src/usbd_ctlreq.c ****                 pep->status = 0x0001U;
 934              		.loc 1 390 29
 935 02f4 FB68     		ldr	r3, [r7, #12]
 936 02f6 0122     		movs	r2, #1
 937 02f8 1A60     		str	r2, [r3]
ARM GAS  /tmp/ccajabsj.s 			page 32


 938 02fa 02E0     		b	.L71
 939              	.L72:
 391:Middlewares/ST/STM32_USB_Device_Library/Core/Src/usbd_ctlreq.c ****               }
 392:Middlewares/ST/STM32_USB_Device_Library/Core/Src/usbd_ctlreq.c ****               else
 393:Middlewares/ST/STM32_USB_Device_Library/Core/Src/usbd_ctlreq.c ****               {
 394:Middlewares/ST/STM32_USB_Device_Library/Core/Src/usbd_ctlreq.c ****                 pep->status = 0x0000U;
 940              		.loc 1 394 29
 941 02fc FB68     		ldr	r3, [r7, #12]
 942 02fe 0022     		movs	r2, #0
 943 0300 1A60     		str	r2, [r3]
 944              	.L71:
 395:Middlewares/ST/STM32_USB_Device_Library/Core/Src/usbd_ctlreq.c ****               }
 396:Middlewares/ST/STM32_USB_Device_Library/Core/Src/usbd_ctlreq.c **** 
 397:Middlewares/ST/STM32_USB_Device_Library/Core/Src/usbd_ctlreq.c ****               (void)USBD_CtlSendData(pdev, (uint8_t *)&pep->status, 2U);
 945              		.loc 1 397 55
 946 0302 FB68     		ldr	r3, [r7, #12]
 947              		.loc 1 397 21
 948 0304 0222     		movs	r2, #2
 949 0306 1946     		mov	r1, r3
 950 0308 7868     		ldr	r0, [r7, #4]
 951 030a FFF7FEFF 		bl	USBD_CtlSendData
 398:Middlewares/ST/STM32_USB_Device_Library/Core/Src/usbd_ctlreq.c ****               break;
 952              		.loc 1 398 15
 953 030e 04E0     		b	.L62
 954              	.L76:
 399:Middlewares/ST/STM32_USB_Device_Library/Core/Src/usbd_ctlreq.c **** 
 400:Middlewares/ST/STM32_USB_Device_Library/Core/Src/usbd_ctlreq.c ****             default:
 401:Middlewares/ST/STM32_USB_Device_Library/Core/Src/usbd_ctlreq.c ****               USBD_CtlError(pdev, req);
 955              		.loc 1 401 15
 956 0310 3968     		ldr	r1, [r7]
 957 0312 7868     		ldr	r0, [r7, #4]
 958 0314 FFF7FEFF 		bl	USBD_CtlError
 402:Middlewares/ST/STM32_USB_Device_Library/Core/Src/usbd_ctlreq.c ****               break;
 959              		.loc 1 402 15
 960 0318 00BF     		nop
 961              	.L62:
 403:Middlewares/ST/STM32_USB_Device_Library/Core/Src/usbd_ctlreq.c ****           }
 404:Middlewares/ST/STM32_USB_Device_Library/Core/Src/usbd_ctlreq.c ****           break;
 962              		.loc 1 404 11
 963 031a 04E0     		b	.L49
 964              	.L39:
 405:Middlewares/ST/STM32_USB_Device_Library/Core/Src/usbd_ctlreq.c **** 
 406:Middlewares/ST/STM32_USB_Device_Library/Core/Src/usbd_ctlreq.c ****         default:
 407:Middlewares/ST/STM32_USB_Device_Library/Core/Src/usbd_ctlreq.c ****           USBD_CtlError(pdev, req);
 965              		.loc 1 407 11
 966 031c 3968     		ldr	r1, [r7]
 967 031e 7868     		ldr	r0, [r7, #4]
 968 0320 FFF7FEFF 		bl	USBD_CtlError
 408:Middlewares/ST/STM32_USB_Device_Library/Core/Src/usbd_ctlreq.c ****           break;
 969              		.loc 1 408 11
 970 0324 00BF     		nop
 971              	.L49:
 409:Middlewares/ST/STM32_USB_Device_Library/Core/Src/usbd_ctlreq.c ****       }
 410:Middlewares/ST/STM32_USB_Device_Library/Core/Src/usbd_ctlreq.c ****       break;
 972              		.loc 1 410 7
 973 0326 05E0     		b	.L37
 974              	.L34:
ARM GAS  /tmp/ccajabsj.s 			page 33


 411:Middlewares/ST/STM32_USB_Device_Library/Core/Src/usbd_ctlreq.c **** 
 412:Middlewares/ST/STM32_USB_Device_Library/Core/Src/usbd_ctlreq.c ****     default:
 413:Middlewares/ST/STM32_USB_Device_Library/Core/Src/usbd_ctlreq.c ****       USBD_CtlError(pdev, req);
 975              		.loc 1 413 7
 976 0328 3968     		ldr	r1, [r7]
 977 032a 7868     		ldr	r0, [r7, #4]
 978 032c FFF7FEFF 		bl	USBD_CtlError
 414:Middlewares/ST/STM32_USB_Device_Library/Core/Src/usbd_ctlreq.c ****       break;
 979              		.loc 1 414 7
 980 0330 00E0     		b	.L37
 981              	.L77:
 263:Middlewares/ST/STM32_USB_Device_Library/Core/Src/usbd_ctlreq.c **** 
 982              		.loc 1 263 7
 983 0332 00BF     		nop
 984              	.L37:
 415:Middlewares/ST/STM32_USB_Device_Library/Core/Src/usbd_ctlreq.c ****   }
 416:Middlewares/ST/STM32_USB_Device_Library/Core/Src/usbd_ctlreq.c **** 
 417:Middlewares/ST/STM32_USB_Device_Library/Core/Src/usbd_ctlreq.c ****   return ret;
 985              		.loc 1 417 10
 986 0334 FB7A     		ldrb	r3, [r7, #11]	@ zero_extendqisi2
 418:Middlewares/ST/STM32_USB_Device_Library/Core/Src/usbd_ctlreq.c **** }
 987              		.loc 1 418 1
 988 0336 1846     		mov	r0, r3
 989 0338 1037     		adds	r7, r7, #16
 990              	.LCFI19:
 991              		.cfi_def_cfa_offset 8
 992 033a BD46     		mov	sp, r7
 993              	.LCFI20:
 994              		.cfi_def_cfa_register 13
 995              		@ sp needed
 996 033c 80BD     		pop	{r7, pc}
 997              		.cfi_endproc
 998              	.LFE226:
 1000              		.section	.text.USBD_GetDescriptor,"ax",%progbits
 1001              		.align	1
 1002              		.syntax unified
 1003              		.thumb
 1004              		.thumb_func
 1006              	USBD_GetDescriptor:
 1007              	.LFB227:
 419:Middlewares/ST/STM32_USB_Device_Library/Core/Src/usbd_ctlreq.c **** 
 420:Middlewares/ST/STM32_USB_Device_Library/Core/Src/usbd_ctlreq.c **** 
 421:Middlewares/ST/STM32_USB_Device_Library/Core/Src/usbd_ctlreq.c **** /**
 422:Middlewares/ST/STM32_USB_Device_Library/Core/Src/usbd_ctlreq.c ****   * @brief  USBD_GetDescriptor
 423:Middlewares/ST/STM32_USB_Device_Library/Core/Src/usbd_ctlreq.c ****   *         Handle Get Descriptor requests
 424:Middlewares/ST/STM32_USB_Device_Library/Core/Src/usbd_ctlreq.c ****   * @param  pdev: device instance
 425:Middlewares/ST/STM32_USB_Device_Library/Core/Src/usbd_ctlreq.c ****   * @param  req: usb request
 426:Middlewares/ST/STM32_USB_Device_Library/Core/Src/usbd_ctlreq.c ****   * @retval None
 427:Middlewares/ST/STM32_USB_Device_Library/Core/Src/usbd_ctlreq.c ****   */
 428:Middlewares/ST/STM32_USB_Device_Library/Core/Src/usbd_ctlreq.c **** static void USBD_GetDescriptor(USBD_HandleTypeDef *pdev, USBD_SetupReqTypedef *req)
 429:Middlewares/ST/STM32_USB_Device_Library/Core/Src/usbd_ctlreq.c **** {
 1008              		.loc 1 429 1
 1009              		.cfi_startproc
 1010              		@ args = 0, pretend = 0, frame = 16
 1011              		@ frame_needed = 1, uses_anonymous_args = 0
 1012 0000 80B5     		push	{r7, lr}
 1013              	.LCFI21:
ARM GAS  /tmp/ccajabsj.s 			page 34


 1014              		.cfi_def_cfa_offset 8
 1015              		.cfi_offset 7, -8
 1016              		.cfi_offset 14, -4
 1017 0002 84B0     		sub	sp, sp, #16
 1018              	.LCFI22:
 1019              		.cfi_def_cfa_offset 24
 1020 0004 00AF     		add	r7, sp, #0
 1021              	.LCFI23:
 1022              		.cfi_def_cfa_register 7
 1023 0006 7860     		str	r0, [r7, #4]
 1024 0008 3960     		str	r1, [r7]
 430:Middlewares/ST/STM32_USB_Device_Library/Core/Src/usbd_ctlreq.c ****   uint16_t len = 0U;
 1025              		.loc 1 430 12
 1026 000a 0023     		movs	r3, #0
 1027 000c 3B81     		strh	r3, [r7, #8]	@ movhi
 431:Middlewares/ST/STM32_USB_Device_Library/Core/Src/usbd_ctlreq.c ****   uint8_t *pbuf = NULL;
 1028              		.loc 1 431 12
 1029 000e 0023     		movs	r3, #0
 1030 0010 FB60     		str	r3, [r7, #12]
 432:Middlewares/ST/STM32_USB_Device_Library/Core/Src/usbd_ctlreq.c ****   uint8_t err = 0U;
 1031              		.loc 1 432 11
 1032 0012 0023     		movs	r3, #0
 1033 0014 FB72     		strb	r3, [r7, #11]
 433:Middlewares/ST/STM32_USB_Device_Library/Core/Src/usbd_ctlreq.c **** 
 434:Middlewares/ST/STM32_USB_Device_Library/Core/Src/usbd_ctlreq.c ****   switch (req->wValue >> 8)
 1034              		.loc 1 434 14
 1035 0016 3B68     		ldr	r3, [r7]
 1036 0018 5B88     		ldrh	r3, [r3, #2]
 1037              		.loc 1 434 23
 1038 001a 1B0A     		lsrs	r3, r3, #8
 1039 001c 9BB2     		uxth	r3, r3
 1040              		.loc 1 434 3
 1041 001e 072B     		cmp	r3, #7
 1042 0020 00F01781 		beq	.L80
 1043 0024 072B     		cmp	r3, #7
 1044 0026 00F32E81 		bgt	.L81
 1045 002a 062B     		cmp	r3, #6
 1046 002c 00F0FB80 		beq	.L82
 1047 0030 062B     		cmp	r3, #6
 1048 0032 00F32881 		bgt	.L81
 1049 0036 032B     		cmp	r3, #3
 1050 0038 33D0     		beq	.L83
 1051 003a 032B     		cmp	r3, #3
 1052 003c 00F32381 		bgt	.L81
 1053 0040 012B     		cmp	r3, #1
 1054 0042 02D0     		beq	.L84
 1055 0044 022B     		cmp	r3, #2
 1056 0046 0CD0     		beq	.L85
 1057 0048 1DE1     		b	.L81
 1058              	.L84:
 435:Middlewares/ST/STM32_USB_Device_Library/Core/Src/usbd_ctlreq.c ****   {
 436:Middlewares/ST/STM32_USB_Device_Library/Core/Src/usbd_ctlreq.c **** #if ((USBD_LPM_ENABLED == 1U) || (USBD_CLASS_BOS_ENABLED == 1U))
 437:Middlewares/ST/STM32_USB_Device_Library/Core/Src/usbd_ctlreq.c ****     case USB_DESC_TYPE_BOS:
 438:Middlewares/ST/STM32_USB_Device_Library/Core/Src/usbd_ctlreq.c ****       if (pdev->pDesc->GetBOSDescriptor != NULL)
 439:Middlewares/ST/STM32_USB_Device_Library/Core/Src/usbd_ctlreq.c ****       {
 440:Middlewares/ST/STM32_USB_Device_Library/Core/Src/usbd_ctlreq.c ****         pbuf = pdev->pDesc->GetBOSDescriptor(pdev->dev_speed, &len);
 441:Middlewares/ST/STM32_USB_Device_Library/Core/Src/usbd_ctlreq.c ****       }
ARM GAS  /tmp/ccajabsj.s 			page 35


 442:Middlewares/ST/STM32_USB_Device_Library/Core/Src/usbd_ctlreq.c ****       else
 443:Middlewares/ST/STM32_USB_Device_Library/Core/Src/usbd_ctlreq.c ****       {
 444:Middlewares/ST/STM32_USB_Device_Library/Core/Src/usbd_ctlreq.c ****         USBD_CtlError(pdev, req);
 445:Middlewares/ST/STM32_USB_Device_Library/Core/Src/usbd_ctlreq.c ****         err++;
 446:Middlewares/ST/STM32_USB_Device_Library/Core/Src/usbd_ctlreq.c ****       }
 447:Middlewares/ST/STM32_USB_Device_Library/Core/Src/usbd_ctlreq.c ****       break;
 448:Middlewares/ST/STM32_USB_Device_Library/Core/Src/usbd_ctlreq.c **** #endif /* (USBD_LPM_ENABLED == 1U) || (USBD_CLASS_BOS_ENABLED == 1U) */
 449:Middlewares/ST/STM32_USB_Device_Library/Core/Src/usbd_ctlreq.c ****     case USB_DESC_TYPE_DEVICE:
 450:Middlewares/ST/STM32_USB_Device_Library/Core/Src/usbd_ctlreq.c ****       pbuf = pdev->pDesc->GetDeviceDescriptor(pdev->dev_speed, &len);
 1059              		.loc 1 450 18
 1060 004a 7B68     		ldr	r3, [r7, #4]
 1061 004c D3F8B432 		ldr	r3, [r3, #692]
 1062              		.loc 1 450 25
 1063 0050 1B68     		ldr	r3, [r3]
 1064              		.loc 1 450 14
 1065 0052 7A68     		ldr	r2, [r7, #4]
 1066 0054 127C     		ldrb	r2, [r2, #16]	@ zero_extendqisi2
 1067 0056 07F10801 		add	r1, r7, #8
 1068 005a 1046     		mov	r0, r2
 1069 005c 9847     		blx	r3
 1070              	.LVL4:
 1071 005e F860     		str	r0, [r7, #12]
 451:Middlewares/ST/STM32_USB_Device_Library/Core/Src/usbd_ctlreq.c ****       break;
 1072              		.loc 1 451 7
 1073 0060 19E1     		b	.L86
 1074              	.L85:
 452:Middlewares/ST/STM32_USB_Device_Library/Core/Src/usbd_ctlreq.c **** 
 453:Middlewares/ST/STM32_USB_Device_Library/Core/Src/usbd_ctlreq.c ****     case USB_DESC_TYPE_CONFIGURATION:
 454:Middlewares/ST/STM32_USB_Device_Library/Core/Src/usbd_ctlreq.c ****       if (pdev->dev_speed == USBD_SPEED_HIGH)
 1075              		.loc 1 454 15
 1076 0062 7B68     		ldr	r3, [r7, #4]
 1077 0064 1B7C     		ldrb	r3, [r3, #16]	@ zero_extendqisi2
 1078              		.loc 1 454 10
 1079 0066 002B     		cmp	r3, #0
 1080 0068 0DD1     		bne	.L87
 455:Middlewares/ST/STM32_USB_Device_Library/Core/Src/usbd_ctlreq.c ****       {
 456:Middlewares/ST/STM32_USB_Device_Library/Core/Src/usbd_ctlreq.c **** #ifdef USE_USBD_COMPOSITE
 457:Middlewares/ST/STM32_USB_Device_Library/Core/Src/usbd_ctlreq.c ****         if ((uint8_t)(pdev->NumClasses) > 0U)
 458:Middlewares/ST/STM32_USB_Device_Library/Core/Src/usbd_ctlreq.c ****         {
 459:Middlewares/ST/STM32_USB_Device_Library/Core/Src/usbd_ctlreq.c ****           pbuf = (uint8_t *)USBD_CMPSIT.GetHSConfigDescriptor(&len);
 460:Middlewares/ST/STM32_USB_Device_Library/Core/Src/usbd_ctlreq.c ****         }
 461:Middlewares/ST/STM32_USB_Device_Library/Core/Src/usbd_ctlreq.c ****         else
 462:Middlewares/ST/STM32_USB_Device_Library/Core/Src/usbd_ctlreq.c **** #endif /* USE_USBD_COMPOSITE */
 463:Middlewares/ST/STM32_USB_Device_Library/Core/Src/usbd_ctlreq.c ****         {
 464:Middlewares/ST/STM32_USB_Device_Library/Core/Src/usbd_ctlreq.c ****           pbuf = (uint8_t *)pdev->pClass[0]->GetHSConfigDescriptor(&len);
 1081              		.loc 1 464 41
 1082 006a 7B68     		ldr	r3, [r7, #4]
 1083 006c D3F8B832 		ldr	r3, [r3, #696]
 1084              		.loc 1 464 44
 1085 0070 9B6A     		ldr	r3, [r3, #40]
 1086              		.loc 1 464 18
 1087 0072 07F10802 		add	r2, r7, #8
 1088 0076 1046     		mov	r0, r2
 1089 0078 9847     		blx	r3
 1090              	.LVL5:
 1091 007a F860     		str	r0, [r7, #12]
 465:Middlewares/ST/STM32_USB_Device_Library/Core/Src/usbd_ctlreq.c ****         }
ARM GAS  /tmp/ccajabsj.s 			page 36


 466:Middlewares/ST/STM32_USB_Device_Library/Core/Src/usbd_ctlreq.c ****         pbuf[1] = USB_DESC_TYPE_CONFIGURATION;
 1092              		.loc 1 466 13
 1093 007c FB68     		ldr	r3, [r7, #12]
 1094 007e 0133     		adds	r3, r3, #1
 1095              		.loc 1 466 17
 1096 0080 0222     		movs	r2, #2
 1097 0082 1A70     		strb	r2, [r3]
 467:Middlewares/ST/STM32_USB_Device_Library/Core/Src/usbd_ctlreq.c ****       }
 468:Middlewares/ST/STM32_USB_Device_Library/Core/Src/usbd_ctlreq.c ****       else
 469:Middlewares/ST/STM32_USB_Device_Library/Core/Src/usbd_ctlreq.c ****       {
 470:Middlewares/ST/STM32_USB_Device_Library/Core/Src/usbd_ctlreq.c **** #ifdef USE_USBD_COMPOSITE
 471:Middlewares/ST/STM32_USB_Device_Library/Core/Src/usbd_ctlreq.c ****         if ((uint8_t)(pdev->NumClasses) > 0U)
 472:Middlewares/ST/STM32_USB_Device_Library/Core/Src/usbd_ctlreq.c ****         {
 473:Middlewares/ST/STM32_USB_Device_Library/Core/Src/usbd_ctlreq.c ****           pbuf = (uint8_t *)USBD_CMPSIT.GetFSConfigDescriptor(&len);
 474:Middlewares/ST/STM32_USB_Device_Library/Core/Src/usbd_ctlreq.c ****         }
 475:Middlewares/ST/STM32_USB_Device_Library/Core/Src/usbd_ctlreq.c ****         else
 476:Middlewares/ST/STM32_USB_Device_Library/Core/Src/usbd_ctlreq.c **** #endif /* USE_USBD_COMPOSITE */
 477:Middlewares/ST/STM32_USB_Device_Library/Core/Src/usbd_ctlreq.c ****         {
 478:Middlewares/ST/STM32_USB_Device_Library/Core/Src/usbd_ctlreq.c ****           pbuf = (uint8_t *)pdev->pClass[0]->GetFSConfigDescriptor(&len);
 479:Middlewares/ST/STM32_USB_Device_Library/Core/Src/usbd_ctlreq.c ****         }
 480:Middlewares/ST/STM32_USB_Device_Library/Core/Src/usbd_ctlreq.c ****         pbuf[1] = USB_DESC_TYPE_CONFIGURATION;
 481:Middlewares/ST/STM32_USB_Device_Library/Core/Src/usbd_ctlreq.c ****       }
 482:Middlewares/ST/STM32_USB_Device_Library/Core/Src/usbd_ctlreq.c ****       break;
 1098              		.loc 1 482 7
 1099 0084 07E1     		b	.L86
 1100              	.L87:
 478:Middlewares/ST/STM32_USB_Device_Library/Core/Src/usbd_ctlreq.c ****         }
 1101              		.loc 1 478 41
 1102 0086 7B68     		ldr	r3, [r7, #4]
 1103 0088 D3F8B832 		ldr	r3, [r3, #696]
 478:Middlewares/ST/STM32_USB_Device_Library/Core/Src/usbd_ctlreq.c ****         }
 1104              		.loc 1 478 44
 1105 008c DB6A     		ldr	r3, [r3, #44]
 478:Middlewares/ST/STM32_USB_Device_Library/Core/Src/usbd_ctlreq.c ****         }
 1106              		.loc 1 478 18
 1107 008e 07F10802 		add	r2, r7, #8
 1108 0092 1046     		mov	r0, r2
 1109 0094 9847     		blx	r3
 1110              	.LVL6:
 1111 0096 F860     		str	r0, [r7, #12]
 480:Middlewares/ST/STM32_USB_Device_Library/Core/Src/usbd_ctlreq.c ****       }
 1112              		.loc 1 480 13
 1113 0098 FB68     		ldr	r3, [r7, #12]
 1114 009a 0133     		adds	r3, r3, #1
 480:Middlewares/ST/STM32_USB_Device_Library/Core/Src/usbd_ctlreq.c ****       }
 1115              		.loc 1 480 17
 1116 009c 0222     		movs	r2, #2
 1117 009e 1A70     		strb	r2, [r3]
 1118              		.loc 1 482 7
 1119 00a0 F9E0     		b	.L86
 1120              	.L83:
 483:Middlewares/ST/STM32_USB_Device_Library/Core/Src/usbd_ctlreq.c **** 
 484:Middlewares/ST/STM32_USB_Device_Library/Core/Src/usbd_ctlreq.c ****     case USB_DESC_TYPE_STRING:
 485:Middlewares/ST/STM32_USB_Device_Library/Core/Src/usbd_ctlreq.c ****       switch ((uint8_t)(req->wValue))
 1121              		.loc 1 485 28
 1122 00a2 3B68     		ldr	r3, [r7]
 1123 00a4 5B88     		ldrh	r3, [r3, #2]
ARM GAS  /tmp/ccajabsj.s 			page 37


 1124              		.loc 1 485 15
 1125 00a6 DBB2     		uxtb	r3, r3
 1126              		.loc 1 485 7
 1127 00a8 052B     		cmp	r3, #5
 1128 00aa 00F09980 		beq	.L89
 1129 00ae 052B     		cmp	r3, #5
 1130 00b0 00F3B080 		bgt	.L90
 1131 00b4 042B     		cmp	r3, #4
 1132 00b6 79D0     		beq	.L91
 1133 00b8 042B     		cmp	r3, #4
 1134 00ba 00F3AB80 		bgt	.L90
 1135 00be 032B     		cmp	r3, #3
 1136 00c0 5AD0     		beq	.L92
 1137 00c2 032B     		cmp	r3, #3
 1138 00c4 00F3A680 		bgt	.L90
 1139 00c8 022B     		cmp	r3, #2
 1140 00ca 3BD0     		beq	.L93
 1141 00cc 022B     		cmp	r3, #2
 1142 00ce 00F3A180 		bgt	.L90
 1143 00d2 002B     		cmp	r3, #0
 1144 00d4 02D0     		beq	.L94
 1145 00d6 012B     		cmp	r3, #1
 1146 00d8 1AD0     		beq	.L95
 1147 00da 9BE0     		b	.L90
 1148              	.L94:
 486:Middlewares/ST/STM32_USB_Device_Library/Core/Src/usbd_ctlreq.c ****       {
 487:Middlewares/ST/STM32_USB_Device_Library/Core/Src/usbd_ctlreq.c ****         case USBD_IDX_LANGID_STR:
 488:Middlewares/ST/STM32_USB_Device_Library/Core/Src/usbd_ctlreq.c ****           if (pdev->pDesc->GetLangIDStrDescriptor != NULL)
 1149              		.loc 1 488 19
 1150 00dc 7B68     		ldr	r3, [r7, #4]
 1151 00de D3F8B432 		ldr	r3, [r3, #692]
 1152              		.loc 1 488 26
 1153 00e2 5B68     		ldr	r3, [r3, #4]
 1154              		.loc 1 488 14
 1155 00e4 002B     		cmp	r3, #0
 1156 00e6 0BD0     		beq	.L96
 489:Middlewares/ST/STM32_USB_Device_Library/Core/Src/usbd_ctlreq.c ****           {
 490:Middlewares/ST/STM32_USB_Device_Library/Core/Src/usbd_ctlreq.c ****             pbuf = pdev->pDesc->GetLangIDStrDescriptor(pdev->dev_speed, &len);
 1157              		.loc 1 490 24
 1158 00e8 7B68     		ldr	r3, [r7, #4]
 1159 00ea D3F8B432 		ldr	r3, [r3, #692]
 1160              		.loc 1 490 31
 1161 00ee 5B68     		ldr	r3, [r3, #4]
 1162              		.loc 1 490 20
 1163 00f0 7A68     		ldr	r2, [r7, #4]
 1164 00f2 127C     		ldrb	r2, [r2, #16]	@ zero_extendqisi2
 1165 00f4 07F10801 		add	r1, r7, #8
 1166 00f8 1046     		mov	r0, r2
 1167 00fa 9847     		blx	r3
 1168              	.LVL7:
 1169 00fc F860     		str	r0, [r7, #12]
 491:Middlewares/ST/STM32_USB_Device_Library/Core/Src/usbd_ctlreq.c ****           }
 492:Middlewares/ST/STM32_USB_Device_Library/Core/Src/usbd_ctlreq.c ****           else
 493:Middlewares/ST/STM32_USB_Device_Library/Core/Src/usbd_ctlreq.c ****           {
 494:Middlewares/ST/STM32_USB_Device_Library/Core/Src/usbd_ctlreq.c ****             USBD_CtlError(pdev, req);
 495:Middlewares/ST/STM32_USB_Device_Library/Core/Src/usbd_ctlreq.c ****             err++;
 496:Middlewares/ST/STM32_USB_Device_Library/Core/Src/usbd_ctlreq.c ****           }
ARM GAS  /tmp/ccajabsj.s 			page 38


 497:Middlewares/ST/STM32_USB_Device_Library/Core/Src/usbd_ctlreq.c ****           break;
 1170              		.loc 1 497 11
 1171 00fe 91E0     		b	.L98
 1172              	.L96:
 494:Middlewares/ST/STM32_USB_Device_Library/Core/Src/usbd_ctlreq.c ****             err++;
 1173              		.loc 1 494 13
 1174 0100 3968     		ldr	r1, [r7]
 1175 0102 7868     		ldr	r0, [r7, #4]
 1176 0104 FFF7FEFF 		bl	USBD_CtlError
 495:Middlewares/ST/STM32_USB_Device_Library/Core/Src/usbd_ctlreq.c ****           }
 1177              		.loc 1 495 16
 1178 0108 FB7A     		ldrb	r3, [r7, #11]	@ zero_extendqisi2
 1179 010a 0133     		adds	r3, r3, #1
 1180 010c FB72     		strb	r3, [r7, #11]
 1181              		.loc 1 497 11
 1182 010e 89E0     		b	.L98
 1183              	.L95:
 498:Middlewares/ST/STM32_USB_Device_Library/Core/Src/usbd_ctlreq.c **** 
 499:Middlewares/ST/STM32_USB_Device_Library/Core/Src/usbd_ctlreq.c ****         case USBD_IDX_MFC_STR:
 500:Middlewares/ST/STM32_USB_Device_Library/Core/Src/usbd_ctlreq.c ****           if (pdev->pDesc->GetManufacturerStrDescriptor != NULL)
 1184              		.loc 1 500 19
 1185 0110 7B68     		ldr	r3, [r7, #4]
 1186 0112 D3F8B432 		ldr	r3, [r3, #692]
 1187              		.loc 1 500 26
 1188 0116 9B68     		ldr	r3, [r3, #8]
 1189              		.loc 1 500 14
 1190 0118 002B     		cmp	r3, #0
 1191 011a 0BD0     		beq	.L99
 501:Middlewares/ST/STM32_USB_Device_Library/Core/Src/usbd_ctlreq.c ****           {
 502:Middlewares/ST/STM32_USB_Device_Library/Core/Src/usbd_ctlreq.c ****             pbuf = pdev->pDesc->GetManufacturerStrDescriptor(pdev->dev_speed, &len);
 1192              		.loc 1 502 24
 1193 011c 7B68     		ldr	r3, [r7, #4]
 1194 011e D3F8B432 		ldr	r3, [r3, #692]
 1195              		.loc 1 502 31
 1196 0122 9B68     		ldr	r3, [r3, #8]
 1197              		.loc 1 502 20
 1198 0124 7A68     		ldr	r2, [r7, #4]
 1199 0126 127C     		ldrb	r2, [r2, #16]	@ zero_extendqisi2
 1200 0128 07F10801 		add	r1, r7, #8
 1201 012c 1046     		mov	r0, r2
 1202 012e 9847     		blx	r3
 1203              	.LVL8:
 1204 0130 F860     		str	r0, [r7, #12]
 503:Middlewares/ST/STM32_USB_Device_Library/Core/Src/usbd_ctlreq.c ****           }
 504:Middlewares/ST/STM32_USB_Device_Library/Core/Src/usbd_ctlreq.c ****           else
 505:Middlewares/ST/STM32_USB_Device_Library/Core/Src/usbd_ctlreq.c ****           {
 506:Middlewares/ST/STM32_USB_Device_Library/Core/Src/usbd_ctlreq.c ****             USBD_CtlError(pdev, req);
 507:Middlewares/ST/STM32_USB_Device_Library/Core/Src/usbd_ctlreq.c ****             err++;
 508:Middlewares/ST/STM32_USB_Device_Library/Core/Src/usbd_ctlreq.c ****           }
 509:Middlewares/ST/STM32_USB_Device_Library/Core/Src/usbd_ctlreq.c ****           break;
 1205              		.loc 1 509 11
 1206 0132 77E0     		b	.L98
 1207              	.L99:
 506:Middlewares/ST/STM32_USB_Device_Library/Core/Src/usbd_ctlreq.c ****             err++;
 1208              		.loc 1 506 13
 1209 0134 3968     		ldr	r1, [r7]
 1210 0136 7868     		ldr	r0, [r7, #4]
ARM GAS  /tmp/ccajabsj.s 			page 39


 1211 0138 FFF7FEFF 		bl	USBD_CtlError
 507:Middlewares/ST/STM32_USB_Device_Library/Core/Src/usbd_ctlreq.c ****           }
 1212              		.loc 1 507 16
 1213 013c FB7A     		ldrb	r3, [r7, #11]	@ zero_extendqisi2
 1214 013e 0133     		adds	r3, r3, #1
 1215 0140 FB72     		strb	r3, [r7, #11]
 1216              		.loc 1 509 11
 1217 0142 6FE0     		b	.L98
 1218              	.L93:
 510:Middlewares/ST/STM32_USB_Device_Library/Core/Src/usbd_ctlreq.c **** 
 511:Middlewares/ST/STM32_USB_Device_Library/Core/Src/usbd_ctlreq.c ****         case USBD_IDX_PRODUCT_STR:
 512:Middlewares/ST/STM32_USB_Device_Library/Core/Src/usbd_ctlreq.c ****           if (pdev->pDesc->GetProductStrDescriptor != NULL)
 1219              		.loc 1 512 19
 1220 0144 7B68     		ldr	r3, [r7, #4]
 1221 0146 D3F8B432 		ldr	r3, [r3, #692]
 1222              		.loc 1 512 26
 1223 014a DB68     		ldr	r3, [r3, #12]
 1224              		.loc 1 512 14
 1225 014c 002B     		cmp	r3, #0
 1226 014e 0BD0     		beq	.L101
 513:Middlewares/ST/STM32_USB_Device_Library/Core/Src/usbd_ctlreq.c ****           {
 514:Middlewares/ST/STM32_USB_Device_Library/Core/Src/usbd_ctlreq.c ****             pbuf = pdev->pDesc->GetProductStrDescriptor(pdev->dev_speed, &len);
 1227              		.loc 1 514 24
 1228 0150 7B68     		ldr	r3, [r7, #4]
 1229 0152 D3F8B432 		ldr	r3, [r3, #692]
 1230              		.loc 1 514 31
 1231 0156 DB68     		ldr	r3, [r3, #12]
 1232              		.loc 1 514 20
 1233 0158 7A68     		ldr	r2, [r7, #4]
 1234 015a 127C     		ldrb	r2, [r2, #16]	@ zero_extendqisi2
 1235 015c 07F10801 		add	r1, r7, #8
 1236 0160 1046     		mov	r0, r2
 1237 0162 9847     		blx	r3
 1238              	.LVL9:
 1239 0164 F860     		str	r0, [r7, #12]
 515:Middlewares/ST/STM32_USB_Device_Library/Core/Src/usbd_ctlreq.c ****           }
 516:Middlewares/ST/STM32_USB_Device_Library/Core/Src/usbd_ctlreq.c ****           else
 517:Middlewares/ST/STM32_USB_Device_Library/Core/Src/usbd_ctlreq.c ****           {
 518:Middlewares/ST/STM32_USB_Device_Library/Core/Src/usbd_ctlreq.c ****             USBD_CtlError(pdev, req);
 519:Middlewares/ST/STM32_USB_Device_Library/Core/Src/usbd_ctlreq.c ****             err++;
 520:Middlewares/ST/STM32_USB_Device_Library/Core/Src/usbd_ctlreq.c ****           }
 521:Middlewares/ST/STM32_USB_Device_Library/Core/Src/usbd_ctlreq.c ****           break;
 1240              		.loc 1 521 11
 1241 0166 5DE0     		b	.L98
 1242              	.L101:
 518:Middlewares/ST/STM32_USB_Device_Library/Core/Src/usbd_ctlreq.c ****             err++;
 1243              		.loc 1 518 13
 1244 0168 3968     		ldr	r1, [r7]
 1245 016a 7868     		ldr	r0, [r7, #4]
 1246 016c FFF7FEFF 		bl	USBD_CtlError
 519:Middlewares/ST/STM32_USB_Device_Library/Core/Src/usbd_ctlreq.c ****           }
 1247              		.loc 1 519 16
 1248 0170 FB7A     		ldrb	r3, [r7, #11]	@ zero_extendqisi2
 1249 0172 0133     		adds	r3, r3, #1
 1250 0174 FB72     		strb	r3, [r7, #11]
 1251              		.loc 1 521 11
 1252 0176 55E0     		b	.L98
ARM GAS  /tmp/ccajabsj.s 			page 40


 1253              	.L92:
 522:Middlewares/ST/STM32_USB_Device_Library/Core/Src/usbd_ctlreq.c **** 
 523:Middlewares/ST/STM32_USB_Device_Library/Core/Src/usbd_ctlreq.c ****         case USBD_IDX_SERIAL_STR:
 524:Middlewares/ST/STM32_USB_Device_Library/Core/Src/usbd_ctlreq.c ****           if (pdev->pDesc->GetSerialStrDescriptor != NULL)
 1254              		.loc 1 524 19
 1255 0178 7B68     		ldr	r3, [r7, #4]
 1256 017a D3F8B432 		ldr	r3, [r3, #692]
 1257              		.loc 1 524 26
 1258 017e 1B69     		ldr	r3, [r3, #16]
 1259              		.loc 1 524 14
 1260 0180 002B     		cmp	r3, #0
 1261 0182 0BD0     		beq	.L103
 525:Middlewares/ST/STM32_USB_Device_Library/Core/Src/usbd_ctlreq.c ****           {
 526:Middlewares/ST/STM32_USB_Device_Library/Core/Src/usbd_ctlreq.c ****             pbuf = pdev->pDesc->GetSerialStrDescriptor(pdev->dev_speed, &len);
 1262              		.loc 1 526 24
 1263 0184 7B68     		ldr	r3, [r7, #4]
 1264 0186 D3F8B432 		ldr	r3, [r3, #692]
 1265              		.loc 1 526 31
 1266 018a 1B69     		ldr	r3, [r3, #16]
 1267              		.loc 1 526 20
 1268 018c 7A68     		ldr	r2, [r7, #4]
 1269 018e 127C     		ldrb	r2, [r2, #16]	@ zero_extendqisi2
 1270 0190 07F10801 		add	r1, r7, #8
 1271 0194 1046     		mov	r0, r2
 1272 0196 9847     		blx	r3
 1273              	.LVL10:
 1274 0198 F860     		str	r0, [r7, #12]
 527:Middlewares/ST/STM32_USB_Device_Library/Core/Src/usbd_ctlreq.c ****           }
 528:Middlewares/ST/STM32_USB_Device_Library/Core/Src/usbd_ctlreq.c ****           else
 529:Middlewares/ST/STM32_USB_Device_Library/Core/Src/usbd_ctlreq.c ****           {
 530:Middlewares/ST/STM32_USB_Device_Library/Core/Src/usbd_ctlreq.c ****             USBD_CtlError(pdev, req);
 531:Middlewares/ST/STM32_USB_Device_Library/Core/Src/usbd_ctlreq.c ****             err++;
 532:Middlewares/ST/STM32_USB_Device_Library/Core/Src/usbd_ctlreq.c ****           }
 533:Middlewares/ST/STM32_USB_Device_Library/Core/Src/usbd_ctlreq.c ****           break;
 1275              		.loc 1 533 11
 1276 019a 43E0     		b	.L98
 1277              	.L103:
 530:Middlewares/ST/STM32_USB_Device_Library/Core/Src/usbd_ctlreq.c ****             err++;
 1278              		.loc 1 530 13
 1279 019c 3968     		ldr	r1, [r7]
 1280 019e 7868     		ldr	r0, [r7, #4]
 1281 01a0 FFF7FEFF 		bl	USBD_CtlError
 531:Middlewares/ST/STM32_USB_Device_Library/Core/Src/usbd_ctlreq.c ****           }
 1282              		.loc 1 531 16
 1283 01a4 FB7A     		ldrb	r3, [r7, #11]	@ zero_extendqisi2
 1284 01a6 0133     		adds	r3, r3, #1
 1285 01a8 FB72     		strb	r3, [r7, #11]
 1286              		.loc 1 533 11
 1287 01aa 3BE0     		b	.L98
 1288              	.L91:
 534:Middlewares/ST/STM32_USB_Device_Library/Core/Src/usbd_ctlreq.c **** 
 535:Middlewares/ST/STM32_USB_Device_Library/Core/Src/usbd_ctlreq.c ****         case USBD_IDX_CONFIG_STR:
 536:Middlewares/ST/STM32_USB_Device_Library/Core/Src/usbd_ctlreq.c ****           if (pdev->pDesc->GetConfigurationStrDescriptor != NULL)
 1289              		.loc 1 536 19
 1290 01ac 7B68     		ldr	r3, [r7, #4]
 1291 01ae D3F8B432 		ldr	r3, [r3, #692]
 1292              		.loc 1 536 26
ARM GAS  /tmp/ccajabsj.s 			page 41


 1293 01b2 5B69     		ldr	r3, [r3, #20]
 1294              		.loc 1 536 14
 1295 01b4 002B     		cmp	r3, #0
 1296 01b6 0BD0     		beq	.L105
 537:Middlewares/ST/STM32_USB_Device_Library/Core/Src/usbd_ctlreq.c ****           {
 538:Middlewares/ST/STM32_USB_Device_Library/Core/Src/usbd_ctlreq.c ****             pbuf = pdev->pDesc->GetConfigurationStrDescriptor(pdev->dev_speed, &len);
 1297              		.loc 1 538 24
 1298 01b8 7B68     		ldr	r3, [r7, #4]
 1299 01ba D3F8B432 		ldr	r3, [r3, #692]
 1300              		.loc 1 538 31
 1301 01be 5B69     		ldr	r3, [r3, #20]
 1302              		.loc 1 538 20
 1303 01c0 7A68     		ldr	r2, [r7, #4]
 1304 01c2 127C     		ldrb	r2, [r2, #16]	@ zero_extendqisi2
 1305 01c4 07F10801 		add	r1, r7, #8
 1306 01c8 1046     		mov	r0, r2
 1307 01ca 9847     		blx	r3
 1308              	.LVL11:
 1309 01cc F860     		str	r0, [r7, #12]
 539:Middlewares/ST/STM32_USB_Device_Library/Core/Src/usbd_ctlreq.c ****           }
 540:Middlewares/ST/STM32_USB_Device_Library/Core/Src/usbd_ctlreq.c ****           else
 541:Middlewares/ST/STM32_USB_Device_Library/Core/Src/usbd_ctlreq.c ****           {
 542:Middlewares/ST/STM32_USB_Device_Library/Core/Src/usbd_ctlreq.c ****             USBD_CtlError(pdev, req);
 543:Middlewares/ST/STM32_USB_Device_Library/Core/Src/usbd_ctlreq.c ****             err++;
 544:Middlewares/ST/STM32_USB_Device_Library/Core/Src/usbd_ctlreq.c ****           }
 545:Middlewares/ST/STM32_USB_Device_Library/Core/Src/usbd_ctlreq.c ****           break;
 1310              		.loc 1 545 11
 1311 01ce 29E0     		b	.L98
 1312              	.L105:
 542:Middlewares/ST/STM32_USB_Device_Library/Core/Src/usbd_ctlreq.c ****             err++;
 1313              		.loc 1 542 13
 1314 01d0 3968     		ldr	r1, [r7]
 1315 01d2 7868     		ldr	r0, [r7, #4]
 1316 01d4 FFF7FEFF 		bl	USBD_CtlError
 543:Middlewares/ST/STM32_USB_Device_Library/Core/Src/usbd_ctlreq.c ****           }
 1317              		.loc 1 543 16
 1318 01d8 FB7A     		ldrb	r3, [r7, #11]	@ zero_extendqisi2
 1319 01da 0133     		adds	r3, r3, #1
 1320 01dc FB72     		strb	r3, [r7, #11]
 1321              		.loc 1 545 11
 1322 01de 21E0     		b	.L98
 1323              	.L89:
 546:Middlewares/ST/STM32_USB_Device_Library/Core/Src/usbd_ctlreq.c **** 
 547:Middlewares/ST/STM32_USB_Device_Library/Core/Src/usbd_ctlreq.c ****         case USBD_IDX_INTERFACE_STR:
 548:Middlewares/ST/STM32_USB_Device_Library/Core/Src/usbd_ctlreq.c ****           if (pdev->pDesc->GetInterfaceStrDescriptor != NULL)
 1324              		.loc 1 548 19
 1325 01e0 7B68     		ldr	r3, [r7, #4]
 1326 01e2 D3F8B432 		ldr	r3, [r3, #692]
 1327              		.loc 1 548 26
 1328 01e6 9B69     		ldr	r3, [r3, #24]
 1329              		.loc 1 548 14
 1330 01e8 002B     		cmp	r3, #0
 1331 01ea 0BD0     		beq	.L107
 549:Middlewares/ST/STM32_USB_Device_Library/Core/Src/usbd_ctlreq.c ****           {
 550:Middlewares/ST/STM32_USB_Device_Library/Core/Src/usbd_ctlreq.c ****             pbuf = pdev->pDesc->GetInterfaceStrDescriptor(pdev->dev_speed, &len);
 1332              		.loc 1 550 24
 1333 01ec 7B68     		ldr	r3, [r7, #4]
ARM GAS  /tmp/ccajabsj.s 			page 42


 1334 01ee D3F8B432 		ldr	r3, [r3, #692]
 1335              		.loc 1 550 31
 1336 01f2 9B69     		ldr	r3, [r3, #24]
 1337              		.loc 1 550 20
 1338 01f4 7A68     		ldr	r2, [r7, #4]
 1339 01f6 127C     		ldrb	r2, [r2, #16]	@ zero_extendqisi2
 1340 01f8 07F10801 		add	r1, r7, #8
 1341 01fc 1046     		mov	r0, r2
 1342 01fe 9847     		blx	r3
 1343              	.LVL12:
 1344 0200 F860     		str	r0, [r7, #12]
 551:Middlewares/ST/STM32_USB_Device_Library/Core/Src/usbd_ctlreq.c ****           }
 552:Middlewares/ST/STM32_USB_Device_Library/Core/Src/usbd_ctlreq.c ****           else
 553:Middlewares/ST/STM32_USB_Device_Library/Core/Src/usbd_ctlreq.c ****           {
 554:Middlewares/ST/STM32_USB_Device_Library/Core/Src/usbd_ctlreq.c ****             USBD_CtlError(pdev, req);
 555:Middlewares/ST/STM32_USB_Device_Library/Core/Src/usbd_ctlreq.c ****             err++;
 556:Middlewares/ST/STM32_USB_Device_Library/Core/Src/usbd_ctlreq.c ****           }
 557:Middlewares/ST/STM32_USB_Device_Library/Core/Src/usbd_ctlreq.c ****           break;
 1345              		.loc 1 557 11
 1346 0202 0FE0     		b	.L98
 1347              	.L107:
 554:Middlewares/ST/STM32_USB_Device_Library/Core/Src/usbd_ctlreq.c ****             err++;
 1348              		.loc 1 554 13
 1349 0204 3968     		ldr	r1, [r7]
 1350 0206 7868     		ldr	r0, [r7, #4]
 1351 0208 FFF7FEFF 		bl	USBD_CtlError
 555:Middlewares/ST/STM32_USB_Device_Library/Core/Src/usbd_ctlreq.c ****           }
 1352              		.loc 1 555 16
 1353 020c FB7A     		ldrb	r3, [r7, #11]	@ zero_extendqisi2
 1354 020e 0133     		adds	r3, r3, #1
 1355 0210 FB72     		strb	r3, [r7, #11]
 1356              		.loc 1 557 11
 1357 0212 07E0     		b	.L98
 1358              	.L90:
 558:Middlewares/ST/STM32_USB_Device_Library/Core/Src/usbd_ctlreq.c **** 
 559:Middlewares/ST/STM32_USB_Device_Library/Core/Src/usbd_ctlreq.c ****         default:
 560:Middlewares/ST/STM32_USB_Device_Library/Core/Src/usbd_ctlreq.c **** #if (USBD_SUPPORT_USER_STRING_DESC == 1U)
 561:Middlewares/ST/STM32_USB_Device_Library/Core/Src/usbd_ctlreq.c ****           pbuf = NULL;
 562:Middlewares/ST/STM32_USB_Device_Library/Core/Src/usbd_ctlreq.c **** 
 563:Middlewares/ST/STM32_USB_Device_Library/Core/Src/usbd_ctlreq.c ****           for (uint32_t idx = 0U; (idx < pdev->NumClasses); idx++)
 564:Middlewares/ST/STM32_USB_Device_Library/Core/Src/usbd_ctlreq.c ****           {
 565:Middlewares/ST/STM32_USB_Device_Library/Core/Src/usbd_ctlreq.c ****             if (pdev->pClass[idx]->GetUsrStrDescriptor != NULL)
 566:Middlewares/ST/STM32_USB_Device_Library/Core/Src/usbd_ctlreq.c ****             {
 567:Middlewares/ST/STM32_USB_Device_Library/Core/Src/usbd_ctlreq.c ****               pdev->classId = idx;
 568:Middlewares/ST/STM32_USB_Device_Library/Core/Src/usbd_ctlreq.c ****               pbuf = pdev->pClass[idx]->GetUsrStrDescriptor(pdev, LOBYTE(req->wValue), &len);
 569:Middlewares/ST/STM32_USB_Device_Library/Core/Src/usbd_ctlreq.c **** 
 570:Middlewares/ST/STM32_USB_Device_Library/Core/Src/usbd_ctlreq.c ****               if (pbuf == NULL) /* This means that no class recognized the string index */
 571:Middlewares/ST/STM32_USB_Device_Library/Core/Src/usbd_ctlreq.c ****               {
 572:Middlewares/ST/STM32_USB_Device_Library/Core/Src/usbd_ctlreq.c ****                 continue;
 573:Middlewares/ST/STM32_USB_Device_Library/Core/Src/usbd_ctlreq.c ****               }
 574:Middlewares/ST/STM32_USB_Device_Library/Core/Src/usbd_ctlreq.c ****               else
 575:Middlewares/ST/STM32_USB_Device_Library/Core/Src/usbd_ctlreq.c ****               {
 576:Middlewares/ST/STM32_USB_Device_Library/Core/Src/usbd_ctlreq.c ****                 break;
 577:Middlewares/ST/STM32_USB_Device_Library/Core/Src/usbd_ctlreq.c ****               }
 578:Middlewares/ST/STM32_USB_Device_Library/Core/Src/usbd_ctlreq.c ****             }
 579:Middlewares/ST/STM32_USB_Device_Library/Core/Src/usbd_ctlreq.c ****           }
 580:Middlewares/ST/STM32_USB_Device_Library/Core/Src/usbd_ctlreq.c **** #endif /* USBD_SUPPORT_USER_STRING_DESC  */
ARM GAS  /tmp/ccajabsj.s 			page 43


 581:Middlewares/ST/STM32_USB_Device_Library/Core/Src/usbd_ctlreq.c **** 
 582:Middlewares/ST/STM32_USB_Device_Library/Core/Src/usbd_ctlreq.c **** #if (USBD_CLASS_USER_STRING_DESC == 1U)
 583:Middlewares/ST/STM32_USB_Device_Library/Core/Src/usbd_ctlreq.c ****           if (pdev->pDesc->GetUserStrDescriptor != NULL)
 584:Middlewares/ST/STM32_USB_Device_Library/Core/Src/usbd_ctlreq.c ****           {
 585:Middlewares/ST/STM32_USB_Device_Library/Core/Src/usbd_ctlreq.c ****             pbuf = pdev->pDesc->GetUserStrDescriptor(pdev->dev_speed, LOBYTE(req->wValue), &len);
 586:Middlewares/ST/STM32_USB_Device_Library/Core/Src/usbd_ctlreq.c ****           }
 587:Middlewares/ST/STM32_USB_Device_Library/Core/Src/usbd_ctlreq.c ****           else
 588:Middlewares/ST/STM32_USB_Device_Library/Core/Src/usbd_ctlreq.c ****           {
 589:Middlewares/ST/STM32_USB_Device_Library/Core/Src/usbd_ctlreq.c ****             USBD_CtlError(pdev, req);
 590:Middlewares/ST/STM32_USB_Device_Library/Core/Src/usbd_ctlreq.c ****             err++;
 591:Middlewares/ST/STM32_USB_Device_Library/Core/Src/usbd_ctlreq.c ****           }
 592:Middlewares/ST/STM32_USB_Device_Library/Core/Src/usbd_ctlreq.c **** #endif /* USBD_SUPPORT_USER_STRING_DESC  */
 593:Middlewares/ST/STM32_USB_Device_Library/Core/Src/usbd_ctlreq.c **** 
 594:Middlewares/ST/STM32_USB_Device_Library/Core/Src/usbd_ctlreq.c **** #if ((USBD_CLASS_USER_STRING_DESC == 0U) && (USBD_SUPPORT_USER_STRING_DESC == 0U))
 595:Middlewares/ST/STM32_USB_Device_Library/Core/Src/usbd_ctlreq.c ****           USBD_CtlError(pdev, req);
 1359              		.loc 1 595 11
 1360 0214 3968     		ldr	r1, [r7]
 1361 0216 7868     		ldr	r0, [r7, #4]
 1362 0218 FFF7FEFF 		bl	USBD_CtlError
 596:Middlewares/ST/STM32_USB_Device_Library/Core/Src/usbd_ctlreq.c ****           err++;
 1363              		.loc 1 596 14
 1364 021c FB7A     		ldrb	r3, [r7, #11]	@ zero_extendqisi2
 1365 021e 0133     		adds	r3, r3, #1
 1366 0220 FB72     		strb	r3, [r7, #11]
 597:Middlewares/ST/STM32_USB_Device_Library/Core/Src/usbd_ctlreq.c **** #endif /* (USBD_CLASS_USER_STRING_DESC == 0U) && (USBD_SUPPORT_USER_STRING_DESC == 0U) */
 598:Middlewares/ST/STM32_USB_Device_Library/Core/Src/usbd_ctlreq.c ****           break;
 1367              		.loc 1 598 11
 1368 0222 00BF     		nop
 1369              	.L98:
 599:Middlewares/ST/STM32_USB_Device_Library/Core/Src/usbd_ctlreq.c ****       }
 600:Middlewares/ST/STM32_USB_Device_Library/Core/Src/usbd_ctlreq.c ****       break;
 1370              		.loc 1 600 7
 1371 0224 37E0     		b	.L86
 1372              	.L82:
 601:Middlewares/ST/STM32_USB_Device_Library/Core/Src/usbd_ctlreq.c **** 
 602:Middlewares/ST/STM32_USB_Device_Library/Core/Src/usbd_ctlreq.c ****     case USB_DESC_TYPE_DEVICE_QUALIFIER:
 603:Middlewares/ST/STM32_USB_Device_Library/Core/Src/usbd_ctlreq.c ****       if (pdev->dev_speed == USBD_SPEED_HIGH)
 1373              		.loc 1 603 15
 1374 0226 7B68     		ldr	r3, [r7, #4]
 1375 0228 1B7C     		ldrb	r3, [r3, #16]	@ zero_extendqisi2
 1376              		.loc 1 603 10
 1377 022a 002B     		cmp	r3, #0
 1378 022c 09D1     		bne	.L109
 604:Middlewares/ST/STM32_USB_Device_Library/Core/Src/usbd_ctlreq.c ****       {
 605:Middlewares/ST/STM32_USB_Device_Library/Core/Src/usbd_ctlreq.c **** #ifdef USE_USBD_COMPOSITE
 606:Middlewares/ST/STM32_USB_Device_Library/Core/Src/usbd_ctlreq.c ****         if ((uint8_t)(pdev->NumClasses) > 0U)
 607:Middlewares/ST/STM32_USB_Device_Library/Core/Src/usbd_ctlreq.c ****         {
 608:Middlewares/ST/STM32_USB_Device_Library/Core/Src/usbd_ctlreq.c ****           pbuf = (uint8_t *)USBD_CMPSIT.GetDeviceQualifierDescriptor(&len);
 609:Middlewares/ST/STM32_USB_Device_Library/Core/Src/usbd_ctlreq.c ****         }
 610:Middlewares/ST/STM32_USB_Device_Library/Core/Src/usbd_ctlreq.c ****         else
 611:Middlewares/ST/STM32_USB_Device_Library/Core/Src/usbd_ctlreq.c **** #endif /* USE_USBD_COMPOSITE */
 612:Middlewares/ST/STM32_USB_Device_Library/Core/Src/usbd_ctlreq.c ****         {
 613:Middlewares/ST/STM32_USB_Device_Library/Core/Src/usbd_ctlreq.c ****           pbuf = (uint8_t *)pdev->pClass[0]->GetDeviceQualifierDescriptor(&len);
 1379              		.loc 1 613 41
 1380 022e 7B68     		ldr	r3, [r7, #4]
 1381 0230 D3F8B832 		ldr	r3, [r3, #696]
 1382              		.loc 1 613 44
ARM GAS  /tmp/ccajabsj.s 			page 44


 1383 0234 5B6B     		ldr	r3, [r3, #52]
 1384              		.loc 1 613 18
 1385 0236 07F10802 		add	r2, r7, #8
 1386 023a 1046     		mov	r0, r2
 1387 023c 9847     		blx	r3
 1388              	.LVL13:
 1389 023e F860     		str	r0, [r7, #12]
 614:Middlewares/ST/STM32_USB_Device_Library/Core/Src/usbd_ctlreq.c ****         }
 615:Middlewares/ST/STM32_USB_Device_Library/Core/Src/usbd_ctlreq.c ****       }
 616:Middlewares/ST/STM32_USB_Device_Library/Core/Src/usbd_ctlreq.c ****       else
 617:Middlewares/ST/STM32_USB_Device_Library/Core/Src/usbd_ctlreq.c ****       {
 618:Middlewares/ST/STM32_USB_Device_Library/Core/Src/usbd_ctlreq.c ****         USBD_CtlError(pdev, req);
 619:Middlewares/ST/STM32_USB_Device_Library/Core/Src/usbd_ctlreq.c ****         err++;
 620:Middlewares/ST/STM32_USB_Device_Library/Core/Src/usbd_ctlreq.c ****       }
 621:Middlewares/ST/STM32_USB_Device_Library/Core/Src/usbd_ctlreq.c ****       break;
 1390              		.loc 1 621 7
 1391 0240 29E0     		b	.L86
 1392              	.L109:
 618:Middlewares/ST/STM32_USB_Device_Library/Core/Src/usbd_ctlreq.c ****         err++;
 1393              		.loc 1 618 9
 1394 0242 3968     		ldr	r1, [r7]
 1395 0244 7868     		ldr	r0, [r7, #4]
 1396 0246 FFF7FEFF 		bl	USBD_CtlError
 619:Middlewares/ST/STM32_USB_Device_Library/Core/Src/usbd_ctlreq.c ****       }
 1397              		.loc 1 619 12
 1398 024a FB7A     		ldrb	r3, [r7, #11]	@ zero_extendqisi2
 1399 024c 0133     		adds	r3, r3, #1
 1400 024e FB72     		strb	r3, [r7, #11]
 1401              		.loc 1 621 7
 1402 0250 21E0     		b	.L86
 1403              	.L80:
 622:Middlewares/ST/STM32_USB_Device_Library/Core/Src/usbd_ctlreq.c **** 
 623:Middlewares/ST/STM32_USB_Device_Library/Core/Src/usbd_ctlreq.c ****     case USB_DESC_TYPE_OTHER_SPEED_CONFIGURATION:
 624:Middlewares/ST/STM32_USB_Device_Library/Core/Src/usbd_ctlreq.c ****       if (pdev->dev_speed == USBD_SPEED_HIGH)
 1404              		.loc 1 624 15
 1405 0252 7B68     		ldr	r3, [r7, #4]
 1406 0254 1B7C     		ldrb	r3, [r3, #16]	@ zero_extendqisi2
 1407              		.loc 1 624 10
 1408 0256 002B     		cmp	r3, #0
 1409 0258 0DD1     		bne	.L111
 625:Middlewares/ST/STM32_USB_Device_Library/Core/Src/usbd_ctlreq.c ****       {
 626:Middlewares/ST/STM32_USB_Device_Library/Core/Src/usbd_ctlreq.c **** #ifdef USE_USBD_COMPOSITE
 627:Middlewares/ST/STM32_USB_Device_Library/Core/Src/usbd_ctlreq.c ****         if ((uint8_t)(pdev->NumClasses) > 0U)
 628:Middlewares/ST/STM32_USB_Device_Library/Core/Src/usbd_ctlreq.c ****         {
 629:Middlewares/ST/STM32_USB_Device_Library/Core/Src/usbd_ctlreq.c ****           pbuf = (uint8_t *)USBD_CMPSIT.GetOtherSpeedConfigDescriptor(&len);
 630:Middlewares/ST/STM32_USB_Device_Library/Core/Src/usbd_ctlreq.c ****         }
 631:Middlewares/ST/STM32_USB_Device_Library/Core/Src/usbd_ctlreq.c ****         else
 632:Middlewares/ST/STM32_USB_Device_Library/Core/Src/usbd_ctlreq.c **** #endif /* USE_USBD_COMPOSITE */
 633:Middlewares/ST/STM32_USB_Device_Library/Core/Src/usbd_ctlreq.c ****         {
 634:Middlewares/ST/STM32_USB_Device_Library/Core/Src/usbd_ctlreq.c ****           pbuf = (uint8_t *)pdev->pClass[0]->GetOtherSpeedConfigDescriptor(&len);
 1410              		.loc 1 634 41
 1411 025a 7B68     		ldr	r3, [r7, #4]
 1412 025c D3F8B832 		ldr	r3, [r3, #696]
 1413              		.loc 1 634 44
 1414 0260 1B6B     		ldr	r3, [r3, #48]
 1415              		.loc 1 634 18
 1416 0262 07F10802 		add	r2, r7, #8
ARM GAS  /tmp/ccajabsj.s 			page 45


 1417 0266 1046     		mov	r0, r2
 1418 0268 9847     		blx	r3
 1419              	.LVL14:
 1420 026a F860     		str	r0, [r7, #12]
 635:Middlewares/ST/STM32_USB_Device_Library/Core/Src/usbd_ctlreq.c ****         }
 636:Middlewares/ST/STM32_USB_Device_Library/Core/Src/usbd_ctlreq.c ****         pbuf[1] = USB_DESC_TYPE_OTHER_SPEED_CONFIGURATION;
 1421              		.loc 1 636 13
 1422 026c FB68     		ldr	r3, [r7, #12]
 1423 026e 0133     		adds	r3, r3, #1
 1424              		.loc 1 636 17
 1425 0270 0722     		movs	r2, #7
 1426 0272 1A70     		strb	r2, [r3]
 637:Middlewares/ST/STM32_USB_Device_Library/Core/Src/usbd_ctlreq.c ****       }
 638:Middlewares/ST/STM32_USB_Device_Library/Core/Src/usbd_ctlreq.c ****       else
 639:Middlewares/ST/STM32_USB_Device_Library/Core/Src/usbd_ctlreq.c ****       {
 640:Middlewares/ST/STM32_USB_Device_Library/Core/Src/usbd_ctlreq.c ****         USBD_CtlError(pdev, req);
 641:Middlewares/ST/STM32_USB_Device_Library/Core/Src/usbd_ctlreq.c ****         err++;
 642:Middlewares/ST/STM32_USB_Device_Library/Core/Src/usbd_ctlreq.c ****       }
 643:Middlewares/ST/STM32_USB_Device_Library/Core/Src/usbd_ctlreq.c ****       break;
 1427              		.loc 1 643 7
 1428 0274 0FE0     		b	.L86
 1429              	.L111:
 640:Middlewares/ST/STM32_USB_Device_Library/Core/Src/usbd_ctlreq.c ****         err++;
 1430              		.loc 1 640 9
 1431 0276 3968     		ldr	r1, [r7]
 1432 0278 7868     		ldr	r0, [r7, #4]
 1433 027a FFF7FEFF 		bl	USBD_CtlError
 641:Middlewares/ST/STM32_USB_Device_Library/Core/Src/usbd_ctlreq.c ****       }
 1434              		.loc 1 641 12
 1435 027e FB7A     		ldrb	r3, [r7, #11]	@ zero_extendqisi2
 1436 0280 0133     		adds	r3, r3, #1
 1437 0282 FB72     		strb	r3, [r7, #11]
 1438              		.loc 1 643 7
 1439 0284 07E0     		b	.L86
 1440              	.L81:
 644:Middlewares/ST/STM32_USB_Device_Library/Core/Src/usbd_ctlreq.c **** 
 645:Middlewares/ST/STM32_USB_Device_Library/Core/Src/usbd_ctlreq.c ****     default:
 646:Middlewares/ST/STM32_USB_Device_Library/Core/Src/usbd_ctlreq.c ****       USBD_CtlError(pdev, req);
 1441              		.loc 1 646 7
 1442 0286 3968     		ldr	r1, [r7]
 1443 0288 7868     		ldr	r0, [r7, #4]
 1444 028a FFF7FEFF 		bl	USBD_CtlError
 647:Middlewares/ST/STM32_USB_Device_Library/Core/Src/usbd_ctlreq.c ****       err++;
 1445              		.loc 1 647 10
 1446 028e FB7A     		ldrb	r3, [r7, #11]	@ zero_extendqisi2
 1447 0290 0133     		adds	r3, r3, #1
 1448 0292 FB72     		strb	r3, [r7, #11]
 648:Middlewares/ST/STM32_USB_Device_Library/Core/Src/usbd_ctlreq.c ****       break;
 1449              		.loc 1 648 7
 1450 0294 00BF     		nop
 1451              	.L86:
 649:Middlewares/ST/STM32_USB_Device_Library/Core/Src/usbd_ctlreq.c ****   }
 650:Middlewares/ST/STM32_USB_Device_Library/Core/Src/usbd_ctlreq.c **** 
 651:Middlewares/ST/STM32_USB_Device_Library/Core/Src/usbd_ctlreq.c ****   if (err != 0U)
 1452              		.loc 1 651 6
 1453 0296 FB7A     		ldrb	r3, [r7, #11]	@ zero_extendqisi2
 1454 0298 002B     		cmp	r3, #0
ARM GAS  /tmp/ccajabsj.s 			page 46


 1455 029a 1ED1     		bne	.L118
 652:Middlewares/ST/STM32_USB_Device_Library/Core/Src/usbd_ctlreq.c ****   {
 653:Middlewares/ST/STM32_USB_Device_Library/Core/Src/usbd_ctlreq.c ****     return;
 654:Middlewares/ST/STM32_USB_Device_Library/Core/Src/usbd_ctlreq.c ****   }
 655:Middlewares/ST/STM32_USB_Device_Library/Core/Src/usbd_ctlreq.c **** 
 656:Middlewares/ST/STM32_USB_Device_Library/Core/Src/usbd_ctlreq.c ****   if (req->wLength != 0U)
 1456              		.loc 1 656 10
 1457 029c 3B68     		ldr	r3, [r7]
 1458 029e DB88     		ldrh	r3, [r3, #6]
 1459              		.loc 1 656 6
 1460 02a0 002B     		cmp	r3, #0
 1461 02a2 16D0     		beq	.L115
 657:Middlewares/ST/STM32_USB_Device_Library/Core/Src/usbd_ctlreq.c ****   {
 658:Middlewares/ST/STM32_USB_Device_Library/Core/Src/usbd_ctlreq.c ****     if (len != 0U)
 1462              		.loc 1 658 13
 1463 02a4 3B89     		ldrh	r3, [r7, #8]
 1464              		.loc 1 658 8
 1465 02a6 002B     		cmp	r3, #0
 1466 02a8 0ED0     		beq	.L116
 659:Middlewares/ST/STM32_USB_Device_Library/Core/Src/usbd_ctlreq.c ****     {
 660:Middlewares/ST/STM32_USB_Device_Library/Core/Src/usbd_ctlreq.c ****       len = MIN(len, req->wLength);
 1467              		.loc 1 660 13
 1468 02aa 3B68     		ldr	r3, [r7]
 1469 02ac DA88     		ldrh	r2, [r3, #6]
 1470 02ae 3B89     		ldrh	r3, [r7, #8]
 1471 02b0 9342     		cmp	r3, r2
 1472 02b2 28BF     		it	cs
 1473 02b4 1346     		movcs	r3, r2
 1474 02b6 9BB2     		uxth	r3, r3
 1475              		.loc 1 660 11
 1476 02b8 3B81     		strh	r3, [r7, #8]	@ movhi
 661:Middlewares/ST/STM32_USB_Device_Library/Core/Src/usbd_ctlreq.c ****       (void)USBD_CtlSendData(pdev, pbuf, len);
 1477              		.loc 1 661 13
 1478 02ba 3B89     		ldrh	r3, [r7, #8]
 1479 02bc 1A46     		mov	r2, r3
 1480 02be F968     		ldr	r1, [r7, #12]
 1481 02c0 7868     		ldr	r0, [r7, #4]
 1482 02c2 FFF7FEFF 		bl	USBD_CtlSendData
 1483 02c6 09E0     		b	.L79
 1484              	.L116:
 662:Middlewares/ST/STM32_USB_Device_Library/Core/Src/usbd_ctlreq.c ****     }
 663:Middlewares/ST/STM32_USB_Device_Library/Core/Src/usbd_ctlreq.c ****     else
 664:Middlewares/ST/STM32_USB_Device_Library/Core/Src/usbd_ctlreq.c ****     {
 665:Middlewares/ST/STM32_USB_Device_Library/Core/Src/usbd_ctlreq.c ****       USBD_CtlError(pdev, req);
 1485              		.loc 1 665 7
 1486 02c8 3968     		ldr	r1, [r7]
 1487 02ca 7868     		ldr	r0, [r7, #4]
 1488 02cc FFF7FEFF 		bl	USBD_CtlError
 1489 02d0 04E0     		b	.L79
 1490              	.L115:
 666:Middlewares/ST/STM32_USB_Device_Library/Core/Src/usbd_ctlreq.c ****     }
 667:Middlewares/ST/STM32_USB_Device_Library/Core/Src/usbd_ctlreq.c ****   }
 668:Middlewares/ST/STM32_USB_Device_Library/Core/Src/usbd_ctlreq.c ****   else
 669:Middlewares/ST/STM32_USB_Device_Library/Core/Src/usbd_ctlreq.c ****   {
 670:Middlewares/ST/STM32_USB_Device_Library/Core/Src/usbd_ctlreq.c ****     (void)USBD_CtlSendStatus(pdev);
 1491              		.loc 1 670 11
 1492 02d2 7868     		ldr	r0, [r7, #4]
ARM GAS  /tmp/ccajabsj.s 			page 47


 1493 02d4 FFF7FEFF 		bl	USBD_CtlSendStatus
 1494 02d8 00E0     		b	.L79
 1495              	.L118:
 653:Middlewares/ST/STM32_USB_Device_Library/Core/Src/usbd_ctlreq.c ****   }
 1496              		.loc 1 653 5 discriminator 1
 1497 02da 00BF     		nop
 1498              	.L79:
 671:Middlewares/ST/STM32_USB_Device_Library/Core/Src/usbd_ctlreq.c ****   }
 672:Middlewares/ST/STM32_USB_Device_Library/Core/Src/usbd_ctlreq.c **** }
 1499              		.loc 1 672 1
 1500 02dc 1037     		adds	r7, r7, #16
 1501              	.LCFI24:
 1502              		.cfi_def_cfa_offset 8
 1503 02de BD46     		mov	sp, r7
 1504              	.LCFI25:
 1505              		.cfi_def_cfa_register 13
 1506              		@ sp needed
 1507 02e0 80BD     		pop	{r7, pc}
 1508              		.cfi_endproc
 1509              	.LFE227:
 1511              		.section	.text.USBD_SetAddress,"ax",%progbits
 1512              		.align	1
 1513              		.syntax unified
 1514              		.thumb
 1515              		.thumb_func
 1517              	USBD_SetAddress:
 1518              	.LFB228:
 673:Middlewares/ST/STM32_USB_Device_Library/Core/Src/usbd_ctlreq.c **** 
 674:Middlewares/ST/STM32_USB_Device_Library/Core/Src/usbd_ctlreq.c **** 
 675:Middlewares/ST/STM32_USB_Device_Library/Core/Src/usbd_ctlreq.c **** /**
 676:Middlewares/ST/STM32_USB_Device_Library/Core/Src/usbd_ctlreq.c ****   * @brief  USBD_SetAddress
 677:Middlewares/ST/STM32_USB_Device_Library/Core/Src/usbd_ctlreq.c ****   *         Set device address
 678:Middlewares/ST/STM32_USB_Device_Library/Core/Src/usbd_ctlreq.c ****   * @param  pdev: device instance
 679:Middlewares/ST/STM32_USB_Device_Library/Core/Src/usbd_ctlreq.c ****   * @param  req: usb request
 680:Middlewares/ST/STM32_USB_Device_Library/Core/Src/usbd_ctlreq.c ****   * @retval None
 681:Middlewares/ST/STM32_USB_Device_Library/Core/Src/usbd_ctlreq.c ****   */
 682:Middlewares/ST/STM32_USB_Device_Library/Core/Src/usbd_ctlreq.c **** static void USBD_SetAddress(USBD_HandleTypeDef *pdev, USBD_SetupReqTypedef *req)
 683:Middlewares/ST/STM32_USB_Device_Library/Core/Src/usbd_ctlreq.c **** {
 1519              		.loc 1 683 1
 1520              		.cfi_startproc
 1521              		@ args = 0, pretend = 0, frame = 16
 1522              		@ frame_needed = 1, uses_anonymous_args = 0
 1523 0000 80B5     		push	{r7, lr}
 1524              	.LCFI26:
 1525              		.cfi_def_cfa_offset 8
 1526              		.cfi_offset 7, -8
 1527              		.cfi_offset 14, -4
 1528 0002 84B0     		sub	sp, sp, #16
 1529              	.LCFI27:
 1530              		.cfi_def_cfa_offset 24
 1531 0004 00AF     		add	r7, sp, #0
 1532              	.LCFI28:
 1533              		.cfi_def_cfa_register 7
 1534 0006 7860     		str	r0, [r7, #4]
 1535 0008 3960     		str	r1, [r7]
 684:Middlewares/ST/STM32_USB_Device_Library/Core/Src/usbd_ctlreq.c ****   uint8_t  dev_addr;
 685:Middlewares/ST/STM32_USB_Device_Library/Core/Src/usbd_ctlreq.c **** 
ARM GAS  /tmp/ccajabsj.s 			page 48


 686:Middlewares/ST/STM32_USB_Device_Library/Core/Src/usbd_ctlreq.c ****   if ((req->wIndex == 0U) && (req->wLength == 0U) && (req->wValue < 128U))
 1536              		.loc 1 686 11
 1537 000a 3B68     		ldr	r3, [r7]
 1538 000c 9B88     		ldrh	r3, [r3, #4]
 1539              		.loc 1 686 6
 1540 000e 002B     		cmp	r3, #0
 1541 0010 31D1     		bne	.L120
 1542              		.loc 1 686 34 discriminator 1
 1543 0012 3B68     		ldr	r3, [r7]
 1544 0014 DB88     		ldrh	r3, [r3, #6]
 1545              		.loc 1 686 27 discriminator 1
 1546 0016 002B     		cmp	r3, #0
 1547 0018 2DD1     		bne	.L120
 1548              		.loc 1 686 58 discriminator 2
 1549 001a 3B68     		ldr	r3, [r7]
 1550 001c 5B88     		ldrh	r3, [r3, #2]
 1551              		.loc 1 686 51 discriminator 2
 1552 001e 7F2B     		cmp	r3, #127
 1553 0020 29D8     		bhi	.L120
 687:Middlewares/ST/STM32_USB_Device_Library/Core/Src/usbd_ctlreq.c ****   {
 688:Middlewares/ST/STM32_USB_Device_Library/Core/Src/usbd_ctlreq.c ****     dev_addr = (uint8_t)(req->wValue) & 0x7FU;
 1554              		.loc 1 688 29
 1555 0022 3B68     		ldr	r3, [r7]
 1556 0024 5B88     		ldrh	r3, [r3, #2]
 1557              		.loc 1 688 16
 1558 0026 DBB2     		uxtb	r3, r3
 1559              		.loc 1 688 14
 1560 0028 03F07F03 		and	r3, r3, #127
 1561 002c FB73     		strb	r3, [r7, #15]
 689:Middlewares/ST/STM32_USB_Device_Library/Core/Src/usbd_ctlreq.c **** 
 690:Middlewares/ST/STM32_USB_Device_Library/Core/Src/usbd_ctlreq.c ****     if (pdev->dev_state == USBD_STATE_CONFIGURED)
 1562              		.loc 1 690 13
 1563 002e 7B68     		ldr	r3, [r7, #4]
 1564 0030 93F89C32 		ldrb	r3, [r3, #668]
 1565 0034 DBB2     		uxtb	r3, r3
 1566              		.loc 1 690 8
 1567 0036 032B     		cmp	r3, #3
 1568 0038 04D1     		bne	.L121
 691:Middlewares/ST/STM32_USB_Device_Library/Core/Src/usbd_ctlreq.c ****     {
 692:Middlewares/ST/STM32_USB_Device_Library/Core/Src/usbd_ctlreq.c ****       USBD_CtlError(pdev, req);
 1569              		.loc 1 692 7
 1570 003a 3968     		ldr	r1, [r7]
 1571 003c 7868     		ldr	r0, [r7, #4]
 1572 003e FFF7FEFF 		bl	USBD_CtlError
 690:Middlewares/ST/STM32_USB_Device_Library/Core/Src/usbd_ctlreq.c ****     {
 1573              		.loc 1 690 8
 1574 0042 1DE0     		b	.L124
 1575              	.L121:
 693:Middlewares/ST/STM32_USB_Device_Library/Core/Src/usbd_ctlreq.c ****     }
 694:Middlewares/ST/STM32_USB_Device_Library/Core/Src/usbd_ctlreq.c ****     else
 695:Middlewares/ST/STM32_USB_Device_Library/Core/Src/usbd_ctlreq.c ****     {
 696:Middlewares/ST/STM32_USB_Device_Library/Core/Src/usbd_ctlreq.c ****       pdev->dev_address = dev_addr;
 1576              		.loc 1 696 25
 1577 0044 7B68     		ldr	r3, [r7, #4]
 1578 0046 FA7B     		ldrb	r2, [r7, #15]
 1579 0048 83F89E22 		strb	r2, [r3, #670]
 697:Middlewares/ST/STM32_USB_Device_Library/Core/Src/usbd_ctlreq.c ****       (void)USBD_LL_SetUSBAddress(pdev, dev_addr);
ARM GAS  /tmp/ccajabsj.s 			page 49


 1580              		.loc 1 697 13
 1581 004c FB7B     		ldrb	r3, [r7, #15]	@ zero_extendqisi2
 1582 004e 1946     		mov	r1, r3
 1583 0050 7868     		ldr	r0, [r7, #4]
 1584 0052 FFF7FEFF 		bl	USBD_LL_SetUSBAddress
 698:Middlewares/ST/STM32_USB_Device_Library/Core/Src/usbd_ctlreq.c ****       (void)USBD_CtlSendStatus(pdev);
 1585              		.loc 1 698 13
 1586 0056 7868     		ldr	r0, [r7, #4]
 1587 0058 FFF7FEFF 		bl	USBD_CtlSendStatus
 699:Middlewares/ST/STM32_USB_Device_Library/Core/Src/usbd_ctlreq.c **** 
 700:Middlewares/ST/STM32_USB_Device_Library/Core/Src/usbd_ctlreq.c ****       if (dev_addr != 0U)
 1588              		.loc 1 700 10
 1589 005c FB7B     		ldrb	r3, [r7, #15]	@ zero_extendqisi2
 1590 005e 002B     		cmp	r3, #0
 1591 0060 04D0     		beq	.L123
 701:Middlewares/ST/STM32_USB_Device_Library/Core/Src/usbd_ctlreq.c ****       {
 702:Middlewares/ST/STM32_USB_Device_Library/Core/Src/usbd_ctlreq.c ****         pdev->dev_state = USBD_STATE_ADDRESSED;
 1592              		.loc 1 702 25
 1593 0062 7B68     		ldr	r3, [r7, #4]
 1594 0064 0222     		movs	r2, #2
 1595 0066 83F89C22 		strb	r2, [r3, #668]
 690:Middlewares/ST/STM32_USB_Device_Library/Core/Src/usbd_ctlreq.c ****     {
 1596              		.loc 1 690 8
 1597 006a 09E0     		b	.L124
 1598              	.L123:
 703:Middlewares/ST/STM32_USB_Device_Library/Core/Src/usbd_ctlreq.c ****       }
 704:Middlewares/ST/STM32_USB_Device_Library/Core/Src/usbd_ctlreq.c ****       else
 705:Middlewares/ST/STM32_USB_Device_Library/Core/Src/usbd_ctlreq.c ****       {
 706:Middlewares/ST/STM32_USB_Device_Library/Core/Src/usbd_ctlreq.c ****         pdev->dev_state = USBD_STATE_DEFAULT;
 1599              		.loc 1 706 25
 1600 006c 7B68     		ldr	r3, [r7, #4]
 1601 006e 0122     		movs	r2, #1
 1602 0070 83F89C22 		strb	r2, [r3, #668]
 690:Middlewares/ST/STM32_USB_Device_Library/Core/Src/usbd_ctlreq.c ****     {
 1603              		.loc 1 690 8
 1604 0074 04E0     		b	.L124
 1605              	.L120:
 707:Middlewares/ST/STM32_USB_Device_Library/Core/Src/usbd_ctlreq.c ****       }
 708:Middlewares/ST/STM32_USB_Device_Library/Core/Src/usbd_ctlreq.c ****     }
 709:Middlewares/ST/STM32_USB_Device_Library/Core/Src/usbd_ctlreq.c ****   }
 710:Middlewares/ST/STM32_USB_Device_Library/Core/Src/usbd_ctlreq.c ****   else
 711:Middlewares/ST/STM32_USB_Device_Library/Core/Src/usbd_ctlreq.c ****   {
 712:Middlewares/ST/STM32_USB_Device_Library/Core/Src/usbd_ctlreq.c ****     USBD_CtlError(pdev, req);
 1606              		.loc 1 712 5
 1607 0076 3968     		ldr	r1, [r7]
 1608 0078 7868     		ldr	r0, [r7, #4]
 1609 007a FFF7FEFF 		bl	USBD_CtlError
 713:Middlewares/ST/STM32_USB_Device_Library/Core/Src/usbd_ctlreq.c ****   }
 714:Middlewares/ST/STM32_USB_Device_Library/Core/Src/usbd_ctlreq.c **** }
 1610              		.loc 1 714 1
 1611 007e 00BF     		nop
 1612              	.L124:
 1613 0080 00BF     		nop
 1614 0082 1037     		adds	r7, r7, #16
 1615              	.LCFI29:
 1616              		.cfi_def_cfa_offset 8
 1617 0084 BD46     		mov	sp, r7
ARM GAS  /tmp/ccajabsj.s 			page 50


 1618              	.LCFI30:
 1619              		.cfi_def_cfa_register 13
 1620              		@ sp needed
 1621 0086 80BD     		pop	{r7, pc}
 1622              		.cfi_endproc
 1623              	.LFE228:
 1625              		.section	.text.USBD_SetConfig,"ax",%progbits
 1626              		.align	1
 1627              		.syntax unified
 1628              		.thumb
 1629              		.thumb_func
 1631              	USBD_SetConfig:
 1632              	.LFB229:
 715:Middlewares/ST/STM32_USB_Device_Library/Core/Src/usbd_ctlreq.c **** 
 716:Middlewares/ST/STM32_USB_Device_Library/Core/Src/usbd_ctlreq.c **** /**
 717:Middlewares/ST/STM32_USB_Device_Library/Core/Src/usbd_ctlreq.c ****   * @brief  USBD_SetConfig
 718:Middlewares/ST/STM32_USB_Device_Library/Core/Src/usbd_ctlreq.c ****   *         Handle Set device configuration request
 719:Middlewares/ST/STM32_USB_Device_Library/Core/Src/usbd_ctlreq.c ****   * @param  pdev: device instance
 720:Middlewares/ST/STM32_USB_Device_Library/Core/Src/usbd_ctlreq.c ****   * @param  req: usb request
 721:Middlewares/ST/STM32_USB_Device_Library/Core/Src/usbd_ctlreq.c ****   * @retval status
 722:Middlewares/ST/STM32_USB_Device_Library/Core/Src/usbd_ctlreq.c ****   */
 723:Middlewares/ST/STM32_USB_Device_Library/Core/Src/usbd_ctlreq.c **** static USBD_StatusTypeDef USBD_SetConfig(USBD_HandleTypeDef *pdev, USBD_SetupReqTypedef *req)
 724:Middlewares/ST/STM32_USB_Device_Library/Core/Src/usbd_ctlreq.c **** {
 1633              		.loc 1 724 1
 1634              		.cfi_startproc
 1635              		@ args = 0, pretend = 0, frame = 16
 1636              		@ frame_needed = 1, uses_anonymous_args = 0
 1637 0000 80B5     		push	{r7, lr}
 1638              	.LCFI31:
 1639              		.cfi_def_cfa_offset 8
 1640              		.cfi_offset 7, -8
 1641              		.cfi_offset 14, -4
 1642 0002 84B0     		sub	sp, sp, #16
 1643              	.LCFI32:
 1644              		.cfi_def_cfa_offset 24
 1645 0004 00AF     		add	r7, sp, #0
 1646              	.LCFI33:
 1647              		.cfi_def_cfa_register 7
 1648 0006 7860     		str	r0, [r7, #4]
 1649 0008 3960     		str	r1, [r7]
 725:Middlewares/ST/STM32_USB_Device_Library/Core/Src/usbd_ctlreq.c ****   USBD_StatusTypeDef ret = USBD_OK;
 1650              		.loc 1 725 22
 1651 000a 0023     		movs	r3, #0
 1652 000c FB73     		strb	r3, [r7, #15]
 726:Middlewares/ST/STM32_USB_Device_Library/Core/Src/usbd_ctlreq.c ****   static uint8_t cfgidx;
 727:Middlewares/ST/STM32_USB_Device_Library/Core/Src/usbd_ctlreq.c **** 
 728:Middlewares/ST/STM32_USB_Device_Library/Core/Src/usbd_ctlreq.c ****   cfgidx = (uint8_t)(req->wValue);
 1653              		.loc 1 728 25
 1654 000e 3B68     		ldr	r3, [r7]
 1655 0010 5B88     		ldrh	r3, [r3, #2]
 1656              		.loc 1 728 12
 1657 0012 DAB2     		uxtb	r2, r3
 1658              		.loc 1 728 10
 1659 0014 4E4B     		ldr	r3, .L140
 1660 0016 1A70     		strb	r2, [r3]
 729:Middlewares/ST/STM32_USB_Device_Library/Core/Src/usbd_ctlreq.c **** 
 730:Middlewares/ST/STM32_USB_Device_Library/Core/Src/usbd_ctlreq.c ****   if (cfgidx > USBD_MAX_NUM_CONFIGURATION)
ARM GAS  /tmp/ccajabsj.s 			page 51


 1661              		.loc 1 730 14
 1662 0018 4D4B     		ldr	r3, .L140
 1663 001a 1B78     		ldrb	r3, [r3]	@ zero_extendqisi2
 1664              		.loc 1 730 6
 1665 001c 012B     		cmp	r3, #1
 1666 001e 05D9     		bls	.L126
 731:Middlewares/ST/STM32_USB_Device_Library/Core/Src/usbd_ctlreq.c ****   {
 732:Middlewares/ST/STM32_USB_Device_Library/Core/Src/usbd_ctlreq.c ****     USBD_CtlError(pdev, req);
 1667              		.loc 1 732 5
 1668 0020 3968     		ldr	r1, [r7]
 1669 0022 7868     		ldr	r0, [r7, #4]
 1670 0024 FFF7FEFF 		bl	USBD_CtlError
 733:Middlewares/ST/STM32_USB_Device_Library/Core/Src/usbd_ctlreq.c ****     return USBD_FAIL;
 1671              		.loc 1 733 12
 1672 0028 0323     		movs	r3, #3
 1673 002a 8CE0     		b	.L127
 1674              	.L126:
 734:Middlewares/ST/STM32_USB_Device_Library/Core/Src/usbd_ctlreq.c ****   }
 735:Middlewares/ST/STM32_USB_Device_Library/Core/Src/usbd_ctlreq.c **** 
 736:Middlewares/ST/STM32_USB_Device_Library/Core/Src/usbd_ctlreq.c ****   switch (pdev->dev_state)
 1675              		.loc 1 736 15
 1676 002c 7B68     		ldr	r3, [r7, #4]
 1677 002e 93F89C32 		ldrb	r3, [r3, #668]
 1678 0032 DBB2     		uxtb	r3, r3
 1679              		.loc 1 736 3
 1680 0034 022B     		cmp	r3, #2
 1681 0036 02D0     		beq	.L128
 1682 0038 032B     		cmp	r3, #3
 1683 003a 29D0     		beq	.L129
 1684 003c 75E0     		b	.L139
 1685              	.L128:
 737:Middlewares/ST/STM32_USB_Device_Library/Core/Src/usbd_ctlreq.c ****   {
 738:Middlewares/ST/STM32_USB_Device_Library/Core/Src/usbd_ctlreq.c ****     case USBD_STATE_ADDRESSED:
 739:Middlewares/ST/STM32_USB_Device_Library/Core/Src/usbd_ctlreq.c ****       if (cfgidx != 0U)
 1686              		.loc 1 739 18
 1687 003e 444B     		ldr	r3, .L140
 1688 0040 1B78     		ldrb	r3, [r3]	@ zero_extendqisi2
 1689              		.loc 1 739 10
 1690 0042 002B     		cmp	r3, #0
 1691 0044 20D0     		beq	.L131
 740:Middlewares/ST/STM32_USB_Device_Library/Core/Src/usbd_ctlreq.c ****       {
 741:Middlewares/ST/STM32_USB_Device_Library/Core/Src/usbd_ctlreq.c ****         pdev->dev_config = cfgidx;
 1692              		.loc 1 741 26
 1693 0046 424B     		ldr	r3, .L140
 1694 0048 1B78     		ldrb	r3, [r3]	@ zero_extendqisi2
 1695 004a 1A46     		mov	r2, r3
 1696 004c 7B68     		ldr	r3, [r7, #4]
 1697 004e 5A60     		str	r2, [r3, #4]
 742:Middlewares/ST/STM32_USB_Device_Library/Core/Src/usbd_ctlreq.c **** 
 743:Middlewares/ST/STM32_USB_Device_Library/Core/Src/usbd_ctlreq.c ****         ret = USBD_SetClassConfig(pdev, cfgidx);
 1698              		.loc 1 743 15
 1699 0050 3F4B     		ldr	r3, .L140
 1700 0052 1B78     		ldrb	r3, [r3]	@ zero_extendqisi2
 1701 0054 1946     		mov	r1, r3
 1702 0056 7868     		ldr	r0, [r7, #4]
 1703 0058 FFF7FEFF 		bl	USBD_SetClassConfig
 1704 005c 0346     		mov	r3, r0
ARM GAS  /tmp/ccajabsj.s 			page 52


 1705 005e FB73     		strb	r3, [r7, #15]
 744:Middlewares/ST/STM32_USB_Device_Library/Core/Src/usbd_ctlreq.c **** 
 745:Middlewares/ST/STM32_USB_Device_Library/Core/Src/usbd_ctlreq.c ****         if (ret != USBD_OK)
 1706              		.loc 1 745 12
 1707 0060 FB7B     		ldrb	r3, [r7, #15]	@ zero_extendqisi2
 1708 0062 002B     		cmp	r3, #0
 1709 0064 08D0     		beq	.L132
 746:Middlewares/ST/STM32_USB_Device_Library/Core/Src/usbd_ctlreq.c ****         {
 747:Middlewares/ST/STM32_USB_Device_Library/Core/Src/usbd_ctlreq.c ****           USBD_CtlError(pdev, req);
 1710              		.loc 1 747 11
 1711 0066 3968     		ldr	r1, [r7]
 1712 0068 7868     		ldr	r0, [r7, #4]
 1713 006a FFF7FEFF 		bl	USBD_CtlError
 748:Middlewares/ST/STM32_USB_Device_Library/Core/Src/usbd_ctlreq.c ****           pdev->dev_state = USBD_STATE_ADDRESSED;
 1714              		.loc 1 748 27
 1715 006e 7B68     		ldr	r3, [r7, #4]
 1716 0070 0222     		movs	r2, #2
 1717 0072 83F89C22 		strb	r2, [r3, #668]
 749:Middlewares/ST/STM32_USB_Device_Library/Core/Src/usbd_ctlreq.c ****         }
 750:Middlewares/ST/STM32_USB_Device_Library/Core/Src/usbd_ctlreq.c ****         else
 751:Middlewares/ST/STM32_USB_Device_Library/Core/Src/usbd_ctlreq.c ****         {
 752:Middlewares/ST/STM32_USB_Device_Library/Core/Src/usbd_ctlreq.c ****           (void)USBD_CtlSendStatus(pdev);
 753:Middlewares/ST/STM32_USB_Device_Library/Core/Src/usbd_ctlreq.c ****           pdev->dev_state = USBD_STATE_CONFIGURED;
 754:Middlewares/ST/STM32_USB_Device_Library/Core/Src/usbd_ctlreq.c **** 
 755:Middlewares/ST/STM32_USB_Device_Library/Core/Src/usbd_ctlreq.c **** #if (USBD_USER_REGISTER_CALLBACK == 1U)
 756:Middlewares/ST/STM32_USB_Device_Library/Core/Src/usbd_ctlreq.c ****           if (pdev->DevStateCallback != NULL)
 757:Middlewares/ST/STM32_USB_Device_Library/Core/Src/usbd_ctlreq.c ****           {
 758:Middlewares/ST/STM32_USB_Device_Library/Core/Src/usbd_ctlreq.c ****             pdev->DevStateCallback(USBD_STATE_CONFIGURED, cfgidx);
 759:Middlewares/ST/STM32_USB_Device_Library/Core/Src/usbd_ctlreq.c ****           }
 760:Middlewares/ST/STM32_USB_Device_Library/Core/Src/usbd_ctlreq.c **** #endif /* USBD_USER_REGISTER_CALLBACK */
 761:Middlewares/ST/STM32_USB_Device_Library/Core/Src/usbd_ctlreq.c ****         }
 762:Middlewares/ST/STM32_USB_Device_Library/Core/Src/usbd_ctlreq.c ****       }
 763:Middlewares/ST/STM32_USB_Device_Library/Core/Src/usbd_ctlreq.c ****       else
 764:Middlewares/ST/STM32_USB_Device_Library/Core/Src/usbd_ctlreq.c ****       {
 765:Middlewares/ST/STM32_USB_Device_Library/Core/Src/usbd_ctlreq.c ****         (void)USBD_CtlSendStatus(pdev);
 766:Middlewares/ST/STM32_USB_Device_Library/Core/Src/usbd_ctlreq.c ****       }
 767:Middlewares/ST/STM32_USB_Device_Library/Core/Src/usbd_ctlreq.c ****       break;
 1718              		.loc 1 767 7
 1719 0076 65E0     		b	.L134
 1720              	.L132:
 752:Middlewares/ST/STM32_USB_Device_Library/Core/Src/usbd_ctlreq.c ****           pdev->dev_state = USBD_STATE_CONFIGURED;
 1721              		.loc 1 752 17
 1722 0078 7868     		ldr	r0, [r7, #4]
 1723 007a FFF7FEFF 		bl	USBD_CtlSendStatus
 753:Middlewares/ST/STM32_USB_Device_Library/Core/Src/usbd_ctlreq.c **** 
 1724              		.loc 1 753 27
 1725 007e 7B68     		ldr	r3, [r7, #4]
 1726 0080 0322     		movs	r2, #3
 1727 0082 83F89C22 		strb	r2, [r3, #668]
 1728              		.loc 1 767 7
 1729 0086 5DE0     		b	.L134
 1730              	.L131:
 765:Middlewares/ST/STM32_USB_Device_Library/Core/Src/usbd_ctlreq.c ****       }
 1731              		.loc 1 765 15
 1732 0088 7868     		ldr	r0, [r7, #4]
 1733 008a FFF7FEFF 		bl	USBD_CtlSendStatus
 1734              		.loc 1 767 7
ARM GAS  /tmp/ccajabsj.s 			page 53


 1735 008e 59E0     		b	.L134
 1736              	.L129:
 768:Middlewares/ST/STM32_USB_Device_Library/Core/Src/usbd_ctlreq.c **** 
 769:Middlewares/ST/STM32_USB_Device_Library/Core/Src/usbd_ctlreq.c ****     case USBD_STATE_CONFIGURED:
 770:Middlewares/ST/STM32_USB_Device_Library/Core/Src/usbd_ctlreq.c ****       if (cfgidx == 0U)
 1737              		.loc 1 770 18
 1738 0090 2F4B     		ldr	r3, .L140
 1739 0092 1B78     		ldrb	r3, [r3]	@ zero_extendqisi2
 1740              		.loc 1 770 10
 1741 0094 002B     		cmp	r3, #0
 1742 0096 12D1     		bne	.L135
 771:Middlewares/ST/STM32_USB_Device_Library/Core/Src/usbd_ctlreq.c ****       {
 772:Middlewares/ST/STM32_USB_Device_Library/Core/Src/usbd_ctlreq.c ****         pdev->dev_state = USBD_STATE_ADDRESSED;
 1743              		.loc 1 772 25
 1744 0098 7B68     		ldr	r3, [r7, #4]
 1745 009a 0222     		movs	r2, #2
 1746 009c 83F89C22 		strb	r2, [r3, #668]
 773:Middlewares/ST/STM32_USB_Device_Library/Core/Src/usbd_ctlreq.c ****         pdev->dev_config = cfgidx;
 1747              		.loc 1 773 26
 1748 00a0 2B4B     		ldr	r3, .L140
 1749 00a2 1B78     		ldrb	r3, [r3]	@ zero_extendqisi2
 1750 00a4 1A46     		mov	r2, r3
 1751 00a6 7B68     		ldr	r3, [r7, #4]
 1752 00a8 5A60     		str	r2, [r3, #4]
 774:Middlewares/ST/STM32_USB_Device_Library/Core/Src/usbd_ctlreq.c ****         (void)USBD_ClrClassConfig(pdev, cfgidx);
 1753              		.loc 1 774 9
 1754 00aa 294B     		ldr	r3, .L140
 1755 00ac 1B78     		ldrb	r3, [r3]	@ zero_extendqisi2
 1756              		.loc 1 774 15
 1757 00ae 1946     		mov	r1, r3
 1758 00b0 7868     		ldr	r0, [r7, #4]
 1759 00b2 FFF7FEFF 		bl	USBD_ClrClassConfig
 775:Middlewares/ST/STM32_USB_Device_Library/Core/Src/usbd_ctlreq.c ****         (void)USBD_CtlSendStatus(pdev);
 1760              		.loc 1 775 15
 1761 00b6 7868     		ldr	r0, [r7, #4]
 1762 00b8 FFF7FEFF 		bl	USBD_CtlSendStatus
 776:Middlewares/ST/STM32_USB_Device_Library/Core/Src/usbd_ctlreq.c ****       }
 777:Middlewares/ST/STM32_USB_Device_Library/Core/Src/usbd_ctlreq.c ****       else if (cfgidx != pdev->dev_config)
 778:Middlewares/ST/STM32_USB_Device_Library/Core/Src/usbd_ctlreq.c ****       {
 779:Middlewares/ST/STM32_USB_Device_Library/Core/Src/usbd_ctlreq.c ****         /* Clear old configuration */
 780:Middlewares/ST/STM32_USB_Device_Library/Core/Src/usbd_ctlreq.c ****         (void)USBD_ClrClassConfig(pdev, (uint8_t)pdev->dev_config);
 781:Middlewares/ST/STM32_USB_Device_Library/Core/Src/usbd_ctlreq.c **** 
 782:Middlewares/ST/STM32_USB_Device_Library/Core/Src/usbd_ctlreq.c ****         /* set new configuration */
 783:Middlewares/ST/STM32_USB_Device_Library/Core/Src/usbd_ctlreq.c ****         pdev->dev_config = cfgidx;
 784:Middlewares/ST/STM32_USB_Device_Library/Core/Src/usbd_ctlreq.c **** 
 785:Middlewares/ST/STM32_USB_Device_Library/Core/Src/usbd_ctlreq.c ****         ret = USBD_SetClassConfig(pdev, cfgidx);
 786:Middlewares/ST/STM32_USB_Device_Library/Core/Src/usbd_ctlreq.c **** 
 787:Middlewares/ST/STM32_USB_Device_Library/Core/Src/usbd_ctlreq.c ****         if (ret != USBD_OK)
 788:Middlewares/ST/STM32_USB_Device_Library/Core/Src/usbd_ctlreq.c ****         {
 789:Middlewares/ST/STM32_USB_Device_Library/Core/Src/usbd_ctlreq.c ****           USBD_CtlError(pdev, req);
 790:Middlewares/ST/STM32_USB_Device_Library/Core/Src/usbd_ctlreq.c ****           (void)USBD_ClrClassConfig(pdev, (uint8_t)pdev->dev_config);
 791:Middlewares/ST/STM32_USB_Device_Library/Core/Src/usbd_ctlreq.c ****           pdev->dev_state = USBD_STATE_ADDRESSED;
 792:Middlewares/ST/STM32_USB_Device_Library/Core/Src/usbd_ctlreq.c ****         }
 793:Middlewares/ST/STM32_USB_Device_Library/Core/Src/usbd_ctlreq.c ****         else
 794:Middlewares/ST/STM32_USB_Device_Library/Core/Src/usbd_ctlreq.c ****         {
 795:Middlewares/ST/STM32_USB_Device_Library/Core/Src/usbd_ctlreq.c ****           (void)USBD_CtlSendStatus(pdev);
 796:Middlewares/ST/STM32_USB_Device_Library/Core/Src/usbd_ctlreq.c ****         }
ARM GAS  /tmp/ccajabsj.s 			page 54


 797:Middlewares/ST/STM32_USB_Device_Library/Core/Src/usbd_ctlreq.c ****       }
 798:Middlewares/ST/STM32_USB_Device_Library/Core/Src/usbd_ctlreq.c ****       else
 799:Middlewares/ST/STM32_USB_Device_Library/Core/Src/usbd_ctlreq.c ****       {
 800:Middlewares/ST/STM32_USB_Device_Library/Core/Src/usbd_ctlreq.c ****         (void)USBD_CtlSendStatus(pdev);
 801:Middlewares/ST/STM32_USB_Device_Library/Core/Src/usbd_ctlreq.c ****       }
 802:Middlewares/ST/STM32_USB_Device_Library/Core/Src/usbd_ctlreq.c ****       break;
 1763              		.loc 1 802 7
 1764 00bc 42E0     		b	.L134
 1765              	.L135:
 777:Middlewares/ST/STM32_USB_Device_Library/Core/Src/usbd_ctlreq.c ****       {
 1766              		.loc 1 777 23
 1767 00be 244B     		ldr	r3, .L140
 1768 00c0 1B78     		ldrb	r3, [r3]	@ zero_extendqisi2
 1769 00c2 1A46     		mov	r2, r3
 777:Middlewares/ST/STM32_USB_Device_Library/Core/Src/usbd_ctlreq.c ****       {
 1770              		.loc 1 777 30
 1771 00c4 7B68     		ldr	r3, [r7, #4]
 1772 00c6 5B68     		ldr	r3, [r3, #4]
 777:Middlewares/ST/STM32_USB_Device_Library/Core/Src/usbd_ctlreq.c ****       {
 1773              		.loc 1 777 15
 1774 00c8 9A42     		cmp	r2, r3
 1775 00ca 2AD0     		beq	.L137
 780:Middlewares/ST/STM32_USB_Device_Library/Core/Src/usbd_ctlreq.c **** 
 1776              		.loc 1 780 54
 1777 00cc 7B68     		ldr	r3, [r7, #4]
 1778 00ce 5B68     		ldr	r3, [r3, #4]
 780:Middlewares/ST/STM32_USB_Device_Library/Core/Src/usbd_ctlreq.c **** 
 1779              		.loc 1 780 15
 1780 00d0 DBB2     		uxtb	r3, r3
 1781 00d2 1946     		mov	r1, r3
 1782 00d4 7868     		ldr	r0, [r7, #4]
 1783 00d6 FFF7FEFF 		bl	USBD_ClrClassConfig
 783:Middlewares/ST/STM32_USB_Device_Library/Core/Src/usbd_ctlreq.c **** 
 1784              		.loc 1 783 26
 1785 00da 1D4B     		ldr	r3, .L140
 1786 00dc 1B78     		ldrb	r3, [r3]	@ zero_extendqisi2
 1787 00de 1A46     		mov	r2, r3
 1788 00e0 7B68     		ldr	r3, [r7, #4]
 1789 00e2 5A60     		str	r2, [r3, #4]
 785:Middlewares/ST/STM32_USB_Device_Library/Core/Src/usbd_ctlreq.c **** 
 1790              		.loc 1 785 15
 1791 00e4 1A4B     		ldr	r3, .L140
 1792 00e6 1B78     		ldrb	r3, [r3]	@ zero_extendqisi2
 1793 00e8 1946     		mov	r1, r3
 1794 00ea 7868     		ldr	r0, [r7, #4]
 1795 00ec FFF7FEFF 		bl	USBD_SetClassConfig
 1796 00f0 0346     		mov	r3, r0
 1797 00f2 FB73     		strb	r3, [r7, #15]
 787:Middlewares/ST/STM32_USB_Device_Library/Core/Src/usbd_ctlreq.c ****         {
 1798              		.loc 1 787 12
 1799 00f4 FB7B     		ldrb	r3, [r7, #15]	@ zero_extendqisi2
 1800 00f6 002B     		cmp	r3, #0
 1801 00f8 0FD0     		beq	.L138
 789:Middlewares/ST/STM32_USB_Device_Library/Core/Src/usbd_ctlreq.c ****           (void)USBD_ClrClassConfig(pdev, (uint8_t)pdev->dev_config);
 1802              		.loc 1 789 11
 1803 00fa 3968     		ldr	r1, [r7]
 1804 00fc 7868     		ldr	r0, [r7, #4]
ARM GAS  /tmp/ccajabsj.s 			page 55


 1805 00fe FFF7FEFF 		bl	USBD_CtlError
 790:Middlewares/ST/STM32_USB_Device_Library/Core/Src/usbd_ctlreq.c ****           pdev->dev_state = USBD_STATE_ADDRESSED;
 1806              		.loc 1 790 56
 1807 0102 7B68     		ldr	r3, [r7, #4]
 1808 0104 5B68     		ldr	r3, [r3, #4]
 790:Middlewares/ST/STM32_USB_Device_Library/Core/Src/usbd_ctlreq.c ****           pdev->dev_state = USBD_STATE_ADDRESSED;
 1809              		.loc 1 790 17
 1810 0106 DBB2     		uxtb	r3, r3
 1811 0108 1946     		mov	r1, r3
 1812 010a 7868     		ldr	r0, [r7, #4]
 1813 010c FFF7FEFF 		bl	USBD_ClrClassConfig
 791:Middlewares/ST/STM32_USB_Device_Library/Core/Src/usbd_ctlreq.c ****         }
 1814              		.loc 1 791 27
 1815 0110 7B68     		ldr	r3, [r7, #4]
 1816 0112 0222     		movs	r2, #2
 1817 0114 83F89C22 		strb	r2, [r3, #668]
 1818              		.loc 1 802 7
 1819 0118 14E0     		b	.L134
 1820              	.L138:
 795:Middlewares/ST/STM32_USB_Device_Library/Core/Src/usbd_ctlreq.c ****         }
 1821              		.loc 1 795 17
 1822 011a 7868     		ldr	r0, [r7, #4]
 1823 011c FFF7FEFF 		bl	USBD_CtlSendStatus
 1824              		.loc 1 802 7
 1825 0120 10E0     		b	.L134
 1826              	.L137:
 800:Middlewares/ST/STM32_USB_Device_Library/Core/Src/usbd_ctlreq.c ****       }
 1827              		.loc 1 800 15
 1828 0122 7868     		ldr	r0, [r7, #4]
 1829 0124 FFF7FEFF 		bl	USBD_CtlSendStatus
 1830              		.loc 1 802 7
 1831 0128 0CE0     		b	.L134
 1832              	.L139:
 803:Middlewares/ST/STM32_USB_Device_Library/Core/Src/usbd_ctlreq.c **** 
 804:Middlewares/ST/STM32_USB_Device_Library/Core/Src/usbd_ctlreq.c ****     default:
 805:Middlewares/ST/STM32_USB_Device_Library/Core/Src/usbd_ctlreq.c ****       USBD_CtlError(pdev, req);
 1833              		.loc 1 805 7
 1834 012a 3968     		ldr	r1, [r7]
 1835 012c 7868     		ldr	r0, [r7, #4]
 1836 012e FFF7FEFF 		bl	USBD_CtlError
 806:Middlewares/ST/STM32_USB_Device_Library/Core/Src/usbd_ctlreq.c ****       (void)USBD_ClrClassConfig(pdev, cfgidx);
 1837              		.loc 1 806 7
 1838 0132 074B     		ldr	r3, .L140
 1839 0134 1B78     		ldrb	r3, [r3]	@ zero_extendqisi2
 1840              		.loc 1 806 13
 1841 0136 1946     		mov	r1, r3
 1842 0138 7868     		ldr	r0, [r7, #4]
 1843 013a FFF7FEFF 		bl	USBD_ClrClassConfig
 807:Middlewares/ST/STM32_USB_Device_Library/Core/Src/usbd_ctlreq.c ****       ret = USBD_FAIL;
 1844              		.loc 1 807 11
 1845 013e 0323     		movs	r3, #3
 1846 0140 FB73     		strb	r3, [r7, #15]
 808:Middlewares/ST/STM32_USB_Device_Library/Core/Src/usbd_ctlreq.c ****       break;
 1847              		.loc 1 808 7
 1848 0142 00BF     		nop
 1849              	.L134:
 809:Middlewares/ST/STM32_USB_Device_Library/Core/Src/usbd_ctlreq.c ****   }
ARM GAS  /tmp/ccajabsj.s 			page 56


 810:Middlewares/ST/STM32_USB_Device_Library/Core/Src/usbd_ctlreq.c **** 
 811:Middlewares/ST/STM32_USB_Device_Library/Core/Src/usbd_ctlreq.c ****   return ret;
 1850              		.loc 1 811 10
 1851 0144 FB7B     		ldrb	r3, [r7, #15]	@ zero_extendqisi2
 1852              	.L127:
 812:Middlewares/ST/STM32_USB_Device_Library/Core/Src/usbd_ctlreq.c **** }
 1853              		.loc 1 812 1
 1854 0146 1846     		mov	r0, r3
 1855 0148 1037     		adds	r7, r7, #16
 1856              	.LCFI34:
 1857              		.cfi_def_cfa_offset 8
 1858 014a BD46     		mov	sp, r7
 1859              	.LCFI35:
 1860              		.cfi_def_cfa_register 13
 1861              		@ sp needed
 1862 014c 80BD     		pop	{r7, pc}
 1863              	.L141:
 1864 014e 00BF     		.align	2
 1865              	.L140:
 1866 0150 00000000 		.word	cfgidx.0
 1867              		.cfi_endproc
 1868              	.LFE229:
 1870              		.section	.text.USBD_GetConfig,"ax",%progbits
 1871              		.align	1
 1872              		.syntax unified
 1873              		.thumb
 1874              		.thumb_func
 1876              	USBD_GetConfig:
 1877              	.LFB230:
 813:Middlewares/ST/STM32_USB_Device_Library/Core/Src/usbd_ctlreq.c **** 
 814:Middlewares/ST/STM32_USB_Device_Library/Core/Src/usbd_ctlreq.c **** /**
 815:Middlewares/ST/STM32_USB_Device_Library/Core/Src/usbd_ctlreq.c ****   * @brief  USBD_GetConfig
 816:Middlewares/ST/STM32_USB_Device_Library/Core/Src/usbd_ctlreq.c ****   *         Handle Get device configuration request
 817:Middlewares/ST/STM32_USB_Device_Library/Core/Src/usbd_ctlreq.c ****   * @param  pdev: device instance
 818:Middlewares/ST/STM32_USB_Device_Library/Core/Src/usbd_ctlreq.c ****   * @param  req: usb request
 819:Middlewares/ST/STM32_USB_Device_Library/Core/Src/usbd_ctlreq.c ****   * @retval None
 820:Middlewares/ST/STM32_USB_Device_Library/Core/Src/usbd_ctlreq.c ****   */
 821:Middlewares/ST/STM32_USB_Device_Library/Core/Src/usbd_ctlreq.c **** static void USBD_GetConfig(USBD_HandleTypeDef *pdev, USBD_SetupReqTypedef *req)
 822:Middlewares/ST/STM32_USB_Device_Library/Core/Src/usbd_ctlreq.c **** {
 1878              		.loc 1 822 1
 1879              		.cfi_startproc
 1880              		@ args = 0, pretend = 0, frame = 8
 1881              		@ frame_needed = 1, uses_anonymous_args = 0
 1882 0000 80B5     		push	{r7, lr}
 1883              	.LCFI36:
 1884              		.cfi_def_cfa_offset 8
 1885              		.cfi_offset 7, -8
 1886              		.cfi_offset 14, -4
 1887 0002 82B0     		sub	sp, sp, #8
 1888              	.LCFI37:
 1889              		.cfi_def_cfa_offset 16
 1890 0004 00AF     		add	r7, sp, #0
 1891              	.LCFI38:
 1892              		.cfi_def_cfa_register 7
 1893 0006 7860     		str	r0, [r7, #4]
 1894 0008 3960     		str	r1, [r7]
 823:Middlewares/ST/STM32_USB_Device_Library/Core/Src/usbd_ctlreq.c ****   if (req->wLength != 1U)
ARM GAS  /tmp/ccajabsj.s 			page 57


 1895              		.loc 1 823 10
 1896 000a 3B68     		ldr	r3, [r7]
 1897 000c DB88     		ldrh	r3, [r3, #6]
 1898              		.loc 1 823 6
 1899 000e 012B     		cmp	r3, #1
 1900 0010 04D0     		beq	.L143
 824:Middlewares/ST/STM32_USB_Device_Library/Core/Src/usbd_ctlreq.c ****   {
 825:Middlewares/ST/STM32_USB_Device_Library/Core/Src/usbd_ctlreq.c ****     USBD_CtlError(pdev, req);
 1901              		.loc 1 825 5
 1902 0012 3968     		ldr	r1, [r7]
 1903 0014 7868     		ldr	r0, [r7, #4]
 1904 0016 FFF7FEFF 		bl	USBD_CtlError
 826:Middlewares/ST/STM32_USB_Device_Library/Core/Src/usbd_ctlreq.c ****   }
 827:Middlewares/ST/STM32_USB_Device_Library/Core/Src/usbd_ctlreq.c ****   else
 828:Middlewares/ST/STM32_USB_Device_Library/Core/Src/usbd_ctlreq.c ****   {
 829:Middlewares/ST/STM32_USB_Device_Library/Core/Src/usbd_ctlreq.c ****     switch (pdev->dev_state)
 830:Middlewares/ST/STM32_USB_Device_Library/Core/Src/usbd_ctlreq.c ****     {
 831:Middlewares/ST/STM32_USB_Device_Library/Core/Src/usbd_ctlreq.c ****       case USBD_STATE_DEFAULT:
 832:Middlewares/ST/STM32_USB_Device_Library/Core/Src/usbd_ctlreq.c ****       case USBD_STATE_ADDRESSED:
 833:Middlewares/ST/STM32_USB_Device_Library/Core/Src/usbd_ctlreq.c ****         pdev->dev_default_config = 0U;
 834:Middlewares/ST/STM32_USB_Device_Library/Core/Src/usbd_ctlreq.c ****         (void)USBD_CtlSendData(pdev, (uint8_t *)&pdev->dev_default_config, 1U);
 835:Middlewares/ST/STM32_USB_Device_Library/Core/Src/usbd_ctlreq.c ****         break;
 836:Middlewares/ST/STM32_USB_Device_Library/Core/Src/usbd_ctlreq.c **** 
 837:Middlewares/ST/STM32_USB_Device_Library/Core/Src/usbd_ctlreq.c ****       case USBD_STATE_CONFIGURED:
 838:Middlewares/ST/STM32_USB_Device_Library/Core/Src/usbd_ctlreq.c ****         (void)USBD_CtlSendData(pdev, (uint8_t *)&pdev->dev_config, 1U);
 839:Middlewares/ST/STM32_USB_Device_Library/Core/Src/usbd_ctlreq.c ****         break;
 840:Middlewares/ST/STM32_USB_Device_Library/Core/Src/usbd_ctlreq.c **** 
 841:Middlewares/ST/STM32_USB_Device_Library/Core/Src/usbd_ctlreq.c ****       default:
 842:Middlewares/ST/STM32_USB_Device_Library/Core/Src/usbd_ctlreq.c ****         USBD_CtlError(pdev, req);
 843:Middlewares/ST/STM32_USB_Device_Library/Core/Src/usbd_ctlreq.c ****         break;
 844:Middlewares/ST/STM32_USB_Device_Library/Core/Src/usbd_ctlreq.c ****     }
 845:Middlewares/ST/STM32_USB_Device_Library/Core/Src/usbd_ctlreq.c ****   }
 846:Middlewares/ST/STM32_USB_Device_Library/Core/Src/usbd_ctlreq.c **** }
 1905              		.loc 1 846 1
 1906 001a 23E0     		b	.L149
 1907              	.L143:
 829:Middlewares/ST/STM32_USB_Device_Library/Core/Src/usbd_ctlreq.c ****     {
 1908              		.loc 1 829 17
 1909 001c 7B68     		ldr	r3, [r7, #4]
 1910 001e 93F89C32 		ldrb	r3, [r3, #668]
 1911 0022 DBB2     		uxtb	r3, r3
 829:Middlewares/ST/STM32_USB_Device_Library/Core/Src/usbd_ctlreq.c ****     {
 1912              		.loc 1 829 5
 1913 0024 022B     		cmp	r3, #2
 1914 0026 02DC     		bgt	.L145
 1915 0028 002B     		cmp	r3, #0
 1916 002a 03DC     		bgt	.L146
 1917 002c 15E0     		b	.L147
 1918              	.L145:
 1919 002e 032B     		cmp	r3, #3
 1920 0030 0BD0     		beq	.L148
 1921 0032 12E0     		b	.L147
 1922              	.L146:
 833:Middlewares/ST/STM32_USB_Device_Library/Core/Src/usbd_ctlreq.c ****         (void)USBD_CtlSendData(pdev, (uint8_t *)&pdev->dev_default_config, 1U);
 1923              		.loc 1 833 34
 1924 0034 7B68     		ldr	r3, [r7, #4]
 1925 0036 0022     		movs	r2, #0
ARM GAS  /tmp/ccajabsj.s 			page 58


 1926 0038 9A60     		str	r2, [r3, #8]
 834:Middlewares/ST/STM32_USB_Device_Library/Core/Src/usbd_ctlreq.c ****         break;
 1927              		.loc 1 834 49
 1928 003a 7B68     		ldr	r3, [r7, #4]
 1929 003c 0833     		adds	r3, r3, #8
 834:Middlewares/ST/STM32_USB_Device_Library/Core/Src/usbd_ctlreq.c ****         break;
 1930              		.loc 1 834 15
 1931 003e 0122     		movs	r2, #1
 1932 0040 1946     		mov	r1, r3
 1933 0042 7868     		ldr	r0, [r7, #4]
 1934 0044 FFF7FEFF 		bl	USBD_CtlSendData
 835:Middlewares/ST/STM32_USB_Device_Library/Core/Src/usbd_ctlreq.c **** 
 1935              		.loc 1 835 9
 1936 0048 0CE0     		b	.L144
 1937              	.L148:
 838:Middlewares/ST/STM32_USB_Device_Library/Core/Src/usbd_ctlreq.c ****         break;
 1938              		.loc 1 838 49
 1939 004a 7B68     		ldr	r3, [r7, #4]
 1940 004c 0433     		adds	r3, r3, #4
 838:Middlewares/ST/STM32_USB_Device_Library/Core/Src/usbd_ctlreq.c ****         break;
 1941              		.loc 1 838 15
 1942 004e 0122     		movs	r2, #1
 1943 0050 1946     		mov	r1, r3
 1944 0052 7868     		ldr	r0, [r7, #4]
 1945 0054 FFF7FEFF 		bl	USBD_CtlSendData
 839:Middlewares/ST/STM32_USB_Device_Library/Core/Src/usbd_ctlreq.c **** 
 1946              		.loc 1 839 9
 1947 0058 04E0     		b	.L144
 1948              	.L147:
 842:Middlewares/ST/STM32_USB_Device_Library/Core/Src/usbd_ctlreq.c ****         break;
 1949              		.loc 1 842 9
 1950 005a 3968     		ldr	r1, [r7]
 1951 005c 7868     		ldr	r0, [r7, #4]
 1952 005e FFF7FEFF 		bl	USBD_CtlError
 843:Middlewares/ST/STM32_USB_Device_Library/Core/Src/usbd_ctlreq.c ****     }
 1953              		.loc 1 843 9
 1954 0062 00BF     		nop
 1955              	.L144:
 1956              	.L149:
 1957              		.loc 1 846 1
 1958 0064 00BF     		nop
 1959 0066 0837     		adds	r7, r7, #8
 1960              	.LCFI39:
 1961              		.cfi_def_cfa_offset 8
 1962 0068 BD46     		mov	sp, r7
 1963              	.LCFI40:
 1964              		.cfi_def_cfa_register 13
 1965              		@ sp needed
 1966 006a 80BD     		pop	{r7, pc}
 1967              		.cfi_endproc
 1968              	.LFE230:
 1970              		.section	.text.USBD_GetStatus,"ax",%progbits
 1971              		.align	1
 1972              		.syntax unified
 1973              		.thumb
 1974              		.thumb_func
 1976              	USBD_GetStatus:
ARM GAS  /tmp/ccajabsj.s 			page 59


 1977              	.LFB231:
 847:Middlewares/ST/STM32_USB_Device_Library/Core/Src/usbd_ctlreq.c **** 
 848:Middlewares/ST/STM32_USB_Device_Library/Core/Src/usbd_ctlreq.c **** /**
 849:Middlewares/ST/STM32_USB_Device_Library/Core/Src/usbd_ctlreq.c ****   * @brief  USBD_GetStatus
 850:Middlewares/ST/STM32_USB_Device_Library/Core/Src/usbd_ctlreq.c ****   *         Handle Get Status request
 851:Middlewares/ST/STM32_USB_Device_Library/Core/Src/usbd_ctlreq.c ****   * @param  pdev: device instance
 852:Middlewares/ST/STM32_USB_Device_Library/Core/Src/usbd_ctlreq.c ****   * @param  req: usb request
 853:Middlewares/ST/STM32_USB_Device_Library/Core/Src/usbd_ctlreq.c ****   * @retval None
 854:Middlewares/ST/STM32_USB_Device_Library/Core/Src/usbd_ctlreq.c ****   */
 855:Middlewares/ST/STM32_USB_Device_Library/Core/Src/usbd_ctlreq.c **** static void USBD_GetStatus(USBD_HandleTypeDef *pdev, USBD_SetupReqTypedef *req)
 856:Middlewares/ST/STM32_USB_Device_Library/Core/Src/usbd_ctlreq.c **** {
 1978              		.loc 1 856 1
 1979              		.cfi_startproc
 1980              		@ args = 0, pretend = 0, frame = 8
 1981              		@ frame_needed = 1, uses_anonymous_args = 0
 1982 0000 80B5     		push	{r7, lr}
 1983              	.LCFI41:
 1984              		.cfi_def_cfa_offset 8
 1985              		.cfi_offset 7, -8
 1986              		.cfi_offset 14, -4
 1987 0002 82B0     		sub	sp, sp, #8
 1988              	.LCFI42:
 1989              		.cfi_def_cfa_offset 16
 1990 0004 00AF     		add	r7, sp, #0
 1991              	.LCFI43:
 1992              		.cfi_def_cfa_register 7
 1993 0006 7860     		str	r0, [r7, #4]
 1994 0008 3960     		str	r1, [r7]
 857:Middlewares/ST/STM32_USB_Device_Library/Core/Src/usbd_ctlreq.c ****   switch (pdev->dev_state)
 1995              		.loc 1 857 15
 1996 000a 7B68     		ldr	r3, [r7, #4]
 1997 000c 93F89C32 		ldrb	r3, [r3, #668]
 1998 0010 DBB2     		uxtb	r3, r3
 1999 0012 013B     		subs	r3, r3, #1
 2000              		.loc 1 857 3
 2001 0014 022B     		cmp	r3, #2
 2002 0016 1ED8     		bhi	.L151
 858:Middlewares/ST/STM32_USB_Device_Library/Core/Src/usbd_ctlreq.c ****   {
 859:Middlewares/ST/STM32_USB_Device_Library/Core/Src/usbd_ctlreq.c ****     case USBD_STATE_DEFAULT:
 860:Middlewares/ST/STM32_USB_Device_Library/Core/Src/usbd_ctlreq.c ****     case USBD_STATE_ADDRESSED:
 861:Middlewares/ST/STM32_USB_Device_Library/Core/Src/usbd_ctlreq.c ****     case USBD_STATE_CONFIGURED:
 862:Middlewares/ST/STM32_USB_Device_Library/Core/Src/usbd_ctlreq.c ****       if (req->wLength != 0x2U)
 2003              		.loc 1 862 14
 2004 0018 3B68     		ldr	r3, [r7]
 2005 001a DB88     		ldrh	r3, [r3, #6]
 2006              		.loc 1 862 10
 2007 001c 022B     		cmp	r3, #2
 2008 001e 04D0     		beq	.L152
 863:Middlewares/ST/STM32_USB_Device_Library/Core/Src/usbd_ctlreq.c ****       {
 864:Middlewares/ST/STM32_USB_Device_Library/Core/Src/usbd_ctlreq.c ****         USBD_CtlError(pdev, req);
 2009              		.loc 1 864 9
 2010 0020 3968     		ldr	r1, [r7]
 2011 0022 7868     		ldr	r0, [r7, #4]
 2012 0024 FFF7FEFF 		bl	USBD_CtlError
 865:Middlewares/ST/STM32_USB_Device_Library/Core/Src/usbd_ctlreq.c ****         break;
 2013              		.loc 1 865 9
 2014 0028 1AE0     		b	.L153
ARM GAS  /tmp/ccajabsj.s 			page 60


 2015              	.L152:
 866:Middlewares/ST/STM32_USB_Device_Library/Core/Src/usbd_ctlreq.c ****       }
 867:Middlewares/ST/STM32_USB_Device_Library/Core/Src/usbd_ctlreq.c **** 
 868:Middlewares/ST/STM32_USB_Device_Library/Core/Src/usbd_ctlreq.c **** #if (USBD_SELF_POWERED == 1U)
 869:Middlewares/ST/STM32_USB_Device_Library/Core/Src/usbd_ctlreq.c ****       pdev->dev_config_status = USB_CONFIG_SELF_POWERED;
 2016              		.loc 1 869 31
 2017 002a 7B68     		ldr	r3, [r7, #4]
 2018 002c 0122     		movs	r2, #1
 2019 002e DA60     		str	r2, [r3, #12]
 870:Middlewares/ST/STM32_USB_Device_Library/Core/Src/usbd_ctlreq.c **** #else
 871:Middlewares/ST/STM32_USB_Device_Library/Core/Src/usbd_ctlreq.c ****       pdev->dev_config_status = 0U;
 872:Middlewares/ST/STM32_USB_Device_Library/Core/Src/usbd_ctlreq.c **** #endif /* USBD_SELF_POWERED */
 873:Middlewares/ST/STM32_USB_Device_Library/Core/Src/usbd_ctlreq.c **** 
 874:Middlewares/ST/STM32_USB_Device_Library/Core/Src/usbd_ctlreq.c ****       if (pdev->dev_remote_wakeup != 0U)
 2020              		.loc 1 874 15
 2021 0030 7B68     		ldr	r3, [r7, #4]
 2022 0032 D3F8A432 		ldr	r3, [r3, #676]
 2023              		.loc 1 874 10
 2024 0036 002B     		cmp	r3, #0
 2025 0038 05D0     		beq	.L154
 875:Middlewares/ST/STM32_USB_Device_Library/Core/Src/usbd_ctlreq.c ****       {
 876:Middlewares/ST/STM32_USB_Device_Library/Core/Src/usbd_ctlreq.c ****         pdev->dev_config_status |= USB_CONFIG_REMOTE_WAKEUP;
 2026              		.loc 1 876 13
 2027 003a 7B68     		ldr	r3, [r7, #4]
 2028 003c DB68     		ldr	r3, [r3, #12]
 2029              		.loc 1 876 33
 2030 003e 43F00202 		orr	r2, r3, #2
 2031 0042 7B68     		ldr	r3, [r7, #4]
 2032 0044 DA60     		str	r2, [r3, #12]
 2033              	.L154:
 877:Middlewares/ST/STM32_USB_Device_Library/Core/Src/usbd_ctlreq.c ****       }
 878:Middlewares/ST/STM32_USB_Device_Library/Core/Src/usbd_ctlreq.c **** 
 879:Middlewares/ST/STM32_USB_Device_Library/Core/Src/usbd_ctlreq.c ****       (void)USBD_CtlSendData(pdev, (uint8_t *)&pdev->dev_config_status, 2U);
 2034              		.loc 1 879 47
 2035 0046 7B68     		ldr	r3, [r7, #4]
 2036 0048 0C33     		adds	r3, r3, #12
 2037              		.loc 1 879 13
 2038 004a 0222     		movs	r2, #2
 2039 004c 1946     		mov	r1, r3
 2040 004e 7868     		ldr	r0, [r7, #4]
 2041 0050 FFF7FEFF 		bl	USBD_CtlSendData
 880:Middlewares/ST/STM32_USB_Device_Library/Core/Src/usbd_ctlreq.c ****       break;
 2042              		.loc 1 880 7
 2043 0054 04E0     		b	.L153
 2044              	.L151:
 881:Middlewares/ST/STM32_USB_Device_Library/Core/Src/usbd_ctlreq.c **** 
 882:Middlewares/ST/STM32_USB_Device_Library/Core/Src/usbd_ctlreq.c ****     default:
 883:Middlewares/ST/STM32_USB_Device_Library/Core/Src/usbd_ctlreq.c ****       USBD_CtlError(pdev, req);
 2045              		.loc 1 883 7
 2046 0056 3968     		ldr	r1, [r7]
 2047 0058 7868     		ldr	r0, [r7, #4]
 2048 005a FFF7FEFF 		bl	USBD_CtlError
 884:Middlewares/ST/STM32_USB_Device_Library/Core/Src/usbd_ctlreq.c ****       break;
 2049              		.loc 1 884 7
 2050 005e 00BF     		nop
 2051              	.L153:
 885:Middlewares/ST/STM32_USB_Device_Library/Core/Src/usbd_ctlreq.c ****   }
ARM GAS  /tmp/ccajabsj.s 			page 61


 886:Middlewares/ST/STM32_USB_Device_Library/Core/Src/usbd_ctlreq.c **** }
 2052              		.loc 1 886 1
 2053 0060 00BF     		nop
 2054 0062 0837     		adds	r7, r7, #8
 2055              	.LCFI44:
 2056              		.cfi_def_cfa_offset 8
 2057 0064 BD46     		mov	sp, r7
 2058              	.LCFI45:
 2059              		.cfi_def_cfa_register 13
 2060              		@ sp needed
 2061 0066 80BD     		pop	{r7, pc}
 2062              		.cfi_endproc
 2063              	.LFE231:
 2065              		.section	.text.USBD_SetFeature,"ax",%progbits
 2066              		.align	1
 2067              		.syntax unified
 2068              		.thumb
 2069              		.thumb_func
 2071              	USBD_SetFeature:
 2072              	.LFB232:
 887:Middlewares/ST/STM32_USB_Device_Library/Core/Src/usbd_ctlreq.c **** 
 888:Middlewares/ST/STM32_USB_Device_Library/Core/Src/usbd_ctlreq.c **** 
 889:Middlewares/ST/STM32_USB_Device_Library/Core/Src/usbd_ctlreq.c **** /**
 890:Middlewares/ST/STM32_USB_Device_Library/Core/Src/usbd_ctlreq.c ****   * @brief  USBD_SetFeature
 891:Middlewares/ST/STM32_USB_Device_Library/Core/Src/usbd_ctlreq.c ****   *         Handle Set device feature request
 892:Middlewares/ST/STM32_USB_Device_Library/Core/Src/usbd_ctlreq.c ****   * @param  pdev: device instance
 893:Middlewares/ST/STM32_USB_Device_Library/Core/Src/usbd_ctlreq.c ****   * @param  req: usb request
 894:Middlewares/ST/STM32_USB_Device_Library/Core/Src/usbd_ctlreq.c ****   * @retval None
 895:Middlewares/ST/STM32_USB_Device_Library/Core/Src/usbd_ctlreq.c ****   */
 896:Middlewares/ST/STM32_USB_Device_Library/Core/Src/usbd_ctlreq.c **** static void USBD_SetFeature(USBD_HandleTypeDef *pdev, USBD_SetupReqTypedef *req)
 897:Middlewares/ST/STM32_USB_Device_Library/Core/Src/usbd_ctlreq.c **** {
 2073              		.loc 1 897 1
 2074              		.cfi_startproc
 2075              		@ args = 0, pretend = 0, frame = 8
 2076              		@ frame_needed = 1, uses_anonymous_args = 0
 2077 0000 80B5     		push	{r7, lr}
 2078              	.LCFI46:
 2079              		.cfi_def_cfa_offset 8
 2080              		.cfi_offset 7, -8
 2081              		.cfi_offset 14, -4
 2082 0002 82B0     		sub	sp, sp, #8
 2083              	.LCFI47:
 2084              		.cfi_def_cfa_offset 16
 2085 0004 00AF     		add	r7, sp, #0
 2086              	.LCFI48:
 2087              		.cfi_def_cfa_register 7
 2088 0006 7860     		str	r0, [r7, #4]
 2089 0008 3960     		str	r1, [r7]
 898:Middlewares/ST/STM32_USB_Device_Library/Core/Src/usbd_ctlreq.c ****   if (req->wValue == USB_FEATURE_REMOTE_WAKEUP)
 2090              		.loc 1 898 10
 2091 000a 3B68     		ldr	r3, [r7]
 2092 000c 5B88     		ldrh	r3, [r3, #2]
 2093              		.loc 1 898 6
 2094 000e 012B     		cmp	r3, #1
 2095 0010 07D1     		bne	.L156
 899:Middlewares/ST/STM32_USB_Device_Library/Core/Src/usbd_ctlreq.c ****   {
 900:Middlewares/ST/STM32_USB_Device_Library/Core/Src/usbd_ctlreq.c ****     pdev->dev_remote_wakeup = 1U;
ARM GAS  /tmp/ccajabsj.s 			page 62


 2096              		.loc 1 900 29
 2097 0012 7B68     		ldr	r3, [r7, #4]
 2098 0014 0122     		movs	r2, #1
 2099 0016 C3F8A422 		str	r2, [r3, #676]
 901:Middlewares/ST/STM32_USB_Device_Library/Core/Src/usbd_ctlreq.c ****     (void)USBD_CtlSendStatus(pdev);
 2100              		.loc 1 901 11
 2101 001a 7868     		ldr	r0, [r7, #4]
 2102 001c FFF7FEFF 		bl	USBD_CtlSendStatus
 902:Middlewares/ST/STM32_USB_Device_Library/Core/Src/usbd_ctlreq.c ****   }
 903:Middlewares/ST/STM32_USB_Device_Library/Core/Src/usbd_ctlreq.c ****   else if (req->wValue == USB_FEATURE_TEST_MODE)
 904:Middlewares/ST/STM32_USB_Device_Library/Core/Src/usbd_ctlreq.c ****   {
 905:Middlewares/ST/STM32_USB_Device_Library/Core/Src/usbd_ctlreq.c ****     pdev->dev_test_mode = (uint8_t)(req->wIndex >> 8);
 906:Middlewares/ST/STM32_USB_Device_Library/Core/Src/usbd_ctlreq.c ****     (void)USBD_CtlSendStatus(pdev);
 907:Middlewares/ST/STM32_USB_Device_Library/Core/Src/usbd_ctlreq.c ****   }
 908:Middlewares/ST/STM32_USB_Device_Library/Core/Src/usbd_ctlreq.c ****   else
 909:Middlewares/ST/STM32_USB_Device_Library/Core/Src/usbd_ctlreq.c ****   {
 910:Middlewares/ST/STM32_USB_Device_Library/Core/Src/usbd_ctlreq.c ****     USBD_CtlError(pdev, req);
 911:Middlewares/ST/STM32_USB_Device_Library/Core/Src/usbd_ctlreq.c ****   }
 912:Middlewares/ST/STM32_USB_Device_Library/Core/Src/usbd_ctlreq.c **** }
 2103              		.loc 1 912 1
 2104 0020 13E0     		b	.L159
 2105              	.L156:
 903:Middlewares/ST/STM32_USB_Device_Library/Core/Src/usbd_ctlreq.c ****   {
 2106              		.loc 1 903 15
 2107 0022 3B68     		ldr	r3, [r7]
 2108 0024 5B88     		ldrh	r3, [r3, #2]
 903:Middlewares/ST/STM32_USB_Device_Library/Core/Src/usbd_ctlreq.c ****   {
 2109              		.loc 1 903 11
 2110 0026 022B     		cmp	r3, #2
 2111 0028 0BD1     		bne	.L158
 905:Middlewares/ST/STM32_USB_Device_Library/Core/Src/usbd_ctlreq.c ****     (void)USBD_CtlSendStatus(pdev);
 2112              		.loc 1 905 40
 2113 002a 3B68     		ldr	r3, [r7]
 2114 002c 9B88     		ldrh	r3, [r3, #4]
 905:Middlewares/ST/STM32_USB_Device_Library/Core/Src/usbd_ctlreq.c ****     (void)USBD_CtlSendStatus(pdev);
 2115              		.loc 1 905 27
 2116 002e 1B0A     		lsrs	r3, r3, #8
 2117 0030 9BB2     		uxth	r3, r3
 2118 0032 DAB2     		uxtb	r2, r3
 905:Middlewares/ST/STM32_USB_Device_Library/Core/Src/usbd_ctlreq.c ****     (void)USBD_CtlSendStatus(pdev);
 2119              		.loc 1 905 25
 2120 0034 7B68     		ldr	r3, [r7, #4]
 2121 0036 83F8A022 		strb	r2, [r3, #672]
 906:Middlewares/ST/STM32_USB_Device_Library/Core/Src/usbd_ctlreq.c ****   }
 2122              		.loc 1 906 11
 2123 003a 7868     		ldr	r0, [r7, #4]
 2124 003c FFF7FEFF 		bl	USBD_CtlSendStatus
 2125              		.loc 1 912 1
 2126 0040 03E0     		b	.L159
 2127              	.L158:
 910:Middlewares/ST/STM32_USB_Device_Library/Core/Src/usbd_ctlreq.c ****   }
 2128              		.loc 1 910 5
 2129 0042 3968     		ldr	r1, [r7]
 2130 0044 7868     		ldr	r0, [r7, #4]
 2131 0046 FFF7FEFF 		bl	USBD_CtlError
 2132              	.L159:
 2133              		.loc 1 912 1
ARM GAS  /tmp/ccajabsj.s 			page 63


 2134 004a 00BF     		nop
 2135 004c 0837     		adds	r7, r7, #8
 2136              	.LCFI49:
 2137              		.cfi_def_cfa_offset 8
 2138 004e BD46     		mov	sp, r7
 2139              	.LCFI50:
 2140              		.cfi_def_cfa_register 13
 2141              		@ sp needed
 2142 0050 80BD     		pop	{r7, pc}
 2143              		.cfi_endproc
 2144              	.LFE232:
 2146              		.section	.text.USBD_ClrFeature,"ax",%progbits
 2147              		.align	1
 2148              		.syntax unified
 2149              		.thumb
 2150              		.thumb_func
 2152              	USBD_ClrFeature:
 2153              	.LFB233:
 913:Middlewares/ST/STM32_USB_Device_Library/Core/Src/usbd_ctlreq.c **** 
 914:Middlewares/ST/STM32_USB_Device_Library/Core/Src/usbd_ctlreq.c **** 
 915:Middlewares/ST/STM32_USB_Device_Library/Core/Src/usbd_ctlreq.c **** /**
 916:Middlewares/ST/STM32_USB_Device_Library/Core/Src/usbd_ctlreq.c ****   * @brief  USBD_ClrFeature
 917:Middlewares/ST/STM32_USB_Device_Library/Core/Src/usbd_ctlreq.c ****   *         Handle clear device feature request
 918:Middlewares/ST/STM32_USB_Device_Library/Core/Src/usbd_ctlreq.c ****   * @param  pdev: device instance
 919:Middlewares/ST/STM32_USB_Device_Library/Core/Src/usbd_ctlreq.c ****   * @param  req: usb request
 920:Middlewares/ST/STM32_USB_Device_Library/Core/Src/usbd_ctlreq.c ****   * @retval None
 921:Middlewares/ST/STM32_USB_Device_Library/Core/Src/usbd_ctlreq.c ****   */
 922:Middlewares/ST/STM32_USB_Device_Library/Core/Src/usbd_ctlreq.c **** static void USBD_ClrFeature(USBD_HandleTypeDef *pdev, USBD_SetupReqTypedef *req)
 923:Middlewares/ST/STM32_USB_Device_Library/Core/Src/usbd_ctlreq.c **** {
 2154              		.loc 1 923 1
 2155              		.cfi_startproc
 2156              		@ args = 0, pretend = 0, frame = 8
 2157              		@ frame_needed = 1, uses_anonymous_args = 0
 2158 0000 80B5     		push	{r7, lr}
 2159              	.LCFI51:
 2160              		.cfi_def_cfa_offset 8
 2161              		.cfi_offset 7, -8
 2162              		.cfi_offset 14, -4
 2163 0002 82B0     		sub	sp, sp, #8
 2164              	.LCFI52:
 2165              		.cfi_def_cfa_offset 16
 2166 0004 00AF     		add	r7, sp, #0
 2167              	.LCFI53:
 2168              		.cfi_def_cfa_register 7
 2169 0006 7860     		str	r0, [r7, #4]
 2170 0008 3960     		str	r1, [r7]
 924:Middlewares/ST/STM32_USB_Device_Library/Core/Src/usbd_ctlreq.c ****   switch (pdev->dev_state)
 2171              		.loc 1 924 15
 2172 000a 7B68     		ldr	r3, [r7, #4]
 2173 000c 93F89C32 		ldrb	r3, [r3, #668]
 2174 0010 DBB2     		uxtb	r3, r3
 2175 0012 013B     		subs	r3, r3, #1
 2176              		.loc 1 924 3
 2177 0014 022B     		cmp	r3, #2
 2178 0016 0BD8     		bhi	.L161
 925:Middlewares/ST/STM32_USB_Device_Library/Core/Src/usbd_ctlreq.c ****   {
 926:Middlewares/ST/STM32_USB_Device_Library/Core/Src/usbd_ctlreq.c ****     case USBD_STATE_DEFAULT:
ARM GAS  /tmp/ccajabsj.s 			page 64


 927:Middlewares/ST/STM32_USB_Device_Library/Core/Src/usbd_ctlreq.c ****     case USBD_STATE_ADDRESSED:
 928:Middlewares/ST/STM32_USB_Device_Library/Core/Src/usbd_ctlreq.c ****     case USBD_STATE_CONFIGURED:
 929:Middlewares/ST/STM32_USB_Device_Library/Core/Src/usbd_ctlreq.c ****       if (req->wValue == USB_FEATURE_REMOTE_WAKEUP)
 2179              		.loc 1 929 14
 2180 0018 3B68     		ldr	r3, [r7]
 2181 001a 5B88     		ldrh	r3, [r3, #2]
 2182              		.loc 1 929 10
 2183 001c 012B     		cmp	r3, #1
 2184 001e 0CD1     		bne	.L164
 930:Middlewares/ST/STM32_USB_Device_Library/Core/Src/usbd_ctlreq.c ****       {
 931:Middlewares/ST/STM32_USB_Device_Library/Core/Src/usbd_ctlreq.c ****         pdev->dev_remote_wakeup = 0U;
 2185              		.loc 1 931 33
 2186 0020 7B68     		ldr	r3, [r7, #4]
 2187 0022 0022     		movs	r2, #0
 2188 0024 C3F8A422 		str	r2, [r3, #676]
 932:Middlewares/ST/STM32_USB_Device_Library/Core/Src/usbd_ctlreq.c ****         (void)USBD_CtlSendStatus(pdev);
 2189              		.loc 1 932 15
 2190 0028 7868     		ldr	r0, [r7, #4]
 2191 002a FFF7FEFF 		bl	USBD_CtlSendStatus
 933:Middlewares/ST/STM32_USB_Device_Library/Core/Src/usbd_ctlreq.c ****       }
 934:Middlewares/ST/STM32_USB_Device_Library/Core/Src/usbd_ctlreq.c ****       break;
 2192              		.loc 1 934 7
 2193 002e 04E0     		b	.L164
 2194              	.L161:
 935:Middlewares/ST/STM32_USB_Device_Library/Core/Src/usbd_ctlreq.c **** 
 936:Middlewares/ST/STM32_USB_Device_Library/Core/Src/usbd_ctlreq.c ****     default:
 937:Middlewares/ST/STM32_USB_Device_Library/Core/Src/usbd_ctlreq.c ****       USBD_CtlError(pdev, req);
 2195              		.loc 1 937 7
 2196 0030 3968     		ldr	r1, [r7]
 2197 0032 7868     		ldr	r0, [r7, #4]
 2198 0034 FFF7FEFF 		bl	USBD_CtlError
 938:Middlewares/ST/STM32_USB_Device_Library/Core/Src/usbd_ctlreq.c ****       break;
 2199              		.loc 1 938 7
 2200 0038 00E0     		b	.L163
 2201              	.L164:
 934:Middlewares/ST/STM32_USB_Device_Library/Core/Src/usbd_ctlreq.c **** 
 2202              		.loc 1 934 7
 2203 003a 00BF     		nop
 2204              	.L163:
 939:Middlewares/ST/STM32_USB_Device_Library/Core/Src/usbd_ctlreq.c ****   }
 940:Middlewares/ST/STM32_USB_Device_Library/Core/Src/usbd_ctlreq.c **** }
 2205              		.loc 1 940 1
 2206 003c 00BF     		nop
 2207 003e 0837     		adds	r7, r7, #8
 2208              	.LCFI54:
 2209              		.cfi_def_cfa_offset 8
 2210 0040 BD46     		mov	sp, r7
 2211              	.LCFI55:
 2212              		.cfi_def_cfa_register 13
 2213              		@ sp needed
 2214 0042 80BD     		pop	{r7, pc}
 2215              		.cfi_endproc
 2216              	.LFE233:
 2218              		.section	.text.USBD_ParseSetupRequest,"ax",%progbits
 2219              		.align	1
 2220              		.global	USBD_ParseSetupRequest
 2221              		.syntax unified
ARM GAS  /tmp/ccajabsj.s 			page 65


 2222              		.thumb
 2223              		.thumb_func
 2225              	USBD_ParseSetupRequest:
 2226              	.LFB234:
 941:Middlewares/ST/STM32_USB_Device_Library/Core/Src/usbd_ctlreq.c **** 
 942:Middlewares/ST/STM32_USB_Device_Library/Core/Src/usbd_ctlreq.c **** 
 943:Middlewares/ST/STM32_USB_Device_Library/Core/Src/usbd_ctlreq.c **** /**
 944:Middlewares/ST/STM32_USB_Device_Library/Core/Src/usbd_ctlreq.c ****   * @brief  USBD_ParseSetupRequest
 945:Middlewares/ST/STM32_USB_Device_Library/Core/Src/usbd_ctlreq.c ****   *         Copy buffer into setup structure
 946:Middlewares/ST/STM32_USB_Device_Library/Core/Src/usbd_ctlreq.c ****   * @param  req: usb request
 947:Middlewares/ST/STM32_USB_Device_Library/Core/Src/usbd_ctlreq.c ****   * @param  pdata: setup data pointer
 948:Middlewares/ST/STM32_USB_Device_Library/Core/Src/usbd_ctlreq.c ****   * @retval None
 949:Middlewares/ST/STM32_USB_Device_Library/Core/Src/usbd_ctlreq.c ****   */
 950:Middlewares/ST/STM32_USB_Device_Library/Core/Src/usbd_ctlreq.c **** void USBD_ParseSetupRequest(USBD_SetupReqTypedef *req, uint8_t *pdata)
 951:Middlewares/ST/STM32_USB_Device_Library/Core/Src/usbd_ctlreq.c **** {
 2227              		.loc 1 951 1
 2228              		.cfi_startproc
 2229              		@ args = 0, pretend = 0, frame = 16
 2230              		@ frame_needed = 1, uses_anonymous_args = 0
 2231 0000 80B5     		push	{r7, lr}
 2232              	.LCFI56:
 2233              		.cfi_def_cfa_offset 8
 2234              		.cfi_offset 7, -8
 2235              		.cfi_offset 14, -4
 2236 0002 84B0     		sub	sp, sp, #16
 2237              	.LCFI57:
 2238              		.cfi_def_cfa_offset 24
 2239 0004 00AF     		add	r7, sp, #0
 2240              	.LCFI58:
 2241              		.cfi_def_cfa_register 7
 2242 0006 7860     		str	r0, [r7, #4]
 2243 0008 3960     		str	r1, [r7]
 952:Middlewares/ST/STM32_USB_Device_Library/Core/Src/usbd_ctlreq.c ****   uint8_t *pbuff = pdata;
 2244              		.loc 1 952 12
 2245 000a 3B68     		ldr	r3, [r7]
 2246 000c FB60     		str	r3, [r7, #12]
 953:Middlewares/ST/STM32_USB_Device_Library/Core/Src/usbd_ctlreq.c **** 
 954:Middlewares/ST/STM32_USB_Device_Library/Core/Src/usbd_ctlreq.c ****   req->bmRequest = *(uint8_t *)(pbuff);
 2247              		.loc 1 954 20
 2248 000e FB68     		ldr	r3, [r7, #12]
 2249 0010 1A78     		ldrb	r2, [r3]	@ zero_extendqisi2
 2250              		.loc 1 954 18
 2251 0012 7B68     		ldr	r3, [r7, #4]
 2252 0014 1A70     		strb	r2, [r3]
 955:Middlewares/ST/STM32_USB_Device_Library/Core/Src/usbd_ctlreq.c **** 
 956:Middlewares/ST/STM32_USB_Device_Library/Core/Src/usbd_ctlreq.c ****   pbuff++;
 2253              		.loc 1 956 8
 2254 0016 FB68     		ldr	r3, [r7, #12]
 2255 0018 0133     		adds	r3, r3, #1
 2256 001a FB60     		str	r3, [r7, #12]
 957:Middlewares/ST/STM32_USB_Device_Library/Core/Src/usbd_ctlreq.c ****   req->bRequest = *(uint8_t *)(pbuff);
 2257              		.loc 1 957 19
 2258 001c FB68     		ldr	r3, [r7, #12]
 2259 001e 1A78     		ldrb	r2, [r3]	@ zero_extendqisi2
 2260              		.loc 1 957 17
 2261 0020 7B68     		ldr	r3, [r7, #4]
 2262 0022 5A70     		strb	r2, [r3, #1]
ARM GAS  /tmp/ccajabsj.s 			page 66


 958:Middlewares/ST/STM32_USB_Device_Library/Core/Src/usbd_ctlreq.c **** 
 959:Middlewares/ST/STM32_USB_Device_Library/Core/Src/usbd_ctlreq.c ****   pbuff++;
 2263              		.loc 1 959 8
 2264 0024 FB68     		ldr	r3, [r7, #12]
 2265 0026 0133     		adds	r3, r3, #1
 2266 0028 FB60     		str	r3, [r7, #12]
 960:Middlewares/ST/STM32_USB_Device_Library/Core/Src/usbd_ctlreq.c ****   req->wValue = SWAPBYTE(pbuff);
 2267              		.loc 1 960 17
 2268 002a F868     		ldr	r0, [r7, #12]
 2269 002c FFF7FEFF 		bl	SWAPBYTE
 2270 0030 0346     		mov	r3, r0
 2271 0032 1A46     		mov	r2, r3
 2272              		.loc 1 960 15 discriminator 1
 2273 0034 7B68     		ldr	r3, [r7, #4]
 2274 0036 5A80     		strh	r2, [r3, #2]	@ movhi
 961:Middlewares/ST/STM32_USB_Device_Library/Core/Src/usbd_ctlreq.c **** 
 962:Middlewares/ST/STM32_USB_Device_Library/Core/Src/usbd_ctlreq.c ****   pbuff++;
 2275              		.loc 1 962 8
 2276 0038 FB68     		ldr	r3, [r7, #12]
 2277 003a 0133     		adds	r3, r3, #1
 2278 003c FB60     		str	r3, [r7, #12]
 963:Middlewares/ST/STM32_USB_Device_Library/Core/Src/usbd_ctlreq.c ****   pbuff++;
 2279              		.loc 1 963 8
 2280 003e FB68     		ldr	r3, [r7, #12]
 2281 0040 0133     		adds	r3, r3, #1
 2282 0042 FB60     		str	r3, [r7, #12]
 964:Middlewares/ST/STM32_USB_Device_Library/Core/Src/usbd_ctlreq.c ****   req->wIndex = SWAPBYTE(pbuff);
 2283              		.loc 1 964 17
 2284 0044 F868     		ldr	r0, [r7, #12]
 2285 0046 FFF7FEFF 		bl	SWAPBYTE
 2286 004a 0346     		mov	r3, r0
 2287 004c 1A46     		mov	r2, r3
 2288              		.loc 1 964 15 discriminator 1
 2289 004e 7B68     		ldr	r3, [r7, #4]
 2290 0050 9A80     		strh	r2, [r3, #4]	@ movhi
 965:Middlewares/ST/STM32_USB_Device_Library/Core/Src/usbd_ctlreq.c **** 
 966:Middlewares/ST/STM32_USB_Device_Library/Core/Src/usbd_ctlreq.c ****   pbuff++;
 2291              		.loc 1 966 8
 2292 0052 FB68     		ldr	r3, [r7, #12]
 2293 0054 0133     		adds	r3, r3, #1
 2294 0056 FB60     		str	r3, [r7, #12]
 967:Middlewares/ST/STM32_USB_Device_Library/Core/Src/usbd_ctlreq.c ****   pbuff++;
 2295              		.loc 1 967 8
 2296 0058 FB68     		ldr	r3, [r7, #12]
 2297 005a 0133     		adds	r3, r3, #1
 2298 005c FB60     		str	r3, [r7, #12]
 968:Middlewares/ST/STM32_USB_Device_Library/Core/Src/usbd_ctlreq.c ****   req->wLength = SWAPBYTE(pbuff);
 2299              		.loc 1 968 18
 2300 005e F868     		ldr	r0, [r7, #12]
 2301 0060 FFF7FEFF 		bl	SWAPBYTE
 2302 0064 0346     		mov	r3, r0
 2303 0066 1A46     		mov	r2, r3
 2304              		.loc 1 968 16 discriminator 1
 2305 0068 7B68     		ldr	r3, [r7, #4]
 2306 006a DA80     		strh	r2, [r3, #6]	@ movhi
 969:Middlewares/ST/STM32_USB_Device_Library/Core/Src/usbd_ctlreq.c **** }
 2307              		.loc 1 969 1
ARM GAS  /tmp/ccajabsj.s 			page 67


 2308 006c 00BF     		nop
 2309 006e 1037     		adds	r7, r7, #16
 2310              	.LCFI59:
 2311              		.cfi_def_cfa_offset 8
 2312 0070 BD46     		mov	sp, r7
 2313              	.LCFI60:
 2314              		.cfi_def_cfa_register 13
 2315              		@ sp needed
 2316 0072 80BD     		pop	{r7, pc}
 2317              		.cfi_endproc
 2318              	.LFE234:
 2320              		.section	.text.USBD_CtlError,"ax",%progbits
 2321              		.align	1
 2322              		.global	USBD_CtlError
 2323              		.syntax unified
 2324              		.thumb
 2325              		.thumb_func
 2327              	USBD_CtlError:
 2328              	.LFB235:
 970:Middlewares/ST/STM32_USB_Device_Library/Core/Src/usbd_ctlreq.c **** 
 971:Middlewares/ST/STM32_USB_Device_Library/Core/Src/usbd_ctlreq.c **** 
 972:Middlewares/ST/STM32_USB_Device_Library/Core/Src/usbd_ctlreq.c **** /**
 973:Middlewares/ST/STM32_USB_Device_Library/Core/Src/usbd_ctlreq.c ****   * @brief  USBD_CtlError
 974:Middlewares/ST/STM32_USB_Device_Library/Core/Src/usbd_ctlreq.c ****   *         Handle USB low level Error
 975:Middlewares/ST/STM32_USB_Device_Library/Core/Src/usbd_ctlreq.c ****   * @param  pdev: device instance
 976:Middlewares/ST/STM32_USB_Device_Library/Core/Src/usbd_ctlreq.c ****   * @param  req: usb request
 977:Middlewares/ST/STM32_USB_Device_Library/Core/Src/usbd_ctlreq.c ****   * @retval None
 978:Middlewares/ST/STM32_USB_Device_Library/Core/Src/usbd_ctlreq.c ****   */
 979:Middlewares/ST/STM32_USB_Device_Library/Core/Src/usbd_ctlreq.c **** void USBD_CtlError(USBD_HandleTypeDef *pdev, USBD_SetupReqTypedef *req)
 980:Middlewares/ST/STM32_USB_Device_Library/Core/Src/usbd_ctlreq.c **** {
 2329              		.loc 1 980 1
 2330              		.cfi_startproc
 2331              		@ args = 0, pretend = 0, frame = 8
 2332              		@ frame_needed = 1, uses_anonymous_args = 0
 2333 0000 80B5     		push	{r7, lr}
 2334              	.LCFI61:
 2335              		.cfi_def_cfa_offset 8
 2336              		.cfi_offset 7, -8
 2337              		.cfi_offset 14, -4
 2338 0002 82B0     		sub	sp, sp, #8
 2339              	.LCFI62:
 2340              		.cfi_def_cfa_offset 16
 2341 0004 00AF     		add	r7, sp, #0
 2342              	.LCFI63:
 2343              		.cfi_def_cfa_register 7
 2344 0006 7860     		str	r0, [r7, #4]
 2345 0008 3960     		str	r1, [r7]
 981:Middlewares/ST/STM32_USB_Device_Library/Core/Src/usbd_ctlreq.c ****   UNUSED(req);
 982:Middlewares/ST/STM32_USB_Device_Library/Core/Src/usbd_ctlreq.c **** 
 983:Middlewares/ST/STM32_USB_Device_Library/Core/Src/usbd_ctlreq.c ****   (void)USBD_LL_StallEP(pdev, 0x80U);
 2346              		.loc 1 983 9
 2347 000a 8021     		movs	r1, #128
 2348 000c 7868     		ldr	r0, [r7, #4]
 2349 000e FFF7FEFF 		bl	USBD_LL_StallEP
 984:Middlewares/ST/STM32_USB_Device_Library/Core/Src/usbd_ctlreq.c ****   (void)USBD_LL_StallEP(pdev, 0U);
 2350              		.loc 1 984 9
 2351 0012 0021     		movs	r1, #0
ARM GAS  /tmp/ccajabsj.s 			page 68


 2352 0014 7868     		ldr	r0, [r7, #4]
 2353 0016 FFF7FEFF 		bl	USBD_LL_StallEP
 985:Middlewares/ST/STM32_USB_Device_Library/Core/Src/usbd_ctlreq.c **** }
 2354              		.loc 1 985 1
 2355 001a 00BF     		nop
 2356 001c 0837     		adds	r7, r7, #8
 2357              	.LCFI64:
 2358              		.cfi_def_cfa_offset 8
 2359 001e BD46     		mov	sp, r7
 2360              	.LCFI65:
 2361              		.cfi_def_cfa_register 13
 2362              		@ sp needed
 2363 0020 80BD     		pop	{r7, pc}
 2364              		.cfi_endproc
 2365              	.LFE235:
 2367              		.section	.text.USBD_GetString,"ax",%progbits
 2368              		.align	1
 2369              		.global	USBD_GetString
 2370              		.syntax unified
 2371              		.thumb
 2372              		.thumb_func
 2374              	USBD_GetString:
 2375              	.LFB236:
 986:Middlewares/ST/STM32_USB_Device_Library/Core/Src/usbd_ctlreq.c **** 
 987:Middlewares/ST/STM32_USB_Device_Library/Core/Src/usbd_ctlreq.c **** 
 988:Middlewares/ST/STM32_USB_Device_Library/Core/Src/usbd_ctlreq.c **** /**
 989:Middlewares/ST/STM32_USB_Device_Library/Core/Src/usbd_ctlreq.c ****   * @brief  USBD_GetString
 990:Middlewares/ST/STM32_USB_Device_Library/Core/Src/usbd_ctlreq.c ****   *         Convert Ascii string into unicode one
 991:Middlewares/ST/STM32_USB_Device_Library/Core/Src/usbd_ctlreq.c ****   * @param  desc : descriptor buffer
 992:Middlewares/ST/STM32_USB_Device_Library/Core/Src/usbd_ctlreq.c ****   * @param  unicode : Formatted string buffer (unicode)
 993:Middlewares/ST/STM32_USB_Device_Library/Core/Src/usbd_ctlreq.c ****   * @param  len : descriptor length
 994:Middlewares/ST/STM32_USB_Device_Library/Core/Src/usbd_ctlreq.c ****   * @retval None
 995:Middlewares/ST/STM32_USB_Device_Library/Core/Src/usbd_ctlreq.c ****   */
 996:Middlewares/ST/STM32_USB_Device_Library/Core/Src/usbd_ctlreq.c **** void USBD_GetString(uint8_t *desc, uint8_t *unicode, uint16_t *len)
 997:Middlewares/ST/STM32_USB_Device_Library/Core/Src/usbd_ctlreq.c **** {
 2376              		.loc 1 997 1
 2377              		.cfi_startproc
 2378              		@ args = 0, pretend = 0, frame = 24
 2379              		@ frame_needed = 1, uses_anonymous_args = 0
 2380 0000 80B5     		push	{r7, lr}
 2381              	.LCFI66:
 2382              		.cfi_def_cfa_offset 8
 2383              		.cfi_offset 7, -8
 2384              		.cfi_offset 14, -4
 2385 0002 86B0     		sub	sp, sp, #24
 2386              	.LCFI67:
 2387              		.cfi_def_cfa_offset 32
 2388 0004 00AF     		add	r7, sp, #0
 2389              	.LCFI68:
 2390              		.cfi_def_cfa_register 7
 2391 0006 F860     		str	r0, [r7, #12]
 2392 0008 B960     		str	r1, [r7, #8]
 2393 000a 7A60     		str	r2, [r7, #4]
 998:Middlewares/ST/STM32_USB_Device_Library/Core/Src/usbd_ctlreq.c ****   uint8_t idx = 0U;
 2394              		.loc 1 998 11
 2395 000c 0023     		movs	r3, #0
 2396 000e FB75     		strb	r3, [r7, #23]
ARM GAS  /tmp/ccajabsj.s 			page 69


 999:Middlewares/ST/STM32_USB_Device_Library/Core/Src/usbd_ctlreq.c ****   uint8_t *pdesc;
1000:Middlewares/ST/STM32_USB_Device_Library/Core/Src/usbd_ctlreq.c **** 
1001:Middlewares/ST/STM32_USB_Device_Library/Core/Src/usbd_ctlreq.c ****   if (desc == NULL)
 2397              		.loc 1 1001 6
 2398 0010 FB68     		ldr	r3, [r7, #12]
 2399 0012 002B     		cmp	r3, #0
 2400 0014 42D0     		beq	.L174
1002:Middlewares/ST/STM32_USB_Device_Library/Core/Src/usbd_ctlreq.c ****   {
1003:Middlewares/ST/STM32_USB_Device_Library/Core/Src/usbd_ctlreq.c ****     return;
1004:Middlewares/ST/STM32_USB_Device_Library/Core/Src/usbd_ctlreq.c ****   }
1005:Middlewares/ST/STM32_USB_Device_Library/Core/Src/usbd_ctlreq.c **** 
1006:Middlewares/ST/STM32_USB_Device_Library/Core/Src/usbd_ctlreq.c ****   pdesc = desc;
 2401              		.loc 1 1006 9
 2402 0016 FB68     		ldr	r3, [r7, #12]
 2403 0018 3B61     		str	r3, [r7, #16]
1007:Middlewares/ST/STM32_USB_Device_Library/Core/Src/usbd_ctlreq.c ****   *len = MIN(USBD_MAX_STR_DESC_SIZ, ((uint16_t)USBD_GetLen(pdesc) * 2U) + 2U);
 2404              		.loc 1 1007 10
 2405 001a 3869     		ldr	r0, [r7, #16]
 2406 001c FFF7FEFF 		bl	USBD_GetLen
 2407 0020 0346     		mov	r3, r0
 2408              		.loc 1 1007 10 is_stmt 0 discriminator 1
 2409 0022 0133     		adds	r3, r3, #1
 2410 0024 5B00     		lsls	r3, r3, #1
 2411              		.loc 1 1007 8 is_stmt 1 discriminator 1
 2412 0026 B3F5007F 		cmp	r3, #512
 2413 002a 08D8     		bhi	.L170
 2414              		.loc 1 1007 10 discriminator 2
 2415 002c 3869     		ldr	r0, [r7, #16]
 2416 002e FFF7FEFF 		bl	USBD_GetLen
 2417 0032 0346     		mov	r3, r0
 2418              		.loc 1 1007 10 is_stmt 0 discriminator 4
 2419 0034 0133     		adds	r3, r3, #1
 2420              		.loc 1 1007 8 is_stmt 1 discriminator 4
 2421 0036 9BB2     		uxth	r3, r3
 2422 0038 5B00     		lsls	r3, r3, #1
 2423 003a 9AB2     		uxth	r2, r3
 2424 003c 01E0     		b	.L171
 2425              	.L170:
 2426              		.loc 1 1007 8 is_stmt 0 discriminator 3
 2427 003e 4FF40072 		mov	r2, #512
 2428              	.L171:
 2429              		.loc 1 1007 8 discriminator 6
 2430 0042 7B68     		ldr	r3, [r7, #4]
 2431 0044 1A80     		strh	r2, [r3]	@ movhi
1008:Middlewares/ST/STM32_USB_Device_Library/Core/Src/usbd_ctlreq.c **** 
1009:Middlewares/ST/STM32_USB_Device_Library/Core/Src/usbd_ctlreq.c ****   unicode[idx] = *(uint8_t *)len;
 2432              		.loc 1 1009 10 is_stmt 1
 2433 0046 FB7D     		ldrb	r3, [r7, #23]	@ zero_extendqisi2
 2434 0048 BA68     		ldr	r2, [r7, #8]
 2435 004a 1344     		add	r3, r3, r2
 2436              		.loc 1 1009 18
 2437 004c 7A68     		ldr	r2, [r7, #4]
 2438 004e 1278     		ldrb	r2, [r2]	@ zero_extendqisi2
 2439              		.loc 1 1009 16
 2440 0050 1A70     		strb	r2, [r3]
1010:Middlewares/ST/STM32_USB_Device_Library/Core/Src/usbd_ctlreq.c ****   idx++;
 2441              		.loc 1 1010 6
ARM GAS  /tmp/ccajabsj.s 			page 70


 2442 0052 FB7D     		ldrb	r3, [r7, #23]	@ zero_extendqisi2
 2443 0054 0133     		adds	r3, r3, #1
 2444 0056 FB75     		strb	r3, [r7, #23]
1011:Middlewares/ST/STM32_USB_Device_Library/Core/Src/usbd_ctlreq.c ****   unicode[idx] = USB_DESC_TYPE_STRING;
 2445              		.loc 1 1011 10
 2446 0058 FB7D     		ldrb	r3, [r7, #23]	@ zero_extendqisi2
 2447 005a BA68     		ldr	r2, [r7, #8]
 2448 005c 1344     		add	r3, r3, r2
 2449              		.loc 1 1011 16
 2450 005e 0322     		movs	r2, #3
 2451 0060 1A70     		strb	r2, [r3]
1012:Middlewares/ST/STM32_USB_Device_Library/Core/Src/usbd_ctlreq.c ****   idx++;
 2452              		.loc 1 1012 6
 2453 0062 FB7D     		ldrb	r3, [r7, #23]	@ zero_extendqisi2
 2454 0064 0133     		adds	r3, r3, #1
 2455 0066 FB75     		strb	r3, [r7, #23]
1013:Middlewares/ST/STM32_USB_Device_Library/Core/Src/usbd_ctlreq.c **** 
1014:Middlewares/ST/STM32_USB_Device_Library/Core/Src/usbd_ctlreq.c ****   while (*pdesc != (uint8_t)'\0')
 2456              		.loc 1 1014 9
 2457 0068 13E0     		b	.L172
 2458              	.L173:
1015:Middlewares/ST/STM32_USB_Device_Library/Core/Src/usbd_ctlreq.c ****   {
1016:Middlewares/ST/STM32_USB_Device_Library/Core/Src/usbd_ctlreq.c ****     unicode[idx] = *pdesc;
 2459              		.loc 1 1016 12
 2460 006a FB7D     		ldrb	r3, [r7, #23]	@ zero_extendqisi2
 2461 006c BA68     		ldr	r2, [r7, #8]
 2462 006e 1344     		add	r3, r3, r2
 2463              		.loc 1 1016 20
 2464 0070 3A69     		ldr	r2, [r7, #16]
 2465 0072 1278     		ldrb	r2, [r2]	@ zero_extendqisi2
 2466              		.loc 1 1016 18
 2467 0074 1A70     		strb	r2, [r3]
1017:Middlewares/ST/STM32_USB_Device_Library/Core/Src/usbd_ctlreq.c ****     pdesc++;
 2468              		.loc 1 1017 10
 2469 0076 3B69     		ldr	r3, [r7, #16]
 2470 0078 0133     		adds	r3, r3, #1
 2471 007a 3B61     		str	r3, [r7, #16]
1018:Middlewares/ST/STM32_USB_Device_Library/Core/Src/usbd_ctlreq.c ****     idx++;
 2472              		.loc 1 1018 8
 2473 007c FB7D     		ldrb	r3, [r7, #23]	@ zero_extendqisi2
 2474 007e 0133     		adds	r3, r3, #1
 2475 0080 FB75     		strb	r3, [r7, #23]
1019:Middlewares/ST/STM32_USB_Device_Library/Core/Src/usbd_ctlreq.c **** 
1020:Middlewares/ST/STM32_USB_Device_Library/Core/Src/usbd_ctlreq.c ****     unicode[idx] = 0U;
 2476              		.loc 1 1020 12
 2477 0082 FB7D     		ldrb	r3, [r7, #23]	@ zero_extendqisi2
 2478 0084 BA68     		ldr	r2, [r7, #8]
 2479 0086 1344     		add	r3, r3, r2
 2480              		.loc 1 1020 18
 2481 0088 0022     		movs	r2, #0
 2482 008a 1A70     		strb	r2, [r3]
1021:Middlewares/ST/STM32_USB_Device_Library/Core/Src/usbd_ctlreq.c ****     idx++;
 2483              		.loc 1 1021 8
 2484 008c FB7D     		ldrb	r3, [r7, #23]	@ zero_extendqisi2
 2485 008e 0133     		adds	r3, r3, #1
 2486 0090 FB75     		strb	r3, [r7, #23]
 2487              	.L172:
ARM GAS  /tmp/ccajabsj.s 			page 71


1014:Middlewares/ST/STM32_USB_Device_Library/Core/Src/usbd_ctlreq.c ****   {
 2488              		.loc 1 1014 10
 2489 0092 3B69     		ldr	r3, [r7, #16]
 2490 0094 1B78     		ldrb	r3, [r3]	@ zero_extendqisi2
1014:Middlewares/ST/STM32_USB_Device_Library/Core/Src/usbd_ctlreq.c ****   {
 2491              		.loc 1 1014 17
 2492 0096 002B     		cmp	r3, #0
 2493 0098 E7D1     		bne	.L173
 2494 009a 00E0     		b	.L167
 2495              	.L174:
1003:Middlewares/ST/STM32_USB_Device_Library/Core/Src/usbd_ctlreq.c ****   }
 2496              		.loc 1 1003 5
 2497 009c 00BF     		nop
 2498              	.L167:
1022:Middlewares/ST/STM32_USB_Device_Library/Core/Src/usbd_ctlreq.c ****   }
1023:Middlewares/ST/STM32_USB_Device_Library/Core/Src/usbd_ctlreq.c **** }
 2499              		.loc 1 1023 1
 2500 009e 1837     		adds	r7, r7, #24
 2501              	.LCFI69:
 2502              		.cfi_def_cfa_offset 8
 2503 00a0 BD46     		mov	sp, r7
 2504              	.LCFI70:
 2505              		.cfi_def_cfa_register 13
 2506              		@ sp needed
 2507 00a2 80BD     		pop	{r7, pc}
 2508              		.cfi_endproc
 2509              	.LFE236:
 2511              		.section	.text.USBD_GetLen,"ax",%progbits
 2512              		.align	1
 2513              		.syntax unified
 2514              		.thumb
 2515              		.thumb_func
 2517              	USBD_GetLen:
 2518              	.LFB237:
1024:Middlewares/ST/STM32_USB_Device_Library/Core/Src/usbd_ctlreq.c **** 
1025:Middlewares/ST/STM32_USB_Device_Library/Core/Src/usbd_ctlreq.c **** 
1026:Middlewares/ST/STM32_USB_Device_Library/Core/Src/usbd_ctlreq.c **** /**
1027:Middlewares/ST/STM32_USB_Device_Library/Core/Src/usbd_ctlreq.c ****   * @brief  USBD_GetLen
1028:Middlewares/ST/STM32_USB_Device_Library/Core/Src/usbd_ctlreq.c ****   *         return the string length
1029:Middlewares/ST/STM32_USB_Device_Library/Core/Src/usbd_ctlreq.c ****    * @param  buf : pointer to the ascii string buffer
1030:Middlewares/ST/STM32_USB_Device_Library/Core/Src/usbd_ctlreq.c ****   * @retval string length
1031:Middlewares/ST/STM32_USB_Device_Library/Core/Src/usbd_ctlreq.c ****   */
1032:Middlewares/ST/STM32_USB_Device_Library/Core/Src/usbd_ctlreq.c **** static uint8_t USBD_GetLen(uint8_t *buf)
1033:Middlewares/ST/STM32_USB_Device_Library/Core/Src/usbd_ctlreq.c **** {
 2519              		.loc 1 1033 1
 2520              		.cfi_startproc
 2521              		@ args = 0, pretend = 0, frame = 16
 2522              		@ frame_needed = 1, uses_anonymous_args = 0
 2523              		@ link register save eliminated.
 2524 0000 80B4     		push	{r7}
 2525              	.LCFI71:
 2526              		.cfi_def_cfa_offset 4
 2527              		.cfi_offset 7, -4
 2528 0002 85B0     		sub	sp, sp, #20
 2529              	.LCFI72:
 2530              		.cfi_def_cfa_offset 24
 2531 0004 00AF     		add	r7, sp, #0
ARM GAS  /tmp/ccajabsj.s 			page 72


 2532              	.LCFI73:
 2533              		.cfi_def_cfa_register 7
 2534 0006 7860     		str	r0, [r7, #4]
1034:Middlewares/ST/STM32_USB_Device_Library/Core/Src/usbd_ctlreq.c ****   uint8_t  len = 0U;
 2535              		.loc 1 1034 12
 2536 0008 0023     		movs	r3, #0
 2537 000a FB73     		strb	r3, [r7, #15]
1035:Middlewares/ST/STM32_USB_Device_Library/Core/Src/usbd_ctlreq.c ****   uint8_t *pbuff = buf;
 2538              		.loc 1 1035 12
 2539 000c 7B68     		ldr	r3, [r7, #4]
 2540 000e BB60     		str	r3, [r7, #8]
1036:Middlewares/ST/STM32_USB_Device_Library/Core/Src/usbd_ctlreq.c **** 
1037:Middlewares/ST/STM32_USB_Device_Library/Core/Src/usbd_ctlreq.c ****   while (*pbuff != (uint8_t)'\0')
 2541              		.loc 1 1037 9
 2542 0010 05E0     		b	.L176
 2543              	.L177:
1038:Middlewares/ST/STM32_USB_Device_Library/Core/Src/usbd_ctlreq.c ****   {
1039:Middlewares/ST/STM32_USB_Device_Library/Core/Src/usbd_ctlreq.c ****     len++;
 2544              		.loc 1 1039 8
 2545 0012 FB7B     		ldrb	r3, [r7, #15]	@ zero_extendqisi2
 2546 0014 0133     		adds	r3, r3, #1
 2547 0016 FB73     		strb	r3, [r7, #15]
1040:Middlewares/ST/STM32_USB_Device_Library/Core/Src/usbd_ctlreq.c ****     pbuff++;
 2548              		.loc 1 1040 10
 2549 0018 BB68     		ldr	r3, [r7, #8]
 2550 001a 0133     		adds	r3, r3, #1
 2551 001c BB60     		str	r3, [r7, #8]
 2552              	.L176:
1037:Middlewares/ST/STM32_USB_Device_Library/Core/Src/usbd_ctlreq.c ****   {
 2553              		.loc 1 1037 10
 2554 001e BB68     		ldr	r3, [r7, #8]
 2555 0020 1B78     		ldrb	r3, [r3]	@ zero_extendqisi2
1037:Middlewares/ST/STM32_USB_Device_Library/Core/Src/usbd_ctlreq.c ****   {
 2556              		.loc 1 1037 17
 2557 0022 002B     		cmp	r3, #0
 2558 0024 F5D1     		bne	.L177
1041:Middlewares/ST/STM32_USB_Device_Library/Core/Src/usbd_ctlreq.c ****   }
1042:Middlewares/ST/STM32_USB_Device_Library/Core/Src/usbd_ctlreq.c **** 
1043:Middlewares/ST/STM32_USB_Device_Library/Core/Src/usbd_ctlreq.c ****   return len;
 2559              		.loc 1 1043 10
 2560 0026 FB7B     		ldrb	r3, [r7, #15]	@ zero_extendqisi2
1044:Middlewares/ST/STM32_USB_Device_Library/Core/Src/usbd_ctlreq.c **** }
 2561              		.loc 1 1044 1
 2562 0028 1846     		mov	r0, r3
 2563 002a 1437     		adds	r7, r7, #20
 2564              	.LCFI74:
 2565              		.cfi_def_cfa_offset 4
 2566 002c BD46     		mov	sp, r7
 2567              	.LCFI75:
 2568              		.cfi_def_cfa_register 13
 2569              		@ sp needed
 2570 002e 80BC     		pop	{r7}
 2571              	.LCFI76:
 2572              		.cfi_restore 7
 2573              		.cfi_def_cfa_offset 0
 2574 0030 7047     		bx	lr
 2575              		.cfi_endproc
ARM GAS  /tmp/ccajabsj.s 			page 73


 2576              	.LFE237:
 2578              		.section	.bss.cfgidx.0,"aw",%nobits
 2581              	cfgidx.0:
 2582 0000 00       		.space	1
 2583              		.text
 2584              	.Letext0:
 2585              		.file 3 "/home/fabio/arm-gnu-toolchain-15.2.rel1-x86_64-arm-none-eabi/arm-none-eabi/include/machin
 2586              		.file 4 "/home/fabio/arm-gnu-toolchain-15.2.rel1-x86_64-arm-none-eabi/arm-none-eabi/include/sys/_s
 2587              		.file 5 "Middlewares/ST/STM32_USB_Device_Library/Core/Inc/usbd_core.h"
 2588              		.file 6 "Middlewares/ST/STM32_USB_Device_Library/Core/Inc/usbd_ioreq.h"
ARM GAS  /tmp/ccajabsj.s 			page 74


DEFINED SYMBOLS
                            *ABS*:00000000 usbd_ctlreq.c
     /tmp/ccajabsj.s:21     .text.SWAPBYTE:00000000 $t
     /tmp/ccajabsj.s:26     .text.SWAPBYTE:00000000 SWAPBYTE
     /tmp/ccajabsj.s:91     .text.USBD_StdDevReq:00000000 $t
     /tmp/ccajabsj.s:97     .text.USBD_StdDevReq:00000000 USBD_StdDevReq
     /tmp/ccajabsj.s:1006   .text.USBD_GetDescriptor:00000000 USBD_GetDescriptor
     /tmp/ccajabsj.s:1517   .text.USBD_SetAddress:00000000 USBD_SetAddress
     /tmp/ccajabsj.s:1631   .text.USBD_SetConfig:00000000 USBD_SetConfig
     /tmp/ccajabsj.s:1876   .text.USBD_GetConfig:00000000 USBD_GetConfig
     /tmp/ccajabsj.s:1976   .text.USBD_GetStatus:00000000 USBD_GetStatus
     /tmp/ccajabsj.s:2071   .text.USBD_SetFeature:00000000 USBD_SetFeature
     /tmp/ccajabsj.s:2152   .text.USBD_ClrFeature:00000000 USBD_ClrFeature
     /tmp/ccajabsj.s:2327   .text.USBD_CtlError:00000000 USBD_CtlError
     /tmp/ccajabsj.s:267    .text.USBD_StdItfReq:00000000 $t
     /tmp/ccajabsj.s:273    .text.USBD_StdItfReq:00000000 USBD_StdItfReq
     /tmp/ccajabsj.s:443    .text.USBD_StdEPReq:00000000 $t
     /tmp/ccajabsj.s:449    .text.USBD_StdEPReq:00000000 USBD_StdEPReq
     /tmp/ccajabsj.s:1001   .text.USBD_GetDescriptor:00000000 $t
     /tmp/ccajabsj.s:1512   .text.USBD_SetAddress:00000000 $t
     /tmp/ccajabsj.s:1626   .text.USBD_SetConfig:00000000 $t
     /tmp/ccajabsj.s:1866   .text.USBD_SetConfig:00000150 $d
     /tmp/ccajabsj.s:2581   .bss.cfgidx.0:00000000 cfgidx.0
     /tmp/ccajabsj.s:1871   .text.USBD_GetConfig:00000000 $t
     /tmp/ccajabsj.s:1971   .text.USBD_GetStatus:00000000 $t
     /tmp/ccajabsj.s:2066   .text.USBD_SetFeature:00000000 $t
     /tmp/ccajabsj.s:2147   .text.USBD_ClrFeature:00000000 $t
     /tmp/ccajabsj.s:2219   .text.USBD_ParseSetupRequest:00000000 $t
     /tmp/ccajabsj.s:2225   .text.USBD_ParseSetupRequest:00000000 USBD_ParseSetupRequest
     /tmp/ccajabsj.s:2321   .text.USBD_CtlError:00000000 $t
     /tmp/ccajabsj.s:2368   .text.USBD_GetString:00000000 $t
     /tmp/ccajabsj.s:2374   .text.USBD_GetString:00000000 USBD_GetString
     /tmp/ccajabsj.s:2517   .text.USBD_GetLen:00000000 USBD_GetLen
     /tmp/ccajabsj.s:2512   .text.USBD_GetLen:00000000 $t
     /tmp/ccajabsj.s:2582   .bss.cfgidx.0:00000000 $d

UNDEFINED SYMBOLS
USBD_CoreFindIF
USBD_CtlSendStatus
USBD_CoreFindEP
USBD_LL_StallEP
USBD_LL_ClearStallEP
USBD_CtlSendData
USBD_LL_IsStallEP
USBD_LL_SetUSBAddress
USBD_SetClassConfig
USBD_ClrClassConfig
