ARM GAS  /tmp/ccwi9Slf.s 			page 1


   1              		.cpu cortex-m4
   2              		.arch armv7e-m
   3              		.fpu fpv4-sp-d16
   4              		.eabi_attribute 27, 1
   5              		.eabi_attribute 28, 1
   6              		.eabi_attribute 20, 1
   7              		.eabi_attribute 21, 1
   8              		.eabi_attribute 23, 3
   9              		.eabi_attribute 24, 1
  10              		.eabi_attribute 25, 1
  11              		.eabi_attribute 26, 1
  12              		.eabi_attribute 30, 6
  13              		.eabi_attribute 34, 1
  14              		.eabi_attribute 18, 4
  15              		.file	"usbd_cdc.c"
  16              		.text
  17              	.Ltext0:
  18              		.cfi_sections	.debug_frame
  19              		.file 1 "Middlewares/ST/STM32_USB_Device_Library/Class/CDC/Src/usbd_cdc.c"
  20              		.section	.data.USBD_CDC_DeviceQualifierDesc,"aw"
  21              		.align	2
  24              	USBD_CDC_DeviceQualifierDesc:
  25 0000 0A060002 		.ascii	"\012\006\000\002\000\000\000@\001\000"
  25      00000040 
  25      0100
  26              		.global	USBD_CDC
  27              		.section	.data.USBD_CDC,"aw"
  28              		.align	2
  31              	USBD_CDC:
  32 0000 00000000 		.word	USBD_CDC_Init
  33 0004 00000000 		.word	USBD_CDC_DeInit
  34 0008 00000000 		.word	USBD_CDC_Setup
  35 000c 00000000 		.word	0
  36 0010 00000000 		.word	USBD_CDC_EP0_RxReady
  37 0014 00000000 		.word	USBD_CDC_DataIn
  38 0018 00000000 		.word	USBD_CDC_DataOut
  39 001c 00000000 		.word	0
  40 0020 00000000 		.word	0
  41 0024 00000000 		.word	0
  42 0028 00000000 		.word	USBD_CDC_GetHSCfgDesc
  43 002c 00000000 		.word	USBD_CDC_GetFSCfgDesc
  44 0030 00000000 		.word	USBD_CDC_GetOtherSpeedCfgDesc
  45 0034 00000000 		.word	USBD_CDC_GetDeviceQualifierDescriptor
  46              		.section	.data.USBD_CDC_CfgDesc,"aw"
  47              		.align	2
  50              	USBD_CDC_CfgDesc:
  51 0000 09024300 		.ascii	"\011\002C\000\002\001\000\3002\011\004\000\000\001\002"
  51      020100C0 
  51      32090400 
  51      000102
  52 000f 02010005 		.ascii	"\002\001\000\005$\000\020\001\005$\001\000\001\004$"
  52      24001001 
  52      05240100 
  52      010424
  53 001e 02020524 		.ascii	"\002\002\005$\006\000\001\007\005\202\003\010\000\020"
  53      06000107 
  53      05820308 
ARM GAS  /tmp/ccwi9Slf.s 			page 2


  53      0010
  54 002c 09040100 		.ascii	"\011\004\001\000\002\012\000\000\000\007\005\001\002"
  54      020A0000 
  54      00070501 
  54      02
  55 0039 40000007 		.ascii	"@\000\000\007\005\201\002@\000\000"
  55      05810240 
  55      0000
  56              		.section	.data.CDCInEpAdd,"aw"
  59              	CDCInEpAdd:
  60 0000 81       		.byte	-127
  61              		.section	.data.CDCOutEpAdd,"aw"
  64              	CDCOutEpAdd:
  65 0000 01       		.byte	1
  66              		.section	.data.CDCCmdEpAdd,"aw"
  69              	CDCCmdEpAdd:
  70 0000 82       		.byte	-126
  71              		.section	.text.USBD_CDC_Init,"ax",%progbits
  72              		.align	1
  73              		.syntax unified
  74              		.thumb
  75              		.thumb_func
  77              	USBD_CDC_Init:
  78              	.LFB224:
   1:Middlewares/ST/STM32_USB_Device_Library/Class/CDC/Src/usbd_cdc.c **** /**
   2:Middlewares/ST/STM32_USB_Device_Library/Class/CDC/Src/usbd_cdc.c ****   ******************************************************************************
   3:Middlewares/ST/STM32_USB_Device_Library/Class/CDC/Src/usbd_cdc.c ****   * @file    usbd_cdc.c
   4:Middlewares/ST/STM32_USB_Device_Library/Class/CDC/Src/usbd_cdc.c ****   * @author  MCD Application Team
   5:Middlewares/ST/STM32_USB_Device_Library/Class/CDC/Src/usbd_cdc.c ****   * @brief   This file provides the high layer firmware functions to manage the
   6:Middlewares/ST/STM32_USB_Device_Library/Class/CDC/Src/usbd_cdc.c ****   *          following functionalities of the USB CDC Class:
   7:Middlewares/ST/STM32_USB_Device_Library/Class/CDC/Src/usbd_cdc.c ****   *           - Initialization and Configuration of high and low layer
   8:Middlewares/ST/STM32_USB_Device_Library/Class/CDC/Src/usbd_cdc.c ****   *           - Enumeration as CDC Device (and enumeration for each implemented memory interface)
   9:Middlewares/ST/STM32_USB_Device_Library/Class/CDC/Src/usbd_cdc.c ****   *           - OUT/IN data transfer
  10:Middlewares/ST/STM32_USB_Device_Library/Class/CDC/Src/usbd_cdc.c ****   *           - Command IN transfer (class requests management)
  11:Middlewares/ST/STM32_USB_Device_Library/Class/CDC/Src/usbd_cdc.c ****   *           - Error management
  12:Middlewares/ST/STM32_USB_Device_Library/Class/CDC/Src/usbd_cdc.c ****   *
  13:Middlewares/ST/STM32_USB_Device_Library/Class/CDC/Src/usbd_cdc.c ****   ******************************************************************************
  14:Middlewares/ST/STM32_USB_Device_Library/Class/CDC/Src/usbd_cdc.c ****   * @attention
  15:Middlewares/ST/STM32_USB_Device_Library/Class/CDC/Src/usbd_cdc.c ****   *
  16:Middlewares/ST/STM32_USB_Device_Library/Class/CDC/Src/usbd_cdc.c ****   * Copyright (c) 2015 STMicroelectronics.
  17:Middlewares/ST/STM32_USB_Device_Library/Class/CDC/Src/usbd_cdc.c ****   * All rights reserved.
  18:Middlewares/ST/STM32_USB_Device_Library/Class/CDC/Src/usbd_cdc.c ****   *
  19:Middlewares/ST/STM32_USB_Device_Library/Class/CDC/Src/usbd_cdc.c ****   * This software is licensed under terms that can be found in the LICENSE file
  20:Middlewares/ST/STM32_USB_Device_Library/Class/CDC/Src/usbd_cdc.c ****   * in the root directory of this software component.
  21:Middlewares/ST/STM32_USB_Device_Library/Class/CDC/Src/usbd_cdc.c ****   * If no LICENSE file comes with this software, it is provided AS-IS.
  22:Middlewares/ST/STM32_USB_Device_Library/Class/CDC/Src/usbd_cdc.c ****   *
  23:Middlewares/ST/STM32_USB_Device_Library/Class/CDC/Src/usbd_cdc.c ****   ******************************************************************************
  24:Middlewares/ST/STM32_USB_Device_Library/Class/CDC/Src/usbd_cdc.c ****   *  @verbatim
  25:Middlewares/ST/STM32_USB_Device_Library/Class/CDC/Src/usbd_cdc.c ****   *
  26:Middlewares/ST/STM32_USB_Device_Library/Class/CDC/Src/usbd_cdc.c ****   *          ===================================================================
  27:Middlewares/ST/STM32_USB_Device_Library/Class/CDC/Src/usbd_cdc.c ****   *                                CDC Class Driver Description
  28:Middlewares/ST/STM32_USB_Device_Library/Class/CDC/Src/usbd_cdc.c ****   *          ===================================================================
  29:Middlewares/ST/STM32_USB_Device_Library/Class/CDC/Src/usbd_cdc.c ****   *           This driver manages the "Universal Serial Bus Class Definitions for Communications De
  30:Middlewares/ST/STM32_USB_Device_Library/Class/CDC/Src/usbd_cdc.c ****   *           Revision 1.2 November 16, 2007" and the sub-protocol specification of "Universal Seri
  31:Middlewares/ST/STM32_USB_Device_Library/Class/CDC/Src/usbd_cdc.c ****   *           Communications Class Subclass Specification for PSTN Devices Revision 1.2 February 9,
  32:Middlewares/ST/STM32_USB_Device_Library/Class/CDC/Src/usbd_cdc.c ****   *           This driver implements the following aspects of the specification:
  33:Middlewares/ST/STM32_USB_Device_Library/Class/CDC/Src/usbd_cdc.c ****   *             - Device descriptor management
ARM GAS  /tmp/ccwi9Slf.s 			page 3


  34:Middlewares/ST/STM32_USB_Device_Library/Class/CDC/Src/usbd_cdc.c ****   *             - Configuration descriptor management
  35:Middlewares/ST/STM32_USB_Device_Library/Class/CDC/Src/usbd_cdc.c ****   *             - Enumeration as CDC device with 2 data endpoints (IN and OUT) and 1 command endpoi
  36:Middlewares/ST/STM32_USB_Device_Library/Class/CDC/Src/usbd_cdc.c ****   *             - Requests management (as described in section 6.2 in specification)
  37:Middlewares/ST/STM32_USB_Device_Library/Class/CDC/Src/usbd_cdc.c ****   *             - Abstract Control Model compliant
  38:Middlewares/ST/STM32_USB_Device_Library/Class/CDC/Src/usbd_cdc.c ****   *             - Union Functional collection (using 1 IN endpoint for control)
  39:Middlewares/ST/STM32_USB_Device_Library/Class/CDC/Src/usbd_cdc.c ****   *             - Data interface class
  40:Middlewares/ST/STM32_USB_Device_Library/Class/CDC/Src/usbd_cdc.c ****   *
  41:Middlewares/ST/STM32_USB_Device_Library/Class/CDC/Src/usbd_cdc.c ****   *           These aspects may be enriched or modified for a specific user application.
  42:Middlewares/ST/STM32_USB_Device_Library/Class/CDC/Src/usbd_cdc.c ****   *
  43:Middlewares/ST/STM32_USB_Device_Library/Class/CDC/Src/usbd_cdc.c ****   *            This driver doesn't implement the following aspects of the specification
  44:Middlewares/ST/STM32_USB_Device_Library/Class/CDC/Src/usbd_cdc.c ****   *            (but it is possible to manage these features with some modifications on this driver)
  45:Middlewares/ST/STM32_USB_Device_Library/Class/CDC/Src/usbd_cdc.c ****   *             - Any class-specific aspect relative to communication classes should be managed by 
  46:Middlewares/ST/STM32_USB_Device_Library/Class/CDC/Src/usbd_cdc.c ****   *             - All communication classes other than PSTN are not managed
  47:Middlewares/ST/STM32_USB_Device_Library/Class/CDC/Src/usbd_cdc.c ****   *
  48:Middlewares/ST/STM32_USB_Device_Library/Class/CDC/Src/usbd_cdc.c ****   *  @endverbatim
  49:Middlewares/ST/STM32_USB_Device_Library/Class/CDC/Src/usbd_cdc.c ****   *
  50:Middlewares/ST/STM32_USB_Device_Library/Class/CDC/Src/usbd_cdc.c ****   ******************************************************************************
  51:Middlewares/ST/STM32_USB_Device_Library/Class/CDC/Src/usbd_cdc.c ****   */
  52:Middlewares/ST/STM32_USB_Device_Library/Class/CDC/Src/usbd_cdc.c **** 
  53:Middlewares/ST/STM32_USB_Device_Library/Class/CDC/Src/usbd_cdc.c **** /* BSPDependencies
  54:Middlewares/ST/STM32_USB_Device_Library/Class/CDC/Src/usbd_cdc.c **** - "stm32xxxxx_{eval}{discovery}{nucleo_144}.c"
  55:Middlewares/ST/STM32_USB_Device_Library/Class/CDC/Src/usbd_cdc.c **** - "stm32xxxxx_{eval}{discovery}_io.c"
  56:Middlewares/ST/STM32_USB_Device_Library/Class/CDC/Src/usbd_cdc.c **** EndBSPDependencies */
  57:Middlewares/ST/STM32_USB_Device_Library/Class/CDC/Src/usbd_cdc.c **** 
  58:Middlewares/ST/STM32_USB_Device_Library/Class/CDC/Src/usbd_cdc.c **** /* Includes ------------------------------------------------------------------*/
  59:Middlewares/ST/STM32_USB_Device_Library/Class/CDC/Src/usbd_cdc.c **** #include "usbd_cdc.h"
  60:Middlewares/ST/STM32_USB_Device_Library/Class/CDC/Src/usbd_cdc.c **** #include "usbd_ctlreq.h"
  61:Middlewares/ST/STM32_USB_Device_Library/Class/CDC/Src/usbd_cdc.c **** 
  62:Middlewares/ST/STM32_USB_Device_Library/Class/CDC/Src/usbd_cdc.c **** 
  63:Middlewares/ST/STM32_USB_Device_Library/Class/CDC/Src/usbd_cdc.c **** /** @addtogroup STM32_USB_DEVICE_LIBRARY
  64:Middlewares/ST/STM32_USB_Device_Library/Class/CDC/Src/usbd_cdc.c ****   * @{
  65:Middlewares/ST/STM32_USB_Device_Library/Class/CDC/Src/usbd_cdc.c ****   */
  66:Middlewares/ST/STM32_USB_Device_Library/Class/CDC/Src/usbd_cdc.c **** 
  67:Middlewares/ST/STM32_USB_Device_Library/Class/CDC/Src/usbd_cdc.c **** 
  68:Middlewares/ST/STM32_USB_Device_Library/Class/CDC/Src/usbd_cdc.c **** /** @defgroup USBD_CDC
  69:Middlewares/ST/STM32_USB_Device_Library/Class/CDC/Src/usbd_cdc.c ****   * @brief usbd core module
  70:Middlewares/ST/STM32_USB_Device_Library/Class/CDC/Src/usbd_cdc.c ****   * @{
  71:Middlewares/ST/STM32_USB_Device_Library/Class/CDC/Src/usbd_cdc.c ****   */
  72:Middlewares/ST/STM32_USB_Device_Library/Class/CDC/Src/usbd_cdc.c **** 
  73:Middlewares/ST/STM32_USB_Device_Library/Class/CDC/Src/usbd_cdc.c **** /** @defgroup USBD_CDC_Private_TypesDefinitions
  74:Middlewares/ST/STM32_USB_Device_Library/Class/CDC/Src/usbd_cdc.c ****   * @{
  75:Middlewares/ST/STM32_USB_Device_Library/Class/CDC/Src/usbd_cdc.c ****   */
  76:Middlewares/ST/STM32_USB_Device_Library/Class/CDC/Src/usbd_cdc.c **** /**
  77:Middlewares/ST/STM32_USB_Device_Library/Class/CDC/Src/usbd_cdc.c ****   * @}
  78:Middlewares/ST/STM32_USB_Device_Library/Class/CDC/Src/usbd_cdc.c ****   */
  79:Middlewares/ST/STM32_USB_Device_Library/Class/CDC/Src/usbd_cdc.c **** 
  80:Middlewares/ST/STM32_USB_Device_Library/Class/CDC/Src/usbd_cdc.c **** 
  81:Middlewares/ST/STM32_USB_Device_Library/Class/CDC/Src/usbd_cdc.c **** /** @defgroup USBD_CDC_Private_Defines
  82:Middlewares/ST/STM32_USB_Device_Library/Class/CDC/Src/usbd_cdc.c ****   * @{
  83:Middlewares/ST/STM32_USB_Device_Library/Class/CDC/Src/usbd_cdc.c ****   */
  84:Middlewares/ST/STM32_USB_Device_Library/Class/CDC/Src/usbd_cdc.c **** /**
  85:Middlewares/ST/STM32_USB_Device_Library/Class/CDC/Src/usbd_cdc.c ****   * @}
  86:Middlewares/ST/STM32_USB_Device_Library/Class/CDC/Src/usbd_cdc.c ****   */
  87:Middlewares/ST/STM32_USB_Device_Library/Class/CDC/Src/usbd_cdc.c **** 
  88:Middlewares/ST/STM32_USB_Device_Library/Class/CDC/Src/usbd_cdc.c **** 
  89:Middlewares/ST/STM32_USB_Device_Library/Class/CDC/Src/usbd_cdc.c **** /** @defgroup USBD_CDC_Private_Macros
  90:Middlewares/ST/STM32_USB_Device_Library/Class/CDC/Src/usbd_cdc.c ****   * @{
ARM GAS  /tmp/ccwi9Slf.s 			page 4


  91:Middlewares/ST/STM32_USB_Device_Library/Class/CDC/Src/usbd_cdc.c ****   */
  92:Middlewares/ST/STM32_USB_Device_Library/Class/CDC/Src/usbd_cdc.c **** 
  93:Middlewares/ST/STM32_USB_Device_Library/Class/CDC/Src/usbd_cdc.c **** /**
  94:Middlewares/ST/STM32_USB_Device_Library/Class/CDC/Src/usbd_cdc.c ****   * @}
  95:Middlewares/ST/STM32_USB_Device_Library/Class/CDC/Src/usbd_cdc.c ****   */
  96:Middlewares/ST/STM32_USB_Device_Library/Class/CDC/Src/usbd_cdc.c **** 
  97:Middlewares/ST/STM32_USB_Device_Library/Class/CDC/Src/usbd_cdc.c **** 
  98:Middlewares/ST/STM32_USB_Device_Library/Class/CDC/Src/usbd_cdc.c **** /** @defgroup USBD_CDC_Private_FunctionPrototypes
  99:Middlewares/ST/STM32_USB_Device_Library/Class/CDC/Src/usbd_cdc.c ****   * @{
 100:Middlewares/ST/STM32_USB_Device_Library/Class/CDC/Src/usbd_cdc.c ****   */
 101:Middlewares/ST/STM32_USB_Device_Library/Class/CDC/Src/usbd_cdc.c **** 
 102:Middlewares/ST/STM32_USB_Device_Library/Class/CDC/Src/usbd_cdc.c **** static uint8_t USBD_CDC_Init(USBD_HandleTypeDef *pdev, uint8_t cfgidx);
 103:Middlewares/ST/STM32_USB_Device_Library/Class/CDC/Src/usbd_cdc.c **** static uint8_t USBD_CDC_DeInit(USBD_HandleTypeDef *pdev, uint8_t cfgidx);
 104:Middlewares/ST/STM32_USB_Device_Library/Class/CDC/Src/usbd_cdc.c **** static uint8_t USBD_CDC_Setup(USBD_HandleTypeDef *pdev, USBD_SetupReqTypedef *req);
 105:Middlewares/ST/STM32_USB_Device_Library/Class/CDC/Src/usbd_cdc.c **** static uint8_t USBD_CDC_DataIn(USBD_HandleTypeDef *pdev, uint8_t epnum);
 106:Middlewares/ST/STM32_USB_Device_Library/Class/CDC/Src/usbd_cdc.c **** static uint8_t USBD_CDC_DataOut(USBD_HandleTypeDef *pdev, uint8_t epnum);
 107:Middlewares/ST/STM32_USB_Device_Library/Class/CDC/Src/usbd_cdc.c **** static uint8_t USBD_CDC_EP0_RxReady(USBD_HandleTypeDef *pdev);
 108:Middlewares/ST/STM32_USB_Device_Library/Class/CDC/Src/usbd_cdc.c **** #ifndef USE_USBD_COMPOSITE
 109:Middlewares/ST/STM32_USB_Device_Library/Class/CDC/Src/usbd_cdc.c **** static uint8_t *USBD_CDC_GetFSCfgDesc(uint16_t *length);
 110:Middlewares/ST/STM32_USB_Device_Library/Class/CDC/Src/usbd_cdc.c **** static uint8_t *USBD_CDC_GetHSCfgDesc(uint16_t *length);
 111:Middlewares/ST/STM32_USB_Device_Library/Class/CDC/Src/usbd_cdc.c **** static uint8_t *USBD_CDC_GetOtherSpeedCfgDesc(uint16_t *length);
 112:Middlewares/ST/STM32_USB_Device_Library/Class/CDC/Src/usbd_cdc.c **** uint8_t *USBD_CDC_GetDeviceQualifierDescriptor(uint16_t *length);
 113:Middlewares/ST/STM32_USB_Device_Library/Class/CDC/Src/usbd_cdc.c **** #endif /* USE_USBD_COMPOSITE  */
 114:Middlewares/ST/STM32_USB_Device_Library/Class/CDC/Src/usbd_cdc.c **** 
 115:Middlewares/ST/STM32_USB_Device_Library/Class/CDC/Src/usbd_cdc.c **** #ifndef USE_USBD_COMPOSITE
 116:Middlewares/ST/STM32_USB_Device_Library/Class/CDC/Src/usbd_cdc.c **** /* USB Standard Device Descriptor */
 117:Middlewares/ST/STM32_USB_Device_Library/Class/CDC/Src/usbd_cdc.c **** __ALIGN_BEGIN static uint8_t USBD_CDC_DeviceQualifierDesc[USB_LEN_DEV_QUALIFIER_DESC] __ALIGN_END =
 118:Middlewares/ST/STM32_USB_Device_Library/Class/CDC/Src/usbd_cdc.c **** {
 119:Middlewares/ST/STM32_USB_Device_Library/Class/CDC/Src/usbd_cdc.c ****   USB_LEN_DEV_QUALIFIER_DESC,
 120:Middlewares/ST/STM32_USB_Device_Library/Class/CDC/Src/usbd_cdc.c ****   USB_DESC_TYPE_DEVICE_QUALIFIER,
 121:Middlewares/ST/STM32_USB_Device_Library/Class/CDC/Src/usbd_cdc.c ****   0x00,
 122:Middlewares/ST/STM32_USB_Device_Library/Class/CDC/Src/usbd_cdc.c ****   0x02,
 123:Middlewares/ST/STM32_USB_Device_Library/Class/CDC/Src/usbd_cdc.c ****   0x00,
 124:Middlewares/ST/STM32_USB_Device_Library/Class/CDC/Src/usbd_cdc.c ****   0x00,
 125:Middlewares/ST/STM32_USB_Device_Library/Class/CDC/Src/usbd_cdc.c ****   0x00,
 126:Middlewares/ST/STM32_USB_Device_Library/Class/CDC/Src/usbd_cdc.c ****   0x40,
 127:Middlewares/ST/STM32_USB_Device_Library/Class/CDC/Src/usbd_cdc.c ****   0x01,
 128:Middlewares/ST/STM32_USB_Device_Library/Class/CDC/Src/usbd_cdc.c ****   0x00,
 129:Middlewares/ST/STM32_USB_Device_Library/Class/CDC/Src/usbd_cdc.c **** };
 130:Middlewares/ST/STM32_USB_Device_Library/Class/CDC/Src/usbd_cdc.c **** #endif /* USE_USBD_COMPOSITE  */
 131:Middlewares/ST/STM32_USB_Device_Library/Class/CDC/Src/usbd_cdc.c **** /**
 132:Middlewares/ST/STM32_USB_Device_Library/Class/CDC/Src/usbd_cdc.c ****   * @}
 133:Middlewares/ST/STM32_USB_Device_Library/Class/CDC/Src/usbd_cdc.c ****   */
 134:Middlewares/ST/STM32_USB_Device_Library/Class/CDC/Src/usbd_cdc.c **** 
 135:Middlewares/ST/STM32_USB_Device_Library/Class/CDC/Src/usbd_cdc.c **** /** @defgroup USBD_CDC_Private_Variables
 136:Middlewares/ST/STM32_USB_Device_Library/Class/CDC/Src/usbd_cdc.c ****   * @{
 137:Middlewares/ST/STM32_USB_Device_Library/Class/CDC/Src/usbd_cdc.c ****   */
 138:Middlewares/ST/STM32_USB_Device_Library/Class/CDC/Src/usbd_cdc.c **** 
 139:Middlewares/ST/STM32_USB_Device_Library/Class/CDC/Src/usbd_cdc.c **** 
 140:Middlewares/ST/STM32_USB_Device_Library/Class/CDC/Src/usbd_cdc.c **** /* CDC interface class callbacks structure */
 141:Middlewares/ST/STM32_USB_Device_Library/Class/CDC/Src/usbd_cdc.c **** USBD_ClassTypeDef  USBD_CDC =
 142:Middlewares/ST/STM32_USB_Device_Library/Class/CDC/Src/usbd_cdc.c **** {
 143:Middlewares/ST/STM32_USB_Device_Library/Class/CDC/Src/usbd_cdc.c ****   USBD_CDC_Init,
 144:Middlewares/ST/STM32_USB_Device_Library/Class/CDC/Src/usbd_cdc.c ****   USBD_CDC_DeInit,
 145:Middlewares/ST/STM32_USB_Device_Library/Class/CDC/Src/usbd_cdc.c ****   USBD_CDC_Setup,
 146:Middlewares/ST/STM32_USB_Device_Library/Class/CDC/Src/usbd_cdc.c ****   NULL,                 /* EP0_TxSent */
 147:Middlewares/ST/STM32_USB_Device_Library/Class/CDC/Src/usbd_cdc.c ****   USBD_CDC_EP0_RxReady,
ARM GAS  /tmp/ccwi9Slf.s 			page 5


 148:Middlewares/ST/STM32_USB_Device_Library/Class/CDC/Src/usbd_cdc.c ****   USBD_CDC_DataIn,
 149:Middlewares/ST/STM32_USB_Device_Library/Class/CDC/Src/usbd_cdc.c ****   USBD_CDC_DataOut,
 150:Middlewares/ST/STM32_USB_Device_Library/Class/CDC/Src/usbd_cdc.c ****   NULL,
 151:Middlewares/ST/STM32_USB_Device_Library/Class/CDC/Src/usbd_cdc.c ****   NULL,
 152:Middlewares/ST/STM32_USB_Device_Library/Class/CDC/Src/usbd_cdc.c ****   NULL,
 153:Middlewares/ST/STM32_USB_Device_Library/Class/CDC/Src/usbd_cdc.c **** #ifdef USE_USBD_COMPOSITE
 154:Middlewares/ST/STM32_USB_Device_Library/Class/CDC/Src/usbd_cdc.c ****   NULL,
 155:Middlewares/ST/STM32_USB_Device_Library/Class/CDC/Src/usbd_cdc.c ****   NULL,
 156:Middlewares/ST/STM32_USB_Device_Library/Class/CDC/Src/usbd_cdc.c ****   NULL,
 157:Middlewares/ST/STM32_USB_Device_Library/Class/CDC/Src/usbd_cdc.c ****   NULL,
 158:Middlewares/ST/STM32_USB_Device_Library/Class/CDC/Src/usbd_cdc.c **** #else
 159:Middlewares/ST/STM32_USB_Device_Library/Class/CDC/Src/usbd_cdc.c ****   USBD_CDC_GetHSCfgDesc,
 160:Middlewares/ST/STM32_USB_Device_Library/Class/CDC/Src/usbd_cdc.c ****   USBD_CDC_GetFSCfgDesc,
 161:Middlewares/ST/STM32_USB_Device_Library/Class/CDC/Src/usbd_cdc.c ****   USBD_CDC_GetOtherSpeedCfgDesc,
 162:Middlewares/ST/STM32_USB_Device_Library/Class/CDC/Src/usbd_cdc.c ****   USBD_CDC_GetDeviceQualifierDescriptor,
 163:Middlewares/ST/STM32_USB_Device_Library/Class/CDC/Src/usbd_cdc.c **** #endif /* USE_USBD_COMPOSITE  */
 164:Middlewares/ST/STM32_USB_Device_Library/Class/CDC/Src/usbd_cdc.c **** };
 165:Middlewares/ST/STM32_USB_Device_Library/Class/CDC/Src/usbd_cdc.c **** 
 166:Middlewares/ST/STM32_USB_Device_Library/Class/CDC/Src/usbd_cdc.c **** #ifndef USE_USBD_COMPOSITE
 167:Middlewares/ST/STM32_USB_Device_Library/Class/CDC/Src/usbd_cdc.c **** /* USB CDC device Configuration Descriptor */
 168:Middlewares/ST/STM32_USB_Device_Library/Class/CDC/Src/usbd_cdc.c **** __ALIGN_BEGIN static uint8_t USBD_CDC_CfgDesc[USB_CDC_CONFIG_DESC_SIZ] __ALIGN_END =
 169:Middlewares/ST/STM32_USB_Device_Library/Class/CDC/Src/usbd_cdc.c **** {
 170:Middlewares/ST/STM32_USB_Device_Library/Class/CDC/Src/usbd_cdc.c ****   /* Configuration Descriptor */
 171:Middlewares/ST/STM32_USB_Device_Library/Class/CDC/Src/usbd_cdc.c ****   0x09,                                       /* bLength: Configuration Descriptor size */
 172:Middlewares/ST/STM32_USB_Device_Library/Class/CDC/Src/usbd_cdc.c ****   USB_DESC_TYPE_CONFIGURATION,                /* bDescriptorType: Configuration */
 173:Middlewares/ST/STM32_USB_Device_Library/Class/CDC/Src/usbd_cdc.c ****   USB_CDC_CONFIG_DESC_SIZ,                    /* wTotalLength */
 174:Middlewares/ST/STM32_USB_Device_Library/Class/CDC/Src/usbd_cdc.c ****   0x00,
 175:Middlewares/ST/STM32_USB_Device_Library/Class/CDC/Src/usbd_cdc.c ****   0x02,                                       /* bNumInterfaces: 2 interfaces */
 176:Middlewares/ST/STM32_USB_Device_Library/Class/CDC/Src/usbd_cdc.c ****   0x01,                                       /* bConfigurationValue: Configuration value */
 177:Middlewares/ST/STM32_USB_Device_Library/Class/CDC/Src/usbd_cdc.c ****   0x00,                                       /* iConfiguration: Index of string descriptor
 178:Middlewares/ST/STM32_USB_Device_Library/Class/CDC/Src/usbd_cdc.c ****                                                  describing the configuration */
 179:Middlewares/ST/STM32_USB_Device_Library/Class/CDC/Src/usbd_cdc.c **** #if (USBD_SELF_POWERED == 1U)
 180:Middlewares/ST/STM32_USB_Device_Library/Class/CDC/Src/usbd_cdc.c ****   0xC0,                                       /* bmAttributes: Bus Powered according to user config
 181:Middlewares/ST/STM32_USB_Device_Library/Class/CDC/Src/usbd_cdc.c **** #else
 182:Middlewares/ST/STM32_USB_Device_Library/Class/CDC/Src/usbd_cdc.c ****   0x80,                                       /* bmAttributes: Bus Powered according to user config
 183:Middlewares/ST/STM32_USB_Device_Library/Class/CDC/Src/usbd_cdc.c **** #endif /* USBD_SELF_POWERED */
 184:Middlewares/ST/STM32_USB_Device_Library/Class/CDC/Src/usbd_cdc.c ****   USBD_MAX_POWER,                             /* MaxPower (mA) */
 185:Middlewares/ST/STM32_USB_Device_Library/Class/CDC/Src/usbd_cdc.c **** 
 186:Middlewares/ST/STM32_USB_Device_Library/Class/CDC/Src/usbd_cdc.c ****   /*---------------------------------------------------------------------------*/
 187:Middlewares/ST/STM32_USB_Device_Library/Class/CDC/Src/usbd_cdc.c **** 
 188:Middlewares/ST/STM32_USB_Device_Library/Class/CDC/Src/usbd_cdc.c ****   /* Interface Descriptor */
 189:Middlewares/ST/STM32_USB_Device_Library/Class/CDC/Src/usbd_cdc.c ****   0x09,                                       /* bLength: Interface Descriptor size */
 190:Middlewares/ST/STM32_USB_Device_Library/Class/CDC/Src/usbd_cdc.c ****   USB_DESC_TYPE_INTERFACE,                    /* bDescriptorType: Interface */
 191:Middlewares/ST/STM32_USB_Device_Library/Class/CDC/Src/usbd_cdc.c ****   /* Interface descriptor type */
 192:Middlewares/ST/STM32_USB_Device_Library/Class/CDC/Src/usbd_cdc.c ****   0x00,                                       /* bInterfaceNumber: Number of Interface */
 193:Middlewares/ST/STM32_USB_Device_Library/Class/CDC/Src/usbd_cdc.c ****   0x00,                                       /* bAlternateSetting: Alternate setting */
 194:Middlewares/ST/STM32_USB_Device_Library/Class/CDC/Src/usbd_cdc.c ****   0x01,                                       /* bNumEndpoints: One endpoint used */
 195:Middlewares/ST/STM32_USB_Device_Library/Class/CDC/Src/usbd_cdc.c ****   0x02,                                       /* bInterfaceClass: Communication Interface Class */
 196:Middlewares/ST/STM32_USB_Device_Library/Class/CDC/Src/usbd_cdc.c ****   0x02,                                       /* bInterfaceSubClass: Abstract Control Model */
 197:Middlewares/ST/STM32_USB_Device_Library/Class/CDC/Src/usbd_cdc.c ****   0x01,                                       /* bInterfaceProtocol: Common AT commands */
 198:Middlewares/ST/STM32_USB_Device_Library/Class/CDC/Src/usbd_cdc.c ****   0x00,                                       /* iInterface */
 199:Middlewares/ST/STM32_USB_Device_Library/Class/CDC/Src/usbd_cdc.c **** 
 200:Middlewares/ST/STM32_USB_Device_Library/Class/CDC/Src/usbd_cdc.c ****   /* Header Functional Descriptor */
 201:Middlewares/ST/STM32_USB_Device_Library/Class/CDC/Src/usbd_cdc.c ****   0x05,                                       /* bLength: Endpoint Descriptor size */
 202:Middlewares/ST/STM32_USB_Device_Library/Class/CDC/Src/usbd_cdc.c ****   0x24,                                       /* bDescriptorType: CS_INTERFACE */
 203:Middlewares/ST/STM32_USB_Device_Library/Class/CDC/Src/usbd_cdc.c ****   0x00,                                       /* bDescriptorSubtype: Header Func Desc */
 204:Middlewares/ST/STM32_USB_Device_Library/Class/CDC/Src/usbd_cdc.c ****   0x10,                                       /* bcdCDC: spec release number */
ARM GAS  /tmp/ccwi9Slf.s 			page 6


 205:Middlewares/ST/STM32_USB_Device_Library/Class/CDC/Src/usbd_cdc.c ****   0x01,
 206:Middlewares/ST/STM32_USB_Device_Library/Class/CDC/Src/usbd_cdc.c **** 
 207:Middlewares/ST/STM32_USB_Device_Library/Class/CDC/Src/usbd_cdc.c ****   /* Call Management Functional Descriptor */
 208:Middlewares/ST/STM32_USB_Device_Library/Class/CDC/Src/usbd_cdc.c ****   0x05,                                       /* bFunctionLength */
 209:Middlewares/ST/STM32_USB_Device_Library/Class/CDC/Src/usbd_cdc.c ****   0x24,                                       /* bDescriptorType: CS_INTERFACE */
 210:Middlewares/ST/STM32_USB_Device_Library/Class/CDC/Src/usbd_cdc.c ****   0x01,                                       /* bDescriptorSubtype: Call Management Func Desc */
 211:Middlewares/ST/STM32_USB_Device_Library/Class/CDC/Src/usbd_cdc.c ****   0x00,                                       /* bmCapabilities: D0+D1 */
 212:Middlewares/ST/STM32_USB_Device_Library/Class/CDC/Src/usbd_cdc.c ****   0x01,                                       /* bDataInterface */
 213:Middlewares/ST/STM32_USB_Device_Library/Class/CDC/Src/usbd_cdc.c **** 
 214:Middlewares/ST/STM32_USB_Device_Library/Class/CDC/Src/usbd_cdc.c ****   /* ACM Functional Descriptor */
 215:Middlewares/ST/STM32_USB_Device_Library/Class/CDC/Src/usbd_cdc.c ****   0x04,                                       /* bFunctionLength */
 216:Middlewares/ST/STM32_USB_Device_Library/Class/CDC/Src/usbd_cdc.c ****   0x24,                                       /* bDescriptorType: CS_INTERFACE */
 217:Middlewares/ST/STM32_USB_Device_Library/Class/CDC/Src/usbd_cdc.c ****   0x02,                                       /* bDescriptorSubtype: Abstract Control Management de
 218:Middlewares/ST/STM32_USB_Device_Library/Class/CDC/Src/usbd_cdc.c ****   0x02,                                       /* bmCapabilities */
 219:Middlewares/ST/STM32_USB_Device_Library/Class/CDC/Src/usbd_cdc.c **** 
 220:Middlewares/ST/STM32_USB_Device_Library/Class/CDC/Src/usbd_cdc.c ****   /* Union Functional Descriptor */
 221:Middlewares/ST/STM32_USB_Device_Library/Class/CDC/Src/usbd_cdc.c ****   0x05,                                       /* bFunctionLength */
 222:Middlewares/ST/STM32_USB_Device_Library/Class/CDC/Src/usbd_cdc.c ****   0x24,                                       /* bDescriptorType: CS_INTERFACE */
 223:Middlewares/ST/STM32_USB_Device_Library/Class/CDC/Src/usbd_cdc.c ****   0x06,                                       /* bDescriptorSubtype: Union func desc */
 224:Middlewares/ST/STM32_USB_Device_Library/Class/CDC/Src/usbd_cdc.c ****   0x00,                                       /* bMasterInterface: Communication class interface */
 225:Middlewares/ST/STM32_USB_Device_Library/Class/CDC/Src/usbd_cdc.c ****   0x01,                                       /* bSlaveInterface0: Data Class Interface */
 226:Middlewares/ST/STM32_USB_Device_Library/Class/CDC/Src/usbd_cdc.c **** 
 227:Middlewares/ST/STM32_USB_Device_Library/Class/CDC/Src/usbd_cdc.c ****   /* Endpoint 2 Descriptor */
 228:Middlewares/ST/STM32_USB_Device_Library/Class/CDC/Src/usbd_cdc.c ****   0x07,                                       /* bLength: Endpoint Descriptor size */
 229:Middlewares/ST/STM32_USB_Device_Library/Class/CDC/Src/usbd_cdc.c ****   USB_DESC_TYPE_ENDPOINT,                     /* bDescriptorType: Endpoint */
 230:Middlewares/ST/STM32_USB_Device_Library/Class/CDC/Src/usbd_cdc.c ****   CDC_CMD_EP,                                 /* bEndpointAddress */
 231:Middlewares/ST/STM32_USB_Device_Library/Class/CDC/Src/usbd_cdc.c ****   0x03,                                       /* bmAttributes: Interrupt */
 232:Middlewares/ST/STM32_USB_Device_Library/Class/CDC/Src/usbd_cdc.c ****   LOBYTE(CDC_CMD_PACKET_SIZE),                /* wMaxPacketSize */
 233:Middlewares/ST/STM32_USB_Device_Library/Class/CDC/Src/usbd_cdc.c ****   HIBYTE(CDC_CMD_PACKET_SIZE),
 234:Middlewares/ST/STM32_USB_Device_Library/Class/CDC/Src/usbd_cdc.c ****   CDC_FS_BINTERVAL,                           /* bInterval */
 235:Middlewares/ST/STM32_USB_Device_Library/Class/CDC/Src/usbd_cdc.c ****   /*---------------------------------------------------------------------------*/
 236:Middlewares/ST/STM32_USB_Device_Library/Class/CDC/Src/usbd_cdc.c **** 
 237:Middlewares/ST/STM32_USB_Device_Library/Class/CDC/Src/usbd_cdc.c ****   /* Data class interface descriptor */
 238:Middlewares/ST/STM32_USB_Device_Library/Class/CDC/Src/usbd_cdc.c ****   0x09,                                       /* bLength: Endpoint Descriptor size */
 239:Middlewares/ST/STM32_USB_Device_Library/Class/CDC/Src/usbd_cdc.c ****   USB_DESC_TYPE_INTERFACE,                    /* bDescriptorType: */
 240:Middlewares/ST/STM32_USB_Device_Library/Class/CDC/Src/usbd_cdc.c ****   0x01,                                       /* bInterfaceNumber: Number of Interface */
 241:Middlewares/ST/STM32_USB_Device_Library/Class/CDC/Src/usbd_cdc.c ****   0x00,                                       /* bAlternateSetting: Alternate setting */
 242:Middlewares/ST/STM32_USB_Device_Library/Class/CDC/Src/usbd_cdc.c ****   0x02,                                       /* bNumEndpoints: Two endpoints used */
 243:Middlewares/ST/STM32_USB_Device_Library/Class/CDC/Src/usbd_cdc.c ****   0x0A,                                       /* bInterfaceClass: CDC */
 244:Middlewares/ST/STM32_USB_Device_Library/Class/CDC/Src/usbd_cdc.c ****   0x00,                                       /* bInterfaceSubClass */
 245:Middlewares/ST/STM32_USB_Device_Library/Class/CDC/Src/usbd_cdc.c ****   0x00,                                       /* bInterfaceProtocol */
 246:Middlewares/ST/STM32_USB_Device_Library/Class/CDC/Src/usbd_cdc.c ****   0x00,                                       /* iInterface */
 247:Middlewares/ST/STM32_USB_Device_Library/Class/CDC/Src/usbd_cdc.c **** 
 248:Middlewares/ST/STM32_USB_Device_Library/Class/CDC/Src/usbd_cdc.c ****   /* Endpoint OUT Descriptor */
 249:Middlewares/ST/STM32_USB_Device_Library/Class/CDC/Src/usbd_cdc.c ****   0x07,                                       /* bLength: Endpoint Descriptor size */
 250:Middlewares/ST/STM32_USB_Device_Library/Class/CDC/Src/usbd_cdc.c ****   USB_DESC_TYPE_ENDPOINT,                     /* bDescriptorType: Endpoint */
 251:Middlewares/ST/STM32_USB_Device_Library/Class/CDC/Src/usbd_cdc.c ****   CDC_OUT_EP,                                 /* bEndpointAddress */
 252:Middlewares/ST/STM32_USB_Device_Library/Class/CDC/Src/usbd_cdc.c ****   0x02,                                       /* bmAttributes: Bulk */
 253:Middlewares/ST/STM32_USB_Device_Library/Class/CDC/Src/usbd_cdc.c ****   LOBYTE(CDC_DATA_FS_MAX_PACKET_SIZE),        /* wMaxPacketSize */
 254:Middlewares/ST/STM32_USB_Device_Library/Class/CDC/Src/usbd_cdc.c ****   HIBYTE(CDC_DATA_FS_MAX_PACKET_SIZE),
 255:Middlewares/ST/STM32_USB_Device_Library/Class/CDC/Src/usbd_cdc.c ****   0x00,                                       /* bInterval */
 256:Middlewares/ST/STM32_USB_Device_Library/Class/CDC/Src/usbd_cdc.c **** 
 257:Middlewares/ST/STM32_USB_Device_Library/Class/CDC/Src/usbd_cdc.c ****   /* Endpoint IN Descriptor */
 258:Middlewares/ST/STM32_USB_Device_Library/Class/CDC/Src/usbd_cdc.c ****   0x07,                                       /* bLength: Endpoint Descriptor size */
 259:Middlewares/ST/STM32_USB_Device_Library/Class/CDC/Src/usbd_cdc.c ****   USB_DESC_TYPE_ENDPOINT,                     /* bDescriptorType: Endpoint */
 260:Middlewares/ST/STM32_USB_Device_Library/Class/CDC/Src/usbd_cdc.c ****   CDC_IN_EP,                                  /* bEndpointAddress */
 261:Middlewares/ST/STM32_USB_Device_Library/Class/CDC/Src/usbd_cdc.c ****   0x02,                                       /* bmAttributes: Bulk */
ARM GAS  /tmp/ccwi9Slf.s 			page 7


 262:Middlewares/ST/STM32_USB_Device_Library/Class/CDC/Src/usbd_cdc.c ****   LOBYTE(CDC_DATA_FS_MAX_PACKET_SIZE),        /* wMaxPacketSize */
 263:Middlewares/ST/STM32_USB_Device_Library/Class/CDC/Src/usbd_cdc.c ****   HIBYTE(CDC_DATA_FS_MAX_PACKET_SIZE),
 264:Middlewares/ST/STM32_USB_Device_Library/Class/CDC/Src/usbd_cdc.c ****   0x00                                        /* bInterval */
 265:Middlewares/ST/STM32_USB_Device_Library/Class/CDC/Src/usbd_cdc.c **** };
 266:Middlewares/ST/STM32_USB_Device_Library/Class/CDC/Src/usbd_cdc.c **** #endif /* USE_USBD_COMPOSITE  */
 267:Middlewares/ST/STM32_USB_Device_Library/Class/CDC/Src/usbd_cdc.c **** 
 268:Middlewares/ST/STM32_USB_Device_Library/Class/CDC/Src/usbd_cdc.c **** static uint8_t CDCInEpAdd = CDC_IN_EP;
 269:Middlewares/ST/STM32_USB_Device_Library/Class/CDC/Src/usbd_cdc.c **** static uint8_t CDCOutEpAdd = CDC_OUT_EP;
 270:Middlewares/ST/STM32_USB_Device_Library/Class/CDC/Src/usbd_cdc.c **** static uint8_t CDCCmdEpAdd = CDC_CMD_EP;
 271:Middlewares/ST/STM32_USB_Device_Library/Class/CDC/Src/usbd_cdc.c **** 
 272:Middlewares/ST/STM32_USB_Device_Library/Class/CDC/Src/usbd_cdc.c **** /**
 273:Middlewares/ST/STM32_USB_Device_Library/Class/CDC/Src/usbd_cdc.c ****   * @}
 274:Middlewares/ST/STM32_USB_Device_Library/Class/CDC/Src/usbd_cdc.c ****   */
 275:Middlewares/ST/STM32_USB_Device_Library/Class/CDC/Src/usbd_cdc.c **** 
 276:Middlewares/ST/STM32_USB_Device_Library/Class/CDC/Src/usbd_cdc.c **** /** @defgroup USBD_CDC_Private_Functions
 277:Middlewares/ST/STM32_USB_Device_Library/Class/CDC/Src/usbd_cdc.c ****   * @{
 278:Middlewares/ST/STM32_USB_Device_Library/Class/CDC/Src/usbd_cdc.c ****   */
 279:Middlewares/ST/STM32_USB_Device_Library/Class/CDC/Src/usbd_cdc.c **** 
 280:Middlewares/ST/STM32_USB_Device_Library/Class/CDC/Src/usbd_cdc.c **** /**
 281:Middlewares/ST/STM32_USB_Device_Library/Class/CDC/Src/usbd_cdc.c ****   * @brief  USBD_CDC_Init
 282:Middlewares/ST/STM32_USB_Device_Library/Class/CDC/Src/usbd_cdc.c ****   *         Initialize the CDC interface
 283:Middlewares/ST/STM32_USB_Device_Library/Class/CDC/Src/usbd_cdc.c ****   * @param  pdev: device instance
 284:Middlewares/ST/STM32_USB_Device_Library/Class/CDC/Src/usbd_cdc.c ****   * @param  cfgidx: Configuration index
 285:Middlewares/ST/STM32_USB_Device_Library/Class/CDC/Src/usbd_cdc.c ****   * @retval status
 286:Middlewares/ST/STM32_USB_Device_Library/Class/CDC/Src/usbd_cdc.c ****   */
 287:Middlewares/ST/STM32_USB_Device_Library/Class/CDC/Src/usbd_cdc.c **** static uint8_t USBD_CDC_Init(USBD_HandleTypeDef *pdev, uint8_t cfgidx)
 288:Middlewares/ST/STM32_USB_Device_Library/Class/CDC/Src/usbd_cdc.c **** {
  79              		.loc 1 288 1
  80              		.cfi_startproc
  81              		@ args = 0, pretend = 0, frame = 16
  82              		@ frame_needed = 1, uses_anonymous_args = 0
  83 0000 80B5     		push	{r7, lr}
  84              	.LCFI0:
  85              		.cfi_def_cfa_offset 8
  86              		.cfi_offset 7, -8
  87              		.cfi_offset 14, -4
  88 0002 84B0     		sub	sp, sp, #16
  89              	.LCFI1:
  90              		.cfi_def_cfa_offset 24
  91 0004 00AF     		add	r7, sp, #0
  92              	.LCFI2:
  93              		.cfi_def_cfa_register 7
  94 0006 7860     		str	r0, [r7, #4]
  95 0008 0B46     		mov	r3, r1
  96 000a FB70     		strb	r3, [r7, #3]
 289:Middlewares/ST/STM32_USB_Device_Library/Class/CDC/Src/usbd_cdc.c ****   UNUSED(cfgidx);
 290:Middlewares/ST/STM32_USB_Device_Library/Class/CDC/Src/usbd_cdc.c ****   USBD_CDC_HandleTypeDef *hcdc;
 291:Middlewares/ST/STM32_USB_Device_Library/Class/CDC/Src/usbd_cdc.c **** 
 292:Middlewares/ST/STM32_USB_Device_Library/Class/CDC/Src/usbd_cdc.c ****   hcdc = (USBD_CDC_HandleTypeDef *)USBD_malloc(sizeof(USBD_CDC_HandleTypeDef));
  97              		.loc 1 292 36
  98 000c 4FF40770 		mov	r0, #540
  99 0010 FFF7FEFF 		bl	USBD_static_malloc
 100 0014 F860     		str	r0, [r7, #12]
 293:Middlewares/ST/STM32_USB_Device_Library/Class/CDC/Src/usbd_cdc.c **** 
 294:Middlewares/ST/STM32_USB_Device_Library/Class/CDC/Src/usbd_cdc.c ****   if (hcdc == NULL)
 101              		.loc 1 294 6
 102 0016 FB68     		ldr	r3, [r7, #12]
ARM GAS  /tmp/ccwi9Slf.s 			page 8


 103 0018 002B     		cmp	r3, #0
 104 001a 09D1     		bne	.L2
 295:Middlewares/ST/STM32_USB_Device_Library/Class/CDC/Src/usbd_cdc.c ****   {
 296:Middlewares/ST/STM32_USB_Device_Library/Class/CDC/Src/usbd_cdc.c ****     pdev->pClassDataCmsit[pdev->classId] = NULL;
 105              		.loc 1 296 31
 106 001c 7B68     		ldr	r3, [r7, #4]
 107 001e D3F8D422 		ldr	r2, [r3, #724]
 108              		.loc 1 296 42
 109 0022 7B68     		ldr	r3, [r7, #4]
 110 0024 B032     		adds	r2, r2, #176
 111 0026 0021     		movs	r1, #0
 112 0028 43F82210 		str	r1, [r3, r2, lsl #2]
 297:Middlewares/ST/STM32_USB_Device_Library/Class/CDC/Src/usbd_cdc.c ****     return (uint8_t)USBD_EMEM;
 113              		.loc 1 297 12
 114 002c 0223     		movs	r3, #2
 115 002e D4E0     		b	.L3
 116              	.L2:
 298:Middlewares/ST/STM32_USB_Device_Library/Class/CDC/Src/usbd_cdc.c ****   }
 299:Middlewares/ST/STM32_USB_Device_Library/Class/CDC/Src/usbd_cdc.c **** 
 300:Middlewares/ST/STM32_USB_Device_Library/Class/CDC/Src/usbd_cdc.c ****   (void)USBD_memset(hcdc, 0, sizeof(USBD_CDC_HandleTypeDef));
 117              		.loc 1 300 9
 118 0030 4FF40772 		mov	r2, #540
 119 0034 0021     		movs	r1, #0
 120 0036 F868     		ldr	r0, [r7, #12]
 121 0038 FFF7FEFF 		bl	memset
 301:Middlewares/ST/STM32_USB_Device_Library/Class/CDC/Src/usbd_cdc.c **** 
 302:Middlewares/ST/STM32_USB_Device_Library/Class/CDC/Src/usbd_cdc.c ****   pdev->pClassDataCmsit[pdev->classId] = (void *)hcdc;
 122              		.loc 1 302 29
 123 003c 7B68     		ldr	r3, [r7, #4]
 124 003e D3F8D422 		ldr	r2, [r3, #724]
 125              		.loc 1 302 40
 126 0042 7B68     		ldr	r3, [r7, #4]
 127 0044 B032     		adds	r2, r2, #176
 128 0046 F968     		ldr	r1, [r7, #12]
 129 0048 43F82210 		str	r1, [r3, r2, lsl #2]
 303:Middlewares/ST/STM32_USB_Device_Library/Class/CDC/Src/usbd_cdc.c ****   pdev->pClassData = pdev->pClassDataCmsit[pdev->classId];
 130              		.loc 1 303 48
 131 004c 7B68     		ldr	r3, [r7, #4]
 132 004e D3F8D422 		ldr	r2, [r3, #724]
 133              		.loc 1 303 43
 134 0052 7B68     		ldr	r3, [r7, #4]
 135 0054 B032     		adds	r2, r2, #176
 136 0056 53F82220 		ldr	r2, [r3, r2, lsl #2]
 137              		.loc 1 303 20
 138 005a 7B68     		ldr	r3, [r7, #4]
 139 005c C3F8BC22 		str	r2, [r3, #700]
 304:Middlewares/ST/STM32_USB_Device_Library/Class/CDC/Src/usbd_cdc.c **** 
 305:Middlewares/ST/STM32_USB_Device_Library/Class/CDC/Src/usbd_cdc.c **** #ifdef USE_USBD_COMPOSITE
 306:Middlewares/ST/STM32_USB_Device_Library/Class/CDC/Src/usbd_cdc.c ****   /* Get the Endpoints addresses allocated for this class instance */
 307:Middlewares/ST/STM32_USB_Device_Library/Class/CDC/Src/usbd_cdc.c ****   CDCInEpAdd  = USBD_CoreGetEPAdd(pdev, USBD_EP_IN, USBD_EP_TYPE_BULK, (uint8_t)pdev->classId);
 308:Middlewares/ST/STM32_USB_Device_Library/Class/CDC/Src/usbd_cdc.c ****   CDCOutEpAdd = USBD_CoreGetEPAdd(pdev, USBD_EP_OUT, USBD_EP_TYPE_BULK, (uint8_t)pdev->classId);
 309:Middlewares/ST/STM32_USB_Device_Library/Class/CDC/Src/usbd_cdc.c ****   CDCCmdEpAdd = USBD_CoreGetEPAdd(pdev, USBD_EP_IN, USBD_EP_TYPE_INTR, (uint8_t)pdev->classId);
 310:Middlewares/ST/STM32_USB_Device_Library/Class/CDC/Src/usbd_cdc.c **** #endif /* USE_USBD_COMPOSITE */
 311:Middlewares/ST/STM32_USB_Device_Library/Class/CDC/Src/usbd_cdc.c **** 
 312:Middlewares/ST/STM32_USB_Device_Library/Class/CDC/Src/usbd_cdc.c ****   if (pdev->dev_speed == USBD_SPEED_HIGH)
 140              		.loc 1 312 11
 141 0060 7B68     		ldr	r3, [r7, #4]
ARM GAS  /tmp/ccwi9Slf.s 			page 9


 142 0062 1B7C     		ldrb	r3, [r3, #16]	@ zero_extendqisi2
 143              		.loc 1 312 6
 144 0064 002B     		cmp	r3, #0
 145 0066 38D1     		bne	.L4
 313:Middlewares/ST/STM32_USB_Device_Library/Class/CDC/Src/usbd_cdc.c ****   {
 314:Middlewares/ST/STM32_USB_Device_Library/Class/CDC/Src/usbd_cdc.c ****     /* Open EP IN */
 315:Middlewares/ST/STM32_USB_Device_Library/Class/CDC/Src/usbd_cdc.c ****     (void)USBD_LL_OpenEP(pdev, CDCInEpAdd, USBD_EP_TYPE_BULK,
 146              		.loc 1 315 5
 147 0068 5E4B     		ldr	r3, .L9
 148 006a 1978     		ldrb	r1, [r3]	@ zero_extendqisi2
 149              		.loc 1 315 11
 150 006c 4FF40073 		mov	r3, #512
 151 0070 0222     		movs	r2, #2
 152 0072 7868     		ldr	r0, [r7, #4]
 153 0074 FFF7FEFF 		bl	USBD_LL_OpenEP
 316:Middlewares/ST/STM32_USB_Device_Library/Class/CDC/Src/usbd_cdc.c ****                          CDC_DATA_HS_IN_PACKET_SIZE);
 317:Middlewares/ST/STM32_USB_Device_Library/Class/CDC/Src/usbd_cdc.c **** 
 318:Middlewares/ST/STM32_USB_Device_Library/Class/CDC/Src/usbd_cdc.c ****     pdev->ep_in[CDCInEpAdd & 0xFU].is_used = 1U;
 154              		.loc 1 318 28
 155 0078 5A4B     		ldr	r3, .L9
 156 007a 1B78     		ldrb	r3, [r3]	@ zero_extendqisi2
 157 007c 03F00F02 		and	r2, r3, #15
 158              		.loc 1 318 44
 159 0080 7968     		ldr	r1, [r7, #4]
 160 0082 1346     		mov	r3, r2
 161 0084 9B00     		lsls	r3, r3, #2
 162 0086 1344     		add	r3, r3, r2
 163 0088 9B00     		lsls	r3, r3, #2
 164 008a 0B44     		add	r3, r3, r1
 165 008c 2433     		adds	r3, r3, #36
 166 008e 0122     		movs	r2, #1
 167 0090 1A80     		strh	r2, [r3]	@ movhi
 319:Middlewares/ST/STM32_USB_Device_Library/Class/CDC/Src/usbd_cdc.c **** 
 320:Middlewares/ST/STM32_USB_Device_Library/Class/CDC/Src/usbd_cdc.c ****     /* Open EP OUT */
 321:Middlewares/ST/STM32_USB_Device_Library/Class/CDC/Src/usbd_cdc.c ****     (void)USBD_LL_OpenEP(pdev, CDCOutEpAdd, USBD_EP_TYPE_BULK,
 168              		.loc 1 321 5
 169 0092 554B     		ldr	r3, .L9+4
 170 0094 1978     		ldrb	r1, [r3]	@ zero_extendqisi2
 171              		.loc 1 321 11
 172 0096 4FF40073 		mov	r3, #512
 173 009a 0222     		movs	r2, #2
 174 009c 7868     		ldr	r0, [r7, #4]
 175 009e FFF7FEFF 		bl	USBD_LL_OpenEP
 322:Middlewares/ST/STM32_USB_Device_Library/Class/CDC/Src/usbd_cdc.c ****                          CDC_DATA_HS_OUT_PACKET_SIZE);
 323:Middlewares/ST/STM32_USB_Device_Library/Class/CDC/Src/usbd_cdc.c **** 
 324:Middlewares/ST/STM32_USB_Device_Library/Class/CDC/Src/usbd_cdc.c ****     pdev->ep_out[CDCOutEpAdd & 0xFU].is_used = 1U;
 176              		.loc 1 324 30
 177 00a2 514B     		ldr	r3, .L9+4
 178 00a4 1B78     		ldrb	r3, [r3]	@ zero_extendqisi2
 179 00a6 03F00F02 		and	r2, r3, #15
 180              		.loc 1 324 46
 181 00aa 7968     		ldr	r1, [r7, #4]
 182 00ac 1346     		mov	r3, r2
 183 00ae 9B00     		lsls	r3, r3, #2
 184 00b0 1344     		add	r3, r3, r2
 185 00b2 9B00     		lsls	r3, r3, #2
 186 00b4 0B44     		add	r3, r3, r1
ARM GAS  /tmp/ccwi9Slf.s 			page 10


 187 00b6 03F5B273 		add	r3, r3, #356
 188 00ba 0122     		movs	r2, #1
 189 00bc 1A80     		strh	r2, [r3]	@ movhi
 325:Middlewares/ST/STM32_USB_Device_Library/Class/CDC/Src/usbd_cdc.c **** 
 326:Middlewares/ST/STM32_USB_Device_Library/Class/CDC/Src/usbd_cdc.c ****     /* Set bInterval for CDC CMD Endpoint */
 327:Middlewares/ST/STM32_USB_Device_Library/Class/CDC/Src/usbd_cdc.c ****     pdev->ep_in[CDCCmdEpAdd & 0xFU].bInterval = CDC_HS_BINTERVAL;
 190              		.loc 1 327 29
 191 00be 4B4B     		ldr	r3, .L9+8
 192 00c0 1B78     		ldrb	r3, [r3]	@ zero_extendqisi2
 193 00c2 03F00F02 		and	r2, r3, #15
 194              		.loc 1 327 47
 195 00c6 7968     		ldr	r1, [r7, #4]
 196 00c8 1346     		mov	r3, r2
 197 00ca 9B00     		lsls	r3, r3, #2
 198 00cc 1344     		add	r3, r3, r2
 199 00ce 9B00     		lsls	r3, r3, #2
 200 00d0 0B44     		add	r3, r3, r1
 201 00d2 2633     		adds	r3, r3, #38
 202 00d4 1022     		movs	r2, #16
 203 00d6 1A80     		strh	r2, [r3]	@ movhi
 204 00d8 35E0     		b	.L5
 205              	.L4:
 328:Middlewares/ST/STM32_USB_Device_Library/Class/CDC/Src/usbd_cdc.c ****   }
 329:Middlewares/ST/STM32_USB_Device_Library/Class/CDC/Src/usbd_cdc.c ****   else
 330:Middlewares/ST/STM32_USB_Device_Library/Class/CDC/Src/usbd_cdc.c ****   {
 331:Middlewares/ST/STM32_USB_Device_Library/Class/CDC/Src/usbd_cdc.c ****     /* Open EP IN */
 332:Middlewares/ST/STM32_USB_Device_Library/Class/CDC/Src/usbd_cdc.c ****     (void)USBD_LL_OpenEP(pdev, CDCInEpAdd, USBD_EP_TYPE_BULK,
 206              		.loc 1 332 5
 207 00da 424B     		ldr	r3, .L9
 208 00dc 1978     		ldrb	r1, [r3]	@ zero_extendqisi2
 209              		.loc 1 332 11
 210 00de 4023     		movs	r3, #64
 211 00e0 0222     		movs	r2, #2
 212 00e2 7868     		ldr	r0, [r7, #4]
 213 00e4 FFF7FEFF 		bl	USBD_LL_OpenEP
 333:Middlewares/ST/STM32_USB_Device_Library/Class/CDC/Src/usbd_cdc.c ****                          CDC_DATA_FS_IN_PACKET_SIZE);
 334:Middlewares/ST/STM32_USB_Device_Library/Class/CDC/Src/usbd_cdc.c **** 
 335:Middlewares/ST/STM32_USB_Device_Library/Class/CDC/Src/usbd_cdc.c ****     pdev->ep_in[CDCInEpAdd & 0xFU].is_used = 1U;
 214              		.loc 1 335 28
 215 00e8 3E4B     		ldr	r3, .L9
 216 00ea 1B78     		ldrb	r3, [r3]	@ zero_extendqisi2
 217 00ec 03F00F02 		and	r2, r3, #15
 218              		.loc 1 335 44
 219 00f0 7968     		ldr	r1, [r7, #4]
 220 00f2 1346     		mov	r3, r2
 221 00f4 9B00     		lsls	r3, r3, #2
 222 00f6 1344     		add	r3, r3, r2
 223 00f8 9B00     		lsls	r3, r3, #2
 224 00fa 0B44     		add	r3, r3, r1
 225 00fc 2433     		adds	r3, r3, #36
 226 00fe 0122     		movs	r2, #1
 227 0100 1A80     		strh	r2, [r3]	@ movhi
 336:Middlewares/ST/STM32_USB_Device_Library/Class/CDC/Src/usbd_cdc.c **** 
 337:Middlewares/ST/STM32_USB_Device_Library/Class/CDC/Src/usbd_cdc.c ****     /* Open EP OUT */
 338:Middlewares/ST/STM32_USB_Device_Library/Class/CDC/Src/usbd_cdc.c ****     (void)USBD_LL_OpenEP(pdev, CDCOutEpAdd, USBD_EP_TYPE_BULK,
 228              		.loc 1 338 5
 229 0102 394B     		ldr	r3, .L9+4
ARM GAS  /tmp/ccwi9Slf.s 			page 11


 230 0104 1978     		ldrb	r1, [r3]	@ zero_extendqisi2
 231              		.loc 1 338 11
 232 0106 4023     		movs	r3, #64
 233 0108 0222     		movs	r2, #2
 234 010a 7868     		ldr	r0, [r7, #4]
 235 010c FFF7FEFF 		bl	USBD_LL_OpenEP
 339:Middlewares/ST/STM32_USB_Device_Library/Class/CDC/Src/usbd_cdc.c ****                          CDC_DATA_FS_OUT_PACKET_SIZE);
 340:Middlewares/ST/STM32_USB_Device_Library/Class/CDC/Src/usbd_cdc.c **** 
 341:Middlewares/ST/STM32_USB_Device_Library/Class/CDC/Src/usbd_cdc.c ****     pdev->ep_out[CDCOutEpAdd & 0xFU].is_used = 1U;
 236              		.loc 1 341 30
 237 0110 354B     		ldr	r3, .L9+4
 238 0112 1B78     		ldrb	r3, [r3]	@ zero_extendqisi2
 239 0114 03F00F02 		and	r2, r3, #15
 240              		.loc 1 341 46
 241 0118 7968     		ldr	r1, [r7, #4]
 242 011a 1346     		mov	r3, r2
 243 011c 9B00     		lsls	r3, r3, #2
 244 011e 1344     		add	r3, r3, r2
 245 0120 9B00     		lsls	r3, r3, #2
 246 0122 0B44     		add	r3, r3, r1
 247 0124 03F5B273 		add	r3, r3, #356
 248 0128 0122     		movs	r2, #1
 249 012a 1A80     		strh	r2, [r3]	@ movhi
 342:Middlewares/ST/STM32_USB_Device_Library/Class/CDC/Src/usbd_cdc.c **** 
 343:Middlewares/ST/STM32_USB_Device_Library/Class/CDC/Src/usbd_cdc.c ****     /* Set bInterval for CMD Endpoint */
 344:Middlewares/ST/STM32_USB_Device_Library/Class/CDC/Src/usbd_cdc.c ****     pdev->ep_in[CDCCmdEpAdd & 0xFU].bInterval = CDC_FS_BINTERVAL;
 250              		.loc 1 344 29
 251 012c 2F4B     		ldr	r3, .L9+8
 252 012e 1B78     		ldrb	r3, [r3]	@ zero_extendqisi2
 253 0130 03F00F02 		and	r2, r3, #15
 254              		.loc 1 344 47
 255 0134 7968     		ldr	r1, [r7, #4]
 256 0136 1346     		mov	r3, r2
 257 0138 9B00     		lsls	r3, r3, #2
 258 013a 1344     		add	r3, r3, r2
 259 013c 9B00     		lsls	r3, r3, #2
 260 013e 0B44     		add	r3, r3, r1
 261 0140 2633     		adds	r3, r3, #38
 262 0142 1022     		movs	r2, #16
 263 0144 1A80     		strh	r2, [r3]	@ movhi
 264              	.L5:
 345:Middlewares/ST/STM32_USB_Device_Library/Class/CDC/Src/usbd_cdc.c ****   }
 346:Middlewares/ST/STM32_USB_Device_Library/Class/CDC/Src/usbd_cdc.c **** 
 347:Middlewares/ST/STM32_USB_Device_Library/Class/CDC/Src/usbd_cdc.c ****   /* Open Command IN EP */
 348:Middlewares/ST/STM32_USB_Device_Library/Class/CDC/Src/usbd_cdc.c ****   (void)USBD_LL_OpenEP(pdev, CDCCmdEpAdd, USBD_EP_TYPE_INTR, CDC_CMD_PACKET_SIZE);
 265              		.loc 1 348 3
 266 0146 294B     		ldr	r3, .L9+8
 267 0148 1978     		ldrb	r1, [r3]	@ zero_extendqisi2
 268              		.loc 1 348 9
 269 014a 0823     		movs	r3, #8
 270 014c 0322     		movs	r2, #3
 271 014e 7868     		ldr	r0, [r7, #4]
 272 0150 FFF7FEFF 		bl	USBD_LL_OpenEP
 349:Middlewares/ST/STM32_USB_Device_Library/Class/CDC/Src/usbd_cdc.c ****   pdev->ep_in[CDCCmdEpAdd & 0xFU].is_used = 1U;
 273              		.loc 1 349 27
 274 0154 254B     		ldr	r3, .L9+8
 275 0156 1B78     		ldrb	r3, [r3]	@ zero_extendqisi2
ARM GAS  /tmp/ccwi9Slf.s 			page 12


 276 0158 03F00F02 		and	r2, r3, #15
 277              		.loc 1 349 43
 278 015c 7968     		ldr	r1, [r7, #4]
 279 015e 1346     		mov	r3, r2
 280 0160 9B00     		lsls	r3, r3, #2
 281 0162 1344     		add	r3, r3, r2
 282 0164 9B00     		lsls	r3, r3, #2
 283 0166 0B44     		add	r3, r3, r1
 284 0168 2433     		adds	r3, r3, #36
 285 016a 0122     		movs	r2, #1
 286 016c 1A80     		strh	r2, [r3]	@ movhi
 350:Middlewares/ST/STM32_USB_Device_Library/Class/CDC/Src/usbd_cdc.c **** 
 351:Middlewares/ST/STM32_USB_Device_Library/Class/CDC/Src/usbd_cdc.c ****   hcdc->RxBuffer = NULL;
 287              		.loc 1 351 18
 288 016e FB68     		ldr	r3, [r7, #12]
 289 0170 0022     		movs	r2, #0
 290 0172 C3F80422 		str	r2, [r3, #516]
 352:Middlewares/ST/STM32_USB_Device_Library/Class/CDC/Src/usbd_cdc.c **** 
 353:Middlewares/ST/STM32_USB_Device_Library/Class/CDC/Src/usbd_cdc.c ****   /* Init  physical Interface components */
 354:Middlewares/ST/STM32_USB_Device_Library/Class/CDC/Src/usbd_cdc.c ****   ((USBD_CDC_ItfTypeDef *)pdev->pUserData[pdev->classId])->Init();
 291              		.loc 1 354 47
 292 0176 7B68     		ldr	r3, [r7, #4]
 293 0178 D3F8D432 		ldr	r3, [r3, #724]
 294              		.loc 1 354 42
 295 017c 7A68     		ldr	r2, [r7, #4]
 296 017e B033     		adds	r3, r3, #176
 297 0180 9B00     		lsls	r3, r3, #2
 298 0182 1344     		add	r3, r3, r2
 299 0184 5B68     		ldr	r3, [r3, #4]
 300              		.loc 1 354 58
 301 0186 1B68     		ldr	r3, [r3]
 302              		.loc 1 354 4
 303 0188 9847     		blx	r3
 304              	.LVL0:
 355:Middlewares/ST/STM32_USB_Device_Library/Class/CDC/Src/usbd_cdc.c **** 
 356:Middlewares/ST/STM32_USB_Device_Library/Class/CDC/Src/usbd_cdc.c ****   /* Init Xfer states */
 357:Middlewares/ST/STM32_USB_Device_Library/Class/CDC/Src/usbd_cdc.c ****   hcdc->TxState = 0U;
 305              		.loc 1 357 17
 306 018a FB68     		ldr	r3, [r7, #12]
 307 018c 0022     		movs	r2, #0
 308 018e C3F81422 		str	r2, [r3, #532]
 358:Middlewares/ST/STM32_USB_Device_Library/Class/CDC/Src/usbd_cdc.c ****   hcdc->RxState = 0U;
 309              		.loc 1 358 17
 310 0192 FB68     		ldr	r3, [r7, #12]
 311 0194 0022     		movs	r2, #0
 312 0196 C3F81822 		str	r2, [r3, #536]
 359:Middlewares/ST/STM32_USB_Device_Library/Class/CDC/Src/usbd_cdc.c **** 
 360:Middlewares/ST/STM32_USB_Device_Library/Class/CDC/Src/usbd_cdc.c ****   if (hcdc->RxBuffer == NULL)
 313              		.loc 1 360 11
 314 019a FB68     		ldr	r3, [r7, #12]
 315 019c D3F80432 		ldr	r3, [r3, #516]
 316              		.loc 1 360 6
 317 01a0 002B     		cmp	r3, #0
 318 01a2 01D1     		bne	.L6
 361:Middlewares/ST/STM32_USB_Device_Library/Class/CDC/Src/usbd_cdc.c ****   {
 362:Middlewares/ST/STM32_USB_Device_Library/Class/CDC/Src/usbd_cdc.c ****     return (uint8_t)USBD_EMEM;
 319              		.loc 1 362 12
ARM GAS  /tmp/ccwi9Slf.s 			page 13


 320 01a4 0223     		movs	r3, #2
 321 01a6 18E0     		b	.L3
 322              	.L6:
 363:Middlewares/ST/STM32_USB_Device_Library/Class/CDC/Src/usbd_cdc.c ****   }
 364:Middlewares/ST/STM32_USB_Device_Library/Class/CDC/Src/usbd_cdc.c **** 
 365:Middlewares/ST/STM32_USB_Device_Library/Class/CDC/Src/usbd_cdc.c ****   if (pdev->dev_speed == USBD_SPEED_HIGH)
 323              		.loc 1 365 11
 324 01a8 7B68     		ldr	r3, [r7, #4]
 325 01aa 1B7C     		ldrb	r3, [r3, #16]	@ zero_extendqisi2
 326              		.loc 1 365 6
 327 01ac 002B     		cmp	r3, #0
 328 01ae 0AD1     		bne	.L7
 366:Middlewares/ST/STM32_USB_Device_Library/Class/CDC/Src/usbd_cdc.c ****   {
 367:Middlewares/ST/STM32_USB_Device_Library/Class/CDC/Src/usbd_cdc.c ****     /* Prepare Out endpoint to receive next packet */
 368:Middlewares/ST/STM32_USB_Device_Library/Class/CDC/Src/usbd_cdc.c ****     (void)USBD_LL_PrepareReceive(pdev, CDCOutEpAdd, hcdc->RxBuffer,
 329              		.loc 1 368 5
 330 01b0 0D4B     		ldr	r3, .L9+4
 331 01b2 1978     		ldrb	r1, [r3]	@ zero_extendqisi2
 332              		.loc 1 368 11
 333 01b4 FB68     		ldr	r3, [r7, #12]
 334 01b6 D3F80422 		ldr	r2, [r3, #516]
 335 01ba 4FF40073 		mov	r3, #512
 336 01be 7868     		ldr	r0, [r7, #4]
 337 01c0 FFF7FEFF 		bl	USBD_LL_PrepareReceive
 338 01c4 08E0     		b	.L8
 339              	.L7:
 369:Middlewares/ST/STM32_USB_Device_Library/Class/CDC/Src/usbd_cdc.c ****                                  CDC_DATA_HS_OUT_PACKET_SIZE);
 370:Middlewares/ST/STM32_USB_Device_Library/Class/CDC/Src/usbd_cdc.c ****   }
 371:Middlewares/ST/STM32_USB_Device_Library/Class/CDC/Src/usbd_cdc.c ****   else
 372:Middlewares/ST/STM32_USB_Device_Library/Class/CDC/Src/usbd_cdc.c ****   {
 373:Middlewares/ST/STM32_USB_Device_Library/Class/CDC/Src/usbd_cdc.c ****     /* Prepare Out endpoint to receive next packet */
 374:Middlewares/ST/STM32_USB_Device_Library/Class/CDC/Src/usbd_cdc.c ****     (void)USBD_LL_PrepareReceive(pdev, CDCOutEpAdd, hcdc->RxBuffer,
 340              		.loc 1 374 5
 341 01c6 084B     		ldr	r3, .L9+4
 342 01c8 1978     		ldrb	r1, [r3]	@ zero_extendqisi2
 343              		.loc 1 374 11
 344 01ca FB68     		ldr	r3, [r7, #12]
 345 01cc D3F80422 		ldr	r2, [r3, #516]
 346 01d0 4023     		movs	r3, #64
 347 01d2 7868     		ldr	r0, [r7, #4]
 348 01d4 FFF7FEFF 		bl	USBD_LL_PrepareReceive
 349              	.L8:
 375:Middlewares/ST/STM32_USB_Device_Library/Class/CDC/Src/usbd_cdc.c ****                                  CDC_DATA_FS_OUT_PACKET_SIZE);
 376:Middlewares/ST/STM32_USB_Device_Library/Class/CDC/Src/usbd_cdc.c ****   }
 377:Middlewares/ST/STM32_USB_Device_Library/Class/CDC/Src/usbd_cdc.c **** 
 378:Middlewares/ST/STM32_USB_Device_Library/Class/CDC/Src/usbd_cdc.c ****   return (uint8_t)USBD_OK;
 350              		.loc 1 378 10
 351 01d8 0023     		movs	r3, #0
 352              	.L3:
 379:Middlewares/ST/STM32_USB_Device_Library/Class/CDC/Src/usbd_cdc.c **** }
 353              		.loc 1 379 1
 354 01da 1846     		mov	r0, r3
 355 01dc 1037     		adds	r7, r7, #16
 356              	.LCFI3:
 357              		.cfi_def_cfa_offset 8
 358 01de BD46     		mov	sp, r7
 359              	.LCFI4:
ARM GAS  /tmp/ccwi9Slf.s 			page 14


 360              		.cfi_def_cfa_register 13
 361              		@ sp needed
 362 01e0 80BD     		pop	{r7, pc}
 363              	.L10:
 364 01e2 00BF     		.align	2
 365              	.L9:
 366 01e4 00000000 		.word	CDCInEpAdd
 367 01e8 00000000 		.word	CDCOutEpAdd
 368 01ec 00000000 		.word	CDCCmdEpAdd
 369              		.cfi_endproc
 370              	.LFE224:
 372              		.section	.text.USBD_CDC_DeInit,"ax",%progbits
 373              		.align	1
 374              		.syntax unified
 375              		.thumb
 376              		.thumb_func
 378              	USBD_CDC_DeInit:
 379              	.LFB225:
 380:Middlewares/ST/STM32_USB_Device_Library/Class/CDC/Src/usbd_cdc.c **** 
 381:Middlewares/ST/STM32_USB_Device_Library/Class/CDC/Src/usbd_cdc.c **** /**
 382:Middlewares/ST/STM32_USB_Device_Library/Class/CDC/Src/usbd_cdc.c ****   * @brief  USBD_CDC_Init
 383:Middlewares/ST/STM32_USB_Device_Library/Class/CDC/Src/usbd_cdc.c ****   *         DeInitialize the CDC layer
 384:Middlewares/ST/STM32_USB_Device_Library/Class/CDC/Src/usbd_cdc.c ****   * @param  pdev: device instance
 385:Middlewares/ST/STM32_USB_Device_Library/Class/CDC/Src/usbd_cdc.c ****   * @param  cfgidx: Configuration index
 386:Middlewares/ST/STM32_USB_Device_Library/Class/CDC/Src/usbd_cdc.c ****   * @retval status
 387:Middlewares/ST/STM32_USB_Device_Library/Class/CDC/Src/usbd_cdc.c ****   */
 388:Middlewares/ST/STM32_USB_Device_Library/Class/CDC/Src/usbd_cdc.c **** static uint8_t USBD_CDC_DeInit(USBD_HandleTypeDef *pdev, uint8_t cfgidx)
 389:Middlewares/ST/STM32_USB_Device_Library/Class/CDC/Src/usbd_cdc.c **** {
 380              		.loc 1 389 1
 381              		.cfi_startproc
 382              		@ args = 0, pretend = 0, frame = 8
 383              		@ frame_needed = 1, uses_anonymous_args = 0
 384 0000 80B5     		push	{r7, lr}
 385              	.LCFI5:
 386              		.cfi_def_cfa_offset 8
 387              		.cfi_offset 7, -8
 388              		.cfi_offset 14, -4
 389 0002 82B0     		sub	sp, sp, #8
 390              	.LCFI6:
 391              		.cfi_def_cfa_offset 16
 392 0004 00AF     		add	r7, sp, #0
 393              	.LCFI7:
 394              		.cfi_def_cfa_register 7
 395 0006 7860     		str	r0, [r7, #4]
 396 0008 0B46     		mov	r3, r1
 397 000a FB70     		strb	r3, [r7, #3]
 390:Middlewares/ST/STM32_USB_Device_Library/Class/CDC/Src/usbd_cdc.c ****   UNUSED(cfgidx);
 391:Middlewares/ST/STM32_USB_Device_Library/Class/CDC/Src/usbd_cdc.c **** 
 392:Middlewares/ST/STM32_USB_Device_Library/Class/CDC/Src/usbd_cdc.c **** 
 393:Middlewares/ST/STM32_USB_Device_Library/Class/CDC/Src/usbd_cdc.c **** #ifdef USE_USBD_COMPOSITE
 394:Middlewares/ST/STM32_USB_Device_Library/Class/CDC/Src/usbd_cdc.c ****   /* Get the Endpoints addresses allocated for this CDC class instance */
 395:Middlewares/ST/STM32_USB_Device_Library/Class/CDC/Src/usbd_cdc.c ****   CDCInEpAdd  = USBD_CoreGetEPAdd(pdev, USBD_EP_IN, USBD_EP_TYPE_BULK, (uint8_t)pdev->classId);
 396:Middlewares/ST/STM32_USB_Device_Library/Class/CDC/Src/usbd_cdc.c ****   CDCOutEpAdd = USBD_CoreGetEPAdd(pdev, USBD_EP_OUT, USBD_EP_TYPE_BULK, (uint8_t)pdev->classId);
 397:Middlewares/ST/STM32_USB_Device_Library/Class/CDC/Src/usbd_cdc.c ****   CDCCmdEpAdd = USBD_CoreGetEPAdd(pdev, USBD_EP_IN, USBD_EP_TYPE_INTR, (uint8_t)pdev->classId);
 398:Middlewares/ST/STM32_USB_Device_Library/Class/CDC/Src/usbd_cdc.c **** #endif /* USE_USBD_COMPOSITE */
 399:Middlewares/ST/STM32_USB_Device_Library/Class/CDC/Src/usbd_cdc.c **** 
 400:Middlewares/ST/STM32_USB_Device_Library/Class/CDC/Src/usbd_cdc.c ****   /* Close EP IN */
ARM GAS  /tmp/ccwi9Slf.s 			page 15


 401:Middlewares/ST/STM32_USB_Device_Library/Class/CDC/Src/usbd_cdc.c ****   (void)USBD_LL_CloseEP(pdev, CDCInEpAdd);
 398              		.loc 1 401 3
 399 000c 3A4B     		ldr	r3, .L14
 400 000e 1B78     		ldrb	r3, [r3]	@ zero_extendqisi2
 401              		.loc 1 401 9
 402 0010 1946     		mov	r1, r3
 403 0012 7868     		ldr	r0, [r7, #4]
 404 0014 FFF7FEFF 		bl	USBD_LL_CloseEP
 402:Middlewares/ST/STM32_USB_Device_Library/Class/CDC/Src/usbd_cdc.c ****   pdev->ep_in[CDCInEpAdd & 0xFU].is_used = 0U;
 405              		.loc 1 402 26
 406 0018 374B     		ldr	r3, .L14
 407 001a 1B78     		ldrb	r3, [r3]	@ zero_extendqisi2
 408 001c 03F00F02 		and	r2, r3, #15
 409              		.loc 1 402 42
 410 0020 7968     		ldr	r1, [r7, #4]
 411 0022 1346     		mov	r3, r2
 412 0024 9B00     		lsls	r3, r3, #2
 413 0026 1344     		add	r3, r3, r2
 414 0028 9B00     		lsls	r3, r3, #2
 415 002a 0B44     		add	r3, r3, r1
 416 002c 2433     		adds	r3, r3, #36
 417 002e 0022     		movs	r2, #0
 418 0030 1A80     		strh	r2, [r3]	@ movhi
 403:Middlewares/ST/STM32_USB_Device_Library/Class/CDC/Src/usbd_cdc.c **** 
 404:Middlewares/ST/STM32_USB_Device_Library/Class/CDC/Src/usbd_cdc.c ****   /* Close EP OUT */
 405:Middlewares/ST/STM32_USB_Device_Library/Class/CDC/Src/usbd_cdc.c ****   (void)USBD_LL_CloseEP(pdev, CDCOutEpAdd);
 419              		.loc 1 405 3
 420 0032 324B     		ldr	r3, .L14+4
 421 0034 1B78     		ldrb	r3, [r3]	@ zero_extendqisi2
 422              		.loc 1 405 9
 423 0036 1946     		mov	r1, r3
 424 0038 7868     		ldr	r0, [r7, #4]
 425 003a FFF7FEFF 		bl	USBD_LL_CloseEP
 406:Middlewares/ST/STM32_USB_Device_Library/Class/CDC/Src/usbd_cdc.c ****   pdev->ep_out[CDCOutEpAdd & 0xFU].is_used = 0U;
 426              		.loc 1 406 28
 427 003e 2F4B     		ldr	r3, .L14+4
 428 0040 1B78     		ldrb	r3, [r3]	@ zero_extendqisi2
 429 0042 03F00F02 		and	r2, r3, #15
 430              		.loc 1 406 44
 431 0046 7968     		ldr	r1, [r7, #4]
 432 0048 1346     		mov	r3, r2
 433 004a 9B00     		lsls	r3, r3, #2
 434 004c 1344     		add	r3, r3, r2
 435 004e 9B00     		lsls	r3, r3, #2
 436 0050 0B44     		add	r3, r3, r1
 437 0052 03F5B273 		add	r3, r3, #356
 438 0056 0022     		movs	r2, #0
 439 0058 1A80     		strh	r2, [r3]	@ movhi
 407:Middlewares/ST/STM32_USB_Device_Library/Class/CDC/Src/usbd_cdc.c **** 
 408:Middlewares/ST/STM32_USB_Device_Library/Class/CDC/Src/usbd_cdc.c ****   /* Close Command IN EP */
 409:Middlewares/ST/STM32_USB_Device_Library/Class/CDC/Src/usbd_cdc.c ****   (void)USBD_LL_CloseEP(pdev, CDCCmdEpAdd);
 440              		.loc 1 409 3
 441 005a 294B     		ldr	r3, .L14+8
 442 005c 1B78     		ldrb	r3, [r3]	@ zero_extendqisi2
 443              		.loc 1 409 9
 444 005e 1946     		mov	r1, r3
 445 0060 7868     		ldr	r0, [r7, #4]
ARM GAS  /tmp/ccwi9Slf.s 			page 16


 446 0062 FFF7FEFF 		bl	USBD_LL_CloseEP
 410:Middlewares/ST/STM32_USB_Device_Library/Class/CDC/Src/usbd_cdc.c ****   pdev->ep_in[CDCCmdEpAdd & 0xFU].is_used = 0U;
 447              		.loc 1 410 27
 448 0066 264B     		ldr	r3, .L14+8
 449 0068 1B78     		ldrb	r3, [r3]	@ zero_extendqisi2
 450 006a 03F00F02 		and	r2, r3, #15
 451              		.loc 1 410 43
 452 006e 7968     		ldr	r1, [r7, #4]
 453 0070 1346     		mov	r3, r2
 454 0072 9B00     		lsls	r3, r3, #2
 455 0074 1344     		add	r3, r3, r2
 456 0076 9B00     		lsls	r3, r3, #2
 457 0078 0B44     		add	r3, r3, r1
 458 007a 2433     		adds	r3, r3, #36
 459 007c 0022     		movs	r2, #0
 460 007e 1A80     		strh	r2, [r3]	@ movhi
 411:Middlewares/ST/STM32_USB_Device_Library/Class/CDC/Src/usbd_cdc.c ****   pdev->ep_in[CDCCmdEpAdd & 0xFU].bInterval = 0U;
 461              		.loc 1 411 27
 462 0080 1F4B     		ldr	r3, .L14+8
 463 0082 1B78     		ldrb	r3, [r3]	@ zero_extendqisi2
 464 0084 03F00F02 		and	r2, r3, #15
 465              		.loc 1 411 45
 466 0088 7968     		ldr	r1, [r7, #4]
 467 008a 1346     		mov	r3, r2
 468 008c 9B00     		lsls	r3, r3, #2
 469 008e 1344     		add	r3, r3, r2
 470 0090 9B00     		lsls	r3, r3, #2
 471 0092 0B44     		add	r3, r3, r1
 472 0094 2633     		adds	r3, r3, #38
 473 0096 0022     		movs	r2, #0
 474 0098 1A80     		strh	r2, [r3]	@ movhi
 412:Middlewares/ST/STM32_USB_Device_Library/Class/CDC/Src/usbd_cdc.c **** 
 413:Middlewares/ST/STM32_USB_Device_Library/Class/CDC/Src/usbd_cdc.c ****   /* DeInit  physical Interface components */
 414:Middlewares/ST/STM32_USB_Device_Library/Class/CDC/Src/usbd_cdc.c ****   if (pdev->pClassDataCmsit[pdev->classId] != NULL)
 475              		.loc 1 414 33
 476 009a 7B68     		ldr	r3, [r7, #4]
 477 009c D3F8D422 		ldr	r2, [r3, #724]
 478              		.loc 1 414 28
 479 00a0 7B68     		ldr	r3, [r7, #4]
 480 00a2 B032     		adds	r2, r2, #176
 481 00a4 53F82230 		ldr	r3, [r3, r2, lsl #2]
 482              		.loc 1 414 6
 483 00a8 002B     		cmp	r3, #0
 484 00aa 1FD0     		beq	.L12
 415:Middlewares/ST/STM32_USB_Device_Library/Class/CDC/Src/usbd_cdc.c ****   {
 416:Middlewares/ST/STM32_USB_Device_Library/Class/CDC/Src/usbd_cdc.c ****     ((USBD_CDC_ItfTypeDef *)pdev->pUserData[pdev->classId])->DeInit();
 485              		.loc 1 416 49
 486 00ac 7B68     		ldr	r3, [r7, #4]
 487 00ae D3F8D432 		ldr	r3, [r3, #724]
 488              		.loc 1 416 44
 489 00b2 7A68     		ldr	r2, [r7, #4]
 490 00b4 B033     		adds	r3, r3, #176
 491 00b6 9B00     		lsls	r3, r3, #2
 492 00b8 1344     		add	r3, r3, r2
 493 00ba 5B68     		ldr	r3, [r3, #4]
 494              		.loc 1 416 60
 495 00bc 5B68     		ldr	r3, [r3, #4]
ARM GAS  /tmp/ccwi9Slf.s 			page 17


 496              		.loc 1 416 6
 497 00be 9847     		blx	r3
 498              	.LVL1:
 417:Middlewares/ST/STM32_USB_Device_Library/Class/CDC/Src/usbd_cdc.c ****     (void)USBD_free(pdev->pClassDataCmsit[pdev->classId]);
 499              		.loc 1 417 47
 500 00c0 7B68     		ldr	r3, [r7, #4]
 501 00c2 D3F8D422 		ldr	r2, [r3, #724]
 502              		.loc 1 417 5
 503 00c6 7B68     		ldr	r3, [r7, #4]
 504 00c8 B032     		adds	r2, r2, #176
 505 00ca 53F82230 		ldr	r3, [r3, r2, lsl #2]
 506 00ce 1846     		mov	r0, r3
 507 00d0 FFF7FEFF 		bl	USBD_static_free
 418:Middlewares/ST/STM32_USB_Device_Library/Class/CDC/Src/usbd_cdc.c ****     pdev->pClassDataCmsit[pdev->classId] = NULL;
 508              		.loc 1 418 31
 509 00d4 7B68     		ldr	r3, [r7, #4]
 510 00d6 D3F8D422 		ldr	r2, [r3, #724]
 511              		.loc 1 418 42
 512 00da 7B68     		ldr	r3, [r7, #4]
 513 00dc B032     		adds	r2, r2, #176
 514 00de 0021     		movs	r1, #0
 515 00e0 43F82210 		str	r1, [r3, r2, lsl #2]
 419:Middlewares/ST/STM32_USB_Device_Library/Class/CDC/Src/usbd_cdc.c ****     pdev->pClassData = NULL;
 516              		.loc 1 419 22
 517 00e4 7B68     		ldr	r3, [r7, #4]
 518 00e6 0022     		movs	r2, #0
 519 00e8 C3F8BC22 		str	r2, [r3, #700]
 520              	.L12:
 420:Middlewares/ST/STM32_USB_Device_Library/Class/CDC/Src/usbd_cdc.c ****   }
 421:Middlewares/ST/STM32_USB_Device_Library/Class/CDC/Src/usbd_cdc.c **** 
 422:Middlewares/ST/STM32_USB_Device_Library/Class/CDC/Src/usbd_cdc.c ****   return (uint8_t)USBD_OK;
 521              		.loc 1 422 10
 522 00ec 0023     		movs	r3, #0
 423:Middlewares/ST/STM32_USB_Device_Library/Class/CDC/Src/usbd_cdc.c **** }
 523              		.loc 1 423 1
 524 00ee 1846     		mov	r0, r3
 525 00f0 0837     		adds	r7, r7, #8
 526              	.LCFI8:
 527              		.cfi_def_cfa_offset 8
 528 00f2 BD46     		mov	sp, r7
 529              	.LCFI9:
 530              		.cfi_def_cfa_register 13
 531              		@ sp needed
 532 00f4 80BD     		pop	{r7, pc}
 533              	.L15:
 534 00f6 00BF     		.align	2
 535              	.L14:
 536 00f8 00000000 		.word	CDCInEpAdd
 537 00fc 00000000 		.word	CDCOutEpAdd
 538 0100 00000000 		.word	CDCCmdEpAdd
 539              		.cfi_endproc
 540              	.LFE225:
 542              		.section	.text.USBD_CDC_Setup,"ax",%progbits
 543              		.align	1
 544              		.syntax unified
 545              		.thumb
 546              		.thumb_func
ARM GAS  /tmp/ccwi9Slf.s 			page 18


 548              	USBD_CDC_Setup:
 549              	.LFB226:
 424:Middlewares/ST/STM32_USB_Device_Library/Class/CDC/Src/usbd_cdc.c **** 
 425:Middlewares/ST/STM32_USB_Device_Library/Class/CDC/Src/usbd_cdc.c **** /**
 426:Middlewares/ST/STM32_USB_Device_Library/Class/CDC/Src/usbd_cdc.c ****   * @brief  USBD_CDC_Setup
 427:Middlewares/ST/STM32_USB_Device_Library/Class/CDC/Src/usbd_cdc.c ****   *         Handle the CDC specific requests
 428:Middlewares/ST/STM32_USB_Device_Library/Class/CDC/Src/usbd_cdc.c ****   * @param  pdev: instance
 429:Middlewares/ST/STM32_USB_Device_Library/Class/CDC/Src/usbd_cdc.c ****   * @param  req: usb requests
 430:Middlewares/ST/STM32_USB_Device_Library/Class/CDC/Src/usbd_cdc.c ****   * @retval status
 431:Middlewares/ST/STM32_USB_Device_Library/Class/CDC/Src/usbd_cdc.c ****   */
 432:Middlewares/ST/STM32_USB_Device_Library/Class/CDC/Src/usbd_cdc.c **** static uint8_t USBD_CDC_Setup(USBD_HandleTypeDef *pdev,
 433:Middlewares/ST/STM32_USB_Device_Library/Class/CDC/Src/usbd_cdc.c ****                               USBD_SetupReqTypedef *req)
 434:Middlewares/ST/STM32_USB_Device_Library/Class/CDC/Src/usbd_cdc.c **** {
 550              		.loc 1 434 1
 551              		.cfi_startproc
 552              		@ args = 0, pretend = 0, frame = 24
 553              		@ frame_needed = 1, uses_anonymous_args = 0
 554 0000 80B5     		push	{r7, lr}
 555              	.LCFI10:
 556              		.cfi_def_cfa_offset 8
 557              		.cfi_offset 7, -8
 558              		.cfi_offset 14, -4
 559 0002 86B0     		sub	sp, sp, #24
 560              	.LCFI11:
 561              		.cfi_def_cfa_offset 32
 562 0004 00AF     		add	r7, sp, #0
 563              	.LCFI12:
 564              		.cfi_def_cfa_register 7
 565 0006 7860     		str	r0, [r7, #4]
 566 0008 3960     		str	r1, [r7]
 435:Middlewares/ST/STM32_USB_Device_Library/Class/CDC/Src/usbd_cdc.c ****   USBD_CDC_HandleTypeDef *hcdc = (USBD_CDC_HandleTypeDef *)pdev->pClassDataCmsit[pdev->classId];
 567              		.loc 1 435 86
 568 000a 7B68     		ldr	r3, [r7, #4]
 569 000c D3F8D422 		ldr	r2, [r3, #724]
 570              		.loc 1 435 27
 571 0010 7B68     		ldr	r3, [r7, #4]
 572 0012 B032     		adds	r2, r2, #176
 573 0014 53F82230 		ldr	r3, [r3, r2, lsl #2]
 574 0018 3B61     		str	r3, [r7, #16]
 436:Middlewares/ST/STM32_USB_Device_Library/Class/CDC/Src/usbd_cdc.c ****   uint16_t len;
 437:Middlewares/ST/STM32_USB_Device_Library/Class/CDC/Src/usbd_cdc.c ****   uint8_t ifalt = 0U;
 575              		.loc 1 437 11
 576 001a 0023     		movs	r3, #0
 577 001c 7B73     		strb	r3, [r7, #13]
 438:Middlewares/ST/STM32_USB_Device_Library/Class/CDC/Src/usbd_cdc.c ****   uint16_t status_info = 0U;
 578              		.loc 1 438 12
 579 001e 0023     		movs	r3, #0
 580 0020 7B81     		strh	r3, [r7, #10]	@ movhi
 439:Middlewares/ST/STM32_USB_Device_Library/Class/CDC/Src/usbd_cdc.c ****   USBD_StatusTypeDef ret = USBD_OK;
 581              		.loc 1 439 22
 582 0022 0023     		movs	r3, #0
 583 0024 FB75     		strb	r3, [r7, #23]
 440:Middlewares/ST/STM32_USB_Device_Library/Class/CDC/Src/usbd_cdc.c **** 
 441:Middlewares/ST/STM32_USB_Device_Library/Class/CDC/Src/usbd_cdc.c ****   if (hcdc == NULL)
 584              		.loc 1 441 6
 585 0026 3B69     		ldr	r3, [r7, #16]
 586 0028 002B     		cmp	r3, #0
ARM GAS  /tmp/ccwi9Slf.s 			page 19


 587 002a 01D1     		bne	.L17
 442:Middlewares/ST/STM32_USB_Device_Library/Class/CDC/Src/usbd_cdc.c ****   {
 443:Middlewares/ST/STM32_USB_Device_Library/Class/CDC/Src/usbd_cdc.c ****     return (uint8_t)USBD_FAIL;
 588              		.loc 1 443 12
 589 002c 0323     		movs	r3, #3
 590 002e AFE0     		b	.L38
 591              	.L17:
 444:Middlewares/ST/STM32_USB_Device_Library/Class/CDC/Src/usbd_cdc.c ****   }
 445:Middlewares/ST/STM32_USB_Device_Library/Class/CDC/Src/usbd_cdc.c **** 
 446:Middlewares/ST/STM32_USB_Device_Library/Class/CDC/Src/usbd_cdc.c ****   switch (req->bmRequest & USB_REQ_TYPE_MASK)
 592              		.loc 1 446 14
 593 0030 3B68     		ldr	r3, [r7]
 594 0032 1B78     		ldrb	r3, [r3]	@ zero_extendqisi2
 595              		.loc 1 446 26
 596 0034 03F06003 		and	r3, r3, #96
 597              		.loc 1 446 3
 598 0038 002B     		cmp	r3, #0
 599 003a 50D0     		beq	.L19
 600 003c 202B     		cmp	r3, #32
 601 003e 40F09F80 		bne	.L20
 447:Middlewares/ST/STM32_USB_Device_Library/Class/CDC/Src/usbd_cdc.c ****   {
 448:Middlewares/ST/STM32_USB_Device_Library/Class/CDC/Src/usbd_cdc.c ****     case USB_REQ_TYPE_CLASS:
 449:Middlewares/ST/STM32_USB_Device_Library/Class/CDC/Src/usbd_cdc.c ****       if (req->wLength != 0U)
 602              		.loc 1 449 14
 603 0042 3B68     		ldr	r3, [r7]
 604 0044 DB88     		ldrh	r3, [r3, #6]
 605              		.loc 1 449 10
 606 0046 002B     		cmp	r3, #0
 607 0048 3AD0     		beq	.L21
 450:Middlewares/ST/STM32_USB_Device_Library/Class/CDC/Src/usbd_cdc.c ****       {
 451:Middlewares/ST/STM32_USB_Device_Library/Class/CDC/Src/usbd_cdc.c ****         if ((req->bmRequest & 0x80U) != 0U)
 608              		.loc 1 451 17
 609 004a 3B68     		ldr	r3, [r7]
 610 004c 1B78     		ldrb	r3, [r3]	@ zero_extendqisi2
 611              		.loc 1 451 38
 612 004e 5BB2     		sxtb	r3, r3
 613              		.loc 1 451 12
 614 0050 002B     		cmp	r3, #0
 615 0052 1BDA     		bge	.L22
 452:Middlewares/ST/STM32_USB_Device_Library/Class/CDC/Src/usbd_cdc.c ****         {
 453:Middlewares/ST/STM32_USB_Device_Library/Class/CDC/Src/usbd_cdc.c ****           ((USBD_CDC_ItfTypeDef *)pdev->pUserData[pdev->classId])->Control(req->bRequest,
 616              		.loc 1 453 55
 617 0054 7B68     		ldr	r3, [r7, #4]
 618 0056 D3F8D432 		ldr	r3, [r3, #724]
 619              		.loc 1 453 50
 620 005a 7A68     		ldr	r2, [r7, #4]
 621 005c B033     		adds	r3, r3, #176
 622 005e 9B00     		lsls	r3, r3, #2
 623 0060 1344     		add	r3, r3, r2
 624 0062 5B68     		ldr	r3, [r3, #4]
 625              		.loc 1 453 66
 626 0064 9B68     		ldr	r3, [r3, #8]
 627              		.loc 1 453 12
 628 0066 3A68     		ldr	r2, [r7]
 629 0068 5078     		ldrb	r0, [r2, #1]	@ zero_extendqisi2
 454:Middlewares/ST/STM32_USB_Device_Library/Class/CDC/Src/usbd_cdc.c ****                                                                            (uint8_t *)hcdc->data,
 630              		.loc 1 454 87
ARM GAS  /tmp/ccwi9Slf.s 			page 20


 631 006a 3969     		ldr	r1, [r7, #16]
 453:Middlewares/ST/STM32_USB_Device_Library/Class/CDC/Src/usbd_cdc.c ****                                                                            (uint8_t *)hcdc->data,
 632              		.loc 1 453 12
 633 006c 3A68     		ldr	r2, [r7]
 634 006e D288     		ldrh	r2, [r2, #6]
 635 0070 9847     		blx	r3
 636              	.LVL2:
 455:Middlewares/ST/STM32_USB_Device_Library/Class/CDC/Src/usbd_cdc.c ****                                                                            req->wLength);
 456:Middlewares/ST/STM32_USB_Device_Library/Class/CDC/Src/usbd_cdc.c **** 
 457:Middlewares/ST/STM32_USB_Device_Library/Class/CDC/Src/usbd_cdc.c ****           len = MIN(CDC_REQ_MAX_DATA_SIZE, req->wLength);
 637              		.loc 1 457 17
 638 0072 3B68     		ldr	r3, [r7]
 639 0074 DB88     		ldrh	r3, [r3, #6]
 640              		.loc 1 457 15
 641 0076 072B     		cmp	r3, #7
 642 0078 28BF     		it	cs
 643 007a 0723     		movcs	r3, #7
 644 007c FB81     		strh	r3, [r7, #14]	@ movhi
 458:Middlewares/ST/STM32_USB_Device_Library/Class/CDC/Src/usbd_cdc.c ****           (void)USBD_CtlSendData(pdev, (uint8_t *)hcdc->data, len);
 645              		.loc 1 458 51
 646 007e 3B69     		ldr	r3, [r7, #16]
 647              		.loc 1 458 17
 648 0080 FA89     		ldrh	r2, [r7, #14]
 649 0082 1946     		mov	r1, r3
 650 0084 7868     		ldr	r0, [r7, #4]
 651 0086 FFF7FEFF 		bl	USBD_CtlSendData
 459:Middlewares/ST/STM32_USB_Device_Library/Class/CDC/Src/usbd_cdc.c ****         }
 460:Middlewares/ST/STM32_USB_Device_Library/Class/CDC/Src/usbd_cdc.c ****         else
 461:Middlewares/ST/STM32_USB_Device_Library/Class/CDC/Src/usbd_cdc.c ****         {
 462:Middlewares/ST/STM32_USB_Device_Library/Class/CDC/Src/usbd_cdc.c ****           hcdc->CmdOpCode = req->bRequest;
 463:Middlewares/ST/STM32_USB_Device_Library/Class/CDC/Src/usbd_cdc.c ****           hcdc->CmdLength = (uint8_t)MIN(req->wLength, USB_MAX_EP0_SIZE);
 464:Middlewares/ST/STM32_USB_Device_Library/Class/CDC/Src/usbd_cdc.c **** 
 465:Middlewares/ST/STM32_USB_Device_Library/Class/CDC/Src/usbd_cdc.c ****           (void)USBD_CtlPrepareRx(pdev, (uint8_t *)hcdc->data, hcdc->CmdLength);
 466:Middlewares/ST/STM32_USB_Device_Library/Class/CDC/Src/usbd_cdc.c ****         }
 467:Middlewares/ST/STM32_USB_Device_Library/Class/CDC/Src/usbd_cdc.c ****       }
 468:Middlewares/ST/STM32_USB_Device_Library/Class/CDC/Src/usbd_cdc.c ****       else
 469:Middlewares/ST/STM32_USB_Device_Library/Class/CDC/Src/usbd_cdc.c ****       {
 470:Middlewares/ST/STM32_USB_Device_Library/Class/CDC/Src/usbd_cdc.c ****         ((USBD_CDC_ItfTypeDef *)pdev->pUserData[pdev->classId])->Control(req->bRequest,
 471:Middlewares/ST/STM32_USB_Device_Library/Class/CDC/Src/usbd_cdc.c ****                                                                          (uint8_t *)req, 0U);
 472:Middlewares/ST/STM32_USB_Device_Library/Class/CDC/Src/usbd_cdc.c ****       }
 473:Middlewares/ST/STM32_USB_Device_Library/Class/CDC/Src/usbd_cdc.c ****       break;
 652              		.loc 1 473 7
 653 008a 80E0     		b	.L26
 654              	.L22:
 462:Middlewares/ST/STM32_USB_Device_Library/Class/CDC/Src/usbd_cdc.c ****           hcdc->CmdLength = (uint8_t)MIN(req->wLength, USB_MAX_EP0_SIZE);
 655              		.loc 1 462 32
 656 008c 3B68     		ldr	r3, [r7]
 657 008e 5A78     		ldrb	r2, [r3, #1]	@ zero_extendqisi2
 462:Middlewares/ST/STM32_USB_Device_Library/Class/CDC/Src/usbd_cdc.c ****           hcdc->CmdLength = (uint8_t)MIN(req->wLength, USB_MAX_EP0_SIZE);
 658              		.loc 1 462 27
 659 0090 3B69     		ldr	r3, [r7, #16]
 660 0092 83F80022 		strb	r2, [r3, #512]
 463:Middlewares/ST/STM32_USB_Device_Library/Class/CDC/Src/usbd_cdc.c **** 
 661              		.loc 1 463 38
 662 0096 3B68     		ldr	r3, [r7]
 663 0098 DB88     		ldrh	r3, [r3, #6]
 463:Middlewares/ST/STM32_USB_Device_Library/Class/CDC/Src/usbd_cdc.c **** 
ARM GAS  /tmp/ccwi9Slf.s 			page 21


 664              		.loc 1 463 29
 665 009a 3F2B     		cmp	r3, #63
 666 009c 03D8     		bhi	.L24
 463:Middlewares/ST/STM32_USB_Device_Library/Class/CDC/Src/usbd_cdc.c **** 
 667              		.loc 1 463 38 discriminator 1
 668 009e 3B68     		ldr	r3, [r7]
 669 00a0 DB88     		ldrh	r3, [r3, #6]
 463:Middlewares/ST/STM32_USB_Device_Library/Class/CDC/Src/usbd_cdc.c **** 
 670              		.loc 1 463 29 discriminator 1
 671 00a2 DAB2     		uxtb	r2, r3
 672 00a4 00E0     		b	.L25
 673              	.L24:
 463:Middlewares/ST/STM32_USB_Device_Library/Class/CDC/Src/usbd_cdc.c **** 
 674              		.loc 1 463 29 is_stmt 0 discriminator 2
 675 00a6 4022     		movs	r2, #64
 676              	.L25:
 463:Middlewares/ST/STM32_USB_Device_Library/Class/CDC/Src/usbd_cdc.c **** 
 677              		.loc 1 463 27 is_stmt 1 discriminator 4
 678 00a8 3B69     		ldr	r3, [r7, #16]
 679 00aa 83F80122 		strb	r2, [r3, #513]
 465:Middlewares/ST/STM32_USB_Device_Library/Class/CDC/Src/usbd_cdc.c ****         }
 680              		.loc 1 465 52
 681 00ae 3969     		ldr	r1, [r7, #16]
 465:Middlewares/ST/STM32_USB_Device_Library/Class/CDC/Src/usbd_cdc.c ****         }
 682              		.loc 1 465 68
 683 00b0 3B69     		ldr	r3, [r7, #16]
 684 00b2 93F80132 		ldrb	r3, [r3, #513]	@ zero_extendqisi2
 465:Middlewares/ST/STM32_USB_Device_Library/Class/CDC/Src/usbd_cdc.c ****         }
 685              		.loc 1 465 17
 686 00b6 1A46     		mov	r2, r3
 687 00b8 7868     		ldr	r0, [r7, #4]
 688 00ba FFF7FEFF 		bl	USBD_CtlPrepareRx
 689              		.loc 1 473 7
 690 00be 66E0     		b	.L26
 691              	.L21:
 470:Middlewares/ST/STM32_USB_Device_Library/Class/CDC/Src/usbd_cdc.c ****                                                                          (uint8_t *)req, 0U);
 692              		.loc 1 470 53
 693 00c0 7B68     		ldr	r3, [r7, #4]
 694 00c2 D3F8D432 		ldr	r3, [r3, #724]
 470:Middlewares/ST/STM32_USB_Device_Library/Class/CDC/Src/usbd_cdc.c ****                                                                          (uint8_t *)req, 0U);
 695              		.loc 1 470 48
 696 00c6 7A68     		ldr	r2, [r7, #4]
 697 00c8 B033     		adds	r3, r3, #176
 698 00ca 9B00     		lsls	r3, r3, #2
 699 00cc 1344     		add	r3, r3, r2
 700 00ce 5B68     		ldr	r3, [r3, #4]
 470:Middlewares/ST/STM32_USB_Device_Library/Class/CDC/Src/usbd_cdc.c ****                                                                          (uint8_t *)req, 0U);
 701              		.loc 1 470 64
 702 00d0 9B68     		ldr	r3, [r3, #8]
 470:Middlewares/ST/STM32_USB_Device_Library/Class/CDC/Src/usbd_cdc.c ****                                                                          (uint8_t *)req, 0U);
 703              		.loc 1 470 10
 704 00d2 3A68     		ldr	r2, [r7]
 705 00d4 5078     		ldrb	r0, [r2, #1]	@ zero_extendqisi2
 706 00d6 0022     		movs	r2, #0
 707 00d8 3968     		ldr	r1, [r7]
 708 00da 9847     		blx	r3
 709              	.LVL3:
ARM GAS  /tmp/ccwi9Slf.s 			page 22


 710              		.loc 1 473 7
 711 00dc 57E0     		b	.L26
 712              	.L19:
 474:Middlewares/ST/STM32_USB_Device_Library/Class/CDC/Src/usbd_cdc.c **** 
 475:Middlewares/ST/STM32_USB_Device_Library/Class/CDC/Src/usbd_cdc.c ****     case USB_REQ_TYPE_STANDARD:
 476:Middlewares/ST/STM32_USB_Device_Library/Class/CDC/Src/usbd_cdc.c ****       switch (req->bRequest)
 713              		.loc 1 476 18
 714 00de 3B68     		ldr	r3, [r7]
 715 00e0 5B78     		ldrb	r3, [r3, #1]	@ zero_extendqisi2
 716              		.loc 1 476 7
 717 00e2 0B2B     		cmp	r3, #11
 718 00e4 34D0     		beq	.L27
 719 00e6 0B2B     		cmp	r3, #11
 720 00e8 3FDC     		bgt	.L28
 721 00ea 0A2B     		cmp	r3, #10
 722 00ec 1BD0     		beq	.L29
 723 00ee 0A2B     		cmp	r3, #10
 724 00f0 3BDC     		bgt	.L28
 725 00f2 002B     		cmp	r3, #0
 726 00f4 02D0     		beq	.L30
 727 00f6 012B     		cmp	r3, #1
 728 00f8 3ED0     		beq	.L39
 729 00fa 36E0     		b	.L28
 730              	.L30:
 477:Middlewares/ST/STM32_USB_Device_Library/Class/CDC/Src/usbd_cdc.c ****       {
 478:Middlewares/ST/STM32_USB_Device_Library/Class/CDC/Src/usbd_cdc.c ****         case USB_REQ_GET_STATUS:
 479:Middlewares/ST/STM32_USB_Device_Library/Class/CDC/Src/usbd_cdc.c ****           if (pdev->dev_state == USBD_STATE_CONFIGURED)
 731              		.loc 1 479 19
 732 00fc 7B68     		ldr	r3, [r7, #4]
 733 00fe 93F89C32 		ldrb	r3, [r3, #668]
 734 0102 DBB2     		uxtb	r3, r3
 735              		.loc 1 479 14
 736 0104 032B     		cmp	r3, #3
 737 0106 07D1     		bne	.L32
 480:Middlewares/ST/STM32_USB_Device_Library/Class/CDC/Src/usbd_cdc.c ****           {
 481:Middlewares/ST/STM32_USB_Device_Library/Class/CDC/Src/usbd_cdc.c ****             (void)USBD_CtlSendData(pdev, (uint8_t *)&status_info, 2U);
 738              		.loc 1 481 19
 739 0108 07F10A03 		add	r3, r7, #10
 740 010c 0222     		movs	r2, #2
 741 010e 1946     		mov	r1, r3
 742 0110 7868     		ldr	r0, [r7, #4]
 743 0112 FFF7FEFF 		bl	USBD_CtlSendData
 482:Middlewares/ST/STM32_USB_Device_Library/Class/CDC/Src/usbd_cdc.c ****           }
 483:Middlewares/ST/STM32_USB_Device_Library/Class/CDC/Src/usbd_cdc.c ****           else
 484:Middlewares/ST/STM32_USB_Device_Library/Class/CDC/Src/usbd_cdc.c ****           {
 485:Middlewares/ST/STM32_USB_Device_Library/Class/CDC/Src/usbd_cdc.c ****             USBD_CtlError(pdev, req);
 486:Middlewares/ST/STM32_USB_Device_Library/Class/CDC/Src/usbd_cdc.c ****             ret = USBD_FAIL;
 487:Middlewares/ST/STM32_USB_Device_Library/Class/CDC/Src/usbd_cdc.c ****           }
 488:Middlewares/ST/STM32_USB_Device_Library/Class/CDC/Src/usbd_cdc.c ****           break;
 744              		.loc 1 488 11
 745 0116 32E0     		b	.L34
 746              	.L32:
 485:Middlewares/ST/STM32_USB_Device_Library/Class/CDC/Src/usbd_cdc.c ****             ret = USBD_FAIL;
 747              		.loc 1 485 13
 748 0118 3968     		ldr	r1, [r7]
 749 011a 7868     		ldr	r0, [r7, #4]
 750 011c FFF7FEFF 		bl	USBD_CtlError
ARM GAS  /tmp/ccwi9Slf.s 			page 23


 486:Middlewares/ST/STM32_USB_Device_Library/Class/CDC/Src/usbd_cdc.c ****           }
 751              		.loc 1 486 17
 752 0120 0323     		movs	r3, #3
 753 0122 FB75     		strb	r3, [r7, #23]
 754              		.loc 1 488 11
 755 0124 2BE0     		b	.L34
 756              	.L29:
 489:Middlewares/ST/STM32_USB_Device_Library/Class/CDC/Src/usbd_cdc.c **** 
 490:Middlewares/ST/STM32_USB_Device_Library/Class/CDC/Src/usbd_cdc.c ****         case USB_REQ_GET_INTERFACE:
 491:Middlewares/ST/STM32_USB_Device_Library/Class/CDC/Src/usbd_cdc.c ****           if (pdev->dev_state == USBD_STATE_CONFIGURED)
 757              		.loc 1 491 19
 758 0126 7B68     		ldr	r3, [r7, #4]
 759 0128 93F89C32 		ldrb	r3, [r3, #668]
 760 012c DBB2     		uxtb	r3, r3
 761              		.loc 1 491 14
 762 012e 032B     		cmp	r3, #3
 763 0130 07D1     		bne	.L35
 492:Middlewares/ST/STM32_USB_Device_Library/Class/CDC/Src/usbd_cdc.c ****           {
 493:Middlewares/ST/STM32_USB_Device_Library/Class/CDC/Src/usbd_cdc.c ****             (void)USBD_CtlSendData(pdev, &ifalt, 1U);
 764              		.loc 1 493 19
 765 0132 07F10D03 		add	r3, r7, #13
 766 0136 0122     		movs	r2, #1
 767 0138 1946     		mov	r1, r3
 768 013a 7868     		ldr	r0, [r7, #4]
 769 013c FFF7FEFF 		bl	USBD_CtlSendData
 494:Middlewares/ST/STM32_USB_Device_Library/Class/CDC/Src/usbd_cdc.c ****           }
 495:Middlewares/ST/STM32_USB_Device_Library/Class/CDC/Src/usbd_cdc.c ****           else
 496:Middlewares/ST/STM32_USB_Device_Library/Class/CDC/Src/usbd_cdc.c ****           {
 497:Middlewares/ST/STM32_USB_Device_Library/Class/CDC/Src/usbd_cdc.c ****             USBD_CtlError(pdev, req);
 498:Middlewares/ST/STM32_USB_Device_Library/Class/CDC/Src/usbd_cdc.c ****             ret = USBD_FAIL;
 499:Middlewares/ST/STM32_USB_Device_Library/Class/CDC/Src/usbd_cdc.c ****           }
 500:Middlewares/ST/STM32_USB_Device_Library/Class/CDC/Src/usbd_cdc.c ****           break;
 770              		.loc 1 500 11
 771 0140 1DE0     		b	.L34
 772              	.L35:
 497:Middlewares/ST/STM32_USB_Device_Library/Class/CDC/Src/usbd_cdc.c ****             ret = USBD_FAIL;
 773              		.loc 1 497 13
 774 0142 3968     		ldr	r1, [r7]
 775 0144 7868     		ldr	r0, [r7, #4]
 776 0146 FFF7FEFF 		bl	USBD_CtlError
 498:Middlewares/ST/STM32_USB_Device_Library/Class/CDC/Src/usbd_cdc.c ****           }
 777              		.loc 1 498 17
 778 014a 0323     		movs	r3, #3
 779 014c FB75     		strb	r3, [r7, #23]
 780              		.loc 1 500 11
 781 014e 16E0     		b	.L34
 782              	.L27:
 501:Middlewares/ST/STM32_USB_Device_Library/Class/CDC/Src/usbd_cdc.c **** 
 502:Middlewares/ST/STM32_USB_Device_Library/Class/CDC/Src/usbd_cdc.c ****         case USB_REQ_SET_INTERFACE:
 503:Middlewares/ST/STM32_USB_Device_Library/Class/CDC/Src/usbd_cdc.c ****           if (pdev->dev_state != USBD_STATE_CONFIGURED)
 783              		.loc 1 503 19
 784 0150 7B68     		ldr	r3, [r7, #4]
 785 0152 93F89C32 		ldrb	r3, [r3, #668]
 786 0156 DBB2     		uxtb	r3, r3
 787              		.loc 1 503 14
 788 0158 032B     		cmp	r3, #3
 789 015a 0FD0     		beq	.L40
ARM GAS  /tmp/ccwi9Slf.s 			page 24


 504:Middlewares/ST/STM32_USB_Device_Library/Class/CDC/Src/usbd_cdc.c ****           {
 505:Middlewares/ST/STM32_USB_Device_Library/Class/CDC/Src/usbd_cdc.c ****             USBD_CtlError(pdev, req);
 790              		.loc 1 505 13
 791 015c 3968     		ldr	r1, [r7]
 792 015e 7868     		ldr	r0, [r7, #4]
 793 0160 FFF7FEFF 		bl	USBD_CtlError
 506:Middlewares/ST/STM32_USB_Device_Library/Class/CDC/Src/usbd_cdc.c ****             ret = USBD_FAIL;
 794              		.loc 1 506 17
 795 0164 0323     		movs	r3, #3
 796 0166 FB75     		strb	r3, [r7, #23]
 507:Middlewares/ST/STM32_USB_Device_Library/Class/CDC/Src/usbd_cdc.c ****           }
 508:Middlewares/ST/STM32_USB_Device_Library/Class/CDC/Src/usbd_cdc.c ****           break;
 797              		.loc 1 508 11
 798 0168 08E0     		b	.L40
 799              	.L28:
 509:Middlewares/ST/STM32_USB_Device_Library/Class/CDC/Src/usbd_cdc.c **** 
 510:Middlewares/ST/STM32_USB_Device_Library/Class/CDC/Src/usbd_cdc.c ****         case USB_REQ_CLEAR_FEATURE:
 511:Middlewares/ST/STM32_USB_Device_Library/Class/CDC/Src/usbd_cdc.c ****           break;
 512:Middlewares/ST/STM32_USB_Device_Library/Class/CDC/Src/usbd_cdc.c **** 
 513:Middlewares/ST/STM32_USB_Device_Library/Class/CDC/Src/usbd_cdc.c ****         default:
 514:Middlewares/ST/STM32_USB_Device_Library/Class/CDC/Src/usbd_cdc.c ****           USBD_CtlError(pdev, req);
 800              		.loc 1 514 11
 801 016a 3968     		ldr	r1, [r7]
 802 016c 7868     		ldr	r0, [r7, #4]
 803 016e FFF7FEFF 		bl	USBD_CtlError
 515:Middlewares/ST/STM32_USB_Device_Library/Class/CDC/Src/usbd_cdc.c ****           ret = USBD_FAIL;
 804              		.loc 1 515 15
 805 0172 0323     		movs	r3, #3
 806 0174 FB75     		strb	r3, [r7, #23]
 516:Middlewares/ST/STM32_USB_Device_Library/Class/CDC/Src/usbd_cdc.c ****           break;
 807              		.loc 1 516 11
 808 0176 02E0     		b	.L34
 809              	.L39:
 511:Middlewares/ST/STM32_USB_Device_Library/Class/CDC/Src/usbd_cdc.c **** 
 810              		.loc 1 511 11
 811 0178 00BF     		nop
 812 017a 08E0     		b	.L26
 813              	.L40:
 508:Middlewares/ST/STM32_USB_Device_Library/Class/CDC/Src/usbd_cdc.c **** 
 814              		.loc 1 508 11
 815 017c 00BF     		nop
 816              	.L34:
 517:Middlewares/ST/STM32_USB_Device_Library/Class/CDC/Src/usbd_cdc.c ****       }
 518:Middlewares/ST/STM32_USB_Device_Library/Class/CDC/Src/usbd_cdc.c ****       break;
 817              		.loc 1 518 7
 818 017e 06E0     		b	.L26
 819              	.L20:
 519:Middlewares/ST/STM32_USB_Device_Library/Class/CDC/Src/usbd_cdc.c **** 
 520:Middlewares/ST/STM32_USB_Device_Library/Class/CDC/Src/usbd_cdc.c ****     default:
 521:Middlewares/ST/STM32_USB_Device_Library/Class/CDC/Src/usbd_cdc.c ****       USBD_CtlError(pdev, req);
 820              		.loc 1 521 7
 821 0180 3968     		ldr	r1, [r7]
 822 0182 7868     		ldr	r0, [r7, #4]
 823 0184 FFF7FEFF 		bl	USBD_CtlError
 522:Middlewares/ST/STM32_USB_Device_Library/Class/CDC/Src/usbd_cdc.c ****       ret = USBD_FAIL;
 824              		.loc 1 522 11
 825 0188 0323     		movs	r3, #3
ARM GAS  /tmp/ccwi9Slf.s 			page 25


 826 018a FB75     		strb	r3, [r7, #23]
 523:Middlewares/ST/STM32_USB_Device_Library/Class/CDC/Src/usbd_cdc.c ****       break;
 827              		.loc 1 523 7
 828 018c 00BF     		nop
 829              	.L26:
 524:Middlewares/ST/STM32_USB_Device_Library/Class/CDC/Src/usbd_cdc.c ****   }
 525:Middlewares/ST/STM32_USB_Device_Library/Class/CDC/Src/usbd_cdc.c **** 
 526:Middlewares/ST/STM32_USB_Device_Library/Class/CDC/Src/usbd_cdc.c ****   return (uint8_t)ret;
 830              		.loc 1 526 10
 831 018e FB7D     		ldrb	r3, [r7, #23]	@ zero_extendqisi2
 832              	.L38:
 527:Middlewares/ST/STM32_USB_Device_Library/Class/CDC/Src/usbd_cdc.c **** }
 833              		.loc 1 527 1
 834 0190 1846     		mov	r0, r3
 835 0192 1837     		adds	r7, r7, #24
 836              	.LCFI13:
 837              		.cfi_def_cfa_offset 8
 838 0194 BD46     		mov	sp, r7
 839              	.LCFI14:
 840              		.cfi_def_cfa_register 13
 841              		@ sp needed
 842 0196 80BD     		pop	{r7, pc}
 843              		.cfi_endproc
 844              	.LFE226:
 846              		.section	.text.USBD_CDC_DataIn,"ax",%progbits
 847              		.align	1
 848              		.syntax unified
 849              		.thumb
 850              		.thumb_func
 852              	USBD_CDC_DataIn:
 853              	.LFB227:
 528:Middlewares/ST/STM32_USB_Device_Library/Class/CDC/Src/usbd_cdc.c **** 
 529:Middlewares/ST/STM32_USB_Device_Library/Class/CDC/Src/usbd_cdc.c **** /**
 530:Middlewares/ST/STM32_USB_Device_Library/Class/CDC/Src/usbd_cdc.c ****   * @brief  USBD_CDC_DataIn
 531:Middlewares/ST/STM32_USB_Device_Library/Class/CDC/Src/usbd_cdc.c ****   *         Data sent on non-control IN endpoint
 532:Middlewares/ST/STM32_USB_Device_Library/Class/CDC/Src/usbd_cdc.c ****   * @param  pdev: device instance
 533:Middlewares/ST/STM32_USB_Device_Library/Class/CDC/Src/usbd_cdc.c ****   * @param  epnum: endpoint number
 534:Middlewares/ST/STM32_USB_Device_Library/Class/CDC/Src/usbd_cdc.c ****   * @retval status
 535:Middlewares/ST/STM32_USB_Device_Library/Class/CDC/Src/usbd_cdc.c ****   */
 536:Middlewares/ST/STM32_USB_Device_Library/Class/CDC/Src/usbd_cdc.c **** static uint8_t USBD_CDC_DataIn(USBD_HandleTypeDef *pdev, uint8_t epnum)
 537:Middlewares/ST/STM32_USB_Device_Library/Class/CDC/Src/usbd_cdc.c **** {
 854              		.loc 1 537 1
 855              		.cfi_startproc
 856              		@ args = 0, pretend = 0, frame = 16
 857              		@ frame_needed = 1, uses_anonymous_args = 0
 858 0000 80B5     		push	{r7, lr}
 859              	.LCFI15:
 860              		.cfi_def_cfa_offset 8
 861              		.cfi_offset 7, -8
 862              		.cfi_offset 14, -4
 863 0002 84B0     		sub	sp, sp, #16
 864              	.LCFI16:
 865              		.cfi_def_cfa_offset 24
 866 0004 00AF     		add	r7, sp, #0
 867              	.LCFI17:
 868              		.cfi_def_cfa_register 7
 869 0006 7860     		str	r0, [r7, #4]
ARM GAS  /tmp/ccwi9Slf.s 			page 26


 870 0008 0B46     		mov	r3, r1
 871 000a FB70     		strb	r3, [r7, #3]
 538:Middlewares/ST/STM32_USB_Device_Library/Class/CDC/Src/usbd_cdc.c ****   USBD_CDC_HandleTypeDef *hcdc;
 539:Middlewares/ST/STM32_USB_Device_Library/Class/CDC/Src/usbd_cdc.c ****   PCD_HandleTypeDef *hpcd = (PCD_HandleTypeDef *)pdev->pData;
 872              		.loc 1 539 22
 873 000c 7B68     		ldr	r3, [r7, #4]
 874 000e D3F8C832 		ldr	r3, [r3, #712]
 875 0012 FB60     		str	r3, [r7, #12]
 540:Middlewares/ST/STM32_USB_Device_Library/Class/CDC/Src/usbd_cdc.c **** 
 541:Middlewares/ST/STM32_USB_Device_Library/Class/CDC/Src/usbd_cdc.c ****   if (pdev->pClassDataCmsit[pdev->classId] == NULL)
 876              		.loc 1 541 33
 877 0014 7B68     		ldr	r3, [r7, #4]
 878 0016 D3F8D422 		ldr	r2, [r3, #724]
 879              		.loc 1 541 28
 880 001a 7B68     		ldr	r3, [r7, #4]
 881 001c B032     		adds	r2, r2, #176
 882 001e 53F82230 		ldr	r3, [r3, r2, lsl #2]
 883              		.loc 1 541 6
 884 0022 002B     		cmp	r3, #0
 885 0024 01D1     		bne	.L42
 542:Middlewares/ST/STM32_USB_Device_Library/Class/CDC/Src/usbd_cdc.c ****   {
 543:Middlewares/ST/STM32_USB_Device_Library/Class/CDC/Src/usbd_cdc.c ****     return (uint8_t)USBD_FAIL;
 886              		.loc 1 543 12
 887 0026 0323     		movs	r3, #3
 888 0028 65E0     		b	.L43
 889              	.L42:
 544:Middlewares/ST/STM32_USB_Device_Library/Class/CDC/Src/usbd_cdc.c ****   }
 545:Middlewares/ST/STM32_USB_Device_Library/Class/CDC/Src/usbd_cdc.c **** 
 546:Middlewares/ST/STM32_USB_Device_Library/Class/CDC/Src/usbd_cdc.c ****   hcdc = (USBD_CDC_HandleTypeDef *)pdev->pClassDataCmsit[pdev->classId];
 890              		.loc 1 546 62
 891 002a 7B68     		ldr	r3, [r7, #4]
 892 002c D3F8D422 		ldr	r2, [r3, #724]
 893              		.loc 1 546 8
 894 0030 7B68     		ldr	r3, [r7, #4]
 895 0032 B032     		adds	r2, r2, #176
 896 0034 53F82230 		ldr	r3, [r3, r2, lsl #2]
 897 0038 BB60     		str	r3, [r7, #8]
 547:Middlewares/ST/STM32_USB_Device_Library/Class/CDC/Src/usbd_cdc.c **** 
 548:Middlewares/ST/STM32_USB_Device_Library/Class/CDC/Src/usbd_cdc.c ****   if ((pdev->ep_in[epnum & 0xFU].total_length > 0U) &&
 898              		.loc 1 548 26
 899 003a FB78     		ldrb	r3, [r7, #3]	@ zero_extendqisi2
 900 003c 03F00F02 		and	r2, r3, #15
 901              		.loc 1 548 33
 902 0040 7968     		ldr	r1, [r7, #4]
 903 0042 1346     		mov	r3, r2
 904 0044 9B00     		lsls	r3, r3, #2
 905 0046 1344     		add	r3, r3, r2
 906 0048 9B00     		lsls	r3, r3, #2
 907 004a 0B44     		add	r3, r3, r1
 908 004c 1833     		adds	r3, r3, #24
 909 004e 1B68     		ldr	r3, [r3]
 910              		.loc 1 548 6
 911 0050 002B     		cmp	r3, #0
 912 0052 2FD0     		beq	.L44
 549:Middlewares/ST/STM32_USB_Device_Library/Class/CDC/Src/usbd_cdc.c ****       ((pdev->ep_in[epnum & 0xFU].total_length % hpcd->IN_ep[epnum & 0xFU].maxpacket) == 0U))
 913              		.loc 1 549 27
 914 0054 FB78     		ldrb	r3, [r7, #3]	@ zero_extendqisi2
ARM GAS  /tmp/ccwi9Slf.s 			page 27


 915 0056 03F00F02 		and	r2, r3, #15
 916              		.loc 1 549 34
 917 005a 7968     		ldr	r1, [r7, #4]
 918 005c 1346     		mov	r3, r2
 919 005e 9B00     		lsls	r3, r3, #2
 920 0060 1344     		add	r3, r3, r2
 921 0062 9B00     		lsls	r3, r3, #2
 922 0064 0B44     		add	r3, r3, r1
 923 0066 1833     		adds	r3, r3, #24
 924 0068 1A68     		ldr	r2, [r3]
 925              		.loc 1 549 68
 926 006a FB78     		ldrb	r3, [r7, #3]	@ zero_extendqisi2
 927 006c 03F00F01 		and	r1, r3, #15
 928              		.loc 1 549 75
 929 0070 F868     		ldr	r0, [r7, #12]
 930 0072 0B46     		mov	r3, r1
 931 0074 DB00     		lsls	r3, r3, #3
 932 0076 0B44     		add	r3, r3, r1
 933 0078 9B00     		lsls	r3, r3, #2
 934 007a 0344     		add	r3, r3, r0
 935 007c 1C33     		adds	r3, r3, #28
 936 007e 1B68     		ldr	r3, [r3]
 937              		.loc 1 549 48
 938 0080 B2FBF3F1 		udiv	r1, r2, r3
 939 0084 01FB03F3 		mul	r3, r1, r3
 940 0088 D31A     		subs	r3, r2, r3
 548:Middlewares/ST/STM32_USB_Device_Library/Class/CDC/Src/usbd_cdc.c ****       ((pdev->ep_in[epnum & 0xFU].total_length % hpcd->IN_ep[epnum & 0xFU].maxpacket) == 0U))
 941              		.loc 1 548 53 discriminator 1
 942 008a 002B     		cmp	r3, #0
 943 008c 12D1     		bne	.L44
 550:Middlewares/ST/STM32_USB_Device_Library/Class/CDC/Src/usbd_cdc.c ****   {
 551:Middlewares/ST/STM32_USB_Device_Library/Class/CDC/Src/usbd_cdc.c ****     /* Update the packet total length */
 552:Middlewares/ST/STM32_USB_Device_Library/Class/CDC/Src/usbd_cdc.c ****     pdev->ep_in[epnum & 0xFU].total_length = 0U;
 944              		.loc 1 552 23
 945 008e FB78     		ldrb	r3, [r7, #3]	@ zero_extendqisi2
 946 0090 03F00F02 		and	r2, r3, #15
 947              		.loc 1 552 44
 948 0094 7968     		ldr	r1, [r7, #4]
 949 0096 1346     		mov	r3, r2
 950 0098 9B00     		lsls	r3, r3, #2
 951 009a 1344     		add	r3, r3, r2
 952 009c 9B00     		lsls	r3, r3, #2
 953 009e 0B44     		add	r3, r3, r1
 954 00a0 1833     		adds	r3, r3, #24
 955 00a2 0022     		movs	r2, #0
 956 00a4 1A60     		str	r2, [r3]
 553:Middlewares/ST/STM32_USB_Device_Library/Class/CDC/Src/usbd_cdc.c **** 
 554:Middlewares/ST/STM32_USB_Device_Library/Class/CDC/Src/usbd_cdc.c ****     /* Send ZLP */
 555:Middlewares/ST/STM32_USB_Device_Library/Class/CDC/Src/usbd_cdc.c ****     (void)USBD_LL_Transmit(pdev, epnum, NULL, 0U);
 957              		.loc 1 555 11
 958 00a6 F978     		ldrb	r1, [r7, #3]	@ zero_extendqisi2
 959 00a8 0023     		movs	r3, #0
 960 00aa 0022     		movs	r2, #0
 961 00ac 7868     		ldr	r0, [r7, #4]
 962 00ae FFF7FEFF 		bl	USBD_LL_Transmit
 963              		.loc 1 555 5
 964 00b2 1FE0     		b	.L45
ARM GAS  /tmp/ccwi9Slf.s 			page 28


 965              	.L44:
 556:Middlewares/ST/STM32_USB_Device_Library/Class/CDC/Src/usbd_cdc.c ****   }
 557:Middlewares/ST/STM32_USB_Device_Library/Class/CDC/Src/usbd_cdc.c ****   else
 558:Middlewares/ST/STM32_USB_Device_Library/Class/CDC/Src/usbd_cdc.c ****   {
 559:Middlewares/ST/STM32_USB_Device_Library/Class/CDC/Src/usbd_cdc.c ****     hcdc->TxState = 0U;
 966              		.loc 1 559 19
 967 00b4 BB68     		ldr	r3, [r7, #8]
 968 00b6 0022     		movs	r2, #0
 969 00b8 C3F81422 		str	r2, [r3, #532]
 560:Middlewares/ST/STM32_USB_Device_Library/Class/CDC/Src/usbd_cdc.c **** 
 561:Middlewares/ST/STM32_USB_Device_Library/Class/CDC/Src/usbd_cdc.c ****     if (((USBD_CDC_ItfTypeDef *)pdev->pUserData[pdev->classId])->TransmitCplt != NULL)
 970              		.loc 1 561 53
 971 00bc 7B68     		ldr	r3, [r7, #4]
 972 00be D3F8D432 		ldr	r3, [r3, #724]
 973              		.loc 1 561 48
 974 00c2 7A68     		ldr	r2, [r7, #4]
 975 00c4 B033     		adds	r3, r3, #176
 976 00c6 9B00     		lsls	r3, r3, #2
 977 00c8 1344     		add	r3, r3, r2
 978 00ca 5B68     		ldr	r3, [r3, #4]
 979              		.loc 1 561 64
 980 00cc 1B69     		ldr	r3, [r3, #16]
 981              		.loc 1 561 8
 982 00ce 002B     		cmp	r3, #0
 983 00d0 10D0     		beq	.L45
 562:Middlewares/ST/STM32_USB_Device_Library/Class/CDC/Src/usbd_cdc.c ****     {
 563:Middlewares/ST/STM32_USB_Device_Library/Class/CDC/Src/usbd_cdc.c ****       ((USBD_CDC_ItfTypeDef *)pdev->pUserData[pdev->classId])->TransmitCplt(hcdc->TxBuffer, &hcdc->
 984              		.loc 1 563 51
 985 00d2 7B68     		ldr	r3, [r7, #4]
 986 00d4 D3F8D432 		ldr	r3, [r3, #724]
 987              		.loc 1 563 46
 988 00d8 7A68     		ldr	r2, [r7, #4]
 989 00da B033     		adds	r3, r3, #176
 990 00dc 9B00     		lsls	r3, r3, #2
 991 00de 1344     		add	r3, r3, r2
 992 00e0 5B68     		ldr	r3, [r3, #4]
 993              		.loc 1 563 62
 994 00e2 1B69     		ldr	r3, [r3, #16]
 995              		.loc 1 563 8
 996 00e4 BA68     		ldr	r2, [r7, #8]
 997 00e6 D2F80802 		ldr	r0, [r2, #520]
 998 00ea BA68     		ldr	r2, [r7, #8]
 999 00ec 02F50471 		add	r1, r2, #528
 1000 00f0 FA78     		ldrb	r2, [r7, #3]	@ zero_extendqisi2
 1001 00f2 9847     		blx	r3
 1002              	.LVL4:
 1003              	.L45:
 564:Middlewares/ST/STM32_USB_Device_Library/Class/CDC/Src/usbd_cdc.c ****     }
 565:Middlewares/ST/STM32_USB_Device_Library/Class/CDC/Src/usbd_cdc.c ****   }
 566:Middlewares/ST/STM32_USB_Device_Library/Class/CDC/Src/usbd_cdc.c **** 
 567:Middlewares/ST/STM32_USB_Device_Library/Class/CDC/Src/usbd_cdc.c ****   return (uint8_t)USBD_OK;
 1004              		.loc 1 567 10
 1005 00f4 0023     		movs	r3, #0
 1006              	.L43:
 568:Middlewares/ST/STM32_USB_Device_Library/Class/CDC/Src/usbd_cdc.c **** }
 1007              		.loc 1 568 1
 1008 00f6 1846     		mov	r0, r3
ARM GAS  /tmp/ccwi9Slf.s 			page 29


 1009 00f8 1037     		adds	r7, r7, #16
 1010              	.LCFI18:
 1011              		.cfi_def_cfa_offset 8
 1012 00fa BD46     		mov	sp, r7
 1013              	.LCFI19:
 1014              		.cfi_def_cfa_register 13
 1015              		@ sp needed
 1016 00fc 80BD     		pop	{r7, pc}
 1017              		.cfi_endproc
 1018              	.LFE227:
 1020              		.section	.text.USBD_CDC_DataOut,"ax",%progbits
 1021              		.align	1
 1022              		.syntax unified
 1023              		.thumb
 1024              		.thumb_func
 1026              	USBD_CDC_DataOut:
 1027              	.LFB228:
 569:Middlewares/ST/STM32_USB_Device_Library/Class/CDC/Src/usbd_cdc.c **** 
 570:Middlewares/ST/STM32_USB_Device_Library/Class/CDC/Src/usbd_cdc.c **** /**
 571:Middlewares/ST/STM32_USB_Device_Library/Class/CDC/Src/usbd_cdc.c ****   * @brief  USBD_CDC_DataOut
 572:Middlewares/ST/STM32_USB_Device_Library/Class/CDC/Src/usbd_cdc.c ****   *         Data received on non-control Out endpoint
 573:Middlewares/ST/STM32_USB_Device_Library/Class/CDC/Src/usbd_cdc.c ****   * @param  pdev: device instance
 574:Middlewares/ST/STM32_USB_Device_Library/Class/CDC/Src/usbd_cdc.c ****   * @param  epnum: endpoint number
 575:Middlewares/ST/STM32_USB_Device_Library/Class/CDC/Src/usbd_cdc.c ****   * @retval status
 576:Middlewares/ST/STM32_USB_Device_Library/Class/CDC/Src/usbd_cdc.c ****   */
 577:Middlewares/ST/STM32_USB_Device_Library/Class/CDC/Src/usbd_cdc.c **** static uint8_t USBD_CDC_DataOut(USBD_HandleTypeDef *pdev, uint8_t epnum)
 578:Middlewares/ST/STM32_USB_Device_Library/Class/CDC/Src/usbd_cdc.c **** {
 1028              		.loc 1 578 1
 1029              		.cfi_startproc
 1030              		@ args = 0, pretend = 0, frame = 16
 1031              		@ frame_needed = 1, uses_anonymous_args = 0
 1032 0000 80B5     		push	{r7, lr}
 1033              	.LCFI20:
 1034              		.cfi_def_cfa_offset 8
 1035              		.cfi_offset 7, -8
 1036              		.cfi_offset 14, -4
 1037 0002 84B0     		sub	sp, sp, #16
 1038              	.LCFI21:
 1039              		.cfi_def_cfa_offset 24
 1040 0004 00AF     		add	r7, sp, #0
 1041              	.LCFI22:
 1042              		.cfi_def_cfa_register 7
 1043 0006 7860     		str	r0, [r7, #4]
 1044 0008 0B46     		mov	r3, r1
 1045 000a FB70     		strb	r3, [r7, #3]
 579:Middlewares/ST/STM32_USB_Device_Library/Class/CDC/Src/usbd_cdc.c ****   USBD_CDC_HandleTypeDef *hcdc = (USBD_CDC_HandleTypeDef *)pdev->pClassDataCmsit[pdev->classId];
 1046              		.loc 1 579 86
 1047 000c 7B68     		ldr	r3, [r7, #4]
 1048 000e D3F8D422 		ldr	r2, [r3, #724]
 1049              		.loc 1 579 27
 1050 0012 7B68     		ldr	r3, [r7, #4]
 1051 0014 B032     		adds	r2, r2, #176
 1052 0016 53F82230 		ldr	r3, [r3, r2, lsl #2]
 1053 001a FB60     		str	r3, [r7, #12]
 580:Middlewares/ST/STM32_USB_Device_Library/Class/CDC/Src/usbd_cdc.c **** 
 581:Middlewares/ST/STM32_USB_Device_Library/Class/CDC/Src/usbd_cdc.c ****   if (pdev->pClassDataCmsit[pdev->classId] == NULL)
 1054              		.loc 1 581 33
ARM GAS  /tmp/ccwi9Slf.s 			page 30


 1055 001c 7B68     		ldr	r3, [r7, #4]
 1056 001e D3F8D422 		ldr	r2, [r3, #724]
 1057              		.loc 1 581 28
 1058 0022 7B68     		ldr	r3, [r7, #4]
 1059 0024 B032     		adds	r2, r2, #176
 1060 0026 53F82230 		ldr	r3, [r3, r2, lsl #2]
 1061              		.loc 1 581 6
 1062 002a 002B     		cmp	r3, #0
 1063 002c 01D1     		bne	.L47
 582:Middlewares/ST/STM32_USB_Device_Library/Class/CDC/Src/usbd_cdc.c ****   {
 583:Middlewares/ST/STM32_USB_Device_Library/Class/CDC/Src/usbd_cdc.c ****     return (uint8_t)USBD_FAIL;
 1064              		.loc 1 583 12
 1065 002e 0323     		movs	r3, #3
 1066 0030 1AE0     		b	.L48
 1067              	.L47:
 584:Middlewares/ST/STM32_USB_Device_Library/Class/CDC/Src/usbd_cdc.c ****   }
 585:Middlewares/ST/STM32_USB_Device_Library/Class/CDC/Src/usbd_cdc.c **** 
 586:Middlewares/ST/STM32_USB_Device_Library/Class/CDC/Src/usbd_cdc.c ****   /* Get the received data length */
 587:Middlewares/ST/STM32_USB_Device_Library/Class/CDC/Src/usbd_cdc.c ****   hcdc->RxLength = USBD_LL_GetRxDataSize(pdev, epnum);
 1068              		.loc 1 587 20
 1069 0032 FB78     		ldrb	r3, [r7, #3]	@ zero_extendqisi2
 1070 0034 1946     		mov	r1, r3
 1071 0036 7868     		ldr	r0, [r7, #4]
 1072 0038 FFF7FEFF 		bl	USBD_LL_GetRxDataSize
 1073 003c 0246     		mov	r2, r0
 1074              		.loc 1 587 18 discriminator 1
 1075 003e FB68     		ldr	r3, [r7, #12]
 1076 0040 C3F80C22 		str	r2, [r3, #524]
 588:Middlewares/ST/STM32_USB_Device_Library/Class/CDC/Src/usbd_cdc.c **** 
 589:Middlewares/ST/STM32_USB_Device_Library/Class/CDC/Src/usbd_cdc.c ****   /* USB data will be immediately processed, this allow next USB traffic being
 590:Middlewares/ST/STM32_USB_Device_Library/Class/CDC/Src/usbd_cdc.c ****   NAKed till the end of the application Xfer */
 591:Middlewares/ST/STM32_USB_Device_Library/Class/CDC/Src/usbd_cdc.c **** 
 592:Middlewares/ST/STM32_USB_Device_Library/Class/CDC/Src/usbd_cdc.c ****   ((USBD_CDC_ItfTypeDef *)pdev->pUserData[pdev->classId])->Receive(hcdc->RxBuffer, &hcdc->RxLength)
 1077              		.loc 1 592 47
 1078 0044 7B68     		ldr	r3, [r7, #4]
 1079 0046 D3F8D432 		ldr	r3, [r3, #724]
 1080              		.loc 1 592 42
 1081 004a 7A68     		ldr	r2, [r7, #4]
 1082 004c B033     		adds	r3, r3, #176
 1083 004e 9B00     		lsls	r3, r3, #2
 1084 0050 1344     		add	r3, r3, r2
 1085 0052 5B68     		ldr	r3, [r3, #4]
 1086              		.loc 1 592 58
 1087 0054 DB68     		ldr	r3, [r3, #12]
 1088              		.loc 1 592 4
 1089 0056 FA68     		ldr	r2, [r7, #12]
 1090 0058 D2F80402 		ldr	r0, [r2, #516]
 1091 005c FA68     		ldr	r2, [r7, #12]
 1092 005e 02F50372 		add	r2, r2, #524
 1093 0062 1146     		mov	r1, r2
 1094 0064 9847     		blx	r3
 1095              	.LVL5:
 593:Middlewares/ST/STM32_USB_Device_Library/Class/CDC/Src/usbd_cdc.c **** 
 594:Middlewares/ST/STM32_USB_Device_Library/Class/CDC/Src/usbd_cdc.c ****   return (uint8_t)USBD_OK;
 1096              		.loc 1 594 10
 1097 0066 0023     		movs	r3, #0
 1098              	.L48:
ARM GAS  /tmp/ccwi9Slf.s 			page 31


 595:Middlewares/ST/STM32_USB_Device_Library/Class/CDC/Src/usbd_cdc.c **** }
 1099              		.loc 1 595 1
 1100 0068 1846     		mov	r0, r3
 1101 006a 1037     		adds	r7, r7, #16
 1102              	.LCFI23:
 1103              		.cfi_def_cfa_offset 8
 1104 006c BD46     		mov	sp, r7
 1105              	.LCFI24:
 1106              		.cfi_def_cfa_register 13
 1107              		@ sp needed
 1108 006e 80BD     		pop	{r7, pc}
 1109              		.cfi_endproc
 1110              	.LFE228:
 1112              		.section	.text.USBD_CDC_EP0_RxReady,"ax",%progbits
 1113              		.align	1
 1114              		.syntax unified
 1115              		.thumb
 1116              		.thumb_func
 1118              	USBD_CDC_EP0_RxReady:
 1119              	.LFB229:
 596:Middlewares/ST/STM32_USB_Device_Library/Class/CDC/Src/usbd_cdc.c **** 
 597:Middlewares/ST/STM32_USB_Device_Library/Class/CDC/Src/usbd_cdc.c **** /**
 598:Middlewares/ST/STM32_USB_Device_Library/Class/CDC/Src/usbd_cdc.c ****   * @brief  USBD_CDC_EP0_RxReady
 599:Middlewares/ST/STM32_USB_Device_Library/Class/CDC/Src/usbd_cdc.c ****   *         Handle EP0 Rx Ready event
 600:Middlewares/ST/STM32_USB_Device_Library/Class/CDC/Src/usbd_cdc.c ****   * @param  pdev: device instance
 601:Middlewares/ST/STM32_USB_Device_Library/Class/CDC/Src/usbd_cdc.c ****   * @retval status
 602:Middlewares/ST/STM32_USB_Device_Library/Class/CDC/Src/usbd_cdc.c ****   */
 603:Middlewares/ST/STM32_USB_Device_Library/Class/CDC/Src/usbd_cdc.c **** static uint8_t USBD_CDC_EP0_RxReady(USBD_HandleTypeDef *pdev)
 604:Middlewares/ST/STM32_USB_Device_Library/Class/CDC/Src/usbd_cdc.c **** {
 1120              		.loc 1 604 1
 1121              		.cfi_startproc
 1122              		@ args = 0, pretend = 0, frame = 16
 1123              		@ frame_needed = 1, uses_anonymous_args = 0
 1124 0000 80B5     		push	{r7, lr}
 1125              	.LCFI25:
 1126              		.cfi_def_cfa_offset 8
 1127              		.cfi_offset 7, -8
 1128              		.cfi_offset 14, -4
 1129 0002 84B0     		sub	sp, sp, #16
 1130              	.LCFI26:
 1131              		.cfi_def_cfa_offset 24
 1132 0004 00AF     		add	r7, sp, #0
 1133              	.LCFI27:
 1134              		.cfi_def_cfa_register 7
 1135 0006 7860     		str	r0, [r7, #4]
 605:Middlewares/ST/STM32_USB_Device_Library/Class/CDC/Src/usbd_cdc.c ****   USBD_CDC_HandleTypeDef *hcdc = (USBD_CDC_HandleTypeDef *)pdev->pClassDataCmsit[pdev->classId];
 1136              		.loc 1 605 86
 1137 0008 7B68     		ldr	r3, [r7, #4]
 1138 000a D3F8D422 		ldr	r2, [r3, #724]
 1139              		.loc 1 605 27
 1140 000e 7B68     		ldr	r3, [r7, #4]
 1141 0010 B032     		adds	r2, r2, #176
 1142 0012 53F82230 		ldr	r3, [r3, r2, lsl #2]
 1143 0016 FB60     		str	r3, [r7, #12]
 606:Middlewares/ST/STM32_USB_Device_Library/Class/CDC/Src/usbd_cdc.c **** 
 607:Middlewares/ST/STM32_USB_Device_Library/Class/CDC/Src/usbd_cdc.c ****   if (hcdc == NULL)
 1144              		.loc 1 607 6
ARM GAS  /tmp/ccwi9Slf.s 			page 32


 1145 0018 FB68     		ldr	r3, [r7, #12]
 1146 001a 002B     		cmp	r3, #0
 1147 001c 01D1     		bne	.L50
 608:Middlewares/ST/STM32_USB_Device_Library/Class/CDC/Src/usbd_cdc.c ****   {
 609:Middlewares/ST/STM32_USB_Device_Library/Class/CDC/Src/usbd_cdc.c ****     return (uint8_t)USBD_FAIL;
 1148              		.loc 1 609 12
 1149 001e 0323     		movs	r3, #3
 1150 0020 24E0     		b	.L51
 1151              	.L50:
 610:Middlewares/ST/STM32_USB_Device_Library/Class/CDC/Src/usbd_cdc.c ****   }
 611:Middlewares/ST/STM32_USB_Device_Library/Class/CDC/Src/usbd_cdc.c **** 
 612:Middlewares/ST/STM32_USB_Device_Library/Class/CDC/Src/usbd_cdc.c ****   if ((pdev->pUserData[pdev->classId] != NULL) && (hcdc->CmdOpCode != 0xFFU))
 1152              		.loc 1 612 28
 1153 0022 7B68     		ldr	r3, [r7, #4]
 1154 0024 D3F8D432 		ldr	r3, [r3, #724]
 1155              		.loc 1 612 23
 1156 0028 7A68     		ldr	r2, [r7, #4]
 1157 002a B033     		adds	r3, r3, #176
 1158 002c 9B00     		lsls	r3, r3, #2
 1159 002e 1344     		add	r3, r3, r2
 1160 0030 5B68     		ldr	r3, [r3, #4]
 1161              		.loc 1 612 6
 1162 0032 002B     		cmp	r3, #0
 1163 0034 19D0     		beq	.L52
 1164              		.loc 1 612 56 discriminator 1
 1165 0036 FB68     		ldr	r3, [r7, #12]
 1166 0038 93F80032 		ldrb	r3, [r3, #512]	@ zero_extendqisi2
 1167              		.loc 1 612 48 discriminator 1
 1168 003c FF2B     		cmp	r3, #255
 1169 003e 14D0     		beq	.L52
 613:Middlewares/ST/STM32_USB_Device_Library/Class/CDC/Src/usbd_cdc.c ****   {
 614:Middlewares/ST/STM32_USB_Device_Library/Class/CDC/Src/usbd_cdc.c ****     ((USBD_CDC_ItfTypeDef *)pdev->pUserData[pdev->classId])->Control(hcdc->CmdOpCode,
 1170              		.loc 1 614 49
 1171 0040 7B68     		ldr	r3, [r7, #4]
 1172 0042 D3F8D432 		ldr	r3, [r3, #724]
 1173              		.loc 1 614 44
 1174 0046 7A68     		ldr	r2, [r7, #4]
 1175 0048 B033     		adds	r3, r3, #176
 1176 004a 9B00     		lsls	r3, r3, #2
 1177 004c 1344     		add	r3, r3, r2
 1178 004e 5B68     		ldr	r3, [r3, #4]
 1179              		.loc 1 614 60
 1180 0050 9B68     		ldr	r3, [r3, #8]
 1181              		.loc 1 614 6
 1182 0052 FA68     		ldr	r2, [r7, #12]
 1183 0054 92F80002 		ldrb	r0, [r2, #512]	@ zero_extendqisi2
 615:Middlewares/ST/STM32_USB_Device_Library/Class/CDC/Src/usbd_cdc.c ****                                                                      (uint8_t *)hcdc->data,
 1184              		.loc 1 615 81
 1185 0058 F968     		ldr	r1, [r7, #12]
 616:Middlewares/ST/STM32_USB_Device_Library/Class/CDC/Src/usbd_cdc.c ****                                                                      (uint16_t)hcdc->CmdLength);
 1186              		.loc 1 616 84
 1187 005a FA68     		ldr	r2, [r7, #12]
 1188 005c 92F80122 		ldrb	r2, [r2, #513]	@ zero_extendqisi2
 614:Middlewares/ST/STM32_USB_Device_Library/Class/CDC/Src/usbd_cdc.c ****                                                                      (uint8_t *)hcdc->data,
 1189              		.loc 1 614 6
 1190 0060 9847     		blx	r3
 1191              	.LVL6:
ARM GAS  /tmp/ccwi9Slf.s 			page 33


 617:Middlewares/ST/STM32_USB_Device_Library/Class/CDC/Src/usbd_cdc.c ****     hcdc->CmdOpCode = 0xFFU;
 1192              		.loc 1 617 21
 1193 0062 FB68     		ldr	r3, [r7, #12]
 1194 0064 FF22     		movs	r2, #255
 1195 0066 83F80022 		strb	r2, [r3, #512]
 1196              	.L52:
 618:Middlewares/ST/STM32_USB_Device_Library/Class/CDC/Src/usbd_cdc.c ****   }
 619:Middlewares/ST/STM32_USB_Device_Library/Class/CDC/Src/usbd_cdc.c **** 
 620:Middlewares/ST/STM32_USB_Device_Library/Class/CDC/Src/usbd_cdc.c ****   return (uint8_t)USBD_OK;
 1197              		.loc 1 620 10
 1198 006a 0023     		movs	r3, #0
 1199              	.L51:
 621:Middlewares/ST/STM32_USB_Device_Library/Class/CDC/Src/usbd_cdc.c **** }
 1200              		.loc 1 621 1
 1201 006c 1846     		mov	r0, r3
 1202 006e 1037     		adds	r7, r7, #16
 1203              	.LCFI28:
 1204              		.cfi_def_cfa_offset 8
 1205 0070 BD46     		mov	sp, r7
 1206              	.LCFI29:
 1207              		.cfi_def_cfa_register 13
 1208              		@ sp needed
 1209 0072 80BD     		pop	{r7, pc}
 1210              		.cfi_endproc
 1211              	.LFE229:
 1213              		.section	.text.USBD_CDC_GetFSCfgDesc,"ax",%progbits
 1214              		.align	1
 1215              		.syntax unified
 1216              		.thumb
 1217              		.thumb_func
 1219              	USBD_CDC_GetFSCfgDesc:
 1220              	.LFB230:
 622:Middlewares/ST/STM32_USB_Device_Library/Class/CDC/Src/usbd_cdc.c **** #ifndef USE_USBD_COMPOSITE
 623:Middlewares/ST/STM32_USB_Device_Library/Class/CDC/Src/usbd_cdc.c **** /**
 624:Middlewares/ST/STM32_USB_Device_Library/Class/CDC/Src/usbd_cdc.c ****   * @brief  USBD_CDC_GetFSCfgDesc
 625:Middlewares/ST/STM32_USB_Device_Library/Class/CDC/Src/usbd_cdc.c ****   *         Return configuration descriptor
 626:Middlewares/ST/STM32_USB_Device_Library/Class/CDC/Src/usbd_cdc.c ****   * @param  length : pointer data length
 627:Middlewares/ST/STM32_USB_Device_Library/Class/CDC/Src/usbd_cdc.c ****   * @retval pointer to descriptor buffer
 628:Middlewares/ST/STM32_USB_Device_Library/Class/CDC/Src/usbd_cdc.c ****   */
 629:Middlewares/ST/STM32_USB_Device_Library/Class/CDC/Src/usbd_cdc.c **** static uint8_t *USBD_CDC_GetFSCfgDesc(uint16_t *length)
 630:Middlewares/ST/STM32_USB_Device_Library/Class/CDC/Src/usbd_cdc.c **** {
 1221              		.loc 1 630 1
 1222              		.cfi_startproc
 1223              		@ args = 0, pretend = 0, frame = 24
 1224              		@ frame_needed = 1, uses_anonymous_args = 0
 1225 0000 80B5     		push	{r7, lr}
 1226              	.LCFI30:
 1227              		.cfi_def_cfa_offset 8
 1228              		.cfi_offset 7, -8
 1229              		.cfi_offset 14, -4
 1230 0002 86B0     		sub	sp, sp, #24
 1231              	.LCFI31:
 1232              		.cfi_def_cfa_offset 32
 1233 0004 00AF     		add	r7, sp, #0
 1234              	.LCFI32:
 1235              		.cfi_def_cfa_register 7
 1236 0006 7860     		str	r0, [r7, #4]
ARM GAS  /tmp/ccwi9Slf.s 			page 34


 631:Middlewares/ST/STM32_USB_Device_Library/Class/CDC/Src/usbd_cdc.c ****   USBD_EpDescTypeDef *pEpCmdDesc = USBD_GetEpDesc(USBD_CDC_CfgDesc, CDC_CMD_EP);
 1237              		.loc 1 631 36
 1238 0008 8221     		movs	r1, #130
 1239 000a 1848     		ldr	r0, .L58
 1240 000c FFF7FEFF 		bl	USBD_GetEpDesc
 1241 0010 7861     		str	r0, [r7, #20]
 632:Middlewares/ST/STM32_USB_Device_Library/Class/CDC/Src/usbd_cdc.c ****   USBD_EpDescTypeDef *pEpOutDesc = USBD_GetEpDesc(USBD_CDC_CfgDesc, CDC_OUT_EP);
 1242              		.loc 1 632 36
 1243 0012 0121     		movs	r1, #1
 1244 0014 1548     		ldr	r0, .L58
 1245 0016 FFF7FEFF 		bl	USBD_GetEpDesc
 1246 001a 3861     		str	r0, [r7, #16]
 633:Middlewares/ST/STM32_USB_Device_Library/Class/CDC/Src/usbd_cdc.c ****   USBD_EpDescTypeDef *pEpInDesc = USBD_GetEpDesc(USBD_CDC_CfgDesc, CDC_IN_EP);
 1247              		.loc 1 633 35
 1248 001c 8121     		movs	r1, #129
 1249 001e 1348     		ldr	r0, .L58
 1250 0020 FFF7FEFF 		bl	USBD_GetEpDesc
 1251 0024 F860     		str	r0, [r7, #12]
 634:Middlewares/ST/STM32_USB_Device_Library/Class/CDC/Src/usbd_cdc.c **** 
 635:Middlewares/ST/STM32_USB_Device_Library/Class/CDC/Src/usbd_cdc.c ****   if (pEpCmdDesc != NULL)
 1252              		.loc 1 635 6
 1253 0026 7B69     		ldr	r3, [r7, #20]
 1254 0028 002B     		cmp	r3, #0
 1255 002a 02D0     		beq	.L54
 636:Middlewares/ST/STM32_USB_Device_Library/Class/CDC/Src/usbd_cdc.c ****   {
 637:Middlewares/ST/STM32_USB_Device_Library/Class/CDC/Src/usbd_cdc.c ****     pEpCmdDesc->bInterval = CDC_FS_BINTERVAL;
 1256              		.loc 1 637 27
 1257 002c 7B69     		ldr	r3, [r7, #20]
 1258 002e 1022     		movs	r2, #16
 1259 0030 9A71     		strb	r2, [r3, #6]
 1260              	.L54:
 638:Middlewares/ST/STM32_USB_Device_Library/Class/CDC/Src/usbd_cdc.c ****   }
 639:Middlewares/ST/STM32_USB_Device_Library/Class/CDC/Src/usbd_cdc.c **** 
 640:Middlewares/ST/STM32_USB_Device_Library/Class/CDC/Src/usbd_cdc.c ****   if (pEpOutDesc != NULL)
 1261              		.loc 1 640 6
 1262 0032 3B69     		ldr	r3, [r7, #16]
 1263 0034 002B     		cmp	r3, #0
 1264 0036 06D0     		beq	.L55
 641:Middlewares/ST/STM32_USB_Device_Library/Class/CDC/Src/usbd_cdc.c ****   {
 642:Middlewares/ST/STM32_USB_Device_Library/Class/CDC/Src/usbd_cdc.c ****     pEpOutDesc->wMaxPacketSize = CDC_DATA_FS_MAX_PACKET_SIZE;
 1265              		.loc 1 642 32
 1266 0038 3B69     		ldr	r3, [r7, #16]
 1267 003a 0022     		movs	r2, #0
 1268 003c 42F04002 		orr	r2, r2, #64
 1269 0040 1A71     		strb	r2, [r3, #4]
 1270 0042 0022     		movs	r2, #0
 1271 0044 5A71     		strb	r2, [r3, #5]
 1272              	.L55:
 643:Middlewares/ST/STM32_USB_Device_Library/Class/CDC/Src/usbd_cdc.c ****   }
 644:Middlewares/ST/STM32_USB_Device_Library/Class/CDC/Src/usbd_cdc.c **** 
 645:Middlewares/ST/STM32_USB_Device_Library/Class/CDC/Src/usbd_cdc.c ****   if (pEpInDesc != NULL)
 1273              		.loc 1 645 6
 1274 0046 FB68     		ldr	r3, [r7, #12]
 1275 0048 002B     		cmp	r3, #0
 1276 004a 06D0     		beq	.L56
 646:Middlewares/ST/STM32_USB_Device_Library/Class/CDC/Src/usbd_cdc.c ****   {
 647:Middlewares/ST/STM32_USB_Device_Library/Class/CDC/Src/usbd_cdc.c ****     pEpInDesc->wMaxPacketSize = CDC_DATA_FS_MAX_PACKET_SIZE;
ARM GAS  /tmp/ccwi9Slf.s 			page 35


 1277              		.loc 1 647 31
 1278 004c FB68     		ldr	r3, [r7, #12]
 1279 004e 0022     		movs	r2, #0
 1280 0050 42F04002 		orr	r2, r2, #64
 1281 0054 1A71     		strb	r2, [r3, #4]
 1282 0056 0022     		movs	r2, #0
 1283 0058 5A71     		strb	r2, [r3, #5]
 1284              	.L56:
 648:Middlewares/ST/STM32_USB_Device_Library/Class/CDC/Src/usbd_cdc.c ****   }
 649:Middlewares/ST/STM32_USB_Device_Library/Class/CDC/Src/usbd_cdc.c **** 
 650:Middlewares/ST/STM32_USB_Device_Library/Class/CDC/Src/usbd_cdc.c ****   *length = (uint16_t)sizeof(USBD_CDC_CfgDesc);
 1285              		.loc 1 650 11
 1286 005a 7B68     		ldr	r3, [r7, #4]
 1287 005c 4322     		movs	r2, #67
 1288 005e 1A80     		strh	r2, [r3]	@ movhi
 651:Middlewares/ST/STM32_USB_Device_Library/Class/CDC/Src/usbd_cdc.c ****   return USBD_CDC_CfgDesc;
 1289              		.loc 1 651 10
 1290 0060 024B     		ldr	r3, .L58
 652:Middlewares/ST/STM32_USB_Device_Library/Class/CDC/Src/usbd_cdc.c **** }
 1291              		.loc 1 652 1
 1292 0062 1846     		mov	r0, r3
 1293 0064 1837     		adds	r7, r7, #24
 1294              	.LCFI33:
 1295              		.cfi_def_cfa_offset 8
 1296 0066 BD46     		mov	sp, r7
 1297              	.LCFI34:
 1298              		.cfi_def_cfa_register 13
 1299              		@ sp needed
 1300 0068 80BD     		pop	{r7, pc}
 1301              	.L59:
 1302 006a 00BF     		.align	2
 1303              	.L58:
 1304 006c 00000000 		.word	USBD_CDC_CfgDesc
 1305              		.cfi_endproc
 1306              	.LFE230:
 1308              		.section	.text.USBD_CDC_GetHSCfgDesc,"ax",%progbits
 1309              		.align	1
 1310              		.syntax unified
 1311              		.thumb
 1312              		.thumb_func
 1314              	USBD_CDC_GetHSCfgDesc:
 1315              	.LFB231:
 653:Middlewares/ST/STM32_USB_Device_Library/Class/CDC/Src/usbd_cdc.c **** 
 654:Middlewares/ST/STM32_USB_Device_Library/Class/CDC/Src/usbd_cdc.c **** /**
 655:Middlewares/ST/STM32_USB_Device_Library/Class/CDC/Src/usbd_cdc.c ****   * @brief  USBD_CDC_GetHSCfgDesc
 656:Middlewares/ST/STM32_USB_Device_Library/Class/CDC/Src/usbd_cdc.c ****   *         Return configuration descriptor
 657:Middlewares/ST/STM32_USB_Device_Library/Class/CDC/Src/usbd_cdc.c ****   * @param  length : pointer data length
 658:Middlewares/ST/STM32_USB_Device_Library/Class/CDC/Src/usbd_cdc.c ****   * @retval pointer to descriptor buffer
 659:Middlewares/ST/STM32_USB_Device_Library/Class/CDC/Src/usbd_cdc.c ****   */
 660:Middlewares/ST/STM32_USB_Device_Library/Class/CDC/Src/usbd_cdc.c **** static uint8_t *USBD_CDC_GetHSCfgDesc(uint16_t *length)
 661:Middlewares/ST/STM32_USB_Device_Library/Class/CDC/Src/usbd_cdc.c **** {
 1316              		.loc 1 661 1
 1317              		.cfi_startproc
 1318              		@ args = 0, pretend = 0, frame = 24
 1319              		@ frame_needed = 1, uses_anonymous_args = 0
 1320 0000 80B5     		push	{r7, lr}
 1321              	.LCFI35:
ARM GAS  /tmp/ccwi9Slf.s 			page 36


 1322              		.cfi_def_cfa_offset 8
 1323              		.cfi_offset 7, -8
 1324              		.cfi_offset 14, -4
 1325 0002 86B0     		sub	sp, sp, #24
 1326              	.LCFI36:
 1327              		.cfi_def_cfa_offset 32
 1328 0004 00AF     		add	r7, sp, #0
 1329              	.LCFI37:
 1330              		.cfi_def_cfa_register 7
 1331 0006 7860     		str	r0, [r7, #4]
 662:Middlewares/ST/STM32_USB_Device_Library/Class/CDC/Src/usbd_cdc.c ****   USBD_EpDescTypeDef *pEpCmdDesc = USBD_GetEpDesc(USBD_CDC_CfgDesc, CDC_CMD_EP);
 1332              		.loc 1 662 36
 1333 0008 8221     		movs	r1, #130
 1334 000a 1848     		ldr	r0, .L65
 1335 000c FFF7FEFF 		bl	USBD_GetEpDesc
 1336 0010 7861     		str	r0, [r7, #20]
 663:Middlewares/ST/STM32_USB_Device_Library/Class/CDC/Src/usbd_cdc.c ****   USBD_EpDescTypeDef *pEpOutDesc = USBD_GetEpDesc(USBD_CDC_CfgDesc, CDC_OUT_EP);
 1337              		.loc 1 663 36
 1338 0012 0121     		movs	r1, #1
 1339 0014 1548     		ldr	r0, .L65
 1340 0016 FFF7FEFF 		bl	USBD_GetEpDesc
 1341 001a 3861     		str	r0, [r7, #16]
 664:Middlewares/ST/STM32_USB_Device_Library/Class/CDC/Src/usbd_cdc.c ****   USBD_EpDescTypeDef *pEpInDesc = USBD_GetEpDesc(USBD_CDC_CfgDesc, CDC_IN_EP);
 1342              		.loc 1 664 35
 1343 001c 8121     		movs	r1, #129
 1344 001e 1348     		ldr	r0, .L65
 1345 0020 FFF7FEFF 		bl	USBD_GetEpDesc
 1346 0024 F860     		str	r0, [r7, #12]
 665:Middlewares/ST/STM32_USB_Device_Library/Class/CDC/Src/usbd_cdc.c **** 
 666:Middlewares/ST/STM32_USB_Device_Library/Class/CDC/Src/usbd_cdc.c ****   if (pEpCmdDesc != NULL)
 1347              		.loc 1 666 6
 1348 0026 7B69     		ldr	r3, [r7, #20]
 1349 0028 002B     		cmp	r3, #0
 1350 002a 02D0     		beq	.L61
 667:Middlewares/ST/STM32_USB_Device_Library/Class/CDC/Src/usbd_cdc.c ****   {
 668:Middlewares/ST/STM32_USB_Device_Library/Class/CDC/Src/usbd_cdc.c ****     pEpCmdDesc->bInterval = CDC_HS_BINTERVAL;
 1351              		.loc 1 668 27
 1352 002c 7B69     		ldr	r3, [r7, #20]
 1353 002e 1022     		movs	r2, #16
 1354 0030 9A71     		strb	r2, [r3, #6]
 1355              	.L61:
 669:Middlewares/ST/STM32_USB_Device_Library/Class/CDC/Src/usbd_cdc.c ****   }
 670:Middlewares/ST/STM32_USB_Device_Library/Class/CDC/Src/usbd_cdc.c **** 
 671:Middlewares/ST/STM32_USB_Device_Library/Class/CDC/Src/usbd_cdc.c ****   if (pEpOutDesc != NULL)
 1356              		.loc 1 671 6
 1357 0032 3B69     		ldr	r3, [r7, #16]
 1358 0034 002B     		cmp	r3, #0
 1359 0036 06D0     		beq	.L62
 672:Middlewares/ST/STM32_USB_Device_Library/Class/CDC/Src/usbd_cdc.c ****   {
 673:Middlewares/ST/STM32_USB_Device_Library/Class/CDC/Src/usbd_cdc.c ****     pEpOutDesc->wMaxPacketSize = CDC_DATA_HS_MAX_PACKET_SIZE;
 1360              		.loc 1 673 32
 1361 0038 3B69     		ldr	r3, [r7, #16]
 1362 003a 0022     		movs	r2, #0
 1363 003c 1A71     		strb	r2, [r3, #4]
 1364 003e 0022     		movs	r2, #0
 1365 0040 42F00202 		orr	r2, r2, #2
 1366 0044 5A71     		strb	r2, [r3, #5]
ARM GAS  /tmp/ccwi9Slf.s 			page 37


 1367              	.L62:
 674:Middlewares/ST/STM32_USB_Device_Library/Class/CDC/Src/usbd_cdc.c ****   }
 675:Middlewares/ST/STM32_USB_Device_Library/Class/CDC/Src/usbd_cdc.c **** 
 676:Middlewares/ST/STM32_USB_Device_Library/Class/CDC/Src/usbd_cdc.c ****   if (pEpInDesc != NULL)
 1368              		.loc 1 676 6
 1369 0046 FB68     		ldr	r3, [r7, #12]
 1370 0048 002B     		cmp	r3, #0
 1371 004a 06D0     		beq	.L63
 677:Middlewares/ST/STM32_USB_Device_Library/Class/CDC/Src/usbd_cdc.c ****   {
 678:Middlewares/ST/STM32_USB_Device_Library/Class/CDC/Src/usbd_cdc.c ****     pEpInDesc->wMaxPacketSize = CDC_DATA_HS_MAX_PACKET_SIZE;
 1372              		.loc 1 678 31
 1373 004c FB68     		ldr	r3, [r7, #12]
 1374 004e 0022     		movs	r2, #0
 1375 0050 1A71     		strb	r2, [r3, #4]
 1376 0052 0022     		movs	r2, #0
 1377 0054 42F00202 		orr	r2, r2, #2
 1378 0058 5A71     		strb	r2, [r3, #5]
 1379              	.L63:
 679:Middlewares/ST/STM32_USB_Device_Library/Class/CDC/Src/usbd_cdc.c ****   }
 680:Middlewares/ST/STM32_USB_Device_Library/Class/CDC/Src/usbd_cdc.c **** 
 681:Middlewares/ST/STM32_USB_Device_Library/Class/CDC/Src/usbd_cdc.c ****   *length = (uint16_t)sizeof(USBD_CDC_CfgDesc);
 1380              		.loc 1 681 11
 1381 005a 7B68     		ldr	r3, [r7, #4]
 1382 005c 4322     		movs	r2, #67
 1383 005e 1A80     		strh	r2, [r3]	@ movhi
 682:Middlewares/ST/STM32_USB_Device_Library/Class/CDC/Src/usbd_cdc.c ****   return USBD_CDC_CfgDesc;
 1384              		.loc 1 682 10
 1385 0060 024B     		ldr	r3, .L65
 683:Middlewares/ST/STM32_USB_Device_Library/Class/CDC/Src/usbd_cdc.c **** }
 1386              		.loc 1 683 1
 1387 0062 1846     		mov	r0, r3
 1388 0064 1837     		adds	r7, r7, #24
 1389              	.LCFI38:
 1390              		.cfi_def_cfa_offset 8
 1391 0066 BD46     		mov	sp, r7
 1392              	.LCFI39:
 1393              		.cfi_def_cfa_register 13
 1394              		@ sp needed
 1395 0068 80BD     		pop	{r7, pc}
 1396              	.L66:
 1397 006a 00BF     		.align	2
 1398              	.L65:
 1399 006c 00000000 		.word	USBD_CDC_CfgDesc
 1400              		.cfi_endproc
 1401              	.LFE231:
 1403              		.section	.text.USBD_CDC_GetOtherSpeedCfgDesc,"ax",%progbits
 1404              		.align	1
 1405              		.syntax unified
 1406              		.thumb
 1407              		.thumb_func
 1409              	USBD_CDC_GetOtherSpeedCfgDesc:
 1410              	.LFB232:
 684:Middlewares/ST/STM32_USB_Device_Library/Class/CDC/Src/usbd_cdc.c **** 
 685:Middlewares/ST/STM32_USB_Device_Library/Class/CDC/Src/usbd_cdc.c **** /**
 686:Middlewares/ST/STM32_USB_Device_Library/Class/CDC/Src/usbd_cdc.c ****   * @brief  USBD_CDC_GetOtherSpeedCfgDesc
 687:Middlewares/ST/STM32_USB_Device_Library/Class/CDC/Src/usbd_cdc.c ****   *         Return configuration descriptor
 688:Middlewares/ST/STM32_USB_Device_Library/Class/CDC/Src/usbd_cdc.c ****   * @param  length : pointer data length
ARM GAS  /tmp/ccwi9Slf.s 			page 38


 689:Middlewares/ST/STM32_USB_Device_Library/Class/CDC/Src/usbd_cdc.c ****   * @retval pointer to descriptor buffer
 690:Middlewares/ST/STM32_USB_Device_Library/Class/CDC/Src/usbd_cdc.c ****   */
 691:Middlewares/ST/STM32_USB_Device_Library/Class/CDC/Src/usbd_cdc.c **** static uint8_t *USBD_CDC_GetOtherSpeedCfgDesc(uint16_t *length)
 692:Middlewares/ST/STM32_USB_Device_Library/Class/CDC/Src/usbd_cdc.c **** {
 1411              		.loc 1 692 1
 1412              		.cfi_startproc
 1413              		@ args = 0, pretend = 0, frame = 24
 1414              		@ frame_needed = 1, uses_anonymous_args = 0
 1415 0000 80B5     		push	{r7, lr}
 1416              	.LCFI40:
 1417              		.cfi_def_cfa_offset 8
 1418              		.cfi_offset 7, -8
 1419              		.cfi_offset 14, -4
 1420 0002 86B0     		sub	sp, sp, #24
 1421              	.LCFI41:
 1422              		.cfi_def_cfa_offset 32
 1423 0004 00AF     		add	r7, sp, #0
 1424              	.LCFI42:
 1425              		.cfi_def_cfa_register 7
 1426 0006 7860     		str	r0, [r7, #4]
 693:Middlewares/ST/STM32_USB_Device_Library/Class/CDC/Src/usbd_cdc.c ****   USBD_EpDescTypeDef *pEpCmdDesc = USBD_GetEpDesc(USBD_CDC_CfgDesc, CDC_CMD_EP);
 1427              		.loc 1 693 36
 1428 0008 8221     		movs	r1, #130
 1429 000a 1848     		ldr	r0, .L72
 1430 000c FFF7FEFF 		bl	USBD_GetEpDesc
 1431 0010 7861     		str	r0, [r7, #20]
 694:Middlewares/ST/STM32_USB_Device_Library/Class/CDC/Src/usbd_cdc.c ****   USBD_EpDescTypeDef *pEpOutDesc = USBD_GetEpDesc(USBD_CDC_CfgDesc, CDC_OUT_EP);
 1432              		.loc 1 694 36
 1433 0012 0121     		movs	r1, #1
 1434 0014 1548     		ldr	r0, .L72
 1435 0016 FFF7FEFF 		bl	USBD_GetEpDesc
 1436 001a 3861     		str	r0, [r7, #16]
 695:Middlewares/ST/STM32_USB_Device_Library/Class/CDC/Src/usbd_cdc.c ****   USBD_EpDescTypeDef *pEpInDesc = USBD_GetEpDesc(USBD_CDC_CfgDesc, CDC_IN_EP);
 1437              		.loc 1 695 35
 1438 001c 8121     		movs	r1, #129
 1439 001e 1348     		ldr	r0, .L72
 1440 0020 FFF7FEFF 		bl	USBD_GetEpDesc
 1441 0024 F860     		str	r0, [r7, #12]
 696:Middlewares/ST/STM32_USB_Device_Library/Class/CDC/Src/usbd_cdc.c **** 
 697:Middlewares/ST/STM32_USB_Device_Library/Class/CDC/Src/usbd_cdc.c ****   if (pEpCmdDesc != NULL)
 1442              		.loc 1 697 6
 1443 0026 7B69     		ldr	r3, [r7, #20]
 1444 0028 002B     		cmp	r3, #0
 1445 002a 02D0     		beq	.L68
 698:Middlewares/ST/STM32_USB_Device_Library/Class/CDC/Src/usbd_cdc.c ****   {
 699:Middlewares/ST/STM32_USB_Device_Library/Class/CDC/Src/usbd_cdc.c ****     pEpCmdDesc->bInterval = CDC_FS_BINTERVAL;
 1446              		.loc 1 699 27
 1447 002c 7B69     		ldr	r3, [r7, #20]
 1448 002e 1022     		movs	r2, #16
 1449 0030 9A71     		strb	r2, [r3, #6]
 1450              	.L68:
 700:Middlewares/ST/STM32_USB_Device_Library/Class/CDC/Src/usbd_cdc.c ****   }
 701:Middlewares/ST/STM32_USB_Device_Library/Class/CDC/Src/usbd_cdc.c **** 
 702:Middlewares/ST/STM32_USB_Device_Library/Class/CDC/Src/usbd_cdc.c ****   if (pEpOutDesc != NULL)
 1451              		.loc 1 702 6
 1452 0032 3B69     		ldr	r3, [r7, #16]
 1453 0034 002B     		cmp	r3, #0
ARM GAS  /tmp/ccwi9Slf.s 			page 39


 1454 0036 06D0     		beq	.L69
 703:Middlewares/ST/STM32_USB_Device_Library/Class/CDC/Src/usbd_cdc.c ****   {
 704:Middlewares/ST/STM32_USB_Device_Library/Class/CDC/Src/usbd_cdc.c ****     pEpOutDesc->wMaxPacketSize = CDC_DATA_FS_MAX_PACKET_SIZE;
 1455              		.loc 1 704 32
 1456 0038 3B69     		ldr	r3, [r7, #16]
 1457 003a 0022     		movs	r2, #0
 1458 003c 42F04002 		orr	r2, r2, #64
 1459 0040 1A71     		strb	r2, [r3, #4]
 1460 0042 0022     		movs	r2, #0
 1461 0044 5A71     		strb	r2, [r3, #5]
 1462              	.L69:
 705:Middlewares/ST/STM32_USB_Device_Library/Class/CDC/Src/usbd_cdc.c ****   }
 706:Middlewares/ST/STM32_USB_Device_Library/Class/CDC/Src/usbd_cdc.c **** 
 707:Middlewares/ST/STM32_USB_Device_Library/Class/CDC/Src/usbd_cdc.c ****   if (pEpInDesc != NULL)
 1463              		.loc 1 707 6
 1464 0046 FB68     		ldr	r3, [r7, #12]
 1465 0048 002B     		cmp	r3, #0
 1466 004a 06D0     		beq	.L70
 708:Middlewares/ST/STM32_USB_Device_Library/Class/CDC/Src/usbd_cdc.c ****   {
 709:Middlewares/ST/STM32_USB_Device_Library/Class/CDC/Src/usbd_cdc.c ****     pEpInDesc->wMaxPacketSize = CDC_DATA_FS_MAX_PACKET_SIZE;
 1467              		.loc 1 709 31
 1468 004c FB68     		ldr	r3, [r7, #12]
 1469 004e 0022     		movs	r2, #0
 1470 0050 42F04002 		orr	r2, r2, #64
 1471 0054 1A71     		strb	r2, [r3, #4]
 1472 0056 0022     		movs	r2, #0
 1473 0058 5A71     		strb	r2, [r3, #5]
 1474              	.L70:
 710:Middlewares/ST/STM32_USB_Device_Library/Class/CDC/Src/usbd_cdc.c ****   }
 711:Middlewares/ST/STM32_USB_Device_Library/Class/CDC/Src/usbd_cdc.c **** 
 712:Middlewares/ST/STM32_USB_Device_Library/Class/CDC/Src/usbd_cdc.c ****   *length = (uint16_t)sizeof(USBD_CDC_CfgDesc);
 1475              		.loc 1 712 11
 1476 005a 7B68     		ldr	r3, [r7, #4]
 1477 005c 4322     		movs	r2, #67
 1478 005e 1A80     		strh	r2, [r3]	@ movhi
 713:Middlewares/ST/STM32_USB_Device_Library/Class/CDC/Src/usbd_cdc.c ****   return USBD_CDC_CfgDesc;
 1479              		.loc 1 713 10
 1480 0060 024B     		ldr	r3, .L72
 714:Middlewares/ST/STM32_USB_Device_Library/Class/CDC/Src/usbd_cdc.c **** }
 1481              		.loc 1 714 1
 1482 0062 1846     		mov	r0, r3
 1483 0064 1837     		adds	r7, r7, #24
 1484              	.LCFI43:
 1485              		.cfi_def_cfa_offset 8
 1486 0066 BD46     		mov	sp, r7
 1487              	.LCFI44:
 1488              		.cfi_def_cfa_register 13
 1489              		@ sp needed
 1490 0068 80BD     		pop	{r7, pc}
 1491              	.L73:
 1492 006a 00BF     		.align	2
 1493              	.L72:
 1494 006c 00000000 		.word	USBD_CDC_CfgDesc
 1495              		.cfi_endproc
 1496              	.LFE232:
 1498              		.section	.text.USBD_CDC_GetDeviceQualifierDescriptor,"ax",%progbits
 1499              		.align	1
ARM GAS  /tmp/ccwi9Slf.s 			page 40


 1500              		.global	USBD_CDC_GetDeviceQualifierDescriptor
 1501              		.syntax unified
 1502              		.thumb
 1503              		.thumb_func
 1505              	USBD_CDC_GetDeviceQualifierDescriptor:
 1506              	.LFB233:
 715:Middlewares/ST/STM32_USB_Device_Library/Class/CDC/Src/usbd_cdc.c **** 
 716:Middlewares/ST/STM32_USB_Device_Library/Class/CDC/Src/usbd_cdc.c **** /**
 717:Middlewares/ST/STM32_USB_Device_Library/Class/CDC/Src/usbd_cdc.c ****   * @brief  USBD_CDC_GetDeviceQualifierDescriptor
 718:Middlewares/ST/STM32_USB_Device_Library/Class/CDC/Src/usbd_cdc.c ****   *         return Device Qualifier descriptor
 719:Middlewares/ST/STM32_USB_Device_Library/Class/CDC/Src/usbd_cdc.c ****   * @param  length : pointer data length
 720:Middlewares/ST/STM32_USB_Device_Library/Class/CDC/Src/usbd_cdc.c ****   * @retval pointer to descriptor buffer
 721:Middlewares/ST/STM32_USB_Device_Library/Class/CDC/Src/usbd_cdc.c ****   */
 722:Middlewares/ST/STM32_USB_Device_Library/Class/CDC/Src/usbd_cdc.c **** uint8_t *USBD_CDC_GetDeviceQualifierDescriptor(uint16_t *length)
 723:Middlewares/ST/STM32_USB_Device_Library/Class/CDC/Src/usbd_cdc.c **** {
 1507              		.loc 1 723 1
 1508              		.cfi_startproc
 1509              		@ args = 0, pretend = 0, frame = 8
 1510              		@ frame_needed = 1, uses_anonymous_args = 0
 1511              		@ link register save eliminated.
 1512 0000 80B4     		push	{r7}
 1513              	.LCFI45:
 1514              		.cfi_def_cfa_offset 4
 1515              		.cfi_offset 7, -4
 1516 0002 83B0     		sub	sp, sp, #12
 1517              	.LCFI46:
 1518              		.cfi_def_cfa_offset 16
 1519 0004 00AF     		add	r7, sp, #0
 1520              	.LCFI47:
 1521              		.cfi_def_cfa_register 7
 1522 0006 7860     		str	r0, [r7, #4]
 724:Middlewares/ST/STM32_USB_Device_Library/Class/CDC/Src/usbd_cdc.c ****   *length = (uint16_t)sizeof(USBD_CDC_DeviceQualifierDesc);
 1523              		.loc 1 724 11
 1524 0008 7B68     		ldr	r3, [r7, #4]
 1525 000a 0A22     		movs	r2, #10
 1526 000c 1A80     		strh	r2, [r3]	@ movhi
 725:Middlewares/ST/STM32_USB_Device_Library/Class/CDC/Src/usbd_cdc.c **** 
 726:Middlewares/ST/STM32_USB_Device_Library/Class/CDC/Src/usbd_cdc.c ****   return USBD_CDC_DeviceQualifierDesc;
 1527              		.loc 1 726 10
 1528 000e 034B     		ldr	r3, .L76
 727:Middlewares/ST/STM32_USB_Device_Library/Class/CDC/Src/usbd_cdc.c **** }
 1529              		.loc 1 727 1
 1530 0010 1846     		mov	r0, r3
 1531 0012 0C37     		adds	r7, r7, #12
 1532              	.LCFI48:
 1533              		.cfi_def_cfa_offset 4
 1534 0014 BD46     		mov	sp, r7
 1535              	.LCFI49:
 1536              		.cfi_def_cfa_register 13
 1537              		@ sp needed
 1538 0016 80BC     		pop	{r7}
 1539              	.LCFI50:
 1540              		.cfi_restore 7
 1541              		.cfi_def_cfa_offset 0
 1542 0018 7047     		bx	lr
 1543              	.L77:
 1544 001a 00BF     		.align	2
ARM GAS  /tmp/ccwi9Slf.s 			page 41


 1545              	.L76:
 1546 001c 00000000 		.word	USBD_CDC_DeviceQualifierDesc
 1547              		.cfi_endproc
 1548              	.LFE233:
 1550              		.section	.text.USBD_CDC_RegisterInterface,"ax",%progbits
 1551              		.align	1
 1552              		.global	USBD_CDC_RegisterInterface
 1553              		.syntax unified
 1554              		.thumb
 1555              		.thumb_func
 1557              	USBD_CDC_RegisterInterface:
 1558              	.LFB234:
 728:Middlewares/ST/STM32_USB_Device_Library/Class/CDC/Src/usbd_cdc.c **** #endif /* USE_USBD_COMPOSITE  */
 729:Middlewares/ST/STM32_USB_Device_Library/Class/CDC/Src/usbd_cdc.c **** /**
 730:Middlewares/ST/STM32_USB_Device_Library/Class/CDC/Src/usbd_cdc.c ****   * @brief  USBD_CDC_RegisterInterface
 731:Middlewares/ST/STM32_USB_Device_Library/Class/CDC/Src/usbd_cdc.c ****   * @param  pdev: device instance
 732:Middlewares/ST/STM32_USB_Device_Library/Class/CDC/Src/usbd_cdc.c ****   * @param  fops: CD  Interface callback
 733:Middlewares/ST/STM32_USB_Device_Library/Class/CDC/Src/usbd_cdc.c ****   * @retval status
 734:Middlewares/ST/STM32_USB_Device_Library/Class/CDC/Src/usbd_cdc.c ****   */
 735:Middlewares/ST/STM32_USB_Device_Library/Class/CDC/Src/usbd_cdc.c **** uint8_t USBD_CDC_RegisterInterface(USBD_HandleTypeDef *pdev,
 736:Middlewares/ST/STM32_USB_Device_Library/Class/CDC/Src/usbd_cdc.c ****                                    USBD_CDC_ItfTypeDef *fops)
 737:Middlewares/ST/STM32_USB_Device_Library/Class/CDC/Src/usbd_cdc.c **** {
 1559              		.loc 1 737 1
 1560              		.cfi_startproc
 1561              		@ args = 0, pretend = 0, frame = 8
 1562              		@ frame_needed = 1, uses_anonymous_args = 0
 1563              		@ link register save eliminated.
 1564 0000 80B4     		push	{r7}
 1565              	.LCFI51:
 1566              		.cfi_def_cfa_offset 4
 1567              		.cfi_offset 7, -4
 1568 0002 83B0     		sub	sp, sp, #12
 1569              	.LCFI52:
 1570              		.cfi_def_cfa_offset 16
 1571 0004 00AF     		add	r7, sp, #0
 1572              	.LCFI53:
 1573              		.cfi_def_cfa_register 7
 1574 0006 7860     		str	r0, [r7, #4]
 1575 0008 3960     		str	r1, [r7]
 738:Middlewares/ST/STM32_USB_Device_Library/Class/CDC/Src/usbd_cdc.c ****   if (fops == NULL)
 1576              		.loc 1 738 6
 1577 000a 3B68     		ldr	r3, [r7]
 1578 000c 002B     		cmp	r3, #0
 1579 000e 01D1     		bne	.L79
 739:Middlewares/ST/STM32_USB_Device_Library/Class/CDC/Src/usbd_cdc.c ****   {
 740:Middlewares/ST/STM32_USB_Device_Library/Class/CDC/Src/usbd_cdc.c ****     return (uint8_t)USBD_FAIL;
 1580              		.loc 1 740 12
 1581 0010 0323     		movs	r3, #3
 1582 0012 09E0     		b	.L80
 1583              	.L79:
 741:Middlewares/ST/STM32_USB_Device_Library/Class/CDC/Src/usbd_cdc.c ****   }
 742:Middlewares/ST/STM32_USB_Device_Library/Class/CDC/Src/usbd_cdc.c **** 
 743:Middlewares/ST/STM32_USB_Device_Library/Class/CDC/Src/usbd_cdc.c ****   pdev->pUserData[pdev->classId] = fops;
 1584              		.loc 1 743 23
 1585 0014 7B68     		ldr	r3, [r7, #4]
 1586 0016 D3F8D432 		ldr	r3, [r3, #724]
 1587              		.loc 1 743 34
ARM GAS  /tmp/ccwi9Slf.s 			page 42


 1588 001a 7A68     		ldr	r2, [r7, #4]
 1589 001c B033     		adds	r3, r3, #176
 1590 001e 9B00     		lsls	r3, r3, #2
 1591 0020 1344     		add	r3, r3, r2
 1592 0022 3A68     		ldr	r2, [r7]
 1593 0024 5A60     		str	r2, [r3, #4]
 744:Middlewares/ST/STM32_USB_Device_Library/Class/CDC/Src/usbd_cdc.c **** 
 745:Middlewares/ST/STM32_USB_Device_Library/Class/CDC/Src/usbd_cdc.c ****   return (uint8_t)USBD_OK;
 1594              		.loc 1 745 10
 1595 0026 0023     		movs	r3, #0
 1596              	.L80:
 746:Middlewares/ST/STM32_USB_Device_Library/Class/CDC/Src/usbd_cdc.c **** }
 1597              		.loc 1 746 1
 1598 0028 1846     		mov	r0, r3
 1599 002a 0C37     		adds	r7, r7, #12
 1600              	.LCFI54:
 1601              		.cfi_def_cfa_offset 4
 1602 002c BD46     		mov	sp, r7
 1603              	.LCFI55:
 1604              		.cfi_def_cfa_register 13
 1605              		@ sp needed
 1606 002e 80BC     		pop	{r7}
 1607              	.LCFI56:
 1608              		.cfi_restore 7
 1609              		.cfi_def_cfa_offset 0
 1610 0030 7047     		bx	lr
 1611              		.cfi_endproc
 1612              	.LFE234:
 1614              		.section	.text.USBD_CDC_SetTxBuffer,"ax",%progbits
 1615              		.align	1
 1616              		.global	USBD_CDC_SetTxBuffer
 1617              		.syntax unified
 1618              		.thumb
 1619              		.thumb_func
 1621              	USBD_CDC_SetTxBuffer:
 1622              	.LFB235:
 747:Middlewares/ST/STM32_USB_Device_Library/Class/CDC/Src/usbd_cdc.c **** 
 748:Middlewares/ST/STM32_USB_Device_Library/Class/CDC/Src/usbd_cdc.c **** 
 749:Middlewares/ST/STM32_USB_Device_Library/Class/CDC/Src/usbd_cdc.c **** /**
 750:Middlewares/ST/STM32_USB_Device_Library/Class/CDC/Src/usbd_cdc.c ****   * @brief  USBD_CDC_SetTxBuffer
 751:Middlewares/ST/STM32_USB_Device_Library/Class/CDC/Src/usbd_cdc.c ****   * @param  pdev: device instance
 752:Middlewares/ST/STM32_USB_Device_Library/Class/CDC/Src/usbd_cdc.c ****   * @param  pbuff: Tx Buffer
 753:Middlewares/ST/STM32_USB_Device_Library/Class/CDC/Src/usbd_cdc.c ****   * @param  length: length of data to be sent
 754:Middlewares/ST/STM32_USB_Device_Library/Class/CDC/Src/usbd_cdc.c ****   * @param  ClassId: The Class ID
 755:Middlewares/ST/STM32_USB_Device_Library/Class/CDC/Src/usbd_cdc.c ****   * @retval status
 756:Middlewares/ST/STM32_USB_Device_Library/Class/CDC/Src/usbd_cdc.c ****   */
 757:Middlewares/ST/STM32_USB_Device_Library/Class/CDC/Src/usbd_cdc.c **** #ifdef USE_USBD_COMPOSITE
 758:Middlewares/ST/STM32_USB_Device_Library/Class/CDC/Src/usbd_cdc.c **** uint8_t USBD_CDC_SetTxBuffer(USBD_HandleTypeDef *pdev,
 759:Middlewares/ST/STM32_USB_Device_Library/Class/CDC/Src/usbd_cdc.c ****                              uint8_t *pbuff, uint32_t length, uint8_t ClassId)
 760:Middlewares/ST/STM32_USB_Device_Library/Class/CDC/Src/usbd_cdc.c **** {
 761:Middlewares/ST/STM32_USB_Device_Library/Class/CDC/Src/usbd_cdc.c ****   USBD_CDC_HandleTypeDef *hcdc = (USBD_CDC_HandleTypeDef *)pdev->pClassDataCmsit[ClassId];
 762:Middlewares/ST/STM32_USB_Device_Library/Class/CDC/Src/usbd_cdc.c **** #else
 763:Middlewares/ST/STM32_USB_Device_Library/Class/CDC/Src/usbd_cdc.c **** uint8_t USBD_CDC_SetTxBuffer(USBD_HandleTypeDef *pdev,
 764:Middlewares/ST/STM32_USB_Device_Library/Class/CDC/Src/usbd_cdc.c ****                              uint8_t *pbuff, uint32_t length)
 765:Middlewares/ST/STM32_USB_Device_Library/Class/CDC/Src/usbd_cdc.c **** {
 1623              		.loc 1 765 1
 1624              		.cfi_startproc
ARM GAS  /tmp/ccwi9Slf.s 			page 43


 1625              		@ args = 0, pretend = 0, frame = 24
 1626              		@ frame_needed = 1, uses_anonymous_args = 0
 1627              		@ link register save eliminated.
 1628 0000 80B4     		push	{r7}
 1629              	.LCFI57:
 1630              		.cfi_def_cfa_offset 4
 1631              		.cfi_offset 7, -4
 1632 0002 87B0     		sub	sp, sp, #28
 1633              	.LCFI58:
 1634              		.cfi_def_cfa_offset 32
 1635 0004 00AF     		add	r7, sp, #0
 1636              	.LCFI59:
 1637              		.cfi_def_cfa_register 7
 1638 0006 F860     		str	r0, [r7, #12]
 1639 0008 B960     		str	r1, [r7, #8]
 1640 000a 7A60     		str	r2, [r7, #4]
 766:Middlewares/ST/STM32_USB_Device_Library/Class/CDC/Src/usbd_cdc.c ****   USBD_CDC_HandleTypeDef *hcdc = (USBD_CDC_HandleTypeDef *)pdev->pClassDataCmsit[pdev->classId];
 1641              		.loc 1 766 86
 1642 000c FB68     		ldr	r3, [r7, #12]
 1643 000e D3F8D422 		ldr	r2, [r3, #724]
 1644              		.loc 1 766 27
 1645 0012 FB68     		ldr	r3, [r7, #12]
 1646 0014 B032     		adds	r2, r2, #176
 1647 0016 53F82230 		ldr	r3, [r3, r2, lsl #2]
 1648 001a 7B61     		str	r3, [r7, #20]
 767:Middlewares/ST/STM32_USB_Device_Library/Class/CDC/Src/usbd_cdc.c **** #endif /* USE_USBD_COMPOSITE */
 768:Middlewares/ST/STM32_USB_Device_Library/Class/CDC/Src/usbd_cdc.c **** 
 769:Middlewares/ST/STM32_USB_Device_Library/Class/CDC/Src/usbd_cdc.c ****   if (hcdc == NULL)
 1649              		.loc 1 769 6
 1650 001c 7B69     		ldr	r3, [r7, #20]
 1651 001e 002B     		cmp	r3, #0
 1652 0020 01D1     		bne	.L82
 770:Middlewares/ST/STM32_USB_Device_Library/Class/CDC/Src/usbd_cdc.c ****   {
 771:Middlewares/ST/STM32_USB_Device_Library/Class/CDC/Src/usbd_cdc.c ****     return (uint8_t)USBD_FAIL;
 1653              		.loc 1 771 12
 1654 0022 0323     		movs	r3, #3
 1655 0024 08E0     		b	.L83
 1656              	.L82:
 772:Middlewares/ST/STM32_USB_Device_Library/Class/CDC/Src/usbd_cdc.c ****   }
 773:Middlewares/ST/STM32_USB_Device_Library/Class/CDC/Src/usbd_cdc.c **** 
 774:Middlewares/ST/STM32_USB_Device_Library/Class/CDC/Src/usbd_cdc.c ****   hcdc->TxBuffer = pbuff;
 1657              		.loc 1 774 18
 1658 0026 7B69     		ldr	r3, [r7, #20]
 1659 0028 BA68     		ldr	r2, [r7, #8]
 1660 002a C3F80822 		str	r2, [r3, #520]
 775:Middlewares/ST/STM32_USB_Device_Library/Class/CDC/Src/usbd_cdc.c ****   hcdc->TxLength = length;
 1661              		.loc 1 775 18
 1662 002e 7B69     		ldr	r3, [r7, #20]
 1663 0030 7A68     		ldr	r2, [r7, #4]
 1664 0032 C3F81022 		str	r2, [r3, #528]
 776:Middlewares/ST/STM32_USB_Device_Library/Class/CDC/Src/usbd_cdc.c **** 
 777:Middlewares/ST/STM32_USB_Device_Library/Class/CDC/Src/usbd_cdc.c ****   return (uint8_t)USBD_OK;
 1665              		.loc 1 777 10
 1666 0036 0023     		movs	r3, #0
 1667              	.L83:
 778:Middlewares/ST/STM32_USB_Device_Library/Class/CDC/Src/usbd_cdc.c **** }
 1668              		.loc 1 778 1
ARM GAS  /tmp/ccwi9Slf.s 			page 44


 1669 0038 1846     		mov	r0, r3
 1670 003a 1C37     		adds	r7, r7, #28
 1671              	.LCFI60:
 1672              		.cfi_def_cfa_offset 4
 1673 003c BD46     		mov	sp, r7
 1674              	.LCFI61:
 1675              		.cfi_def_cfa_register 13
 1676              		@ sp needed
 1677 003e 80BC     		pop	{r7}
 1678              	.LCFI62:
 1679              		.cfi_restore 7
 1680              		.cfi_def_cfa_offset 0
 1681 0040 7047     		bx	lr
 1682              		.cfi_endproc
 1683              	.LFE235:
 1685              		.section	.text.USBD_CDC_SetRxBuffer,"ax",%progbits
 1686              		.align	1
 1687              		.global	USBD_CDC_SetRxBuffer
 1688              		.syntax unified
 1689              		.thumb
 1690              		.thumb_func
 1692              	USBD_CDC_SetRxBuffer:
 1693              	.LFB236:
 779:Middlewares/ST/STM32_USB_Device_Library/Class/CDC/Src/usbd_cdc.c **** 
 780:Middlewares/ST/STM32_USB_Device_Library/Class/CDC/Src/usbd_cdc.c **** /**
 781:Middlewares/ST/STM32_USB_Device_Library/Class/CDC/Src/usbd_cdc.c ****   * @brief  USBD_CDC_SetRxBuffer
 782:Middlewares/ST/STM32_USB_Device_Library/Class/CDC/Src/usbd_cdc.c ****   * @param  pdev: device instance
 783:Middlewares/ST/STM32_USB_Device_Library/Class/CDC/Src/usbd_cdc.c ****   * @param  pbuff: Rx Buffer
 784:Middlewares/ST/STM32_USB_Device_Library/Class/CDC/Src/usbd_cdc.c ****   * @retval status
 785:Middlewares/ST/STM32_USB_Device_Library/Class/CDC/Src/usbd_cdc.c ****   */
 786:Middlewares/ST/STM32_USB_Device_Library/Class/CDC/Src/usbd_cdc.c **** uint8_t USBD_CDC_SetRxBuffer(USBD_HandleTypeDef *pdev, uint8_t *pbuff)
 787:Middlewares/ST/STM32_USB_Device_Library/Class/CDC/Src/usbd_cdc.c **** {
 1694              		.loc 1 787 1
 1695              		.cfi_startproc
 1696              		@ args = 0, pretend = 0, frame = 16
 1697              		@ frame_needed = 1, uses_anonymous_args = 0
 1698              		@ link register save eliminated.
 1699 0000 80B4     		push	{r7}
 1700              	.LCFI63:
 1701              		.cfi_def_cfa_offset 4
 1702              		.cfi_offset 7, -4
 1703 0002 85B0     		sub	sp, sp, #20
 1704              	.LCFI64:
 1705              		.cfi_def_cfa_offset 24
 1706 0004 00AF     		add	r7, sp, #0
 1707              	.LCFI65:
 1708              		.cfi_def_cfa_register 7
 1709 0006 7860     		str	r0, [r7, #4]
 1710 0008 3960     		str	r1, [r7]
 788:Middlewares/ST/STM32_USB_Device_Library/Class/CDC/Src/usbd_cdc.c ****   USBD_CDC_HandleTypeDef *hcdc = (USBD_CDC_HandleTypeDef *)pdev->pClassDataCmsit[pdev->classId];
 1711              		.loc 1 788 86
 1712 000a 7B68     		ldr	r3, [r7, #4]
 1713 000c D3F8D422 		ldr	r2, [r3, #724]
 1714              		.loc 1 788 27
 1715 0010 7B68     		ldr	r3, [r7, #4]
 1716 0012 B032     		adds	r2, r2, #176
 1717 0014 53F82230 		ldr	r3, [r3, r2, lsl #2]
ARM GAS  /tmp/ccwi9Slf.s 			page 45


 1718 0018 FB60     		str	r3, [r7, #12]
 789:Middlewares/ST/STM32_USB_Device_Library/Class/CDC/Src/usbd_cdc.c **** 
 790:Middlewares/ST/STM32_USB_Device_Library/Class/CDC/Src/usbd_cdc.c ****   if (hcdc == NULL)
 1719              		.loc 1 790 6
 1720 001a FB68     		ldr	r3, [r7, #12]
 1721 001c 002B     		cmp	r3, #0
 1722 001e 01D1     		bne	.L85
 791:Middlewares/ST/STM32_USB_Device_Library/Class/CDC/Src/usbd_cdc.c ****   {
 792:Middlewares/ST/STM32_USB_Device_Library/Class/CDC/Src/usbd_cdc.c ****     return (uint8_t)USBD_FAIL;
 1723              		.loc 1 792 12
 1724 0020 0323     		movs	r3, #3
 1725 0022 04E0     		b	.L86
 1726              	.L85:
 793:Middlewares/ST/STM32_USB_Device_Library/Class/CDC/Src/usbd_cdc.c ****   }
 794:Middlewares/ST/STM32_USB_Device_Library/Class/CDC/Src/usbd_cdc.c **** 
 795:Middlewares/ST/STM32_USB_Device_Library/Class/CDC/Src/usbd_cdc.c ****   hcdc->RxBuffer = pbuff;
 1727              		.loc 1 795 18
 1728 0024 FB68     		ldr	r3, [r7, #12]
 1729 0026 3A68     		ldr	r2, [r7]
 1730 0028 C3F80422 		str	r2, [r3, #516]
 796:Middlewares/ST/STM32_USB_Device_Library/Class/CDC/Src/usbd_cdc.c **** 
 797:Middlewares/ST/STM32_USB_Device_Library/Class/CDC/Src/usbd_cdc.c ****   return (uint8_t)USBD_OK;
 1731              		.loc 1 797 10
 1732 002c 0023     		movs	r3, #0
 1733              	.L86:
 798:Middlewares/ST/STM32_USB_Device_Library/Class/CDC/Src/usbd_cdc.c **** }
 1734              		.loc 1 798 1
 1735 002e 1846     		mov	r0, r3
 1736 0030 1437     		adds	r7, r7, #20
 1737              	.LCFI66:
 1738              		.cfi_def_cfa_offset 4
 1739 0032 BD46     		mov	sp, r7
 1740              	.LCFI67:
 1741              		.cfi_def_cfa_register 13
 1742              		@ sp needed
 1743 0034 80BC     		pop	{r7}
 1744              	.LCFI68:
 1745              		.cfi_restore 7
 1746              		.cfi_def_cfa_offset 0
 1747 0036 7047     		bx	lr
 1748              		.cfi_endproc
 1749              	.LFE236:
 1751              		.section	.text.USBD_CDC_TransmitPacket,"ax",%progbits
 1752              		.align	1
 1753              		.global	USBD_CDC_TransmitPacket
 1754              		.syntax unified
 1755              		.thumb
 1756              		.thumb_func
 1758              	USBD_CDC_TransmitPacket:
 1759              	.LFB237:
 799:Middlewares/ST/STM32_USB_Device_Library/Class/CDC/Src/usbd_cdc.c **** 
 800:Middlewares/ST/STM32_USB_Device_Library/Class/CDC/Src/usbd_cdc.c **** 
 801:Middlewares/ST/STM32_USB_Device_Library/Class/CDC/Src/usbd_cdc.c **** /**
 802:Middlewares/ST/STM32_USB_Device_Library/Class/CDC/Src/usbd_cdc.c ****   * @brief  USBD_CDC_TransmitPacket
 803:Middlewares/ST/STM32_USB_Device_Library/Class/CDC/Src/usbd_cdc.c ****   *         Transmit packet on IN endpoint
 804:Middlewares/ST/STM32_USB_Device_Library/Class/CDC/Src/usbd_cdc.c ****   * @param  pdev: device instance
 805:Middlewares/ST/STM32_USB_Device_Library/Class/CDC/Src/usbd_cdc.c ****   * @param  ClassId: The Class ID
ARM GAS  /tmp/ccwi9Slf.s 			page 46


 806:Middlewares/ST/STM32_USB_Device_Library/Class/CDC/Src/usbd_cdc.c ****   * @retval status
 807:Middlewares/ST/STM32_USB_Device_Library/Class/CDC/Src/usbd_cdc.c ****   */
 808:Middlewares/ST/STM32_USB_Device_Library/Class/CDC/Src/usbd_cdc.c **** #ifdef USE_USBD_COMPOSITE
 809:Middlewares/ST/STM32_USB_Device_Library/Class/CDC/Src/usbd_cdc.c **** uint8_t USBD_CDC_TransmitPacket(USBD_HandleTypeDef *pdev, uint8_t ClassId)
 810:Middlewares/ST/STM32_USB_Device_Library/Class/CDC/Src/usbd_cdc.c **** {
 811:Middlewares/ST/STM32_USB_Device_Library/Class/CDC/Src/usbd_cdc.c ****   USBD_CDC_HandleTypeDef *hcdc = (USBD_CDC_HandleTypeDef *)pdev->pClassDataCmsit[ClassId];
 812:Middlewares/ST/STM32_USB_Device_Library/Class/CDC/Src/usbd_cdc.c **** #else
 813:Middlewares/ST/STM32_USB_Device_Library/Class/CDC/Src/usbd_cdc.c **** uint8_t USBD_CDC_TransmitPacket(USBD_HandleTypeDef *pdev)
 814:Middlewares/ST/STM32_USB_Device_Library/Class/CDC/Src/usbd_cdc.c **** {
 1760              		.loc 1 814 1
 1761              		.cfi_startproc
 1762              		@ args = 0, pretend = 0, frame = 16
 1763              		@ frame_needed = 1, uses_anonymous_args = 0
 1764 0000 80B5     		push	{r7, lr}
 1765              	.LCFI69:
 1766              		.cfi_def_cfa_offset 8
 1767              		.cfi_offset 7, -8
 1768              		.cfi_offset 14, -4
 1769 0002 84B0     		sub	sp, sp, #16
 1770              	.LCFI70:
 1771              		.cfi_def_cfa_offset 24
 1772 0004 00AF     		add	r7, sp, #0
 1773              	.LCFI71:
 1774              		.cfi_def_cfa_register 7
 1775 0006 7860     		str	r0, [r7, #4]
 815:Middlewares/ST/STM32_USB_Device_Library/Class/CDC/Src/usbd_cdc.c ****   USBD_CDC_HandleTypeDef *hcdc = (USBD_CDC_HandleTypeDef *)pdev->pClassDataCmsit[pdev->classId];
 1776              		.loc 1 815 86
 1777 0008 7B68     		ldr	r3, [r7, #4]
 1778 000a D3F8D422 		ldr	r2, [r3, #724]
 1779              		.loc 1 815 27
 1780 000e 7B68     		ldr	r3, [r7, #4]
 1781 0010 B032     		adds	r2, r2, #176
 1782 0012 53F82230 		ldr	r3, [r3, r2, lsl #2]
 1783 0016 BB60     		str	r3, [r7, #8]
 816:Middlewares/ST/STM32_USB_Device_Library/Class/CDC/Src/usbd_cdc.c **** #endif  /* USE_USBD_COMPOSITE */
 817:Middlewares/ST/STM32_USB_Device_Library/Class/CDC/Src/usbd_cdc.c **** 
 818:Middlewares/ST/STM32_USB_Device_Library/Class/CDC/Src/usbd_cdc.c ****   USBD_StatusTypeDef ret = USBD_BUSY;
 1784              		.loc 1 818 22
 1785 0018 0123     		movs	r3, #1
 1786 001a FB73     		strb	r3, [r7, #15]
 819:Middlewares/ST/STM32_USB_Device_Library/Class/CDC/Src/usbd_cdc.c **** 
 820:Middlewares/ST/STM32_USB_Device_Library/Class/CDC/Src/usbd_cdc.c **** #ifdef USE_USBD_COMPOSITE
 821:Middlewares/ST/STM32_USB_Device_Library/Class/CDC/Src/usbd_cdc.c ****   /* Get the Endpoints addresses allocated for this class instance */
 822:Middlewares/ST/STM32_USB_Device_Library/Class/CDC/Src/usbd_cdc.c ****   CDCInEpAdd  = USBD_CoreGetEPAdd(pdev, USBD_EP_IN, USBD_EP_TYPE_BULK, ClassId);
 823:Middlewares/ST/STM32_USB_Device_Library/Class/CDC/Src/usbd_cdc.c **** #endif  /* USE_USBD_COMPOSITE */
 824:Middlewares/ST/STM32_USB_Device_Library/Class/CDC/Src/usbd_cdc.c **** 
 825:Middlewares/ST/STM32_USB_Device_Library/Class/CDC/Src/usbd_cdc.c ****   if (hcdc == NULL)
 1787              		.loc 1 825 6
 1788 001c BB68     		ldr	r3, [r7, #8]
 1789 001e 002B     		cmp	r3, #0
 1790 0020 01D1     		bne	.L88
 826:Middlewares/ST/STM32_USB_Device_Library/Class/CDC/Src/usbd_cdc.c ****   {
 827:Middlewares/ST/STM32_USB_Device_Library/Class/CDC/Src/usbd_cdc.c ****     return (uint8_t)USBD_FAIL;
 1791              		.loc 1 827 12
 1792 0022 0323     		movs	r3, #3
 1793 0024 25E0     		b	.L89
 1794              	.L88:
ARM GAS  /tmp/ccwi9Slf.s 			page 47


 828:Middlewares/ST/STM32_USB_Device_Library/Class/CDC/Src/usbd_cdc.c ****   }
 829:Middlewares/ST/STM32_USB_Device_Library/Class/CDC/Src/usbd_cdc.c **** 
 830:Middlewares/ST/STM32_USB_Device_Library/Class/CDC/Src/usbd_cdc.c ****   if (hcdc->TxState == 0U)
 1795              		.loc 1 830 11
 1796 0026 BB68     		ldr	r3, [r7, #8]
 1797 0028 D3F81432 		ldr	r3, [r3, #532]
 1798              		.loc 1 830 6
 1799 002c 002B     		cmp	r3, #0
 1800 002e 1FD1     		bne	.L90
 831:Middlewares/ST/STM32_USB_Device_Library/Class/CDC/Src/usbd_cdc.c ****   {
 832:Middlewares/ST/STM32_USB_Device_Library/Class/CDC/Src/usbd_cdc.c ****     /* Tx Transfer in progress */
 833:Middlewares/ST/STM32_USB_Device_Library/Class/CDC/Src/usbd_cdc.c ****     hcdc->TxState = 1U;
 1801              		.loc 1 833 19
 1802 0030 BB68     		ldr	r3, [r7, #8]
 1803 0032 0122     		movs	r2, #1
 1804 0034 C3F81422 		str	r2, [r3, #532]
 834:Middlewares/ST/STM32_USB_Device_Library/Class/CDC/Src/usbd_cdc.c **** 
 835:Middlewares/ST/STM32_USB_Device_Library/Class/CDC/Src/usbd_cdc.c ****     /* Update the packet total length */
 836:Middlewares/ST/STM32_USB_Device_Library/Class/CDC/Src/usbd_cdc.c ****     pdev->ep_in[CDCInEpAdd & 0xFU].total_length = hcdc->TxLength;
 1805              		.loc 1 836 28
 1806 0038 104B     		ldr	r3, .L91
 1807 003a 1B78     		ldrb	r3, [r3]	@ zero_extendqisi2
 1808 003c 03F00F02 		and	r2, r3, #15
 1809              		.loc 1 836 55
 1810 0040 BB68     		ldr	r3, [r7, #8]
 1811 0042 D3F81012 		ldr	r1, [r3, #528]
 1812              		.loc 1 836 49
 1813 0046 7868     		ldr	r0, [r7, #4]
 1814 0048 1346     		mov	r3, r2
 1815 004a 9B00     		lsls	r3, r3, #2
 1816 004c 1344     		add	r3, r3, r2
 1817 004e 9B00     		lsls	r3, r3, #2
 1818 0050 0344     		add	r3, r3, r0
 1819 0052 1833     		adds	r3, r3, #24
 1820 0054 1960     		str	r1, [r3]
 837:Middlewares/ST/STM32_USB_Device_Library/Class/CDC/Src/usbd_cdc.c **** 
 838:Middlewares/ST/STM32_USB_Device_Library/Class/CDC/Src/usbd_cdc.c ****     /* Transmit next packet */
 839:Middlewares/ST/STM32_USB_Device_Library/Class/CDC/Src/usbd_cdc.c ****     (void)USBD_LL_Transmit(pdev, CDCInEpAdd, hcdc->TxBuffer, hcdc->TxLength);
 1821              		.loc 1 839 5
 1822 0056 094B     		ldr	r3, .L91
 1823 0058 1978     		ldrb	r1, [r3]	@ zero_extendqisi2
 1824              		.loc 1 839 11
 1825 005a BB68     		ldr	r3, [r7, #8]
 1826 005c D3F80822 		ldr	r2, [r3, #520]
 1827 0060 BB68     		ldr	r3, [r7, #8]
 1828 0062 D3F81032 		ldr	r3, [r3, #528]
 1829 0066 7868     		ldr	r0, [r7, #4]
 1830 0068 FFF7FEFF 		bl	USBD_LL_Transmit
 840:Middlewares/ST/STM32_USB_Device_Library/Class/CDC/Src/usbd_cdc.c **** 
 841:Middlewares/ST/STM32_USB_Device_Library/Class/CDC/Src/usbd_cdc.c ****     ret = USBD_OK;
 1831              		.loc 1 841 9
 1832 006c 0023     		movs	r3, #0
 1833 006e FB73     		strb	r3, [r7, #15]
 1834              	.L90:
 842:Middlewares/ST/STM32_USB_Device_Library/Class/CDC/Src/usbd_cdc.c ****   }
 843:Middlewares/ST/STM32_USB_Device_Library/Class/CDC/Src/usbd_cdc.c **** 
 844:Middlewares/ST/STM32_USB_Device_Library/Class/CDC/Src/usbd_cdc.c ****   return (uint8_t)ret;
ARM GAS  /tmp/ccwi9Slf.s 			page 48


 1835              		.loc 1 844 10
 1836 0070 FB7B     		ldrb	r3, [r7, #15]	@ zero_extendqisi2
 1837              	.L89:
 845:Middlewares/ST/STM32_USB_Device_Library/Class/CDC/Src/usbd_cdc.c **** }
 1838              		.loc 1 845 1
 1839 0072 1846     		mov	r0, r3
 1840 0074 1037     		adds	r7, r7, #16
 1841              	.LCFI72:
 1842              		.cfi_def_cfa_offset 8
 1843 0076 BD46     		mov	sp, r7
 1844              	.LCFI73:
 1845              		.cfi_def_cfa_register 13
 1846              		@ sp needed
 1847 0078 80BD     		pop	{r7, pc}
 1848              	.L92:
 1849 007a 00BF     		.align	2
 1850              	.L91:
 1851 007c 00000000 		.word	CDCInEpAdd
 1852              		.cfi_endproc
 1853              	.LFE237:
 1855              		.section	.text.USBD_CDC_ReceivePacket,"ax",%progbits
 1856              		.align	1
 1857              		.global	USBD_CDC_ReceivePacket
 1858              		.syntax unified
 1859              		.thumb
 1860              		.thumb_func
 1862              	USBD_CDC_ReceivePacket:
 1863              	.LFB238:
 846:Middlewares/ST/STM32_USB_Device_Library/Class/CDC/Src/usbd_cdc.c **** 
 847:Middlewares/ST/STM32_USB_Device_Library/Class/CDC/Src/usbd_cdc.c **** /**
 848:Middlewares/ST/STM32_USB_Device_Library/Class/CDC/Src/usbd_cdc.c ****   * @brief  USBD_CDC_ReceivePacket
 849:Middlewares/ST/STM32_USB_Device_Library/Class/CDC/Src/usbd_cdc.c ****   *         prepare OUT Endpoint for reception
 850:Middlewares/ST/STM32_USB_Device_Library/Class/CDC/Src/usbd_cdc.c ****   * @param  pdev: device instance
 851:Middlewares/ST/STM32_USB_Device_Library/Class/CDC/Src/usbd_cdc.c ****   * @retval status
 852:Middlewares/ST/STM32_USB_Device_Library/Class/CDC/Src/usbd_cdc.c ****   */
 853:Middlewares/ST/STM32_USB_Device_Library/Class/CDC/Src/usbd_cdc.c **** uint8_t USBD_CDC_ReceivePacket(USBD_HandleTypeDef *pdev)
 854:Middlewares/ST/STM32_USB_Device_Library/Class/CDC/Src/usbd_cdc.c **** {
 1864              		.loc 1 854 1
 1865              		.cfi_startproc
 1866              		@ args = 0, pretend = 0, frame = 16
 1867              		@ frame_needed = 1, uses_anonymous_args = 0
 1868 0000 80B5     		push	{r7, lr}
 1869              	.LCFI74:
 1870              		.cfi_def_cfa_offset 8
 1871              		.cfi_offset 7, -8
 1872              		.cfi_offset 14, -4
 1873 0002 84B0     		sub	sp, sp, #16
 1874              	.LCFI75:
 1875              		.cfi_def_cfa_offset 24
 1876 0004 00AF     		add	r7, sp, #0
 1877              	.LCFI76:
 1878              		.cfi_def_cfa_register 7
 1879 0006 7860     		str	r0, [r7, #4]
 855:Middlewares/ST/STM32_USB_Device_Library/Class/CDC/Src/usbd_cdc.c ****   USBD_CDC_HandleTypeDef *hcdc = (USBD_CDC_HandleTypeDef *)pdev->pClassDataCmsit[pdev->classId];
 1880              		.loc 1 855 86
 1881 0008 7B68     		ldr	r3, [r7, #4]
 1882 000a D3F8D422 		ldr	r2, [r3, #724]
ARM GAS  /tmp/ccwi9Slf.s 			page 49


 1883              		.loc 1 855 27
 1884 000e 7B68     		ldr	r3, [r7, #4]
 1885 0010 B032     		adds	r2, r2, #176
 1886 0012 53F82230 		ldr	r3, [r3, r2, lsl #2]
 1887 0016 FB60     		str	r3, [r7, #12]
 856:Middlewares/ST/STM32_USB_Device_Library/Class/CDC/Src/usbd_cdc.c **** 
 857:Middlewares/ST/STM32_USB_Device_Library/Class/CDC/Src/usbd_cdc.c **** #ifdef USE_USBD_COMPOSITE
 858:Middlewares/ST/STM32_USB_Device_Library/Class/CDC/Src/usbd_cdc.c ****   /* Get the Endpoints addresses allocated for this class instance */
 859:Middlewares/ST/STM32_USB_Device_Library/Class/CDC/Src/usbd_cdc.c ****   CDCOutEpAdd = USBD_CoreGetEPAdd(pdev, USBD_EP_OUT, USBD_EP_TYPE_BULK, (uint8_t)pdev->classId);
 860:Middlewares/ST/STM32_USB_Device_Library/Class/CDC/Src/usbd_cdc.c **** #endif /* USE_USBD_COMPOSITE */
 861:Middlewares/ST/STM32_USB_Device_Library/Class/CDC/Src/usbd_cdc.c **** 
 862:Middlewares/ST/STM32_USB_Device_Library/Class/CDC/Src/usbd_cdc.c ****   if (pdev->pClassDataCmsit[pdev->classId] == NULL)
 1888              		.loc 1 862 33
 1889 0018 7B68     		ldr	r3, [r7, #4]
 1890 001a D3F8D422 		ldr	r2, [r3, #724]
 1891              		.loc 1 862 28
 1892 001e 7B68     		ldr	r3, [r7, #4]
 1893 0020 B032     		adds	r2, r2, #176
 1894 0022 53F82230 		ldr	r3, [r3, r2, lsl #2]
 1895              		.loc 1 862 6
 1896 0026 002B     		cmp	r3, #0
 1897 0028 01D1     		bne	.L94
 863:Middlewares/ST/STM32_USB_Device_Library/Class/CDC/Src/usbd_cdc.c ****   {
 864:Middlewares/ST/STM32_USB_Device_Library/Class/CDC/Src/usbd_cdc.c ****     return (uint8_t)USBD_FAIL;
 1898              		.loc 1 864 12
 1899 002a 0323     		movs	r3, #3
 1900 002c 18E0     		b	.L95
 1901              	.L94:
 865:Middlewares/ST/STM32_USB_Device_Library/Class/CDC/Src/usbd_cdc.c ****   }
 866:Middlewares/ST/STM32_USB_Device_Library/Class/CDC/Src/usbd_cdc.c **** 
 867:Middlewares/ST/STM32_USB_Device_Library/Class/CDC/Src/usbd_cdc.c ****   if (pdev->dev_speed == USBD_SPEED_HIGH)
 1902              		.loc 1 867 11
 1903 002e 7B68     		ldr	r3, [r7, #4]
 1904 0030 1B7C     		ldrb	r3, [r3, #16]	@ zero_extendqisi2
 1905              		.loc 1 867 6
 1906 0032 002B     		cmp	r3, #0
 1907 0034 0AD1     		bne	.L96
 868:Middlewares/ST/STM32_USB_Device_Library/Class/CDC/Src/usbd_cdc.c ****   {
 869:Middlewares/ST/STM32_USB_Device_Library/Class/CDC/Src/usbd_cdc.c ****     /* Prepare Out endpoint to receive next packet */
 870:Middlewares/ST/STM32_USB_Device_Library/Class/CDC/Src/usbd_cdc.c ****     (void)USBD_LL_PrepareReceive(pdev, CDCOutEpAdd, hcdc->RxBuffer,
 1908              		.loc 1 870 5
 1909 0036 0C4B     		ldr	r3, .L98
 1910 0038 1978     		ldrb	r1, [r3]	@ zero_extendqisi2
 1911              		.loc 1 870 11
 1912 003a FB68     		ldr	r3, [r7, #12]
 1913 003c D3F80422 		ldr	r2, [r3, #516]
 1914 0040 4FF40073 		mov	r3, #512
 1915 0044 7868     		ldr	r0, [r7, #4]
 1916 0046 FFF7FEFF 		bl	USBD_LL_PrepareReceive
 1917 004a 08E0     		b	.L97
 1918              	.L96:
 871:Middlewares/ST/STM32_USB_Device_Library/Class/CDC/Src/usbd_cdc.c ****                                  CDC_DATA_HS_OUT_PACKET_SIZE);
 872:Middlewares/ST/STM32_USB_Device_Library/Class/CDC/Src/usbd_cdc.c ****   }
 873:Middlewares/ST/STM32_USB_Device_Library/Class/CDC/Src/usbd_cdc.c ****   else
 874:Middlewares/ST/STM32_USB_Device_Library/Class/CDC/Src/usbd_cdc.c ****   {
 875:Middlewares/ST/STM32_USB_Device_Library/Class/CDC/Src/usbd_cdc.c ****     /* Prepare Out endpoint to receive next packet */
 876:Middlewares/ST/STM32_USB_Device_Library/Class/CDC/Src/usbd_cdc.c ****     (void)USBD_LL_PrepareReceive(pdev, CDCOutEpAdd, hcdc->RxBuffer,
ARM GAS  /tmp/ccwi9Slf.s 			page 50


 1919              		.loc 1 876 5
 1920 004c 064B     		ldr	r3, .L98
 1921 004e 1978     		ldrb	r1, [r3]	@ zero_extendqisi2
 1922              		.loc 1 876 11
 1923 0050 FB68     		ldr	r3, [r7, #12]
 1924 0052 D3F80422 		ldr	r2, [r3, #516]
 1925 0056 4023     		movs	r3, #64
 1926 0058 7868     		ldr	r0, [r7, #4]
 1927 005a FFF7FEFF 		bl	USBD_LL_PrepareReceive
 1928              	.L97:
 877:Middlewares/ST/STM32_USB_Device_Library/Class/CDC/Src/usbd_cdc.c ****                                  CDC_DATA_FS_OUT_PACKET_SIZE);
 878:Middlewares/ST/STM32_USB_Device_Library/Class/CDC/Src/usbd_cdc.c ****   }
 879:Middlewares/ST/STM32_USB_Device_Library/Class/CDC/Src/usbd_cdc.c **** 
 880:Middlewares/ST/STM32_USB_Device_Library/Class/CDC/Src/usbd_cdc.c ****   return (uint8_t)USBD_OK;
 1929              		.loc 1 880 10
 1930 005e 0023     		movs	r3, #0
 1931              	.L95:
 881:Middlewares/ST/STM32_USB_Device_Library/Class/CDC/Src/usbd_cdc.c **** }
 1932              		.loc 1 881 1
 1933 0060 1846     		mov	r0, r3
 1934 0062 1037     		adds	r7, r7, #16
 1935              	.LCFI77:
 1936              		.cfi_def_cfa_offset 8
 1937 0064 BD46     		mov	sp, r7
 1938              	.LCFI78:
 1939              		.cfi_def_cfa_register 13
 1940              		@ sp needed
 1941 0066 80BD     		pop	{r7, pc}
 1942              	.L99:
 1943              		.align	2
 1944              	.L98:
 1945 0068 00000000 		.word	CDCOutEpAdd
 1946              		.cfi_endproc
 1947              	.LFE238:
 1949              		.text
 1950              	.Letext0:
 1951              		.file 2 "/home/fabio/arm-gnu-toolchain-15.2.rel1-x86_64-arm-none-eabi/arm-none-eabi/include/machin
 1952              		.file 3 "/home/fabio/arm-gnu-toolchain-15.2.rel1-x86_64-arm-none-eabi/arm-none-eabi/include/sys/_s
 1953              		.file 4 "Drivers/CMSIS/Device/ST/STM32F4xx/Include/stm32f411xe.h"
 1954              		.file 5 "Drivers/STM32F4xx_HAL_Driver/Inc/stm32f4xx_hal_def.h"
 1955              		.file 6 "Drivers/STM32F4xx_HAL_Driver/Inc/stm32f4xx_ll_usb.h"
 1956              		.file 7 "Drivers/STM32F4xx_HAL_Driver/Inc/stm32f4xx_hal_pcd.h"
 1957              		.file 8 "Middlewares/ST/STM32_USB_Device_Library/Core/Inc/usbd_def.h"
 1958              		.file 9 "Middlewares/ST/STM32_USB_Device_Library/Class/CDC/Inc/usbd_cdc.h"
 1959              		.file 10 "Middlewares/ST/STM32_USB_Device_Library/Core/Inc/usbd_core.h"
 1960              		.file 11 "Middlewares/ST/STM32_USB_Device_Library/Core/Inc/usbd_ioreq.h"
 1961              		.file 12 "Middlewares/ST/STM32_USB_Device_Library/Core/Inc/usbd_ctlreq.h"
 1962              		.file 13 "USB_DEVICE/Target/usbd_conf.h"
 1963              		.file 14 "/home/fabio/arm-gnu-toolchain-15.2.rel1-x86_64-arm-none-eabi/arm-none-eabi/include/strin
ARM GAS  /tmp/ccwi9Slf.s 			page 51


DEFINED SYMBOLS
                            *ABS*:00000000 usbd_cdc.c
     /tmp/ccwi9Slf.s:21     .data.USBD_CDC_DeviceQualifierDesc:00000000 $d
     /tmp/ccwi9Slf.s:24     .data.USBD_CDC_DeviceQualifierDesc:00000000 USBD_CDC_DeviceQualifierDesc
     /tmp/ccwi9Slf.s:31     .data.USBD_CDC:00000000 USBD_CDC
     /tmp/ccwi9Slf.s:28     .data.USBD_CDC:00000000 $d
     /tmp/ccwi9Slf.s:77     .text.USBD_CDC_Init:00000000 USBD_CDC_Init
     /tmp/ccwi9Slf.s:378    .text.USBD_CDC_DeInit:00000000 USBD_CDC_DeInit
     /tmp/ccwi9Slf.s:548    .text.USBD_CDC_Setup:00000000 USBD_CDC_Setup
     /tmp/ccwi9Slf.s:1118   .text.USBD_CDC_EP0_RxReady:00000000 USBD_CDC_EP0_RxReady
     /tmp/ccwi9Slf.s:852    .text.USBD_CDC_DataIn:00000000 USBD_CDC_DataIn
     /tmp/ccwi9Slf.s:1026   .text.USBD_CDC_DataOut:00000000 USBD_CDC_DataOut
     /tmp/ccwi9Slf.s:1314   .text.USBD_CDC_GetHSCfgDesc:00000000 USBD_CDC_GetHSCfgDesc
     /tmp/ccwi9Slf.s:1219   .text.USBD_CDC_GetFSCfgDesc:00000000 USBD_CDC_GetFSCfgDesc
     /tmp/ccwi9Slf.s:1409   .text.USBD_CDC_GetOtherSpeedCfgDesc:00000000 USBD_CDC_GetOtherSpeedCfgDesc
     /tmp/ccwi9Slf.s:1505   .text.USBD_CDC_GetDeviceQualifierDescriptor:00000000 USBD_CDC_GetDeviceQualifierDescriptor
     /tmp/ccwi9Slf.s:47     .data.USBD_CDC_CfgDesc:00000000 $d
     /tmp/ccwi9Slf.s:50     .data.USBD_CDC_CfgDesc:00000000 USBD_CDC_CfgDesc
     /tmp/ccwi9Slf.s:59     .data.CDCInEpAdd:00000000 CDCInEpAdd
     /tmp/ccwi9Slf.s:64     .data.CDCOutEpAdd:00000000 CDCOutEpAdd
     /tmp/ccwi9Slf.s:69     .data.CDCCmdEpAdd:00000000 CDCCmdEpAdd
     /tmp/ccwi9Slf.s:72     .text.USBD_CDC_Init:00000000 $t
     /tmp/ccwi9Slf.s:366    .text.USBD_CDC_Init:000001e4 $d
     /tmp/ccwi9Slf.s:373    .text.USBD_CDC_DeInit:00000000 $t
     /tmp/ccwi9Slf.s:536    .text.USBD_CDC_DeInit:000000f8 $d
     /tmp/ccwi9Slf.s:543    .text.USBD_CDC_Setup:00000000 $t
     /tmp/ccwi9Slf.s:847    .text.USBD_CDC_DataIn:00000000 $t
     /tmp/ccwi9Slf.s:1021   .text.USBD_CDC_DataOut:00000000 $t
     /tmp/ccwi9Slf.s:1113   .text.USBD_CDC_EP0_RxReady:00000000 $t
     /tmp/ccwi9Slf.s:1214   .text.USBD_CDC_GetFSCfgDesc:00000000 $t
     /tmp/ccwi9Slf.s:1304   .text.USBD_CDC_GetFSCfgDesc:0000006c $d
     /tmp/ccwi9Slf.s:1309   .text.USBD_CDC_GetHSCfgDesc:00000000 $t
     /tmp/ccwi9Slf.s:1399   .text.USBD_CDC_GetHSCfgDesc:0000006c $d
     /tmp/ccwi9Slf.s:1404   .text.USBD_CDC_GetOtherSpeedCfgDesc:00000000 $t
     /tmp/ccwi9Slf.s:1494   .text.USBD_CDC_GetOtherSpeedCfgDesc:0000006c $d
     /tmp/ccwi9Slf.s:1499   .text.USBD_CDC_GetDeviceQualifierDescriptor:00000000 $t
     /tmp/ccwi9Slf.s:1546   .text.USBD_CDC_GetDeviceQualifierDescriptor:0000001c $d
     /tmp/ccwi9Slf.s:1551   .text.USBD_CDC_RegisterInterface:00000000 $t
     /tmp/ccwi9Slf.s:1557   .text.USBD_CDC_RegisterInterface:00000000 USBD_CDC_RegisterInterface
     /tmp/ccwi9Slf.s:1615   .text.USBD_CDC_SetTxBuffer:00000000 $t
     /tmp/ccwi9Slf.s:1621   .text.USBD_CDC_SetTxBuffer:00000000 USBD_CDC_SetTxBuffer
     /tmp/ccwi9Slf.s:1686   .text.USBD_CDC_SetRxBuffer:00000000 $t
     /tmp/ccwi9Slf.s:1692   .text.USBD_CDC_SetRxBuffer:00000000 USBD_CDC_SetRxBuffer
     /tmp/ccwi9Slf.s:1752   .text.USBD_CDC_TransmitPacket:00000000 $t
     /tmp/ccwi9Slf.s:1758   .text.USBD_CDC_TransmitPacket:00000000 USBD_CDC_TransmitPacket
     /tmp/ccwi9Slf.s:1851   .text.USBD_CDC_TransmitPacket:0000007c $d
     /tmp/ccwi9Slf.s:1856   .text.USBD_CDC_ReceivePacket:00000000 $t
     /tmp/ccwi9Slf.s:1862   .text.USBD_CDC_ReceivePacket:00000000 USBD_CDC_ReceivePacket
     /tmp/ccwi9Slf.s:1945   .text.USBD_CDC_ReceivePacket:00000068 $d

UNDEFINED SYMBOLS
USBD_static_malloc
memset
USBD_LL_OpenEP
USBD_LL_PrepareReceive
USBD_LL_CloseEP
USBD_static_free
ARM GAS  /tmp/ccwi9Slf.s 			page 52


USBD_CtlSendData
USBD_CtlPrepareRx
USBD_CtlError
USBD_LL_Transmit
USBD_LL_GetRxDataSize
USBD_GetEpDesc
