:020000040800F2
:1000000000000220012A0108971500089F1500082A
:10001000A7150008AF150008B7150008000000007C
:10002000000000000000000000000000F1FC0008DB
:10003000BF1500080000000041FF0008E9E60008C5
:10004000512A0108512A0108512A0108512A0108A0
:10005000512A0108512A0108512A0108512A010890
:10006000512A0108512A0108512A0108512A010880
:10007000512A0108512A0108512A0108512A010870
:10008000512A0108512A0108512A010800000000E4
:10009000000000000000000000000000512A0108DC
:1000A000512A0108512A0108CD150008512A0108DA
:1000B000E1150008F5150008512A0108512A010828
:1000C000512A0108512A0108512A0108512A010820
:1000D000512A010809160008512A010800000000F1
:1000E000512A0108512A0108512A01080000000084
:1000F000000000000000000000000000512A01087C
:1001000000000000512A0108512A0108512A010863
:1001100000000000000000000000000000000000DF
:10012000512A0108512A01081D160008512A010808
:10013000512A01080000000000000000000000003B
:100140000000000000000000000000003116000860
:10015000512A0108512A010845160008512A0108B0
:10016000512A0108512A0108000000000000000087
:10017000000000000000000000000000000000007F
:1001800000000000512A01080000000000000000EB
:08019000512A0108512A01085F
:1001A000034613F8012B002AFBD1181A01387047B7
:1001B00001F0FF01102A2BDB10F0070F08D010F818
:1001C000013B013A8B422DD010F0070F42B3F6D11C
:1001D000F0B441EA012141EA014122F007047FF035
:1001E00000070023F0E80256083C85EA010586EA8C
:1001F000010685FA47F5A3FA87F586FA47F6A5FAC8
:1002000087F68EB9EED1F0BC01F0FF0102F00702D3
:1002100032B110F8013B013A83EA010313B1F8D17E
:100220000020704701387047002D06BF354603385F
:10023000073815F0010F07D1013015F4807F02BF98
:10024000013015F4C03F0130F0BC0138704700BFE9
:1002500053B94AB9002908BF00281CBF4FF0FF312D
:100260004FF0FF3000F00CB8ADF1080C6DE904CE92
:1002700013F0ECFEDDF804E0DDE9022304B0704782
:10028000704700BF0348044B834202D0034B03B1C5
:10029000184770476007002060070020000000003A
:1002A0000548064B1B1AD90F01EBA301491002D0D8
:1002B000034B03B118477047600700206007002018
:1002C0000000000010B5064C237843B9FFF7DAFFB1
:1002D000044B13B10448AFF300800123237010BD19
:1002E00060070020000000006C43010808B5054BC2
:1002F0001BB105490548AFF30080BDE80840FFF792
:10030000CFBF00BF00000000640700206C4301085D
:1003100080B500AF024803F0DBFA00BF80BD00BF2C
:100320002C78002080B400AF034B1B685B6A184632
:10033000BD4680BC704700BF2C78002080B582B0DD
:1003400000AF254B1B6808F0F5FF00F04DF8234B7C
:10035000DB68224A43F08073D360214B00225A604D
:100360001F4B1B681E4A43F00103136011F00CFF82
:1003700012F01AF812F064FA12F03EF812F0BAF81D
:1003800011F07CFF12F052F912F002F90EF0C6F9EA
:1003900001F0A0F90EF0E4F900237B6014E00022E4
:1003A0004FF400510F4808F0A5FA192009F000F8A1
:1003B00001224FF400510B4808F09CFA322008F05B
:1003C000F7FF7B6801337B607B68072BE7D94FF42D
:1003D000487008F0EDFFDFE7E4450108F0ED00E0CC
:1003E000001000E00008024080B594B000AF07F1B3
:1003F000200330220021184612F010FD07F10C03F3
:1004000000221A605A609A60DA601A610023BB60A9
:10041000274B1B6C264A43F080531364244B1B6C00
:1004200003F08053BB60BB6800237B60214B1B68DB
:10043000204A43F4404313601E4B1B6803F44043BF
:100440007B607B6801233B624FF480337B62022335
:10045000BB634FF48003FB6319233B64C0237B64BD
:100460000223BB640423FB6407F12003184607F052
:100470003BFC0346002B01D000F052F80F23FB6039
:1004800002233B6100237B614FF48053BB61002357
:10049000FB6107F10C030321184607F09DFE03469C
:1004A000002B01D000F03CF800BF5037BD4680BDA6
:1004B000003802400070004080B586B000AF786020
:1004C00007F1080300221A605A609A60DA607B68BC
:1004D000BB600123FB6000233B6107F10803194661
:1004E000054809F017F90346002B01D000F018F871
:1004F00000BF1837BD4680BD7C76002080B582B035
:1005000000AF78607B681B68044A934201D108F011
:1005100033FF00BF0837BD4680BD00BF0048014023
:1005200080B400AF72B600BF00BFFDE780B584B0F5
:1005300000AF786039603B689B8A1A467B68DA6056
:100540003B689B8A1A047B681A613B689B8A1A463F
:100550007B685A613B681A697B689A603B681A68D5
:100560007B681A603B689A687B685A603B681A7BB4
:100570007B6883F84C207B6818683B685B681A4688
:100580000E2104F0C6F87B68FB600123FB72FB7A46
:10059000002B02D0FB68DB6801E0FB681B69FA688E
:1005A0009268936100BF00BF1037BD4680BD80B523
:1005B000AAB000AF78607B6893F84A30012B04D072
:1005C000022B00F0848200F006BE7B68C7F8A430DE
:1005D000D7F8A43093F84230072B00F0FB81072BAB
:1005E00000F37082062B00F0CC81062B00F36A82A8
:1005F000052B00F09D81052B00F36482042B00F095
:10060000FD80042B00F35E82032B00F09E80032B01
:1006100000F35882022B63D0022B00F35382002B8D
:1006200002D0012B2FD04DE2D7F8A4301B681B68F5
:1006300040F2F312DA62D7F8A4301B6840F2F312EA
:10064000DA60D7F8A430C7F8A030002387F89F30CD
:1006500097F89F30002B03D0D7F8A030DB6802E07A
:10066000D7F8A0301B69D7F8A0209268936100BF2B
:10067000D7F8A43093F842300133DAB2D7F8A43077
:1006800083F8422021E2D7F8A4301B681B6863225C
:10069000DA62D7F8A4301B686322DA60D7F8A43096
:1006A000C7F89830012387F8973097F89730002BD8
:1006B00003D0D7F89830DB6802E0D7F898301B6990
:1006C000D7F898209268936100BFD7F8A43093F8C8
:1006D00042300133DAB2D7F8A43083F84220F4E193
:1006E000D7F8A430C7F89030D7F890309B681A69D3
:1006F000D7F890305B691340002B14BF012300230F
:10070000DBB2002B09D0D7F8A430032283F84B20AA
:10071000D7F8A40000F013FFD7E1D7F8A4301B6886
:100720001B6840F2F312DA62D7F8A4301B6840F27B
:10073000F312DA60D7F8A43093F842300133DAB21A
:10074000D7F8A43083F84220BFE1D7F8A430B3F83B
:1007500044301A46D7F8A43013441B7E1A46D7F803
:10076000A43093F8433042FA03F303F00103002B63
:1007700001D0092200E04522D7F8A4301B681B688D
:10078000DA62D7F8A430B3F844301A46D7F8A43068
:1007900013441B7E1A46D7F8A43093F8433042FA2C
:1007A00003F303F00103002B01D0092200E04522EE
:1007B000D7F8A4301B68DA60D7F8A430C7F88C30BB
:1007C000002387F88B3097F88B30002B03D0D7F8B5
:1007D0008C30DB6802E0D7F88C301B69D7F88C20AE
:1007E0009268936100BFD7F8A43093F84230013388
:1007F000DAB2D7F8A43083F8422066E1D7F8A43003
:10080000B3F844301A46D7F8A43013441B7E1A4676
:10081000D7F8A43093F8433042FA03F303F001030E
:10082000002B01D0452200E00922D7F8A4301B6834
:100830001B68DA62D7F8A430B3F844301A46D7F808
:10084000A43013441B7E1A46D7F8A43093F84330E3
:1008500042FA03F303F00103002B01D0452200E02C
:100860000922D7F8A4301B68DA60D7F8A430C7F89B
:100870008430012387F8833097F88330002B03D02E
:10088000D7F88430DB6802E0D7F884301B69D7F8EA
:1008900084209268936100BFD7F8A43093F8433066
:1008A0000133DAB2D7F8A43083F84320D7F8A43064
:1008B00093F84330082B35D1D7F8A430002283F8C1
:1008C0004320D7F8A430B3F8443001339AB2D7F8B4
:1008D000A430A3F84420D7F8A430B3F84420D7F8C4
:1008E000A430B3F846309A4216D1D7F8A430B3F802
:1008F0004830002B0AD0D7F8A430052283F84220D4
:10090000D7F8A4300022A3F84420DEE0D7F8A430C2
:10091000032283F84A20D8E0D7F8A430032283F8D2
:100920004220D2E0D7F8A430032283F84220CCE062
:10093000D7F8A4301B681B680922DA62D7F8A43004
:100940001B680922DA60D7F8A430FB67002387F818
:100950007B3097F87B30002B02D0FB6FDB6801E027
:10096000FB6F1B69FA6F9268936100BFD7F8A430E0
:1009700093F842300133DAB2D7F8A43083F842203A
:10098000A3E0D7F8A4301B681B680922DA62D7F805
:10099000A4301B680922DA60D7F8A4307B670123F2
:1009A00087F8733097F87330002B02D07B6FDB68C9
:1009B00001E07B6F1B697A6F9268936100BFD7F883
:1009C000A43093F842300133DAB2D7F8A43083F878
:1009D00042207AE0D7F8A4301B681B683B22DA6219
:1009E000D7F8A4301B683B22DA60D7F8A430FB6646
:1009F000FB6E9B681A69FB6E5B691340002B14BF8A
:100A000001230023DBB2002B28D0D7F8A430B3F8A1
:100A100046301A46D7F8A430B3F844301344D7F818
:100A2000A42013441B7E5AB2D7F8A43093F8433065
:100A3000194601238B405BB213435AB2D7F8A43056
:100A4000B3F846301946D7F8A430B3F844300B4415
:100A5000D1B2D7F8A42013440A461A76D7F8A430A6
:100A6000052283F84220D7F8A43093F843300133AD
:100A7000DAB2D7F8A43083F84320D7F8A43093F83B
:100A80004330082B20D1D7F8A430002283F843202C
:100A9000D7F8A430B3F8443001339AB2D7F8A43071
:100AA000A3F84420D7F8A430B3F84420D7F8A430F2
:100AB000B3F848309A4207D1D7F8A430032283F81C
:100AC0004A2001E000BF00E000BF00BF87E37B6871
:100AD000BB66BB6E93F842300C2B00F0BE820C2B31
:100AE00000F374830B2B00F06B820B2B00F36E83EF
:100AF0000A2B00F0EC810A2B00F36883092B00F02D
:100B0000C281092B00F36283082B00F09881082B27
:100B100000F35C83072B00F06881072B00F35683FA
:100B2000062B00F03E81062B00F35083052B00F0CE
:100B30001481052B00F34A83042B00F0C280042BA0
:100B400000F34483032B00F08280032B00F33E83E9
:100B5000022B51D0022B00F33983002B02D0012B42
:100B600026D033E3BB6E1B681B6840F2F312DA62D7
:100B7000BB6E1B6840F2F312DA60BB6E7B6600232B
:100B800087F8633097F86330002B02D07B6EDB6808
:100B900001E07B6E1B697A6E9268936100BFBB6E49
:100BA00093F842300133DAB2BB6E83F8422010E38F
:100BB000BB6E1B681B686322DA62BB6E1B68632214
:100BC000DA60BB6EFB65012387F85B3097F85B301A
:100BD000002B02D0FB6DDB6801E0FB6D1B69FA6D39
:100BE0009268936100BFBB6E93F842300133DAB272
:100BF000BB6E83F84220ECE2BB6E7B657B6D9B682D
:100C00001A697B6D5B691340002B14BF012300231D
:100C1000DBB2002B07D0BB6E032283F84B20B86EEB
:100C200000F08DFCD5E2BB6E1B681B6840F2F3122E
:100C3000DA62BB6E1B6840F2F312DA60BB6E93F8A7
:100C400042300133DAB2BB6E83F84220C1E2BB6EA0
:100C50001B7E1A46BB6E93F8433042FA03F303F04F
:100C60000103002B09D0BB6E1B681B680922DA62E6
:100C7000BB6E1B680922DA6008E0BB6E1B681B684C
:100C80004522DA62BB6E1B684522DA60BB6E3B65AB
:100C9000002387F84F3097F84F30002B02D03B6D80
:100CA000DB6801E03B6D1B693A6D9268936100BFA0
:100CB000BB6E93F842300133DAB2BB6E83F8422048
:100CC00087E2BB6E1B7E1A46BB6E93F8433042FA36
:100CD00003F303F00103002B09D0BB6E1B681B68F4
:100CE0004522DA62BB6E1B684522DA6008E0BB6E03
:100CF0001B681B680922DA62BB6E1B680922DA6076
:100D0000BB6EBB64012387F8473097F84730002B50
:100D100002D0BB6CDB6801E0BB6C1B69BA6C9268EB
:100D2000936100BFBB6E93F843300133DAB2BB6E00
:100D300083F84320BB6E93F84330082B08D1BB6E79
:100D4000002283F84320BB6E052283F8422040E254
:100D5000BB6E032283F842203BE2BB6E1B681B681C
:100D60000922DA62BB6E1B680922DA60BB6E3B6443
:100D7000002387F83F3097F83F30002B02D03B6CC0
:100D8000DB6801E03B6C1B693A6C9268936100BFC1
:100D9000BB6E93F842300133DAB2BB6E83F8422067
:100DA00017E2BB6E1B681B680922DA62BB6E1B6808
:100DB0000922DA60BB6EBB63012387F8373097F8EE
:100DC0003730002B02D0BB6BDB6801E0BB6B1B69CB
:100DD000BA6B9268936100BFBB6E93F842300133E7
:100DE000DAB2BB6E83F84220F3E1BB6E1B681B686E
:100DF0003B22DA62BB6E1B683B22DA60BB6E3B6350
:100E00003B6B9B681A693B6B5B691340002B14BFFB
:100E100001230023DBB2002B04D0BB6E102283F829
:100E20006E2003E0BB6E002283F86E20BB6E93F849
:100E300042300133DAB2BB6E83F84220C9E1BB6EA7
:100E40001B681B680922DA62BB6E1B680922DA6024
:100E5000BB6EFB62002387F82B3097F82B30002BFA
:100E600002D0FB6ADB6801E0FB6A1B69FA6A9268E0
:100E7000936100BFBB6E93F842300133DAB2BB6EB0
:100E800083F84220A5E1BB6E1B681B680922DA6269
:100E9000BB6E1B680922DA60BB6E7B62012387F898
:100EA000233097F82330002B02D07B6ADB6801E007
:100EB0007B6A1B697A6A9268936100BFBB6E93F884
:100EC00042300133DAB2BB6E83F8422081E1BB6E5F
:100ED0001B681B683B22DA62BB6E1B683B22DA6030
:100EE000BB6EFB61FB699B681A69FB695B69134018
:100EF000002B14BF01230023DBB2002B08D0BB6EF4
:100F000093F86E3043F00103DAB2BB6E83F86E20C3
:100F1000BB6E93F842300133DAB2BB6E83F84220E5
:100F2000BB6E93F843300133FB76BB6E93F86E30A3
:100F3000002B37D10023BB76BB6E93F86F30FA7E5F
:100F40009A4216D2BB6E93F84330DB08DBB21A46E6
:100F5000BB6E134493F872301A46BB6E93F843305D
:100F600003F0070342FA03F3DBB203F00103BB769D
:100F70000EE0BB6E93F86F30FA7E9A4202D10123E5
:100F8000BB7605E00023BB76BB6EFA7E83F870204B
:100F9000BB7E002B01D0102200E00122BB6E83F843
:100FA0006E2015E1BB6E93F86E30112B40F010816E
:100FB000BB6E052283F84B20B86E00F0C0FA07E143
:100FC000BB6E93F86E30102B25D1BB6E1B681B686F
:100FD0000922DA62BB6E1B680922DA60BB6E93F8E5
:100FE0004330DB08D8B20246BB6E134493F872302C
:100FF0005AB2BB6E93F8433003F00703012101FAA4
:1010000003F35BB213435BB20146DAB2BB6E0B442F
:1010100083F8722008E0BB6E1B681B684522DA6209
:10102000BB6E1B684522DA60BB6E7B610023FB74DC
:10103000FB7C002B02D07B69DB6801E07B691B69CC
:101040007A699268936100BFBB6E93F842300133B6
:10105000DAB2BB6E83F84220BBE0BB6E93F86E3011
:10106000102B09D1BB6E1B681B684522DA62BB6E70
:101070001B684522DA6008E0BB6E1B681B6809220A
:10108000DA62BB6E1B680922DA60BB6EFB6001236B
:10109000FB72FB7A002B02D0FB68DB6801E0FB6887
:1010A0001B69FA689268936100BFBB6E93F8433086
:1010B0000133DAB2BB6E83F84320BB6E93F8433042
:1010C000402B7ED1BB6E002283F84320BB6E0022F2
:1010D00083F84220BB6E72330721184600F083F874
:1010E00003461A46BB6E93F879309A4239D1BB6EEB
:1010F00093F84C30002B16D1BB6E93F86D3009334A
:10110000DB00BA6E1344581DBB6E723308221946B9
:1011100011F077FFBB6E93F86D300133DAB2BB6E1E
:1011200083F86D201DE0BB6E93F84C20BB6E93F8E6
:1011300072309A4215D1BB6E93F86D300933DB00E3
:10114000BA6E1344581DBB6E72330822194611F053
:1011500058FFBB6E93F86D300133DAB2BB6E83F883
:101160006D20BB6E723308220021184611F056FE26
:10117000BB6E93F87020BB6E83F86F20BB6E0022AD
:1011800083F87020BB6E93F86F30002B04D0BB6ED9
:1011900093F86D30042B08D1BB6E012283F87120C7
:1011A000BB6E032283F84A2013E0BB6EF0221A764E
:1011B000BB6E002283F84320BB6E002283F84220DE
:1011C00007E0BB6E052283F8422002E000BF00E08A
:1011D00000BF00BF03E0786800F0B1F900BF00BFB6
:1011E000A837BD4680BD80B485B000AF78600B469F
:1011F0007B800023FB7322E07B685A1C7A601B789B
:10120000BB7308237B7317E0FA7BBB7B5340DBB2D5
:1012100003F001033B73FB7B5B08FB733B7B002B01
:1012200004D0FB7B83F07303DB43FB73BB7B5B0866
:10123000BB737B7B013B7B737B7B002BE4D17B8887
:101240005A1E7A80002BD7D1FB7B18461437BD4637
:1012500080BC704780B483B000AF78607B6893F83F
:101260004A30002B14BF01230023DBB218460C3791
:10127000BD4680BC704780B582B000AF78607868AA
:1012800000F009F903461A467B6883F84B207B6817
:1012900093F84B30002B03D0786800F050F918E039
:1012A0007B68022283F84A207B68F0221A767B68EA
:1012B000002283F86D207B686E330C2200211846D3
:1012C00011F0ACFD7B684D3320220021184611F04F
:1012D000A5FD7B6893F84B3018460837BD4680BDA6
:1012E00080B586B000AFF8607B600B46FB7213469A
:1012F000BB727B68002B0AD13B8C002B07D0FB68AC
:10130000042283F84B20F86800F019F978E03A8C51
:10131000BB8C1344202B07DDFB68042283F84B2091
:10132000F86800F00CF96BE0FB6893F86D30002B67
:1013300005D0FB6893F86D30FA7A9A4207D3FB68C0
:10134000052283F84B20F86800F0F9F858E0F868B7
:1013500000F0A1F803461A46FB6883F84B20FB68AF
:1013600093F84B30002B03D0F86800F0E8F847E022
:10137000FB68012283F84A20FB6855221A76002375
:10138000FB7510E0F97AFA7DFB7D0133F868C9003E
:1013900001440A444D321178FA6813440A461A7619
:1013A000FB7D0133FB75FB7D072BEBD9FB68BA7A1C
:1013B00083F821207B68002B1AD00023BB820CE02D
:1013C000BB8A7A681A44BB8A0A331178FA681344D4
:1013D0000A461A76BB8A0133BB82BA8A3B8C9A4290
:1013E000EED33B8C0A339AB2FB68A3F8462003E0A5
:1013F000FB680A22A3F84620FB68BA8CA3F84820B1
:10140000FB6893F84B3018461837BD4680BD80B452
:1014100087B000AFF860B9601346FB80FB68B3F893
:101420004830FB82FA88FB8A9A4201D2FB88FB8211
:10143000FB68B3F846301A46FB8A13442A2B0DD9B1
:10144000FB68B3F84630292B06D8FB68B3F8463062
:10145000C3F12A03FB8201E0002317E00023BB82D3
:101460000FE0FB68B3F846301A46BB8A1A44BB8AC1
:10147000B9680B44F9680A44127E1A70BB8A0133BA
:10148000BB82BA8AFB8A9A42EBD3FB8A18461C3786
:10149000BD4680BC704780B586B000AF7860002341
:1014A000FB757B6893F84A30002B02D00123FB7553
:1014B00040E07B68FB600123FB72FB7A002B02D0CB
:1014C000FB68DB6801E0FB681B69FA68926893615E
:1014D00000BF7B683B613B699B681A693B695B693C
:1014E0001340002B14BF01230023DBB2002B02D1D9
:1014F0000223FB751EE07B681B681B6800221A61D3
:101500007B68183332220021184611F087FC7B6873
:101510001B681B6800225A627B681B681B68632279
:10152000DA627B681B686322DA607B681B68184696
:1015300002F026FAFB7D18461837BD4680BD80B5FF
:1015400084B000AF78607B681B68184602F078FAB8
:101550007B68FB600123FB72FB7A002B02D0FB68E7
:10156000DB6801E0FB681B69FA689268936100BF61
:101570007B68002283F84A207B685B68002B06D0DA
:101580007B685B687A6892F84B201046984700BFEA
:101590001037BD4680BD80B400AF00BFFDE780B40A
:1015A00000AF00BFFDE780B400AF00BFFDE780B42F
:1015B00000AF00BFFDE780B400AF00BFFDE780B41F
:1015C00000AF00BFBD4680BC7047000080B500AFD3
:1015D000024802F0A1FD00BF80BD00BFB440002062
:1015E00080B500AF024802F097FD00BF80BD00BF8C
:1015F000C476002080B500AF024802F08DFD00BF28
:1016000080BD00BF7877002080B500AF024808F0A9
:10161000CFFB00BF80BD00BF9479002080B500AF34
:10162000024807F031FB00BF80BD00BFDC7900201D
:1016300080B500AF024803F01EFF00BF80BD00BFB1
:101640004456002080B500AF024807F01DFB00BFE4
:1016500080BD00BF3C7A002080B582B000AF00237F
:101660007B60124B5B6C114A43F4804353640F4B15
:101670005B6C03F480437B607B6800233B600B4B17
:101680001B6C0A4A43F080531364084B1B6C03F035
:1016900080533B603B6800220F216FF0010007F090
:1016A0001FFE00BF0837BD4680BD00BF00380240A6
:1016B00080B483B000AF786000BF0C37BD4680BCFB
:1016C000704780B483B000AF786000BF0C37BD4670
:1016D00080BC704780B500AF5D4A002101200DF04D
:1016E00003FC03465B4A13605B4A002101200DF0B6
:1016F000FBFB0346594A1360594A002101200DF0B3
:10170000F3FB0346574A1360574A002101200DF0AE
:10171000EBFB0346554A1360554A002101200DF0AA
:10172000E3FB0346534A13604A4B1B6818460DF00F
:10173000B7FC4A4B1B6818460DF0B2FC494B1B68BE
:1017400018460DF0ADFC494B1B6818460DF0A8FC7F
:10175000484B1B6818460DF0A3FC474B00220121A3
:1017600046480DF0FFF90346454A1360454B0022F9
:10177000012145480DF0F6F90346444A1360444BF5
:101780000022002143480DF0EDF90346424A136060
:10179000424A042104200DF0C7FC0346404A13606E
:1017A000404A042104200DF0BFFC03463E4A13606A
:1017B0003E4A042104200DF0B7FC03463C4A136066
:1017C0003C4A032108200DF0AFFC03463A4A13605F
:1017D0003A4A00213A480CF0E9FF0346394A1360BF
:1017E000394A002139480CF0E1FF0346384A1360BA
:1017F000384A002138480CF0D9FF0346374A1360B5
:10180000374A002137480CF0D1FF0346364A1360AF
:10181000364A002136480CF0C9FF0346354A1360AA
:10182000354A002135480CF0C1FF0346344A1360A5
:10183000344A002134480CF0B9FF0346334A1360A0
:1018400033480DF039FA0346324A136000BF80BDB9
:10185000744701087C400020844701088040002034
:101860009447010884400020A447010888400020D4
:10187000B44701088C4000204447010805340008A3
:10188000EC3F0020544701081D3000081C40002098
:10189000644701088D2F00084C400020E4460108F1
:1018A000543E0020FC460108B83E002014470108C1
:1018B0001C3F00202C470108803F0020E84501081C
:1018C000191900087C0700200C460108BD280008F3
:1018D000E409002030460108D92500084C120020F8
:1018E00054460108812E0008B41A002078460108E9
:1018F0006D3000081C2300209C46010819340008A4
:10190000842B0020C046010851330008EC3B002026
:10191000C44701089040002080B582B000AF7860D5
:1019200000F086F801200DF0ECF8FBE780B58CB0F4
:1019300000AF78600023BB6200237B620023BB60A2
:10194000304B5B6C2F4A43F4802353642D4B5B6C0C
:1019500003F48023BB60BB6807F10C0207F110039E
:101960001146184606F014FE06F0FEFDB862BB6A8A
:10197000254AA2FB03239B0C013B7B62234B244A99
:101980001A60224B40F2E732DA60204A7B6A5360E9
:101990001E4B00221A611D4B00229A601B4B002235
:1019A0009A611A4801F038FF034687F82F3097F8FC
:1019B0002F30002B1BD1154801F0E2FF034687F8BA
:1019C0002F3097F82F30002B11D11A2007F0A4FCEC
:1019D0007B680F2B08D8002279681A2007F080FC5A
:1019E0000C4A7B68136002E0012387F82F300A4A13
:1019F0000E21064802F08DFE97F82F30184630373A
:101A0000BD4680BD0038024083DE1B43B440002049
:101A100000480140680600201D1A000880B582B009
:101A200000AF786007F0A8FC00BF0837BD4680BD56
:101A300080B500AF0022124912480EF029FC03467F
:101A4000002B01D0FEF76CFD0F490E480EF050FC44
:101A50000346002B01D0FEF763FD0C49094810F046
:101A600007FB0346002B01D0FEF75AFD05480EF098
:101A700075FC0346002B01D0FEF752FD00BF80BD70
:101A80000000002068410020840600205000002053
:101A900080B483B000AF03463960FB713B6812220B
:101AA0001A80034B18460C37BD4680BC704700BFF8
:101AB0001C00002080B483B000AF03463960FB7186
:101AC0003B6804221A80034B18460C37BD4680BC85
:101AD000704700BF3000002080B582B000AF0346E1
:101AE0003960FB71FB79002B05D13A68074908483A
:101AF0000FF0E2FD04E03A68044905480FF0DCFD10
:101B0000024B18460837BD4680BD00BF4444002044
:101B1000C844010880B582B000AF03463960FB714C
:101B20003A68044904480FF0C7FD024B18460837CD
:101B3000BD4680BD44440020E044010880B582B029
:101B400000AF03463960FB713B681A221A8000F02F
:101B500043F8024B18460837BD4680BD34000020CC
:101B600080B582B000AF03463960FB71FB79002B72
:101B700005D13A68074908480FF09EFD04E03A682D
:101B8000044905480FF098FD024B18460837BD463A
:101B900080BD00BF44440020F444010880B582B0F9
:101BA00000AF03463960FB71FB79002B05D13A6821
:101BB000074908480FF080FD04E03A6804490548E9
:101BC0000FF07AFD024B18460837BD4680BD00BFB6
:101BD000444400200045010880B584B000AF0F4B9D
:101BE0001B68FB600E4B1B68BB600E4B1B687B6069
:101BF000FA687B681344FB60FB68002B09D008225D
:101C00000949F86800F014F804220849B86800F09F
:101C10000FF800BF1037BD4680BD00BF107AFF1F10
:101C2000147AFF1F187AFF1F36000020460000209C
:101C300080B487B000AFF860B9601346FB71002331
:101C4000FB750023FB7527E0FB681B0F092B0BD8E6
:101C5000FB681B0FDAB2FB7D5B001946BB680B44C7
:101C60003032D2B21A700AE0FB681B0FDAB2FB7D89
:101C70005B001946BB680B443732D2B21A70FB685E
:101C80001B01FB60FB7D5B000133BA68134400223B
:101C90001A70FB7D0133FB75FA7DFB799A42D3D331
:101CA00000BF00BF1C37BD4680BC704780B500AF89
:101CB00000220549054810F0F4F90549034810F0E1
:101CC00011FA0023184680BD444E002068410020D0
:101CD0004446002080B400AF00231846BD4680BCB7
:101CE000704780B483B000AF03463960FB71134680
:101CF000BB80FB79232B1ED0232B1EDC222B1ED076
:101D0000222B1ADC212B1CD0212B16DC202B1AD0E5
:101D1000202B12DC042B18D0042B0EDC032B16D046
:101D2000032B0ADC022B14D0022B06DC002B12D072
:101D3000012B12D001E000BF10E000BF0EE000BF99
:101D40000CE000BF0AE000BF08E000BF06E000BFF3
:101D500004E000BF02E000BF00E000BF002318461F
:101D60000C37BD4680BC704780B582B000AF78604C
:101D700039607968054810F0B5F9044810F0CEF9DB
:101D8000002318460837BD4680BD00BF68410020CB
:101D900080B487B000AFF860B9601346FB710023D0
:101DA000FB7597F9173018461C37BD4680BC704745
:101DB00080B58AB000AF786007F1140300221A6082
:101DC0005A609A60DA601A617B681B68B3F1A04FB1
:101DD0003AD100233B611E4B1B6B1D4A43F00103AC
:101DE00013631B4B1B6B03F001033B613B694FF417
:101DF000C0537B610223BB610023FB6103233B6271
:101E00000A237B6207F114031946124806F0F0FB1F
:101E10000F4B5B6B0E4A43F0800353630023FB6060
:101E20000B4B5B6C0A4A43F480435364084B5B6C76
:101E300003F48043FB60FB6800220521432007F088
:101E40004FFA432007F068FA00BF2837BD4680BD2F
:101E5000003802400000024080B582B000AF7860D8
:101E60007B68D3F8E0247B6803F29C431946104654
:101E70000EF0C0FA00BF0837BD4680BD80B582B005
:101E800000AF78600B46FB707B68D3F8E004FA780B
:101E900079681346DB0013449B000B4403F5187369
:101EA0001A68FB7819460EF0FAFA00BF0837BD46EB
:101EB00080BD80B582B000AF78600B46FB707B6858
:101EC000D3F8E004FA7879681346DB0013449B00EA
:101ED0000B4420331A68FB7819460EF093FB00BFC1
:101EE0000837BD4680BD80B582B000AF78607B68A2
:101EF000D3F8E03418460EF0CAFC00BF0837BD46E0
:101F000080BD80B584B000AF78600123FB737B682F
:101F1000DB79022B01D0FEF703FB7B68D3F8E034BA
:101F2000FA7B114618460EF071FC7B68D3F8E0345A
:101F300018460EF019FC00BF1037BD4680BD0000EA
:101F400080B582B000AF78607B68D3F8E034184683
:101F50000EF06BFC7B681B6803F560631B687A6896
:101F6000126802F5606243F0010313607B68DB7A5C
:101F7000002B05D0044B1B69034A43F00603136191
:101F800000BF0837BD4680BD00ED00E080B582B0DF
:101F900000AF78607B68D3F8E03418460EF060FC40
:101FA00000BF0837BD4680BD80B582B000AF786005
:101FB0000B46FB707B68D3F8E034FA78114618467C
:101FC0000EF0B7FC00BF0837BD4680BD80B582B0BB
:101FD00000AF78600B46FB707B68D3F8E034FA788A
:101FE000114618460EF073FC00BF0837BD4680BD91
:101FF00080B582B000AF78607B68D3F8E0341846D3
:102000000EF0C9FC00BF0837BD4680BD80B582B068
:1020100000AF78607B68D3F8E03418460EF0C5FC5A
:1020200000BF0837BD4680BD80B582B000AF786084
:102030007B681B78002B3CD1204A7B68C2F8E034D7
:102040007B681E4AC3F8C8221C4B4FF0A0421A609E
:102050001A4B04221A71194B0222DA71174B002213
:102060009A71164B02225A72144B00229A72134B29
:102070000022DA72114B00221A73104B00229A735D
:102080000E4B0022DA730D4803F0B1F80346002B23
:1020900001D0FEF745FA8021084804F0DBFA40221F
:1020A0000021064804F090FA80220121034804F040
:1020B0008BFA002318460837BD4680BD44560020E1
:1020C00080B584B000AF78600023FB730023BB733E
:1020D0007B68D3F8C832184603F098F90346FB73BF
:1020E000FB7B184600F03FF90346BB73BB7B1846E9
:1020F0001037BD4680BD80B584B000AF786008461B
:1021000011461A460346FB700B46BB7013463B80D4
:102110000023FB730023BB737B68D3F8C802BB7832
:102120003A88F97803F06CFE0346FB73FB7B184694
:1021300000F019F90346BB73BB7B18461037BD4648
:1021400080BD80B584B000AF78600B46FB70002383
:10215000FB730023BB737B68D3F8C832FA7811464F
:10216000184603F0B7FE0346FB73FB7B184600F0EE
:10217000FAF80346BB73BB7B18461037BD4680BDDB
:1021800080B584B000AF78600B46FB700023FB7312
:102190000023BB737B68D3F8C832FA78114618461F
:1021A00003F06EFF0346FB73FB7B184600F0DBF881
:1021B0000346BB73BB7B18461037BD4680BD80B558
:1021C00084B000AF78600B46FB700023FB730023E4
:1021D000BB737B68D3F8C832FA781146184603F00F
:1021E000B2FF0346FB73FB7B184600F0BCF80346C6
:1021F000BB73BB7B18461037BD4680BD80B485B02D
:1022000000AF78600B46FB707B68D3F8C832FB6088
:1022100097F90330002B0BDAFB7803F07F02F968A3
:102220001346DB0013449B000B4416331B780BE072
:10223000FB7803F07F02F9681346DB0013449B0030
:102240000B4403F256231B7818461437BD4680BC56
:10225000704780B584B000AF78600B46FB700023F8
:10226000FB730023BB737B68D3F8C832FA7811463E
:10227000184603F0A1FD0346FB73FB7B184600F0F4
:1022800072F80346BB73BB7B18461037BD4680BD52
:1022900080B586B000AFF8607A603B600B46FB7299
:1022A0000023FB750023BB75FB68D3F8C802F97ADD
:1022B0003B687A6803F0AAFE0346FB75FB7D18466F
:1022C00000F051F80346BB75BB7D18461837BD4674
:1022D00080BD80B586B000AFF8607A603B600B4689
:1022E000FB720023FB750023BB75FB68D3F8C802A3
:1022F000F97A3B687A6803F037FE0346FB75FB7D8D
:10230000184600F030F80346BB75BB7D18461837F9
:10231000BD4680BD80B582B000AF78600B46FB70D3
:102320007B68D3F8C832FA781146184603F057FE96
:10233000034618460837BD4680BD000080B483B010
:1023400000AF7860024B18460C37BD4680BC704722
:10235000285B002080B483B000AF786000BF0C37EA
:10236000BD4680BC704780B485B000AF0346FB71AA
:102370000023FB73FB79032B13D0032B14DC022BFC
:102380000CD0022B10DC002B02D0012B03D00BE071
:102390000023FB730BE00323FB7308E00123FB73B3
:1023A00005E00323FB7302E00323FB7300BFFB7B09
:1023B00018461437BD4680BC7047000090B587B002
:1023C00000AF786000237B6100233B61424B1B68B8
:1023D0004FF0FF3118460CF011FE404B1B680021F6
:1023E00018460DF0A9F80346BB60BB68002B65D00A
:1023F000BC68786800F0B6F803462370BB680A2210
:102400005A70BB681B780B2B4DD07868FDF7C8FE5F
:10241000034601331A467968314810F0F2FDBB6873
:102420002F4A5A602F4B0A221A70BC680CF050FADF
:102430000346A3602C4B186807F10801FA23002219
:102440000CF0E6FEF860FB68002B16D07B695A1C86
:102450007A61042B11D9234B03221A701F4B1B687E
:10246000BA68114618460DF0DDF81B4B1B6818467C
:102470000CF016FE1B4B1B782AE0FB68002BD9D111
:10248000C0200CF07FFA4FF0FF320021C0200CF08A
:10249000B7FA38613B6903F08003002B11D0114B70
:1024A00003221A700DE00D4B1B68BA6811461846DE
:1024B0000DF0B8F80B4B03221A7002E0094B03220F
:1024C0001A70054B1B6818460CF0EAFD054B1B788B
:1024D00018461C37BD4690BD7C400020485D00205A
:1024E000545D0020505D0020B83E002090B585B0BE
:1024F00000AF78600023FB602AE0FA6813469B0077
:1025000013449A001344164A13445C1CFA68134699
:102510009B0013449A001344114A13440133184694
:10252000FDF73EFE03461A462146786810F07EFC11
:102530000346002B09D10A49FA6813469B0013444D
:102540009A0013440B441B7806E0FB680133FB60E0
:10255000FB680A2BD1D90A2318461437BD4690BD13
:10256000F448010890B585B000AF78600023FB60A7
:1025700027E0FA6813465B001344DB000833154A72
:102580009C18FA6813465B001344DB000833114AB9
:1025900013441846FDF704FE03461A4621467868A0
:1025A00010F044FC0346002B08D10A49FA68134690
:1025B0005B001344DB000B441B7806E0FB6801332F
:1025C000FB60FB680B2BD4D90B2318461437BD4690
:1025D00090BD00BFD447010890B58BB002AF7860C2
:1025E0000023FB770023BB600023BB6100237B61DA
:1025F00000233B618E4B186807F1080140F6B833A1
:1026000000220CF065FEF860FB6813F1020F2CD17C
:102610007B69002B00F035817B691B781946854A60
:102620000B465B000B44DB00134402331B781A4655
:102630003B69934205D27B69BB613B6901333B61D6
:102640001FE17D4B05221A707B699B68802118462B
:102650000CF04AF9794B1B68796918460CF0E2FFD7
:1026600000237B610023FB770BE1FB68002B40F02C
:102670000881BB681B780A2B04D8BB68BB610023A8
:102680003B6121E0BB685B780A2B1CD16A4B0322BB
:102690001A707B69002B0BD07B699B6880211846E0
:1026A0000CF022F9654B1B68796918460CF0BAFFEB
:1026B000624B1B68BA68114618460CF0B3FF002342
:1026C0007B610023FB7700BFBB685B78022B23D1C3
:1026D000BB685B6803F11400BB685B689968BB6802
:1026E0005B681A68BB685B68DC68BB685B681B6911
:1026F0000093234600F020FE514B1A68BB685B68CC
:10270000194610460CF08EFF4C4B1B68BA681146F8
:1027100018460CF087FFB4E0BB685B78042B03D04D
:10272000BB685B78072B12D1BB685B78184600F05A
:10273000EBFB424B1B68796918460CF073FF3F4B6B
:102740001B68BA68114618460CF06CFF99E0BB682C
:102750001B780B2B40F09580FB7F002B02D0012BC8
:1027600011D08EE07B69002B05D0344B1B68796952
:1027700018460CF057FF314B1B68BA6811461846D3
:102780000CF050FF7DE0BB685A787B691B781846D7
:10279000284903465B000344DB000B4401331B78EC
:1027A0009A4227D17B691B781946224A0B465B0067
:1027B0000B44DB00134401331A781F4B1A707B69FA
:1027C000002B0BD07B699B68402118460CF08CF8DD
:1027D0001A4B1B68796918460CF024FF174B1B68CD
:1027E000BA68114618460CF01DFF00237B610023D8
:1027F000FB7745E07B691B7819460E4A0B465B0068
:102800000B44DB00134402331B781A463B699342A6
:1028100018D23B6901333B617B69BB6100237B615B
:10282000064B1B68BA68114618460CF0FBFE27E001
:10283000B83E0020D4470108505D0020485D0020CC
:102840004C5D0020BB685A781A4B1A707B69002BCC
:102850000BD07B699B68802118460CF045F8164B1D
:102860001B68796918460CF0DDFE134B1B68BA68CB
:10287000114618460CF0D6FE00237B610023FB773F
:1028800000BFBB69002B3FF4B5AEBB697B61002381
:10289000BB610123FB777B695B681C467B695B68D6
:1028A0001846FDF77DFC03461946204600F09EFAC7
:1028B000A0E600BF505D0020485D002090B58DB0BF
:1028C00000AF786000220C2108200CF05FFD034669
:1028D0005D4A13600022542102200CF057FD03468C
:1028E0005A4A136000F0BCF80023BB62584B1868CA
:1028F00007F110014FF0FF3300220CF0E9FC786281
:102900007B6A002BF2D1504B1B68002118460CF05B
:1029100013FE0346FB60FB68002B00F08C80FB6815
:102920000B221A703B69FC681846FFF7DFFD03466F
:102930006370FB680A2B76D0FB685B78022B66D14C
:10294000424B1B68002118460CF0F6FD38623B69CB
:102950004049184610F07CFAF8613E49002010F01A
:1029600077FAF861FB69BB610023FB723B6A0022C6
:102970001A75B869FDF714FC02463B6A9A60002399
:10298000FB6219E0BA69FB6A13441B889BB23B8166
:1029900007F1080310220021184610F0D9F8034669
:1029A0007B61FB6A5B087A69D1B23A6A13440A46D2
:1029B0001A75FB6A0233FB623B6A9B68FA6A9A42A9
:1029C000E0D32449002010F043FAF861F86910F0D0
:1029D00040F803461A463B6A1A601E49002010F070
:1029E00037FAF861F86910F034F802463B6ADA60A9
:1029F0001849002010F02CFAF861F86910F029F855
:102A000002463B6A1A61FB683A6A5A6002E0FB6858
:102A100000225A60104B186807F10C0100230022B5
:102A20000CF0F6FB08E0084B1B68FA6811461846E4
:102A30000CF0F8FD00E0FEE7084B1B683A69114610
:102A400018460CF0EFFD51E7485D00204C5D00207A
:102A5000543E002010450108B83E0020EC5E0020E6
:102A600080B500AF0022402108200CF08FFC034607
:102A70000C4A13600B4B1B68002B01D100BFFDE714
:102A800000F018F840220849084807F033F9084BCD
:102A90001B681A68064B1B6822F008021A6000BF08
:102AA00080BD00BFEC5E0020AC5D0020947900206A
:102AB000DC79002080B500AF402200210D4810F0E5
:102AC000ADF94FF4807200210B4810F0A7F90B4BC1
:102AD0004FF48072DA60094B00221A60074B002223
:102AE0005A60064B00229A60044B034A1A6100BFE9
:102AF00080BD00BFAC5D0020EC5D0020985D002033
:102B000080B584B000AF786039602C4B1B69002B16
:102B100001D100234DE0294B1A68284B5B689A428B
:102B200006D3264BDA68254B1B68D31AFB6005E0F9
:102B3000224B5A68214B1B68D31AFB601F4B9A68C3
:102B40001E4BDB689A4201D10023FB60FA683B68A8
:102B5000934228BF1346BB60184B1A69174B1B687A
:102B60001344BA687968184610F04BFA134B1A6888
:102B7000BB681344114A1360104B9A68BB68134436
:102B80000E4A93600D4B1A680C4BDB689A420FD1CA
:102B90000A4B00221A607A68BB68D0183A68BB6892
:102BA000D31A1946FFF7ACFF0246BB68134400E096
:102BB000BB6818461037BD4680BD00BF985D002039
:102BC00080B584B000AF78603960214B1B69002B61
:102BD00001D1002337E000F0D5F802463B6893426C
:102BE00002D900F0CFF83860194B5A683B681A4494
:102BF000174BDB689A420AD2154B1A69144B5B6873
:102C000013443A681946786810F0FBF91AE0104B43
:102C1000DA680F4B5B68D31AFB600D4B1A690C4BDB
:102C20005B681344FA681946786810F0EAF97A6824
:102C3000FB68D018064B19693A68FB68D31A1A4624
:102C400010F0DFF93B6818461037BD4680BD00BF65
:102C5000985D002080B487B000AF0346FB71364B0F
:102C60001B69002B02D14FF0FF335FE0324B9B68B2
:102C7000002B02D14FF0FF3358E02F4B5A682E4BF8
:102C80001B689A421AD22C4B5B687B6110E02A4B7E
:102C90001A697B6913441B78FA799A4205D1264B4D
:102CA0005B687A69D31A013340E07B6901337B6149
:102CB000214B1B687A699A42E9D335E01E4B5B6869
:102CC0003B6110E01C4B1A693B6913441B78FA798D
:102CD0009A4205D1184B5B683A69D31A013325E053
:102CE0003B6901333B61144BDB683A699A42E9D393
:102CF0000023FB6013E0104B1A69FB6813441B7838
:102D0000FA799A4208D10C4BDA680B4B5B68D21AFD
:102D1000FB681344013309E0FB680133FB60064B99
:102D20001B68FA689A42E6D34FF0FF3318461C3707
:102D3000BD4680BC704700BF985D002080B584B060
:102D400000AF7860396039687868FFF739FFF8605C
:102D50000B4B9A68FB68D31A094A9360084B5A6870
:102D6000FB681344064AD268B3FBF2F101FB02F29E
:102D70009B1A034A5360FB6818461037BD4680BD56
:102D8000985D002080B400AF024B9B681846BD469A
:102D900080BC7047985D002080B582B000AF78603D
:102DA0000B467B807B8819460C48FFF7A9FE402222
:102DB0000A490B4806F09EFF0A4B1B681A68094B2C
:102DC0001B6822F008021A60074B1B680121184695
:102DD0000BF08AFD00BF0837BD4680BDAC5D00200A
:102DE00094790020DC790020B41A002080B584B0EA
:102DF00000AF78603960124B1B684FF0FF31184606
:102E00000CF0FCF80BF064FD03460E4A13603B68BF
:102E10009BB21A4679680C4806F0FCFE4FF0FF3270
:102E2000002101200BF0ECFDF860054B1B681846F3
:102E30000CF036F93B6818461037BD4680BD00BF20
:102E400084400020945D00209479002080B483B0F9
:102E500000AF786000BF0C37BD4680BC70470000F3
:102E600080B582B000AF7860044B1B680121184622
:102E70000BF03AFD00BF0837BD4680BD945D0020D1
:102E800080B586B000AF78604FF0FF32002101209E
:102E90000BF0B6FD78610A20FFF7DCFE38613B6974
:102EA000002BF1DD164B1B68002118460CF044FB8B
:102EB0000346FB60FB68002BE6D00CF0E3FFFB68E9
:102EC0001A463B6919461046FFF738FF07F10B0316
:102ED00001211846FFF774FEFB7A0D2B05D107F18F
:102EE0000B0301211846FFF729FF0CF0FBFF054BF0
:102EF000186807F10C01002300220CF089F9C3E7E0
:102F0000EC5E0020543E002080B582B000AF034646
:102F1000FB711A4B1B684FF0FF3118460CF06EF82E
:102F2000174B1B78DBB2042B1ED1FB79042B06D187
:102F3000144B00221A60082000F05AF80EE0114BE2
:102F40001B6801330F4A13600E4B1B68042B05D915
:102F50000C4B00221A60012000F04AF80A4B1B6853
:102F6000012118460BF0C0FC044B1B6818460CF0FE
:102F700097F800BF0837BD4680BD00BF88400020DD
:102F800064000020F05E00201C23002080B582B089
:102F900000AF78600B4B1B684FF0FF3118460CF008
:102FA0002DF8094B1B78DBB2102B02D1082000F062
:102FB0001FF8044B1B6818460CF072F800BF083766
:102FC000BD4680BD884000206400002080B500AF71
:102FD00003E041F288300BF094FD0448FFF7EEF96E
:102FE0000346082BF5D100BF80BD00BF1445010882
:102FF00080B582B000AF0346FB71064AFB791370BF
:10300000054B1B68012118460BF06EFC00BF08370A
:10301000BD4680BD640000201C23002080B582B026
:1030200000AF78600F4B1B78DBB2042B02D0082B6B
:1030300006D00CE04FF400510B4805F073FC0DE096
:1030400001224FF40051084805F054FC06E000222C
:103050004FF40051044805F04DFC00BF00BF083795
:10306000BD4680BD640000200008024080B586B0E7
:1030700000AF786000237B61404B1B68322118460B
:103080000BF0ECFD3E4B1B68012118460BF02CFCAD
:103090004FF0FF32002101200BF0B2FC3861394BB8
:1030A0001B684FF0FF3118460BF0A8FF364B1B682A
:1030B0001F2118460BF082FE344B1B78DBB2102B1D
:1030C00041D0102B4ADC082B45D0082B46DC042BC2
:1030D00043D0042B42DC012B02D0022B12D03DE066
:1030E000FFF774FF00237B610220FFF781FF244B71
:1030F0001B68012118460BF0F7FB4FF47A700BF0B8
:1031000000FD2BE07B691B02214A13441846FFF7A0
:1031100055F90346002B0CD17B6901337B617B6938
:10312000062B02D10420FFF763FF64200BF0E9FCBB
:1031300002E00120FFF75CFF114B1B6801211846DC
:103140000BF0D2FB0AE0134B1B6843F2B061184648
:103150000BF084FD02E000BF00E000BF0A4B1B68DB
:103160000A4A1278D2B2114618460BF0E5FDF86013
:10317000044B1B6818460BF093FF89E71C400020A6
:103180001C23002088400020904000206400002084
:10319000680000204C40002080B588B000AFF86087
:1031A000B9607A603B60FB68FB610023BB61BB6870
:1031B0007B61BB685B003A689A4203D23B685B085C
:1031C0007B6101E0BB687B6100233B6110E07A68B2
:1031D000BB69D018FB695A1CFA611B781A46094969
:1031E0000FF0B6FDBB690233BB613B6901333B6144
:1031F0003A697B699A42EAD3BB6918462037BD46D3
:1032000080BD00BF1C45010880B584B000AFF860E8
:10321000B9607A6000F00AF87A68B968F86800F076
:1032200025F8034618461037BD4680BD80B500AF6F
:103230000C4B18684FF0FF33022208210BF0EFFD12
:10324000094B1B684FF0FF3118460BF0D7FE054BBA
:1032500018684FF0FF33022208210BF0E0FD00BF99
:1032600080BD00BF904000208C40002080B588B019
:1032700002AFF860B9607A604FF0FF337B611C4B9E
:103280001B684FF0FF3118460BF0B8FE194B1B7846
:10329000DBB2082B1DD14023174A7968B868FFF7C5
:1032A0007BFF3861144B0093FB68144A502114488B
:1032B0000FF01CFD1248FFF781F80346012B05D1E2
:1032C0001020FFF795FE00237B6102E00120FFF74D
:1032D0008FFE074B1B6818460BF0E2FE094B1B687C
:1032E00018460BF0DDFE7B6918461837BD4680BDD9
:1032F0008840002064000020F45E0020344501086E
:10330000345F00208C40002080B582B000AF786030
:103310000348FDF74CF900BF0837BD4680BD00BF2C
:103320008460002080B483B000AF0346FB7100BF0F
:103330000C37BD4680BC704780B485B000AFF860E4
:10334000B9607A603B6000BF1437BD4680BC7047EF
:1033500080B586B000AF7860234B186807F10C0188
:103360004FF0FF3300220BF0B3FF38613B69002BB5
:10337000F2D1BB89642B26D8BB89FA8A9A4206D13E
:10338000BB891A4619491A480FF0E2FC05E0BB89CF
:103390001A46184916480FF0DBFC174B1B68DB6A0E
:1033A000BA8903FB02F2144B1B681449A1FB0212F9
:1033B00052099A630E48FCF7F3FE034619460C487F
:1033C000FFF714FD0DE0BB891A460D4908480FF0C0
:1033D000BFFC0748FCF7E4FE034619460448FFF724
:1033E00005FDBB89FB82B7E7803F00204845010807
:1033F000845F00206C450108787700201F85EB5121
:103400009445010880B483B000AF786000BF0C37EA
:10341000BD4680BC7047000080B59AB002AF7860AE
:1034200000233B874FF00003FB654FF00003BB65B3
:103430004FF000037B654FF000033B654FF0000346
:10344000FB640023BB64B24BFB60B24BFB612023E7
:103450003B84B14B3B61B14B7B6100233B7607F171
:103460000C031946AE48FDF761F800200AF058FC3D
:10347000AC4B1B6800225A620021AA4800F074FB82
:103480000421A84800F09EFC01221021A14805F06B
:1034900031FA0A2000F09CF9002210219D4805F025
:1034A00029FA07F134024FF47A734FF0FF3100200C
:1034B0000AF040FA0346012B17D17B6B07EE903AD6
:1034C000F8EE677A9FED987A27EE877ADFED976AB4
:1034D000C7EE267AC7ED177AD7ED177AFCEEE77AB2
:1034E00017EE903A9BB27B870CE04FF00003FB6530
:1034F00000237B8700218B4800F002FC04218948CF
:1035000000F06AFD0220FCF7D7FF894805F0B8FFFC
:103510006421874806F066F8854806F0EEF8034611
:10352000A7F84630B7F8463007EE903AF8EE677ADB
:10353000B1EE047A27EE877ADFED7E6AC7EE267A4F
:10354000C7ED167A9FED7C7AD7ED167A37EE677A5B
:10355000DFED7A6AC7EE267AB1EE0C7A77EE877ADB
:10356000C7ED167AD7ED167A9FED757A67EE877AF2
:10357000FCEEE77A17EE903A9BB2BB870320FCF78C
:103580009BFF6B4805F07CFF6421694806F02AF830
:10359000674806F0B2F80346A7F84630B7F8463059
:1035A00007EE903AF8EE677AB1EE047A27EE877A62
:1035B000DFED606AC7EE267AC7ED157A97ED157ACA
:1035C000DFED606AC7EE267AB7EE007A77EE677AAB
:1035D0009FED5D7A67EE877AC7ED157AD7ED157A9C
:1035E000B2EE047A67EE877AFCEEE77A17EE903A4D
:1035F0009BB2FB874A48FDF73EFE02E0012009F03E
:10360000EBF94748FDF726FE0346002BF6D10A20CA
:1036100009F0E2F9002301930023009300234422E0
:1036200000213F48FDF75CFE4FF47A7009F0D4F9B1
:1036300009230193002300930023BE220021384870
:10364000FDF74EFE02E0012009F0C6F93448FDF70F
:1036500001FE0346002BF6D107F124031022194680
:103660002F48FDF7D4FE97F825301BB21B021AB283
:1036700097F824301BB213431BB2A7F84430B7F8B5
:10368000443007EE903AB8EE677AF3EE006AC7EE80
:10369000267AC7ED147AD7ED147AB2EE047A67EE83
:1036A000877AFCEEE77A17EE903A9BB2A7F84030A3
:1036B000264B1B6800225A624FF47A7009F08CF98D
:1036C000224B1B685B6ABB64BB6C07EE903AB8EE9A
:1036D000677ADFED1F6AC7EE267AC7ED137AD7ED5A
:1036E000137AB2EE047A67EE877AFCEEE77A17EE89
:1036F000903A9BB2A7F842303B8F01339BB23B8795
:1037000007F138030C2219460220FFF77DFDACE6D5
:1037100078770020000002400933000825330008B4
:1037200084600020C47600200080AB430000FA448F
:103730007C76002000F07F4514AE2740EC51383EE7
:103740000000C8421F856B4000007A45E0780020E9
:103750003333D34080B586B002AF78607B68194AB6
:1037600093422AD17B681B7F022B26D17B681B6882
:103770009A6B7B681B685B6BD31AFB600023BB6092
:10378000114B186807F10803009300230322F9681E
:103790000AF0E6F900210B4800F0B2FA04210948CA
:1037A00000F01AFCBB68002B07D0084B4FF080528A
:1037B0001A60BFF34F8FBFF36F8F00BF1037BD4646
:1037C00080BD00BFC4760020842B002004ED00E003
:1037D00080B584B000AF78600D4B5B68FB6004F08F
:1037E000A5FE03460B4AA2FB03239A0C7B6802FB4F
:1037F00003F3BB6000BF064B5A68FB68D31ABA6874
:103800009A42F8D800BF00BF1037BD4680BD00BF48
:10381000001000E083DE1B4380B582B000AF78600B
:103820007B68002B01D101234CE07B6893F83D308D
:10383000DBB2002B11D17B68002283F83C20786832
:1038400001F0F6FB7B689B6C002B02D17B681F4A62
:103850009A647B689B6C786898477B68022283F83F
:103860003D207B681A687B6804331946104601F0D6
:10387000EFF87B68012283F846207B68012283F8F9
:103880003E207B68012283F83F207B68012283F879
:1038900040207B68012283F841207B68012283F865
:1038A00042207B68012283F843207B68012283F851
:1038B00044207B68012283F845207B68012283F83D
:1038C0003D20002318460837BD4680BDD526010897
:1038D00080B485B000AF78607B6893F83D30DBB290
:1038E000012B01D001233CE07B68022283F83D20BC
:1038F0007B681B681D4A934218D07B681B68B3F134
:10390000804F13D07B681B68194A93420ED07B68A6
:103910001B68184A934209D07B681B68164A934279
:1039200004D07B681B68154A934211D17B681B68E1
:103930009B6803F00703FB60FB68062B10D07B68D5
:103940001B681A687B681B6842F001021A6007E076
:103950007B681B681A687B681B6842F001021A606A
:10396000002318461437BD4680BC70470000014054
:103970000004004000080040000C004000400140EE
:1039800080B485B000AF78607B6893F83D30DBB2DF
:10399000012B01D0012344E07B68022283F83D2003
:1039A0007B681B68DA687B681B6842F00102DA609A
:1039B0007B681B681D4A934218D07B681B68B3F173
:1039C000804F13D07B681B68194A93420ED07B68E6
:1039D0001B68184A934209D07B681B68164A9342B9
:1039E00004D07B681B68154A934211D17B681B6821
:1039F0009B6803F00703FB60FB68062B10D07B6815
:103A00001B681A687B681B6842F001021A6007E0B5
:103A10007B681B681A687B681B6842F001021A60A9
:103A2000002318461437BD4680BC70470000014093
:103A30000004004000080040000C0040004001402D
:103A400080B483B000AF78607B681B68DA687B68FD
:103A50001B6822F00102DA607B681B681A6A41F277
:103A600011131340002B0FD17B681B681A6A40F2B8
:103A700044431340002B07D17B681B681A687B689E
:103A80001B6822F001021A607B68012283F83D2046
:103A9000002318460C37BD4680BC704780B582B005
:103AA00000AF78607B68002B01D101234CE07B687C
:103AB00093F83D30DBB2002B11D17B68002283F8F4
:103AC0003C20786801F0B4FA7B681B6D002B02D1B2
:103AD0007B681F4A1A657B681B6D786898477B680E
:103AE000022283F83D207B681A687B6804331946FC
:103AF000104600F0ADFF7B68012283F846207B680A
:103B0000012283F83E207B68012283F83F207B68F6
:103B1000012283F840207B68012283F841207B68E2
:103B2000012283F842207B68012283F843207B68CE
:103B3000012283F844207B68012283F845207B68BA
:103B4000012283F83D20002318460837BD4680BD7A
:103B5000553B000880B483B000AF786000BF0C37DD
:103B6000BD4680BC7047000080B584B000AF78606F
:103B700039603B68002B04D17B6893F83E30FB73BF
:103B800013E03B68042B04D17B6893F83F30FB7350
:103B90000BE03B68082B04D17B6893F84030FB7343
:103BA00003E07B6893F84130FB733B68002B04D142
:103BB0007B6893F84230BB7313E03B68042B04D15D
:103BC0007B6893F84330BB730BE03B68082B04D150
:103BD0007B6893F84430BB7303E07B6893F845300F
:103BE000BB73FB7B012B02D1BB7B012B01D00123DB
:103BF00077E03B68002B04D17B68022283F83E20EB
:103C000013E03B68042B04D17B68022283F83F2039
:103C10000BE03B68082B04D17B68022283F840202C
:103C200003E07B68022283F841203B68002B04D12B
:103C30007B68022283F8422013E03B68042B04D106
:103C40007B68022283F843200BE03B68082B04D1F9
:103C50007B68022283F8442003E07B68022283F819
:103C600045207B681B6801223968184601F0BBF9C2
:103C70007B681B681D4A934218D07B681B68B3F1B0
:103C8000804F13D07B681B68194A93420ED07B6823
:103C90001B68184A934209D07B681B68164A9342F6
:103CA00004D07B681B68154A934211D17B681B685E
:103CB0009B6803F00703BB60BB68062B10D07B68D2
:103CC0001B681A687B681B6842F001021A6007E0F3
:103CD0007B681B681A687B681B6842F001021A60E7
:103CE000002318461037BD4680BD00BF00000140CC
:103CF0000004004000080040000C0040004001406B
:103D000080B582B000AF786039607B681B680022A4
:103D10003968184601F067F97B681B681A6A41F236
:103D200011131340002B0FD17B681B681A6A40F2F5
:103D300044431340002B07D17B681B681A687B68DB
:103D40001B6822F001021A603B68002B04D17B68DB
:103D5000012283F83E2013E03B68042B04D17B68EA
:103D6000012283F83F200BE03B68082B04D17B68DD
:103D7000012283F8402003E07B68012283F8412080
:103D80003B68002B04D17B68012283F8422013E0BA
:103D90003B68042B04D17B68012283F843200BE0AD
:103DA0003B68082B04D17B68012283F8442003E0A0
:103DB0007B68012283F84520002318460837BD465A
:103DC00080BD000080B584B000AF7860396000230A
:103DD000FB733B68002B04D17B6893F83E30BB73C8
:103DE00013E03B68042B04D17B6893F83F30BB732E
:103DF0000BE03B68082B04D17B6893F84030BB7321
:103E000003E07B6893F84130BB733B68002B04D11F
:103E10007B6893F842307B7313E03B68042B04D13A
:103E20007B6893F843307B730BE03B68082B04D12D
:103E30007B6893F844307B7303E07B6893F84530EC
:103E40007B73BB7B012B02D17B7B012B01D0012338
:103E5000B4E03B68002B04D17B68022283F83E204B
:103E600013E03B68042B04D17B68022283F83F20D7
:103E70000BE03B68082B04D17B68022283F84020CA
:103E800003E07B68022283F841203B68002B04D1C9
:103E90007B68022283F8422013E03B68042B04D1A4
:103EA0007B68022283F843200BE03B68082B04D197
:103EB0007B68022283F8442003E07B68022283F8B7
:103EC00045203B680C2B2AD03B680C2B30D83B6834
:103ED000082B1BD03B68082B2AD83B68002B03D04B
:103EE0003B68042B09D023E07B681B68DA687B6899
:103EF0001B6842F00202DA601DE07B681B68DA682A
:103F00007B681B6842F00402DA6014E07B681B687F
:103F1000DA687B681B6842F00802DA600BE07B68B5
:103F20001B68DA687B681B6842F01002DA6002E006
:103F30000123FB7300BFFB7B002B3ED17B681B681A
:103F400001223968184601F04EF87B681B681D4A4B
:103F5000934218D07B681B68B3F1804F13D07B6805
:103F60001B68194A93420ED07B681B68174A93421C
:103F700009D07B681B68164A934204D07B681B6893
:103F8000144A934211D17B681B689B6803F00703B6
:103F9000BB60BB68062B10D07B681B681A687B6807
:103FA0001B6842F001021A6007E07B681B681A6810
:103FB0007B681B6842F001021A60FB7B18461037D1
:103FC000BD4680BD000001400004004000080040E4
:103FD000000C00400040014080B584B000AF786024
:103FE00039600023FB733B680C2B2AD03B680C2BF9
:103FF00030D83B68082B1BD03B68082B2AD83B687D
:10400000002B03D03B68042B09D023E07B681B689E
:10401000DA687B681B6822F00202DA601DE07B68C8
:104020001B68DA687B681B6822F00402DA6014E01F
:104030007B681B68DA687B681B6822F00802DA601C
:104040000BE07B681B68DA687B681B6822F0100253
:10405000DA6002E00123FB7300BFFB7B002B56D12B
:104060007B681B6800223968184600F0BCFF7B683B
:104070001B681A6A41F211131340002B0FD17B68A1
:104080001B681A6A40F244431340002B07D17B6837
:104090001B681A687B681B6822F001021A603B6883
:1040A000002B04D17B68012283F83E2013E03B689B
:1040B000042B04D17B68012283F83F200BE03B688E
:1040C000082B04D17B68012283F8402003E07B6841
:1040D000012283F841203B68002B04D17B68012238
:1040E00083F8422013E03B68042B04D17B68012253
:1040F00083F843200BE03B68082B04D17B68012246
:1041000083F8442003E07B68012283F84520FB7B91
:1041100018461037BD4680BD80B584B000AF7860CA
:104120007B681B68DB68FB607B681B681B69BB6086
:10413000BB6803F00203002B26D0FB6803F00203E8
:10414000002B21D07B681B686FF002021A617B682C
:1041500001221A777B681B689B6903F00303002B1D
:1041600005D07B68D3F890307868984709E07B6881
:10417000D3F89830786898477B68D3F89C30786893
:1041800098477B6800221A77BB6803F00403002B72
:1041900026D0FB6803F00403002B21D07B681B684A
:1041A0006FF004021A617B6802221A777B681B6831
:1041B0009B6903F44073002B05D07B68D3F89030E3
:1041C0007868984709E07B68D3F898307868984712
:1041D0007B68D3F89C30786898477B6800221A7710
:1041E000BB6803F00803002B26D0FB6803F008032C
:1041F000002B21D07B681B686FF008021A617B6876
:1042000004221A777B681B68DB6903F00303002B29
:1042100005D07B68D3F890307868984709E07B68D0
:10422000D3F89830786898477B68D3F89C307868E2
:1042300098477B6800221A77BB6803F01003002BB5
:1042400026D0FB6803F01003002B21D07B681B688D
:104250006FF010021A617B6808221A777B681B686E
:10426000DB6903F44073002B05D07B68D3F89030F2
:104270007868984709E07B68D3F898307868984761
:104280007B68D3F89C30786898477B6800221A775F
:10429000BB6803F00103002B0ED0FB6803F00103A1
:1042A000002B09D07B681B686FF001021A617B68E4
:1042B000D3F8803078689847BB6803F08003002B00
:1042C0000ED0FB6803F08003002B09D07B681B68CD
:1042D0006FF080021A617B68D3F8B0307868984735
:1042E000BB6803F04003002B0ED0FB6803F04003D3
:1042F000002B09D07B681B686FF040021A617B6855
:10430000D3F8883078689847BB6803F02003002B07
:104310000ED0FB6803F02003002B09D07B681B68DC
:104320006FF020021A617B68D3F8A830786898474C
:1043300000BF1037BD4680BD80B586B000AFF860C5
:10434000B9607A600023FB75FB6893F83C30012B61
:1043500001D1022388E0FB68012283F83C207B68BE
:10436000002B1BD1FB681868BB681968BB685A68CA
:10437000BB68DB6800F088FCFB681B689A69FB6817
:104380001B6822F00C029A61FB681B689969BB6884
:104390009A68FB681B680A439A6160E07B68042B9B
:1043A0001CD1FB681868BB681968BB685A68BB6891
:1043B000DB6800F0FDFCFB681B689A69FB681B6802
:1043C00022F440629A61FB681B689969BB689B682C
:1043D0001A02FB681B680A439A6140E07B68082B5D
:1043E0001BD1FB681868BB681968BB685A68BB6852
:1043F000DB6800F048FDFB681B68DA69FB681B6836
:1044000022F00C02DA61FB681B68D969BB689A6804
:10441000FB681B680A43DA6121E07B680C2B1CD126
:10442000FB681868BB681968BB685A68BB68DB68BA
:1044300000F064FDFB681B68DA69FB681B6822F406
:104440004062DA61FB681B68D969BB689B681A0225
:10445000FB681B680A43DA6101E00123FB75FB6816
:10446000002283F83C20FB7D18461837BD4680BDEE
:1044700080B584B000AF786039600023FB737B683F
:1044800093F83C30012B01D10223B4E07B68012278
:1044900083F83C207B68022283F83D207B681B6800
:1044A0009B68BB60BB6823F07703BB60BB6823F4E9
:1044B0007F43BB607B681B68BA689A603B681B6877
:1044C000B3F5005F3ED0B3F5005F00F28780B3F52F
:1044D000805F00F08680B3F5805F7FD8702B1AD0A4
:1044E000702B7BD8602B50D0602B77D8502B3CD0D2
:1044F000502B73D8402B58D0402B6FD8302B64D022
:10450000302B6BD8202B60D0202B67D8002B5CD0B1
:10451000102B5AD062E07B6818683B6899683B684A
:104520005A683B68DB6800F03FFD7B681B689B684E
:10453000BB60BB6843F07703BB607B681B68BA68ED
:104540009A604FE07B6818683B6899683B685A68D6
:104550003B68DB6800F028FD7B681B689A687B6815
:104560001B6842F480429A603CE07B6818683B68B4
:1045700059683B68DB681A4600F0ECFB7B681B68F7
:104580005021184600F0F6FC2CE07B6818683B6868
:1045900059683B68DB681A4600F046FC7B681B687C
:1045A0006021184600F0E6FC1CE07B6818683B6858
:1045B00059683B68DB681A4600F0CCFB7B681B68D7
:1045C0004021184600F0D6FC0CE07B681A683B6876
:1045D0001B681946104600F0CDFC03E00123FB7375
:1045E00000E000BF7B68012283F83D207B68002249
:1045F00083F83C20FB7B18461037BD4680BD80B554
:1046000082B000AF786039607B6893F83C30012B52
:1046100001D1022331E07B68012283F83C207B68D2
:10462000022283F83D203968786800F09BFA03463F
:10463000002B09D07B68012283F83D207B68002293
:1046400083F83C20012318E07B681B68DA687B68EC
:104650001B6822F04002DA607B681B68DA687B68BE
:104660001B6822F48042DA607B68012283F83D20D7
:104670007B68002283F83C20002318460837BD469B
:1046800080BD80B483B000AF786000BF0C37BD46FA
:1046900080BC704780B483B000AF786000BF0C3737
:1046A000BD4680BC704780B483B000AF786000BF67
:1046B0000C37BD4680BC704780B483B000AF7860D3
:1046C00000BF0C37BD4680BC704780B483B000AFDC
:1046D000786000BF0C37BD4680BC704780B483B0A3
:1046E00000AF786000BF0C37BD4680BC704780B417
:1046F00083B000AF786000BF0C37BD4680BC704708
:1047000080B483B000AF786000BF0C37BD4680BC7A
:10471000704780B487B000AFF8600B467A60FB72D8
:104720000023FB757B68002B01D101238AE1FB6824
:1047300093F83D30DBB2012B40F00A81FB7A1A2B53
:1047400000F0FE801A2B00F30081192B00F0F3809B
:10475000192B00F3FA80182B00F0E880182B00F3D7
:10476000F480172B00F0DD80172B00F3EE80162B62
:1047700000F0D280162B00F3E880152B00F0C780E4
:10478000152B00F3E280142B00F0BC80142B00F3F7
:10479000DC80132B00F0B180132B00F3D680122B9A
:1047A00000F0A680122B00F3D080112B00F09B802C
:1047B000112B00F3CA80102B00F09080102B00F317
:1047C000C4800F2B00F085800F2B00F3BE800E2BD2
:1047D0007AD00E2B00F3B9800D2B71D00D2B00F386
:1047E000B4800C2B68D00C2B00F3AF800B2B5FD068
:1047F0000B2B00F3AA800A2B56D00A2B00F3A580BE
:10480000092B4DD0092B00F3A080082B44D0082B96
:1048100000F39B80072B3BD0072B00F39680062BE1
:1048200032D0062B00F39180052B29D0052B00F305
:104830008C80042B20D0042B00F38780032B17D00F
:10484000032B00F38280022B0ED0022B7DDC002B89
:1048500002D0012B04D078E0FB687A689A64F0E01B
:10486000FB687A68DA64ECE0FB687A681A65E8E06D
:10487000FB687A685A65E4E0FB687A689A65E0E06C
:10488000FB687A68DA65DCE0FB687A681A66D8E06B
:10489000FB687A685A66D4E0FB687A689A66D0E06A
:1048A000FB687A68DA66CCE0FB687A681A67C8E069
:1048B000FB687A685A67C4E0FB687A689A67C0E068
:1048C000FB687A68DA67BCE0FB687A68C3F8802026
:1048D000B7E0FB687A68C3F88420B2E0FB687A68C6
:1048E000C3F88820ADE0FB687A68C3F88C20A8E0A4
:1048F000FB687A68C3F89020A3E0FB687A68C3F885
:1049000094209EE0FB687A68C3F8982099E0FB68E1
:104910007A68C3F89C2094E0FB687A68C3F8A0200A
:104920008FE0FB687A68C3F8A4208AE0FB687A68A5
:10493000C3F8A82085E0FB687A68C3F8AC2080E063
:10494000FB687A68C3F8B0207BE00123FB7578E050
:10495000FB6893F83D30DBB2002B70D1FB7A0D2B56
:1049600066D00D2B68DC0C2B5ED00C2B64DC0B2B83
:1049700056D00B2B60DC0A2B4ED00A2B5CDC092BAB
:1049800046D0092B58DC082B3ED0082B54DC072BD3
:1049900036D0072B50DC062B2ED0062B4CDC052BFB
:1049A00026D0052B48DC042B1ED0042B44DC032B23
:1049B00016D0032B40DC022B0ED0022B3CDC002B4C
:1049C00002D0012B04D037E0FB687A689A6438E0A3
:1049D000FB687A68DA6434E0FB687A681A6530E06C
:1049E000FB687A685A652CE0FB687A689A6528E06B
:1049F000FB687A68DA6524E0FB687A681A6620E06A
:104A0000FB687A685A661CE0FB687A689A6618E068
:104A1000FB687A68DA6614E0FB687A681A6710E067
:104A2000FB687A685A670CE0FB687A689A6708E066
:104A3000FB687A68DA6704E00123FB7501E0012373
:104A4000FB75FB7D18461C37BD4680BC70470000D7
:104A500080B485B000AF786039607B681B68FB600C
:104A60007B68394A93420FD07B68B3F1804F0BD0FB
:104A70007B68364A934207D07B68354A934203D01D
:104A80007B68344A934208D1FB6823F07003FB60D3
:104A90003B685B68FA681343FB607B682A4A934271
:104AA0001BD07B68B3F1804F17D07B68274A9342B5
:104AB00013D07B68264A93420FD07B68254A9342E5
:104AC0000BD07B68244A934207D07B68234A9342E9
:104AD00003D07B68224A934208D1FB6823F44073D9
:104AE000FB603B68DB68FA681343FB60FB6823F0FC
:104AF00080023B685B691343FB607B68FA681A605D
:104B00003B689A687B68DA623B681A687B689A62DD
:104B10007B680D4A934203D13B681A697B681A632C
:104B20007B6801225A617B681B6903F00103012B3A
:104B300005D17B681B6923F001027B681A6100BF05
:104B40001437BD4680BC704700000140000400409F
:104B500000080040000C00400040014000440140BB
:104B60000048014080B586B000AF7860396000230E
:104B7000FB757B681B689B683B613B6923F0700396
:104B80003B613B685B683A6913433B613B6923F0D7
:104B900007033B613B681B683A6913433B617B68D1
:104BA0001B683A699A603B685B68702B1AD0702B5F
:104BB00060D8602B54D0602B5CD8502B46D0502B43
:104BC00058D8402B19D0402B54D8302B55D0302BEF
:104BD00050D8202B51D0202B4CD8002B4DD0102B4F
:104BE0004BD047E07B6818683B68D9683B689A6897
:104BF0003B681B6900F0D8F940E03B681B68052B57
:104C000001D101233BE07B681B681B6AFB607B686A
:104C10001B681A6A7B681B6822F001021A627B68B3
:104C20001B689B69BB60BB6823F0F003BB603B68FB
:104C30001B691B01BA681343BB607B681B68BA68B9
:104C40009A617B681B68FA681A6217E07B681868CB
:104C50003B6899683B681B691A4600F07BF80DE0D9
:104C60007B6818683B6899683B681B691A4600F0C6
:104C7000DBF803E00123FB7500E000BFFB7D184675
:104C80001837BD4680BD000080B487B000AFF86023
:104C9000B9607A603B60FB681B6A3B61FB681B6A1A
:104CA00023F00102FB681A62FB689B697B61FB6869
:104CB000234A934213D0FB68B3F1804F0FD0FB68B7
:104CC000204A93420BD0FB681F4A934207D0FB68EF
:104CD0001E4A934203D0FB681D4A934201D101232F
:104CE00000E00023002B08D07B6923F003037B61E5
:104CF0007A697B6813437B6103E07B6943F00103BE
:104D00007B617B6923F0F0037B613B681B01DBB2B5
:104D10007A6913437B613B6923F00A033B61BB68FB
:104D200003F00A033A6913433B61FB687A699A61AD
:104D3000FB683A691A6200BF1C37BD4680BC7047E9
:104D4000000001400004004000080040000C00404A
:104D50000040014080B487B000AFF860B9607A606D
:104D6000FB681B6A7B61FB681B6A23F00102FB681E
:104D70001A62FB689B693B613B6923F0F0033B616E
:104D80007B681B013A6913433B617B6923F00A038B
:104D90007B617A69BB6813437B61FB683A699A61FE
:104DA000FB687A691A6200BF1C37BD4680BC704739
:104DB00080B487B000AFF860B9607A603B60FB6890
:104DC0001B6A7B61FB681B6A23F01002FB681A6296
:104DD000FB689B693B613B6923F440733B617B68E3
:104DE0001B023A6913433B613B6923F470433B6107
:104DF0003B681B039BB23A6913433B617B6923F019
:104E0000A0037B61BB681B0103F0A0037A69134315
:104E10007B61FB683A699A61FB687A691A6200BF34
:104E20001C37BD4680BC704780B487B000AFF860C7
:104E3000B9607A60FB681B6A7B61FB681B6A23F0C0
:104E40001002FB681A62FB689B693B613B6923F4B3
:104E500070433B617B681B033A6913433B617B6989
:104E600023F0A0037B61BB681B017A6913437B615C
:104E7000FB683A699A61FB687A691A6200BF1C375D
:104E8000BD4680BC704780B487B000AFF860B960A1
:104E90007A603B60FB681B6A7B61FB681B6A23F4DA
:104EA0008072FB681A62FB68DB693B613B6923F037
:104EB00003033B613A697B6813433B613B6923F021
:104EC000F0033B613B681B01DBB23A6913433B6172
:104ED0007B6923F420637B61BB681B0203F42063BE
:104EE0007A6913437B61FB683A69DA61FB687A6926
:104EF0001A6200BF1C37BD4680BC704780B487B0C3
:104F000000AFF860B9607A603B60FB681B6A7B6148
:104F1000FB681B6A23F48052FB681A62FB68DB693A
:104F20003B613B6923F440733B617B681B023A6938
:104F300013433B613B6923F470433B613B681B03B4
:104F40009BB23A6913433B617B6923F420437B6145
:104F5000BB681B0303F420437A6913437B61FB683E
:104F60003A69DA61FB687A691A6200BF1C37BD468C
:104F700080BC704780B485B000AF786039607B68D2
:104F80009B68FB60FB6823F07003FB603A68FB687A
:104F9000134343F00703FB607B68FA689A6000BF25
:104FA0001437BD4680BC704780B487B000AFF8604E
:104FB000B9607A603B60FB689B687B617B6923F426
:104FC0007F437B613B681A027B681A43BB681343CB
:104FD0007A6913437B61FB687A699A6000BF1C376A
:104FE000BD4680BC704780B487B000AFF860B96040
:104FF0007A60BB6803F01F03012202FA03F37B61AE
:10500000FB681A6A7B69DB431A40FB681A62FB681B
:105010001A6ABB6803F01F03796801FA03F31A43A5
:10502000FB681A6200BF1C37BD4680BC7047000099
:1050300080B483B000AF78607B681C4AC3F88020DE
:105040007B681B4AC3F884207B681A4AC3F888200F
:105050007B68194AC3F88C207B68184AC3F89020F3
:105060007B68174AC3F894207B68164AC3F89820D7
:105070007B68154AC3F89C207B68144AC3F8A020BB
:105080007B68134AC3F8A4207B68124AC3F8A8209F
:105090007B68114AC3F8AC207B68104AC3F8B02083
:1050A00000BF0C37BD4680BC704700BFFD04000840
:1050B00083460008DD460008EF4600085537000823
:1050C000A746000895460008B9460008CB460008E8
:1050D00001470008B9510008CB510008DD51000814
:1050E00080B485B000AF786039607B6893F83C305D
:1050F000012B01D1022350E07B68012283F83C2080
:105100007B68022283F83D207B681B685B68FB603C
:105110007B681B689B68BB60FB6823F07003FB60C7
:105120003B681B68FA681343FB607B681B68FA687E
:105130005A607B681B681B4A934218D07B681B68C7
:10514000B3F1804F13D07B681B68174A93420ED08F
:105150007B681B68154A934209D07B681B68144A18
:10516000934204D07B681B68124A93420CD1BB68FF
:1051700023F08003BB603B685B68BA681343BB6085
:105180007B681B68BA689A607B68012283F83D20BF
:105190007B68002283F83C20002318461437BD4664
:1051A00080BC70470000014000040040000800403F
:1051B000000C00400040014080B483B000AF786034
:1051C00000BF0C37BD4680BC704780B483B000AFD1
:1051D000786000BF0C37BD4680BC704780B483B098
:1051E00000AF786000BF0C37BD4680BC704780B50B
:1051F00086B002AF78607B68002B01D1012301E10A
:105200007B681B68BB607B6893F89534DBB2002B2E
:1052100006D17B68002283F894247868FCF7C8FDE7
:105220007B68032283F89524BB68B3F1A04F02D1B9
:105230007B6800229A717B681B68184601F03CFB72
:105240007B6818687B681A7C8DF8002004330ECBCD
:1052500001F01BFA0346002B05D07B68022283F87D
:1052600095240123CEE07B681B680021184601F0DD
:1052700033FB0346002B05D07B68022283F895247C
:105280000123BFE00023FB734AE0FA7B79681346F1
:10529000DB0013449B000B44153301221A70FA7B88
:1052A00079681346DB0013449B000B441433FA7BEC
:1052B0001A70FA7BFB7B98B279681346DB001344C3
:1052C0009B000B442E3302461A80FA7B7968134602
:1052D000DB0013449B000B44183300221A70FA7B46
:1052E00079681346DB0013449B000B441C330022F7
:1052F0001A60FA7B79681346DB0013449B000B4469
:10530000203300221A60FA7B79681346DB001344CD
:105310009B000B44243300221A60FB7B0133FB7398
:105320007B681B79FA7B9A42AFD30023FB7344E07E
:10533000FA7B79681346DB0013449B000B4403F2AD
:10534000552300221A70FA7B79681346DB00134458
:105350009B000B4403F51573FA7B1A70FA7B79688E
:105360001346DB0013449B000B4403F51673002225
:105370001A70FA7B79681346DB0013449B000B44D8
:1053800003F5177300221A60FA7B79681346DB0075
:1053900013449B000B4403F5187300221A60FA7B38
:1053A00079681346DB0013449B000B4403F5197323
:1053B00000221A60FB7B0133FB737B681B79FA7B4D
:1053C0009A42B5D37B6818687B681A7C8DF80020F8
:1053D00004330ECB01F0CCFA0346002B05D07B68DA
:1053E000022283F8952401230CE07B6800225A7482
:1053F0007B68012283F895247B681B68184602F0BD
:1054000009FB002318461037BD4680BD80B584B027
:1054100000AF78607B681B68FB607B6893F894340E
:10542000012B01D1022322E07B68012283F894241E
:10543000FB68DB6803F04003002B09D07B685B7BD3
:10544000012B05D1FB689B6B43F48032FB689A63A8
:105450007B681B68184601F01FFA7B681B681846BA
:1054600002F0B8FA7B68002283F8942400231846DF
:105470001037BD4680BD90B58DB000AF78607B68B9
:105480001B683B623B6AFB617B681B68184602F045
:105490006FFB0346002B40F08C847B681B6818462A
:1054A00002F0D8FA0346002B00F08284FB6903F572
:1054B00000639B681B0AC3F30D027B68C3F8D42406
:1054C0007B681B68184602F0C5FA034603F0020326
:1054D000022B07D17B681B685A697B681B6802F046
:1054E00002025A617B681B68184602F0B3FA034651
:1054F00003F01003102B61D17B681B689A697B68ED
:105500001B6822F010029A613B6A1B6ABB61BB698F
:1055100003F00F021346DB0013449B0003F51473E2
:105520007A68134404337B61BB6903F4F013B3F569
:10553000802F24D1BA6947F6F0731340002B35D081
:105540007B69D968BB691B099BB2C3F30A039BB291
:105550001A46386A02F0F0F87B69DA68BB691B0901
:10556000C3F30A031A447B69DA607B695A69BB6931
:105570001B09C3F30A031A447B695A6116E0BB692D
:1055800003F4F013B3F5402F10D17B6803F29C4372
:1055900008221946386A02F0CFF87B695A69BB695C
:1055A0001B09C3F30A031A447B695A617B681B68B1
:1055B0009A697B681B6842F010029A617B681B68DD
:1055C000184602F047FA034603F40023B3F5002F10
:1055D00040F0A78000237B627B681B68184602F0BE
:1055E0004BFAB86299E0BB6A03F00103002B00F0AC
:1055F0008E807B681B687A6AD2B21146184602F028
:105600006DFA38613B6903F00103002B0CD07B6A13
:105610005A01FB69134403F530631A460123936072
:10562000796A786800F0A2FE3B6903F00803002B5A
:105630000CD07B6A5A01FB69134403F530631A46A8
:1056400008239360796A786800F078FF3B6903F07B
:105650001003002B08D07B6A5A01FB69134403F541
:1056600030631A46102393603B6903F00203002B5A
:1056700030D03B6A5B6903F08003802B09D1FB6962
:1056800003F500635B68FA6902F5006243F4806326
:1056900053607A6A1346DB0013449B0003F51473CE
:1056A0007A68134404337B617B69DB78012B08D172
:1056B0007B690022DA707B6ADBB219467868FCF7F6
:1056C00073FC7B6A5A01FB69134403F530631A4685
:1056D000022393603B6903F02003002B08D07B6A10
:1056E0005A01FB69134403F530631A462023936083
:1056F0003B6903F40053002B09D07B6A5A01FB6914
:10570000134403F530631A464FF4005393607B6AE9
:1057100001337B62BB6A5B08BB62BB6A002B7FF410
:1057200062AF7B681B68184602F094F9034603F4E5
:105730008023B3F5802F40F0DB807B681B68184620
:1057400002F0B3F9B86200237B62CDE0BB6A03F0DC
:105750000103002B00F0C2807B681B687A6AD2B21A
:105760001146184602F0D7F938613B6903F001038E
:10577000002B57D07B6A03F00F03012202FA03F3D8
:10578000FB60FB6903F500635A6BFB68DB43F96957
:1057900001F5006113404B637B6A5A01FB691344B6
:1057A00003F510631A46012393607B689B79012BF4
:1057B00032D179687A6A1346DB0013449B000B44AC
:1057C0002033196878687A6A1346DB0013449B001B
:1057D00003441C331B68194478687A6A1346DB005B
:1057E00013449B000344203319607B6A002B13D1C0
:1057F00079687A6A1346DB0013449B000B44243318
:105800001B68002B08D17B6818687B6803F29C43F7
:105810001A46012102F0DCF97B6ADBB2194678688E
:10582000FCF747FB3B6903F00803002B08D07B6AB9
:105830005A01FB69134403F510631A460823936069
:105840003B6903F01003002B08D07B6A5A01FB6907
:10585000134403F510631A46102393603B6903F069
:105860004003002B08D07B6A5A01FB69134403F5FF
:1058700010631A46402393603B6903F00203002B38
:1058800023D0796A386A01F0D7F97A6A1346DB00C7
:1058900013449B0010337A68134404337B617B69A3
:1058A000DB78012B08D17B690022DA707B6ADBB2DE
:1058B00019467868FCF78AFB7B6A5A01FB69134436
:1058C00003F510631A46022393603B6903F08003DB
:1058D000002B03D0796A786800F0BCFC7B6A013346
:1058E0007B62BB6A5B08BB62BB6A002B7FF42EAF96
:1058F0007B681B68184602F0ADF8034603F00043CE
:10590000B3F1004F22D1FB6903F500635B68FA69CC
:1059100002F5006223F0010353607B6893F8CC34F6
:10592000012B08D17B68002283F8CC240021786801
:1059300000F0A0FE02E07868FCF728FB7B681B689B
:105940005A697B681B6802F000425A617B681B68D9
:10595000184602F07FF8034603F40063B3F5006FC6
:1059600012D1FB6903F500639B6803F00103012B6F
:1059700002D17868FCF7E4FA7B681B685A697B6897
:105980001B6802F400625A617B681B68184602F0CB
:1059900061F8034603F48053B3F5805F40F0B780AD
:1059A000FB6903F500635B68FA6902F5006223F0A6
:1059B000010353607B681B681021184601F03CF915
:1059C0000023FB6246E0FB6A5A01FB69134403F5BE
:1059D00010631A464FF67F339360FB6A5A01FB69E6
:1059E000134403F510631B68FA6A5101FA690A440B
:1059F00002F5106223F400131360FB6A5A01FB697D
:105A0000134403F530631A464FF67F339360FB6A05
:105A10005A01FB69134403F530631B68FA6A5101AC
:105A2000FA690A4402F5306223F400131360FB6A3A
:105A30005A01FB69134403F530631B68FA6A51018C
:105A4000FA690A4402F5306243F000631360FB6AAE
:105A50000133FB627B681B791A46FB6A9342B2D31F
:105A6000FB6903F50063DB69FA6902F5006243F044
:105A70000113D3617B68DB7B002B16D0FB6903F538
:105A80000063D3F88430FA6902F5006243F00B0337
:105A9000C2F88430FB6903F500635B6CFA6902F5B8
:105AA000006243F00B03536415E0FB6903F50063E8
:105AB0005B69FA6902F5006243F4005343F02B037B
:105AC0005361FB6903F500631B69FA6902F5006223
:105AD00043F00B031361FB6903F500631B68FA696C
:105AE00002F5006223F4FE6313607B6818687B682C
:105AF00099797B6803F29C431A4602F069F87B6847
:105B00001B685A697B681B6802F480525A617B6883
:105B10001B68184601F09EFF034603F40053B3F5DB
:105B2000005F23D17B681B68184602F02EF87B6863
:105B30001B68184601F0F6F803461A467B68DA71CE
:105B40007B681C6802F0F2FC01467B68DB791A4630
:105B5000204600F0FFFD7868FCF7D3F97B681B68EE
:105B60005A697B681B6802F400525A617B681B68A3
:105B7000184601F06FFF034603F00803082B0AD113
:105B80007868FCF7B0F97B681B685A697B681B680A
:105B900002F008025A617B681B68184601F05AFF40
:105BA000034603F08003802B23D13B6A9B6923F0DB
:105BB00080023B6A9A6101237B6214E079687A6A09
:105BC0001346DB0013449B000B4403F257231B785E
:105BD000012B05D17B6ADBB21946786800F009FB1E
:105BE0007B6A01337B627B681B791A467B6A93422E
:105BF000E4D37B681B68184601F02CFF034603F4CE
:105C00008013B3F5801F3CD101237B622BE07B6ABC
:105C10005A01FB69134403F510631B68BB61796883
:105C20007A6A1346DB0013449B000B4418331B783D
:105C3000012B15D1BB69002B12DA79687A6A1346F9
:105C4000DB0013449B000B44173301221A707B6A5C
:105C5000DBB263F07F03DBB21946786800F0C9FA63
:105C60007B6A01337B627B681B791A467B6A9342AD
:105C7000CDD37B681B685A697B681B6802F480126D
:105C80005A617B681B68184601F0E4FE034603F482
:105C90000013B3F5001F56D101237B6245E07B6AF8
:105CA0005A01FB69134403F530631B68BB617968D3
:105CB0007A6A1346DB0013449B000B4403F516730A
:105CC0001B78012B2ED1BB69002B2BDABB6903F4A7
:105CD00080327B68D3F8D43403F001039A4221D197
:105CE00079687A6A1346DB0013449B000B4403F285
:105CF000572301221A703B6A9B6943F080023B6A7A
:105D00009A613B6A5B6903F08003002B0AD1FB694F
:105D100003F500635B68FA6902F5006243F40073FF
:105D2000536008E07B6A01337B627B681B791A460B
:105D30007B6A9342B3D37B681B685A697B681B6894
:105D400002F400125A617B681B68184601F082FE5B
:105D5000034603F08043B3F1804F0AD17868FCF723
:105D600047F97B681B685A697B681B6802F08042B0
:105D70005A617B681B68184601F06CFE034603F00D
:105D80000403042B15D17B681B685B68BB61BB698E
:105D900003F00403002B02D07868FCF737F97B6826
:105DA0001B6859687B681B68BA690A435A6000E03F
:105DB00000BF3437BD4690BD80B582B000AF78607B
:105DC0000B46FB707B6893F89434012B01D10223BE
:105DD00012E07B68012283F894247B68FA785A7475
:105DE0007B681B68FA781146184601F0CEFD7B6887
:105DF000002283F89424002318460837BD4680BD4E
:105E000080B584B000AF7860084611461A46034654
:105E1000FB700B463B801346BB700023FB7297F967
:105E20000330002B0FDAFB7803F00F021346DB0080
:105E300013449B0010337A6813440433FB60FB68FF
:105E400001225A700FE0FB7803F00F021346DB00CB
:105E500013449B0003F514737A6813440433FB6006
:105E6000FB6800225A70FB7803F00F03DAB2FB687C
:105E70001A703B88C3F30A02FB689A60FB68BA7821
:105E80001A71FB685B78002B04D0FB681B781A46FC
:105E9000FB685A83BB78022B02D1FB6800225A713F
:105EA0007B6893F89434012B01D102230EE07B68C8
:105EB000012283F894247B681B68F968184600F077
:105EC00055FF7B68002283F89424FB7A184610372C
:105ED000BD4680BD80B584B000AF78600B46FB70D6
:105EE00097F90330002B0FDAFB7803F00F0213460B
:105EF000DB0013449B0010337A6813440433FB60C7
:105F0000FB6801225A700FE0FB7803F00F02134682
:105F1000DB0013449B0003F514737A6813440433C5
:105F2000FB60FB6800225A70FB7803F00F03DAB2C3
:105F3000FB681A707B6893F89434012B01D102231B
:105F40000EE07B68012283F894247B681B68F96863
:105F5000184600F091FF7B68002283F89424002308
:105F600018461037BD4680BD80B586B000AFF860DA
:105F70007A603B600B46FB72FB7A03F00F0213461C
:105F8000DB0013449B0003F51473FA6813440433D5
:105F90007B617B697A68DA607B693A681A617B6940
:105FA00000225A617B6900225A70FB7A03F00F03CA
:105FB000DAB27B691A70FB689B79012B02D17A688F
:105FC0007B69DA61FB681868FB689B791A46796916
:105FD00001F02EF8002318461837BD4680BD80B466
:105FE00083B000AF78600B46FB70FB7803F00F02C4
:105FF00079681346DB0013449B000B4403F51A73C6
:106000001B6818460C37BD4680BC704780B586B00B
:1060100000AFF8607A603B600B46FB72FB7A03F0DE
:106020000F021346DB0013449B001033FA6813443D
:1060300004337B617B697A68DA607B693A681A614C
:106040007B6900225A617B6901225A70FB7A03F056
:106050000F03DAB27B691A70FB689B79012B02D1BE
:106060007A687B69DA61FB681868FB689B791A4675
:10607000796900F0DDFF002318461837BD4680BD62
:1060800080B584B000AF78600B46FB70FB7803F0FE
:106090000F037A681279934201D901234FE097F9EF
:1060A0000330002B0FDAFB7803F00F021346DB00FE
:1060B00013449B0010337A6813440433FB60FB687D
:1060C00001225A700DE0FA781346DB0013449B005E
:1060D00003F514737A6813440433FB60FB680022F1
:1060E0005A70FB6801229A70FB7803F00F03DAB252
:1060F000FB681A707B6893F89434012B01D102235A
:106100001DE07B68012283F894247B681B68F96892
:10611000184601F068FBFB7803F00F03002B09D150
:106120007B6818687B6899797B6803F29C431A4600
:1061300001F04EFD7B68002283F89424002318466A
:106140001037BD4680BD80B584B000AF78600B4687
:10615000FB70FB7803F00F037A681279934201D940
:10616000012342E097F90330002B0FDAFB7803F0AC
:106170000F021346DB0013449B0010337A6813446C
:106180000433FB60FB6801225A700FE0FB7803F0D8
:106190000F021346DB0013449B0003F514737A6867
:1061A00013440433FB60FB6800225A70FB68002232
:1061B0009A70FB7803F00F03DAB2FB681A707B6801
:1061C00093F89434012B01D102230EE07B68012265
:1061D00083F894247B681B68F968184601F070FB0B
:1061E0007B68002283F89424002318461037BD46AC
:1061F00080BD80B584B000AF78600B46FB7097F926
:106200000330002B0CDAFB7803F00F021346DB009F
:1062100013449B0010337A6813440433FB600CE092
:10622000FB7803F00F021346DB0013449B0003F5D9
:1062300014737A6813440433FB607B681B68F96845
:10624000184601F093F90346FB72FB7A18461037A3
:10625000BD4680BD80B58AB002AF786039607B688A
:106260001B687B617B693B613A681346DB00134422
:106270009B0010337A6813440433FB60FB685A694F
:10628000FB681B699A4201D901236BE0FB681A691C
:10629000FB685B69D31AFB61FB689B68FA699A42E9
:1062A00002D9FB689B68FB61FB6903339B08BB61F8
:1062B0002AE0FB681A69FB685B69D31AFB61FB681B
:1062C0009B68FA699A4202D9FB689B68FB61FB698B
:1062D00003339B08BB61FB68D9683B68DAB2FB6992
:1062E00098B27B689B7900930346786901F0E7F9DF
:1062F000FB68DA68FB691A44FB68DA60FB685A6974
:10630000FB691A44FB685A613B685A013B691344B4
:1063100003F510639B699BB2BA699A4209D8FB687E
:106320005A69FB681B699A4203D2FB681B69002B00
:10633000BFD1FB681A69FB685B699A4211D83B6858
:1063400003F00F03012202FA03F3BB603B6903F57C
:1063500000635A6BBB68DB43396901F50061134088
:106360004B63002318462037BD4680BD80B588B0FA
:1063700000AF786039607B681B68FB61FB69BB61BB
:10638000FB693C3304331B687B613B685A01BB6982
:10639000134403F530639B683B617B689B79012B59
:1063A0007BD13B6903F00803002B15D07B69614A60
:1063B000934240F2B9803B6903F40043002B00F0A4
:1063C000B3803B685A01BB69134403F530631A4636
:1063D0004FF400439360A7E03B6903F02003002BD8
:1063E00009D03B685A01BB69134403F530631A4670
:1063F0002023936098E03B6903F02803002B40F0D2
:1064000093807B694B4A93420FD93B6903F4004365
:10641000002B0AD03B685A01BB69134403F5306373
:106420001A464FF4004393607EE03A681346DB005F
:1064300013449B0003F514737A6813440433FB6020
:10644000FB681A6A3B685901BB690B4403F530636A
:106450001B69C3F31203D21AFB685A613B68002B15
:1064600014D1FB681B69002B09D17B6818687B6815
:1064700003F29C431A46012101F0AAFB06E0FB68E7
:10648000DA68FB685B691A44FB68DA603B68DBB278
:1064900019467868FBF7F2FC46E07B69264A93428E
:1064A00024D13B6903F40043002B0AD03B685A0116
:1064B000BB69134403F530631A464FF400439360FD
:1064C00032E03B6903F02003002B08D03B685A01FF
:1064D000BB69134403F530631A46202393603B687D
:1064E000DBB219467868FBF7C9FC1DE03B68002B5E
:1064F00014D179683A681346DB0013449B000B44BF
:1065000003F519731B68002B08D17B6818687B683A
:1065100003F29C431A46002101F05AFB3B68DBB2B0
:1065200019467868FBF7AAFC002318462037BD46B9
:1065300080BD00BF0A30544F0A31544F80B586B039
:1065400000AF786039607B681B687B617B693B6169
:106550007B693C3304331B68FB603B685A013B6931
:10656000134403F530639B68BB60FB68154A934294
:106570000ED9BB6803F40043002B09D03B685A01D5
:106580003B69134403F530631A464FF400439360AC
:106590007868FBF761FCFB680A4A93420CD97B6878
:1065A0009B79012B08D17B6818687B6803F29C43B8
:1065B0001A46012101F00CFB002318461837BD468E
:1065C00080BD00BF0A30544F80B485B000AF786002
:1065D0000B46FB7013463B807B681B685B6ABB60A5
:1065E000FB78002B07D13B8819047B681B68BA68CD
:1065F0000A439A6228E07B681B689B6A1B0CBA6896
:106600001344BB600023FB730DE07B681A68FB7BBF
:1066100040339B0013445B681B0CBA681344BB6097
:10662000FB7B0133FB73FA7BFB78013B9A42ECD393
:106630003B8818047B681968FB78013BBA68024301
:1066400040339B000B445A60002318461437BD4664
:1066500080BC704780B483B000AF78600B467B800D
:106660007B681B687A885A62002318460C37BD463F
:1066700080BC704780B483B000AF78600B46FB707D
:1066800000BF0C37BD4680BC704784B080B584B075
:1066900000AF786007F11C0080E80E0097F8213009
:1066A000012B23D17B689B6B23F480327B689A6338
:1066B0007B68DB6823F4840323F040037A68D360AB
:1066C0007B68DB6823F440127B68DA6097F8283037
:1066D000012B05D17B68DB6843F480127B68DA60AC
:1066E000786801F0D1FA0346FB731BE07B68DB6836
:1066F00043F040027B68DA60786801F0C5FA03462F
:10670000FB7397F82530002B06D17B689B6B43F415
:1067100080327B689A6305E07B689B6B23F4803250
:106720007B689A63BB7F012B0BD17B689B6843F02E
:1067300006027B689A607B689B6843F020027B6856
:106740009A60FB7B18461037BD46BDE8804004B018
:106750007047000080B487B000AFF860B96013469E
:10676000FB71FB79022B65D1BB68414A934206D984
:10677000BB68404A934202D20F237B6162E0BB6850
:106780003C4A934206D3BB683B4A934202D20E2353
:106790007B6157E0BB68384A934206D3BB68374AEF
:1067A000934202D20D237B614CE0BB68334A934293
:1067B00006D3BB68324A934202D80C237B6141E086
:1067C000BB682F4A934206D9BB682E4A934202D82F
:1067D0000B237B6136E0BB682A4A934206D9BB682B
:1067E000294A934202D80A237B612BE0BB68264AE0
:1067F000934206D9BB68254A934202D209237B61A2
:1068000020E0BB68214A934206D3BB68204A9342EA
:1068100002D808237B6115E0BB681D4A934206D964
:10682000BB681C4A934202D207237B610AE006231D
:106830007B6107E0FB79002B02D109237B6101E03A
:1068400009237B61FB68DB6823F47052FB68DA6024
:10685000FB68DA687B699B0203F470531A43FB6898
:10686000DA60002318461C37BD4680BC704700BF65
:10687000BFACD800C0E1E4000024F400807306013E
:106880009F491A01FF2C31013FA44C0100366E01D3
:106890001FABA6010048E80180B483B000AF786068
:1068A0007B689B6843F001027B689A60002318466E
:1068B0000C37BD4680BC704780B483B000AF7860B1
:1068C0007B689B6823F001027B689A60002318466E
:1068D0000C37BD4680BC704780B584B000AF78608F
:1068E0000B46FB700023FB607B68DB6823F0C04233
:1068F0007B68DA60FB78012B15D17B68DB6843F09D
:1069000000527B68DA600A2002F052FDFB680A330D
:10691000FB60786801F02CF90346012B1ED0FB6860
:10692000C72BF0D91AE0FB78002B15D17B68DB6808
:1069300043F080427B68DA600A2002F039FDFB6890
:106940000A33FB60786801F013F90346002B05D089
:10695000FB68C72BF0D901E0012305E0FB68C82BD9
:1069600001D1012300E0002318461037BD4680BD49
:1069700084B080B586B000AF786007F1240080E86D
:106980000E000023FB757B68FB6000233B6109E080
:106990007A683B6940339B00134400225A603B698C
:1069A00001333B613B690E2BF2D997F82E30002B57
:1069B0001CD1FB6803F500635B68FA6802F50062AE
:1069C00043F0020353607B689B6B43F400127B68C7
:1069D0009A637B689B6B23F400227B689A637B68D5
:1069E0009B6B23F480227B689A630BE07B689B6B34
:1069F00023F400127B689A637B689B6B43F400224C
:106A00007B689A63FB6803F560631A460023136092
:106A100097F82930012B0DD197F82730002B04D19E
:106A20000021786800F066F908E00121786800F03C
:106A300061F903E00321786800F05CF910217868BF
:106A400000F0FAF80346002B01D00123FB757868AB
:106A500000F023F90346002B01D00123FB75FB68EE
:106A600003F500631A4600231361FB6803F5006316
:106A70001A4600235361FB6803F500631A4600239E
:106A8000D36100233B6143E03B695A01FB68134437
:106A900003F510631B6803F00043B3F1004F18D1F6
:106AA0003B69002B0AD13B695A01FB68134403F58B
:106AB00010631A464FF00063136013E03B695A01FC
:106AC000FB68134403F510631A464FF090431360BC
:106AD00008E03B695A01FB68134403F510631A464A
:106AE000002313603B695A01FB68134403F51063EC
:106AF0001A46002313613B695A01FB68134403F5EE
:106B000010631A464FF67F3393603B6901333B6154
:106B100097F824301A463B699342B5D300233B6172
:106B200043E03B695A01FB68134403F530631B687B
:106B300003F00043B3F1004F18D13B69002B0AD199
:106B40003B695A01FB68134403F530631A464FF062
:106B50000063136013E03B695A01FB68134403F5BB
:106B600030631A464FF09043136008E03B695A01C6
:106B7000FB68134403F530631A46002313603B6936
:106B80005A01FB68134403F530631A46002313616E
:106B90003B695A01FB68134403F530631A464FF60C
:106BA0007F3393603B6901333B6197F824301A4689
:106BB0003B699342B5D3FB6803F500631B69FA6830
:106BC00002F5006223F4807313617B6800229A61EE
:106BD0007B686FF080425A6197F82630002B05D110
:106BE0007B689B6943F010027B689A617B689A69B5
:106BF000104B13437A68936197F82A30002B05D025
:106C00007B689B6943F008027B689A6197F82E3095
:106C1000012B07D17B689B6943F0804343F0040359
:106C20007A689361FB7D18461837BD46BDE8804001
:106C300004B0704700383C8080B485B000AF786005
:106C400039600023FB60FB680133FB60FB68B3F134
:106C5000706F01D903231BE07B681B69002BF2DAFC
:106C60000023FB603B689B0143F020027B681A61B4
:106C7000FB680133FB60FB68B3F1706F01D903233C
:106C800006E07B681B6903F02003202BF0D0002373
:106C900018461437BD4680BC704780B485B000AF3D
:106CA00078600023FB60FB680133FB60FB68B3F195
:106CB000706F01D9032318E07B681B69002BF2DA9F
:106CC0000023FB607B6810221A61FB680133FB60C4
:106CD000FB68B3F1706F01D9032306E07B681B6981
:106CE00003F01003102BF0D0002318461437BD46D4
:106CF00080BC704780B485B000AF78600B46FB70F5
:106D00007B68FB60FB6803F500631A68FB78F96831
:106D100001F5006113430B60002318461437BD468C
:106D200080BC704780B487B000AF78607B683B61FF
:106D30003B6903F500639B6803F00603FB60FB6897
:106D4000002B02D10023FB750AE0FB68022B02D066
:106D5000FB68062B02D10223FB7501E00F23FB75B4
:106D6000FB7D18461C37BD4680BC704780B485B09B
:106D700000AF786039607B68FB603B681B78BB6064
:106D80003B685B78012B3AD1FB6803F50063DA6955
:106D90003B681B7803F00F03012101FA03F39BB258
:106DA000F96801F500611343CB61BB685A01FB68C8
:106DB000134403F510631B6803F40043002B55D103
:106DC000BB685A01FB68134403F510631A683B68FB
:106DD0009B68C3F30A013B681B799B041943BB689A
:106DE0009B050B431343BA685101FA680A4402F544
:106DF000106243F0805343F40043136036E0FB68B5
:106E000003F50063DA693B681B7803F00F03012187
:106E100001FA03F31B04F96801F500611343CB6128
:106E2000BB685A01FB68134403F530631B6803F425
:106E30000043002B1AD1BB685A01FB68134403F5C9
:106E400030631A683B689B68C3F30A013B681B798F
:106E50009B040B431343BA685101FA680A4402F5D4
:106E6000306243F0805343F400431360002318461C
:106E70001437BD4680BC704780B485B000AF7860E1
:106E800039607B68FB603B681B78BB603B685B7864
:106E9000012B61D1BB685A01FB68134403F51063F1
:106EA0001B6803F00043B3F1004F1FD1BB685A01C8
:106EB000FB68134403F510631B68BA685101FA6854
:106EC0000A4402F5106243F000631360BB685A0184
:106ED000FB68134403F510631B68BA685101FA6834
:106EE0000A4402F5106243F080431360FB6803F527
:106EF0000063DA6B3B681B7803F00F03012101FA92
:106F000003F39BB2DB43F96801F500611340CB63E7
:106F1000FB6803F50063DA693B681B7803F00F0335
:106F2000012101FA03F39BB2DB43F96801F500612B
:106F30001340CB61BB685A01FB68134403F510632F
:106F40001A68BB685901FB680B4403F510631946C6
:106F5000354B13400B6060E0BB685A01FB6813447B
:106F600003F530631B6803F00043B3F1004F1FD1FA
:106F7000BB685A01FB68134403F530631B68BA68A9
:106F80005101FA680A4402F5306243F0006313606D
:106F9000BB685A01FB68134403F530631B68BA6889
:106FA0005101FA680A4402F5306243F080431360ED
:106FB000FB6803F50063DA6B3B681B7803F00F0393
:106FC000012101FA03F31B04DB43F96801F50061B9
:106FD0001340CB63FB6803F50063DA693B681B78F9
:106FE00003F00F03012101FA03F31B04DB43F968EB
:106FF00001F500611340CB61BB685A01FB68134483
:1070000003F530631A68BB685901FB680B4403F54C
:1070100030631946054B13400B60002318461437A4
:10702000BD4680BC704700BF007833EC0078F3EFBA
:1070300080B58AB002AFF860B9601346FB71FB6897
:10704000FB61BB681B78BB61BB685B78012B40F0C0
:107050007F81BB681B69002B32D1BB695A01FB6978
:10706000134403F510631B69BA695101FA690A44B4
:1070700002F5106223F0FF5323F4C0131361BB69C0
:107080005A01FB69134403F510631B69BA69510186
:10709000FA690A4402F5106243F400231361BB69E4
:1070A0005A01FB69134403F510631B69BA69510166
:1070B000FA690A4402F51062DB0CDB04136197E005
:1070C000BB695A01FB69134403F510631B69BA6974
:1070D0005101FA690A4402F51062DB0CDB0413610A
:1070E000BB695A01FB69134403F510631B69BA6954
:1070F0005101FA690A4402F5106223F0FF5323F4A8
:10710000C0131361BB69002B1AD1BB681A69BB6835
:107110009B689A4203D9BB689A68BB681A61BB69CD
:107120005A01FB69134403F510631B69BA695101E5
:10713000FA690A4402F5106243F40023136144E043
:10714000BB681A69BB689B6813445A1EBB689B687E
:10715000B2FBF3F3FB82BB695A01FB69134403F5ED
:1071600010631A69FB8AD904A44B0B40B969480122
:10717000F969014401F5106113430B61BB681B7988
:10718000012B22D1BB695A01FB69134403F510633B
:107190001B69BA695101FA690A4402F5106223F0C9
:1071A000C0431361BB695A01FB69134403F51063C3
:1071B0001A69FB8A5B0703F0C043B9694801F969A2
:1071C000014401F5106113430B61BB695A01FB696E
:1071D000134403F510631A69BB681B69C3F31203F8
:1071E000B9694801F969014401F5106113430B6164
:1071F000FB79012B4BD1BB68DB69002B09D0BB6944
:107200005A01FB69134403F510631A46BB68DB6936
:107210005361BB681B79012B28D1FB6903F500631F
:107220009B6803F48073002B10D1BB695A01FB6982
:10723000134403F510631B68BA695101FA690A44E3
:1072400002F5106243F0005313600FE0BB695A016E
:10725000FB69134403F510631B68BA695101FA69AD
:107260000A4402F5106243F080531360BB695A016F
:10727000FB69134403F510631B68BA695101FA698D
:107280000A4402F5106243F00443136066E1BB69EF
:107290005A01FB69134403F510631B68BA69510175
:1072A000FA690A4402F5106243F004431360BB68B4
:1072B0001B79012B15D0BB681B69002B00F04E8198
:1072C000FB6903F500635A6BBB681B7803F00F037F
:1072D000012101FA03F3F96901F5006113434B63DE
:1072E0003CE1FB6903F500639B6803F48073002BAA
:1072F00010D1BB695A01FB69134403F510631B6885
:10730000BA695101FA690A4402F5106243F0005368
:1073100013600FE0BB695A01FB69134403F5106366
:107320001B68BA695101FA690A4402F5106243F018
:1073300080531360BB68D968BB681A78BB681B6947
:1073400098B2FB7900930346F86800F0B8F905E1BC
:10735000BB695A01FB69134403F530631B69BA69C1
:107360005101FA690A4402F53062DB0CDB04136157
:10737000BB695A01FB69134403F530631B69BA69A1
:107380005101FA690A4402F5306223F0FF5323F4F5
:10739000C0131361BB69002B32D1BB681B69002B82
:1073A00003D0BB689A68BB681A61BB689A68BB68FF
:1073B0001A62BB695A01FB69134403F530631A6909
:1073C000BB681B6AC3F31203B9694801F969014438
:1073D00001F5306113430B61BB695A01FB6913442A
:1073E00003F530631B69BA695101FA690A4402F571
:1073F000306243F40023136162E000BF0000F81F15
:10740000BB681B69002B23D1BB695A01FB6913447C
:1074100003F530631A69BB689B68C3F31203B9694B
:107420004801F969014401F5306113430B61BB69FF
:107430005A01FB69134403F530631B69BA695101B2
:10744000FA690A4402F5306243F40023136137E01D
:10745000BB681A69BB689B6813445A1EBB689B686B
:10746000B2FBF3F3FB82BB689B68FA8A03FB02F270
:10747000BB681A62BB695A01FB69134403F53063A8
:107480001A69FB8AD904384B0B40B9694801F9697C
:10749000014401F5306113430B61BB695A01FB697B
:1074A000134403F530631A69BB681B6AC3F3120304
:1074B000B9694801F969014401F5306113430B6171
:1074C000FB79012B0DD1BB68DB68002B09D0BB68B1
:1074D000D968BB695A01FB69134403F530630A4656
:1074E0005A61BB681B79012B28D1FB6903F5006346
:1074F0009B6803F48073002B10D1BB695A01FB69B0
:10750000134403F530631B68BA695101FA690A44F0
:1075100002F5306243F0005313600FE0BB695A017B
:10752000FB69134403F530631B68BA695101FA69BA
:107530000A4402F5306243F080531360BB695A017C
:10754000FB69134403F530631B68BA695101FA699A
:107550000A4402F5306243F00443136000231846E6
:107560002037BD4680BD00BF0000F81F80B487B043
:1075700000AF786039600023FB600023FB757B68F7
:107580003B613B685B78012B4AD13B681B785A0111
:107590003B69134403F510631B6803F00043B3F128
:1075A000004F40F086803B681B785A013B691344CA
:1075B00003F510631B683A68127851013A690A446E
:1075C00002F5106243F0006313603B681B785A01B8
:1075D0003B69134403F510631B683A681278510144
:1075E0003A690A4402F5106243F080431360FB6875
:1075F0000133FB60FB6842F21072934202D901230F
:10760000FB7556E03B681B785A013B69134403F550
:1076100010631B6803F00043B3F1004FE7D048E06C
:107620003B681B785A013B69134403F530631B68C0
:1076300003F00043B3F1004F3BD13B681B785A0184
:107640003B69134403F530631B683A6812785101B3
:107650003A690A4402F5306243F0006313603B6804
:107660001B785A013B69134403F530631B683A6881
:10767000127851013A690A4402F5306243F08043BE
:107680001360FB680133FB60FB6842F210729342A7
:1076900002D90123FB750CE03B681B785A013B695A
:1076A000134403F530631B6803F00043B3F1004F4C
:1076B000E7D0FB7D18461C37BD4680BC704780B4C0
:1076C00089B000AFF860B96011461A460B46FB71ED
:1076D0001346BB80FB687B61BB68FB6197F8283071
:1076E000002B23D1BB8803339B083B610023BB6184
:1076F00018E0FB791A037B69134403F580531A469B
:10770000FB691B681360FB690133FB61FB69013393
:10771000FB61FB690133FB61FB690133FB61BB6901
:107720000133BB61BA693B699A42E2D30023184630
:107730002437BD4680BC704780B48BB000AFF86082
:10774000B9601346FB80FB68BB61BB687B62FB884A
:107750009B089BB27B61FB8803F00303FB83002340
:107760003B6214E0BB6903F580531A687B6A1A60B8
:107770007B6A01337B627B6A01337B627B6A013304
:107780007B627B6A01337B623B6A01333B623A6A0C
:107790007B699A42E6D3FB8B002B1ED000233B6211
:1077A000BB6903F580531A4607F1100312681A608B
:1077B0003A693B6ADBB2DB0022FA03F3DAB27B6A96
:1077C0001A703B6A01333B627B6A01337B62FB8B3D
:1077D000013BFB83FB8B002BEAD17B6A18462C37DD
:1077E000BD4680BC704780B485B000AF786039601A
:1077F0007B68FB603B681B78BB603B685B78012B58
:107800002CD1BB685A01FB68134403F510631B6855
:10781000002B12DBBB68002B0FD0BB685A01FB6842
:10782000134403F510631B68BA685101FA680A44EF
:1078300002F5106223F080431360BB685A01FB68B5
:10784000134403F510631B68BA685101FA680A44CF
:1078500002F5106243F4001313602BE0BB685A0179
:10786000FB68134403F530631B68002B12DBBB6815
:10787000002B0FD0BB685A01FB68134403F530633B
:107880001B68BA685101FA680A4402F5306223F0B5
:1078900080431360BB685A01FB68134403F53063EF
:1078A0001B68BA685101FA680A4402F5306243F471
:1078B00000131360002318461437BD4680BC704780
:1078C00080B485B000AF786039607B68FB603B684E
:1078D0001B78BB603B685B78012B28D1BB685A01E1
:1078E000FB68134403F510631B68BA685101FA681A
:1078F0000A4402F5106223F4001313603B681B79FD
:10790000032B03D03B681B79022B38D1BB685A018B
:10791000FB68134403F510631B68BA685101FA68E9
:107920000A4402F5106243F08053136027E0BB68FD
:107930005A01FB68134403F530631B68BA685101B0
:10794000FA680A4402F5306223F4001313603B68BE
:107950001B79032B03D03B681B79022B0FD1BB682B
:107960005A01FB68134403F530631B68BA68510180
:10797000FA680A4402F5306243F080531360002332
:1079800018461437BD4680BC704780B485B000AF40
:1079900078600B46FB707B68FB60FB6803F5006357
:1079A0001B68FA6802F5006223F4FE631360FB684B
:1079B00003F500631A68FB781B0103F4FE63F968A2
:1079C00001F5006113430B60002318461437BD46D0
:1079D00080BC704780B485B000AF78607B68FB6086
:1079E000FB6803F560631B68FA6802F5606223F0C8
:1079F00003031360FB6803F500635B68FA6802F534
:107A0000006223F002035360002318461437BD467A
:107A100080BC704780B485B000AF78607B68FB6045
:107A2000FB6803F560631B68FA6802F5606223F087
:107A300003031360FB6803F500635B68FA6802F5F3
:107A4000006243F002035360002318461437BD461A
:107A500080BC704780B485B000AF78607B685B699C
:107A6000FB607B689B69FA681340FB60FB68184603
:107A70001437BD4680BC704780B485B000AF7860D5
:107A80007B68FB60FB6803F500639B69BB60FB6878
:107A900003F50063DB69BA681340BB60BB681B0C6D
:107AA00018461437BD4680BC704780B485B000AF1F
:107AB00078607B68FB60FB6803F500639B69BB60D3
:107AC000FB6803F50063DB69BA681340BB60BB6801
:107AD0009BB218461437BD4680BC704780B485B051
:107AE00000AF78600B46FB707B68FB60FB785A0147
:107AF000FB68134403F530639B68BB60FB6803F5C8
:107B000000635B69BA681340BB60BB6818461437F2
:107B1000BD4680BC704780B487B000AF78600B462C
:107B2000FB707B687B617B6903F500631B693B61CC
:107B30007B6903F500635B6BFB60FB7803F00F036D
:107B4000FA6822FA03F3DB01DBB23A6913433B61C3
:107B5000FB785A017B69134403F510639B683A690B
:107B60001340BB60BB6818461C37BD4680BC7047DD
:107B700080B483B000AF78607B685B6903F0010379
:107B800018460C37BD4680BC704780B485B000AF46
:107B900078607B68FB60FB6803F510631B68FA681C
:107BA00002F5106223F4FF6323F007031360FB6800
:107BB00003F500635B68FA6802F5006243F48073C2
:107BC0005360002318461437BD4680BC7047000040
:107BD00080B487B000AFF8600B467A60FB72FB6838
:107BE0007B61FB683C3304331B683B613B69254A7E
:107BF00093420AD97B6903F530631B6803F00043A5
:107C0000B3F1004F01D1002337E07B6903F5306306
:107C10001A46002313617B6903F530631B697A6997
:107C200002F5306243F4002313617B6903F530638E
:107C30001B697A6902F5306243F0180313617B69AE
:107C400003F530631B697A6902F5306243F0C04383
:107C50001361FB7A012B0FD17B6903F530631A4660
:107C60007B6853617B6903F530631B687A6902F5B1
:107C7000306243F080231360002318461C37BD4652
:107C800080BC70470A30544F80B485B000AF786034
:107C90000023FB60FB680133FB60FB68B3F1706F8E
:107CA00001D903231BE07B681B69002BF2DA002358
:107CB000FB607B681B6943F001027B681A61FB680B
:107CC0000133FB60FB68B3F1706F01D9032306E059
:107CD0007B681B6903F00103012BF0D000231846D9
:107CE0001437BD4680BC704780B586B000AF786061
:107CF0007B68002B01D1012367E27B681B6803F0DE
:107D00000103002B75D0884B9B6803F00C03042BF8
:107D10000CD0854B9B6803F00C03082B12D1824BCF
:107D20005B6803F48003B3F5800F0BD17E4B1B68B7
:107D300003F40033002B5BD07B685B68002B57D1CA
:107D4000012342E27B685B68B3F5803F06D1764B46
:107D50001B68754A43F4803313601DE07B685B68E1
:107D6000B3F5A02F0CD1704B1B686F4A43F48023EE
:107D700013606D4B1B686C4A43F4803313600BE057
:107D8000694B1B68684A23F480331360664B1B6899
:107D9000654A23F4802313607B685B68002B13D053
:107DA00001F0FCFA386108E001F0F8FA02463B699C
:107DB000D31A642B01D9032307E25B4B1B6803F43E
:107DC0000033002BF0D014E001F0E8FA386108E04D
:107DD00001F0E4FA02463B69D31A642B01D903236C
:107DE000F3E1514B1B6803F40033002BF0D100E0AA
:107DF00000BF7B681B6803F00203002B63D04A4B73
:107E00009B6803F00C03002B0BD0474B9B6803F0DF
:107E10000C03082B1CD1444B5B6803F48003002B3C
:107E200016D1414B1B6803F00203002B05D07B6881
:107E3000DB68012B01D00123C7E13B4B1B6823F01A
:107E4000F8027B681B69DB00374913430B603AE09B
:107E50007B68DB68002B20D0344B01221A6001F0D4
:107E60009DFA386108E001F099FA02463B69D31A9D
:107E7000022B01D90323A8E12B4B1B6803F002035B
:107E8000002BF0D0284B1B6823F0F8027B681B699D
:107E9000DB00254913430B6015E0244B00221A60D8
:107EA00001F07CFA386108E001F078FA02463B699B
:107EB000D31A022B01D9032387E11B4B1B6803F064
:107EC0000203002BF0D17B681B6803F00803002B32
:107ED00036D07B685B69002B16D0154B01221A60E7
:107EE00001F05CFA386108E001F058FA02463B699B
:107EF000D31A022B01D9032367E10B4B5B6F03F00D
:107F00000203002BF0D01BE0094B00221A6001F0A5
:107F100045FA38610EE001F041FA02463B69D31A96
:107F2000022B07D9032350E10038024000004742EA
:107F3000800E4742884B5B6F03F00203002BEAD1AF
:107F40007B681B6803F00403002B00F0978000237C
:107F5000FB75814B1B6C03F08053002B0FD100236A
:107F6000BB607D4B1B6C7C4A43F0805313647A4B9F
:107F70001B6C03F08053BB60BB680123FB75774B20
:107F80001B6803F48073002B18D1744B1B68734A71
:107F900043F48073136001F001FA386108E001F0E6
:107FA000FDF902463B69D31A022B01D903230CE1E8
:107FB0006A4B1B6803F48073002BF0D07B689B68CE
:107FC000012B06D1644B1B6F634A43F00103136717
:107FD0001CE07B689B68052B0CD15F4B1B6F5E4AD6
:107FE00043F0040313675C4B1B6F5B4A43F00103D0
:107FF00013670BE0584B1B6F574A23F001031367BD
:10800000554B1B6F544A23F0040313677B689B682E
:10801000002B15D001F0C2F938610AE001F0BEF979
:1080200002463B69D31A41F28832934201D90323B5
:10803000CBE0494B1B6F03F00203002BEED014E0A2
:1080400001F0ACF938610AE001F0A8F902463B6999
:10805000D31A41F28832934201D90323B5E03E4B53
:108060001B6F03F00203002BEED1FB7D012B05D12A
:10807000394B1B6C384A23F0805313647B689B692F
:10808000002B00F0A180344B9B6803F00C03082BFD
:108090005CD07B689B69022B41D1314B00221A6076
:1080A00001F07CF9386108E001F078F902463B699B
:1080B000D31A022B01D9032387E0274B1B6803F057
:1080C0000073002BF0D17B68DA697B681B6A1A4366
:1080D0007B685B6A9B011A437B689B6A5B08013B78
:1080E0001B041A437B68DB6A1B061B4913434B6066
:1080F0001B4B01221A6001F051F9386108E001F0D0
:108100004DF902463B69D31A022B01D903235CE0E7
:10811000114B1B6803F00073002BF0D054E0104BA0
:1081200000221A6001F03AF9386108E001F036F9EE
:1081300002463B69D31A022B01D9032345E0064BC3
:108140001B6803F00073002BF0D13DE07B689B6956
:10815000012B07D1012338E00038024000700040B5
:10816000600047421B4B5B68FB607B689B69012B8F
:1081700028D0FB6803F480027B68DB699A4221D136
:10818000FB6803F03F027B681B6A9A421AD1FA68C7
:1081900047F6C07313407A68526A9201934211D134
:1081A000FB6803F440327B689B6A5B08013B1B045D
:1081B0009A4207D1FB6803F070627B68DB6A1B069A
:1081C0009A4201D0012300E0002318461837BD462B
:1081D00080BD00BF0038024080B584B000AF786039
:1081E00039607B68002B01D10123CCE0684B1B6810
:1081F00003F007033A689A420CD9654B3A68D2B249
:108200001A70634B1B6803F007033A689A4201D067
:108210000123B8E07B681B6803F00203002B20D029
:108220007B681B6803F00403002B05D0594B9B6847
:10823000584A43F4E05393607B681B6803F00803DB
:10824000002B05D0534B9B68524A43F46043936024
:10825000504B9B6823F0F0027B689B684D491343A9
:108260008B607B681B6803F00103002B44D07B68A4
:108270005B68012B07D1474B1B6803F40033002BCD
:1082800019D101237FE07B685B68022B03D07B68F8
:108290005B68032B07D13F4B1B6803F00073002B77
:1082A00009D101236FE03B4B1B6803F00203002B55
:1082B00001D1012367E0374B9B6823F003027B6801
:1082C0005B68344913438B6001F068F8F8600AE09A
:1082D00001F064F80246FB68D31A41F288329342F7
:1082E00001D903234FE02B4B9B6803F00C027B6802
:1082F0005B689B009A42EBD1254B1B6803F0070398
:108300003A689A420CD2224B3A68D2B21A70204B89
:108310001B6803F007033A689A4201D0012332E058
:108320007B681B6803F00403002B08D0194B9B6883
:1083300023F4E0527B68DB68164913438B607B684B
:108340001B6803F00803002B09D0124B9B6823F431
:1083500060427B681B69DB000E4913438B6000F0B1
:1083600021F802460B4B9B681B0903F00F030A49D7
:10837000CB5C22FA03F3094A1360094B1B681846C9
:10838000F9F7D4FA002318461037BD4680BD00BF68
:10839000003C024000380240104A010870060020EC
:1083A000680600202DE9B04F90B000AF00237B633A
:1083B0000023FB6300233B630023BB63584B9B6894
:1083C00003F00C03082B0DD0082B00F2A080002B2B
:1083D00002D0042B03D09AE0524BBB639AE0524B7D
:1083E000BB6397E04E4B5B6803F03F037B634C4BF2
:1083F0005B6803F48003002B27D0494B5B689B0923
:1084000000223B627A623B6AC3F308000021464BBC
:1084100003FB01F2002300FB03F31344424AA0FBD9
:108420000221F962BA62FA6A1344FB627B6B002292
:10843000BB61FA61D7E90623D7E90A01F7F708FF1C
:1084400002460B461346FB6353E0354B5B689B09C2
:1084500000223B617A613B69C3F3080A4FF0000BCD
:1084600052465B464FF000004FF00001590141EACF
:10847000D261500102460B46B2EB0A0863EB0B09CE
:108480004FF000024FF000034FEA891343EA98636C
:108490004FEA8812B2EB080463EB09054FF00002C3
:1084A0004FF00003EB0043EA5473E20014461D460C
:1084B00014EB0A033B6045EB0B037B604FF00002BB
:1084C0004FF00003D7E9004529468B02214643EAD5
:1084D000915321468A02104619467B6B0022BB60ED
:1084E000FA60D7E90223F7F7B3FE02460B461346BC
:1084F000FB630B4B5B681B0C03F0030301335B0056
:108500003B63FA6B3B6BB2FBF3F3BB6302E0054BDF
:10851000BB6300BFBB6B18464037BD46BDE8B08F9C
:10852000003802400024F40040787D0180B400AFA0
:10853000024B1B681846BD4680BC70477006002081
:1085400080B500AFFFF7F2FF0246054B9B689B0A20
:1085500003F007030349CB5C22FA03F3184680BDFE
:1085600000380240204A010880B500AFFFF7DEFF67
:108570000246054B9B685B0B03F007030349CB5C8A
:1085800022FA03F3184680BD00380240204A010851
:1085900080B483B000AF786039607B680F221A60C6
:1085A000114B9B6803F003027B685A600E4B9B687B
:1085B00003F0F0027B689A600B4B9B6803F4E05277
:1085C0007B68DA60084B9B68DB0803F4E0527B6849
:1085D0001A61064B1B6803F007023B681A6000BF74
:1085E0000C37BD4680BC704700380240003C02405A
:1085F00080B489B000AF7860396000237B610023CC
:108600003B610023BB610023FB6159E10122FB694F
:1086100002FA03F37B613B681B687A6913403B6194
:108620003A697B699A4240F048813B685B6803F095
:108630000303012B05D03B685B6803F00303022BA7
:1086400030D17B689B68BB61FB695B00032202FA47
:1086500003F3DB43BA691340BB613B68DA68FB692B
:108660005B0002FA03F3BA691343BB617B68BA6922
:108670009A607B685B68BB610122FB6902FA03F3C5
:10868000DB43BA691340BB613B685B681B0903F0BD
:108690000102FB6902FA03F3BA691343BB617B6809
:1086A000BA695A603B685B6803F00303032B17D079
:1086B0007B68DB68BB61FB695B00032202FA03F3A2
:1086C000DB43BA691340BB613B689A68FB695B0096
:1086D00002FA03F3BA691343BB617B68BA69DA60D3
:1086E0003B685B6803F00303022B23D1FB69DA08C4
:1086F0007B68083253F82230BB61FB6903F0070343
:108700009B000F2202FA03F3DB43BA691340BB61FB
:108710003B681A69FB6903F007039B0002FA03F345
:10872000BA691343BB61FB69DA087B680832B9692F
:1087300043F822107B681B68BB61FB695B00032266
:1087400002FA03F3DB43BA691340BB613B685B6821
:1087500003F00302FB695B0002FA03F3BA691343F7
:10876000BB617B68BA691A603B685B6803F440339D
:10877000002B00F0A2800023FB60564B5B6C554A37
:1087800043F480435364534B5B6C03F48043FB60BE
:10879000FB68514AFB699B08023352F82330BB61E6
:1087A000FB6903F003039B000F2202FA03F3DB4390
:1087B000BA691340BB617B68484A934219D07B6811
:1087C000474A934213D07B68464A93420DD07B6858
:1087D000454A934207D07B68444A934201D104231F
:1087E00008E0072306E0032304E0022302E001235C
:1087F00000E00023FA6902F0030292009340BA6994
:108800001343BB613449FB699B080233BA6941F8E1
:108810002320374B9B68BB613B69DB43BA6913403C
:10882000BB613B685B6803F48013002B03D0BA691B
:108830003B691343BB612E4ABB6993602C4BDB68D9
:10884000BB613B69DB43BA691340BB613B685B6852
:1088500003F40013002B03D0BA693B691343BB61D7
:10886000234ABB69D360224B5B68BB613B69DB4336
:10887000BA691340BB613B685B6803F40033002BAB
:1088800003D0BA693B691343BB61194ABB695360A2
:10889000174B1B68BB613B69DB43BA691340BB6183
:1088A0003B685B6803F48033002B03D0BA693B69F3
:1088B0001343BB610E4ABB691360FB690133FB6163
:1088C000FB690F2B7FF6A2AE00BF00BF2437BD4669
:1088D00080BC704700380240003801400000024070
:1088E0000004024000080240000C02400010024058
:1088F000003C014080B483B000AF78600B467B80C1
:1089000013467B707B78002B03D07A887B689A6152
:1089100003E07B881A047B689A6100BF0C37BD4670
:1089200080BC704780B485B000AF78600B467B8018
:108930007B685B69FB607A88FB6813401A04FB68FC
:10894000D9437B880B401A437B689A6100BF143778
:10895000BD4680BC7047000080B586B000AF78602F
:1089600000237B6100F01AFD38617B68002B01D188
:10897000012399E07B68022283F835207B6800227E
:1089800083F834207B681B681A687B681B6822F0B8
:1089900001021A600FE000F001FD02463B69D31AA4
:1089A000052B08D97B6820225A657B68032283F84F
:1089B0003520032378E07B681B681B6803F0010304
:1089C000002BE8D17B681B681B687B617A69384B98
:1089D00013407B617B685A687B689B681A437B689D
:1089E000DB681A437B681B691A437B685B691A431F
:1089F0007B689B691A437B68DB691A437B681B6A47
:108A000013437A6913437B617B685B6A042B07D14C
:108A10007B68DA6A7B681B6B13437A6913437B615B
:108A20007B681B687A691A607B681B685B697B617D
:108A30007B6923F007037B617B685B6A7A69134378
:108A40007B617B685B6A042B17D17B689B6A7A69C0
:108A500013437B617B68DB6A002B0ED0786800F0E3
:108A6000FFFA0346002B08D07B6840225A657B68DA
:108A7000012283F83520012316E07B681B687A69A0
:108A80005A61786800F0B8FA0346FB607B68DB6DDA
:108A90003F229A40FB689A607B6800225A657B6897
:108AA000012283F83520002318461837BD4680BDC3
:108AB0003F8010F080B586B000AFF860B9607A6092
:108AC0003B600023FB75FB689B6D3B61FB6893F883
:108AD0003430012B01D1022340E0FB68012283F8EE
:108AE0003420FB6893F83530DBB2012B2FD1FB68C3
:108AF000022283F83520FB6800225A653B687A68B9
:108B0000B968F86800F04AFAFB68DB6D3F229A40CA
:108B10003B699A60FB681B681A68FB681B6842F037
:108B200016021A60FB681B6C002B07D0FB681B68E1
:108B30001A68FB681B6842F008021A60FB681B6831
:108B40001A68FB681B6842F001021A6005E0FB68C6
:108B5000002283F834200223FB75FB7D184618376A
:108B6000BD4680BD80B584B000AF78607B689B6DEA
:108B7000FB6000F013FCB8607B6893F83530DBB223
:108B8000022B08D07B6880225A657B68002283F81C
:108B90003420012352E07B681B681A687B681B68DD
:108BA00022F016021A607B681B685A697B681B6892
:108BB00022F080025A617B681B6C002B03D17B681A
:108BC0009B6C002B07D07B681B681A687B681B684E
:108BD00022F008021A607B681B681A687B681B68B1
:108BE00022F001021A6013E000F0D8FB0246BB68D5
:108BF000D31A052B0CD97B6820225A657B68032287
:108C000083F835207B68002283F83420032315E0A5
:108C10007B681B681B6803F00103002BE4D17B68B1
:108C2000DB6D3F229A40FB689A607B68012283F8E3
:108C300035207B68002283F8342000231846103743
:108C4000BD4680BD80B483B000AF78607B6893F888
:108C50003530DBB2022B04D07B6880225A650123B9
:108C60000CE07B68052283F835207B681B681A6856
:108C70007B681B6822F001021A60002318460C373B
:108C8000BD4680BC7047000080B586B000AF7860FC
:108C90000023BB608E4B1B688E4AA2FB03239B0AFA
:108CA0007B617B689B6D3B613B691B68FB607B68FC
:108CB000DB6D08229A40FB681340002B1AD07B68BA
:108CC0001B681B6803F00403002B13D07B681B6830
:108CD0001A687B681B6822F004021A607B68DB6DEF
:108CE00008229A403B699A607B685B6D43F0010201
:108CF0007B685A657B68DB6D01229A40FB681340F4
:108D0000002B12D07B681B685B6903F08003002B8B
:108D10000BD07B68DB6D01229A403B699A607B68CF
:108D20005B6D43F002027B685A657B68DB6D042251
:108D30009A40FB681340002B12D07B681B681B68AD
:108D400003F00203002B0BD07B68DB6D04229A40FA
:108D50003B699A607B685B6D43F004027B685A65EF
:108D60007B68DB6D10229A40FB681340002B43D0D8
:108D70007B681B681B6803F00803002B3CD07B68F2
:108D8000DB6D10229A403B699A607B681B681B6808
:108D900003F48023002B18D07B681B681B6803F446
:108DA0000023002B08D17B681B6C002B24D07B6830
:108DB0001B6C786898471FE07B689B6C002B1BD06E
:108DC0007B689B6C7868984716E07B681B681B681B
:108DD00003F48073002B07D17B681B681A687B68DB
:108DE0001B6822F008021A607B681B6C002B03D002
:108DF0007B681B6C786898477B68DB6D20229A4003
:108E0000FB681340002B00F08F807B681B681B6899
:108E100003F01003002B00F087807B68DB6D2022BD
:108E20009A403B699A607B6893F83530DBB2052B3A
:108E300036D17B681B681A687B681B6822F01602B3
:108E40001A607B681B685A697B681B6822F0800285
:108E50005A617B681B6C002B03D17B689B6C002BD9
:108E600007D07B681B681A687B681B6822F00802C1
:108E70001A607B68DB6D3F229A403B699A607B6891
:108E8000012283F835207B68002283F834207B6838
:108E90001B6D002B7ED07B681B6D7868984779E04E
:108EA0007B681B681B6803F48023002B1DD07B6844
:108EB0001B681B6803F40023002B0DD17B685B6CDF
:108EC000002B31D07B685B6C786898472CE000BF42
:108ED00070060020B5814E1B7B68DB6B002B23D016
:108EE0007B68DB6B786898471EE07B681B681B68B3
:108EF00003F48073002B0FD17B681B681A687B68B2
:108F00001B6822F010021A607B68012283F835206A
:108F10007B68002283F834207B68DB6B002B03D056
:108F20007B68DB6B786898477B685B6D002B32D081
:108F30007B685B6D03F00103002B22D07B68052268
:108F400083F835207B681B681A687B681B6822F0F1
:108F500001021A60BB680133BB607A699A4207D389
:108F60007B681B681B6803F00103002BF2D100E053
:108F700000BF7B68012283F835207B68002283F8DC
:108F800034207B68DB6C002B05D07B68DB6C786859
:108F9000984700E000BF1837BD4680BD80B485B05B
:108FA00000AFF860B9607A603B60FB681B681A68C4
:108FB000FB681B6822F480221A60FB681B683A6811
:108FC0005A60FB689B68402B08D1FB681B687A6875
:108FD0009A60FB681B68BA68DA6007E0FB681B6888
:108FE000BA689A60FB681B687A68DA6000BF143759
:108FF000BD4680BC7047000080B485B000AF78608B
:109000007B681B68DBB2103B134AA2FB03231B09DE
:10901000FB60124AFB6813441B781A467B68DA65CA
:10902000FB68032B09D97B681B6823F47F7323F04B
:1090300003031A1D7B689A6507E07B681B6823F4AD
:109040007F7323F003037A6893657B689B6D1846F2
:109050001437BD4680BC7047ABAAAAAA084A0108CB
:1090600080B485B000AF78600023FB737B689B6A97
:10907000BB607B689B69002B23D1BB68032B5FD04F
:10908000BB68032B5ED8BB68022B09D0BB68022BE0
:1090900058D8BB68002B03D0BB68012B09D051E026
:1090A0007B68DB6A03F08073002B4DD00123FB73D8
:1090B0004AE07B68DB6AB3F1C07F47D10123FB73D1
:1090C00044E07B689B69B3F5005F26D1BB68032B46
:1090D0001BD0BB68032B3BD8BB68022B09D0BB68F5
:1090E000022B35D8BB68002B03D0BB68012B03D003
:1090F0002EE00123FB7332E07B68DB6A03F08073B0
:10910000002B27D00123FB7324E07B68DB6AB3F1DB
:10911000C07F21D10123FB731EE0BB68022B03D962
:10912000BB68032B03D01AE00123FB7317E07B68B5
:10913000DB6A03F08073002B10D00123FB730DE07A
:1091400000BF0CE000BF0AE000BF08E000BF06E07F
:1091500000BF04E000BF02E000BF00E000BFFB7BF7
:1091600018461437BD4680BC7047000080B485B0F7
:1091700000AF78607B6803F00703FB600C4BDB6893
:10918000BB60BA684FF6FF031340BB60FB681A026E
:10919000BB68134343F0BF6343F40033BB60044A2E
:1091A000BB68D36000BF1437BD4680BC704700BFAA
:1091B00000ED00E080B400AF044BDB681B0A03F055
:1091C00007031846BD4680BC704700BF00ED00E0B5
:1091D00080B483B000AF0346FB7197F90730002BD2
:1091E0000BDBFB7903F01F02064997F907305B0997
:1091F000012000FA02F241F8232000BF0C37BD46DF
:1092000080BC704700E100E080B483B000AF03464B
:109210003960FB7197F90730002B0ADB3B68DAB243
:109220000C4997F907301201D2B20B4483F800239E
:109230000AE03B68DAB20849FB7903F00F03043B0C
:109240001201D2B20B441A7600BF0C37BD4680BC67
:10925000704700BF00E100E000ED00E080B489B09D
:1092600000AFF860B9607A60FB6803F007037B61C8
:109270007B69033B042B04D87B69C3F10703FB61C3
:1092800001E00423FB617B690433062B03D97B696E
:10929000033BBB6101E00023BB614FF0FF32FB6980
:1092A00002FA03F3DA43BB681A40BB699A404FF0F5
:1092B000FF31BB6901FA03F3D9437B680B401343C9
:1092C00018462437BD4680BC704780B582B000AFD9
:1092D00078607868FFF74AFF00BF0837BD4680BD59
:1092E00080B586B000AF0346B9607A60FB73002397
:1092F0007B61FFF75FFF78617A68B9687869FFF78B
:10930000ADFF024697F90F3011461846FFF77CFF74
:1093100000BF1837BD4680BD80B582B000AF0346A0
:10932000FB7197F907301846FFF752FF00BF083767
:10933000BD4680BD80B500AF0E4B1B680D4A43F49F
:10934000007313600B4B1B680A4A43F4806313607D
:10935000084B1B68074A43F4807313600320FFF730
:10936000B4FF0520F8F7E2FAF8F776F9002318467B
:1093700080BD00BF003C024080B400AF054B1B78AD
:109380001A46054B1B681344034A136000BFBD46D1
:1093900080BC70476C0600200061002080B400AFE4
:1093A000024B1B681846BD4680BC70470061002018
:1093B00080B584B000AF7860FFF7F0FFB8607B68DD
:1093C000FB60FB68B3F1FF3F05D00A4B1B781A46E0
:1093D000FB681344FB6000BFFFF7E0FF0246BB6879
:1093E000D31AFA689A42F7D800BF00BF1037BD46BB
:1093F00080BD00BF6C06002080B584B000AF7860EF
:109400000023FB737B68002B01D1012333E07B68D1
:109410001B6C002B09D1786808F082FF7B68002262
:109420005A647B68002283F83C207B681B6C03F045
:109430001003002B18D17B681B6C23F4885323F096
:10944000020343F002027B681A64786800F096FA1F
:109450007B6800225A647B681B6C23F0030343F093
:1094600001027B681A6401E00123FB737B68002220
:1094700083F83C20FB7B18461037BD4680BD0000BA
:1094800080B485B000AF78600023BB607B6893F840
:109490003C30012B01D1022397E07B68012283F845
:1094A0003C207B681B689B6803F00103012B18D0EC
:1094B0007B681B689A687B681B6842F001029A60AF
:1094C000444B1B68444AA2FB03239A0C13465B00DF
:1094D0001344BB6002E0BB68013BBB60BB68002B70
:1094E000F9D17B681B689B6803F00103012B5FD1F6
:1094F0007B681B6C23F4E06323F0010343F4807268
:109500007B681A647B681B685B6803F48063002BCC
:1095100007D07B681B6C23F4405343F480527B6874
:109520001A647B681B6C03F48053B3F5805F06D12B
:109530007B685B6C23F006027B685A6402E07B6800
:1095400000225A647B68002283F83C20234BFB6096
:109550007B681B686FF022021A60FB685B6803F08F
:109560001F03002B0FD17B681B689B6803F04053DF
:10957000002B29D17B681B689A687B681B6842F0C6
:1095800080429A6020E07B681B68154A93421BD199
:109590007B681B689B6803F04053002B14D17B68E9
:1095A0001B689A687B681B6842F080429A600BE0F7
:1095B0007B681B6C43F010027B681A647B685B6CF1
:1095C00043F001027B685A64002318461437BD46F5
:1095D00080BC70477006002083DE1B4300230140DF
:1095E0000020014080B584B000AF7860396000236E
:1095F000FB607B681B689B6803F48063B3F5806F36
:1096000013D17B681B689B6803F48073B3F5807F7C
:109610000BD17B681B6C43F020027B681A647B686B
:10962000002283F83C20012363E0FFF7B7FEF860D7
:1096300021E03B68B3F1FF3F1DD03B68002B07D012
:10964000FFF7ACFE0246FB68D31A3A689A4212D280
:109650007B681B681B6803F00203022B0BD07B683E
:109660001B6C43F004027B681A647B68002283F859
:109670003C2003233DE07B681B681B6803F002036A
:10968000022BD6D17B681B686FF012021A607B68D0
:109690001B6C43F400727B681A647B681B689B68D0
:1096A00003F04053002B23D17B681B7E002B1FD17E
:1096B0007B681B68DB6A03F47003002B06D07B68B1
:1096C0001B689B6803F48063002B11D17B681B6CC3
:1096D00023F480727B681A647B681B6C03F48053EC
:1096E000002B05D17B681B6C43F001027B681A6478
:1096F000002318461037BD4680BD80B483B000AF4C
:1097000078607B681B68DB6C18460C37BD4680BCF4
:109710007047000080B485B000AF786039600023E6
:10972000BB607B6893F83C30012B01D1022316E12A
:109730007B68012283F83C203B681B68092B26D9F3
:109740007B681B68D9683B681B689BB2A3F10A025F
:1097500013465B001344072202FA03F3DA437B68E3
:109760001B680A40DA607B681B68D9683B689868A8
:109770003B681B689BB2A3F10A0213465B001344CB
:1097800000FA03F27B681B680A43DA6022E07B6818
:109790001B6819693B681B689BB21A4613465B003D
:1097A0001344072202FA03F3DA437B681B680A407A
:1097B0001A617B681B6819693B689A683B681B687B
:1097C0009BB2184603465B0003449A407B681B68C3
:1097D0000A431A613B685B68062B24D87B681B68C8
:1097E000596B3B685B685A1E13469B0013441F224B
:1097F00002FA03F3DA437B681B680A405A637B680A
:109800001B68596B3B681B689BB218463B685B68DA
:109810005A1E13469B00134400FA03F27B681B6830
:109820000A435A634EE03B685B680C2B24D87B6884
:109830001B68196B3B685B68DA1F13469B00134477
:109840001F2202FA03F3DA437B681B680A401A639B
:109850007B681B68196B3B681B689BB218463B68AA
:109860005B68DA1F13469B00134400FA03F27B681F
:109870001B680A431A6325E07B681B68D96A3B684A
:109880005B68A3F10D0213469B0013441F2202FAEA
:1098900003F3DA437B681B680A40DA627B681B6863
:1098A000D96A3B681B689BB218463B685B68A3F1AA
:1098B0000D0213469B00134400FA03F27B681B68F9
:1098C0000A43DA62284BFB607B681B68274A934295
:1098D0000FD13B681B68122B0BD1FB685B6823F42C
:1098E0000002FB685A60FB685B6843F48002FB6817
:1098F0005A607B681B681D4A93422BD13B681B68EA
:109900001B4A934203D03B681B68112B22D1FB6892
:109910005B6823F48002FB685A60FB685B6843F471
:109920000002FB685A603B681B68114A934211D1E0
:10993000104B1B68104AA2FB03239A0C13469B0092
:1099400013445B00BB6002E0BB68013BBB60BB68CB
:10995000002BF9D17B68002283F83C2000231846B5
:109960001437BD4680BC70470023014000200140F1
:10997000120000107006002083DE1B4380B485B007
:1099800000AF7860794BFB60FB685B6823F4403282
:10999000FB685A60FB685A687B685B681A43FB681F
:1099A0005A607B681B685A687B681B6822F4807267
:1099B0005A607B681B6859687B681B691A027B6860
:1099C0001B680A435A607B681B685A687B681B687F
:1099D00022F040725A607B681B6859687B689A68FD
:1099E0007B681B680A435A607B681B689A687B68BF
:1099F0001B6822F400629A607B681B6899687B6828
:109A0000DA687B681B680A439A607B689B6A584ADD
:109A1000934222D07B681B689A687B681B6822F09F
:109A200070629A607B681B6899687B689A6A7B6839
:109A30001B680A439A607B681B689A687B681B688E
:109A400022F040529A607B681B6899687B68DA6AEA
:109A50007B681B680A439A600FE07B681B689A6802
:109A60007B681B6822F070629A607B681B689A684A
:109A70007B681B6822F040529A607B681B689A687A
:109A80007B681B6822F002029A607B681B689968F9
:109A90007B681B7E5A007B681B680A439A607B6860
:109AA00093F82030002B1BD07B681B685A687B68BA
:109AB0001B6842F400625A607B681B685A687B68C6
:109AC0001B6822F460425A607B681B6859687B6897
:109AD0005B6A013B5A037B681B680A435A6007E0D4
:109AE0007B681B685A687B681B6822F400625A60B6
:109AF0007B681B68DA6A7B681B6822F47002DA6292
:109B00007B681B68D96A7B68DB69013B1A057B6847
:109B10001B680A43DA627B681B689A687B681B686B
:109B200022F400729A607B681B6899687B6893F8DE
:109B300030305A027B681B680A439A607B681B6856
:109B40009A687B681B6822F480629A607B681B6855
:109B500099687B685B699A027B681B680A439A6014
:109B600000BF1437BD4680BC704700BF00230140D2
:109B70000100000F80B582B000AF78607B68002BD9
:109B800001D1012342E07B6893F84130DBB2002B26
:109B900006D17B68002283F84020786808F07AFEBE
:109BA0007B68242283F841207B681B68DA687B6825
:109BB0001B6822F40052DA60786800F055FF7B6879
:109BC0001B681A697B681B6822F490421A617B68E3
:109BD0001B685A697B681B6822F02A025A617B68FD
:109BE0001B68DA687B681B6842F40052DA607B68A5
:109BF00000225A647B68202283F841207B6820225F
:109C000083F842207B6800225A63002318460837F5
:109C1000BD4680BD80B58CB000AFF860B96013461A
:109C2000FB80FB6893F84130DBB2202B56D1BB6838
:109C3000002B02D0FB88002B01D101234FE0BA6832
:109C4000FB681A62FB68FA889A84FB68FA88DA84EF
:109C5000FB6800225A64FB68212283F84120FB68DC
:109C60009B6B214ADA63FB689B6B204A1A64FB6892
:109C70009B6B1F4ADA64FB689B6B00221A6507F135
:109C80000803FB62FB68986BFB6A1968FB681B683A
:109C900004331A46FB88FEF70DFFFB681B686FF064
:109CA00040021A60FB681B681433BB61BB6953E850
:109CB000003F7B617B6943F08003BB62FB681B68EC
:109CC0001433BA6A7A623B62396A7A6A41E80023DD
:109CD000FB61FB69002BE5D1002300E0022318465D
:109CE0003037BD4680BD00BF07A30008A1A3000810
:109CF00025A5000880B58CB000AFF860B9601346A8
:109D0000FB80FB6893F84230DBB2202B4AD1BB6862
:109D1000002B02D0FB88002B01D1012343E0FB681C
:109D200001221A63FB6800225A63FB881A46B9684D
:109D3000F86800F03DFC034687F82F3097F82F3085
:109D4000002B2CD1FB681B6B012B25D100233B6121
:109D5000FB681B681B683B61FB681B685B683B61B9
:109D60003B69FB681B680C33BB61BB6953E8003F70
:109D70007B617B6943F01003BB62FB681B680C339B
:109D8000BA6A7A623B62396A7A6A41E80023FB6107
:109D9000FB69002BE5D102E0012387F82F3097F80B
:109DA0002F3000E0022318463037BD4680BD00004A
:109DB00080B5BAB000AF78607B681B681B68C7F8D5
:109DC000E4307B681B68DB68C7F8E0307B681B68A1
:109DD0005B69C7F8DC300023C7F8D8300023C7F828
:109DE000D430D7F8E43003F00F03C7F8D830D7F8F1
:109DF000D830002B0FD1D7F8E43003F02003002B2C
:109E000009D0D7F8E03003F02003002B03D07868A6
:109E100000F06CFD59E2D7F8D830002B00F0DC8060
:109E2000D7F8DC3003F00103002B06D1D7F8E0307F
:109E300003F49073002B00F0CF80D7F8E43003F0E8
:109E40000103002B0BD0D7F8E03003F48073002B14
:109E500005D07B685B6C43F001027B685A64D7F8DD
:109E6000E43003F00403002B0BD0D7F8DC3003F010
:109E70000103002B05D07B685B6C43F002027B681A
:109E80005A64D7F8E43003F00203002B0BD0D7F864
:109E9000DC3003F00103002B05D07B685B6C43F0E2
:109EA00004027B685A64D7F8E43003F00803002BFF
:109EB00011D0D7F8E03003F02003002B05D1D7F8FC
:109EC000DC3003F00103002B05D07B685B6C43F0B2
:109ED00008027B685A647B685B6C002B00F0F081A1
:109EE000D7F8E43003F02003002B08D0D7F8E03097
:109EF00003F02003002B02D0786800F0F7FC7B68A9
:109F00001B685B6903F04003C3F38013DBB2C7F83F
:109F1000D4307B685B6C03F00803002B03D1D7F8C7
:109F2000D430002B4FD0786800F003FC7B681B68AE
:109F30005B6903F04003402B41D17B681B681433FD
:109F4000C7F89C30D7F89C3053E8003FC7F89830EA
:109F5000D7F8983023F04003C7F8D0307B681B68EF
:109F60001433D7F8D020C7F8A820C7F8A430D7F802
:109F7000A410D7F8A82041E80023C7F8A030D7F8EC
:109F8000A030002BD9D17B68DB6B002B13D07B6812
:109F9000DB6B7E4A1A657B68DB6B1846FEF752FE68
:109FA0000346002B16D07B68DB6B1B6D7A68D26B87
:109FB000104698470EE0786800F09CF90AE078684F
:109FC00000F098F906E0786800F094F97B680022C8
:109FD0005A6475E100BF73E17B681B6B012B40F095
:109FE0004F81D7F8E43003F01003002B00F04881D4
:109FF000D7F8E03003F01003002B00F0418100237C
:10A00000BB607B681B681B68BB607B681B685B6808
:10A01000BB60BB687B681B685B6903F04003402B37
:10A0200040F0B6807B68DB6B1B685B68A7F8BE30CE
:10A03000B7F8BE30002B00F045817B689B8DB7F8E8
:10A04000BE209A4280F03E817B68B7F8BE20DA8558
:10A050007B68DB6BDB69B3F5807F00F088807B6811
:10A060001B680C33C7F88830D7F8883053E8003FB6
:10A07000C7F88430D7F8843023F48073C7F8B83039
:10A080007B681B680C33D7F8B820C7F89420C7F852
:10A090009030D7F89010D7F8942041E80023C7F803
:10A0A0008C30D7F88C30002BD9D17B681B681433E7
:10A0B0007B677B6F53E8003F3B673B6F23F00103F7
:10A0C000C7F8B4307B681B681433D7F8B420C7F8DE
:10A0D0008020FB67F96FD7F8802041E80023BB6739
:10A0E000BB6F002BE1D17B681B6814333B663B6E72
:10A0F00053E8003FFB65FB6D23F04003C7F8B03029
:10A100007B681B681433D7F8B020FA66BB66B96E5B
:10A11000FA6E41E800237B667B6E002BE3D17B68FF
:10A12000202283F842207B6800221A637B681B6828
:10A130000C33FB64FB6C53E8003FBB64BB6C23F047
:10A140001003C7F8AC307B681B680C33D7F8AC2021
:10A15000BA657B65796DBA6D41E800233B653B6D5F
:10A16000002BE3D17B68DB6B1846FEF7FBFC7B68BA
:10A1700002225A637B689A8D7B68DB8D9BB2D31A6F
:10A180009BB219467868F8F707FE9BE0F7A700082E
:10A190007B689A8D7B68DB8D9BB2D31AA7F8CE3093
:10A1A0007B68DB8D9BB2002B00F08E80B7F8CE3041
:10A1B000002B00F089807B681B680C33BB63BB6B92
:10A1C00053E8003F7B637B6B23F49073C7F8C83080
:10A1D0007B681B680C33D7F8C8207A643B64396C01
:10A1E0007A6C41E80023FB63FB6B002BE3D17B68B7
:10A1F0001B6814337B627B6A53E8003F3B623B6A17
:10A2000023F00103C7F8C4307B681B681433D7F808
:10A21000C4203A63FB62F96A3A6B41E80023BB62EF
:10A22000BB6A002BE3D17B68202283F842207B6845
:10A2300000221A637B681B680C333B613B6953E85F
:10A24000003FFB60FB6823F01003C7F8C0307B6859
:10A250001B680C33D7F8C020FA61BB61B969FA6991
:10A2600041E800237B617B69002BE3D17B680222FC
:10A270005A63B7F8CE3019467868F8F78DFD23E0B9
:10A28000D7F8E43003F08003002B09D0D7F8E03092
:10A2900003F08003002B03D0786800F0C0FA14E0CC
:10A2A000D7F8E43003F04003002B0ED0D7F8E030AD
:10A2B00003F04003002B08D0786800F0FFFA04E0B8
:10A2C00000BF02E000BF00E000BFE837BD4680BD30
:10A2D00080B483B000AF786000BF0C37BD4680BC4F
:10A2E000704780B483B000AF786000BF0C37BD46C4
:10A2F00080BC704780B483B000AF786000BF0C377B
:10A30000BD4680BC704780B590B000AF78607B6878
:10A310009B6BFB637B681B681B6803F48073002BDB
:10A3200037D1FB6B0022DA84FB6B1B6814337B6232
:10A330007B6A53E8003F3B623B6A23F08003BB63C8
:10A34000FB6B1B681433BA6B3A63FB62F96A3A6BB6
:10A3500041E80023BB62BB6A002BE5D1FB6B1B68A5
:10A360000C333B613B6953E8003FFB60FB6843F003
:10A3700040037B63FB6B1B680C337A6BFA61BB6138
:10A38000B969FA6941E800237B617B69002BE5D15B
:10A3900002E0F86BF8F764FD00BF4037BD4680BDB2
:10A3A00080B584B000AF78607B689B6BFB60F86819
:10A3B000F8F74CFD00BF1037BD4680BD80B59CB09E
:10A3C00000AF78607B689B6BFB667B681B681B68D3
:10A3D00003F48073002B72D1FB6E0022DA85FB6ED2
:10A3E0001B680C33FB64FB6C53E8003FBB64BB6C25
:10A3F00023F48073BB66FB6E1B680C33BA6EBA65C0
:10A400007B65796DBA6D41E800233B653B6D002BA0
:10A41000E5D1FB6E1B681433BB63BB6B53E8003F95
:10A420007B637B6B23F001037B66FB6E1B6814333D
:10A430007A6E7A643B64396C7A6C41E80023FB6382
:10A44000FB6B002BE5D1FB6E1B6814337B627B6AD0
:10A4500053E8003F3B623B6A23F040033B66FB6EE0
:10A460001B6814333A6E3A63FB62F96A3A6B41E84F
:10A470000023BB62BB6A002BE5D1FB6E202283F870
:10A480004220FB6E1B6B012B19D1FB6E1B680C333A
:10A490003B613B6953E8003FFB60FB6823F010031E
:10A4A000FB65FB6E1B680C33FA6DFA61BB61B96921
:10A4B000FA6941E800237B617B69002BE5D1FB6EE3
:10A4C00000225A63FB6E1B6B012B06D1FB6E9B8D2A
:10A4D0001946F86EF8F760FC02E0F86EFFF7F8FE38
:10A4E00000BF7037BD4680BD80B584B000AF7860D6
:10A4F0007B689B6BFB60FB6801225A63FB681B6BEC
:10A50000012B08D1FB689B8D5B089BB21946F8684C
:10A51000F8F742FC02E0F868FFF7E3FE00BF1037EF
:10A52000BD4680BD80B584B000AF78600023FB607D
:10A530007B689B6BBB60BB681B685B6903F0800337
:10A54000C3F3C013DBB2FB60BB6893F84130DBB2EE
:10A55000212B08D1FB68002B05D0BB680022DA84D0
:10A56000B86800F0BFF8BB681B685B6903F0400384
:10A57000C3F38013DBB2FB60BB6893F84230DBB2FD
:10A58000222B08D1FB68002B05D0BB680022DA859E
:10A59000B86800F0CEF8BB685B6C43F01002BB6893
:10A5A0005A64B868FFF7A6FE00BF1037BD4680BDED
:10A5B00080B598B000AFF860B9601346FB80BA6808
:10A5C000FB689A62FB68FA889A85FB6800225A64E5
:10A5D000FB68222283F84220FB68DB6B3E4ADA6389
:10A5E000FB68DB6B3D4A1A64FB68DB6B3C4ADA6450
:10A5F000FB68DB6B00221A6507F10803FB65FB684B
:10A60000D86BFB681B6804331946FB6D1A68FB881E
:10A61000FEF750FA00233B61FB681B681B683B6137
:10A62000FB681B685B683B613B69FB681B69002B2F
:10A6300019D0FB681B680C333B643B6C53E8003F4C
:10A64000FB63FB6B43F48073BB65FB681B680C33D7
:10A65000BA6DFA64BB64B96CFA6C41E800237B64A0
:10A660007B6C002BE5D1FB681B681433FB62FB6A33
:10A6700053E8003FBB62BB6A43F001037B65FB68A4
:10A680001B6814337A6DBA637B63796BBA6B41E8EC
:10A6900000233B633B6B002BE5D1FB681B68143345
:10A6A000BB61BB6953E8003F7B617B6943F04003BA
:10A6B0003B65FB681B6814333A6D7A623B62396A0A
:10A6C0007A6A41E80023FB61FB69002BE5D1002396
:10A6D00018466037BD4680BDBDA30008E9A4000848
:10A6E00025A5000880B489B000AF78607B681B683E
:10A6F0000C33FB60FB6853E8003FBB60BB6823F092
:10A70000C003FB617B681B680C33FA69BA617B612B
:10A710007969BA6941E800233B613B69002BE5D1C7
:10A720007B68202283F8412000BF2437BD4680BCCF
:10A73000704780B495B000AF78607B681B680C33BD
:10A740007B637B6B53E8003F3B633B6B23F490736D
:10A75000FB647B681B680C33FA6C3A64FB63F96B2F
:10A760003A6C41E80023BB63BB6B002BE5D17B68EF
:10A770001B6814333B623B6A53E8003FFB61FB6993
:10A7800023F00103BB647B681B681433BA6CFA6264
:10A79000BB62B96AFA6A41E800237B627B6A002BDC
:10A7A000E5D17B681B6B012B19D17B681B680C33CF
:10A7B000FB60FB6853E8003FBB60BB6823F01003FD
:10A7C0007B647B681B680C337A6CBA617B61796946
:10A7D000BA6941E800233B613B69002BE5D17B6806
:10A7E000202283F842207B6800221A6300BF54377E
:10A7F000BD4680BC704780B584B000AF78607B6890
:10A800009B6BFB60FB680022DA85FB680022DA8420
:10A81000F868FFF76FFD00BF1037BD4680BD80B4FC
:10A8200085B000AF78607B6893F84130DBB2212BB4
:10A830003ED17B689B68B3F5805F14D17B681B6950
:10A84000002B10D17B681B6AFB60FB681B881A46D3
:10A850007B681B68C2F308025A607B681B6A9A1CFB
:10A860007B681A6208E07B681B6A591C7A6811626F
:10A870001A787B681B685A607B68DB8C9BB2013B53
:10A880009BB27A681946D184002B0FD17B681B6874
:10A89000DA687B681B6822F08002DA607B681B68DC
:10A8A000DA687B681B6842F04002DA60002300E04F
:10A8B000022318461437BD4680BC704780B582B06D
:10A8C00000AF78607B681B68DA687B681B6822F0E1
:10A8D0004002DA607B68202283F841207868F8F72C
:10A8E000BFFA002318460837BD4680BD80B58CB03E
:10A8F00000AF78607B6893F84230DBB2222B40F0E7
:10A90000AE807B689B68B3F5805F17D17B681B695D
:10A91000002B13D10023FB627B689B6ABB627B68C0
:10A920001B685B689BB2C3F308039AB2BB6A1A80C8
:10A930007B689B6A9A1C7B689A6226E07B689B6AAC
:10A94000FB620023BB627B689B68B3F5805F07D026
:10A950007B689B68002B0AD17B681B69002B06D1A2
:10A960007B681B685B68DAB2FB6A1A7008E07B6878
:10A970001B685B68DBB203F07F03DAB2FB6A1A7014
:10A980007B689B6A5A1C7B689A627B68DB8D9BB2F2
:10A99000013B9BB27A681946D185002B5DD17B685B
:10A9A0001B68DA687B681B6822F02002DA607B682B
:10A9B0001B68DA687B681B6822F48072DA607B6847
:10A9C0001B685A697B681B6822F001025A617B6828
:10A9D000202283F842207B6800225A637B681B6B2D
:10A9E000012B35D17B6800221A637B681B680C330E
:10A9F0007B617B6953E8003F3B613B6923F01003B7
:10AA00007B627B681B680C337A6A3A62FB61F96986
:10AA10003A6A41E80023BB61BB69002BE5D17B6842
:10AA20001B681B6803F01003102B0AD10023FB6086
:10AA30007B681B681B68FB607B681B685B68FB604E
:10AA4000FB687B689B8D19467868F8F7A5F902E0EA
:10AA50007868FFF73DFC002302E0002300E00223BA
:10AA600018463037BD4680BD2DE9B04FC0B000AFAD
:10AA7000C7F8F400D7F8F4301B681B6923F4405082
:10AA8000D7F8F430D968D7F8F4301A6840EA0103EF
:10AA90001361D7F8F4309A68D7F8F4301B691A4379
:10AAA000D7F8F4305B691A43D7F8F430DB69134305
:10AAB000C7F8F830D7F8F4301B68DB6823F4164188
:10AAC00021F00C01D7F8F4301A68D7F8F8300B43AE
:10AAD000D360D7F8F4301B685B6923F44070D7F873
:10AAE000F4309969D7F8F4301A6840EA01035361E9
:10AAF000D7F8F4301A688F4B9A4205D0D7F8F43063
:10AB00001A688D4B9A4204D1FDF72EFDC7F8FC0060
:10AB100003E0FDF715FDC7F8FC00D7F8F430DB695A
:10AB2000B3F5004F40F00C81D7F8FC300022C7F895
:10AB3000E830C7F8EC20D7E93A4522462B46911871
:10AB4000B9655B41FB65D7E91623214612EB010885
:10AB5000294643EB01094FF000024FF000034FEA92
:10AB6000C90343EA58734FEAC80290469946234600
:10AB700018EB0303C7F8E0302B4649EB0303C7F893
:10AB8000E430D7F8F4305B680022C7F8D830C7F853
:10AB9000DC20D7E936120B46DB183B65134642EB47
:10ABA00003037B65D7E91423D7E93801F5F750FB98
:10ABB00002460B46614BA3FB02235B091C01D7F83D
:10ABC000FC300022C7F8D030C7F8D420D7E9348948
:10ABD00042464B469118B9645B41FB64D7E91223A6
:10ABE000414612EB010A494643EB010B4FF00002CC
:10ABF0004FF000034FEACB0343EA5A734FEACA020D
:10AC000092469B4643461AEB0303C7F8C8304B46AF
:10AC10004BEB0303C7F8CC30D7F8F4305B68002265
:10AC2000C7F8C030C7F8C420D7E930120B46DB188C
:10AC30003B64134642EB03037B64D7E91023D7E957
:10AC40003201F5F705FB02460B4611463B4BA3FBD1
:10AC500001235B09642202FB03F3CB1ADB0003F13F
:10AC60003202364BA3FB02235B095B0003F4F8734B
:10AC70001C44D7F8FC300022C7F8B830C7F8BC2015
:10AC8000D7E92E8942464B469118B9635B41FB6375
:10AC9000D7E90E2341465118396349464B417B633E
:10ACA0004FF000024FF00003D7E90CAB5946CB0040
:10ACB000514643EA51735146CA00104619460346AD
:10ACC00042469B18C7F8B0304B460A4642EB030396
:10ACD000C7F8B430D7F8F4305B680022C7F8A83062
:10ACE000C7F8AC20D7E92A120B46DB18BB62134623
:10ACF00042EB0303FB62D7E90A23D7E92C01F5F7FE
:10AD0000A7FA02460B460D4BA3FB02135B09642115
:10AD100001FB03F3D31ADB003233084AA2FB0323FF
:10AD20005B0903F00702D7F8F4301B6822449A60ED
:10AD300006E100BF00100140001401401F85EB51E7
:10AD4000D7F8FC300022C7F8A030C7F8A420D7E914
:10AD5000288942464B46911839625B417B62D7E9AC
:10AD6000082341465418494643EB01054FF00002C1
:10AD70004FF00003EB0043EA5473E20014461D4613
:10AD80004346E318C7F898304B4645EB0303C7F832
:10AD90009C30D7F8F4305B680022C7F89030C7F8D1
:10ADA00094204FF000024FF00003D7E924452946D4
:10ADB0008B00214643EA917321468A00D7E9260198
:10ADC000F5F746FA02460B46604BA3FB02235B09EC
:10ADD0001C01D7F8FC300022C7F88830C7F88C2057
:10ADE000D7E9228942464B469118B9615B41FB6124
:10ADF000D7E9062341465118396149464B417B61E9
:10AE00004FF000024FF00003D7E904AB5946CB00E6
:10AE1000514643EA51735146CA001046194603464B
:10AE200042469B18C7F880304B460A4642EB030364
:10AE3000C7F88430D7F8F4305B680022BB67FA6744
:10AE40004FF000024FF00003D7E91E8949468B00FE
:10AE5000414643EA917341468A00D7E92001F5F75C
:10AE6000F7F902460B461146384BA3FB01235B0959
:10AE7000642202FB03F3CB1A1B013233334AA2FBD9
:10AE800003235B0903F0F0031C44D7F8FC300022D5
:10AE90003B677A67D7E91C8942464B469118B960EF
:10AEA0005B41FB60D7E902234146511839604946AE
:10AEB0004B417B604FF000024FF00003D7E900AB3D
:10AEC0005946CB00514643EA51735146CA001046D9
:10AED0001946034642469B18BB664B460A4642EB60
:10AEE0000303FB66D7F8F4305B6800223B667A66A2
:10AEF0004FF000024FF00003D7E9188949468B0054
:10AF0000414643EA917341468A00D7E91A01F5F7B1
:10AF10009FF902460B460D4BA3FB02135B0964210C
:10AF200001FB03F3D31A1B013233084AA2FB0323AC
:10AF30005B0903F00F02D7F8F4301B6822449A60D3
:10AF400000BF07F58077BD46BDE8B08F1F85EB5188
:10AF500080B400AF054BD3F88830044A43F4700343
:10AF6000C2F8883000BFBD4680BC704700ED00E0ED
:10AF700080B586B000AF78607B68002B0BD14FF0B6
:10AF8000500383F31188BFF36F8FBFF34F8F3B6183
:10AF900000BF00BFFDE72023BB60BB68202B0BD0A8
:10AFA0004FF0500383F31188BFF36F8FBFF34F8FC0
:10AFB000FB6000BF00BFFDE77B687B617B69002B06
:10AFC0000AD07B6900221A607B690433184600F0BE
:10AFD00041FA7B6901221A777B6918461837BD460A
:10AFE00080BD80B582B000AF202004F031FC7860D5
:10AFF0007B68002B0AD07B6800221A607B680433D0
:10B00000184600F027FA7B6800221A777B681846FA
:10B010000837BD4680BD000080B590B000AFF86035
:10B02000B9607A603B60FB687B630023BB630023ED
:10B030003B63FB68002B0BD14FF0500383F3118867
:10B04000BFF36F8FBFF34F8F3B6200BF00BFFDE7C1
:10B05000BB68B3F1807F0BD34FF0500383F31188AB
:10B06000BFF36F8FBFF34F8FFB6100BF00BFFDE7E2
:10B07000BB68002B0BD14FF0500383F31188BFF353
:10B080006F8FBFF34F8FBB6100BF00BFFDE702F0C2
:10B09000ABFA0346002B02D1BB6C002B01D101237C
:10B0A00000E00023002B0BD14FF0500383F31188F5
:10B0B000BFF36F8FBFF34F8F7B6100BF00BFFDE712
:10B0C00001F02AFD7B6B1B68FB623A68B968F86A7D
:10B0D00000F08BF9B862BB6A002B0ED0FB6AFB63F1
:10B0E0000023BB647B68002B28D07B6B1A68BB688D
:10B0F000DB431A407B6B1A6020E0BB6C002B04D151
:10B10000FB6AFB6301233B6318E07B68002B03D0E1
:10B11000BB6B43F08073BB633B68002B03D0BB6BFE
:10B1200043F08063BB637B6B181DBA68BB6B134332
:10B13000BA6C194601F062FF0023FB6301F030FD99
:10B140007862BB6C002B31D07B6A002B07D11A4B85
:10B150004FF080521A60BFF34F8FBFF36F8F02F032
:10B16000BDFBF863FB6B03F00073002B1AD104F0F6
:10B1700089FE7B6B1B68FB633A68B968F86B00F06B
:10B1800034F90346002B09D07B68002B06D07B6B7B
:10B190001A68BB68DB431A407B6B1A6001233B6370
:10B1A00004F0A0FEFB6B23F07F43FB63FB6B1846B0
:10B1B0004037BD4680BD00BF04ED00E080B586B0DD
:10B1C00000AF786039607B687B617B68002B0BD1B6
:10B1D0004FF0500383F31188BFF36F8FBFF34F8F8E
:10B1E000FB6000BF00BFFDE73B68B3F1807F0BD37E
:10B1F0004FF0500383F31188BFF36F8FBFF34F8F6E
:10B20000BB6000BF00BFFDE704F03CFE7B691B682C
:10B210003B617B691A683B68DB431A407B691A60B3
:10B2200004F060FE3B6918461837BD4680BD00003B
:10B2300080B584B000AF7860396000233A687968DF
:10B24000044803F007FAF860FB6818461037BD465B
:10B2500080BD00BFD1B3000880B489B000AF786072
:10B260007B68FB61EFF311824FF0500383F3118889
:10B27000BFF36F8FBFF34F8FFA60BB60FB68BB619A
:10B28000FB691B687B61BB693B613B6983F3118888
:10B2900000BF7B6918462437BD4680BC704780B527
:10B2A0008EB000AF7860396000233B637B68BB627F
:10B2B0000023FB627B68002B0BD14FF0500383F31C
:10B2C0001188BFF36F8FBFF34F8F3B6100BF00BF8B
:10B2D000FDE73B68B3F1807F0BD34FF0500383F35E
:10B2E0001188BFF36F8FBFF34F8FFB6000BF00BFAC
:10B2F000FDE7BB6A04337B627B6A08333B6201F083
:10B300000BFC7B6ADB687B63BB6A1A683B681A4389
:10B31000BB6A1A603CE07B6B5B68FB617B6B1B6804
:10B32000BB610023FB62BB6903F07F437B61BB69A8
:10B3300023F07F43BB617B6903F08063002B08D15E
:10B34000BB6A1A68BB691340002B0BD00123FB6258
:10B3500008E0BB6A1A68BB691340BA699A4201D116
:10B360000123FB62FB6A002B10D07B6903F0807322
:10B37000002B03D03A6BBB6913433B63BB6A1B686A
:10B3800043F000731946786B01F008FFFB697B639B
:10B390007A6B3B6A9A42BED1BB6A1A683B6BDB434D
:10B3A0001A40BB6A1A6001F0FBFBBB6A1B681846B7
:10B3B0003837BD4680BD80B582B000AF7860396057
:10B3C00039687868FFF76BFF00BF0837BD4680BD5E
:10B3D00080B582B000AF7860396039687868FFF76F
:10B3E000EDFE00BF0837BD4680BD80B487B000AF1A
:10B3F000F860B9607A6000237B617B68002B07D11D
:10B40000FA68BB681340002B0AD001237B6107E078
:10B41000FA68BB681340BA689A4201D101237B6184
:10B420007B6918461C37BD4680BC704780B586B026
:10B4300000AFF860B9607A607B68BA68F968044860
:10B4400003F008F978617B6918461837BD4680BD5E
:10B45000B7B3000880B483B000AF78607B6803F1B5
:10B4600008027B685A607B684FF0FF329A607B6805
:10B4700003F108027B68DA607B6803F108027B68ED
:10B480001A617B6800221A6000BF0C37BD4680BC81
:10B49000704780B483B000AF78607B6800221A6187
:10B4A00000BF0C37BD4680BC704780B485B000AF8C
:10B4B000786039607B685B68FB603B68FA685A605B
:10B4C000FB689A683B689A60FB689B683A685A60B8
:10B4D000FB683A689A603B687A681A617B681B6807
:10B4E0005A1C7B681A6000BF1437BD4680BC704789
:10B4F00080B485B000AF786039603B681B68BB6082
:10B50000BB68B3F1FF3F03D17B681B69FB600CE0B4
:10B510007B680833FB6002E0FB685B68FB60FB68EC
:10B520005B681B68BA689A42F6D2FB685A683B6847
:10B530005A603B685B683A689A603B68FA689A6050
:10B54000FB683A685A603B687A681A617B681B68D6
:10B550005A1C7B681A6000BF1437BD4680BC704718
:10B5600080B485B000AF78607B681B69FB607B6846
:10B570005B687A6892689A607B689B687A685268B0
:10B580005A60FB685B687A689A4203D17B689A6864
:10B59000FB685A607B6800221A61FB681B685A1EB0
:10B5A000FB681A60FB681B6818461437BD4680BCF0
:10B5B0007047000080B584B000AF786039607B6868
:10B5C000FB60FB68002B0BD14FF0500383F3118815
:10B5D000BFF36F8FBFF34F8FBB6000BF00BFFDE7AE
:10B5E00004F050FCFB681A68FB68DB6BF968096CB7
:10B5F00001FB03F31A44FB689A60FB6800229A631C
:10B60000FB681A68FB685A60FB681A68FB68DB6BAA
:10B61000013BF968096C01FB03F31A44FB68DA602B
:10B62000FB68FF2283F84420FB68FF2283F8452053
:10B630003B68002B14D1FB681B69002B1AD0FB68F8
:10B640001033184601F044FD0346002B12D00D4B79
:10B650004FF080521A60BFF34F8FBFF36F8F09E036
:10B66000FB6810331846FFF7F5FEFB6824331846D5
:10B67000FFF7F0FE04F036FC012318461037BD46F4
:10B6800080BD00BF04ED00E080B58EB002AFF86071
:10B69000B9607A603B60FB68002B0BD14FF0500320
:10B6A00083F31188BFF36F8FBFF34F8FBB6200BF6F
:10B6B00000BFFDE73B68002B0BD14FF0500383F335
:10B6C0001188BFF36F8FBFF34F8F7B6200BF00BF46
:10B6D000FDE77B68002B02D0BB68002B01D0012363
:10B6E00000E00023002B0BD14FF0500383F31188AF
:10B6F000BFF36F8FBFF34F8F3B6200BF00BFFDE70B
:10B700007B68002B02D1BB68002B01D1012300E034
:10B710000023002B0BD14FF0500383F31188BFF3AC
:10B720006F8FBFF34F8FFB6100BF00BFFDE750235A
:10B730007B617B69502B0BD04FF0500383F3118852
:10B74000BFF36F8FBFF34F8FBB6100BF00BFFDE73B
:10B750007B693B68FB62FB6A002B0DD0FB6A012210
:10B7600083F8462097F83820FB6A009313467A68DE
:10B77000B968F86800F040F8FB6A18463037BD46F3
:10B7800080BD80B58AB002AFF860B9601346FB7126
:10B79000FB68002B0BD14FF0500383F31188BFF3EC
:10B7A0006F8FBFF34F8F3B6100BF00BFFDE7FB68AA
:10B7B000BA6802FB03F3FB61FB695033184604F0DF
:10B7C00047F8B861BB69002B11D0BB697B617B690D
:10B7D00050337B61BB69002283F84620FA79BB694C
:10B7E000009313467A69B968F86800F005F8BB69F8
:10B7F00018462037BD4680BD80B584B000AFF860E4
:10B80000B9607A60FB70BB68002B03D1BB69BA6971
:10B810001A6002E0BB697A681A60BB69FA68DA6389
:10B82000BB69BA681A640121B869FFF7C3FEBB6936
:10B83000FA7883F84C2000BF1037BD4680BD80B534
:10B840008AB002AFF860B9607A60FB68002B0BD158
:10B850004FF0500383F31188BFF36F8FBFF34F8F07
:10B86000BB6100BF00BFFDE7BA68FB689A420BD915
:10B870004FF0500383F31188BFF36F8FBFF34F8FE7
:10B880007B6100BF00BFFDE7022300937B680022BD
:10B890000021F868FFF7F8FEF861FB69002B02D081
:10B8A000FB69BA689A63FB6918462037BD4680BDBC
:10B8B00080B586B000AF786039607B68002B0BD113
:10B8C0004FF0500383F31188BFF36F8FBFF34F8F97
:10B8D0003B6100BF00BFFDE73A687B689A420BD925
:10B8E0004FF0500383F31188BFF36F8FBFF34F8F77
:10B8F000FB6000BF00BFFDE7022200217868FFF770
:10B9000040FF78617B69002B02D07B693A689A63BB
:10B910007B6918461837BD4680BD000080B58EB0E3
:10B9200000AFF860B9607A603B6000237B63FB681E
:10B930003B633B6B002B0BD14FF0500383F311881B
:10B94000BFF36F8FBFF34F8FBB6200BF00BFFDE738
:10B95000BB68002B03D13B6B1B6C002B01D1012377
:10B9600000E00023002B0BD14FF0500383F311882C
:10B97000BFF36F8FBFF34F8F7B6200BF00BFFDE748
:10B980003B68022B03D13B6BDB6B012B01D1012305
:10B9900000E00023002B0BD14FF0500383F31188FC
:10B9A000BFF36F8FBFF34F8F3B6200BF00BFFDE758
:10B9B00001F01AFE0346002B02D17B68002B01D157
:10B9C000012300E00023002B0BD14FF0500383F341
:10B9D0001188BFF36F8FBFF34F8FFB6100BF00BFB4
:10B9E000FDE704F04FFA3B6B9A6B3B6BDB6B9A42C3
:10B9F00002D33B68022B29D13A68B968386B00F052
:10BA0000A9FCF8623B6B5B6A002B10D03B6B2433C4
:10BA1000184601F05DFB0346002B13D03F4B4FF05F
:10BA200080521A60BFF34F8FBFF36F8F0AE0FB6A3B
:10BA3000002B07D0394B4FF080521A60BFF34F8F65
:10BA4000BFF36F8F04F04EFA012363E07B68002B95
:10BA500003D104F047FA00235CE07B6B002B06D196
:10BA600007F11403184601F0FFFB01237B6304F088
:10BA700039FA01F051F804F005FA3B6B93F84430C1
:10BA80005BB2B3F1FF3F03D13B6B002283F844204C
:10BA90003B6B93F845305BB2B3F1FF3F03D13B6B97
:10BAA000002283F8452004F01DFA3A1D07F1140323
:10BAB0001146184601F0EEFB0346002B24D1386BEB
:10BAC00000F040FD0346002B18D03B6B10337A6822
:10BAD0001146184601F06CFA386B00F0CBFC01F00F
:10BAE0005FF80346002B7FF47CAF0C4B4FF0805285
:10BAF0001A60BFF34F8FBFF36F8F72E7386B00F0A0
:10BB0000B9FC01F04DF86CE7386B00F0B3FC01F0C4
:10BB100047F8002318463837BD4680BD04ED00E0E5
:10BB200080B590B000AFF860B9607A603B60FB68A8
:10BB3000BB63BB6B002B0BD14FF0500383F3118819
:10BB4000BFF36F8FBFF34F8FBB6200BF00BFFDE736
:10BB5000BB68002B03D1BB6B1B6C002B01D10123F5
:10BB600000E00023002B0BD14FF0500383F311882A
:10BB7000BFF36F8FBFF34F8F7B6200BF00BFFDE746
:10BB80003B68022B03D1BB6BDB6B012B01D1012383
:10BB900000E00023002B0BD14FF0500383F31188FA
:10BBA000BFF36F8FBFF34F8F3B6200BF00BFFDE756
:10BBB00004F02EFBEFF311824FF0500383F3118852
:10BBC000BFF36F8FBFF34F8FFA61BB61FB697B637C
:10BBD000BB6B9A6BBB6BDB6B9A4202D33B68022B4D
:10BBE0002FD1BB6B93F8453087F83330BB6B9B6B21
:10BBF000FB623A68B968B86B00F0ACFB97F9333078
:10BC0000B3F1FF3F12D1BB6B5B6A002B16D0BB6B4D
:10BC10002433184601F05CFA0346002B0ED07B68F3
:10BC2000002B0BD07B6801221A6007E097F83330B5
:10BC30000133DBB25AB2BB6B83F845200123FB63AF
:10BC400001E00023FB637B6B7B617B6983F31188DD
:10BC500000BFFB6B18464037BD4680BD80B58EB037
:10BC600000AF786039607B683B633B6B002B0BD186
:10BC70004FF0500383F31188BFF36F8FBFF34F8FE3
:10BC80003B6200BF00BFFDE73B6B1B6C002B0BD082
:10BC90004FF0500383F31188BFF36F8FBFF34F8FC3
:10BCA000FB6100BF00BFFDE73B6B1B68002B03D1AE
:10BCB0003B6B9B68002B01D1012300E00023002B8C
:10BCC0000BD14FF0500383F31188BFF36F8FBFF395
:10BCD0004F8FBB6100BF00BFFDE704F099FAEFF39F
:10BCE00011824FF0500383F31188BFF36F8FBFF3BE
:10BCF0004F8F7A613B617B69FB623B6B9B6BBB62E5
:10BD00003B6BDB6BBA6A9A422BD23B6B93F84530A4
:10BD100087F82730BB6A5A1C3B6B9A6397F9273028
:10BD2000B3F1FF3F12D13B6B5B6A002B16D03B6B2C
:10BD30002433184601F0CCF90346002B0ED03B68A3
:10BD4000002B0BD03B6801221A6007E097F82730E0
:10BD50000133DBB25AB23B6B83F8452001237B638E
:10BD600001E000237B63FB6AFB60FB6883F31188BF
:10BD700000BF7B6B18463837BD4680BD80B58CB0A0
:10BD800000AFF860B9607A600023FB62FB68BB62B9
:10BD9000BB6A002B0BD14FF0500383F31188BFF324
:10BDA0006F8FBFF34F8F3B6200BF00BFFDE7BB68E3
:10BDB000002B03D1BB6A1B6C002B01D1012300E0D7
:10BDC0000023002B0BD14FF0500383F31188BFF3F6
:10BDD0006F8FBFF34F8FFB6100BF00BFFDE701F026
:10BDE00003FC0346002B02D17B68002B01D1012309
:10BDF00000E00023002B0BD14FF0500383F3118898
:10BE0000BFF36F8FBFF34F8FBB6100BF00BFFDE774
:10BE100004F038F8BB6A9B6B7B627B6A002B1FD0F7
:10BE2000B968B86A00F000FB7B6A5A1EBB6A9A6365
:10BE3000BB6A1B69002B0FD0BB6A1033184601F098
:10BE400047F90346002B07D03C4B4FF080521A6055
:10BE5000BFF34F8FBFF36F8F04F044F8012369E005
:10BE60007B68002B03D104F03DF8002362E0FB6AFD
:10BE7000002B06D107F11003184601F0F5F9012354
:10BE8000FB6204F02FF800F047FE03F0FBFFBB6AF3
:10BE900093F844305BB2B3F1FF3F03D1BB6A002299
:10BEA00083F84420BB6A93F845305BB2B3F1FF3F9F
:10BEB00003D1BB6A002283F8452004F013F83A1D31
:10BEC00007F110031146184601F0E4F90346002B70
:10BED00023D1B86A00F020FB0346002B17D0BB6AC1
:10BEE00024337A681146184601F062F8B86A00F007
:10BEF000C1FA00F055FE0346002B89D10F4B4FF0DD
:10BF000080521A60BFF34F8FBFF36F8F80E7B86A1C
:10BF100000F0B0FA00F044FE7AE7B86A00F0AAFA3E
:10BF200000F03EFEB86A00F0F7FA0346002B3FF43B
:10BF30006FAF002318463037BD4680BD04ED00E0EA
:10BF400080B58EB000AF7860396000237B637B687A
:10BF5000FB6200233B63FB6A002B0BD14FF05003C5
:10BF600083F31188BFF36F8FBFF34F8F3B6200BF26
:10BF700000BFFDE7FB6A1B6C002B0BD04FF050039A
:10BF800083F31188BFF36F8FBFF34F8FFB6100BF47
:10BF900000BFFDE701F028FB0346002B02D13B6800
:10BFA000002B01D1012300E00023002B0BD14FF027
:10BFB000500383F31188BFF36F8FBFF34F8FBB61C3
:10BFC00000BF00BFFDE703F05DFFFB6A9B6BBB6238
:10BFD000BB6A002B24D0BB6A5A1EFB6A9A63FB6AB9
:10BFE0001B68002B04D101F091FC0246FB6A9A60A9
:10BFF000FB6A1B69002B0FD0FB6A1033184601F057
:10C0000067F80346002B07D0544B4FF080521A605C
:10C01000BFF34F8FBFF36F8F03F064FF012398E0EE
:10C020003B68002B12D13B6B002B0BD04FF0500321
:10C0300083F31188BFF36F8FBFF34F8F7B6100BF16
:10C0400000BFFDE703F04EFF002382E07B6B002B77
:10C0500006D107F10C03184601F006F901237B63B2
:10C0600003F040FF00F058FD03F00CFFFB6A93F86B
:10C0700044305BB2B3F1FF3F03D1FB6A002283F887
:10C080004420FB6A93F845305BB2B3F1FF3F03D124
:10C09000FB6A002283F8452003F024FF3A4607F1AB
:10C0A0000C031146184601F0F5F80346002B32D177
:10C0B000F86A00F031FA0346002B26D0FB6A1B68B1
:10C0C000002B09D103F0DEFEFB6A9B68184601F0E5
:10C0D000A9FA386303F006FFFB6A24333A68114675
:10C0E000184600F065FFF86A00F0C4F900F058FD4A
:10C0F0000346002B7FF467AF184B4FF080521A6055
:10C10000BFF34F8FBFF36F8F5DE7F86A00F0B2F9AE
:10C1100000F046FD57E7F86A00F0ACF900F040FD8A
:10C12000F86A00F0F9F90346002B3FF44CAF3B6B83
:10C13000002B0DD003F0A6FEF86A00F0F4F8786248
:10C14000FB6A9B68796A184601F044FB03F0CAFE5B
:10C15000002318463837BD4680BD00BF04ED00E01F
:10C1600080B58EB000AFF860B9607A60FB683B6361
:10C170003B6B002B0BD14FF0500383F31188BFF3BF
:10C180006F8FBFF34F8F3B6200BF00BFFDE7BB68FF
:10C19000002B03D13B6B1B6C002B01D1012300E072
:10C1A0000023002B0BD14FF0500383F31188BFF312
:10C1B0006F8FBFF34F8FFB6100BF00BFFDE704F03F
:10C1C00027F8EFF311824FF0500383F31188BFF388
:10C1D0006F8FBFF34F8FBA617B61BB69FB623B6BB3
:10C1E0009B6BBB62BB6A002B2FD03B6B93F8443038
:10C1F00087F82730B968386B00F016F9BB6A5A1E09
:10C200003B6B9A6397F92730B3F1FF3F12D13B6B39
:10C210001B69002B16D03B6B1033184600F058FFFB
:10C220000346002B0ED07B68002B0BD07B680122CD
:10C230001A6007E097F827300133DBB25AB23B6B44
:10C2400083F8442001237B6301E000237B63FB6AC6
:10C250003B613B6983F3118800BF7B6B184638371D
:10C26000BD4680BD80B584B000AF78607B68002B90
:10C270000BD14FF0500383F31188BFF36F8FBFF3DF
:10C280004F8FBB6000BF00BFFDE703F0FBFD7B6885
:10C290009B6BFB6003F026FEFB6818461037BD461B
:10C2A00080BD80B487B000AF78607B687B617B69BC
:10C2B000002B0BD14FF0500383F31188BFF36F8F26
:10C2C000BFF34F8FFB6000BF00BFFDE77B699B6B37
:10C2D0003B613B6918461C37BD4680BC704780B542
:10C2E00084B000AF78607B68FB60FB68002B0BD1EB
:10C2F0004FF0500383F31188BFF36F8FBFF34F8F5D
:10C30000BB6000BF00BFFDE7F86800F05BF9FB68A9
:10C3100093F84630002B02D1F86803F067FB00BFAA
:10C320001037BD4680BD80B485B000AF78607B68B3
:10C330005B6A002B06D07B681B6B1B68C3F138035C
:10C34000FB6001E00023FB60FB6818461437BD4624
:10C3500080BC704780B586B000AFF860B9607A6085
:10C3600000237B61FB689B6B3B61FB681B6C002BB4
:10C370000DD1FB681B68002B4DD1FB689B681846EC
:10C3800001F0B8F97861FB6800229A6043E07B68AD
:10C39000002B19D1FB685868FB681B6C1A46B968FA
:10C3A00006F02FFEFB685A68FB681B6C1A44FB689A
:10C3B0005A60FB685A68FB689B689A422BD3FB68FB
:10C3C0001A68FB685A6026E0FB68D868FB681B6C3B
:10C3D0001A46B96806F015FEFB68DA68FB681B6C44
:10C3E0005B421A44FB68DA60FB68DA68FB681B682A
:10C3F0009A4207D2FB689A68FB681B6C5B421A443E
:10C40000FB68DA607B68022B05D13B69002B02D008
:10C410003B69013B3B613B695A1CFB689A637B6942
:10C4200018461837BD4680BD80B582B000AF786031
:10C4300039607B681B6C002B18D07B68DA687B68DE
:10C440001B6C1A447B68DA607B68DA687B689B68DF
:10C450009A4203D37B681A687B68DA607B68D96884
:10C460007B681B6C1A46386806F0CBFD00BF0837A6
:10C47000BD4680BD80B584B000AF786003F002FD9A
:10C480007B6893F84530FB7311E07B685B6A002B97
:10C4900012D07B682433184600F01AFE0346002BA6
:10C4A00001D000F05BFFFB7B013BDBB2FB7397F934
:10C4B0000F30002BE9DC00E000BF7B68FF2283F82F
:10C4C000452003F00FFD03F0DDFC7B6893F844305A
:10C4D000BB7311E07B681B69002B12D07B681033A3
:10C4E000184600F0F5FD0346002B01D000F036FFA2
:10C4F000BB7B013BDBB2BB7397F90E30002BE9DC51
:10C5000000E000BF7B68FF2283F8442003F0EAFCD0
:10C5100000BF1037BD4680BD80B584B000AF7860E5
:10C5200003F0B0FC7B689B6B002B02D10123FB6006
:10C5300001E00023FB6003F0D5FCFB6818461037D0
:10C54000BD4680BD80B584B000AF786003F09AFC32
:10C550007B689A6B7B68DB6B9A4202D10123FB609C
:10C5600001E00023FB6003F0BDFCFB6818461037B8
:10C57000BD4680BD80B485B000AF786039600023CF
:10C58000FB6014E00E4AFB6852F83330002B0BD1ED
:10C590000B49FB683A6841F83320094AFB68DB0025
:10C5A00013447A685A6006E0FB680133FB60FB685D
:10C5B000072BE7D900BF00BF1437BD4680BC7047CA
:10C5C0000461002080B485B000AF78600023FB6078
:10C5D00016E0104AFB68DB0013445B687A689A42F5
:10C5E0000BD10C4AFB68002142F83310094AFB6862
:10C5F000DB00134400225A6006E0FB680133FB6055
:10C60000FB68072BE5D900BF00BF1437BD4680BCCF
:10C61000704700BF0461002080B586B000AFF860AD
:10C62000B9607A60FB687B6103F02CFC7B6993F84E
:10C6300044305BB2B3F1FF3F03D17B69002283F842
:10C6400044207B6993F845305BB2B3F1FF3F03D1DF
:10C650007B69002283F8452003F044FC7B699B6BD7
:10C66000002B06D17B6924337A68B968184600F03C
:10C6700003FD7869FFF7FEFE00BF1837BD4680BD99
:10C6800080B58EB004AFF860B9607A603B607B6BB8
:10C69000002B0BD14FF0500383F31188BFF36F8F42
:10C6A000BFF34F8F3B6200BF00BFFDE7BB6B002BAA
:10C6B0000BD14FF0500383F31188BFF36F8FBFF39B
:10C6C0004F8FFB6100BF00BFFDE764233B613B6907
:10C6D000642B0BD04FF0500383F31188BFF36F8F9F
:10C6E000BFF34F8FBB6100BF00BFFDE73B69BB6B72
:10C6F000002B1ED07B6B002B1BD0BB6B7B627B6A3D
:10C700007A6B1A637B6A022283F861200023039309
:10C710007B6A029307F1140301933B6B00933B6820
:10C720007A68B968F86800F050F8786A00F0E4F8C0
:10C7300001E000237B617B6918462837BD4680BD38
:10C7400080B58CB004AFF860B9603B601346FB80E5
:10C75000FB889B00184603F07BF878617B69002B0F
:10C760000ED0642003F074F8F861FB69002B03D04D
:10C77000FB697A691A6305E0786903F037F901E02B
:10C780000023FB61FB69002B17D0FB69002283F8B3
:10C790006120FA8800230393FB690293FB6A0193EB
:10C7A000BB6A00933B68B968F86800F00EF8F86956
:10C7B00000F0A2F80123BB6102E04FF0FF33BB6140
:10C7C000BB6918462037BD4680BD80B588B000AF34
:10C7D000F860B9607A603B603B6B186B7B689B00CC
:10C7E0001A46A52106F01AFB3B6B1A6B7B6803F116
:10C7F0008043013B9B001344BB61BB6923F00703EB
:10C80000BB61BB6903F00703002B0BD04FF0500353
:10C8100083F31188BFF36F8FBFF34F8F7B6100BF2E
:10C8200000BFFDE73B6BBA695A64BB68002B1FD0A1
:10C830000023FB6112E0BA68FB69134419783A6B74
:10C84000FB69134434330A461A70BA68FB6913440F
:10C850001B78002B06D0FB690133FB61FB690F2BB2
:10C86000E9D900E000BF3B6B002283F8432003E0DE
:10C870003B6B002283F83420BB6A372B01D9372366
:10C88000BB623B6BBA6ADA623B6BBA6A1A653B6B96
:10C8900000225A653B6B04331846FEF7FAFD3B6BEA
:10C8A00018331846FEF7F5FD3B6B3A6B1A61BB6A0D
:10C8B000C3F138023B6B9A613B6B3A6B5A623B6B3C
:10C8C00000229A653B6B0022DA653B6B002283F8FD
:10C8D00060203A68F968B86903F0A6F902463B6B34
:10C8E0001A60FB6A002B02D0FB6A3A6B1A6000BF29
:10C8F0002037BD4680BD000080B582B000AF7860B3
:10C9000003F0C0FA2D4B1B6801332C4A13602C4BEB
:10C910001B68002B09D12A4A7B681360274B1B68D0
:10C92000012B10D100F094FD0DE0264B1B68002B6D
:10C9300009D1234B1B68DA6A7B68DB6A9A4202D80A
:10C940001F4A7B681360204B1B6801331E4A13602B
:10C950001D4B1A687B689A647B68DA6A1B4B1B68FC
:10C960009A4203D97B68DB6A184A13607B68DA6AEB
:10C9700013469B0013449B00154A1A447B680433FA
:10C9800019461046FEF791FD03F0ACFA0D4B1B68FB
:10C99000002B0ED00A4B1B68DA6A7B68DB6A9A426E
:10C9A00007D20C4B4FF080521A60BFF34F8FBFF38A
:10C9B0006F8F00BF0837BD4680BD00BF18660020DE
:10C9C0004461002024660020346600202066002098
:10C9D0004861002004ED00E080B584B000AF7860CD
:10C9E0000023FB607B68002B18D0144B1B68002BC6
:10C9F0000BD04FF0500383F31188BFF36F8FBFF359
:10CA00004F8FBB6000BF00BFFDE700F085F800213D
:10CA1000786801F0ADF900F0C3F8F860FB68002B0E
:10CA200007D1074B4FF080521A60BFF34F8FBFF30F
:10CA30006F8F00BF1037BD4680BD00BF406600202D
:10CA400004ED00E080B58AB004AF0023BB60002392
:10CA50007B603A46391D07F10803184602F0C6FE0E
:10CA600039687B68BA68029201930023009300231F
:10CA70000A4623492348FFF703FE0346224A136070
:10CA8000214B1B68002B02D001237B6101E00023B6
:10CA90007B617B69012B02D101F0BEF978617B6972
:10CAA000012B18D14FF0500383F31188BFF36F8F20
:10CAB000BFF34F8F3B6100BF144B4FF0FF321A6042
:10CAC000134B01221A60134B00221A60F3F720FC6B
:10CAD00003F036F90FE07B69B3F1FF3F0BD14FF064
:10CAE000500383F31188BFF36F8FBFF34F8FFB6049
:10CAF00000BF00BFFDE700BF1837BD4680BD00BFC7
:10CB0000CC45010875D300083C660020386600203B
:10CB1000246600201C66002080B400AF044B1B6814
:10CB20000133034A136000BFBD4680BC704700BF9D
:10CB30004066002080B483B000AF00233B60134BFD
:10CB40001B68002B01D001233B60114B1B68DB6A83
:10CB5000002B02D000237B6012E00E4B1B68012BE0
:10CB600002D900237B600BE03B68002B02D000233E
:10CB70007B6005E0084B1A68084B1B68D31A7B6082
:10CB80007B6818460C37BD4680BC70472066002085
:10CB90004461002048610020386600201C660020A7
:10CBA00080B584B000AF0023FB600023BB60424B24
:10CBB0001B68002B0BD14FF0500383F31188BFF398
:10CBC0006F8FBFF34F8F3B6000BF00BFFDE703F0E7
:10CBD00059F9394B1B68013B374A1360364B1B68C8
:10CBE000002B62D1354B1B68002B5ED02FE0344BFD
:10CBF000DB68DB68FB60FB6818331846FEF7B0FCA7
:10CC0000FB6804331846FEF7ABFCFB68DA6A2D4B71
:10CC10001B689A4203D9FB68DB6A2A4A1360FB68E7
:10CC2000DA6A13469B0013449B00274A1A44FB68A8
:10CC3000043319461046FEF738FCFB68DA6A234BCA
:10CC40001B68DB6A9A4202D3214B01221A601C4BFB
:10CC50001B68002BCBD1FB68002B01D000F096FCA9
:10CC60001C4B1B687B607B68002B10D000F06CF8BD
:10CC70000346002B02D0164B01221A607B68013B51
:10CC80007B607B68002BF1D1124B00221A60104BA5
:10CC90001B68002B09D00123BB600F4B4FF0805263
:10CCA0001A60BFF34F8FBFF36F8F03F01BF9BB68A0
:10CCB00018461037BD4680BD40660020186600202B
:10CCC000D8650020206600204861002044610020D3
:10CCD0002C6600202866002004ED00E080B483B0BC
:10CCE00000AF044B1B687B607B6818460C37BD4661
:10CCF00080BC70471C66002080B485B000AF7860AF
:10CD00000F4B1A687B681A440E4B1B689A420BD96A
:10CD10004FF0500383F31188BFF36F8FBFF34F8F32
:10CD2000FB6000BF00BFFDE7054B1A687B6813443A
:10CD3000034A136000BF1437BD4680BC704700BF74
:10CD40001C6600203866002080B586B000AF002346
:10CD50007B614F4B1B68002B40F090804D4B1B6854
:10CD600001333B614B4A3B6913603B69002B21D186
:10CD7000494B1B681B68002B0BD04FF0500383F30B
:10CD80001188BFF36F8FBFF34F8F3B6000BF00BFB1
:10CD9000FDE7414B1B68FB60404B1B683E4A13603C
:10CDA0003E4AFB6813603E4B1B6801333C4A1360EC
:10CDB00000F0ECFB3B4B1B683A699A4249D3364B77
:10CDC0001B681B68002B04D1364B4FF0FF321A60F2
:10CDD0003FE0314B1B68DB68DB68BB60BB685B68AE
:10CDE0007B603A697B689A4203D22E4A7B68136063
:10CDF0002FE0BB6804331846FEF7B2FBBB689B6AA2
:10CE0000002B04D0BB6818331846FEF7A9FBBB689B
:10CE1000DA6A254B1B689A4203D9BB68DB6A224A4F
:10CE20001360BB68DA6A13469B0013449B001F4AD9
:10CE30001A44BB68043319461046FEF736FBBB683C
:10CE4000DA6A1B4B1B68DB6A9A42B8D301237B6109
:10CE5000B5E7174B1B68DA6A144913469B00134465
:10CE60009B000B441B68012B01D901237B61114BF3
:10CE70001B68002B07D001237B6104E00E4B1B686D
:10CE800001330D4A13607B6918461837BD4680BDD3
:10CE9000406600201C660020D0650020D46500207C
:10CEA000306600203866002020660020486100209F
:10CEB000446100202C6600202866002080B584B0E4
:10CEC00000AF344B1B68002B03D0334B01221A6098
:10CED0005CE0314B00221A60F3F724FA03461A464D
:10CEE0002E4B1A602D4B1A682D4B1B689A4209D99C
:10CEF0002C4B1B68996D294A1068294A1268821ABE
:10CF00000A449A65254B1B68254A1360264B1B680B
:10CF1000FB6011E0FB68002B0BD14FF0500383F353
:10CF20001188BFF36F8FBFF34F8F7B6000BF00BFCF
:10CF3000FDE7FB68013BFB601C49FA6813469B0058
:10CF400013449B000B441B68002BE3D0FA68134684
:10CF50009B0013449B00154A1344BB60BB685B688D
:10CF60005A68BB685A60BB685A68BB6808339A4203
:10CF700004D1BB685B685A68BB685A60BB685B6871
:10CF8000DB68084A1360084AFB68136000BF10376B
:10CF9000BD4680BD406600202C660020486600200B
:10CFA0004466002044610020206600204861002083
:10CFB00080B584B000AF786039607B68002B0BD1FE
:10CFC0004FF0500383F31188BFF36F8FBFF34F8F80
:10CFD000FB6000BF00BFFDE7074B1B681833194615
:10CFE0007868FEF785FA0121386800F0C1FE00BFBD
:10CFF0001037BD4680BD00BF4461002080B586B0BB
:10D0000000AFF860B9607A60FB68002B0BD14FF07D
:10D01000500383F31188BFF36F8FBFF34F8F7B6192
:10D0200000BF00BFFDE7124B1B68002B0BD14FF078
:10D03000500383F31188BFF36F8FBFF34F8F3B61B2
:10D0400000BF00BFFDE70B4B1B68BA6842F000420F
:10D050009A61084B1B6818331946F868FEF725FAE1
:10D060000121786800F084FE00BF1837BD4680BDFE
:10D07000406600204461002080B586B000AFF860B3
:10D08000B9607A60FB68002B0BD14FF0500383F33B
:10D090001188BFF36F8FBFF34F8F7B6100BF00BF5D
:10D0A000FDE70A4B1B6818331946F868FEF7FDF9CF
:10D0B0007B68002B02D04FF0FF33BB607968B86803
:10D0C00000F056FE00BF1837BD4680BD4461002009
:10D0D00080B586B000AF78607B68DB68DB683B6159
:10D0E0003B69002B0BD14FF0500383F31188BFF342
:10D0F0006F8FBFF34F8FFB6000BF00BFFDE73B6941
:10D1000018331846FEF72CFA1E4B1B68002B1FD154
:10D110003B6904331846FEF723FA3B69DA6A1A4B77
:10D120001B689A4203D93B69DB6A174A13603B6963
:10D13000DA6A13469B0013449B00144A1A443B6965
:10D14000043319461046FEF7B0F900F01FFA05E067
:10D150003B69183319460E48FEF7A7F93B69DA6AAE
:10D160000C4B1B68DB6A9A4205D901237B610A4B91
:10D1700001221A6001E000237B617B6918461837A1
:10D18000BD4680BD4066002020660020486100202A
:10D19000D8650020446100202C66002080B586B050
:10D1A00000AF786039602B4B1B68002B0BD14FF020
:10D1B000500383F31188BFF36F8FBFF34F8F3B6131
:10D1C00000BF00BFFDE73B6843F000427B681A6088
:10D1D0007B68DB687B617B69002B0BD14FF05003D0
:10D1E00083F31188BFF36F8FBFF34F8FFB6000BFD6
:10D1F00000BFFDE77868FEF7B3F900F0C7F97B6977
:10D2000004331846FEF7ACF97B69DA6A124B1B68E7
:10D210009A4203D97B69DB6A0F4A13607B69DA6A39
:10D2200013469B0013449B000C4A1A447B69043349
:10D2300019461046FEF739F97B69DA6A084B1B6814
:10D24000DB6A9A4202D9074B01221A6000BF1837E5
:10D25000BD4680BD40660020206600204861002059
:10D26000446100202C66002080B483B000AF786059
:10D27000064B1A687B681A60054B1A687B685A600F
:10D2800000BF0C37BD4680BC704700BF3066002031
:10D290001C66002080B588B000AF786039607B687C
:10D2A000002B0BD14FF0500383F31188BFF36F8F26
:10D2B000BFF34F8F3B6100BF00BFFDE73B68002B12
:10D2C0000BD14FF0500383F31188BFF36F8FBFF37F
:10D2D0004F8FFB6000BF00BFFDE702F0D3FD1D4B89
:10D2E0001B68BB617B685B68BA69D31A7B613B686A
:10D2F0001B68B3F1FF3F02D10023FB6123E07B6891
:10D300001A68154B1B689A4207D07B685B68BA693C
:10D310009A4202D30123FB6115E03B681B687A69DE
:10D320009A420BD23B681A687B69D21A3B681A6032
:10D330007868FFF799FF0023FB6104E03B68002257
:10D340001A600123FB6102F0CDFDFB69184620370E
:10D35000BD4680BD1C6600203066002080B400AF52
:10D36000034B01221A6000BFBD4680BC704700BF5E
:10D370002C66002080B584B000AF786000F0A8F87B
:10D38000184B1B68012B07D9174B4FF080521A60BE
:10D39000BFF34F8FBFF36F8FFFF7CCFBF860FB68D5
:10D3A000012BEBD9FFF7B8FB104B1A68104B1B6829
:10D3B0009A420BD24FF0500383F31188BFF36F8F63
:10D3C000BFF34F8FBB6000BF00BFFDE7FFF7B2FBAD
:10D3D000F860FB68012B02D9F86802F007FEFFF73E
:10D3E000DFFBCBE74861002004ED00E03866002059
:10D3F0001C66002080B483B000AF01233B60012392
:10D40000FB710F4B1B68002B02D00023FB7110E057
:10D410000C4B1B68002B02D00023FB7109E00A4B68
:10D420001A680A4B19683B68CB1A9A4201D1022349
:10D43000FB71FB7918460C37BD4680BC704700BFB6
:10D44000D86500202C6600200466002018660020A5
:10D4500080B582B000AF00237B600CE07A68134691
:10D460009B0013449B00124A13441846FDF7F2FF39
:10D470007B6801337B607B68372BEFD90D48FDF764
:10D48000E9FF0D48FDF7E6FF0C48FDF7E3FF0C4808
:10D49000FDF7E0FF0B48FDF7DDFF0B4B054A1A6077
:10D4A0000A4B054A1A6000BF0837BD4680BD00BF61
:10D4B00048610020A8650020BC650020D8650020D8
:10D4C000EC65002004660020D0650020D4650020B3
:10D4D00080B582B000AF19E002F0D4FC104BDB68DD
:10D4E000DB687B607B6804331846FEF739F80D4B28
:10D4F0001B68013B0B4A13600B4B1B68013B0A4A3C
:10D50000136002F0EFFC786800F010F8064B1B681F
:10D51000002BE1D100BF00BF0837BD4680BD00BF72
:10D52000EC650020186600200066002080B584B0FD
:10D5300000AF78607B6893F86130002B08D17B687E
:10D540001B6B184602F052FA786802F04FFA19E0A5
:10D550007B6893F86130012B03D1786802F046FABA
:10D5600010E07B6893F86130022B0BD04FF0500332
:10D5700083F31188BFF36F8FBFF34F8FFB6000BF42
:10D5800000BFFDE700BF1037BD4680BD80B483B04B
:10D5900000AF0C4B1B681B68002B04D10A4B4FF0EB
:10D5A000FF321A6008E0074B1B68DB68DB687B60B2
:10D5B0007B685B68044A136000BF0C37BD4680BCC3
:10D5C000704700BFD06500203866002080B483B06B
:10D5D00000AF044B1B687B607B6818460C37BD4668
:10D5E00080BC70474461002080B483B000AF0B4B17
:10D5F0001B68002B02D101237B6008E0084B1B68ED
:10D60000002B02D102237B6001E000237B607B685A
:10D6100018460C37BD4680BC704700BF246600200A
:10D620004066002080B584B000AF78607B68BB6046
:10D630000023FB607B68002B51D0BB68DA6A2A4B61
:10D640001B68DB6A9A4241D2BB689B69002B06DBF0
:10D65000254B1B68DB6AC3F13802BB689A61BB6863
:10D660005969BB68DA6A13469B0013449B001F4A42
:10D670001344994222D1BB6804331846FDF770FF6A
:10D68000194B1B68DA6ABB68DA62BB68DA6A184B46
:10D690001B689A4203D9BB68DB6A154A1360BB68F2
:10D6A000DA6A13469B0013449B00104A1A44BB6875
:10D6B000043319461046FDF7F8FE04E00A4B1B68D8
:10D6C000DA6ABB68DA620123FB6008E0BB681A6DA6
:10D6D000054B1B68DB6A9A4201D20123FB60FB68A1
:10D6E00018461037BD4680BD4461002048610020C7
:10D6F0002066002080B586B000AF78607B683B6113
:10D7000000237B617B68002B58D02F4B1B683A6944
:10D710009A420BD04FF0500383F31188BFF36F8F01
:10D72000BFF34F8FFB6000BF00BFFDE73B695B6D40
:10D73000002B0BD14FF0500383F31188BFF36F8F91
:10D74000BFF34F8FBB6000BF00BFFDE73B695B6D60
:10D750005A1E3B695A653B69DA6A3B691B6D9A42FE
:10D760002CD03B695B6D002B28D13B6904331846F4
:10D77000FDF7F6FE3B691A6D3B69DA623B69DB6ACD
:10D78000C3F138023B699A613B69DA6A0F4B1B6847
:10D790009A4203D93B69DB6A0C4A13603B69DA6A37
:10D7A00013469B0013449B00094A1A443B69043307
:10D7B00019461046FDF779FE01237B617B69184607
:10D7C0001837BD4680BD00BF4461002020660020A0
:10D7D0004861002080B588B000AF786039607B6810
:10D7E000BB6101237B617B68002B6CD0BB695B6DE7
:10D7F000002B0BD14FF0500383F31188BFF36F8FD1
:10D80000BFF34F8FFB6000BF00BFFDE7BB691B6D1F
:10D810003A689A4202D93B68FB6102E0BB691B6D22
:10D82000FB61BB69DB6AFA699A424CD0BB695B6DEC
:10D830007A699A4247D1264B1B68BA699A420BD142
:10D840004FF0500383F31188BFF36F8FBFF34F8FF7
:10D85000BB6000BF00BFFDE7BB69DB6A3B61BB6922
:10D86000FA69DA62BB699B69002B04DBFB69C3F1CF
:10D870003802BB699A61BB6959693A6913469B00D2
:10D8800013449B00134A134499421CD1BB690433CF
:10D890001846FDF765FEBB69DA6A0F4B1B689A42B2
:10D8A00003D9BB69DB6A0C4A1360BB69DA6A1346A9
:10D8B0009B0013449B00074A1A44BB690433194672
:10D8C0001046FDF7F2FD00BF2037BD4680BD00BF0A
:10D8D00044610020486100202066002080B483B0AD
:10D8E00000AF094B1B689B697B60074B1B68DA6ABA
:10D8F000054B1B68C2F138029A617B6818460C37E9
:10D90000BD4680BC704700BF4461002080B400AFBA
:10D91000074B1B68002B04D0054B1B685A6D013266
:10D920005A65034B1B681846BD4680BC704700BF54
:10D930004461002080B586B000AFF860B9607A60BD
:10D940003B6002F09FFA264B1B6893F86030DBB215
:10D95000022B1AD0224B1B68D96DFA68D2430A40B9
:10D96000DA651F4B1B68012283F860203B68002B9F
:10D970000BD00121386800F0FBF91A4B4FF08052B0
:10D980001A60BFF34F8FBFF36F8F02F0ABFA02F054
:10D9900079FA7B68002B04D0114B1B68DA6D7B6829
:10D9A0001A600F4B1B6893F86030DBB2022B02D079
:10D9B00000237B6108E00A4B1B68D96DBA68D2432B
:10D9C0000A40DA6501237B61054B1B68002283F85E
:10D9D000602002F087FA7B6918461837BD4680BD83
:10D9E0004461002004ED00E080B58AB000AFF8602B
:10D9F000B9603B601346FB7101237B62FB68002B1F
:10DA00000BD14FF0500383F31188BFF36F8FBFF337
:10DA10004F8FBB6100BF00BFFDE7FB683B6202F0B8
:10DA200031FA3B68002B03D03B6ADA6D3B681A6021
:10DA30003B6A93F86030FB773B6A022283F86020F0
:10DA4000FB79042B1ED0042B26DC032B16D0032BD2
:10DA500022DC022B0CD0022B1EDC002B2DD0012B44
:10DA60001AD13B6ADA6DBB681A433B6ADA6527E074
:10DA70003B6ADB6D5A1C3B6ADA6521E03B6ABA6897
:10DA8000DA651DE0FB7F022B03D03B6ABA68DA65DA
:10DA900016E000237B6213E03B6ADB6DB3F1FF3FCE
:10DAA0000DD04FF0500383F31188BFF36F8FBFF396
:10DAB0004F8F7B6100BF00BFFDE700BF00E000BFEC
:10DAC000FB7F012B3DD13B6A04331846FDF748FD2F
:10DAD0003B6ADA6A1E4B1B689A4203D93B6ADB6ACF
:10DAE0001B4A13603B6ADA6A13469B0013449B008F
:10DAF000184A1A443B6A043319461046FDF7D5FC10
:10DB00003B6A9B6A002B0BD04FF0500383F31188C4
:10DB1000BFF36F8FBFF34F8F3B6100BF00BFFDE7C7
:10DB2000FFF734FD3B6ADA6A0B4B1B68DB6A9A42EB
:10DB300007D90A4B4FF080521A60BFF34F8FBFF3E3
:10DB40006F8F02F0CFF97B6A18462837BD4680BD3B
:10DB500020660020486100204461002004ED00E0C0
:10DB600080B58EB000AFF860B9603B601346FB71C2
:10DB700001237B63FB68002B0BD14FF0500383F331
:10DB80001188BFF36F8FBFF34F8F7B6200BF00BF61
:10DB9000FDE702F03DFBFB683B63EFF311824FF0C2
:10DBA000500383F31188BFF36F8FBFF34F8F3A6237
:10DBB000FB613B6AFB623B68002B03D03B6BDA6D79
:10DBC0003B681A603B6B93F8603087F82B303B6BF7
:10DBD000022283F86020FB79042B1ED0042B27DC63
:10DBE000032B16D0032B23DC022B0CD0022B1FDCC3
:10DBF000002B2ED0012B1BD13B6BDA6DBB681A4377
:10DC00003B6BDA6528E03B6BDB6D5A1C3B6BDA65DE
:10DC100022E03B6BBA68DA651EE097F82B30022BE6
:10DC200003D03B6BBA68DA6516E000237B6313E030
:10DC30003B6BDB6DB3F1FF3F0DD04FF0500383F32F
:10DC40001188BFF36F8FBFF34F8FBB6100BF00BF61
:10DC5000FDE700BF00E000BF97F82B30012B47D154
:10DC60003B6B9B6A002B0BD04FF0500383F3118862
:10DC7000BFF36F8FBFF34F8F7B6100BF00BFFDE726
:10DC8000214B1B68002B1DD13B6B04331846FDF75D
:10DC900067FC3B6BDA6A1D4B1B689A4203D93B6BEE
:10DCA000DB6A1A4A13603B6BDA6A13469B00134423
:10DCB0009B00174A1A443B6B043319461046FDF784
:10DCC000F4FB05E03B6B183319461248FDF7EDFBFA
:10DCD0003B6BDA6A104B1B68DB6A9A4208D93B6CD3
:10DCE000002B02D03B6C01221A600C4B01221A60FF
:10DCF000FB6A3B613B6983F3118800BF7B6B18466D
:10DD00003837BD4680BD00BF406600202066002039
:10DD100048610020D8650020446100202C66002066
:10DD200080B584B000AF78607B68002B03D10F4BC7
:10DD30001B68FB6001E07B68FB6002F0A3F8FB68F6
:10DD400093F86030DBB2022B06D1FB68002283F827
:10DD500060200123BB6001E00023BB6002F0C2F839
:10DD6000BB6818461037BD4680BD00BF4461002027
:10DD700080B584B000AF78603960214B1B68FB60D0
:10DD8000204B1B6804331846FDF7EAFB7B68B3F1B0
:10DD9000FF3F0AD13B68002B07D01A4B1B680433A6
:10DDA00019461948FDF781FB26E0FA687B681344A1
:10DDB000BB60144B1B68BA685A60BA68FB689A4229
:10DDC00009D2124B1A680F4B1B68043319461046D0
:10DDD000FDF78EFB10E00E4B1A680A4B1B680433EC
:10DDE00019461046FDF784FB0A4B1B68BA689A4235
:10DDF00002D2084ABB68136000BF1037BD4680BD21
:10DE00001C6600204461002004660020D4650020C8
:10DE1000D06500203866002080B58AB004AF0023AA
:10DE20007B6100F0B5FB1D4B1B68002B21D000234C
:10DE3000FB600023BB603A1D07F1080107F10C03EA
:10DE4000184601F0EBFC7968BB68FA68029201930E
:10DE50000223009300230A4611491248FEF710FCE2
:10DE60000346114A1360104B1B68002B01D001239D
:10DE70007B617B69002B0BD14FF0500383F311883A
:10DE8000BFF36F8FBFF34F8F3B6100BF00BFFDE754
:10DE90007B6918461837BD4680BD00BF7C660020F0
:10DEA000D445010821E100088066002080B588B0D3
:10DEB00002AFF860B9607A603B602C2001F0C8FCCA
:10DEC00078617B69002B0DD07B69002283F82820C4
:10DED0007B6901933B6A00933B687A68B968F8688C
:10DEE00000F045F87B6918461837BD4680BD80B5FF
:10DEF0008AB002AFF860B9607A603B602C233B6166
:10DF00003B692C2B0BD04FF0500383F31188BFF3E8
:10DF10006F8FBFF34F8FBB6100BF00BFFDE73B6951
:10DF2000FB6A002B0BD14FF0500383F31188BFF332
:10DF30006F8FBFF34F8F7B6100BF00BFFDE7FB6AB0
:10DF4000FB61FB69002B0DD0FB69022283F82820BE
:10DF5000FB690193BB6A00933B687A68B968F8680B
:10DF600000F005F8FB6918462037BD4680BD80B536
:10DF700086B000AFF860B9607A603B60BB68002B88
:10DF80000BD14FF0500383F31188BFF36F8FBFF3B2
:10DF90004F8F7B6100BF00BFFDE77B6A002B1ED067
:10DFA00000F0F6FA7B6AFA681A607B6ABA689A61CE
:10DFB0007B6A3A68DA617B6A3A6A1A627B6A04337E
:10DFC0001846FDF766FA7B68002B08D07B6A93F849
:10DFD000283043F00403DAB27B6A83F8282000BFBC
:10DFE0001837BD4680BD000080B58AB000AFF8602C
:10DFF000B9607A603B6000237B62FB68002B0BD129
:10E000004FF0500383F31188BFF36F8FBFF34F8F2F
:10E010003B6200BF00BFFDE7194B1B68002B2AD0F5
:10E02000BB683B617B687B61FB68BB61BB68052BA0
:10E0300018DCFFF7D9FA0346022B09D1104B1868F8
:10E0400007F1100100233A6BFDF768FC786212E0DB
:10E050000B4B186807F1100100230022FDF75EFC4E
:10E06000786208E0064B186807F1100100233A684F
:10E07000FDF756FD78627B6A18462837BD4680BD9D
:10E080007C66002080B588B002AF78603960234B91
:10E090001B68DB68DB687B617B6904331846FDF72E
:10E0A0005FFA7B6993F8283003F00403002B23D038
:10E0B0007B699A697B68D1187B683A68786900F057
:10E0C000D3F80346002B20D00023009300237A6866
:10E0D00000217869FFF788FF38613B69002B14D174
:10E0E0004FF0500383F31188BFF36F8FBFF34F8F4F
:10E0F000FB6000BF00BFFDE77B6993F8283023F089
:10E100000103DAB27B6983F828207B691B6A78698E
:10E11000984700BF1837BD4680BD00BF7466002019
:10E1200080B584B000AF786007F10803184600F0AE
:10E1300059F8F860BB681946F86800F005F800F077
:10E14000D5F800BFF0E7000080B584B000AF78607C
:10E150003960FEF7E1FC07F10803184600F064F8A7
:10E16000F860BB68002B31D13B68002B0AD17A687C
:10E17000FB689A4206D8FEF713FDF9687868FFF746
:10E1800081FF25E03B68002B09D0134B1B681B68FF
:10E19000002B02D101233B6001E000233B600F4BC9
:10E1A00018687A68FB68D31A3A681946FEF734FA99
:10E1B000FEF7F6FC0346002B0AD1094B4FF08052C4
:10E1C0001A60BFF34F8FBFF36F8F01E0FEF7E8FCDB
:10E1D00000BF1037BD4680BD786600207C660020F9
:10E1E00004ED00E080B485B000AF78600D4B1B6893
:10E1F0001B68002B01D1012200E000227B681A601D
:10E200007B681B68002B05D1064B1B68DB681B680D
:10E21000FB6001E00023FB60FB6818461437BD4635
:10E2200080BC70477466002080B584B000AF786011
:10E23000FEF754FDF8600B4B1B68FA689A4205D252
:10E2400000F040F97B6801221A6002E07B6800223E
:10E250001A60044AFB681360FB6818461037BD4615
:10E2600080BD00BF8466002080B586B000AFF86036
:10E27000B9607A603B6000237B61FB68BA685A60D2
:10E28000FB68FA681A61BA687B689A4212D87A68A1
:10E290003B68D21AFB689B699A4202D301237B61D7
:10E2A0001BE0104B1A68FB68043319461046FDF753
:10E2B0001FF912E07A683B689A4206D2BA683B6856
:10E2C0009A4202D301237B6107E0074B1A68FB687F
:10E2D000043319461046FDF70BF97B6918461837C9
:10E2E000BD4680BD786600207466002080B58EB083
:10E2F00002AFD5E07B68002B19DA3B1D0433FB62CB
:10E30000FB6A002B0BD14FF0500383F31188BFF34E
:10E310006F8FBFF34F8FFB6100BF00BFFDE7FB6A4C
:10E320001B68FA6A5068FA6A9268114698477B68D7
:10E33000002BC0F2B580FB68BB62BB6A5B69002B37
:10E3400004D0BB6A04331846FDF70AF93B46184669
:10E35000FFF76AFF78627B68092B63D0092B00F313
:10E360009C80082B54D0082B00F39780072B00F3D8
:10E370009480062B11DA052B7AD0052B00F38D80C3
:10E38000042B4FD0042B00F38880022B02DC002BDF
:10E3900003DA82E0032B3BD07FE0BB6A93F828309E
:10E3A00043F00103DAB2BB6A83F82820BA68BB6A7B
:10E3B0009B69D118BB687A6AB86AFFF755FF0346B4
:10E3C000002B6CD0BB6A1B6AB86A9847BB6A93F88B
:10E3D000283003F00403002B61D0BA68BB6A9B6944
:10E3E0001A440023009300230021B86AFFF7FCFDC4
:10E3F00038623B6A002B52D14FF0500383F31188EF
:10E40000BFF36F8FBFF34F8FBB6100BF00BFFDE74E
:10E41000BB6A93F8283023F00103DAB2BB6A83F8B1
:10E4200028203DE0BB6A93F8283043F00103DAB2BC
:10E43000BB6A83F82820BA68BB6A9A61BB6A9B6989
:10E44000002B0BD14FF0500383F31188BFF36F8F74
:10E45000BFF34F8F7B6100BF00BFFDE7BB6A9A69C6
:10E460007B6AD1187B6A7A6AB86AFFF7FDFE17E00B
:10E47000BB6A93F8283003F00203002B03D1B86A7B
:10E4800001F0B4FA0CE0BB6A93F8283023F00103E2
:10E49000DAB2BB6A83F8282002E000BF00E000BFC8
:10E4A000074B1B68391D00221846FDF767FC034621
:10E4B000002B7FF41FAF00BF00BF3037BD4680BDCB
:10E4C0007C66002080B588B002AF49E02E4B1B6807
:10E4D000DB681B683B612C4B1B68DB68DB68FB60FF
:10E4E000FB6804331846FDF73BF8FB681B6AF868C5
:10E4F0009847FB6893F8283003F00403002B2FD0D3
:10E50000FB689B693A691344BB60BA683B699A42ED
:10E510000ED9FB68BA685A60FB68FA681A611A4B30
:10E520001A68FB68043319461046FCF7E1FF17E050
:10E530000023009300233A690021F868FFF754FD97
:10E5400078607B68002B0BD14FF0500383F3118868
:10E55000BFF36F8FBFF34F8F3B6000BF00BFFDE77E
:10E56000094B1B681B68002BB0D1074B1B687B61F4
:10E57000064B1B68044A1360044A7B69136000BFA2
:10E580001837BD4680BD00BF746600207866002045
:10E5900080B582B002AF01F075FC154B1B68002BF3
:10E5A00020D11448FCF756FF1348FCF753FF134BD8
:10E5B000104A1A60124B104A1A6000230093114B44
:10E5C000114A10210A20FDF75FF80346084A13603C
:10E5D000074B1B68002B05D0054B1B680B491846E1
:10E5E000FDF7C8FF01F07EFC00BFBD4680BD00BF47
:10E5F0007C6600204C660020606600207466002067
:10E60000786600202867002088660020DC45010825
:10E6100080B586B000AF78607B687B617B68002B3B
:10E620000BD14FF0500383F31188BFF36F8FBFF30B
:10E630004F8FFB6000BF00BFFDE701F023FC7B694B
:10E64000DB693B6101F04EFC3B6918461837BD465B
:10E6500080BD000080B58AB000AFF860B9607A6014
:10E660003B606FF001037B61FB68BB61BB68FB61D2
:10E670007B683B62064B186807F1140100233A6877
:10E68000FDF74EFA78627B6A18462837BD4680BD92
:10E690007C66002080B483B000AF03463960FB7114
:10E6A00097F90730002B0ADB3B68DAB20C4997F97F
:10E6B00007301201D2B20B4483F800230AE03B6812
:10E6C000DAB20849FB7903F00F03043B1201D2B21E
:10E6D0000B441A7600BF0C37BD4680BC704700BFA4
:10E6E00000E100E000ED00E080B500AF054B1B68E5
:10E6F000FEF77AFF0346012B01D001F055FC00BF65
:10E7000080BD00BF10E000E080B500AF00216FF0D9
:10E710000400FFF7BFFF00BF80BD000080B483B0DE
:10E7200000AFEFF305833B603B68002B03D06FF035
:10E7300005037B600CE0094B1B68002B05D1074BE0
:10E7400001221A6000237B6002E04FF0FF337B6000
:10E750007B6818460C37BD4680BC70477867002040
:10E7600080B582B000AFEFF305833B603B68002BC0
:10E7700003D06FF005037B6010E00B4B1B68012B8F
:10E7800009D1FFF7C1FF084B02221A60FEF75AF9C0
:10E7900000237B6002E04FF0FF337B607B6818460C
:10E7A0000837BD4680BD00BF7867002080B58EB0B9
:10E7B00004AFF860B9607A6000233B61EFF3058332
:10E7C0007B617B69002B7ED1FB68002B7BD0802393
:10E7D0003B621823FB6100237B624FF0FF33BB6178
:10E7E0007B68002B45D07B681B68002B02D07B68C0
:10E7F0001B687B627B689B69002B02D07B689B69EE
:10E80000FB61FB69002B08D0FB69382B05D87B68BE
:10E810005B6803F00103002B01D0002354E07B6808
:10E820005B69002B03D07B685B699B083B627B685C
:10E830009B68002B0ED07B68DB68632B0AD97B6852
:10E840001B69002B06D07B685B69002B02D001237B
:10E85000BB6110E07B689B68002B0CD17B68DB6898
:10E86000002B08D17B681B69002B04D10023BB61FE
:10E8700001E00023BB61BB69012B10D17B681B69E0
:10E880007A68926802920193FB690093BB683A6AC6
:10E89000796AF868FDF7F4FE03463B6113E0BB6953
:10E8A000002B10D13B6A9AB207F110030193FB6968
:10E8B0000093BB68796AF868FDF742FF0346012BB5
:10E8C00001D000233B613B6918462837BD4680BD17
:10E8D00080B582B000AFFEF779FE78607B6818469D
:10E8E0000837BD4680BD000080B588B002AF7860B3
:10E8F00039607B687B617B69002B02D03B68002B11
:10E9000003DA6FF00303FB6035E04FF0FF33FB6089
:10E91000EFF305833B613B69002B1FD00023BB60F5
:10E9200007F1080300930023012239687869FFF793
:10E9300017F907F10C0300220092002200217869E8
:10E94000FFF70EF9BB68002B15D00D4B4FF080522E
:10E950001A60BFF34F8FBFF36F8F0CE000230122CB
:10E9600039687869FFF740F807F10C0300220021AD
:10E970007869FFF739F8FB6818461837BD4680BD3F
:10E9800004ED00E080B586B000AF7860EFF305835A
:10E99000FB60FB68002B03D06FF005037B612AE06E
:10E9A0007B68002B03DA6FF003037B6123E0FEF743
:10E9B0000DFE386107F10803002200213869FFF7D6
:10E9C00013F80346012B13D1BB687B617B68DA43E4
:10E9D000BB681340BB60B968002303223869FFF7A6
:10E9E00003F80346012B06D04FF0FF337B6102E0B2
:10E9F0004FF0FF337B617B6918461837BD4680BDF9
:10EA000080B58CB000AFF860B9607A60EFF3058331
:10EA10007B617B69002B03D06FF00503FB626BE029
:10EA2000FB68002B03DA6FF00303FB6264E0BB6852
:10EA300003F00203002B02D00023BB6201E0FB685D
:10EA4000BB620023FB627B687B62FEF747F938629A
:10EA500007F110027B6AB96A0020FEF76BFFF861CC
:10EA6000FB69012B37D1FA6AFB681340FB623B69F3
:10EA7000FA6A1343FB62BB6803F00103002B0CD05E
:10EA8000FA68FB6A1340FA689A4232D07B68002B1E
:10EA90000FD16FF00203FB622EE0FA68FB6A1340AD
:10EAA000002B28D17B68002B03D16FF00203FB629F
:10EAB00022E0FEF713F902463B6AD31ABB61BA693A
:10EAC0007B6A9A4202D900237B620EE07A6ABB69B4
:10EAD000D31A7B6209E07B68002B03D16FF002033D
:10EAE000FB6202E06FF00103FB62FB69002BAFD118
:10EAF00002E000BF00E000BFFB6A18463037BD46A9
:10EB000080BD80B584B000AF7860EFF30583BB6053
:10EB1000BB68002B03D06FF00503FB6007E0002308
:10EB2000FB607B68002B02D07868FDF755FFFB681F
:10EB300018461037BD4680BD80B584B000AF786000
:10EB40007868FFF765FDF860FB68002B05D0FB686F
:10EB50001B68FA6852681046984700BF1037BD46D8
:10EB600080BD000080B58CB002AFF8607A603B6079
:10EB70000B46FB7200233B62EFF305833B613B696D
:10EB8000002B63D1FB68002B60D0082000F060FEF2
:10EB900078617B69002B59D07B69FA681A607B69C0
:10EBA0007A685A60FB7A002B02D10023FB6101E0F6
:10EBB0000123FB614FF0FF33BB6100237B623B68A5
:10EBC000002B1CD03B681B68002B02D03B681B68E5
:10EBD0007B623B689B68002B06D03B68DB682B2B75
:10EBE00002D90123BB610CE03B689B68002B08D174
:10EBF0003B68DB68002B04D10023BB6101E00023EC
:10EC0000BB61BB69012B0CD13B689B680193124B24
:10EC100000937B69FA690121786AFFF768F9386225
:10EC20000BE0BB69002B08D10B4B00937B69FA69A1
:10EC30000121786AFFF73AF938623B6A002B05D167
:10EC40007B69002B02D0786900F0D0FE3B6A184641
:10EC50002837BD4680BD00BF39EB000880B588B0BD
:10EC600002AF786039607B683B61EFF30583FB603E
:10EC7000FB68002B03D06FF005037B6117E03B6955
:10EC8000002B03D16FF003037B6110E0002300939E
:10EC900000233A6804213869FFF7A6F90346012BDF
:10ECA00002D100237B6102E06FF002037B617B698C
:10ECB00018461837BD4680BD80B586B000AF786075
:10ECC00000237B61EFF30583FB60FB68002B2DD1F4
:10ECD0004FF0FF333B617B68002B15D07B689B684E
:10ECE000002B06D07B68DB681F2B02D901233B6118
:10ECF0000CE07B689B68002B08D17B68DB68002BED
:10ED000004D100233B6101E000233B613B69012BFF
:10ED100006D17B689B681846FCF72AF9786105E004
:10ED20003B69002B02D1FCF75CF978617B691846DE
:10ED30001837BD4680BD000080B586B000AF786052
:10ED400039607B683B613B69002B03D03B68B3F1C2
:10ED5000807F03D36FF003037B6128E0EFF305832B
:10ED6000FB60FB68002B1DD00023BB6007F108038C
:10ED70001A4639683869FCF759FB0346002B03D162
:10ED80006FF002037B6112E03B687B61BB68002B84
:10ED90000DD0094B4FF080521A60BFF34F8FBFF375
:10EDA0006F8F04E039683869FCF779FA78617B691C
:10EDB00018461837BD4680BD04ED00E080B586B02A
:10EDC00000AF786039607B683B613B69002B03D002
:10EDD0003B68B3F1807F03D36FF003037B6119E0DD
:10EDE000EFF30583FB60FB68002B0ED03869FCF75E
:10EDF00033FA786139683869FCF71AFA0346002B50
:10EE000008D16FF002037B6104E039683869FCF7D0
:10EE1000D5F978617B6918461837BD4680BD80B545
:10EE20008CB002AFF860B9607A603B60FB68BB6190
:10EE3000BB69002B03D0BB68B3F1807F03D36FF0B5
:10EE40000303FB614BE0EFF305837B617B69002BE0
:10EE500003D06FF00503FB6141E07B6803F0010321
:10EE6000002B02D001237B6201E000237B627B68E0
:10EE700003F00203002B02D000233B6201E00123D8
:10EE80003B623B6800937B6A3A6AB968B869FCF7F1
:10EE9000C3F8F8617B6803F00103002B10D0BA6857
:10EEA000FB691340BA689A4219D03B68002B03D023
:10EEB0006FF00103FB6112E06FF00203FB610EE0F3
:10EEC000BA68FB691340002B09D13B68002B03D0C3
:10EED0006FF00103FB6102E06FF00203FB61FB696D
:10EEE00018462837BD4680BD80B58AB002AFF860AD
:10EEF000B9607A600023FB61EFF305833B613B69F6
:10EF0000002B75D1FB68002B72D0BA68FB689A425F
:10EF10006ED84FF0FF33BB617B68002B15D07B6848
:10EF20009B68002B06D07B68DB684F2B02D901233E
:10EF3000BB610CE07B689B68002B08D17B68DB68B9
:10EF4000002B04D10023BB6101E00023BB61BB693E
:10EF5000B3F1FF3F4CD0FB68012B28D1BB69012BDB
:10EF60000AD17B689B6803220092002200210120C5
:10EF7000FCF78AFBF86105E0032200210120FCF781
:10EF800000FCF861FB69002B22D0BB68002B1FD06E
:10EF9000002300220021F869FCF7C0FC0346012B86
:10EFA00016D0F869FDF79BF90023FB6110E0BB69FF
:10EFB000012B08D17B689B681A46B968F868FCF792
:10EFC0003EFCF86104E0B968F868FCF771FCF86190
:10EFD000FB69002B0CD07B68002B03D07B681B687F
:10EFE0007B6101E000237B617969F869FDF7C2FA72
:10EFF000FB6918462037BD4680BD000080B586B04D
:10F0000000AF786039607B683B6100237B613B69BE
:10F01000002B03D16FF003037B6139E0EFF305832D
:10F02000FB60FB68002B22D03B68002B03D06FF005
:10F0300003037B612CE00023BB6007F108031A4641
:10F0400000213869FDF78CF80346012B03D06FF0DF
:10F0500002037B611CE0BB68002B19D00F4B4FF003
:10F0600080521A60BFF34F8FBFF36F8F10E0396883
:10F070003869FCF765FF0346012B09D03B68002B7C
:10F0800003D06FF001037B6102E06FF002037B614C
:10F090007B6918461837BD4680BD00BF04ED00E00F
:10F0A00080B586B000AF78607B683B6100237B61F0
:10F0B0003B69002B03D16FF003037B612CE0EFF37E
:10F0C0000583FB60FB68002B1AD00023BB6007F1AF
:10F0D000080319463869FCF7C1FD0346012B03D02C
:10F0E0006FF002037B6117E0BB68002B14D00D4B5F
:10F0F0004FF080521A60BFF34F8FBFF36F8F0BE05A
:10F100000023002200213869FCF708FC0346012B8C
:10F1100002D06FF002037B617B6918461837BD4649
:10F1200080BD00BF04ED00E080B58AB002AFF8609A
:10F13000B9607A600023FB61EFF305833B613B69B3
:10F14000002B5FD1FB68002B5CD0BB68002B59D033
:10F150004FF0FF33BB617B68002B29D07B689B6835
:10F16000002B12D07B68DB684F2B0ED97B681B69A4
:10F17000002B0AD07B685A69FB68B96801FB03F36E
:10F180009A4202D30123BB6114E07B689B68002B89
:10F1900010D17B68DB68002B0CD17B681B69002BCE
:10F1A00008D17B685B69002B04D10023BB6101E0BF
:10F1B0000023BB61BB69012B0BD17B681A697B689B
:10F1C0009B6800210091B968F868FCF75DFAF86166
:10F1D00008E0BB69002B05D10022B968F868FCF78C
:10F1E000D0FAF861FB69002B0CD07B68002B03D0B0
:10F1F0007B681B687B6101E000237B617969F869AA
:10F20000FDF7B8F9FB6918462037BD4680BD000000
:10F2100080B588B000AFF860B9603B601346FB7101
:10F22000FB68BB610023FB61EFF305837B617B69B6
:10F23000002B28D0BB69002B05D0BB68002B02D067
:10F240003B68002B03D06FF00303FB6138E0002321
:10F250003B6107F110020023B968B869FCF760FC54
:10F260000346012B03D06FF00203FB6128E03B69EA
:10F27000002B25D0154B4FF080521A60BFF34F8FF3
:10F28000BFF36F8F1CE0BB69002B02D0BB68002B63
:10F2900003D16FF00303FB6112E000233A68B96801
:10F2A000B869FCF73BFB0346012B09D03B68002BF8
:10F2B00003D06FF00103FB6102E06FF00203FB611A
:10F2C000FB6918462037BD4680BD00BF04ED00E055
:10F2D00080B588B000AFF860B9607A603B60FB68C9
:10F2E000BB610023FB61EFF305837B617B69002B2E
:10F2F00028D0BB69002B05D0BB68002B02D03B682F
:10F30000002B03D06FF00303FB6137E000233B6168
:10F3100007F110031A46B968B869FCF721FF0346E4
:10F32000012B03D06FF00203FB6127E03B69002B48
:10F3300024D0154B4FF080521A60BFF34F8FBFF3AC
:10F340006F8F1BE0BB69002B02D0BB68002B03D181
:10F350006FF00303FB6111E03A68B968B869FCF724
:10F360000DFD0346012B09D03B68002B03D06FF045
:10F370000103FB6102E06FF00203FB61FB691846C9
:10F380002037BD4680BD00BF04ED00E080B58AB0E7
:10F3900000AFF860B9607A60EFF305833B613B69C9
:10F3A000002B02D000237B62BEE0FB68002B02D062
:10F3B000BB68002B02D100237B62B5E000237B6297
:10F3C000BB68033323F00302FB6802FB03F37B619A
:10F3D00000233B624FF0FF33FB614FF0FF33BB6113
:10F3E0007B68002B38D07B681B68002B02D07B68C1
:10F3F0001B683B627B689B68002B06D07B68DB68E0
:10F40000732B02D90123FB6109E07B689B68002B09
:10F4100005D17B68DB68002B01D10023FB617B6891
:10F420001B69002B06D17B685B69002B02D100238E
:10F43000BB6115E07B681B69002B11D07B681B69E1
:10F4400003F00303002B0BD17B685B697A699A4256
:10F4500006D80123BB6103E00023FB610023BB61ED
:10F46000FB69002B04D1742000F0F2F9786202E00D
:10F470007B689B687B627B6A002B1BD07B6A243392
:10F480001A46F968F868FCF7DAF902467B6A5A60AE
:10F490007B6A5B68002B0DD0BB69002B06D17869B5
:10F4A00000F0D6F902467B6A9A6003E07B681A692D
:10F4B0007B6A9A607B6A002B2BD07B6A9B68002B4F
:10F4C00027D07B6A00221A607B6A7A69DA607B6ADD
:10F4D0003A6A1A617B6ABA685A617B6AFA689A6109
:10F4E0007B6A0022DA617B6A124A1A62FB69002B8E
:10F4F00005D17B6A1B6A43F001027B6A1A62BB6911
:10F50000002B11D17B6A1B6A43F002027B6A1A62EC
:10F510000AE0FB69002B05D17B6A002B02D0786AD8
:10F5200000F064FA00237B627B6A18462837BD46E8
:10F5300080BD00BF0000ED5E80B58AB000AF78608E
:10F5400039607B68002B02D100237B6262E00023DC
:10F550007B627B683B623B6A1A6A314B1340304ADC
:10F56000934257D1EFF30583BB61BB69002B32D0C7
:10F570003B68002B4ED13B6A5B6800220021184695
:10F58000FCF7EEFD0346012B44D13B6A1A6A244B7B
:10F590001340234A93423DD1EFF311824FF05003C1
:10F5A00083F31188BFF36F8FBFF34F8F7A613B6195
:10F5B0007B69FB61386A00F0EEF878627B6A002BA9
:10F5C00003D1386A00F0C6F87862FB69FB60FB681B
:10F5D00083F311881EE03B6A5B6839681846FCF7C4
:10F5E000AFFC0346012B15D13B6A1A6A0C4B134042
:10F5F0000B4A93420ED100F045FC386A00F0CBF87C
:10F6000078627B6A002B03D1386A00F0A3F8786235
:10F6100000F068FC7B6A18462837BD4680BD00BFF5
:10F620000000ED5E80B58AB000AF786039607B681D
:10F63000002B02D03B68002B03D16FF003037B62E9
:10F640007FE07B683B623B6A1A6A404B13403F4A4B
:10F65000934203D06FF002037B6272E03B6A9B68C7
:10F660003A689A4208D33B6A9A683B6ADB68013B76
:10F6700013443A689A4203D96FF003037B6260E057
:10F6800000237B62EFF30583BB61BB69002B3BD09A
:10F690003B6A5B681846FCF704FE02463B6A9B69BE
:10F6A0009A4203D16FF002037B624AE0EFF31182CA
:10F6B0004FF0500383F31188BFF36F8FBFF34F8F69
:10F6C0003A61FB603B69FB613968386A00F07AF89F
:10F6D000FB697B617B6983F3118800BF0023BB60FA
:10F6E0003B6A5B6807F1080211461846FCF7B6FA58
:10F6F000BB68002B25D0164B4FF080521A60BFF329
:10F700004F8FBFF36F8F1CE03B6A5B681846FCF7B6
:10F71000A9FD02463B6A9B699A4203D16FF002033E
:10F720007B620EE000F0AEFB3968386A00F04AF800
:10F7300000F0D8FB3B6A5868002300220021FCF748
:10F74000EDF87B6A18462837BD4680BD0000ED5EA7
:10F7500004ED00E080B485B000AF78600023FB606A
:10F760007B68DA697B689B699A420ED27B689A68EB
:10F770007B685B697968C96901FB03F31344FB602B
:10F780007B68DB695A1C7B68DA61FB6818461437B2
:10F79000BD4680BC704780B485B000AF7860002360
:10F7A000FB607B681B68002B06D07B681B68FB60D6
:10F7B000FB681A687B681A60FB6818461437BD46F8
:10F7C00080BC704780B485B000AF786039603B681A
:10F7D000FB607B681A68FB681A607B68FA681A60CD
:10F7E00000BF1437BD4680BC7047000080B485B0B0
:10F7F00000AFF860B9607A60FB68064A1A60BB68BF
:10F80000054A1A607B6880221A6000BF1437BD4623
:10F8100080BC70477C670020E067002080B485B022
:10F8200000AFF860B9607A60FB68074A1A60BB688D
:10F83000064A1A607B684FF480721A6000BF143762
:10F84000BD4680BC704700BFE0690020446A0020CC
:10F8500080B58AB000AF78600023FB61FDF75CF9EA
:10F860005C4B1B68002B01D100F024F95A4B1A683D
:10F870007B681340002B40F095807B68002B1ED0E6
:10F8800008227B6813447B607B6803F00703002B2E
:10F8900015D07B6823F0070308337B607B6803F097
:10F8A0000703002B0BD04FF0500383F31188BFF3F5
:10F8B0006F8FBFF34F8F7B6100BF00BFFDE77B6899
:10F8C000002B6FD0454B1B687A689A426AD8444B2C
:10F8D0003B62434B1B687B6204E07B6A3B627B6A52
:10F8E0001B687B627B6A5B687A689A4203D97B6A91
:10F8F0001B68002BF1D1374B1B687A6A9A4251D0B2
:10F900003B6A1B6808221344FB617B6A1A683B6AE6
:10F910001A607B6A5A687B68D21A08235B009A4295
:10F9200020D97A6A7B681344BB61BB6903F0070383
:10F93000002B0BD04FF0500383F31188BFF36F8F70
:10F94000BFF34F8F3B6100BF00BFFDE77B6A5A6882
:10F950007B68D21ABB695A607B6A7A685A60B86958
:10F9600000F00AF91D4B1A687B6A5B68D31A1B4AC0
:10F9700013601A4B1A681B4B1B689A4203D2174B31
:10F980001B68184A13607B6A5A68134B1B681A433A
:10F990007B6A5A607B6A00221A60134B1B68013332
:10F9A000114A1360FDF7FCF8FB6903F00703002B15
:10F9B0000BD04FF0500383F31188BFF36F8FBFF369
:10F9C0004F8FFB6000BF00BFFDE7FB69184628377B
:10F9D000BD4680BD4C760020607600205076002029
:10F9E00044760020547600205876002080B586B0FA
:10F9F00000AF78607B687B617B68002B4FD0082369
:10FA00005B427A6913447B617B693B613B695A685D
:10FA1000254B1B681340002B0BD14FF0500383F391
:10FA20001188BFF36F8FBFF34F8FFB6000BF00BF24
:10FA3000FDE73B691B68002B0BD04FF0500383F3AD
:10FA40001188BFF36F8FBFF34F8FBB6000BF00BF44
:10FA5000FDE73B695A68144B1B681340002B1ED00E
:10FA60003B691B68002B1AD13B695A680E4B1B6817
:10FA7000DB431A403B695A60FDF74EF83B695A6810
:10FA80000A4B1B681344094A1360386900F074F884
:10FA9000074B1B680133064A1360FDF781F800BF6E
:10FAA0001837BD4680BD00BF60760020507600202C
:10FAB0005C76002080B485B000AF4FF40063BB607B
:10FAC000274BFB60FB6803F00703002B0CD0FB689F
:10FAD0000733FB60FB6823F00703FB60BA68FB6831
:10FAE000D31A1F4A1344BB60FB687B601D4A7B68C6
:10FAF00013601C4B00225A607B68BA681344FB6099
:10FB00000822FB689B1AFB60FB6823F00703FB607D
:10FB1000FB68154A1360144B1B6800225A60124B95
:10FB20001B6800221A607B683B603B68FA68D21A47
:10FB30003B685A600C4B1A683B681A603B685B680C
:10FB40000A4A13603B685B68094A1360094B4FF02F
:10FB500000421A6000BF1437BD4680BC704700BF2A
:10FB6000446E0020447600204C760020547600201D
:10FB7000507600206076002080B485B000AF7860B9
:10FB8000274BFB6002E0FB681B68FB60FB681B689F
:10FB90007A689A42F7D8FB68BB60FB685B68BA6812
:10FBA00013447A689A4208D1FB685A687B685B689C
:10FBB0001A44FB685A60FB687B607B68BB607B68AB
:10FBC0005B68BA681A44FB681B689A4218D1FB68E4
:10FBD0001A68144B1B689A420DD07B685A68FB6800
:10FBE0001B685B681A447B685A60FB681B681A686C
:10FBF0007B681A6008E00B4B1A687B681A6003E0A8
:10FC0000FB681A687B681A60FA687B689A4202D0BF
:10FC1000FB687A681A6000BF1437BD4680BC704725
:10FC2000447600204C76002080B485B000AFF860A8
:10FC3000B9607A60FB68043BFB60FB684FF0807240
:10FC40001A60FB68043BFB60BB6823F00102FB68A1
:10FC50001A60FB68043BFB600C4AFB681A60FB6897
:10FC6000143BFB607A68FB681A60FB68043BFB602E
:10FC7000FB686FF002021A60FB68203BFB60FB68C8
:10FC800018461437BD4680BC704700BF91FC000881
:10FC900080B485B000AF00237B60124B1B68B3F1CA
:10FCA000FF3F0BD04FF0500383F31188BFF36F8FEA
:10FCB000BFF34F8FFB6000BF00BFFDE74FF0500365
:10FCC00083F31188BFF36F8FBFF34F8FBB6000BF0B
:10FCD00000BF7B68002BFCD000BF00BF1437BD46BF
:10FCE00080BC704774060020000000000000000087
:10FCF000074B19680868B0E8F04F80F30988BFF334
:10FD00006F8F4FF0000080F311887047AFF30080D1
:10FD10004461002000BF00BF08480068006880F30D
:10FD200008884FF0000080F3148862B661B6BFF314
:10FD30004F8FBFF36F8F00DF00BF00BF08ED00E003
:10FD400080B586B000AF464B1B68464A93420BD144
:10FD50004FF0500383F31188BFF36F8FBFF34F8FC2
:10FD6000FB6000BF00BFFDE73D4B1B683E4A93426E
:10FD70000BD14FF0500383F31188BFF36F8FBFF3A4
:10FD80004F8F3B6100BF00BFFDE7384B7B617B6954
:10FD90001B78DBB27B607B69FF221A707B691B7862
:10FDA000DBB2FB70FB78DBB203F05003DAB2304B0E
:10FDB0001A70304B07221A6009E02E4B1B68013B7A
:10FDC0002C4A1360FB78DBB25B00DBB2FB70FB7884
:10FDD000DBB203F08003802BEFD0264B1B68032B94
:10FDE0000BD04FF0500383F31188BFF36F8FBFF335
:10FDF0004F8FBB6000BF00BFFDE71E4B1B681B029F
:10FE00001C4A13601B4B1B6803F4E063194A136020
:10FE10007B68DAB27B691A70174B1B68164A43F489
:10FE200070031360144B1B68134A43F07043136054
:10FE300000F0A8F9114B00221A6000F0DFF9104B16
:10FE40001B680F4A43F040431360FFF765FFFDF75F
:10FE500035F8FFF71DFF002318461837BD4680BD53
:10FE600000ED00E071C20F4170C20F4100E400E0FC
:10FE7000707600207476002020ED00E074060020EB
:10FE800034EF00E080B483B000AF4FF0500383F351
:10FE90001188BFF36F8FBFF34F8F7B6000BF0F4B95
:10FEA0001B6801330D4A13600C4B1B68012B10D1EA
:10FEB0000B4B1B68DBB2002B0BD04FF0500383F3CE
:10FEC0001188BFF36F8FBFF34F8F3B6000BF00BF40
:10FED000FDE700BF0C37BD4680BC704774060020AC
:10FEE00004ED00E080B483B000AF124B1B68002B20
:10FEF0000BD14FF0500383F31188BFF36F8FBFF323
:10FF00004F8F7B6000BF00BFFDE70A4B1B68013BC2
:10FF1000084A1360074B1B68002B05D100233B6088
:10FF20003B6883F3118800BF00BF0C37BD4680BC1F
:10FF3000704700BF740600200000000000000000B1
:10FF4000EFF30980BFF36F8F154B1A681EF0100F87
:10FF500008BF20ED108A20E9F04F106009B44FF07F
:10FF6000500080F31188BFF34F8FBFF36F8FFCF702
:10FF7000A5FF4FF0000080F3118809BC19680868DC
:10FF8000B0E8F04F1EF0100F08BFB0EC108A80F3FD
:10FF90000988BFF36F8F7047AFF30080AFF3008025
:10FFA0004461002000BF00BF80B582B000AF4FF0B9
:10FFB000500383F31188BFF36F8FBFF34F8F7B60C4
:10FFC00000BFFCF7C1FE0346002B03D0064B4FF0E9
:10FFD00080521A6000233B603B6883F3118800BFA6
:10FFE00000BF0837BD4680BD04ED00E080B588B095
:10FFF00000AF78605D4B1B687A689A4202D95B4B10
:020000040801F1
:100000001B687B605A4B1B68594A23F0010313603D
:10001000584B1A687B68013B5749096801FB03F399
:100020001344FB61554B1B68FA699A4204D9534B40
:100030001B68FA69D31AFB6172B6BFF34F8FBFF327
:100040006F8FFDF7D7F90346002B10D1494B4C4A6F
:100050001B681360464B1B68454A43F0010313605D
:10006000454B1B68464A013B136062B679E0444A3F
:10007000FB6913603F4B00221A603D4B1B683C4AF2
:1000800043F0010313607B683B6100233B613869E7
:10009000F1F70EFB3B69002B04D0BFF34F8F30BF4D
:1000A000BFF36F8F7868F1F70CFB62B6BFF34F8F29
:1000B000BFF36F8F72B6BFF34F8FBFF36F8F2C4BB1
:1000C00006221A602A4B1B6803F48033002B1DD0D4
:1000D000294B1A68274B1968FB69CB1A1344013B5B
:1000E0007B61264B1B687A699A4204D3224B1B68BA
:1000F0007A699A4203D9204B1B68013B7B61204AF5
:100100007B6913607B68013BBB6118E01A4B1B687D
:100110007A6803FB02F2174B1B68D31AFB60164B7D
:100120001B68FA68B2FBF3F3BB61BB690133124A87
:10013000126803FB02F21249FB68D31A0B600D4BE5
:1001400000221A600A4B1B68094A43F0010313603E
:10015000B869FCF7D1FD084B1B68094A013B1360E5
:1001600062B600BF2037BD4680BD00BF6876002064
:1001700010E000E018E000E0647600206C760020DB
:1001800014E000E080B400AF144B1B68144AA2FBDB
:1001900003239B09134A1360124B1B686FF07F42C5
:1001A000B2FBF3F3104A1360104B2D221A60104B70
:1001B00000221A600F4B00221A60084B1B68084A85
:1001C000A2FB03239B090C4A013B1360084B072247
:1001D0001A6000BFBD4680BC704700BF700600209B
:1001E000D34D621064760020687600206C76002083
:1001F00010E000E018E000E014E000E0DFF80C00A0
:10020000016841F470010160704700BF88ED00E0B3
:1002100080B485B000AFEFF30583FB60FB680F2B64
:1002200015D9174AFB6813441B78FB72154B1B78D2
:10023000FA7A9A420BD24FF0500383F31188BFF33E
:100240006F8FBFF34F8F7B6000BF00BFFDE70E4B8A
:100250001B6803F4E0620D4B1B689A420BD94FF008
:10026000500383F31188BFF36F8FBFF34F8F3B6051
:1002700000BF00BFFDE700BF1437BD4680BC70471C
:10028000F0E300E0707600200CED00E074760020D2
:1002900080B586B000AFF860B9601346FB71FB68AB
:1002A000002B01D103231FE0FB680022C3F8B82212
:1002B000FB680022C3F8C422FB680022C3F8D022E6
:1002C000BB68002B03D0FB68BA68C3F8B422FB6894
:1002D000012283F89C22FB68FA791A70F868F1F71A
:1002E000A3FE0346FB75FB7D18461837BD4680BD4F
:1002F00080B584B000AF786039600023FB813B6833
:10030000002B01D1032325E07B683A68C3F8B822AB
:100310007B68D3F8D4227B68AE3253F82230DB6A94
:10032000002B0FD07B68D3F8D4227B68AE3253F811
:100330002230DB6A07F10E021046984702467B68BE
:10034000C3F8D0227B68D3F8D8325A1C7B68C3F834
:10035000D822002318461037BD4680BD80B582B034
:1003600000AF78607868F1F7ABFE034618460837AF
:10037000BD4680BD80B483B000AF786000231846CE
:100380000C37BD4680BC704780B584B000AF786044
:100390000B46FB700023FB737B68D3F8B832002B4D
:1003A00009D07B68D3F8B8321B68FA7811467868B0
:1003B00098470346FB73FB7B18461037BD4680BD4C
:1003C00080B584B000AF78600B46FB700023FB73F0
:1003D0007B68D3F8B8325B68FA781146786898473A
:1003E0000346002B01D00323FB73FB7B1846103719
:1003F000BD4680BD80B584B000AF786039607B6851
:1004000003F2AA233968184601F00BF97B68012230
:10041000C3F894227B68B3F8B0321A467B68C3F8FD
:1004200098227B6893F8AA3203F01F03022B1AD09C
:10043000022B22D8002B02D0012B0AD01DE07B68B2
:1004400003F2AA231946786800F05BFB0346FB73AE
:1004500020E07B6803F2AA231946786800F0C2FB0B
:100460000346FB7316E07B6803F2AA2319467868FB
:1004700000F024FC0346FB730CE07B6893F8AA327F
:1004800023F07F03DBB219467868F1F779FE034663
:10049000FB7300BFFB7B18461037BD4680BD80B59F
:1004A00086B000AFF8600B467A60FB720023FB75E4
:1004B000FB7A002B6ED1FB6803F5AA733B61FB68E6
:1004C000D3F89432032B40F098803B699A683B69DB
:1004D000DB689A4213D93B699A683B69DB68D21A98
:1004E0003B699A603B69DA683B699B68934228BF25
:1004F00013461A467968F86801F092F97DE0FB68C6
:1005000093F8AA3203F01F03022B14D0022B1DD83C
:10051000002B02D0012B03D018E00023BB7518E09C
:10052000FB68B3F8AE32DBB21946F86800F060FA47
:100530000346BB750DE0FB68B3F8AE32DBB219467B
:10054000F86800F061FA0346BB7502E00023BB7552
:1005500000BFBB7D002B19D1FB6893F89C32DBB246
:10056000032B13D1BA7DFB68AE3253F822301B69DE
:10057000002B0BD0BA7DFB68C3F8D422BA7DFB6890
:10058000AE3253F822301B69F8689847F86801F0DA
:1005900058F932E0FB7A03F07F03DBB21946F868C2
:1005A00000F032FA0346BB75BB7DFF2B25D0BB7D27
:1005B000002B22D1FB6893F89C32DBB2032B17D1BE
:1005C000BA7DFB68AE3253F822309B69002B0FD006
:1005D000BA7DFB68C3F8D422BA7DFB68AE3253F80B
:1005E00022309B69FA7A1146F86898470346FB75F2
:1005F000FB7D002B01D0FB7D00E00023184618375F
:10060000BD4680BD80B586B000AFF8600B467A600D
:10061000FB72FB7A002B6FD1FB6814333B61FB68E4
:10062000D3F89432022B5AD13B699A683B69DB6854
:100630009A4214D93B699A683B69DB68D21A3B69D4
:100640009A603B699B681A467968F86801F0BAF8C5
:10065000002300220021F868F1F73BFE3FE03B69F0
:10066000DA683B699B689A421CD13B695A683B69CE
:10067000DB689A4216D33B695A68FB68D3F8983214
:100680009A420FD200220021F86801F09BF8FB6823
:100690000022C3F89822002300220021F868F1F715
:1006A00018FE1CE0FB6893F89C32DBB2032B0FD1E1
:1006B000FB68D3F8B832DB68002B09D0FB68002256
:1006C000C3F8D422FB68D3F8B832DB68F8689847DF
:1006D0008021F868F1F754FDF86801F0C5F8FB686F
:1006E00093F8A032002B3AD0F868FFF743FEFB687E
:1006F000002283F8A02232E0FB7A63F07F03DBB2B2
:100700001946F86800F080F90346FB75FB7DFF2B66
:1007100025D0FB7D002B22D1FB6893F89C32DBB205
:10072000032B1CD1FA7DFB68AE3253F822305B6993
:10073000002B14D0FA7DFB68C3F8D422FA7DFB6845
:10074000AE3253F822305B69FA7A1146F86898475E
:100750000346BB75BB7D002B01D0BB7D00E00023B1
:1007600018461837BD4680BD80B584B000AF7860AC
:100770000023FB737B68012283F89C227B680022A4
:10078000C3F894227B6800225A607B680022C3F879
:10079000A4227B68002283F8A0227B68D3F8B832B9
:1007A000002B14D07B68D3F8B8325B68002B0ED0D6
:1007B0007B68D3F8B8325B687A685268D2B2114667
:1007C000786898470346002B01D00323FB7340232E
:1007D000002200217868F1F78EFC7B680122A3F8E3
:1007E00064217B684022C3F86021402300228021DD
:1007F0007868F1F780FC7B6801229A847B6840224C
:100800001A62FB7B18461037BD4680BD80B483B0AA
:1008100000AF78600B46FB707B68FA781A7400238F
:1008200018460C37BD4680BC704780B483B000AF1B
:1008300078607B6893F89C32DBB2042B06D07B682F
:1008400093F89C32DAB27B6883F89D227B6804229D
:1008500083F89C22002318460C37BD4680BC7047A5
:1008600080B483B000AF78607B6893F89C32DBB2D1
:10087000042B06D17B6893F89D32DAB27B6883F84B
:100880009C22002318460C37BD4680BC704780B5BB
:1008900082B000AF78607B6893F89C32DBB2032BA8
:1008A00010D17B68D3F8B832002B0BD07B68D3F81B
:1008B000B832DB69002B05D07B68D3F8B832DB692E
:1008C00078689847002318460837BD4680BD80B534
:1008D00082B000AF78600B46FB707B68D3F8D422FF
:1008E0007B68AE3253F82230002B01D103231CE089
:1008F0007B6893F89C32DBB2032B15D17B68D3F86D
:10090000D4227B68AE3253F822301B6A002B0BD006
:100910007B68D3F8D4227B68AE3253F822301B6A4E
:10092000FA78114678689847002318460837BD467C
:1009300080BD80B582B000AF78600B46FB707B68ED
:10094000D3F8D4227B68AE3253F82230002B01D189
:1009500003231CE07B6893F89C32DBB2032B15D198
:100960007B68D3F8D4227B68AE3253F822305B6ABE
:10097000002B0BD07B68D3F8D4227B68AE3253F8BF
:1009800022305B6AFA781146786898470023184647
:100990000837BD4680BD80B483B000AF78600023C7
:1009A00018460C37BD4680BC704780B584B000AF98
:1009B00078600023FB737B68012283F89C227B68AC
:1009C000D3F8B832002B0ED07B68D3F8B8325B680E
:1009D0007A685268D2B21146786898470346002B6D
:1009E00001D00323FB73FB7B18461037BD4680BD47
:1009F00080B483B000AF78600B46FB7000231846CC
:100A00000C37BD4680BC704780B483B000AF7860BF
:100A10000B46FB70002318460C37BD4680BC704760
:100A200080B586B000AF78600B46FB707B687B6159
:100A30007B68FB6000233B61FB685B889BB2FA68C4
:100A4000127893421FD9FB681B787B8113E007F172
:100A50000A031946786900F01BF878617B695B78B6
:100A6000052B08D17B693B613B699B78FA789A42F8
:100A700008D000233B61FB685B889AB27B899A426D
:100A8000E5D800E000BF3B6918461837BD4680BD79
:100A900080B485B000AF786039607B68FB603B68EC
:100AA0001B88FA68127813449AB23B681A80FB6874
:100AB0001B781A467B681344FB60FB6818461437A2
:100AC000BD4680BC704780B487B000AF78607B685B
:100AD0007B617B691B787B827B6901337B617B69EE
:100AE0001B783B82B7F910301B021AB2B7F91230EB
:100AF00013431BB2FB81FB8918461C37BD4680BCE3
:100B0000704780B584B000AF786039600023FB7314
:100B10003B681B7803F06003402B05D0402B57D86F
:100B2000002B0FD0202B53D17B68D3F8D4227B68C5
:100B3000AE3253F822309B6839687868984703468C
:100B4000FB734AE03B685B78092B20D0092B39DC2A
:100B5000082B23D0082B35DC062B0ED0062B31DCDE
:100B6000052B0FD0052B2DDC032B21D0032B29DCEB
:100B7000002B18D0012B20D024E03968786800F0D1
:100B80003CFA24E03968786800F0A8FB1FE0396877
:100B9000786800F0E7FB0346FB7318E03968786873
:100BA00000F08AFC13E03968786800F0BBFC0EE0C6
:100BB0003968786800F0EAFC09E03968786800F084
:100BC0000EFD04E03968786800F065FD00BF04E0C0
:100BD0003968786800F05FFD00BFFB7B184610376E
:100BE000BD4680BD80B584B000AF78603960002319
:100BF000FB733B681B7803F06003402B05D0402B50
:100C000052D8002B01D0202B4ED17B6893F89C3218
:100C1000DBB2013B022B40D83B689B88DBB2012B47
:100C200036D83B689B88DBB219467868FFF7E0FE50
:100C30000346BB73BB7BFF2B1DD0BB7B002B1AD1A4
:100C4000BA7B7B68AE3253F822309B68002B0FD002
:100C5000BA7B7B68C3F8D422BA7B7B68AE3253F888
:100C600022309B683968786898470346FB7304E034
:100C70000323FB7301E00323FB733B68DB88002B3A
:100C800010D1FB7B002B0DD1786800F0DAFD09E074
:100C90003968786800F0FFFC04E03968786800F093
:100CA000FAFC00E000BF04E03968786800F0F3FC6B
:100CB00000BFFB7B18461037BD4680BD80B584B0B1
:100CC00000AF786039600023FB723B689B88BB7281
:100CD0003B681B7803F06003402B07D0402B00F2E9
:100CE0008181002B2AD0202B40F07C81BB7A1946D1
:100CF0007868FFF789FE03467B727B7AFF2B00F052
:100D000076817B7A002B40F072817A7A7B68C3F817
:100D1000D4227A7A7B68AE3253F822309B68002B5B
:100D200000F065817A7A7B68AE3253F822309B6896
:100D30003968786898470346FB7258E13B685B78EE
:100D4000032B08D0032B00F34781002B00F09B807E
:100D5000012B3CD040E17B6893F89C32DBB2022B44
:100D600002D0032B16D02CE0BB7A002B0DD0BB7A1F
:100D7000802B0AD0BB7A19467868F1F701FA8021F6
:100D80007868F1F7FDF900BF20E03968786800F075
:100D900082FC1BE03B685B88002B0ED1BB7A002BEA
:100DA0000BD0BB7A802B08D03B68DB88002B04D1AA
:100DB000BB7A19467868F1F7E3F9786800F041FDED
:100DC00004E03968786800F066FC00BF09E17B68E0
:100DD00093F89C32DBB2022B02D0032B16D04BE0EF
:100DE000BB7A002B0DD0BB7A802B0AD0BB7A194678
:100DF0007868F1F7C5F980217868F1F7C1F900BF8B
:100E000040E03968786800F046FC3BE03B685B886E
:100E1000002B36D1BB7A03F07F03002B04D0BB7AC2
:100E200019467868F1F7CBF9786800F00AFDBB7ACB
:100E300019467868FFF7E8FD03467B727B7AFF2B43
:100E40001FD07B7A002B1CD17A7A7B68C3F8D4221E
:100E50007A7A7B68AE3253F822309B68002B10D030
:100E60007A7A7B68AE3253F822309B6839687868AA
:100E700098470346FB7204E03968786800F00BFC81
:100E800000E000BFADE07B6893F89C32DBB2022B40
:100E900002D0032B33D099E0BB7A002B07D0BB7A6A
:100EA000802B04D03968786800F0F5FB93E097F95F
:100EB0000A30002B0CDABB7A03F07F0213469B004A
:100EC00013449B0010337A6813440433FB600CE036
:100ED000BB7A03F07F0213469B0013449B0003F58B
:100EE000A8737A6813440433FB60FB6800221A601D
:100EF000FB6802221946786800F049FC6BE097F91C
:100F00000A30002B11DABB7A03F00F02796813461E
:100F10009B0013449B000B4424331B88002B17D1E8
:100F20003968786800F0B7FB55E0BB7A03F00F0230
:100F3000796813469B0013449B000B4403F5B2737E
:100F40001B88002B04D13968786800F0A4FB42E0CC
:100F500097F90A30002B0CDABB7A03F07F021346B4
:100F60009B0013449B0010337A6813440433FB60E6
:100F70000CE0BB7A03F07F0213469B0013449B00F6
:100F800003F5A8737A6813440433FB60BB7A002B23
:100F900002D0BB7A802B03D1FB6800221A600EE0DE
:100FA000BB7A19467868F1F729F90346002B03D07C
:100FB000FB6801221A6002E0FB6800221A60FB68ED
:100FC00002221946786800F0E2FB04E0396878688C
:100FD00000F061FB00BF04E03968786800F05BFB5B
:100FE00000BF05E03968786800F055FB00E000BFFD
:100FF000FB7A18461037BD4680BD80B584B000AF7F
:101000007860396000233B810023FB600023FB7282
:101010003B685B881B0A9BB2072B00F01781072BEC
:1010200000F32E81062B00F0FB80062B00F32881B5
:10103000032B33D0032B00F32381012B02D0022B8F
:101040000CD01DE17B68D3F8B4321B687A68127C3F
:1010500007F1080110469847F86019E17B681B7C8E
:10106000002B0DD17B68D3F8B8329B6A07F10802D8
:1010700010469847F860FB68013302221A7007E1B6
:101080007B68D3F8B832DB6A07F10802104698474C
:10109000F860FB68013302221A70F9E03B685B8854
:1010A000DBB2052B00F09980052B00F3B080042BF8
:1010B00079D0042B00F3AB80032B5AD0032B00F321
:1010C000A680022B3BD0022B00F3A180002B02D084
:1010D000012B1AD09BE07B68D3F8B4325B68002BFD
:1010E0000BD07B68D3F8B4325B687A68127C07F166
:1010F000080110469847F86091E03968786800F078
:10110000CAFAFB7A0133FB7289E07B68D3F8B43208
:101110009B68002B0BD07B68D3F8B4329B687A684D
:10112000127C07F1080110469847F86077E03968AB
:10113000786800F0B0FAFB7A0133FB726FE07B68ED
:10114000D3F8B432DB68002B0BD07B68D3F8B43211
:10115000DB687A68127C07F1080110469847F8604E
:101160005DE03968786800F096FAFB7A0133FB722B
:1011700055E07B68D3F8B4321B69002B0BD07B6839
:10118000D3F8B4321B697A68127C07F10801104663
:101190009847F86043E03968786800F07CFAFB7A99
:1011A0000133FB723BE07B68D3F8B4325B69002B00
:1011B0000BD07B68D3F8B4325B697A68127C07F194
:1011C000080110469847F86029E03968786800F00F
:1011D00062FAFB7A0133FB7221E07B68D3F8B43208
:1011E0009B69002B0BD07B68D3F8B4329B697A687B
:1011F000127C07F1080110469847F8600FE0396843
:10120000786800F048FAFB7A0133FB7207E039682E
:10121000786800F040FAFB7A0133FB7200BF37E0D8
:101220007B681B7C002B09D17B68D3F8B8325B6BE1
:1012300007F1080210469847F86029E03968786895
:1012400000F029FAFB7A0133FB7221E07B681B7CFA
:10125000002B0DD17B68D3F8B8321B6B07F1080265
:1012600010469847F860FB68013307221A700FE0B8
:101270003968786800F00FFAFB7A0133FB7207E0F7
:101280003968786800F007FAFB7A0133FB7200BF17
:10129000FB7A002B1ED13B68DB88002B16D03B89E4
:1012A000002B0ED03B68DA883B89934228BF134657
:1012B0009BB23B813B891A46F968786800F067FA6F
:1012C00009E03968786800F0E6F904E0786800F031
:1012D000B8FA00E000BF1037BD4680BD80B584B0CD
:1012E00000AF786039603B689B88002B31D13B6848
:1012F000DB88002B2DD13B685B887F2B29D83B688E
:101300005B88DBB203F07F03FB737B6893F89C324E
:10131000DBB2032B04D13968786800F0BCF91DE01A
:101320007B68FA7B83F89E22FB7B19467868F0F78E
:1013300090FF786800F085FAFB7B002B04D07B6877
:10134000022283F89C2209E07B68012283F89C2218
:1013500004E03968786800F09EF900BF00BF1037DC
:10136000BD4680BD80B584B000AF78603960002391
:10137000FB733B685B88DAB24E4B1A704D4B1B789F
:10138000012B05D93968786800F085F903238CE0D2
:101390007B6893F89C32DBB2022B02D0032B29D05E
:1013A00075E0444B1B78002B20D0424B1B781A462B
:1013B0007B685A603F4B1B7819467868FEF7E4FF5C
:1013C0000346FB73FB7B002B08D03968786800F07C
:1013D00062F97B68022283F89C2265E0786800F05D
:1013E00030FA7B68032283F89C225DE0786800F085
:1013F00028FA59E02F4B1B78002B12D17B68022270
:1014000083F89C222B4B1B781A467B685A60294B29
:101410001B7819467868FEF7D3FF786800F011FA58
:1014200042E0244B1B781A467B685B689A422AD0BC
:101430007B685B68DBB219467868FEF7C1FF1D4B1D
:101440001B781A467B685A601A4B1B7819467868D5
:10145000FEF79AFF0346FB73FB7B002B0FD0396826
:10146000786800F018F97B685B68DBB21946786829
:10147000FEF7A6FF7B68022283F89C2214E07868BE
:1014800000F0DFF910E0786800F0DBF90CE0396873
:10149000786800F000F9074B1B7819467868FEF76A
:1014A0008FFF0323FB7300BFFB7B18461037BD463D
:1014B00080BD00BF7876002080B582B000AF786034
:1014C00039603B68DB88012B04D03968786800F00C
:1014D000E2F823E07B6893F89C32DBB2022B02DC5B
:1014E000002B03DC15E0032B0BD012E07B680022FD
:1014F0009A607B68083301221946786800F047F942
:101500000CE07B68043301221946786800F03FF94B
:1015100004E03968786800F0BEF800BF00BF083703
:10152000BD4680BD80B582B000AF786039607B6811
:1015300093F89C32DBB2013B022B1ED83B68DB8860
:10154000022B04D03968786800F0A5F81AE07B68AF
:101550000122DA607B68D3F8A432002B05D07B68C7
:10156000DB6843F002027B68DA607B680C3302229E
:101570001946786800F00BF904E03968786800F0E3
:101580008AF800BF00BF0837BD4680BD80B582B075
:1015900000AF786039603B685B88012B07D17B68BE
:1015A0000122C3F8A422786800F04BF913E03B68ED
:1015B0005B88022B0BD13B689B881B0A9BB2DAB27B
:1015C0007B6883F8A022786800F03BF903E0396873
:1015D000786800F060F800BF0837BD4680BD80B570
:1015E00082B000AF786039607B6893F89C32DBB2E0
:1015F000013B022B0BD83B685B88012B0CD17B682D
:101600000022C3F8A422786800F01BF904E03968CE
:10161000786800F040F800E000BF00BF0837BD4622
:1016200080BD80B584B000AF786039603B68FB60F6
:10163000FB681A787B681A70FB680133FB60FB68F3
:101640001A787B685A70FB680133FB60F868FFF713
:101650003AFA03461A467B685A80FB680133FB60FE
:10166000FB680133FB60F868FFF72DFA03461A4662
:101670007B689A80FB680133FB60FB680133FB6089
:10168000F868FFF720FA03461A467B68DA8000BF45
:101690001037BD4680BD80B582B000AF786039603C
:1016A00080217868F0F76CFD00217868F0F768FD1C
:1016B00000BF0837BD4680BD80B586B000AFF8607A
:1016C000B9607A600023FB75FB68002B42D0FB6891
:1016D0003B61386900F042F8034601335B00B3F523
:1016E000007F08D8386900F039F8034601339BB20F
:1016F0005B009AB201E04FF400727B681A80FB7DB8
:10170000BA6813447A6812781A70FB7D0133FB754E
:10171000FB7DBA68134403221A70FB7D0133FB750D
:1017200013E0FB7DBA6813443A6912781A703B697A
:1017300001333B61FB7D0133FB75FB7DBA681344CC
:1017400000221A70FB7D0133FB753B691B78002B6F
:10175000E7D100E000BF1837BD4680BD80B485B03A
:1017600000AF78600023FB737B68BB6005E0FB7B08
:101770000133FB73BB680133BB60BB681B78002B74
:10178000F5D1FB7B18461437BD4680BC704780B549
:1017900084B000AFF860B9607A60FB680222C3F8D9
:1017A0009422FB687A689A61FB687A68DA617B68E0
:1017B000BA680021F868F0F76BFD0023184610376F
:1017C000BD4680BD80B584B000AFF860B9607A6076
:1017D0007B68BA680021F868F0F75AFD00231846C4
:1017E0001037BD4680BD80B584B000AFF860B960E9
:1017F0007A60FB680322C3F89422FB687A68C3F816
:101800005821FB687A68C3F85C217B68BA680021BC
:10181000F868F0F75EFD002318461037BD4680BD1E
:1018200080B584B000AFF860B9607A607B68BA6850
:101830000021F868F0F74DFD002318461037BD462B
:1018400080BD80B582B000AF78607B680422C3F8A9
:1018500094220023002200217868F0F719FD00236C
:1018600018460837BD4680BD80B582B000AF7860AD
:101870007B680522C3F894220023002200217868A7
:10188000F0F727FD002318460837BD4680BD00004D
:1018900080B584B000AF78600B46FB704FF40770E2
:1018A000F0F74CFDF860FB68002B09D17B68D3F89A
:1018B000D4227B68B032002143F822100223D4E006
:1018C0004FF407720021F86801F0A8FA7B68D3F89A
:1018D000D4227B68B032F96843F822107B68D3F8D1
:1018E000D4227B68B03253F822207B68C3F8BC2234
:1018F0007B681B7C002B38D15E4B19784FF400734A
:1019000002227868F0F7F7FB5A4B1B7803F00F02BE
:10191000796813469B0013449B000B442433012237
:101920001A80554B19784FF4007302227868F0F74B
:10193000E2FB514B1B7803F00F02796813469B00C2
:1019400013449B000B4403F5B27301221A804B4BE6
:101950001B7803F00F02796813469B0013449B0029
:101960000B44263310221A8035E0424B197840236D
:1019700002227868F0F7BFFB3E4B1B7803F00F02A2
:10198000796813469B0013449B000B4424330122C7
:101990001A80394B1978402302227868F0F7ABFBA4
:1019A000354B1B7803F00F02796813469B001344F4
:1019B0009B000B4403F5B27301221A802F4B1B7856
:1019C00003F00F02796813469B0013449B000B44FD
:1019D000263310221A80294B1978082303227868AD
:1019E000F0F789FB254B1B7803F00F02796813464B
:1019F0009B0013449B000B44243301221A80FB6894
:101A00000022C3F804227B68D3F8D4327A68B0335A
:101A10009B0013445B681B689847FB680022C3F86F
:101A20001422FB680022C3F81822FB68D3F80432A2
:101A3000002B01D1022318E07B681B7C002B0AD10C
:101A40000D4B1978FB68D3F804224FF400737868C3
:101A5000F0F73FFC08E0084B1978FB68D3F8042244
:101A600040237868F0F735FC002318461037BD4650
:101A700080BD00BFFF0600200007002001070020F6
:101A800080B582B000AF78600B46FB703A4B1B7894
:101A900019467868F0F755FB374B1B7803F00F02B7
:101AA000796813469B0013449B000B4424330022A7
:101AB0001A80324B1B7819467868F0F742FB2F4B9F
:101AC0001B7803F00F02796813469B0013449B00B8
:101AD0000B4403F5B27300221A80294B1B78194678
:101AE0007868F0F72EFB264B1B7803F00F0279681D
:101AF00013469B0013449B000B44243300221A809E
:101B00001F4B1B7803F00F02796813469B001344A8
:101B10009B000B44263300221A807B68D3F8D42222
:101B20007B68B03253F82230002B1FD07B68D3F88B
:101B3000D4327A68B0339B0013445B685B68984783
:101B40007B68D3F8D4227B68B03253F82230184631
:101B5000F0F700FC7B68D3F8D4227B68B032002118
:101B600043F822107B680022C3F8BC2200231846E9
:101B70000837BD4680BD00BFFF06002000070020DB
:101B80000107002080B586B000AF786039607B68BF
:101B9000D3F8D4227B68B03253F822303B61002363
:101BA0007B7300237B810023FB753B69002B01D1F4
:101BB0000323AFE03B681B7803F06003002B50D099
:101BC000202B40F09F803B68DB88002B3AD03B689D
:101BD0001B785BB2002B1BDA7B68D3F8D4327A68AF
:101BE000B0339B0013445B689B683A68507839694E
:101BF0003A68D28898473B68DB88072B28BF0723C1
:101C0000FB813B69FA8919467868FFF7C0FD80E0DF
:101C10003B685A783B6983F800223B68DB883F2B9E
:101C200003D83B68DB88DAB200E040223B6983F8E6
:101C3000012239693B6993F801321A467868FFF747
:101C4000D2FD66E07B68D3F8D4327A68B0339B006B
:101C500013445B689B683A6850780022396898475B
:101C600057E03B685B780B2B34D00B2B3FDC0A2B07
:101C70001BD00A2B3BDC002B02D0012B3ED036E0E0
:101C80007B6893F89C32DBB2032B07D107F10A0380
:101C9000022219467868FFF77AFD32E039687868E1
:101CA000FFF7F9FC0323FB752BE07B6893F89C326C
:101CB000DBB2032B07D107F10D0301221946786827
:101CC000FFF765FD1DE039687868FFF7E4FC032342
:101CD000FB7516E07B6893F89C32DBB2032B0FD0C8
:101CE00039687868FFF7D7FC0323FB7508E039688B
:101CF0007868FFF7D0FC0323FB7502E000BF08E023
:101D000000BF06E039687868FFF7C5FC0323FB7560
:101D100000BFFB7D18461837BD4680BD80B584B036
:101D200000AF78600B46FB707B68D3F8C832FB606D
:101D30007B68D3F8D4227B68B03253F82230002B72
:101D400001D1032365E07B68D3F8D4227B68B032ED
:101D500053F82230BB60FB7803F00F02796813461A
:101D60009B0013449B000B4418331B68002B2FD09F
:101D7000FB7803F00F02796813469B0013449B0025
:101D80000B4418331A68FB7803F00F01F8680B4610
:101D9000DB000B449B0003441C331B68B2FBF3F1D4
:101DA00001FB03F3D31A002B12D1FB7803F00F02CF
:101DB000796813469B0013449B000B4418330022A0
:101DC0001A60F978002300227868F0F761FA1FE0C2
:101DD000BB680022C3F814227B68D3F8D4327A6837
:101DE000B0339B0013445B681B69002B10D07B68E9
:101DF000D3F8D4327A68B0339B0013445B681B6914
:101E0000BA68D2F80802BA6802F50471FA789847FD
:101E1000002318461037BD4680BD80B584B000AFA2
:101E200078600B46FB707B68D3F8D4227B68B032B5
:101E300053F82230FB607B68D3F8D4227B68B03241
:101E400053F82230002B01D103231AE0FB78194606
:101E50007868F0F75FFA0246FB68C3F80C227B68EB
:101E6000D3F8D4327A68B0339B0013445B68DB68E4
:101E7000FA68D2F80402FA6802F50372114698472C
:101E8000002318461037BD4680BD80B584B000AF32
:101E900078607B68D3F8D4227B68B03253F8223064
:101EA000FB60FB68002B01D1032324E07B68D3F89F
:101EB000D4327A68B0339B0013445B68002B19D08E
:101EC000FB6893F80032FF2B14D07B68D3F8D43230
:101ED0007A68B0339B0013445B689B68FA6892F899
:101EE0000002F968FA6892F801229847FB68FF221D
:101EF00083F80022002318461037BD4680BD00003D
:101F000080B586B000AF786082211848FEF788FD62
:101F1000786101211548FEF783FD3861812113485E
:101F2000FEF77EFDF8607B69002B02D07B691022F2
:101F30009A713B69002B06D03B69002242F04002B7
:101F40001A7100225A71FB68002B06D0FB68002230
:101F500042F040021A7100225A717B6843221A80B3
:101F6000024B18461837BD4680BD00BFBC06002096
:101F700080B586B000AF786082211848FEF750FD2A
:101F8000786101211548FEF74BFD38618121134826
:101F9000FEF746FDF8607B69002B02D07B691022BA
:101FA0009A713B69002B06D03B6900221A7100220E
:101FB00042F002025A71FB68002B06D0FB68002237
:101FC0001A71002242F002025A717B6843221A8081
:101FD000024B18461837BD4680BD00BFBC06002026
:101FE00080B586B000AF786082211848FEF718FDF2
:101FF000786101211548FEF713FD386181211348EE
:10200000FEF70EFDF8607B69002B02D07B69102281
:102010009A713B69002B06D03B69002242F04002D6
:102020001A7100225A71FB68002B06D0FB6800224F
:1020300042F040021A7100225A717B6843221A80D2
:10204000024B18461837BD4680BD00BFBC060020B5
:1020500080B483B000AF78607B680A221A80034B9B
:1020600018460C37BD4680BC704700BF780600207C
:1020700080B483B000AF786039603B68002B01D139
:10208000032309E07B68D3F8D4327A68B0339B002D
:1020900013443A685A60002318460C37BD4680BC8A
:1020A000704780B487B000AFF860B9607A60FB68B1
:1020B000D3F8D422FB68B03253F822307B617B69BD
:1020C000002B01D1032308E07B69BA68C3F808221A
:1020D0007B697A68C3F81022002318461C37BD4676
:1020E00080BC704780B485B000AF786039607B6891
:1020F000D3F8D4227B68B03253F82230FB60FB68FF
:10210000002B01D1032304E0FB683A68C3F80422E2
:10211000002318461437BD4680BC704780B584B094
:1021200000AF78607B68D3F8D4227B68B03253F874
:102130002230FB607B68D3F8D4227B68B03253F83E
:102140002230002B01D1032318E07B681B7C002B7D
:102150000AD10C4B1978FB68D3F804224FF40073B2
:102160007868F0F7B6F808E0064B1978FB68D3F802
:10217000042240237868F0F7ACF8002318461037A3
:10218000BD4680BD0007002080B588B000AF07F1D4
:102190000C0300221A605A609A60DA601A61002308
:1021A000BB60334B1B6B324A43F004031363304B69
:1021B0001B6B03F00403BB60BB6800237B602C4BEC
:1021C0001B6B2B4A43F080031363294B1B6B03F0FB
:1021D00080037B607B6800233B60254B1B6B244A9C
:1021E00043F001031363224B1B6B03F001033B60BD
:1021F0003B6800224FF400511E48F6F77BFB00229B
:10220000B0211D48F6F776FB012240211A48F6F767
:1022100071FB4FF40053FB6001233B6100237B61A2
:102220000023BB6107F10C0319461248F6F7E0F9E9
:10223000D023FB6001233B6100237B610023BB6152
:1022400007F10C0319460C48F6F7D2F92023FB607E
:1022500011233B6100237B610023BB6107F10C0369
:1022600019460548F6F7C4F900BF2037BD4680BDC2
:1022700000380240000802400000024080B584B0EF
:1022800000AF3B4600221A605A609A60DA60214B28
:10229000214A1A601F4B4FF480325A601D4B0022B6
:1022A0009A601C4B00221A611A4B00221A76194BB5
:1022B000002283F82020174B0022DA62154B174AC0
:1022C0009A62144B0022DA60124B0122DA61114B40
:1022D000002283F830200F4B01225A610D48F7F796
:1022E0008BF80346002B01D0EEF71AF902233B606E
:1022F00001237B600023BB603B4619460548F7F786
:1023000009FA0346002B01D0EEF70AF900BF103797
:10231000BD4680BD7C760020002001400100000FFA
:1023200080B58AB000AF786007F1140300221A600C
:102330005A609A60DA601A617B681B68174A934298
:1023400027D100233B61164B5B6C154A43F4807325
:102350005364134B5B6C03F480733B613B69002354
:10236000FB600F4B1B6B0E4A43F0010313630C4BD6
:102370001B6B03F00103FB60FB680C237B610323F1
:10238000BB610023FB6107F1140319460548F6F70A
:102390002FF900BF2837BD4680BD00BF0020014097
:1023A000003802400000024080B582B000AF002338
:1023B0007B60104B1B6B0F4A43F4800313630D4B80
:1023C0001B6B03F480037B607B68002205213A20AD
:1023D000F6F786FF3A20F6F79FFF002205214620F8
:1023E000F6F77EFF4620F6F797FF00BF0837BD4699
:1023F00080BD00BF0038024080B58AB000AF07F151
:10240000180300221A605A609A60DA6007F110031C
:1024100000221A605A603B4600221A605A609A6095
:10242000DA60334B4FF080421A60314B5F225A60C2
:102430002F4B00229A602E4B4FF6FF72DA602C4B26
:1024400000221A612A4B00229A612948F1F7E4F927
:102450000346002B01D0EEF763F84FF48053BB61C5
:1024600007F1180319462248F2F702F80346002B39
:1024700001D0EEF755F81E48F1F710FB0346002B8C
:1024800001D0EEF74DF800233B6100237B6107F19B
:10249000100319461648F2F723FE0346002B01D01D
:1024A000EEF73EF800233B6001237B600023BB6016
:1024B0000023FB603B46002219460D48F1F73CFF24
:1024C0000346002B01D0EEF72BF802233B600223DA
:1024D0007B603B46042219460548F1F72DFF034671
:1024E000002B01D0EEF71CF800BF2837BD4680BD99
:1024F000C476002080B586B000AF07F10803002243
:102500001A605A609A60DA603B4600221A605A608C
:102510001D4B1E4A1A601C4B5F225A601A4B002248
:102520009A60194B4FF6FF72DA60174B00221A615E
:10253000154B00229A611448F1F76EF90346002BFF
:1025400001D0EDF7EDFF4FF48053BB6007F10803B6
:1025500019460D48F1F78CFF0346002B01D0EDF72B
:10256000DFFF00233B6000237B603B4619460648A3
:10257000F2F7B6FD0346002B01D0EDF7D1FF00BF07
:102580001837BD4680BD00BF7877002000040040AA
:1025900080B586B000AF07F1080300221A605A60C8
:1025A0009A60DA603B4600221A605A601D4B1E4A50
:1025B0001A601C4B42F27F525A601A4B00229A60FA
:1025C000184B4FF6FF72DA60164B00221A61154B5A
:1025D00000229A611348F1F71FF90346002B01D03E
:1025E000EDF79EFF4FF48053BB6007F108031946D7
:1025F0000C48F1F73DFF0346002B01D0EDF790FFAB
:1026000000233B6000237B603B4619460548F2F7F8
:1026100067FD0346002B01D0EDF782FF00BF18379E
:10262000BD4680BD2C7800200008004080B588B0F1
:1026300000AF07F10C0300221A605A609A60DA605A
:102640001A613B1D00221A605A60204B204A1A6012
:102650001E4B00225A601D4B00229A601B4B4FF00C
:10266000FF32DA60194B00221A61184B00229A617E
:102670001648F1F7D1F80346002B01D0EDF750FFD3
:102680000723FB6060233B6100237B610023FB6128
:1026900007F10C0319460D48F1F7B1FF0346002B73
:1026A00001D0EDF73DFF00237B600023BB603B1DA5
:1026B00019460648F2F714FD0346002B01D0EDF74A
:1026C0002FFF00BF2037BD4680BD00BFE07800204F
:1026D000000C004080B58EB000AF786007F1240395
:1026E00000221A605A609A60DA601A617B681B687F
:1026F000B3F1804F34D100233B624C4B1B6C4B4AEF
:1027000043F001031364494B1B6C03F001033B626C
:102710003B6A0023FB61454B1B6B444A43F00103BA
:102720001363424B1B6B03F00103FB61FB69012345
:102730007B620223BB620023FB6200233B63012315
:102740007B6307F1240319463948F5F751FF00224E
:1027500005211C20F6F7C4FD1C20F6F7DDFD60E026
:102760007B681B68334A934216D10023BB612F4B11
:102770001B6C2E4A43F0020313642C4B1B6C03F0BA
:102780000203BB61BB69002205211D20F6F7A8FDED
:102790001D20F6F7C1FD44E07B681B68264A934282
:1027A0000ED100237B61214B1B6C204A43F00403B4
:1027B00013641E4B1B6C03F004037B617B6930E0E8
:1027C0007B681B681D4A93422BD100233B61174B4A
:1027D0001B6C164A43F008031364144B1B6C03F084
:1027E00008033B613B690023FB60104B1B6B0F4AE6
:1027F00043F0010313630D4B1B6B03F00103FB60FC
:10280000FB6802237B620223BB620023FB6200237E
:102810003B6302237B6307F1240319460448F5F761
:10282000E7FE00BF3837BD4680BD00BF003802401C
:10283000000002400004004000080040000C00407E
:1028400080B500AF114B124A1A60104B4FF416526C
:102850005A600E4B00229A600C4B0022DA600B4B40
:1028600000221A61094B0C225A61084B00229A611E
:10287000064B0022DA610548F7F77CF90346002B86
:1028800001D0EDF74DFE00BF80BD00BF9479002060
:102890000010014080B58AB000AF786007F11403E2
:1028A00000221A605A609A60DA601A617B681B68BD
:1028B0004C4A934240F0918000233B614A4B5B6C51
:1028C000494A43F010035364474B5B6C03F0100319
:1028D0003B613B690023FB60434B1B6B424A43F067
:1028E00001031363404B1B6B03F00103FB60FB68A8
:1028F0004FF4C0637B610223BB610023FB610323B0
:102900003B6207237B6207F1140319463748F5F74A
:102910006FFE374B374A1A60354B4FF000625A60F2
:10292000334B00229A60324B0022DA60304B4FF476
:1029300080621A612E4B00225A612D4B00229A614F
:102940002B4B0022DA612A4B00221A62284B00220C
:102950005A622748F6F700F80346002B01D0EDF73E
:10296000DFFD7B68224ADA63214A7B689363224B4E
:10297000224A1A60204B4FF000625A601E4B4022E0
:102980009A601D4B0022DA601B4B4FF480621A6183
:10299000194B00225A61184B00229A61164B0022F3
:1029A000DA61154B00221A62134B00225A62124858
:1029B000F5F7D2FF0346002B01D0EDF7B1FD7B68A0
:1029C0000D4A9A630C4A7B689363002205212520F7
:1029D000F6F786FC2520F6F79FFC00BF2837BD469A
:1029E00080BD00BF001001400038024000000240DE
:1029F000DC790020406402403C7A0020B864024048
:102A0000DFF834D00D480E490E4A002302E0D458B6
:102A1000C4500433C4188C42F9D30B4A0B4C002326
:102A200001E013600432A242FBD3F8F791FA00F000
:102A3000C1FAEDF783FC704700000220000000207F
:102A4000600700201C4C010860070020EC7B002080
:102A5000FEE70A22002100F07BB80000242B2DE9BC
:102A6000F047884601D8012B06D100F09DFA1623C5
:102A700003600020BDE8F087344E0D46294615F866
:102A8000014B375D17F00807F8D12D2C10D12C78A9
:102A900001278D1C33F0100115D1302C0DD1297870
:102AA00001F0DF01582908D16C78023510230AE0C3
:102AB0002B2C04BF2C788D1CECE7002BF6D1302C8E
:102AC00014BF0A23082307F1004E0EF1FF3E002138
:102AD000BEFBF3F90E4603FB19EAA4F1300CBCF17E
:102AE000090F10D86446A3421EDDB1F1FF3F07D0A5
:102AF000B14516D301D1A24513DB06FB03460121E4
:102B000015F8014BE9E7A4F1410CBCF1190F01D80C
:102B1000373CE8E7A4F1610CBCF1190F04D8573C2D
:102B2000E1E74FF0FF31EBE74B1C05D122230360B7
:102B3000764632B930469DE707B17642002AF9D091
:102B400009B105F1FF38C2F80080F3E7294A01080E
:102B500013460A46014602480068FFF77FBF00BFE0
:102B600010070020002310B50446C0E90033C0E977
:102B70000433836081814366C281836119460822E0
:102B80005C3000F04BF90D4B63620D4BA3620D4BB3
:102B9000E3620D4B23630D4B24629C4206D003F18C
:102BA0006802944202D0D0339C4205D104F158000F
:102BB000BDE8104000F022BA10BD00BF952D0108FD
:102BC000B72D0108EF2D0108152E01089C7A002071
:102BD000024A0349034800F06BB800BF0407002015
:102BE000493901081407002041680C4B994210B57F
:102BF000044601D000F0A8FEA168094B994202D01A
:102C0000204600F0A1FEE168064B994204D0204620
:102C1000BDE8104000F098BE10BD00BF9C7A0020B7
:102C2000047B00206C7B002010B50A4B0A4A1A6016
:102C30000A4800220421FFF795FF094801220921D3
:102C4000FFF790FFBDE81040064802221221FFF76F
:102C500089BF00BFD47B0020D12B01089C7A0020C3
:102C6000047B00206C7B0020014800F0C8B900BF45
:102C7000DD7B0020014800F0C3B900BFDD7B0020F0
:102C800010B50446FFF7F0FF236A1BB1BDE8104002
:102C9000FFF7F0BF044B2362044B1B68002BF5D1F8
:102CA000FFF7C2FFF2E700BFE92B0108D47B002049
:102CB0002DE9F8438046894614460026D4E901757B
:102CC000013F05D52468002CF8D13046BDE8F883D3
:102CD000AB89012B07D9B5F90E30013303D0294652
:102CE0004046C84706436835EAE700000CB430B5F3
:102CF000154B0C1E1D689DB008DA8B232B604FF01E
:102D0000FF301DB0BDE8304002B070474FF0000307
:102D10001B9318BF0123E31A049307930B4B0290F4
:102D200006900593209A21AB02A92846019300F052
:102D3000F3FA431CBCBF8B232B60002CE1D0029B19
:102D400000221A70DDE700BF100700200802FFFF15
:102D50000EB410B59DB01FAB029006906FF000410D
:102D60000A48079104910A4953F8042B059100245D
:102D700002A9006801931B9400F0CEFA029B1C701C
:102D80001DB0BDE8104003B0704700BF1007002021
:102D90000802FFFF10B50C46B1F90E1000F0E0F884
:102DA0000028ABBF636DA3891B1823F48053ACBF0D
:102DB0006365A38110BD2DE9F0411F468B89DB05BA
:102DC00005460C46164605D5B1F90E100223002221
:102DD00000F0B4F8A389B4F90E1023F48053A38152
:102DE00032463B462846BDE8F04100F0CBB810B56E
:102DF0000C46B1F90E1000F0A1F8B4F90C30421CE9
:102E00000BBF23F4805343F48053A381A38118BFE5
:102E1000606510BDB1F90E1000F080B802440346A1
:102E2000934200D1704703F8011BF9E710B56AB16E
:102E300001398418027811F8013F9A4204D1013017
:102E4000A04201D0002AF5D1D01A10BD1046FCE7EF
:102E50001B4B2DE9F0411C68656C06460F463DBBD7
:102E6000502000F047F9606428B90246154B164817
:102E70005B2100F0D5F88560626CC0E90055C2E9BD
:102E80000355626CC2E90555626CC2E90A55626C71
:102E9000C2E90C55626CC2E90E55626CC2E910556C
:102EA000626CC2E91255626C15772B46656C6B62D9
:102EB0002A46394630460123BDE8F04100F006B805
:102EC00010070020294B0108404B0108F0B50446CB
:102ED00008B9146844B1204614F8015B4F1E17F876
:102EE000016F1EB965B91560002005E0B542F6D145
:102EF000002BF0D114600370F0BD1C460CE01DB92E
:102F0000274614F8013B4E1E16F8015FAB42F6D17E
:102F1000002BF2D000233B701460EDE738B5064C6F
:102F2000002305460846236001F040F8431C02D107
:102F3000236803B12B6038BDD87B002038B5074C1F
:102F4000054608461146002222601A4601F056F84E
:102F5000431C02D1236803B12B6038BDD87B00200D
:102F600038B5074C054608461146002222601A462D
:102F700001F04CF8431C02D1236803B12B6038BD2B
:102F8000D87B002038B5074C05460846114600227C
:102F900022601A4601F050F8431C02D1236803B1A5
:102FA0002B6038BDD87B0020014B1868704700BFEC
:102FB0001007002070B50D4B0D4C00261D1BB6EB05
:102FC000A50F09D101F0D2F90A4C0B4B00261D1BAD
:102FD000B6EBA50F05D170BD54F8043B98470136F8
:102FE000EDE754F8043B98470136F1E7144C01082B
:102FF000144C0108144C0108184C01087047704724
:1030000070470A44914200F1FF3300D1704710B578
:1030100011F8014B03F8014F9142F9D110BD0000A6
:103020001FB51D46094B1B680646D86852B1084CAF
:103030000091CDE90142074933462A4600F0ACFC35
:1030400000F0E6FC044C2246F2E700BF1007002027
:103050009B4B0108A84B0108D64B010837B5002946
:1030600044D051F8043C0190002BA1F10404B8BFF6
:10307000E41800F0E5F81E4A0198136833B963605C
:10308000146003B0BDE8304000F0E0B8A34208D9B6
:10309000256861198B4201BF19685B684919216075
:1030A000EDE71A465B680BB1A342FAD911685518CF
:1030B000A5420BD1246821445418A3421160E0D1E9
:1030C0001C685B6853600C441460DAE702D90C2377
:1030D0000360D6E7256861198B4204BF19685B68F5
:1030E000636004BF491921605460CAE703B030BD72
:1030F000E47B0020024B0146186800F025B800BFB1
:103100001007002070B50F4C0E462168054611B916
:1031100000F06EFC20603146284600F069FC431C3C
:1031200003D14FF0FF34204670BDC41C24F00304CB
:10313000A042F8D0211A284600F05AFC0130F2D102
:10314000EFE700BFE07B00202DE9F843CD1C25F020
:10315000030508350C2D38BF0C25002D064601DB74
:10316000A94204D90C2333600020BDE8F883334F13
:1031700000F066F83B681C463CBB29463046FFF72A
:10318000C1FF431C044656D13C68A046B8F1000F6D
:1031900040D1002C49D023684146304604EB030956
:1031A00000F026FC814540D121686D1A2946304641
:1031B000FFF7A8FF013038D023682B4423603B6819
:1031C0005A685ABBC7F800800EE02268521B1ED412
:1031D0000B2A16D96119A342256018BF596063688C
:1031E00008BF396062514B60304600F02FF804F19F
:1031F0000B00231D20F00700C21A1CBF1B1AA3508E
:10320000B3E76268A3420CBF3A605A60ECE723461A
:103210006468B1E74446D8F80480B7E71A465B68AB
:10322000A342FBD100235360DEE70C23336030461A
:1032300000F00CF898E70560D6E700BFE47B0020BB
:103240000148FFF7DCBE00BFDC7B00200148FFF730
:10325000D7BE00BFDC7B00202DE9F0478E681F46FB
:10326000BE4282460C469046334653D8B1F90C0014
:1032700010F4906F2BD065692368096905EB45054B
:10328000A3EB010905EBD5757B1C6D104B44AB42DC
:103290002A4684BF1D462A46430527D51146504677
:1032A000FFF752FF064658B321694A46FFF7A9FEC9
:1032B000A38923F4906343F08003A38126616561B1
:1032C0004E44A5EB09052660A5603E463B461F46D9
:1032D00020683A46414600F071FBA3689B1BA3603F
:1032E00023683B4423600020BDE8F087504600F08F
:1032F00096FB06460028E1D121695046FFF7AEFE55
:103300000C23CAF80030A38943F04003A3814FF097
:10331000FF30E9E73E46DBE72DE9F0471F468B89A2
:103320001B069CB006460D46144610D50B6973B9B2
:103330004021FFF709FF2860286130B90C23336072
:103340004FF0FF301CB0BDE8F08740236B610023D5
:10335000099320238DF8293003973023654F8DF88A
:103360002A304FF0010823461A7899461AB1252AC7
:1033700003F10103F8D1B9EB040A0BD053462246FE
:1033800029463046FFF768FF013000F0A380099A14
:103390005244099299F80030002B00F09B800022E3
:1033A0004FF0FF33CDE9053209F10109049207928C
:1033B0008DF853201A924C46052214F8011B4D48F3
:1033C000ECF7F6FE049AD0B9D00644BF20238DF85E
:1033D0005330110744BF2B238DF8533099F8003038
:1033E0002A2B13D007994B4600204FF00A0C1A786D
:1033F000303A092A1C464AD9A8B1079113E0C01BEC
:1034000008FA00F010430490A146D4E7039B191D6D
:103410001B680391002BBBBF5B4242F00202079383
:103420000793B8BF049223782E2B0AD163782A2BF6
:1034300032D1039B1A1D1B68039243EAE3730234E3
:103440000593DFF8C090217803224846ECF7B0FEE0
:1034500038B1049BA0EB09004022824013430134A1
:103460000493217824488DF828100622ECF7A0FE5A
:10347000002835D0214818BB039B073323F00703EE
:1034800008330393099B0344013409936BE7013329
:103490000CFB01210120AAE700230593611C1846BB
:1034A0004FF00A0C0A78303A092A0C4603D9002B4F
:1034B000C7D00590C5E701310CFB00200123F1E7DF
:1034C00003AB00932A460E4B04A93046AFF30080AD
:1034D000421CD7D1AB895B063FF532AF099831E783
:1034E00003AB00932A46064B04A9304600F082F84D
:1034F000EEE700BFD74B0108E14B010800000000D8
:1035000059320108DD4B01082DE9F04791469846F4
:103510008A680B69089E9342B8BF1346C9F8003009
:1035200091F8432007460C4612B10133C9F8003028
:103530002368990642BFD9F800300233C9F8003039
:10354000256815F0060507D104F1190AE368D9F8D2
:1035500000209B1AAB4229DC94F843302268003BE0
:1035600018BF012392062ED404F143024146384687
:10357000B047013021D02368A168226903F0060317
:10358000042B01BFE568D9F80030ED1A25EAE5758E
:1035900018BF00258B1A2B449142C8BF1D464FF01F
:1035A00000091A344D451AD1002008E00123524683
:1035B00041463846B047013003D14FF0FF30BDE8F7
:1035C000F0870135C2E7E1185A1C302081F843002A
:1035D000224494F8451082F843100233C4E70123D3
:1035E000224641463846B0470130E6D009F101098C
:1035F000D8E700002DE9F04398460B7E85B0782B84
:10360000174606460C9A0C4609D8622B01F1430175
:1036100008D8002B00F0DC80582B00F0BD8004F1AE
:10362000420539E0A3F163001528F8D801A555F843
:1036300020F000BF8D360108A13601081F360108B1
:103640001F3601081F3601081F360108A136010880
:103650001F3601081F3601081F3601081F360108F2
:10366000B1370108CD3601085F3701081F36010860
:103670001F360108D93701081F360108CD36010869
:103680001F3601081F360108673701081368191D26
:103690001B68116004F1420584F842300123A8E060
:1036A00013682568181D1060280601D51B6803E003
:1036B0006A06FBD5B3F90030002B03DA2D225B42FA
:1036C00084F84320DFF878C10A2213E025681068E7
:1036D00015F0800F50F8043B02D16D0648BF9BB235
:1036E0001060227EDFF858C16F2A5DD108220020C9
:1036F00084F843006568A560002D05DB20681D4344
:1037000020F00400206051D00D46B3FBF2F002FB24
:10371000103E9A421CF80EE005F801ED0346F4D97C
:10372000082A0BD12368DA0708D5236962689A4210
:10373000DEBF302305F8013C05F1FF35491B21614F
:10374000CDF800803B4603AA21463046FFF7DCFE59
:10375000013053D14FF0FF3005B0BDE8F08323684E
:1037600043F020032360DFF8DCC0782384F8453081
:103770002068156810F0800F55F8043B03D110F055
:10378000400F18BF9BB21560C50744BF40F0200032
:10379000206023B11022AAE7DFF8A4C0E6E7226880
:1037A00022F020022260F5E70A22A0E70D46B7E7E3
:1037B0001368D4F800C060691D1D15601CF0800FEF
:1037C0001B6801D0186003E01CF0400FFAD018808D
:1037D000002323610D46B3E71368191D11601D68AE
:1037E000626800212846ECF7E3FC08B1401B6060EA
:1037F00063682361002384F84330A1E723692A46E4
:1038000039463046C0470130A4D023689B0714D402
:10381000E068039B9842B8BF18469DE7012304F176
:10382000190239463046C047013093D00135E3686C
:1038300003995B1AAB42F1DCEAE70025F7E700BF2A
:10384000E84B0108F94B0108B1F90C202DE9F041D2
:10385000160705460C4651D44B68002B02DC0B6C56
:10386000002B49DDE66A002E46D0002312F4805278
:103870002F682B6031D0626DA389590705D5636825
:10388000D21A636B0BB1236CD21A0023E66A216A49
:103890002846B047421CB4F90C3006D129681D29CE
:1038A00045D8284ACA40D60741D500226260D904CB
:1038B0002269226004D5421C01D12B6803B96065DE
:1038C000616B2F60C1B104F14403994202D02846D4
:1038D000FFF7C4FB002363630EE0216A012328463F
:1038E000B0470246501CC7D12B68002BC4D01D2BFB
:1038F00001D0162B1AD12F6000201DE00F69002F78
:10390000FAD093070E6808BF4B690F6018BF0023F9
:10391000A6EB07088B60B8F1000FEDDD216AA66AFF
:1039200043463A462846B047002807DCA38943F0BF
:103930004003A3814FF0FF30BDE8F0810744A8EBBE
:103940000008E8E70100402038B50B6905460C4641
:1039500013B91D46284638BD18B1036A0BB9FFF7E5
:103960008FF9B4F90C30002BF3D0626ED00704D479
:10397000990502D4A06DFFF742FB28462146FFF7C8
:1039800063FF636EDA070546E4D4A3899B05E1D49F
:10399000A06DFFF735FBDDE70EB403B5014603ABC1
:1039A000054853F8042B0068019300F08DF802B02D
:1039B0005DF804EB03B0704710070020884210B593
:1039C00001EB020402D98442234607D8431EA142D8
:1039D00007D011F8012B03F8012FF8E702448242C7
:1039E00000D110BD13F8011D02F8011DF7E700001A
:1039F00038B5064C002305460846236000F00EFB50
:103A0000431C02D1236803B12B6038BDD87B002052
:103A100008B5062000F026FA012000F015FB2DE97C
:103A2000F041074615460C4621B9BDE8F041114664
:103A3000FFF78ABB2AB9FFF711FB2C462046BDE8E9
:103A4000F08100F02BFA8542064602D8B5EB500F04
:103A5000F4D829463846FFF777FB804608B9444634
:103A6000ECE7B5422A46214628BF3246FFF7C9FA9D
:103A700021463846FFF7F2FAF1E79368013B002B45
:103A800010B4936007DA9469A34201DB0A2902D1DA
:103A900010BC00F02DB91368581C1060197008464E
:103AA00010BC7047F8B506460F461446D518AC4210
:103AB00001D1002007E014F8011B3A463046FFF719
:103AC000DCFF431CF3D1F8BD2DE9F04706469CB05E
:103AD0000D4614461F4618B1036A0BB9FFF7D0F81C
:103AE0006B6ED90705D4AB899A0502D4A86DFFF790
:103AF00086FAAB891B0701D52B699BB9294630464D
:103B000000F034F970B16B6EDE0704D54FF0FF3072
:103B10001CB0BDE8F087AB899C05F7D4A86DFFF712
:103B20006FFAF3E70023099320238DF829300397D8
:103B300030236A4F8DF82A304FF0010823461A7857
:103B400099461AB1252A03F10103F8D1B9EB040A09
:103B50000BD05346224629463046FFF7A3FF0130DB
:103B600000F0A380099A5244099299F80030002B82
:103B700000F09B8000224FF0FF33CDE9053209F1C0
:103B80000109049207928DF853201A924C4605229F
:103B900014F8011B5148ECF70BFB049AD0B9D0067E
:103BA00044BF20238DF85330110744BF2B238DF8D9
:103BB000533099F800302A2B13D007994B46002038
:103BC0004FF00A0C1A78303A092A1C464AD9A8B193
:103BD000079113E0C01B08FA00F010430490A146BF
:103BE000D4E7039B191D1B680391002BBBBF5B42ED
:103BF00042F0020207930793B8BF049223782E2B5A
:103C00000AD163782A2B32D1039B1A1D1B680392B9
:103C100043EAE37302340593DFF8D090217803225E
:103C20004846ECF7C5FA38B1049BA0EB09004022E6
:103C30008240134301340493217829488DF82810D9
:103C40000622ECF7B5FA00283ED0264818BB039BA5
:103C5000073323F0070308330393099B034401341C
:103C600009936BE701330CFB01210120AAE7002334
:103C70000593611C18464FF00A0C0A78303A092A5D
:103C80000C4603D9002BC7D00590C5E701310CFBCA
:103C900000200123F1E703AB00932A46124B04A94D
:103CA0003046AFF30080431CD7D16B6ED90705D4E3
:103CB000AB899A0502D4A86DFFF7A2F9AB895B0620
:103CC0003FF524AF099823E703AB00932A46064B40
:103CD00004A93046FFF78EFCE5E700BFD74B01088B
:103CE000E14B010800000000A53A0108DD4B010886
:103CF000F8B505460F46144618B1036A0BB9FEF72E
:103D0000BFFFA369A360A3891A0701D5236943B93B
:103D10002146284600F02AF818B14FF0FF36304609
:103D2000F8BD23692068C01A6369834205DC214617
:103D30002846FFF709FE0028EFD1A368013BA360E6
:103D400023685A1C22601F70636901308342FEB2EF
:103D500004D0A389DB07E2D50A2EE0D1214628460C
:103D6000FFF7F2FD0028DAD0D7E7000038B5284B7E
:103D7000054618680C4618B1036A0BB9FEF780FFB8
:103D8000B4F90C30190720D4DA0607D409222A60C6
:103D900043F04003A3814FF0FF3031E0580711D5C5
:103DA000616B41B104F14403994202D02846FFF708
:103DB00055F9002363630022A389626022692260AF
:103DC00023F0240343F00803A38123694BB9A3899B
:103DD00003F42073B3F5007F03D02146284600F09A
:103DE00089F8B4F90C3013F001020AD00022A26065
:103DF00062695242A261226942B913F08000C7D1C0
:103E000038BD990758BF6269A260F4E70020F7E760
:103E1000100700201F2938B505460C4604D9162383
:103E200003604FF0FF3038BDC26B12B152F8213041
:103E30004BB9284600F030F8224601462846BDE836
:103E4000384000F017B8012B0AD0591C03D11623B3
:103E500003600120E7E7002142F82410204698473C
:103E60000020E0E7024B01461868FFF7D3BF00BF10
:103E70001007002038B5074C0023054608461146B8
:103E8000236000F0B3F8431C02D1236803B12B6018
:103E900038BD00BFD87B002000F098B851F8043C32
:103EA000181F002BBCBF0B58C018704770B50E46CA
:103EB000B1F90E10002996B014461D460ADAB289EF
:103EC00012F0800213D14FF4806100202A6021603B
:103ED00016B070BD6A4600F047F80028EFDB019A83
:103EE00002F47042A2F500535A425A41EBE7002215
:103EF0004021EAE78B8973B59E0705460C4607D536
:103F000004F14703236023610123636102B070BDA4
:103F100001AB6A46FFF7CAFF009E28463146FFF70D
:103F200013F9B4F90C3038B99A05EFD423F0030330
:103F300043F00203A381E3E743F08003A381019BE5
:103F40002060C4E90406002BE0D0B4F90E10284626
:103F500000F01CF80028D9D0A38923F0030343F014
:103F60000103A381D2E7000038B5074C00230546C2
:103F700008461146236000F021F8431C02D1236853
:103F800003B12B6038BD00BFD87B002038B5064C8C
:103F9000002305460846236000F020F8431C02D1A8
:103FA000236803B12B6038BDD87B0020024B582218
:103FB0001A604FF0FF307047D87B0020024B582228
:103FC0001A604FF0FF307047D87B0020024B582218
:103FD0001A604FF0FF307047D87B0020024B582208
:103FE0001A600020704700BFD87B0020024B582287
:103FF0001A604FF0FF307047D87B0020024B5822E8
:104000001A604FF0FF307047D87B0020024B5822D7
:104010001A604FF0FF307047D87B0020044A0549F2
:104020001368002B08BF0B461844106018467047F1
:10403000E87B0020F07B0020024B58221A604FF0F2
:10404000FF307047D87B0020FEE700BF2DE9F04726
:1040500082B00646DDF828E00846B4460D46002B3F
:104060004ED18A4214466DD9B2FA82F242B1C2F1FF
:104070002003954026FA03F394401D4306FA02FC00
:10408000260CA7B2B5FBF6F14FEA1C4306FB11550F
:1040900043EA054301FB07F0984209D9E31801F10F
:1040A000FF3580F00381984240F2008102392344B9
:1040B0001B1A1FFA8CFCB3FBF6F006FB10334CEA1C
:1040C000034C00FB07F363450AD914EB0C0C00F119
:1040D000FF3580F0ED80634540F2EA80A444023869
:1040E00040EA0140ACEB030C0021BEF1000F04D00C
:1040F0002CFA02F30022CEE9003202B0BDE8F087CC
:104100008B4209D9BEF1000F01D0CEE90061002138
:10411000084602B0BDE8F087B3FA83F117460029DC
:104120004DD1834202D3B24200F20F81B6EB070CAD
:1041300060EB030301201D46BEF1000FDDD0CEE988
:1041400000C5DAE7002A00F098801A46B4FA84F332
:10415000002B40F0AF800B1B270CA6B20121B3FB54
:10416000F7F54FEA1C4007FB153340EA034306FB13
:1041700005F8984507D9E31805F1FF3002D29845B4
:1041800000F2E8800546A3EB08031FFA8CFCB3FBA2
:10419000F7F007FB10334CEA034C06FB00F36345D2
:1041A00008D914EB0C0C00F1FF3602D2634500F283
:1041B000CE803046ACEB030C40EA054095E7C1F1F8
:1041C00020058B4022FA05FC4CEA030C00FA01F4AE
:1041D00026FA05F3E84002FA01F943EA04084FEA37
:1041E0001C4206FA01FAB0FBF2F71FFA8CF602FB4A
:1041F00017004FEA184444EA004407FB06F0A042C7
:104200000AD91CEB040407F1FF3380F09C80A04224
:1042100040F29980023F6444241A1FFA88F3B4FBE9
:10422000F2F002FB104443EA044300FB06F69E4210
:1042300009D91CEB030300F1FF3480F082809E4219
:104240007FD90238634440EA0740A0FB09749B1BF6
:10425000A3423E46A04664D361D0BEF1000F0AD00F
:10426000BAEB060263EB080303FA05F5CA401543EF
:10427000CB40CEE9005300213FE7730843EAC17306
:104280004A08190C41EA02414FEAC67C9BB2B2FBD4
:10429000F4F02646A04627461F2243EA0143B1FB1D
:1042A000F4F1A3EB080341EA004158E72946FFE691
:1042B000284615E71A46C3F120019C4026FA01F36F
:1042C00020FA01F190400343270C06FA02FCB1FBEF
:1042D000F7F0A6B207FB1015190C41EA054100FBE7
:1042E00006F58D423BD9611801D28D4220D8491B79
:1042F0000138B1FBF7F5019505FB06F8019D9BB26E
:1043000007FB151143EA0143434526D2E31805F1A3
:10431000FF31C6D24345C4D2A91E2344C1E7BA45E2
:104320009BD2B7EB090664EB0C040138A04694E776
:10433000651B29440238B1FBF7F5019505FB06F82A
:10434000DCE720467FE71F4666E70846F4E6A4441C
:1043500002382FE7023D234415E70199A1E7491BE5
:10436000B1FBF7F5019505FB06F8C7E7F8B500BF07
:10437000F8BC08BC9E467047F8B500BFF8BC08BC46
:044380009E4670479E
:1043840064656661756C745461736B00415450616B
:104394007273696E675461736B0000004154486125
:1043A4006E646C696E675461736B000055415254BE
:1043B40050726F635461736B000000004D6F64654D
:1043C4006D4D6E67725461736B00000041707053E1
:1043D400656E645461736B00447574794379636CDE
:1043E400655461736B000000756172745175657575
:1043F4006500000041545175657565004D6F646535
:104404006D53656E64517565756500004143436F76
:104414006E74726F6C61646F7251756575650000BE
:10442400506572696F64696353656E6454696D6540
:10443400720000004D6F64656D4C656454696D6570
:1044440072000000447574794379636C6554696D36
:10445400657200004154436F6D6D616E6453656D08
:104464006170686F726500004154526573706F6EBD
:10447400736553656D6170686F7265005541525480
:10448400545853656D6170686F7265005261646958
:104494006F537461746553656D6170686F72650004
:1044A4004C6F5261545853656D6170686F7265004A
:1044B4004D6F64656D537461747573466C61677395
:1044C4000000000053544D333220566972747561F4
:1044D4006C20436F6D506F727400000053544D692B
:1044E40063726F656C656374726F6E6963730000E9
:1044F40043444320436F6E6669670000434443208E
:10450400496E746572666163650000003A000000DC
:1045140041545A0D0A000000253032780000000092
:1045240041542B53454E443D25643A25730D0A00EE
:1045340041542B53454E44423D25643A25730D0A9C
:1045440000000000436F6D70726573736F725F706B
:104554006F776572206D616E7469646F20656D207C
:10456400257525250A000000436F6D70726573730D
:104574006F725F706F77657220616A7573746164BE
:104584006F207061726120257525250A00000000E6
:104594004572726F3A20436F6D70726573736F72F8
:1045A4005F706F77657220666F726120646F206937
:1045B4006E74657276616C6F202876616C6F722000
:1045C4003D202575290A000049444C45000000009F
:1045D400546D722053766300546D725100000000D4
:1045E4003700000084430108000000008009002017
:1045F40064000000800700200002000009000000A1
:1046040000000000000000009043010800000000CA
:10461400E811002064000000E80900200008000000
:10462400270000000000000000000000A043010873
:1046340000000000501A0020640000005012002006
:104644000008000026000000000000000000000038
:10465400B043010800000000B822002064000000FC
:10466400B81A0020000800002F000000000000001D
:1046740000000000C043010800000000202B0020BF
:104684006400000020230020000800001F00000038
:104694000000000000000000D043010800000000FA
:1046A400883B002064000000882B002000100000DC
:1046B4000F0000000000000000000000DC430108BF
:1046C40000000000F03D002064000000F03B0020EA
:1046D40000020000180000000000000000000000BC
:1046E400EC43010800000000683E00205000000078
:1046F400583E002010000000F843010800000000AC
:10470400CC3E002050000000BC3E00201000000001
:104714000044010800000000303F00205000000069
:10472400203F002010000000104401080000000099
:104734009C3F002050000000843F0020180000002F
:104744002444010800000000F03F00202C00000079
:104754003844010800000000204000202C00000024
:104764004844010800000000504000202C000000D4
:104774005844010800000000000000000000000090
:104784006C4401080000000000000000000000006C
:104794008044010800000000000000000000000048
:1047A4009044010800000000000000000000000028
:1047B400A444010800000000000000000000000004
:1047C400B4440108000000009440002020000000D0
:1047D400000803002C01000041545A0000000000AE
:1047E4000000000000000000010003002C01000094
:1047F40041542B43464D000000000000000000001F
:10480400020003002C01000041542B4150504B4541
:104814005900000000000000030003002C01000008
:1048240041542B4150504555490000000000000000
:10483400040003002C01000041542B4144520000A9
:104844000000000000000000050003002C0100002F
:1048540041542B4E4A4D00000000000000000000AF
:10486400060003002C01000041542B4A4F494E001E
:104874000000000000000000070003002C010000FD
:1048840041542B43484D41534B00000000000000AD
:10489400080103002C01000041542B53454E4442AF
:1048A4000000000000000000090103002C010000CA
:1048B40041542B53454E440000000000000000000A
:1048C4000A0003002C01000041540D0A00000000FE
:1048D40000000000000000000B0003002C01000099
:1048E400554E444546494E45440000000000000032
:1048F4000041545F4F4B0000000000000000000026
:104904000000000000000000000141545F54585FA3
:104914004F4B0000000000000000000000000000F9
:1049240000000252583A000000000000000000009D
:1049340000000000000000000000000341545F4537
:1049440052524F520000000000000000000000001E
:10495400000000000441545F4A4F494E5F4F4B0032
:1049640000000000000000000000000000054154A9
:104974005F54494D454F55540000000000000000AD
:104984000000000000000641545F425553590000E6
:10499400000000000000000000000000000000070C
:1049A40041545F4A4F494E5F4552524F52000000F6
:1049B400000000000000000008526164696F656E29
:1049C4006765000000000000000000000000000017
:1049D400000941545F4E4F5F4E4554574F524B5F51
:1049E4004A4F494E4544000000000A554E4445468E
:1049F400494E454400000000000000000000000093
:104A0400000000000006101600061016000000004A
:104A1400000000000102030406070809000000006A
:104A24000102030400202020202020202020282808
:104A3400282828202020202020202020202020205A
:104A4400202020202088101010101010101010109A
:104A540010101010100404040404040404040410CA
:104A64001010101010104141414141410101010158
:104A74000101010101010101010101010101010122
:104A8400101010101010424242424242020202022E
:104A940002020202020202020202020202020202F2
:104AA40010101010200000000000000000000000A2
:104AB40000000000000000000000000000000000F2
:104AC40000000000000000000000000000000000E2
:104AD40000000000000000000000000000000000D2
:104AE40000000000000000000000000000000000C2
:104AF40000000000000000000000000000000000B2
:104B040000000000000000000000000000000000A1
:104B14000000000000000000000000000000000091
:104B240000000000005245454E54206D616C6C6FCE
:104B34006320737563636565646564002F646174E1
:104B4400612F6A656E6B696E732F776F726B73700A
:104B54006163652F474E552D746F6F6C636861698F
:104B64006E2F61726D2D31352F7372632F6E6577E1
:104B74006C69622D63796777696E2F6E65776C69EE
:104B8400622F6C6962632F737472696E672F73741A
:104B940072746F6B2E63002C2066756E6374696F7C
:104BA4006E3A2000617373657274696F6E202225FA
:104BB4007322206661696C65643A2066696C6520BD
:104BC400222573222C206C696E65202564257325AB
:104BD400730A00232D302B2000686C4C0065666737
:104BE400454647003031323334353637383941425F
:104BF4004344454600303132333435363738396131
:084C04006263646566000000B4
:084C0C0094B5FE7F01000000D9
:044C1400ED020008A5
:044C1800C5020008C9
:104C1C00911A0008B51A0008151B0008D91A0008CB
:104C2C003D1B0008611B00089D1B000812010002BF
:104C3C0002020040830440570002010203010000FD
:104C4C00040309041A030000000000000000000027
:104C5C000000000000000000000000000000000048
:104C6C00AD1C0008D51C0008E31C0008691D0008D9
:104C7C00911D00080100000041542B4150504B4540
:104C8C00593D46353A31333A36393A36363A374267
:104C9C003A31383A39433A43313A38423A33333A73
:104CAC0044333A35353A33353A33383A44343A4664
:104CBC00370D0A000000000000000000000000009A
:104CCC0000000000000000000000000000000000D8
:104CDC0000000000000000000000000000000000C8
:104CEC0000000000000000000000000000000000B8
:104CFC0000000000000000000000000000000000A8
:104D0C000000000000000000000000000000000097
:104D1C000000000000000000000000000000000087
:104D2C000000000000000000000000000000000077
:104D3C000000000000000000000000000000000067
:104D4C000000000000000000000000000000000057
:104D5C000000000000000000000000000000000047
:104D6C000000000000000000000000000000000037
:104D7C00000000000000000041542B4150504555EC
:104D8C00493D30303A31313A32323A33333A3434B5
:104D9C003A35353A36363A37370D0A0000000000FE
:104DAC0000000000000000000000000000000000F7
:104DBC0000000000000000000000000000000000E7
:104DCC0000000000000000000000000000000000D7
:104DDC0000000000000000000000000000000000C7
:104DEC0000000000000000000000000000000000B7
:104DFC0000000000000000000000000000000000A7
:104E0C000000000000000000000000000000000096
:104E1C000000000000000000000000000000000086
:104E2C000000000000000000000000000000000076
:104E3C000000000000000000000000000000000066
:104E4C000000000000000000000000000000000056
:104E5C000000000000000000000000000000000046
:104E6C000000000000000000000000000000000036
:104E7C00000000000000000041542B43484D4153FA
:104E8C004B3D464630303A303030303A30303030AE
:104E9C003A303030303A303030323A303030300D09
:104EAC000A000000000000000000000000000000EC
:104EBC0000000000000000000000000000000000E6
:104ECC0000000000000000000000000000000000D6
:104EDC0000000000000000000000000000000000C6
:104EEC0000000000000000000000000000000000B6
:104EFC0000000000000000000000000000000000A6
:104F0C000000000000000000000000000000000095
:104F1C000000000000000000000000000000000085
:104F2C000000000000000000000000000000000075
:104F3C000000000000000000000000000000000065
:104F4C000000000000000000000000000000000055
:104F5C000000000000000000000000000000000045
:104F6C000000000000000000000000000000000035
:104F7C00000000000000000041542B4144523D3120
:104F8C000D0A0000000000000000000000000000FE
:104F9C000000000000000000000000000000000005
:104FAC0000000000000000000000000000000000F5
:104FBC0000000000000000000000000000000000E5
:104FCC0000000000000000000000000000000000D5
:104FDC0000000000000000000000000000000000C5
:104FEC0000000000000000000000000000000000B5
:104FFC0000000000000000000000000000000000A5
:10500C000000000000000000000000000000000094
:10501C000000000000000000000000000000000084
:10502C000000000000000000000000000000000074
:10503C000000000000000000000000000000000064
:10504C000000000000000000000000000000000054
:10505C000000000000000000000000000000000044
:10506C000000000000000000000000000000000034
:10507C00000000000000000041542B4E4A4D3D3111
:10508C000D0A0000000000000000000000000000FD
:10509C000000000000000000000000000000000004
:1050AC0000000000000000000000000000000000F4
:1050BC0000000000000000000000000000000000E4
:1050CC0000000000000000000000000000000000D4
:1050DC0000000000000000000000000000000000C4
:1050EC0000000000000000000000000000000000B4
:1050FC0000000000000000000000000000000000A4
:10510C000000000000000000000000000000000093
:10511C000000000000000000000000000000000083
:10512C000000000000000000000000000000000073
:10513C000000000000000000000000000000000063
:10514C000000000000000000000000000000000053
:10515C000000000000000000000000000000000043
:10516C000000000000000000000000000000000033
:10517C00000000000000000041542B4A4F494E0D26
:10518C000A00000000000000000000000000000009
:10519C000000000000000000000000000000000003
:1051AC0000000000000000000000000000000000F3
:1051BC0000000000000000000000000000000000E3
:1051CC0000000000000000000000000000000000D3
:1051DC0000000000000000000000000000000000C3
:1051EC0000000000000000000000000000000000B3
:1051FC0000000000000000000000000000000000A3
:10520C000000000000000000000000000000000092
:10521C000000000000000000000000000000000082
:10522C000000000000000000000000000000000072
:10523C000000000000000000000000000000000062
:10524C000000000000000000000000000000000052
:10525C000000000000000000000000000000000042
:10526C000000000000000000000000000000000032
:10527C000000000000000000100000000100000011
:10528C000024F400AAAAAAAA0A0600020000004000
:10529C000100000091180108811A0108851B010802
:1052AC00000000008B1E01081D1D01081B1E0108BB
:1052BC00000000000000000000000000711F010849
:1052CC00011F0108E11F01085120010809024300D8
:1052DC00020100C032090400000102020100052491
:1052EC00001001052401000104240202052406001B
:1052FC00010705820308001009040100020A0000DE
:10530C0000070501024000000705810240000081F2
:10531C000182000000000000030000009C7A0020C5
:10532C0014070020000000009C7A0020047B002061
:10533C006C7B00200000000000000000000000005A
:10534C000000000000000000000000000000000051
:10535C000000000000000000000000000000000041
:10536C000000000000000000000000000000000031
:0400000508012A01C3
:00000001FF
