ARM GAS  /tmp/ccuGCwmi.s 			page 1


   1              		.cpu cortex-m4
   2              		.arch armv7e-m
   3              		.fpu fpv4-sp-d16
   4              		.eabi_attribute 27, 1
   5              		.eabi_attribute 28, 1
   6              		.eabi_attribute 20, 1
   7              		.eabi_attribute 21, 1
   8              		.eabi_attribute 23, 3
   9              		.eabi_attribute 24, 1
  10              		.eabi_attribute 25, 1
  11              		.eabi_attribute 26, 1
  12              		.eabi_attribute 30, 6
  13              		.eabi_attribute 34, 1
  14              		.eabi_attribute 18, 4
  15              		.file	"stm32f4xx_hal_pcd.c"
  16              		.text
  17              	.Ltext0:
  18              		.cfi_sections	.debug_frame
  19              		.file 1 "Drivers/STM32F4xx_HAL_Driver/Src/stm32f4xx_hal_pcd.c"
  20              		.section	.text.HAL_PCD_Init,"ax",%progbits
  21              		.align	1
  22              		.global	HAL_PCD_Init
  23              		.syntax unified
  24              		.thumb
  25              		.thumb_func
  27              	HAL_PCD_Init:
  28              	.LFB220:
   1:Drivers/STM32F4xx_HAL_Driver/Src/stm32f4xx_hal_pcd.c **** /**
   2:Drivers/STM32F4xx_HAL_Driver/Src/stm32f4xx_hal_pcd.c ****   ******************************************************************************
   3:Drivers/STM32F4xx_HAL_Driver/Src/stm32f4xx_hal_pcd.c ****   * @file    stm32f4xx_hal_pcd.c
   4:Drivers/STM32F4xx_HAL_Driver/Src/stm32f4xx_hal_pcd.c ****   * @author  MCD Application Team
   5:Drivers/STM32F4xx_HAL_Driver/Src/stm32f4xx_hal_pcd.c ****   * @brief   PCD HAL module driver.
   6:Drivers/STM32F4xx_HAL_Driver/Src/stm32f4xx_hal_pcd.c ****   *          This file provides firmware functions to manage the following
   7:Drivers/STM32F4xx_HAL_Driver/Src/stm32f4xx_hal_pcd.c ****   *          functionalities of the USB Peripheral Controller:
   8:Drivers/STM32F4xx_HAL_Driver/Src/stm32f4xx_hal_pcd.c ****   *           + Initialization and de-initialization functions
   9:Drivers/STM32F4xx_HAL_Driver/Src/stm32f4xx_hal_pcd.c ****   *           + IO operation functions
  10:Drivers/STM32F4xx_HAL_Driver/Src/stm32f4xx_hal_pcd.c ****   *           + Peripheral Control functions
  11:Drivers/STM32F4xx_HAL_Driver/Src/stm32f4xx_hal_pcd.c ****   *           + Peripheral State functions
  12:Drivers/STM32F4xx_HAL_Driver/Src/stm32f4xx_hal_pcd.c ****   *
  13:Drivers/STM32F4xx_HAL_Driver/Src/stm32f4xx_hal_pcd.c ****   ******************************************************************************
  14:Drivers/STM32F4xx_HAL_Driver/Src/stm32f4xx_hal_pcd.c ****   * @attention
  15:Drivers/STM32F4xx_HAL_Driver/Src/stm32f4xx_hal_pcd.c ****   *
  16:Drivers/STM32F4xx_HAL_Driver/Src/stm32f4xx_hal_pcd.c ****   * Copyright (c) 2016 STMicroelectronics.
  17:Drivers/STM32F4xx_HAL_Driver/Src/stm32f4xx_hal_pcd.c ****   * All rights reserved.
  18:Drivers/STM32F4xx_HAL_Driver/Src/stm32f4xx_hal_pcd.c ****   *
  19:Drivers/STM32F4xx_HAL_Driver/Src/stm32f4xx_hal_pcd.c ****   * This software is licensed under terms that can be found in the LICENSE file
  20:Drivers/STM32F4xx_HAL_Driver/Src/stm32f4xx_hal_pcd.c ****   * in the root directory of this software component.
  21:Drivers/STM32F4xx_HAL_Driver/Src/stm32f4xx_hal_pcd.c ****   * If no LICENSE file comes with this software, it is provided AS-IS.
  22:Drivers/STM32F4xx_HAL_Driver/Src/stm32f4xx_hal_pcd.c ****   *
  23:Drivers/STM32F4xx_HAL_Driver/Src/stm32f4xx_hal_pcd.c ****   ******************************************************************************
  24:Drivers/STM32F4xx_HAL_Driver/Src/stm32f4xx_hal_pcd.c ****   @verbatim
  25:Drivers/STM32F4xx_HAL_Driver/Src/stm32f4xx_hal_pcd.c ****   ==============================================================================
  26:Drivers/STM32F4xx_HAL_Driver/Src/stm32f4xx_hal_pcd.c ****                     ##### How to use this driver #####
  27:Drivers/STM32F4xx_HAL_Driver/Src/stm32f4xx_hal_pcd.c ****   ==============================================================================
  28:Drivers/STM32F4xx_HAL_Driver/Src/stm32f4xx_hal_pcd.c ****     [..]
  29:Drivers/STM32F4xx_HAL_Driver/Src/stm32f4xx_hal_pcd.c ****       The PCD HAL driver can be used as follows:
  30:Drivers/STM32F4xx_HAL_Driver/Src/stm32f4xx_hal_pcd.c **** 
ARM GAS  /tmp/ccuGCwmi.s 			page 2


  31:Drivers/STM32F4xx_HAL_Driver/Src/stm32f4xx_hal_pcd.c ****      (#) Declare a PCD_HandleTypeDef handle structure, for example:
  32:Drivers/STM32F4xx_HAL_Driver/Src/stm32f4xx_hal_pcd.c ****          PCD_HandleTypeDef  hpcd;
  33:Drivers/STM32F4xx_HAL_Driver/Src/stm32f4xx_hal_pcd.c **** 
  34:Drivers/STM32F4xx_HAL_Driver/Src/stm32f4xx_hal_pcd.c ****      (#) Fill parameters of Init structure in HCD handle
  35:Drivers/STM32F4xx_HAL_Driver/Src/stm32f4xx_hal_pcd.c **** 
  36:Drivers/STM32F4xx_HAL_Driver/Src/stm32f4xx_hal_pcd.c ****      (#) Call HAL_PCD_Init() API to initialize the PCD peripheral (Core, Device core, ...)
  37:Drivers/STM32F4xx_HAL_Driver/Src/stm32f4xx_hal_pcd.c **** 
  38:Drivers/STM32F4xx_HAL_Driver/Src/stm32f4xx_hal_pcd.c ****      (#) Initialize the PCD low level resources through the HAL_PCD_MspInit() API:
  39:Drivers/STM32F4xx_HAL_Driver/Src/stm32f4xx_hal_pcd.c ****          (##) Enable the PCD/USB Low Level interface clock using
  40:Drivers/STM32F4xx_HAL_Driver/Src/stm32f4xx_hal_pcd.c ****               (+++) __HAL_RCC_USB_OTG_FS_CLK_ENABLE();
  41:Drivers/STM32F4xx_HAL_Driver/Src/stm32f4xx_hal_pcd.c ****               (+++) __HAL_RCC_USB_OTG_HS_CLK_ENABLE(); (For High Speed Mode)
  42:Drivers/STM32F4xx_HAL_Driver/Src/stm32f4xx_hal_pcd.c **** 
  43:Drivers/STM32F4xx_HAL_Driver/Src/stm32f4xx_hal_pcd.c ****          (##) Initialize the related GPIO clocks
  44:Drivers/STM32F4xx_HAL_Driver/Src/stm32f4xx_hal_pcd.c ****          (##) Configure PCD pin-out
  45:Drivers/STM32F4xx_HAL_Driver/Src/stm32f4xx_hal_pcd.c ****          (##) Configure PCD NVIC interrupt
  46:Drivers/STM32F4xx_HAL_Driver/Src/stm32f4xx_hal_pcd.c **** 
  47:Drivers/STM32F4xx_HAL_Driver/Src/stm32f4xx_hal_pcd.c ****      (#)Associate the Upper USB device stack to the HAL PCD Driver:
  48:Drivers/STM32F4xx_HAL_Driver/Src/stm32f4xx_hal_pcd.c ****          (##) hpcd.pData = pdev;
  49:Drivers/STM32F4xx_HAL_Driver/Src/stm32f4xx_hal_pcd.c **** 
  50:Drivers/STM32F4xx_HAL_Driver/Src/stm32f4xx_hal_pcd.c ****      (#)Enable PCD transmission and reception:
  51:Drivers/STM32F4xx_HAL_Driver/Src/stm32f4xx_hal_pcd.c ****          (##) HAL_PCD_Start();
  52:Drivers/STM32F4xx_HAL_Driver/Src/stm32f4xx_hal_pcd.c **** 
  53:Drivers/STM32F4xx_HAL_Driver/Src/stm32f4xx_hal_pcd.c ****   @endverbatim
  54:Drivers/STM32F4xx_HAL_Driver/Src/stm32f4xx_hal_pcd.c ****   ******************************************************************************
  55:Drivers/STM32F4xx_HAL_Driver/Src/stm32f4xx_hal_pcd.c ****   */
  56:Drivers/STM32F4xx_HAL_Driver/Src/stm32f4xx_hal_pcd.c **** 
  57:Drivers/STM32F4xx_HAL_Driver/Src/stm32f4xx_hal_pcd.c **** /* Includes ------------------------------------------------------------------*/
  58:Drivers/STM32F4xx_HAL_Driver/Src/stm32f4xx_hal_pcd.c **** #include "stm32f4xx_hal.h"
  59:Drivers/STM32F4xx_HAL_Driver/Src/stm32f4xx_hal_pcd.c **** 
  60:Drivers/STM32F4xx_HAL_Driver/Src/stm32f4xx_hal_pcd.c **** /** @addtogroup STM32F4xx_HAL_Driver
  61:Drivers/STM32F4xx_HAL_Driver/Src/stm32f4xx_hal_pcd.c ****   * @{
  62:Drivers/STM32F4xx_HAL_Driver/Src/stm32f4xx_hal_pcd.c ****   */
  63:Drivers/STM32F4xx_HAL_Driver/Src/stm32f4xx_hal_pcd.c **** 
  64:Drivers/STM32F4xx_HAL_Driver/Src/stm32f4xx_hal_pcd.c **** /** @defgroup PCD PCD
  65:Drivers/STM32F4xx_HAL_Driver/Src/stm32f4xx_hal_pcd.c ****   * @brief PCD HAL module driver
  66:Drivers/STM32F4xx_HAL_Driver/Src/stm32f4xx_hal_pcd.c ****   * @{
  67:Drivers/STM32F4xx_HAL_Driver/Src/stm32f4xx_hal_pcd.c ****   */
  68:Drivers/STM32F4xx_HAL_Driver/Src/stm32f4xx_hal_pcd.c **** 
  69:Drivers/STM32F4xx_HAL_Driver/Src/stm32f4xx_hal_pcd.c **** #ifdef HAL_PCD_MODULE_ENABLED
  70:Drivers/STM32F4xx_HAL_Driver/Src/stm32f4xx_hal_pcd.c **** 
  71:Drivers/STM32F4xx_HAL_Driver/Src/stm32f4xx_hal_pcd.c **** #if defined (USB_OTG_FS) || defined (USB_OTG_HS)
  72:Drivers/STM32F4xx_HAL_Driver/Src/stm32f4xx_hal_pcd.c **** 
  73:Drivers/STM32F4xx_HAL_Driver/Src/stm32f4xx_hal_pcd.c **** /* Private types -------------------------------------------------------------*/
  74:Drivers/STM32F4xx_HAL_Driver/Src/stm32f4xx_hal_pcd.c **** /* Private variables ---------------------------------------------------------*/
  75:Drivers/STM32F4xx_HAL_Driver/Src/stm32f4xx_hal_pcd.c **** /* Private constants ---------------------------------------------------------*/
  76:Drivers/STM32F4xx_HAL_Driver/Src/stm32f4xx_hal_pcd.c **** /* Private macros ------------------------------------------------------------*/
  77:Drivers/STM32F4xx_HAL_Driver/Src/stm32f4xx_hal_pcd.c **** /** @defgroup PCD_Private_Macros PCD Private Macros
  78:Drivers/STM32F4xx_HAL_Driver/Src/stm32f4xx_hal_pcd.c ****   * @{
  79:Drivers/STM32F4xx_HAL_Driver/Src/stm32f4xx_hal_pcd.c ****   */
  80:Drivers/STM32F4xx_HAL_Driver/Src/stm32f4xx_hal_pcd.c **** #define PCD_MIN(a, b)  (((a) < (b)) ? (a) : (b))
  81:Drivers/STM32F4xx_HAL_Driver/Src/stm32f4xx_hal_pcd.c **** #define PCD_MAX(a, b)  (((a) > (b)) ? (a) : (b))
  82:Drivers/STM32F4xx_HAL_Driver/Src/stm32f4xx_hal_pcd.c **** /**
  83:Drivers/STM32F4xx_HAL_Driver/Src/stm32f4xx_hal_pcd.c ****   * @}
  84:Drivers/STM32F4xx_HAL_Driver/Src/stm32f4xx_hal_pcd.c ****   */
  85:Drivers/STM32F4xx_HAL_Driver/Src/stm32f4xx_hal_pcd.c **** 
  86:Drivers/STM32F4xx_HAL_Driver/Src/stm32f4xx_hal_pcd.c **** /* Private functions prototypes ----------------------------------------------*/
  87:Drivers/STM32F4xx_HAL_Driver/Src/stm32f4xx_hal_pcd.c **** /** @defgroup PCD_Private_Functions PCD Private Functions
ARM GAS  /tmp/ccuGCwmi.s 			page 3


  88:Drivers/STM32F4xx_HAL_Driver/Src/stm32f4xx_hal_pcd.c ****   * @{
  89:Drivers/STM32F4xx_HAL_Driver/Src/stm32f4xx_hal_pcd.c ****   */
  90:Drivers/STM32F4xx_HAL_Driver/Src/stm32f4xx_hal_pcd.c **** #if defined (USB_OTG_FS) || defined (USB_OTG_HS)
  91:Drivers/STM32F4xx_HAL_Driver/Src/stm32f4xx_hal_pcd.c **** static HAL_StatusTypeDef PCD_WriteEmptyTxFifo(PCD_HandleTypeDef *hpcd, uint32_t epnum);
  92:Drivers/STM32F4xx_HAL_Driver/Src/stm32f4xx_hal_pcd.c **** static HAL_StatusTypeDef PCD_EP_OutXfrComplete_int(PCD_HandleTypeDef *hpcd, uint32_t epnum);
  93:Drivers/STM32F4xx_HAL_Driver/Src/stm32f4xx_hal_pcd.c **** static HAL_StatusTypeDef PCD_EP_OutSetupPacket_int(PCD_HandleTypeDef *hpcd, uint32_t epnum);
  94:Drivers/STM32F4xx_HAL_Driver/Src/stm32f4xx_hal_pcd.c **** #endif /* defined (USB_OTG_FS) || defined (USB_OTG_HS) */
  95:Drivers/STM32F4xx_HAL_Driver/Src/stm32f4xx_hal_pcd.c **** /**
  96:Drivers/STM32F4xx_HAL_Driver/Src/stm32f4xx_hal_pcd.c ****   * @}
  97:Drivers/STM32F4xx_HAL_Driver/Src/stm32f4xx_hal_pcd.c ****   */
  98:Drivers/STM32F4xx_HAL_Driver/Src/stm32f4xx_hal_pcd.c **** 
  99:Drivers/STM32F4xx_HAL_Driver/Src/stm32f4xx_hal_pcd.c **** /* Exported functions --------------------------------------------------------*/
 100:Drivers/STM32F4xx_HAL_Driver/Src/stm32f4xx_hal_pcd.c **** /** @defgroup PCD_Exported_Functions PCD Exported Functions
 101:Drivers/STM32F4xx_HAL_Driver/Src/stm32f4xx_hal_pcd.c ****   * @{
 102:Drivers/STM32F4xx_HAL_Driver/Src/stm32f4xx_hal_pcd.c ****   */
 103:Drivers/STM32F4xx_HAL_Driver/Src/stm32f4xx_hal_pcd.c **** 
 104:Drivers/STM32F4xx_HAL_Driver/Src/stm32f4xx_hal_pcd.c **** /** @defgroup PCD_Exported_Functions_Group1 Initialization and de-initialization functions
 105:Drivers/STM32F4xx_HAL_Driver/Src/stm32f4xx_hal_pcd.c ****   *  @brief    Initialization and Configuration functions
 106:Drivers/STM32F4xx_HAL_Driver/Src/stm32f4xx_hal_pcd.c ****   *
 107:Drivers/STM32F4xx_HAL_Driver/Src/stm32f4xx_hal_pcd.c **** @verbatim
 108:Drivers/STM32F4xx_HAL_Driver/Src/stm32f4xx_hal_pcd.c ****  ===============================================================================
 109:Drivers/STM32F4xx_HAL_Driver/Src/stm32f4xx_hal_pcd.c ****             ##### Initialization and de-initialization functions #####
 110:Drivers/STM32F4xx_HAL_Driver/Src/stm32f4xx_hal_pcd.c ****  ===============================================================================
 111:Drivers/STM32F4xx_HAL_Driver/Src/stm32f4xx_hal_pcd.c ****     [..]  This section provides functions allowing to:
 112:Drivers/STM32F4xx_HAL_Driver/Src/stm32f4xx_hal_pcd.c **** 
 113:Drivers/STM32F4xx_HAL_Driver/Src/stm32f4xx_hal_pcd.c **** @endverbatim
 114:Drivers/STM32F4xx_HAL_Driver/Src/stm32f4xx_hal_pcd.c ****   * @{
 115:Drivers/STM32F4xx_HAL_Driver/Src/stm32f4xx_hal_pcd.c ****   */
 116:Drivers/STM32F4xx_HAL_Driver/Src/stm32f4xx_hal_pcd.c **** 
 117:Drivers/STM32F4xx_HAL_Driver/Src/stm32f4xx_hal_pcd.c **** /**
 118:Drivers/STM32F4xx_HAL_Driver/Src/stm32f4xx_hal_pcd.c ****   * @brief  Initializes the PCD according to the specified
 119:Drivers/STM32F4xx_HAL_Driver/Src/stm32f4xx_hal_pcd.c ****   *         parameters in the PCD_InitTypeDef and initialize the associated handle.
 120:Drivers/STM32F4xx_HAL_Driver/Src/stm32f4xx_hal_pcd.c ****   * @param  hpcd PCD handle
 121:Drivers/STM32F4xx_HAL_Driver/Src/stm32f4xx_hal_pcd.c ****   * @retval HAL status
 122:Drivers/STM32F4xx_HAL_Driver/Src/stm32f4xx_hal_pcd.c ****   */
 123:Drivers/STM32F4xx_HAL_Driver/Src/stm32f4xx_hal_pcd.c **** HAL_StatusTypeDef HAL_PCD_Init(PCD_HandleTypeDef *hpcd)
 124:Drivers/STM32F4xx_HAL_Driver/Src/stm32f4xx_hal_pcd.c **** {
  29              		.loc 1 124 1
  30              		.cfi_startproc
  31              		@ args = 0, pretend = 0, frame = 16
  32              		@ frame_needed = 1, uses_anonymous_args = 0
  33 0000 80B5     		push	{r7, lr}
  34              	.LCFI0:
  35              		.cfi_def_cfa_offset 8
  36              		.cfi_offset 7, -8
  37              		.cfi_offset 14, -4
  38 0002 86B0     		sub	sp, sp, #24
  39              	.LCFI1:
  40              		.cfi_def_cfa_offset 32
  41 0004 02AF     		add	r7, sp, #8
  42              	.LCFI2:
  43              		.cfi_def_cfa 7, 24
  44 0006 7860     		str	r0, [r7, #4]
 125:Drivers/STM32F4xx_HAL_Driver/Src/stm32f4xx_hal_pcd.c **** #if defined (USB_OTG_FS)
 126:Drivers/STM32F4xx_HAL_Driver/Src/stm32f4xx_hal_pcd.c ****   const USB_OTG_GlobalTypeDef *USBx;
 127:Drivers/STM32F4xx_HAL_Driver/Src/stm32f4xx_hal_pcd.c **** #endif /* defined (USB_OTG_FS) */
 128:Drivers/STM32F4xx_HAL_Driver/Src/stm32f4xx_hal_pcd.c ****   uint8_t i;
ARM GAS  /tmp/ccuGCwmi.s 			page 4


 129:Drivers/STM32F4xx_HAL_Driver/Src/stm32f4xx_hal_pcd.c **** 
 130:Drivers/STM32F4xx_HAL_Driver/Src/stm32f4xx_hal_pcd.c ****   /* Check the PCD handle allocation */
 131:Drivers/STM32F4xx_HAL_Driver/Src/stm32f4xx_hal_pcd.c ****   if (hpcd == NULL)
  45              		.loc 1 131 6
  46 0008 7B68     		ldr	r3, [r7, #4]
  47 000a 002B     		cmp	r3, #0
  48 000c 01D1     		bne	.L2
 132:Drivers/STM32F4xx_HAL_Driver/Src/stm32f4xx_hal_pcd.c ****   {
 133:Drivers/STM32F4xx_HAL_Driver/Src/stm32f4xx_hal_pcd.c ****     return HAL_ERROR;
  49              		.loc 1 133 12
  50 000e 0123     		movs	r3, #1
  51 0010 01E1     		b	.L3
  52              	.L2:
 134:Drivers/STM32F4xx_HAL_Driver/Src/stm32f4xx_hal_pcd.c ****   }
 135:Drivers/STM32F4xx_HAL_Driver/Src/stm32f4xx_hal_pcd.c **** 
 136:Drivers/STM32F4xx_HAL_Driver/Src/stm32f4xx_hal_pcd.c ****   /* Check the parameters */
 137:Drivers/STM32F4xx_HAL_Driver/Src/stm32f4xx_hal_pcd.c ****   assert_param(IS_PCD_ALL_INSTANCE(hpcd->Instance));
 138:Drivers/STM32F4xx_HAL_Driver/Src/stm32f4xx_hal_pcd.c **** 
 139:Drivers/STM32F4xx_HAL_Driver/Src/stm32f4xx_hal_pcd.c **** #if defined (USB_OTG_FS)
 140:Drivers/STM32F4xx_HAL_Driver/Src/stm32f4xx_hal_pcd.c ****   USBx = hpcd->Instance;
  53              		.loc 1 140 8
  54 0012 7B68     		ldr	r3, [r7, #4]
  55 0014 1B68     		ldr	r3, [r3]
  56 0016 BB60     		str	r3, [r7, #8]
 141:Drivers/STM32F4xx_HAL_Driver/Src/stm32f4xx_hal_pcd.c **** #endif /* defined (USB_OTG_FS) */
 142:Drivers/STM32F4xx_HAL_Driver/Src/stm32f4xx_hal_pcd.c **** 
 143:Drivers/STM32F4xx_HAL_Driver/Src/stm32f4xx_hal_pcd.c ****   if (hpcd->State == HAL_PCD_STATE_RESET)
  57              		.loc 1 143 11
  58 0018 7B68     		ldr	r3, [r7, #4]
  59 001a 93F89534 		ldrb	r3, [r3, #1173]
  60 001e DBB2     		uxtb	r3, r3
  61              		.loc 1 143 6
  62 0020 002B     		cmp	r3, #0
  63 0022 06D1     		bne	.L4
 144:Drivers/STM32F4xx_HAL_Driver/Src/stm32f4xx_hal_pcd.c ****   {
 145:Drivers/STM32F4xx_HAL_Driver/Src/stm32f4xx_hal_pcd.c ****     /* Allocate lock resource and initialize it */
 146:Drivers/STM32F4xx_HAL_Driver/Src/stm32f4xx_hal_pcd.c ****     hpcd->Lock = HAL_UNLOCKED;
  64              		.loc 1 146 16
  65 0024 7B68     		ldr	r3, [r7, #4]
  66 0026 0022     		movs	r2, #0
  67 0028 83F89424 		strb	r2, [r3, #1172]
 147:Drivers/STM32F4xx_HAL_Driver/Src/stm32f4xx_hal_pcd.c **** 
 148:Drivers/STM32F4xx_HAL_Driver/Src/stm32f4xx_hal_pcd.c **** #if (USE_HAL_PCD_REGISTER_CALLBACKS == 1U)
 149:Drivers/STM32F4xx_HAL_Driver/Src/stm32f4xx_hal_pcd.c ****     hpcd->SOFCallback = HAL_PCD_SOFCallback;
 150:Drivers/STM32F4xx_HAL_Driver/Src/stm32f4xx_hal_pcd.c ****     hpcd->SetupStageCallback = HAL_PCD_SetupStageCallback;
 151:Drivers/STM32F4xx_HAL_Driver/Src/stm32f4xx_hal_pcd.c ****     hpcd->ResetCallback = HAL_PCD_ResetCallback;
 152:Drivers/STM32F4xx_HAL_Driver/Src/stm32f4xx_hal_pcd.c ****     hpcd->SuspendCallback = HAL_PCD_SuspendCallback;
 153:Drivers/STM32F4xx_HAL_Driver/Src/stm32f4xx_hal_pcd.c ****     hpcd->ResumeCallback = HAL_PCD_ResumeCallback;
 154:Drivers/STM32F4xx_HAL_Driver/Src/stm32f4xx_hal_pcd.c ****     hpcd->ConnectCallback = HAL_PCD_ConnectCallback;
 155:Drivers/STM32F4xx_HAL_Driver/Src/stm32f4xx_hal_pcd.c ****     hpcd->DisconnectCallback = HAL_PCD_DisconnectCallback;
 156:Drivers/STM32F4xx_HAL_Driver/Src/stm32f4xx_hal_pcd.c ****     hpcd->DataOutStageCallback = HAL_PCD_DataOutStageCallback;
 157:Drivers/STM32F4xx_HAL_Driver/Src/stm32f4xx_hal_pcd.c ****     hpcd->DataInStageCallback = HAL_PCD_DataInStageCallback;
 158:Drivers/STM32F4xx_HAL_Driver/Src/stm32f4xx_hal_pcd.c ****     hpcd->ISOOUTIncompleteCallback = HAL_PCD_ISOOUTIncompleteCallback;
 159:Drivers/STM32F4xx_HAL_Driver/Src/stm32f4xx_hal_pcd.c ****     hpcd->ISOINIncompleteCallback = HAL_PCD_ISOINIncompleteCallback;
 160:Drivers/STM32F4xx_HAL_Driver/Src/stm32f4xx_hal_pcd.c ****     hpcd->LPMCallback = HAL_PCDEx_LPM_Callback;
 161:Drivers/STM32F4xx_HAL_Driver/Src/stm32f4xx_hal_pcd.c ****     hpcd->BCDCallback = HAL_PCDEx_BCD_Callback;
 162:Drivers/STM32F4xx_HAL_Driver/Src/stm32f4xx_hal_pcd.c **** 
ARM GAS  /tmp/ccuGCwmi.s 			page 5


 163:Drivers/STM32F4xx_HAL_Driver/Src/stm32f4xx_hal_pcd.c ****     if (hpcd->MspInitCallback == NULL)
 164:Drivers/STM32F4xx_HAL_Driver/Src/stm32f4xx_hal_pcd.c ****     {
 165:Drivers/STM32F4xx_HAL_Driver/Src/stm32f4xx_hal_pcd.c ****       hpcd->MspInitCallback = HAL_PCD_MspInit;
 166:Drivers/STM32F4xx_HAL_Driver/Src/stm32f4xx_hal_pcd.c ****     }
 167:Drivers/STM32F4xx_HAL_Driver/Src/stm32f4xx_hal_pcd.c **** 
 168:Drivers/STM32F4xx_HAL_Driver/Src/stm32f4xx_hal_pcd.c ****     /* Init the low level hardware */
 169:Drivers/STM32F4xx_HAL_Driver/Src/stm32f4xx_hal_pcd.c ****     hpcd->MspInitCallback(hpcd);
 170:Drivers/STM32F4xx_HAL_Driver/Src/stm32f4xx_hal_pcd.c **** #else
 171:Drivers/STM32F4xx_HAL_Driver/Src/stm32f4xx_hal_pcd.c ****     /* Init the low level hardware : GPIO, CLOCK, NVIC... */
 172:Drivers/STM32F4xx_HAL_Driver/Src/stm32f4xx_hal_pcd.c ****     HAL_PCD_MspInit(hpcd);
  68              		.loc 1 172 5
  69 002c 7868     		ldr	r0, [r7, #4]
  70 002e FFF7FEFF 		bl	HAL_PCD_MspInit
  71              	.L4:
 173:Drivers/STM32F4xx_HAL_Driver/Src/stm32f4xx_hal_pcd.c **** #endif /* (USE_HAL_PCD_REGISTER_CALLBACKS) */
 174:Drivers/STM32F4xx_HAL_Driver/Src/stm32f4xx_hal_pcd.c ****   }
 175:Drivers/STM32F4xx_HAL_Driver/Src/stm32f4xx_hal_pcd.c **** 
 176:Drivers/STM32F4xx_HAL_Driver/Src/stm32f4xx_hal_pcd.c ****   hpcd->State = HAL_PCD_STATE_BUSY;
  72              		.loc 1 176 15
  73 0032 7B68     		ldr	r3, [r7, #4]
  74 0034 0322     		movs	r2, #3
  75 0036 83F89524 		strb	r2, [r3, #1173]
 177:Drivers/STM32F4xx_HAL_Driver/Src/stm32f4xx_hal_pcd.c **** 
 178:Drivers/STM32F4xx_HAL_Driver/Src/stm32f4xx_hal_pcd.c **** #if defined (USB_OTG_FS)
 179:Drivers/STM32F4xx_HAL_Driver/Src/stm32f4xx_hal_pcd.c ****   /* Disable DMA mode for FS instance */
 180:Drivers/STM32F4xx_HAL_Driver/Src/stm32f4xx_hal_pcd.c ****   if (USBx == USB_OTG_FS)
  76              		.loc 1 180 6
  77 003a BB68     		ldr	r3, [r7, #8]
  78 003c B3F1A04F 		cmp	r3, #1342177280
  79 0040 02D1     		bne	.L5
 181:Drivers/STM32F4xx_HAL_Driver/Src/stm32f4xx_hal_pcd.c ****   {
 182:Drivers/STM32F4xx_HAL_Driver/Src/stm32f4xx_hal_pcd.c ****     hpcd->Init.dma_enable = 0U;
  80              		.loc 1 182 27
  81 0042 7B68     		ldr	r3, [r7, #4]
  82 0044 0022     		movs	r2, #0
  83 0046 9A71     		strb	r2, [r3, #6]
  84              	.L5:
 183:Drivers/STM32F4xx_HAL_Driver/Src/stm32f4xx_hal_pcd.c ****   }
 184:Drivers/STM32F4xx_HAL_Driver/Src/stm32f4xx_hal_pcd.c **** #endif /* defined (USB_OTG_FS) */
 185:Drivers/STM32F4xx_HAL_Driver/Src/stm32f4xx_hal_pcd.c **** 
 186:Drivers/STM32F4xx_HAL_Driver/Src/stm32f4xx_hal_pcd.c ****   /* Disable the Interrupts */
 187:Drivers/STM32F4xx_HAL_Driver/Src/stm32f4xx_hal_pcd.c ****   __HAL_PCD_DISABLE(hpcd);
  85              		.loc 1 187 3
  86 0048 7B68     		ldr	r3, [r7, #4]
  87 004a 1B68     		ldr	r3, [r3]
  88 004c 1846     		mov	r0, r3
  89 004e FFF7FEFF 		bl	USB_DisableGlobalInt
 188:Drivers/STM32F4xx_HAL_Driver/Src/stm32f4xx_hal_pcd.c **** 
 189:Drivers/STM32F4xx_HAL_Driver/Src/stm32f4xx_hal_pcd.c ****   /*Init the Core (common init.) */
 190:Drivers/STM32F4xx_HAL_Driver/Src/stm32f4xx_hal_pcd.c ****   if (USB_CoreInit(hpcd->Instance, hpcd->Init) != HAL_OK)
  90              		.loc 1 190 24
  91 0052 7B68     		ldr	r3, [r7, #4]
  92 0054 1868     		ldr	r0, [r3]
  93              		.loc 1 190 7
  94 0056 7B68     		ldr	r3, [r7, #4]
  95 0058 1A7C     		ldrb	r2, [r3, #16]
  96 005a 8DF80020 		strb	r2, [sp]
ARM GAS  /tmp/ccuGCwmi.s 			page 6


  97 005e 0433     		adds	r3, r3, #4
  98 0060 0ECB     		ldm	r3, {r1, r2, r3}
  99 0062 FFF7FEFF 		bl	USB_CoreInit
 100 0066 0346     		mov	r3, r0
 101              		.loc 1 190 6 discriminator 1
 102 0068 002B     		cmp	r3, #0
 103 006a 05D0     		beq	.L6
 191:Drivers/STM32F4xx_HAL_Driver/Src/stm32f4xx_hal_pcd.c ****   {
 192:Drivers/STM32F4xx_HAL_Driver/Src/stm32f4xx_hal_pcd.c ****     hpcd->State = HAL_PCD_STATE_ERROR;
 104              		.loc 1 192 17
 105 006c 7B68     		ldr	r3, [r7, #4]
 106 006e 0222     		movs	r2, #2
 107 0070 83F89524 		strb	r2, [r3, #1173]
 193:Drivers/STM32F4xx_HAL_Driver/Src/stm32f4xx_hal_pcd.c ****     return HAL_ERROR;
 108              		.loc 1 193 12
 109 0074 0123     		movs	r3, #1
 110 0076 CEE0     		b	.L3
 111              	.L6:
 194:Drivers/STM32F4xx_HAL_Driver/Src/stm32f4xx_hal_pcd.c ****   }
 195:Drivers/STM32F4xx_HAL_Driver/Src/stm32f4xx_hal_pcd.c **** 
 196:Drivers/STM32F4xx_HAL_Driver/Src/stm32f4xx_hal_pcd.c ****   /* Force Device Mode */
 197:Drivers/STM32F4xx_HAL_Driver/Src/stm32f4xx_hal_pcd.c ****   if (USB_SetCurrentMode(hpcd->Instance, USB_DEVICE_MODE) != HAL_OK)
 112              		.loc 1 197 30
 113 0078 7B68     		ldr	r3, [r7, #4]
 114 007a 1B68     		ldr	r3, [r3]
 115              		.loc 1 197 7
 116 007c 0021     		movs	r1, #0
 117 007e 1846     		mov	r0, r3
 118 0080 FFF7FEFF 		bl	USB_SetCurrentMode
 119 0084 0346     		mov	r3, r0
 120              		.loc 1 197 6 discriminator 1
 121 0086 002B     		cmp	r3, #0
 122 0088 05D0     		beq	.L7
 198:Drivers/STM32F4xx_HAL_Driver/Src/stm32f4xx_hal_pcd.c ****   {
 199:Drivers/STM32F4xx_HAL_Driver/Src/stm32f4xx_hal_pcd.c ****     hpcd->State = HAL_PCD_STATE_ERROR;
 123              		.loc 1 199 17
 124 008a 7B68     		ldr	r3, [r7, #4]
 125 008c 0222     		movs	r2, #2
 126 008e 83F89524 		strb	r2, [r3, #1173]
 200:Drivers/STM32F4xx_HAL_Driver/Src/stm32f4xx_hal_pcd.c ****     return HAL_ERROR;
 127              		.loc 1 200 12
 128 0092 0123     		movs	r3, #1
 129 0094 BFE0     		b	.L3
 130              	.L7:
 201:Drivers/STM32F4xx_HAL_Driver/Src/stm32f4xx_hal_pcd.c ****   }
 202:Drivers/STM32F4xx_HAL_Driver/Src/stm32f4xx_hal_pcd.c **** 
 203:Drivers/STM32F4xx_HAL_Driver/Src/stm32f4xx_hal_pcd.c ****   /* Init endpoints structures */
 204:Drivers/STM32F4xx_HAL_Driver/Src/stm32f4xx_hal_pcd.c ****   for (i = 0U; i < hpcd->Init.dev_endpoints; i++)
 131              		.loc 1 204 10
 132 0096 0023     		movs	r3, #0
 133 0098 FB73     		strb	r3, [r7, #15]
 134              		.loc 1 204 3
 135 009a 4AE0     		b	.L8
 136              	.L9:
 205:Drivers/STM32F4xx_HAL_Driver/Src/stm32f4xx_hal_pcd.c ****   {
 206:Drivers/STM32F4xx_HAL_Driver/Src/stm32f4xx_hal_pcd.c ****     /* Init ep structure */
 207:Drivers/STM32F4xx_HAL_Driver/Src/stm32f4xx_hal_pcd.c ****     hpcd->IN_ep[i].is_in = 1U;
ARM GAS  /tmp/ccuGCwmi.s 			page 7


 137              		.loc 1 207 19
 138 009c FA7B     		ldrb	r2, [r7, #15]	@ zero_extendqisi2
 139              		.loc 1 207 26
 140 009e 7968     		ldr	r1, [r7, #4]
 141 00a0 1346     		mov	r3, r2
 142 00a2 DB00     		lsls	r3, r3, #3
 143 00a4 1344     		add	r3, r3, r2
 144 00a6 9B00     		lsls	r3, r3, #2
 145 00a8 0B44     		add	r3, r3, r1
 146 00aa 1533     		adds	r3, r3, #21
 147 00ac 0122     		movs	r2, #1
 148 00ae 1A70     		strb	r2, [r3]
 208:Drivers/STM32F4xx_HAL_Driver/Src/stm32f4xx_hal_pcd.c ****     hpcd->IN_ep[i].num = i;
 149              		.loc 1 208 19
 150 00b0 FA7B     		ldrb	r2, [r7, #15]	@ zero_extendqisi2
 151              		.loc 1 208 24
 152 00b2 7968     		ldr	r1, [r7, #4]
 153 00b4 1346     		mov	r3, r2
 154 00b6 DB00     		lsls	r3, r3, #3
 155 00b8 1344     		add	r3, r3, r2
 156 00ba 9B00     		lsls	r3, r3, #2
 157 00bc 0B44     		add	r3, r3, r1
 158 00be 1433     		adds	r3, r3, #20
 159 00c0 FA7B     		ldrb	r2, [r7, #15]
 160 00c2 1A70     		strb	r2, [r3]
 209:Drivers/STM32F4xx_HAL_Driver/Src/stm32f4xx_hal_pcd.c ****     hpcd->IN_ep[i].tx_fifo_num = i;
 161              		.loc 1 209 19
 162 00c4 FA7B     		ldrb	r2, [r7, #15]	@ zero_extendqisi2
 163              		.loc 1 209 32
 164 00c6 FB7B     		ldrb	r3, [r7, #15]	@ zero_extendqisi2
 165 00c8 98B2     		uxth	r0, r3
 166 00ca 7968     		ldr	r1, [r7, #4]
 167 00cc 1346     		mov	r3, r2
 168 00ce DB00     		lsls	r3, r3, #3
 169 00d0 1344     		add	r3, r3, r2
 170 00d2 9B00     		lsls	r3, r3, #2
 171 00d4 0B44     		add	r3, r3, r1
 172 00d6 2E33     		adds	r3, r3, #46
 173 00d8 0246     		mov	r2, r0	@ movhi
 174 00da 1A80     		strh	r2, [r3]	@ movhi
 210:Drivers/STM32F4xx_HAL_Driver/Src/stm32f4xx_hal_pcd.c ****     /* Control until ep is activated */
 211:Drivers/STM32F4xx_HAL_Driver/Src/stm32f4xx_hal_pcd.c ****     hpcd->IN_ep[i].type = EP_TYPE_CTRL;
 175              		.loc 1 211 19
 176 00dc FA7B     		ldrb	r2, [r7, #15]	@ zero_extendqisi2
 177              		.loc 1 211 25
 178 00de 7968     		ldr	r1, [r7, #4]
 179 00e0 1346     		mov	r3, r2
 180 00e2 DB00     		lsls	r3, r3, #3
 181 00e4 1344     		add	r3, r3, r2
 182 00e6 9B00     		lsls	r3, r3, #2
 183 00e8 0B44     		add	r3, r3, r1
 184 00ea 1833     		adds	r3, r3, #24
 185 00ec 0022     		movs	r2, #0
 186 00ee 1A70     		strb	r2, [r3]
 212:Drivers/STM32F4xx_HAL_Driver/Src/stm32f4xx_hal_pcd.c ****     hpcd->IN_ep[i].maxpacket = 0U;
 187              		.loc 1 212 19
 188 00f0 FA7B     		ldrb	r2, [r7, #15]	@ zero_extendqisi2
ARM GAS  /tmp/ccuGCwmi.s 			page 8


 189              		.loc 1 212 30
 190 00f2 7968     		ldr	r1, [r7, #4]
 191 00f4 1346     		mov	r3, r2
 192 00f6 DB00     		lsls	r3, r3, #3
 193 00f8 1344     		add	r3, r3, r2
 194 00fa 9B00     		lsls	r3, r3, #2
 195 00fc 0B44     		add	r3, r3, r1
 196 00fe 1C33     		adds	r3, r3, #28
 197 0100 0022     		movs	r2, #0
 198 0102 1A60     		str	r2, [r3]
 213:Drivers/STM32F4xx_HAL_Driver/Src/stm32f4xx_hal_pcd.c ****     hpcd->IN_ep[i].xfer_buff = 0U;
 199              		.loc 1 213 19
 200 0104 FA7B     		ldrb	r2, [r7, #15]	@ zero_extendqisi2
 201              		.loc 1 213 30
 202 0106 7968     		ldr	r1, [r7, #4]
 203 0108 1346     		mov	r3, r2
 204 010a DB00     		lsls	r3, r3, #3
 205 010c 1344     		add	r3, r3, r2
 206 010e 9B00     		lsls	r3, r3, #2
 207 0110 0B44     		add	r3, r3, r1
 208 0112 2033     		adds	r3, r3, #32
 209 0114 0022     		movs	r2, #0
 210 0116 1A60     		str	r2, [r3]
 214:Drivers/STM32F4xx_HAL_Driver/Src/stm32f4xx_hal_pcd.c ****     hpcd->IN_ep[i].xfer_len = 0U;
 211              		.loc 1 214 19
 212 0118 FA7B     		ldrb	r2, [r7, #15]	@ zero_extendqisi2
 213              		.loc 1 214 29
 214 011a 7968     		ldr	r1, [r7, #4]
 215 011c 1346     		mov	r3, r2
 216 011e DB00     		lsls	r3, r3, #3
 217 0120 1344     		add	r3, r3, r2
 218 0122 9B00     		lsls	r3, r3, #2
 219 0124 0B44     		add	r3, r3, r1
 220 0126 2433     		adds	r3, r3, #36
 221 0128 0022     		movs	r2, #0
 222 012a 1A60     		str	r2, [r3]
 204:Drivers/STM32F4xx_HAL_Driver/Src/stm32f4xx_hal_pcd.c ****   {
 223              		.loc 1 204 47 discriminator 3
 224 012c FB7B     		ldrb	r3, [r7, #15]	@ zero_extendqisi2
 225 012e 0133     		adds	r3, r3, #1
 226 0130 FB73     		strb	r3, [r7, #15]
 227              	.L8:
 204:Drivers/STM32F4xx_HAL_Driver/Src/stm32f4xx_hal_pcd.c ****   {
 228              		.loc 1 204 30 discriminator 1
 229 0132 7B68     		ldr	r3, [r7, #4]
 230 0134 1B79     		ldrb	r3, [r3, #4]	@ zero_extendqisi2
 204:Drivers/STM32F4xx_HAL_Driver/Src/stm32f4xx_hal_pcd.c ****   {
 231              		.loc 1 204 18 discriminator 1
 232 0136 FA7B     		ldrb	r2, [r7, #15]	@ zero_extendqisi2
 233 0138 9A42     		cmp	r2, r3
 234 013a AFD3     		bcc	.L9
 215:Drivers/STM32F4xx_HAL_Driver/Src/stm32f4xx_hal_pcd.c ****   }
 216:Drivers/STM32F4xx_HAL_Driver/Src/stm32f4xx_hal_pcd.c **** 
 217:Drivers/STM32F4xx_HAL_Driver/Src/stm32f4xx_hal_pcd.c ****   for (i = 0U; i < hpcd->Init.dev_endpoints; i++)
 235              		.loc 1 217 10
 236 013c 0023     		movs	r3, #0
 237 013e FB73     		strb	r3, [r7, #15]
ARM GAS  /tmp/ccuGCwmi.s 			page 9


 238              		.loc 1 217 3
 239 0140 44E0     		b	.L10
 240              	.L11:
 218:Drivers/STM32F4xx_HAL_Driver/Src/stm32f4xx_hal_pcd.c ****   {
 219:Drivers/STM32F4xx_HAL_Driver/Src/stm32f4xx_hal_pcd.c ****     hpcd->OUT_ep[i].is_in = 0U;
 241              		.loc 1 219 20
 242 0142 FA7B     		ldrb	r2, [r7, #15]	@ zero_extendqisi2
 243              		.loc 1 219 27
 244 0144 7968     		ldr	r1, [r7, #4]
 245 0146 1346     		mov	r3, r2
 246 0148 DB00     		lsls	r3, r3, #3
 247 014a 1344     		add	r3, r3, r2
 248 014c 9B00     		lsls	r3, r3, #2
 249 014e 0B44     		add	r3, r3, r1
 250 0150 03F25523 		addw	r3, r3, #597
 251 0154 0022     		movs	r2, #0
 252 0156 1A70     		strb	r2, [r3]
 220:Drivers/STM32F4xx_HAL_Driver/Src/stm32f4xx_hal_pcd.c ****     hpcd->OUT_ep[i].num = i;
 253              		.loc 1 220 20
 254 0158 FA7B     		ldrb	r2, [r7, #15]	@ zero_extendqisi2
 255              		.loc 1 220 25
 256 015a 7968     		ldr	r1, [r7, #4]
 257 015c 1346     		mov	r3, r2
 258 015e DB00     		lsls	r3, r3, #3
 259 0160 1344     		add	r3, r3, r2
 260 0162 9B00     		lsls	r3, r3, #2
 261 0164 0B44     		add	r3, r3, r1
 262 0166 03F51573 		add	r3, r3, #596
 263 016a FA7B     		ldrb	r2, [r7, #15]
 264 016c 1A70     		strb	r2, [r3]
 221:Drivers/STM32F4xx_HAL_Driver/Src/stm32f4xx_hal_pcd.c ****     /* Control until ep is activated */
 222:Drivers/STM32F4xx_HAL_Driver/Src/stm32f4xx_hal_pcd.c ****     hpcd->OUT_ep[i].type = EP_TYPE_CTRL;
 265              		.loc 1 222 20
 266 016e FA7B     		ldrb	r2, [r7, #15]	@ zero_extendqisi2
 267              		.loc 1 222 26
 268 0170 7968     		ldr	r1, [r7, #4]
 269 0172 1346     		mov	r3, r2
 270 0174 DB00     		lsls	r3, r3, #3
 271 0176 1344     		add	r3, r3, r2
 272 0178 9B00     		lsls	r3, r3, #2
 273 017a 0B44     		add	r3, r3, r1
 274 017c 03F51673 		add	r3, r3, #600
 275 0180 0022     		movs	r2, #0
 276 0182 1A70     		strb	r2, [r3]
 223:Drivers/STM32F4xx_HAL_Driver/Src/stm32f4xx_hal_pcd.c ****     hpcd->OUT_ep[i].maxpacket = 0U;
 277              		.loc 1 223 20
 278 0184 FA7B     		ldrb	r2, [r7, #15]	@ zero_extendqisi2
 279              		.loc 1 223 31
 280 0186 7968     		ldr	r1, [r7, #4]
 281 0188 1346     		mov	r3, r2
 282 018a DB00     		lsls	r3, r3, #3
 283 018c 1344     		add	r3, r3, r2
 284 018e 9B00     		lsls	r3, r3, #2
 285 0190 0B44     		add	r3, r3, r1
 286 0192 03F51773 		add	r3, r3, #604
 287 0196 0022     		movs	r2, #0
 288 0198 1A60     		str	r2, [r3]
ARM GAS  /tmp/ccuGCwmi.s 			page 10


 224:Drivers/STM32F4xx_HAL_Driver/Src/stm32f4xx_hal_pcd.c ****     hpcd->OUT_ep[i].xfer_buff = 0U;
 289              		.loc 1 224 20
 290 019a FA7B     		ldrb	r2, [r7, #15]	@ zero_extendqisi2
 291              		.loc 1 224 31
 292 019c 7968     		ldr	r1, [r7, #4]
 293 019e 1346     		mov	r3, r2
 294 01a0 DB00     		lsls	r3, r3, #3
 295 01a2 1344     		add	r3, r3, r2
 296 01a4 9B00     		lsls	r3, r3, #2
 297 01a6 0B44     		add	r3, r3, r1
 298 01a8 03F51873 		add	r3, r3, #608
 299 01ac 0022     		movs	r2, #0
 300 01ae 1A60     		str	r2, [r3]
 225:Drivers/STM32F4xx_HAL_Driver/Src/stm32f4xx_hal_pcd.c ****     hpcd->OUT_ep[i].xfer_len = 0U;
 301              		.loc 1 225 20
 302 01b0 FA7B     		ldrb	r2, [r7, #15]	@ zero_extendqisi2
 303              		.loc 1 225 30
 304 01b2 7968     		ldr	r1, [r7, #4]
 305 01b4 1346     		mov	r3, r2
 306 01b6 DB00     		lsls	r3, r3, #3
 307 01b8 1344     		add	r3, r3, r2
 308 01ba 9B00     		lsls	r3, r3, #2
 309 01bc 0B44     		add	r3, r3, r1
 310 01be 03F51973 		add	r3, r3, #612
 311 01c2 0022     		movs	r2, #0
 312 01c4 1A60     		str	r2, [r3]
 217:Drivers/STM32F4xx_HAL_Driver/Src/stm32f4xx_hal_pcd.c ****   {
 313              		.loc 1 217 47 discriminator 3
 314 01c6 FB7B     		ldrb	r3, [r7, #15]	@ zero_extendqisi2
 315 01c8 0133     		adds	r3, r3, #1
 316 01ca FB73     		strb	r3, [r7, #15]
 317              	.L10:
 217:Drivers/STM32F4xx_HAL_Driver/Src/stm32f4xx_hal_pcd.c ****   {
 318              		.loc 1 217 30 discriminator 1
 319 01cc 7B68     		ldr	r3, [r7, #4]
 320 01ce 1B79     		ldrb	r3, [r3, #4]	@ zero_extendqisi2
 217:Drivers/STM32F4xx_HAL_Driver/Src/stm32f4xx_hal_pcd.c ****   {
 321              		.loc 1 217 18 discriminator 1
 322 01d0 FA7B     		ldrb	r2, [r7, #15]	@ zero_extendqisi2
 323 01d2 9A42     		cmp	r2, r3
 324 01d4 B5D3     		bcc	.L11
 226:Drivers/STM32F4xx_HAL_Driver/Src/stm32f4xx_hal_pcd.c ****   }
 227:Drivers/STM32F4xx_HAL_Driver/Src/stm32f4xx_hal_pcd.c **** 
 228:Drivers/STM32F4xx_HAL_Driver/Src/stm32f4xx_hal_pcd.c ****   /* Init Device */
 229:Drivers/STM32F4xx_HAL_Driver/Src/stm32f4xx_hal_pcd.c ****   if (USB_DevInit(hpcd->Instance, hpcd->Init) != HAL_OK)
 325              		.loc 1 229 23
 326 01d6 7B68     		ldr	r3, [r7, #4]
 327 01d8 1868     		ldr	r0, [r3]
 328              		.loc 1 229 7
 329 01da 7B68     		ldr	r3, [r7, #4]
 330 01dc 1A7C     		ldrb	r2, [r3, #16]
 331 01de 8DF80020 		strb	r2, [sp]
 332 01e2 0433     		adds	r3, r3, #4
 333 01e4 0ECB     		ldm	r3, {r1, r2, r3}
 334 01e6 FFF7FEFF 		bl	USB_DevInit
 335 01ea 0346     		mov	r3, r0
 336              		.loc 1 229 6 discriminator 1
ARM GAS  /tmp/ccuGCwmi.s 			page 11


 337 01ec 002B     		cmp	r3, #0
 338 01ee 05D0     		beq	.L12
 230:Drivers/STM32F4xx_HAL_Driver/Src/stm32f4xx_hal_pcd.c ****   {
 231:Drivers/STM32F4xx_HAL_Driver/Src/stm32f4xx_hal_pcd.c ****     hpcd->State = HAL_PCD_STATE_ERROR;
 339              		.loc 1 231 17
 340 01f0 7B68     		ldr	r3, [r7, #4]
 341 01f2 0222     		movs	r2, #2
 342 01f4 83F89524 		strb	r2, [r3, #1173]
 232:Drivers/STM32F4xx_HAL_Driver/Src/stm32f4xx_hal_pcd.c ****     return HAL_ERROR;
 343              		.loc 1 232 12
 344 01f8 0123     		movs	r3, #1
 345 01fa 0CE0     		b	.L3
 346              	.L12:
 233:Drivers/STM32F4xx_HAL_Driver/Src/stm32f4xx_hal_pcd.c ****   }
 234:Drivers/STM32F4xx_HAL_Driver/Src/stm32f4xx_hal_pcd.c **** 
 235:Drivers/STM32F4xx_HAL_Driver/Src/stm32f4xx_hal_pcd.c ****   hpcd->USB_Address = 0U;
 347              		.loc 1 235 21
 348 01fc 7B68     		ldr	r3, [r7, #4]
 349 01fe 0022     		movs	r2, #0
 350 0200 5A74     		strb	r2, [r3, #17]
 236:Drivers/STM32F4xx_HAL_Driver/Src/stm32f4xx_hal_pcd.c ****   hpcd->State = HAL_PCD_STATE_READY;
 351              		.loc 1 236 15
 352 0202 7B68     		ldr	r3, [r7, #4]
 353 0204 0122     		movs	r2, #1
 354 0206 83F89524 		strb	r2, [r3, #1173]
 237:Drivers/STM32F4xx_HAL_Driver/Src/stm32f4xx_hal_pcd.c **** #if defined(STM32F446xx) || defined(STM32F469xx) || defined(STM32F479xx) || defined(STM32F412Zx) \
 238:Drivers/STM32F4xx_HAL_Driver/Src/stm32f4xx_hal_pcd.c ****  || defined(STM32F412Vx) || defined(STM32F412Rx) || defined(STM32F412Cx) || defined(STM32F413xx) \
 239:Drivers/STM32F4xx_HAL_Driver/Src/stm32f4xx_hal_pcd.c ****  || defined(STM32F423xx)
 240:Drivers/STM32F4xx_HAL_Driver/Src/stm32f4xx_hal_pcd.c ****   /* Activate LPM */
 241:Drivers/STM32F4xx_HAL_Driver/Src/stm32f4xx_hal_pcd.c ****   if (hpcd->Init.lpm_enable == 1U)
 242:Drivers/STM32F4xx_HAL_Driver/Src/stm32f4xx_hal_pcd.c ****   {
 243:Drivers/STM32F4xx_HAL_Driver/Src/stm32f4xx_hal_pcd.c ****     (void)HAL_PCDEx_ActivateLPM(hpcd);
 244:Drivers/STM32F4xx_HAL_Driver/Src/stm32f4xx_hal_pcd.c ****   }
 245:Drivers/STM32F4xx_HAL_Driver/Src/stm32f4xx_hal_pcd.c **** #endif /* defined(STM32F446xx) || defined(STM32F469xx) || defined(STM32F479xx) || defined(STM32F412
 246:Drivers/STM32F4xx_HAL_Driver/Src/stm32f4xx_hal_pcd.c ****           defined(STM32F412Vx) || defined(STM32F412Rx) || defined(STM32F412Cx) || defined(STM32F413
 247:Drivers/STM32F4xx_HAL_Driver/Src/stm32f4xx_hal_pcd.c ****           defined(STM32F423xx) */
 248:Drivers/STM32F4xx_HAL_Driver/Src/stm32f4xx_hal_pcd.c ****   (void)USB_DevDisconnect(hpcd->Instance);
 355              		.loc 1 248 31
 356 020a 7B68     		ldr	r3, [r7, #4]
 357 020c 1B68     		ldr	r3, [r3]
 358              		.loc 1 248 9
 359 020e 1846     		mov	r0, r3
 360 0210 FFF7FEFF 		bl	USB_DevDisconnect
 249:Drivers/STM32F4xx_HAL_Driver/Src/stm32f4xx_hal_pcd.c **** 
 250:Drivers/STM32F4xx_HAL_Driver/Src/stm32f4xx_hal_pcd.c ****   return HAL_OK;
 361              		.loc 1 250 10
 362 0214 0023     		movs	r3, #0
 363              	.L3:
 251:Drivers/STM32F4xx_HAL_Driver/Src/stm32f4xx_hal_pcd.c **** }
 364              		.loc 1 251 1
 365 0216 1846     		mov	r0, r3
 366 0218 1037     		adds	r7, r7, #16
 367              	.LCFI3:
 368              		.cfi_def_cfa_offset 8
 369 021a BD46     		mov	sp, r7
 370              	.LCFI4:
 371              		.cfi_def_cfa_register 13
ARM GAS  /tmp/ccuGCwmi.s 			page 12


 372              		@ sp needed
 373 021c 80BD     		pop	{r7, pc}
 374              		.cfi_endproc
 375              	.LFE220:
 377              		.section	.text.HAL_PCD_DeInit,"ax",%progbits
 378              		.align	1
 379              		.global	HAL_PCD_DeInit
 380              		.syntax unified
 381              		.thumb
 382              		.thumb_func
 384              	HAL_PCD_DeInit:
 385              	.LFB221:
 252:Drivers/STM32F4xx_HAL_Driver/Src/stm32f4xx_hal_pcd.c **** 
 253:Drivers/STM32F4xx_HAL_Driver/Src/stm32f4xx_hal_pcd.c **** /**
 254:Drivers/STM32F4xx_HAL_Driver/Src/stm32f4xx_hal_pcd.c ****   * @brief  DeInitializes the PCD peripheral.
 255:Drivers/STM32F4xx_HAL_Driver/Src/stm32f4xx_hal_pcd.c ****   * @param  hpcd PCD handle
 256:Drivers/STM32F4xx_HAL_Driver/Src/stm32f4xx_hal_pcd.c ****   * @retval HAL status
 257:Drivers/STM32F4xx_HAL_Driver/Src/stm32f4xx_hal_pcd.c ****   */
 258:Drivers/STM32F4xx_HAL_Driver/Src/stm32f4xx_hal_pcd.c **** HAL_StatusTypeDef HAL_PCD_DeInit(PCD_HandleTypeDef *hpcd)
 259:Drivers/STM32F4xx_HAL_Driver/Src/stm32f4xx_hal_pcd.c **** {
 386              		.loc 1 259 1
 387              		.cfi_startproc
 388              		@ args = 0, pretend = 0, frame = 8
 389              		@ frame_needed = 1, uses_anonymous_args = 0
 390 0000 80B5     		push	{r7, lr}
 391              	.LCFI5:
 392              		.cfi_def_cfa_offset 8
 393              		.cfi_offset 7, -8
 394              		.cfi_offset 14, -4
 395 0002 82B0     		sub	sp, sp, #8
 396              	.LCFI6:
 397              		.cfi_def_cfa_offset 16
 398 0004 00AF     		add	r7, sp, #0
 399              	.LCFI7:
 400              		.cfi_def_cfa_register 7
 401 0006 7860     		str	r0, [r7, #4]
 260:Drivers/STM32F4xx_HAL_Driver/Src/stm32f4xx_hal_pcd.c ****   /* Check the PCD handle allocation */
 261:Drivers/STM32F4xx_HAL_Driver/Src/stm32f4xx_hal_pcd.c ****   if (hpcd == NULL)
 402              		.loc 1 261 6
 403 0008 7B68     		ldr	r3, [r7, #4]
 404 000a 002B     		cmp	r3, #0
 405 000c 01D1     		bne	.L14
 262:Drivers/STM32F4xx_HAL_Driver/Src/stm32f4xx_hal_pcd.c ****   {
 263:Drivers/STM32F4xx_HAL_Driver/Src/stm32f4xx_hal_pcd.c ****     return HAL_ERROR;
 406              		.loc 1 263 12
 407 000e 0123     		movs	r3, #1
 408 0010 15E0     		b	.L15
 409              	.L14:
 264:Drivers/STM32F4xx_HAL_Driver/Src/stm32f4xx_hal_pcd.c ****   }
 265:Drivers/STM32F4xx_HAL_Driver/Src/stm32f4xx_hal_pcd.c **** 
 266:Drivers/STM32F4xx_HAL_Driver/Src/stm32f4xx_hal_pcd.c ****   hpcd->State = HAL_PCD_STATE_BUSY;
 410              		.loc 1 266 15
 411 0012 7B68     		ldr	r3, [r7, #4]
 412 0014 0322     		movs	r2, #3
 413 0016 83F89524 		strb	r2, [r3, #1173]
 267:Drivers/STM32F4xx_HAL_Driver/Src/stm32f4xx_hal_pcd.c **** 
 268:Drivers/STM32F4xx_HAL_Driver/Src/stm32f4xx_hal_pcd.c ****   /* Stop Device */
ARM GAS  /tmp/ccuGCwmi.s 			page 13


 269:Drivers/STM32F4xx_HAL_Driver/Src/stm32f4xx_hal_pcd.c ****   if (USB_StopDevice(hpcd->Instance) != HAL_OK)
 414              		.loc 1 269 26
 415 001a 7B68     		ldr	r3, [r7, #4]
 416 001c 1B68     		ldr	r3, [r3]
 417              		.loc 1 269 7
 418 001e 1846     		mov	r0, r3
 419 0020 FFF7FEFF 		bl	USB_StopDevice
 420 0024 0346     		mov	r3, r0
 421              		.loc 1 269 6 discriminator 1
 422 0026 002B     		cmp	r3, #0
 423 0028 01D0     		beq	.L16
 270:Drivers/STM32F4xx_HAL_Driver/Src/stm32f4xx_hal_pcd.c ****   {
 271:Drivers/STM32F4xx_HAL_Driver/Src/stm32f4xx_hal_pcd.c ****     return HAL_ERROR;
 424              		.loc 1 271 12
 425 002a 0123     		movs	r3, #1
 426 002c 07E0     		b	.L15
 427              	.L16:
 272:Drivers/STM32F4xx_HAL_Driver/Src/stm32f4xx_hal_pcd.c ****   }
 273:Drivers/STM32F4xx_HAL_Driver/Src/stm32f4xx_hal_pcd.c **** 
 274:Drivers/STM32F4xx_HAL_Driver/Src/stm32f4xx_hal_pcd.c **** #if (USE_HAL_PCD_REGISTER_CALLBACKS == 1U)
 275:Drivers/STM32F4xx_HAL_Driver/Src/stm32f4xx_hal_pcd.c ****   if (hpcd->MspDeInitCallback == NULL)
 276:Drivers/STM32F4xx_HAL_Driver/Src/stm32f4xx_hal_pcd.c ****   {
 277:Drivers/STM32F4xx_HAL_Driver/Src/stm32f4xx_hal_pcd.c ****     hpcd->MspDeInitCallback = HAL_PCD_MspDeInit; /* Legacy weak MspDeInit  */
 278:Drivers/STM32F4xx_HAL_Driver/Src/stm32f4xx_hal_pcd.c ****   }
 279:Drivers/STM32F4xx_HAL_Driver/Src/stm32f4xx_hal_pcd.c **** 
 280:Drivers/STM32F4xx_HAL_Driver/Src/stm32f4xx_hal_pcd.c ****   /* DeInit the low level hardware */
 281:Drivers/STM32F4xx_HAL_Driver/Src/stm32f4xx_hal_pcd.c ****   hpcd->MspDeInitCallback(hpcd);
 282:Drivers/STM32F4xx_HAL_Driver/Src/stm32f4xx_hal_pcd.c **** #else
 283:Drivers/STM32F4xx_HAL_Driver/Src/stm32f4xx_hal_pcd.c ****   /* DeInit the low level hardware: CLOCK, NVIC.*/
 284:Drivers/STM32F4xx_HAL_Driver/Src/stm32f4xx_hal_pcd.c ****   HAL_PCD_MspDeInit(hpcd);
 428              		.loc 1 284 3
 429 002e 7868     		ldr	r0, [r7, #4]
 430 0030 FFF7FEFF 		bl	HAL_PCD_MspDeInit
 285:Drivers/STM32F4xx_HAL_Driver/Src/stm32f4xx_hal_pcd.c **** #endif /* USE_HAL_PCD_REGISTER_CALLBACKS */
 286:Drivers/STM32F4xx_HAL_Driver/Src/stm32f4xx_hal_pcd.c **** 
 287:Drivers/STM32F4xx_HAL_Driver/Src/stm32f4xx_hal_pcd.c ****   hpcd->State = HAL_PCD_STATE_RESET;
 431              		.loc 1 287 15
 432 0034 7B68     		ldr	r3, [r7, #4]
 433 0036 0022     		movs	r2, #0
 434 0038 83F89524 		strb	r2, [r3, #1173]
 288:Drivers/STM32F4xx_HAL_Driver/Src/stm32f4xx_hal_pcd.c **** 
 289:Drivers/STM32F4xx_HAL_Driver/Src/stm32f4xx_hal_pcd.c ****   return HAL_OK;
 435              		.loc 1 289 10
 436 003c 0023     		movs	r3, #0
 437              	.L15:
 290:Drivers/STM32F4xx_HAL_Driver/Src/stm32f4xx_hal_pcd.c **** }
 438              		.loc 1 290 1
 439 003e 1846     		mov	r0, r3
 440 0040 0837     		adds	r7, r7, #8
 441              	.LCFI8:
 442              		.cfi_def_cfa_offset 8
 443 0042 BD46     		mov	sp, r7
 444              	.LCFI9:
 445              		.cfi_def_cfa_register 13
 446              		@ sp needed
 447 0044 80BD     		pop	{r7, pc}
 448              		.cfi_endproc
ARM GAS  /tmp/ccuGCwmi.s 			page 14


 449              	.LFE221:
 451              		.section	.text.HAL_PCD_MspInit,"ax",%progbits
 452              		.align	1
 453              		.weak	HAL_PCD_MspInit
 454              		.syntax unified
 455              		.thumb
 456              		.thumb_func
 458              	HAL_PCD_MspInit:
 459              	.LFB222:
 291:Drivers/STM32F4xx_HAL_Driver/Src/stm32f4xx_hal_pcd.c **** 
 292:Drivers/STM32F4xx_HAL_Driver/Src/stm32f4xx_hal_pcd.c **** /**
 293:Drivers/STM32F4xx_HAL_Driver/Src/stm32f4xx_hal_pcd.c ****   * @brief  Initializes the PCD MSP.
 294:Drivers/STM32F4xx_HAL_Driver/Src/stm32f4xx_hal_pcd.c ****   * @param  hpcd PCD handle
 295:Drivers/STM32F4xx_HAL_Driver/Src/stm32f4xx_hal_pcd.c ****   * @retval None
 296:Drivers/STM32F4xx_HAL_Driver/Src/stm32f4xx_hal_pcd.c ****   */
 297:Drivers/STM32F4xx_HAL_Driver/Src/stm32f4xx_hal_pcd.c **** __weak void HAL_PCD_MspInit(PCD_HandleTypeDef *hpcd)
 298:Drivers/STM32F4xx_HAL_Driver/Src/stm32f4xx_hal_pcd.c **** {
 460              		.loc 1 298 1
 461              		.cfi_startproc
 462              		@ args = 0, pretend = 0, frame = 8
 463              		@ frame_needed = 1, uses_anonymous_args = 0
 464              		@ link register save eliminated.
 465 0000 80B4     		push	{r7}
 466              	.LCFI10:
 467              		.cfi_def_cfa_offset 4
 468              		.cfi_offset 7, -4
 469 0002 83B0     		sub	sp, sp, #12
 470              	.LCFI11:
 471              		.cfi_def_cfa_offset 16
 472 0004 00AF     		add	r7, sp, #0
 473              	.LCFI12:
 474              		.cfi_def_cfa_register 7
 475 0006 7860     		str	r0, [r7, #4]
 299:Drivers/STM32F4xx_HAL_Driver/Src/stm32f4xx_hal_pcd.c ****   /* Prevent unused argument(s) compilation warning */
 300:Drivers/STM32F4xx_HAL_Driver/Src/stm32f4xx_hal_pcd.c ****   UNUSED(hpcd);
 301:Drivers/STM32F4xx_HAL_Driver/Src/stm32f4xx_hal_pcd.c **** 
 302:Drivers/STM32F4xx_HAL_Driver/Src/stm32f4xx_hal_pcd.c ****   /* NOTE : This function should not be modified, when the callback is needed,
 303:Drivers/STM32F4xx_HAL_Driver/Src/stm32f4xx_hal_pcd.c ****             the HAL_PCD_MspInit could be implemented in the user file
 304:Drivers/STM32F4xx_HAL_Driver/Src/stm32f4xx_hal_pcd.c ****    */
 305:Drivers/STM32F4xx_HAL_Driver/Src/stm32f4xx_hal_pcd.c **** }
 476              		.loc 1 305 1
 477 0008 00BF     		nop
 478 000a 0C37     		adds	r7, r7, #12
 479              	.LCFI13:
 480              		.cfi_def_cfa_offset 4
 481 000c BD46     		mov	sp, r7
 482              	.LCFI14:
 483              		.cfi_def_cfa_register 13
 484              		@ sp needed
 485 000e 80BC     		pop	{r7}
 486              	.LCFI15:
 487              		.cfi_restore 7
 488              		.cfi_def_cfa_offset 0
 489 0010 7047     		bx	lr
 490              		.cfi_endproc
 491              	.LFE222:
 493              		.section	.text.HAL_PCD_MspDeInit,"ax",%progbits
ARM GAS  /tmp/ccuGCwmi.s 			page 15


 494              		.align	1
 495              		.weak	HAL_PCD_MspDeInit
 496              		.syntax unified
 497              		.thumb
 498              		.thumb_func
 500              	HAL_PCD_MspDeInit:
 501              	.LFB223:
 306:Drivers/STM32F4xx_HAL_Driver/Src/stm32f4xx_hal_pcd.c **** 
 307:Drivers/STM32F4xx_HAL_Driver/Src/stm32f4xx_hal_pcd.c **** /**
 308:Drivers/STM32F4xx_HAL_Driver/Src/stm32f4xx_hal_pcd.c ****   * @brief  DeInitializes PCD MSP.
 309:Drivers/STM32F4xx_HAL_Driver/Src/stm32f4xx_hal_pcd.c ****   * @param  hpcd PCD handle
 310:Drivers/STM32F4xx_HAL_Driver/Src/stm32f4xx_hal_pcd.c ****   * @retval None
 311:Drivers/STM32F4xx_HAL_Driver/Src/stm32f4xx_hal_pcd.c ****   */
 312:Drivers/STM32F4xx_HAL_Driver/Src/stm32f4xx_hal_pcd.c **** __weak void HAL_PCD_MspDeInit(PCD_HandleTypeDef *hpcd)
 313:Drivers/STM32F4xx_HAL_Driver/Src/stm32f4xx_hal_pcd.c **** {
 502              		.loc 1 313 1
 503              		.cfi_startproc
 504              		@ args = 0, pretend = 0, frame = 8
 505              		@ frame_needed = 1, uses_anonymous_args = 0
 506              		@ link register save eliminated.
 507 0000 80B4     		push	{r7}
 508              	.LCFI16:
 509              		.cfi_def_cfa_offset 4
 510              		.cfi_offset 7, -4
 511 0002 83B0     		sub	sp, sp, #12
 512              	.LCFI17:
 513              		.cfi_def_cfa_offset 16
 514 0004 00AF     		add	r7, sp, #0
 515              	.LCFI18:
 516              		.cfi_def_cfa_register 7
 517 0006 7860     		str	r0, [r7, #4]
 314:Drivers/STM32F4xx_HAL_Driver/Src/stm32f4xx_hal_pcd.c ****   /* Prevent unused argument(s) compilation warning */
 315:Drivers/STM32F4xx_HAL_Driver/Src/stm32f4xx_hal_pcd.c ****   UNUSED(hpcd);
 316:Drivers/STM32F4xx_HAL_Driver/Src/stm32f4xx_hal_pcd.c **** 
 317:Drivers/STM32F4xx_HAL_Driver/Src/stm32f4xx_hal_pcd.c ****   /* NOTE : This function should not be modified, when the callback is needed,
 318:Drivers/STM32F4xx_HAL_Driver/Src/stm32f4xx_hal_pcd.c ****             the HAL_PCD_MspDeInit could be implemented in the user file
 319:Drivers/STM32F4xx_HAL_Driver/Src/stm32f4xx_hal_pcd.c ****    */
 320:Drivers/STM32F4xx_HAL_Driver/Src/stm32f4xx_hal_pcd.c **** }
 518              		.loc 1 320 1
 519 0008 00BF     		nop
 520 000a 0C37     		adds	r7, r7, #12
 521              	.LCFI19:
 522              		.cfi_def_cfa_offset 4
 523 000c BD46     		mov	sp, r7
 524              	.LCFI20:
 525              		.cfi_def_cfa_register 13
 526              		@ sp needed
 527 000e 80BC     		pop	{r7}
 528              	.LCFI21:
 529              		.cfi_restore 7
 530              		.cfi_def_cfa_offset 0
 531 0010 7047     		bx	lr
 532              		.cfi_endproc
 533              	.LFE223:
 535              		.section	.text.HAL_PCD_Start,"ax",%progbits
 536              		.align	1
 537              		.global	HAL_PCD_Start
ARM GAS  /tmp/ccuGCwmi.s 			page 16


 538              		.syntax unified
 539              		.thumb
 540              		.thumb_func
 542              	HAL_PCD_Start:
 543              	.LFB224:
 321:Drivers/STM32F4xx_HAL_Driver/Src/stm32f4xx_hal_pcd.c **** 
 322:Drivers/STM32F4xx_HAL_Driver/Src/stm32f4xx_hal_pcd.c **** #if (USE_HAL_PCD_REGISTER_CALLBACKS == 1U)
 323:Drivers/STM32F4xx_HAL_Driver/Src/stm32f4xx_hal_pcd.c **** /**
 324:Drivers/STM32F4xx_HAL_Driver/Src/stm32f4xx_hal_pcd.c ****   * @brief  Register a User USB PCD Callback
 325:Drivers/STM32F4xx_HAL_Driver/Src/stm32f4xx_hal_pcd.c ****   *         To be used instead of the weak predefined callback
 326:Drivers/STM32F4xx_HAL_Driver/Src/stm32f4xx_hal_pcd.c ****   * @param  hpcd USB PCD handle
 327:Drivers/STM32F4xx_HAL_Driver/Src/stm32f4xx_hal_pcd.c ****   * @param  CallbackID ID of the callback to be registered
 328:Drivers/STM32F4xx_HAL_Driver/Src/stm32f4xx_hal_pcd.c ****   *         This parameter can be one of the following values:
 329:Drivers/STM32F4xx_HAL_Driver/Src/stm32f4xx_hal_pcd.c ****   *          @arg @ref HAL_PCD_SOF_CB_ID USB PCD SOF callback ID
 330:Drivers/STM32F4xx_HAL_Driver/Src/stm32f4xx_hal_pcd.c ****   *          @arg @ref HAL_PCD_SETUPSTAGE_CB_ID USB PCD Setup callback ID
 331:Drivers/STM32F4xx_HAL_Driver/Src/stm32f4xx_hal_pcd.c ****   *          @arg @ref HAL_PCD_RESET_CB_ID USB PCD Reset callback ID
 332:Drivers/STM32F4xx_HAL_Driver/Src/stm32f4xx_hal_pcd.c ****   *          @arg @ref HAL_PCD_SUSPEND_CB_ID USB PCD Suspend callback ID
 333:Drivers/STM32F4xx_HAL_Driver/Src/stm32f4xx_hal_pcd.c ****   *          @arg @ref HAL_PCD_RESUME_CB_ID USB PCD Resume callback ID
 334:Drivers/STM32F4xx_HAL_Driver/Src/stm32f4xx_hal_pcd.c ****   *          @arg @ref HAL_PCD_CONNECT_CB_ID USB PCD Connect callback ID
 335:Drivers/STM32F4xx_HAL_Driver/Src/stm32f4xx_hal_pcd.c ****   *          @arg @ref HAL_PCD_DISCONNECT_CB_ID USB PCD Disconnect callback ID
 336:Drivers/STM32F4xx_HAL_Driver/Src/stm32f4xx_hal_pcd.c ****   *          @arg @ref HAL_PCD_MSPINIT_CB_ID MspDeInit callback ID
 337:Drivers/STM32F4xx_HAL_Driver/Src/stm32f4xx_hal_pcd.c ****   *          @arg @ref HAL_PCD_MSPDEINIT_CB_ID MspDeInit callback ID
 338:Drivers/STM32F4xx_HAL_Driver/Src/stm32f4xx_hal_pcd.c ****   * @param  pCallback pointer to the Callback function
 339:Drivers/STM32F4xx_HAL_Driver/Src/stm32f4xx_hal_pcd.c ****   * @retval HAL status
 340:Drivers/STM32F4xx_HAL_Driver/Src/stm32f4xx_hal_pcd.c ****   */
 341:Drivers/STM32F4xx_HAL_Driver/Src/stm32f4xx_hal_pcd.c **** HAL_StatusTypeDef HAL_PCD_RegisterCallback(PCD_HandleTypeDef *hpcd,
 342:Drivers/STM32F4xx_HAL_Driver/Src/stm32f4xx_hal_pcd.c ****                                            HAL_PCD_CallbackIDTypeDef CallbackID,
 343:Drivers/STM32F4xx_HAL_Driver/Src/stm32f4xx_hal_pcd.c ****                                            pPCD_CallbackTypeDef pCallback)
 344:Drivers/STM32F4xx_HAL_Driver/Src/stm32f4xx_hal_pcd.c **** {
 345:Drivers/STM32F4xx_HAL_Driver/Src/stm32f4xx_hal_pcd.c ****   HAL_StatusTypeDef status = HAL_OK;
 346:Drivers/STM32F4xx_HAL_Driver/Src/stm32f4xx_hal_pcd.c **** 
 347:Drivers/STM32F4xx_HAL_Driver/Src/stm32f4xx_hal_pcd.c ****   if (pCallback == NULL)
 348:Drivers/STM32F4xx_HAL_Driver/Src/stm32f4xx_hal_pcd.c ****   {
 349:Drivers/STM32F4xx_HAL_Driver/Src/stm32f4xx_hal_pcd.c ****     /* Update the error code */
 350:Drivers/STM32F4xx_HAL_Driver/Src/stm32f4xx_hal_pcd.c ****     hpcd->ErrorCode |= HAL_PCD_ERROR_INVALID_CALLBACK;
 351:Drivers/STM32F4xx_HAL_Driver/Src/stm32f4xx_hal_pcd.c ****     return HAL_ERROR;
 352:Drivers/STM32F4xx_HAL_Driver/Src/stm32f4xx_hal_pcd.c ****   }
 353:Drivers/STM32F4xx_HAL_Driver/Src/stm32f4xx_hal_pcd.c ****   /* Process locked */
 354:Drivers/STM32F4xx_HAL_Driver/Src/stm32f4xx_hal_pcd.c ****   __HAL_LOCK(hpcd);
 355:Drivers/STM32F4xx_HAL_Driver/Src/stm32f4xx_hal_pcd.c **** 
 356:Drivers/STM32F4xx_HAL_Driver/Src/stm32f4xx_hal_pcd.c ****   if (hpcd->State == HAL_PCD_STATE_READY)
 357:Drivers/STM32F4xx_HAL_Driver/Src/stm32f4xx_hal_pcd.c ****   {
 358:Drivers/STM32F4xx_HAL_Driver/Src/stm32f4xx_hal_pcd.c ****     switch (CallbackID)
 359:Drivers/STM32F4xx_HAL_Driver/Src/stm32f4xx_hal_pcd.c ****     {
 360:Drivers/STM32F4xx_HAL_Driver/Src/stm32f4xx_hal_pcd.c ****       case HAL_PCD_SOF_CB_ID :
 361:Drivers/STM32F4xx_HAL_Driver/Src/stm32f4xx_hal_pcd.c ****         hpcd->SOFCallback = pCallback;
 362:Drivers/STM32F4xx_HAL_Driver/Src/stm32f4xx_hal_pcd.c ****         break;
 363:Drivers/STM32F4xx_HAL_Driver/Src/stm32f4xx_hal_pcd.c **** 
 364:Drivers/STM32F4xx_HAL_Driver/Src/stm32f4xx_hal_pcd.c ****       case HAL_PCD_SETUPSTAGE_CB_ID :
 365:Drivers/STM32F4xx_HAL_Driver/Src/stm32f4xx_hal_pcd.c ****         hpcd->SetupStageCallback = pCallback;
 366:Drivers/STM32F4xx_HAL_Driver/Src/stm32f4xx_hal_pcd.c ****         break;
 367:Drivers/STM32F4xx_HAL_Driver/Src/stm32f4xx_hal_pcd.c **** 
 368:Drivers/STM32F4xx_HAL_Driver/Src/stm32f4xx_hal_pcd.c ****       case HAL_PCD_RESET_CB_ID :
 369:Drivers/STM32F4xx_HAL_Driver/Src/stm32f4xx_hal_pcd.c ****         hpcd->ResetCallback = pCallback;
 370:Drivers/STM32F4xx_HAL_Driver/Src/stm32f4xx_hal_pcd.c ****         break;
 371:Drivers/STM32F4xx_HAL_Driver/Src/stm32f4xx_hal_pcd.c **** 
 372:Drivers/STM32F4xx_HAL_Driver/Src/stm32f4xx_hal_pcd.c ****       case HAL_PCD_SUSPEND_CB_ID :
ARM GAS  /tmp/ccuGCwmi.s 			page 17


 373:Drivers/STM32F4xx_HAL_Driver/Src/stm32f4xx_hal_pcd.c ****         hpcd->SuspendCallback = pCallback;
 374:Drivers/STM32F4xx_HAL_Driver/Src/stm32f4xx_hal_pcd.c ****         break;
 375:Drivers/STM32F4xx_HAL_Driver/Src/stm32f4xx_hal_pcd.c **** 
 376:Drivers/STM32F4xx_HAL_Driver/Src/stm32f4xx_hal_pcd.c ****       case HAL_PCD_RESUME_CB_ID :
 377:Drivers/STM32F4xx_HAL_Driver/Src/stm32f4xx_hal_pcd.c ****         hpcd->ResumeCallback = pCallback;
 378:Drivers/STM32F4xx_HAL_Driver/Src/stm32f4xx_hal_pcd.c ****         break;
 379:Drivers/STM32F4xx_HAL_Driver/Src/stm32f4xx_hal_pcd.c **** 
 380:Drivers/STM32F4xx_HAL_Driver/Src/stm32f4xx_hal_pcd.c ****       case HAL_PCD_CONNECT_CB_ID :
 381:Drivers/STM32F4xx_HAL_Driver/Src/stm32f4xx_hal_pcd.c ****         hpcd->ConnectCallback = pCallback;
 382:Drivers/STM32F4xx_HAL_Driver/Src/stm32f4xx_hal_pcd.c ****         break;
 383:Drivers/STM32F4xx_HAL_Driver/Src/stm32f4xx_hal_pcd.c **** 
 384:Drivers/STM32F4xx_HAL_Driver/Src/stm32f4xx_hal_pcd.c ****       case HAL_PCD_DISCONNECT_CB_ID :
 385:Drivers/STM32F4xx_HAL_Driver/Src/stm32f4xx_hal_pcd.c ****         hpcd->DisconnectCallback = pCallback;
 386:Drivers/STM32F4xx_HAL_Driver/Src/stm32f4xx_hal_pcd.c ****         break;
 387:Drivers/STM32F4xx_HAL_Driver/Src/stm32f4xx_hal_pcd.c **** 
 388:Drivers/STM32F4xx_HAL_Driver/Src/stm32f4xx_hal_pcd.c ****       case HAL_PCD_MSPINIT_CB_ID :
 389:Drivers/STM32F4xx_HAL_Driver/Src/stm32f4xx_hal_pcd.c ****         hpcd->MspInitCallback = pCallback;
 390:Drivers/STM32F4xx_HAL_Driver/Src/stm32f4xx_hal_pcd.c ****         break;
 391:Drivers/STM32F4xx_HAL_Driver/Src/stm32f4xx_hal_pcd.c **** 
 392:Drivers/STM32F4xx_HAL_Driver/Src/stm32f4xx_hal_pcd.c ****       case HAL_PCD_MSPDEINIT_CB_ID :
 393:Drivers/STM32F4xx_HAL_Driver/Src/stm32f4xx_hal_pcd.c ****         hpcd->MspDeInitCallback = pCallback;
 394:Drivers/STM32F4xx_HAL_Driver/Src/stm32f4xx_hal_pcd.c ****         break;
 395:Drivers/STM32F4xx_HAL_Driver/Src/stm32f4xx_hal_pcd.c **** 
 396:Drivers/STM32F4xx_HAL_Driver/Src/stm32f4xx_hal_pcd.c ****       default :
 397:Drivers/STM32F4xx_HAL_Driver/Src/stm32f4xx_hal_pcd.c ****         /* Update the error code */
 398:Drivers/STM32F4xx_HAL_Driver/Src/stm32f4xx_hal_pcd.c ****         hpcd->ErrorCode |= HAL_PCD_ERROR_INVALID_CALLBACK;
 399:Drivers/STM32F4xx_HAL_Driver/Src/stm32f4xx_hal_pcd.c ****         /* Return error status */
 400:Drivers/STM32F4xx_HAL_Driver/Src/stm32f4xx_hal_pcd.c ****         status =  HAL_ERROR;
 401:Drivers/STM32F4xx_HAL_Driver/Src/stm32f4xx_hal_pcd.c ****         break;
 402:Drivers/STM32F4xx_HAL_Driver/Src/stm32f4xx_hal_pcd.c ****     }
 403:Drivers/STM32F4xx_HAL_Driver/Src/stm32f4xx_hal_pcd.c ****   }
 404:Drivers/STM32F4xx_HAL_Driver/Src/stm32f4xx_hal_pcd.c ****   else if (hpcd->State == HAL_PCD_STATE_RESET)
 405:Drivers/STM32F4xx_HAL_Driver/Src/stm32f4xx_hal_pcd.c ****   {
 406:Drivers/STM32F4xx_HAL_Driver/Src/stm32f4xx_hal_pcd.c ****     switch (CallbackID)
 407:Drivers/STM32F4xx_HAL_Driver/Src/stm32f4xx_hal_pcd.c ****     {
 408:Drivers/STM32F4xx_HAL_Driver/Src/stm32f4xx_hal_pcd.c ****       case HAL_PCD_MSPINIT_CB_ID :
 409:Drivers/STM32F4xx_HAL_Driver/Src/stm32f4xx_hal_pcd.c ****         hpcd->MspInitCallback = pCallback;
 410:Drivers/STM32F4xx_HAL_Driver/Src/stm32f4xx_hal_pcd.c ****         break;
 411:Drivers/STM32F4xx_HAL_Driver/Src/stm32f4xx_hal_pcd.c **** 
 412:Drivers/STM32F4xx_HAL_Driver/Src/stm32f4xx_hal_pcd.c ****       case HAL_PCD_MSPDEINIT_CB_ID :
 413:Drivers/STM32F4xx_HAL_Driver/Src/stm32f4xx_hal_pcd.c ****         hpcd->MspDeInitCallback = pCallback;
 414:Drivers/STM32F4xx_HAL_Driver/Src/stm32f4xx_hal_pcd.c ****         break;
 415:Drivers/STM32F4xx_HAL_Driver/Src/stm32f4xx_hal_pcd.c **** 
 416:Drivers/STM32F4xx_HAL_Driver/Src/stm32f4xx_hal_pcd.c ****       default :
 417:Drivers/STM32F4xx_HAL_Driver/Src/stm32f4xx_hal_pcd.c ****         /* Update the error code */
 418:Drivers/STM32F4xx_HAL_Driver/Src/stm32f4xx_hal_pcd.c ****         hpcd->ErrorCode |= HAL_PCD_ERROR_INVALID_CALLBACK;
 419:Drivers/STM32F4xx_HAL_Driver/Src/stm32f4xx_hal_pcd.c ****         /* Return error status */
 420:Drivers/STM32F4xx_HAL_Driver/Src/stm32f4xx_hal_pcd.c ****         status =  HAL_ERROR;
 421:Drivers/STM32F4xx_HAL_Driver/Src/stm32f4xx_hal_pcd.c ****         break;
 422:Drivers/STM32F4xx_HAL_Driver/Src/stm32f4xx_hal_pcd.c ****     }
 423:Drivers/STM32F4xx_HAL_Driver/Src/stm32f4xx_hal_pcd.c ****   }
 424:Drivers/STM32F4xx_HAL_Driver/Src/stm32f4xx_hal_pcd.c ****   else
 425:Drivers/STM32F4xx_HAL_Driver/Src/stm32f4xx_hal_pcd.c ****   {
 426:Drivers/STM32F4xx_HAL_Driver/Src/stm32f4xx_hal_pcd.c ****     /* Update the error code */
 427:Drivers/STM32F4xx_HAL_Driver/Src/stm32f4xx_hal_pcd.c ****     hpcd->ErrorCode |= HAL_PCD_ERROR_INVALID_CALLBACK;
 428:Drivers/STM32F4xx_HAL_Driver/Src/stm32f4xx_hal_pcd.c ****     /* Return error status */
 429:Drivers/STM32F4xx_HAL_Driver/Src/stm32f4xx_hal_pcd.c ****     status =  HAL_ERROR;
ARM GAS  /tmp/ccuGCwmi.s 			page 18


 430:Drivers/STM32F4xx_HAL_Driver/Src/stm32f4xx_hal_pcd.c ****   }
 431:Drivers/STM32F4xx_HAL_Driver/Src/stm32f4xx_hal_pcd.c **** 
 432:Drivers/STM32F4xx_HAL_Driver/Src/stm32f4xx_hal_pcd.c ****   /* Release Lock */
 433:Drivers/STM32F4xx_HAL_Driver/Src/stm32f4xx_hal_pcd.c ****   __HAL_UNLOCK(hpcd);
 434:Drivers/STM32F4xx_HAL_Driver/Src/stm32f4xx_hal_pcd.c ****   return status;
 435:Drivers/STM32F4xx_HAL_Driver/Src/stm32f4xx_hal_pcd.c **** }
 436:Drivers/STM32F4xx_HAL_Driver/Src/stm32f4xx_hal_pcd.c **** 
 437:Drivers/STM32F4xx_HAL_Driver/Src/stm32f4xx_hal_pcd.c **** /**
 438:Drivers/STM32F4xx_HAL_Driver/Src/stm32f4xx_hal_pcd.c ****   * @brief  Unregister an USB PCD Callback
 439:Drivers/STM32F4xx_HAL_Driver/Src/stm32f4xx_hal_pcd.c ****   *         USB PCD callback is redirected to the weak predefined callback
 440:Drivers/STM32F4xx_HAL_Driver/Src/stm32f4xx_hal_pcd.c ****   * @param  hpcd USB PCD handle
 441:Drivers/STM32F4xx_HAL_Driver/Src/stm32f4xx_hal_pcd.c ****   * @param  CallbackID ID of the callback to be unregistered
 442:Drivers/STM32F4xx_HAL_Driver/Src/stm32f4xx_hal_pcd.c ****   *         This parameter can be one of the following values:
 443:Drivers/STM32F4xx_HAL_Driver/Src/stm32f4xx_hal_pcd.c ****   *          @arg @ref HAL_PCD_SOF_CB_ID USB PCD SOF callback ID
 444:Drivers/STM32F4xx_HAL_Driver/Src/stm32f4xx_hal_pcd.c ****   *          @arg @ref HAL_PCD_SETUPSTAGE_CB_ID USB PCD Setup callback ID
 445:Drivers/STM32F4xx_HAL_Driver/Src/stm32f4xx_hal_pcd.c ****   *          @arg @ref HAL_PCD_RESET_CB_ID USB PCD Reset callback ID
 446:Drivers/STM32F4xx_HAL_Driver/Src/stm32f4xx_hal_pcd.c ****   *          @arg @ref HAL_PCD_SUSPEND_CB_ID USB PCD Suspend callback ID
 447:Drivers/STM32F4xx_HAL_Driver/Src/stm32f4xx_hal_pcd.c ****   *          @arg @ref HAL_PCD_RESUME_CB_ID USB PCD Resume callback ID
 448:Drivers/STM32F4xx_HAL_Driver/Src/stm32f4xx_hal_pcd.c ****   *          @arg @ref HAL_PCD_CONNECT_CB_ID USB PCD Connect callback ID
 449:Drivers/STM32F4xx_HAL_Driver/Src/stm32f4xx_hal_pcd.c ****   *          @arg @ref HAL_PCD_DISCONNECT_CB_ID USB PCD Disconnect callback ID
 450:Drivers/STM32F4xx_HAL_Driver/Src/stm32f4xx_hal_pcd.c ****   *          @arg @ref HAL_PCD_MSPINIT_CB_ID MspDeInit callback ID
 451:Drivers/STM32F4xx_HAL_Driver/Src/stm32f4xx_hal_pcd.c ****   *          @arg @ref HAL_PCD_MSPDEINIT_CB_ID MspDeInit callback ID
 452:Drivers/STM32F4xx_HAL_Driver/Src/stm32f4xx_hal_pcd.c ****   * @retval HAL status
 453:Drivers/STM32F4xx_HAL_Driver/Src/stm32f4xx_hal_pcd.c ****   */
 454:Drivers/STM32F4xx_HAL_Driver/Src/stm32f4xx_hal_pcd.c **** HAL_StatusTypeDef HAL_PCD_UnRegisterCallback(PCD_HandleTypeDef *hpcd, HAL_PCD_CallbackIDTypeDef Cal
 455:Drivers/STM32F4xx_HAL_Driver/Src/stm32f4xx_hal_pcd.c **** {
 456:Drivers/STM32F4xx_HAL_Driver/Src/stm32f4xx_hal_pcd.c ****   HAL_StatusTypeDef status = HAL_OK;
 457:Drivers/STM32F4xx_HAL_Driver/Src/stm32f4xx_hal_pcd.c **** 
 458:Drivers/STM32F4xx_HAL_Driver/Src/stm32f4xx_hal_pcd.c ****   /* Process locked */
 459:Drivers/STM32F4xx_HAL_Driver/Src/stm32f4xx_hal_pcd.c ****   __HAL_LOCK(hpcd);
 460:Drivers/STM32F4xx_HAL_Driver/Src/stm32f4xx_hal_pcd.c **** 
 461:Drivers/STM32F4xx_HAL_Driver/Src/stm32f4xx_hal_pcd.c ****   /* Setup Legacy weak Callbacks  */
 462:Drivers/STM32F4xx_HAL_Driver/Src/stm32f4xx_hal_pcd.c ****   if (hpcd->State == HAL_PCD_STATE_READY)
 463:Drivers/STM32F4xx_HAL_Driver/Src/stm32f4xx_hal_pcd.c ****   {
 464:Drivers/STM32F4xx_HAL_Driver/Src/stm32f4xx_hal_pcd.c ****     switch (CallbackID)
 465:Drivers/STM32F4xx_HAL_Driver/Src/stm32f4xx_hal_pcd.c ****     {
 466:Drivers/STM32F4xx_HAL_Driver/Src/stm32f4xx_hal_pcd.c ****       case HAL_PCD_SOF_CB_ID :
 467:Drivers/STM32F4xx_HAL_Driver/Src/stm32f4xx_hal_pcd.c ****         hpcd->SOFCallback = HAL_PCD_SOFCallback;
 468:Drivers/STM32F4xx_HAL_Driver/Src/stm32f4xx_hal_pcd.c ****         break;
 469:Drivers/STM32F4xx_HAL_Driver/Src/stm32f4xx_hal_pcd.c **** 
 470:Drivers/STM32F4xx_HAL_Driver/Src/stm32f4xx_hal_pcd.c ****       case HAL_PCD_SETUPSTAGE_CB_ID :
 471:Drivers/STM32F4xx_HAL_Driver/Src/stm32f4xx_hal_pcd.c ****         hpcd->SetupStageCallback = HAL_PCD_SetupStageCallback;
 472:Drivers/STM32F4xx_HAL_Driver/Src/stm32f4xx_hal_pcd.c ****         break;
 473:Drivers/STM32F4xx_HAL_Driver/Src/stm32f4xx_hal_pcd.c **** 
 474:Drivers/STM32F4xx_HAL_Driver/Src/stm32f4xx_hal_pcd.c ****       case HAL_PCD_RESET_CB_ID :
 475:Drivers/STM32F4xx_HAL_Driver/Src/stm32f4xx_hal_pcd.c ****         hpcd->ResetCallback = HAL_PCD_ResetCallback;
 476:Drivers/STM32F4xx_HAL_Driver/Src/stm32f4xx_hal_pcd.c ****         break;
 477:Drivers/STM32F4xx_HAL_Driver/Src/stm32f4xx_hal_pcd.c **** 
 478:Drivers/STM32F4xx_HAL_Driver/Src/stm32f4xx_hal_pcd.c ****       case HAL_PCD_SUSPEND_CB_ID :
 479:Drivers/STM32F4xx_HAL_Driver/Src/stm32f4xx_hal_pcd.c ****         hpcd->SuspendCallback = HAL_PCD_SuspendCallback;
 480:Drivers/STM32F4xx_HAL_Driver/Src/stm32f4xx_hal_pcd.c ****         break;
 481:Drivers/STM32F4xx_HAL_Driver/Src/stm32f4xx_hal_pcd.c **** 
 482:Drivers/STM32F4xx_HAL_Driver/Src/stm32f4xx_hal_pcd.c ****       case HAL_PCD_RESUME_CB_ID :
 483:Drivers/STM32F4xx_HAL_Driver/Src/stm32f4xx_hal_pcd.c ****         hpcd->ResumeCallback = HAL_PCD_ResumeCallback;
 484:Drivers/STM32F4xx_HAL_Driver/Src/stm32f4xx_hal_pcd.c ****         break;
 485:Drivers/STM32F4xx_HAL_Driver/Src/stm32f4xx_hal_pcd.c **** 
 486:Drivers/STM32F4xx_HAL_Driver/Src/stm32f4xx_hal_pcd.c ****       case HAL_PCD_CONNECT_CB_ID :
ARM GAS  /tmp/ccuGCwmi.s 			page 19


 487:Drivers/STM32F4xx_HAL_Driver/Src/stm32f4xx_hal_pcd.c ****         hpcd->ConnectCallback = HAL_PCD_ConnectCallback;
 488:Drivers/STM32F4xx_HAL_Driver/Src/stm32f4xx_hal_pcd.c ****         break;
 489:Drivers/STM32F4xx_HAL_Driver/Src/stm32f4xx_hal_pcd.c **** 
 490:Drivers/STM32F4xx_HAL_Driver/Src/stm32f4xx_hal_pcd.c ****       case HAL_PCD_DISCONNECT_CB_ID :
 491:Drivers/STM32F4xx_HAL_Driver/Src/stm32f4xx_hal_pcd.c ****         hpcd->DisconnectCallback = HAL_PCD_DisconnectCallback;
 492:Drivers/STM32F4xx_HAL_Driver/Src/stm32f4xx_hal_pcd.c ****         break;
 493:Drivers/STM32F4xx_HAL_Driver/Src/stm32f4xx_hal_pcd.c **** 
 494:Drivers/STM32F4xx_HAL_Driver/Src/stm32f4xx_hal_pcd.c ****       case HAL_PCD_MSPINIT_CB_ID :
 495:Drivers/STM32F4xx_HAL_Driver/Src/stm32f4xx_hal_pcd.c ****         hpcd->MspInitCallback = HAL_PCD_MspInit;
 496:Drivers/STM32F4xx_HAL_Driver/Src/stm32f4xx_hal_pcd.c ****         break;
 497:Drivers/STM32F4xx_HAL_Driver/Src/stm32f4xx_hal_pcd.c **** 
 498:Drivers/STM32F4xx_HAL_Driver/Src/stm32f4xx_hal_pcd.c ****       case HAL_PCD_MSPDEINIT_CB_ID :
 499:Drivers/STM32F4xx_HAL_Driver/Src/stm32f4xx_hal_pcd.c ****         hpcd->MspDeInitCallback = HAL_PCD_MspDeInit;
 500:Drivers/STM32F4xx_HAL_Driver/Src/stm32f4xx_hal_pcd.c ****         break;
 501:Drivers/STM32F4xx_HAL_Driver/Src/stm32f4xx_hal_pcd.c **** 
 502:Drivers/STM32F4xx_HAL_Driver/Src/stm32f4xx_hal_pcd.c ****       default :
 503:Drivers/STM32F4xx_HAL_Driver/Src/stm32f4xx_hal_pcd.c ****         /* Update the error code */
 504:Drivers/STM32F4xx_HAL_Driver/Src/stm32f4xx_hal_pcd.c ****         hpcd->ErrorCode |= HAL_PCD_ERROR_INVALID_CALLBACK;
 505:Drivers/STM32F4xx_HAL_Driver/Src/stm32f4xx_hal_pcd.c **** 
 506:Drivers/STM32F4xx_HAL_Driver/Src/stm32f4xx_hal_pcd.c ****         /* Return error status */
 507:Drivers/STM32F4xx_HAL_Driver/Src/stm32f4xx_hal_pcd.c ****         status =  HAL_ERROR;
 508:Drivers/STM32F4xx_HAL_Driver/Src/stm32f4xx_hal_pcd.c ****         break;
 509:Drivers/STM32F4xx_HAL_Driver/Src/stm32f4xx_hal_pcd.c ****     }
 510:Drivers/STM32F4xx_HAL_Driver/Src/stm32f4xx_hal_pcd.c ****   }
 511:Drivers/STM32F4xx_HAL_Driver/Src/stm32f4xx_hal_pcd.c ****   else if (hpcd->State == HAL_PCD_STATE_RESET)
 512:Drivers/STM32F4xx_HAL_Driver/Src/stm32f4xx_hal_pcd.c ****   {
 513:Drivers/STM32F4xx_HAL_Driver/Src/stm32f4xx_hal_pcd.c ****     switch (CallbackID)
 514:Drivers/STM32F4xx_HAL_Driver/Src/stm32f4xx_hal_pcd.c ****     {
 515:Drivers/STM32F4xx_HAL_Driver/Src/stm32f4xx_hal_pcd.c ****       case HAL_PCD_MSPINIT_CB_ID :
 516:Drivers/STM32F4xx_HAL_Driver/Src/stm32f4xx_hal_pcd.c ****         hpcd->MspInitCallback = HAL_PCD_MspInit;
 517:Drivers/STM32F4xx_HAL_Driver/Src/stm32f4xx_hal_pcd.c ****         break;
 518:Drivers/STM32F4xx_HAL_Driver/Src/stm32f4xx_hal_pcd.c **** 
 519:Drivers/STM32F4xx_HAL_Driver/Src/stm32f4xx_hal_pcd.c ****       case HAL_PCD_MSPDEINIT_CB_ID :
 520:Drivers/STM32F4xx_HAL_Driver/Src/stm32f4xx_hal_pcd.c ****         hpcd->MspDeInitCallback = HAL_PCD_MspDeInit;
 521:Drivers/STM32F4xx_HAL_Driver/Src/stm32f4xx_hal_pcd.c ****         break;
 522:Drivers/STM32F4xx_HAL_Driver/Src/stm32f4xx_hal_pcd.c **** 
 523:Drivers/STM32F4xx_HAL_Driver/Src/stm32f4xx_hal_pcd.c ****       default :
 524:Drivers/STM32F4xx_HAL_Driver/Src/stm32f4xx_hal_pcd.c ****         /* Update the error code */
 525:Drivers/STM32F4xx_HAL_Driver/Src/stm32f4xx_hal_pcd.c ****         hpcd->ErrorCode |= HAL_PCD_ERROR_INVALID_CALLBACK;
 526:Drivers/STM32F4xx_HAL_Driver/Src/stm32f4xx_hal_pcd.c **** 
 527:Drivers/STM32F4xx_HAL_Driver/Src/stm32f4xx_hal_pcd.c ****         /* Return error status */
 528:Drivers/STM32F4xx_HAL_Driver/Src/stm32f4xx_hal_pcd.c ****         status =  HAL_ERROR;
 529:Drivers/STM32F4xx_HAL_Driver/Src/stm32f4xx_hal_pcd.c ****         break;
 530:Drivers/STM32F4xx_HAL_Driver/Src/stm32f4xx_hal_pcd.c ****     }
 531:Drivers/STM32F4xx_HAL_Driver/Src/stm32f4xx_hal_pcd.c ****   }
 532:Drivers/STM32F4xx_HAL_Driver/Src/stm32f4xx_hal_pcd.c ****   else
 533:Drivers/STM32F4xx_HAL_Driver/Src/stm32f4xx_hal_pcd.c ****   {
 534:Drivers/STM32F4xx_HAL_Driver/Src/stm32f4xx_hal_pcd.c ****     /* Update the error code */
 535:Drivers/STM32F4xx_HAL_Driver/Src/stm32f4xx_hal_pcd.c ****     hpcd->ErrorCode |= HAL_PCD_ERROR_INVALID_CALLBACK;
 536:Drivers/STM32F4xx_HAL_Driver/Src/stm32f4xx_hal_pcd.c **** 
 537:Drivers/STM32F4xx_HAL_Driver/Src/stm32f4xx_hal_pcd.c ****     /* Return error status */
 538:Drivers/STM32F4xx_HAL_Driver/Src/stm32f4xx_hal_pcd.c ****     status =  HAL_ERROR;
 539:Drivers/STM32F4xx_HAL_Driver/Src/stm32f4xx_hal_pcd.c ****   }
 540:Drivers/STM32F4xx_HAL_Driver/Src/stm32f4xx_hal_pcd.c **** 
 541:Drivers/STM32F4xx_HAL_Driver/Src/stm32f4xx_hal_pcd.c ****   /* Release Lock */
 542:Drivers/STM32F4xx_HAL_Driver/Src/stm32f4xx_hal_pcd.c ****   __HAL_UNLOCK(hpcd);
 543:Drivers/STM32F4xx_HAL_Driver/Src/stm32f4xx_hal_pcd.c ****   return status;
ARM GAS  /tmp/ccuGCwmi.s 			page 20


 544:Drivers/STM32F4xx_HAL_Driver/Src/stm32f4xx_hal_pcd.c **** }
 545:Drivers/STM32F4xx_HAL_Driver/Src/stm32f4xx_hal_pcd.c **** 
 546:Drivers/STM32F4xx_HAL_Driver/Src/stm32f4xx_hal_pcd.c **** /**
 547:Drivers/STM32F4xx_HAL_Driver/Src/stm32f4xx_hal_pcd.c ****   * @brief  Register USB PCD Data OUT Stage Callback
 548:Drivers/STM32F4xx_HAL_Driver/Src/stm32f4xx_hal_pcd.c ****   *         To be used instead of the weak HAL_PCD_DataOutStageCallback() predefined callback
 549:Drivers/STM32F4xx_HAL_Driver/Src/stm32f4xx_hal_pcd.c ****   * @param  hpcd PCD handle
 550:Drivers/STM32F4xx_HAL_Driver/Src/stm32f4xx_hal_pcd.c ****   * @param  pCallback pointer to the USB PCD Data OUT Stage Callback function
 551:Drivers/STM32F4xx_HAL_Driver/Src/stm32f4xx_hal_pcd.c ****   * @retval HAL status
 552:Drivers/STM32F4xx_HAL_Driver/Src/stm32f4xx_hal_pcd.c ****   */
 553:Drivers/STM32F4xx_HAL_Driver/Src/stm32f4xx_hal_pcd.c **** HAL_StatusTypeDef HAL_PCD_RegisterDataOutStageCallback(PCD_HandleTypeDef *hpcd,
 554:Drivers/STM32F4xx_HAL_Driver/Src/stm32f4xx_hal_pcd.c ****                                                        pPCD_DataOutStageCallbackTypeDef pCallback)
 555:Drivers/STM32F4xx_HAL_Driver/Src/stm32f4xx_hal_pcd.c **** {
 556:Drivers/STM32F4xx_HAL_Driver/Src/stm32f4xx_hal_pcd.c ****   HAL_StatusTypeDef status = HAL_OK;
 557:Drivers/STM32F4xx_HAL_Driver/Src/stm32f4xx_hal_pcd.c **** 
 558:Drivers/STM32F4xx_HAL_Driver/Src/stm32f4xx_hal_pcd.c ****   if (pCallback == NULL)
 559:Drivers/STM32F4xx_HAL_Driver/Src/stm32f4xx_hal_pcd.c ****   {
 560:Drivers/STM32F4xx_HAL_Driver/Src/stm32f4xx_hal_pcd.c ****     /* Update the error code */
 561:Drivers/STM32F4xx_HAL_Driver/Src/stm32f4xx_hal_pcd.c ****     hpcd->ErrorCode |= HAL_PCD_ERROR_INVALID_CALLBACK;
 562:Drivers/STM32F4xx_HAL_Driver/Src/stm32f4xx_hal_pcd.c **** 
 563:Drivers/STM32F4xx_HAL_Driver/Src/stm32f4xx_hal_pcd.c ****     return HAL_ERROR;
 564:Drivers/STM32F4xx_HAL_Driver/Src/stm32f4xx_hal_pcd.c ****   }
 565:Drivers/STM32F4xx_HAL_Driver/Src/stm32f4xx_hal_pcd.c **** 
 566:Drivers/STM32F4xx_HAL_Driver/Src/stm32f4xx_hal_pcd.c ****   /* Process locked */
 567:Drivers/STM32F4xx_HAL_Driver/Src/stm32f4xx_hal_pcd.c ****   __HAL_LOCK(hpcd);
 568:Drivers/STM32F4xx_HAL_Driver/Src/stm32f4xx_hal_pcd.c **** 
 569:Drivers/STM32F4xx_HAL_Driver/Src/stm32f4xx_hal_pcd.c ****   if (hpcd->State == HAL_PCD_STATE_READY)
 570:Drivers/STM32F4xx_HAL_Driver/Src/stm32f4xx_hal_pcd.c ****   {
 571:Drivers/STM32F4xx_HAL_Driver/Src/stm32f4xx_hal_pcd.c ****     hpcd->DataOutStageCallback = pCallback;
 572:Drivers/STM32F4xx_HAL_Driver/Src/stm32f4xx_hal_pcd.c ****   }
 573:Drivers/STM32F4xx_HAL_Driver/Src/stm32f4xx_hal_pcd.c ****   else
 574:Drivers/STM32F4xx_HAL_Driver/Src/stm32f4xx_hal_pcd.c ****   {
 575:Drivers/STM32F4xx_HAL_Driver/Src/stm32f4xx_hal_pcd.c ****     /* Update the error code */
 576:Drivers/STM32F4xx_HAL_Driver/Src/stm32f4xx_hal_pcd.c ****     hpcd->ErrorCode |= HAL_PCD_ERROR_INVALID_CALLBACK;
 577:Drivers/STM32F4xx_HAL_Driver/Src/stm32f4xx_hal_pcd.c **** 
 578:Drivers/STM32F4xx_HAL_Driver/Src/stm32f4xx_hal_pcd.c ****     /* Return error status */
 579:Drivers/STM32F4xx_HAL_Driver/Src/stm32f4xx_hal_pcd.c ****     status =  HAL_ERROR;
 580:Drivers/STM32F4xx_HAL_Driver/Src/stm32f4xx_hal_pcd.c ****   }
 581:Drivers/STM32F4xx_HAL_Driver/Src/stm32f4xx_hal_pcd.c **** 
 582:Drivers/STM32F4xx_HAL_Driver/Src/stm32f4xx_hal_pcd.c ****   /* Release Lock */
 583:Drivers/STM32F4xx_HAL_Driver/Src/stm32f4xx_hal_pcd.c ****   __HAL_UNLOCK(hpcd);
 584:Drivers/STM32F4xx_HAL_Driver/Src/stm32f4xx_hal_pcd.c **** 
 585:Drivers/STM32F4xx_HAL_Driver/Src/stm32f4xx_hal_pcd.c ****   return status;
 586:Drivers/STM32F4xx_HAL_Driver/Src/stm32f4xx_hal_pcd.c **** }
 587:Drivers/STM32F4xx_HAL_Driver/Src/stm32f4xx_hal_pcd.c **** 
 588:Drivers/STM32F4xx_HAL_Driver/Src/stm32f4xx_hal_pcd.c **** /**
 589:Drivers/STM32F4xx_HAL_Driver/Src/stm32f4xx_hal_pcd.c ****   * @brief  Unregister the USB PCD Data OUT Stage Callback
 590:Drivers/STM32F4xx_HAL_Driver/Src/stm32f4xx_hal_pcd.c ****   *         USB PCD Data OUT Stage Callback is redirected to the weak HAL_PCD_DataOutStageCallback(
 591:Drivers/STM32F4xx_HAL_Driver/Src/stm32f4xx_hal_pcd.c ****   * @param  hpcd PCD handle
 592:Drivers/STM32F4xx_HAL_Driver/Src/stm32f4xx_hal_pcd.c ****   * @retval HAL status
 593:Drivers/STM32F4xx_HAL_Driver/Src/stm32f4xx_hal_pcd.c ****   */
 594:Drivers/STM32F4xx_HAL_Driver/Src/stm32f4xx_hal_pcd.c **** HAL_StatusTypeDef HAL_PCD_UnRegisterDataOutStageCallback(PCD_HandleTypeDef *hpcd)
 595:Drivers/STM32F4xx_HAL_Driver/Src/stm32f4xx_hal_pcd.c **** {
 596:Drivers/STM32F4xx_HAL_Driver/Src/stm32f4xx_hal_pcd.c ****   HAL_StatusTypeDef status = HAL_OK;
 597:Drivers/STM32F4xx_HAL_Driver/Src/stm32f4xx_hal_pcd.c **** 
 598:Drivers/STM32F4xx_HAL_Driver/Src/stm32f4xx_hal_pcd.c ****   /* Process locked */
 599:Drivers/STM32F4xx_HAL_Driver/Src/stm32f4xx_hal_pcd.c ****   __HAL_LOCK(hpcd);
 600:Drivers/STM32F4xx_HAL_Driver/Src/stm32f4xx_hal_pcd.c **** 
ARM GAS  /tmp/ccuGCwmi.s 			page 21


 601:Drivers/STM32F4xx_HAL_Driver/Src/stm32f4xx_hal_pcd.c ****   if (hpcd->State == HAL_PCD_STATE_READY)
 602:Drivers/STM32F4xx_HAL_Driver/Src/stm32f4xx_hal_pcd.c ****   {
 603:Drivers/STM32F4xx_HAL_Driver/Src/stm32f4xx_hal_pcd.c ****     hpcd->DataOutStageCallback = HAL_PCD_DataOutStageCallback; /* Legacy weak DataOutStageCallback 
 604:Drivers/STM32F4xx_HAL_Driver/Src/stm32f4xx_hal_pcd.c ****   }
 605:Drivers/STM32F4xx_HAL_Driver/Src/stm32f4xx_hal_pcd.c ****   else
 606:Drivers/STM32F4xx_HAL_Driver/Src/stm32f4xx_hal_pcd.c ****   {
 607:Drivers/STM32F4xx_HAL_Driver/Src/stm32f4xx_hal_pcd.c ****     /* Update the error code */
 608:Drivers/STM32F4xx_HAL_Driver/Src/stm32f4xx_hal_pcd.c ****     hpcd->ErrorCode |= HAL_PCD_ERROR_INVALID_CALLBACK;
 609:Drivers/STM32F4xx_HAL_Driver/Src/stm32f4xx_hal_pcd.c **** 
 610:Drivers/STM32F4xx_HAL_Driver/Src/stm32f4xx_hal_pcd.c ****     /* Return error status */
 611:Drivers/STM32F4xx_HAL_Driver/Src/stm32f4xx_hal_pcd.c ****     status =  HAL_ERROR;
 612:Drivers/STM32F4xx_HAL_Driver/Src/stm32f4xx_hal_pcd.c ****   }
 613:Drivers/STM32F4xx_HAL_Driver/Src/stm32f4xx_hal_pcd.c **** 
 614:Drivers/STM32F4xx_HAL_Driver/Src/stm32f4xx_hal_pcd.c ****   /* Release Lock */
 615:Drivers/STM32F4xx_HAL_Driver/Src/stm32f4xx_hal_pcd.c ****   __HAL_UNLOCK(hpcd);
 616:Drivers/STM32F4xx_HAL_Driver/Src/stm32f4xx_hal_pcd.c **** 
 617:Drivers/STM32F4xx_HAL_Driver/Src/stm32f4xx_hal_pcd.c ****   return status;
 618:Drivers/STM32F4xx_HAL_Driver/Src/stm32f4xx_hal_pcd.c **** }
 619:Drivers/STM32F4xx_HAL_Driver/Src/stm32f4xx_hal_pcd.c **** 
 620:Drivers/STM32F4xx_HAL_Driver/Src/stm32f4xx_hal_pcd.c **** /**
 621:Drivers/STM32F4xx_HAL_Driver/Src/stm32f4xx_hal_pcd.c ****   * @brief  Register USB PCD Data IN Stage Callback
 622:Drivers/STM32F4xx_HAL_Driver/Src/stm32f4xx_hal_pcd.c ****   *         To be used instead of the weak HAL_PCD_DataInStageCallback() predefined callback
 623:Drivers/STM32F4xx_HAL_Driver/Src/stm32f4xx_hal_pcd.c ****   * @param  hpcd PCD handle
 624:Drivers/STM32F4xx_HAL_Driver/Src/stm32f4xx_hal_pcd.c ****   * @param  pCallback pointer to the USB PCD Data IN Stage Callback function
 625:Drivers/STM32F4xx_HAL_Driver/Src/stm32f4xx_hal_pcd.c ****   * @retval HAL status
 626:Drivers/STM32F4xx_HAL_Driver/Src/stm32f4xx_hal_pcd.c ****   */
 627:Drivers/STM32F4xx_HAL_Driver/Src/stm32f4xx_hal_pcd.c **** HAL_StatusTypeDef HAL_PCD_RegisterDataInStageCallback(PCD_HandleTypeDef *hpcd,
 628:Drivers/STM32F4xx_HAL_Driver/Src/stm32f4xx_hal_pcd.c ****                                                       pPCD_DataInStageCallbackTypeDef pCallback)
 629:Drivers/STM32F4xx_HAL_Driver/Src/stm32f4xx_hal_pcd.c **** {
 630:Drivers/STM32F4xx_HAL_Driver/Src/stm32f4xx_hal_pcd.c ****   HAL_StatusTypeDef status = HAL_OK;
 631:Drivers/STM32F4xx_HAL_Driver/Src/stm32f4xx_hal_pcd.c **** 
 632:Drivers/STM32F4xx_HAL_Driver/Src/stm32f4xx_hal_pcd.c ****   if (pCallback == NULL)
 633:Drivers/STM32F4xx_HAL_Driver/Src/stm32f4xx_hal_pcd.c ****   {
 634:Drivers/STM32F4xx_HAL_Driver/Src/stm32f4xx_hal_pcd.c ****     /* Update the error code */
 635:Drivers/STM32F4xx_HAL_Driver/Src/stm32f4xx_hal_pcd.c ****     hpcd->ErrorCode |= HAL_PCD_ERROR_INVALID_CALLBACK;
 636:Drivers/STM32F4xx_HAL_Driver/Src/stm32f4xx_hal_pcd.c **** 
 637:Drivers/STM32F4xx_HAL_Driver/Src/stm32f4xx_hal_pcd.c ****     return HAL_ERROR;
 638:Drivers/STM32F4xx_HAL_Driver/Src/stm32f4xx_hal_pcd.c ****   }
 639:Drivers/STM32F4xx_HAL_Driver/Src/stm32f4xx_hal_pcd.c **** 
 640:Drivers/STM32F4xx_HAL_Driver/Src/stm32f4xx_hal_pcd.c ****   /* Process locked */
 641:Drivers/STM32F4xx_HAL_Driver/Src/stm32f4xx_hal_pcd.c ****   __HAL_LOCK(hpcd);
 642:Drivers/STM32F4xx_HAL_Driver/Src/stm32f4xx_hal_pcd.c **** 
 643:Drivers/STM32F4xx_HAL_Driver/Src/stm32f4xx_hal_pcd.c ****   if (hpcd->State == HAL_PCD_STATE_READY)
 644:Drivers/STM32F4xx_HAL_Driver/Src/stm32f4xx_hal_pcd.c ****   {
 645:Drivers/STM32F4xx_HAL_Driver/Src/stm32f4xx_hal_pcd.c ****     hpcd->DataInStageCallback = pCallback;
 646:Drivers/STM32F4xx_HAL_Driver/Src/stm32f4xx_hal_pcd.c ****   }
 647:Drivers/STM32F4xx_HAL_Driver/Src/stm32f4xx_hal_pcd.c ****   else
 648:Drivers/STM32F4xx_HAL_Driver/Src/stm32f4xx_hal_pcd.c ****   {
 649:Drivers/STM32F4xx_HAL_Driver/Src/stm32f4xx_hal_pcd.c ****     /* Update the error code */
 650:Drivers/STM32F4xx_HAL_Driver/Src/stm32f4xx_hal_pcd.c ****     hpcd->ErrorCode |= HAL_PCD_ERROR_INVALID_CALLBACK;
 651:Drivers/STM32F4xx_HAL_Driver/Src/stm32f4xx_hal_pcd.c **** 
 652:Drivers/STM32F4xx_HAL_Driver/Src/stm32f4xx_hal_pcd.c ****     /* Return error status */
 653:Drivers/STM32F4xx_HAL_Driver/Src/stm32f4xx_hal_pcd.c ****     status =  HAL_ERROR;
 654:Drivers/STM32F4xx_HAL_Driver/Src/stm32f4xx_hal_pcd.c ****   }
 655:Drivers/STM32F4xx_HAL_Driver/Src/stm32f4xx_hal_pcd.c **** 
 656:Drivers/STM32F4xx_HAL_Driver/Src/stm32f4xx_hal_pcd.c ****   /* Release Lock */
 657:Drivers/STM32F4xx_HAL_Driver/Src/stm32f4xx_hal_pcd.c ****   __HAL_UNLOCK(hpcd);
ARM GAS  /tmp/ccuGCwmi.s 			page 22


 658:Drivers/STM32F4xx_HAL_Driver/Src/stm32f4xx_hal_pcd.c **** 
 659:Drivers/STM32F4xx_HAL_Driver/Src/stm32f4xx_hal_pcd.c ****   return status;
 660:Drivers/STM32F4xx_HAL_Driver/Src/stm32f4xx_hal_pcd.c **** }
 661:Drivers/STM32F4xx_HAL_Driver/Src/stm32f4xx_hal_pcd.c **** 
 662:Drivers/STM32F4xx_HAL_Driver/Src/stm32f4xx_hal_pcd.c **** /**
 663:Drivers/STM32F4xx_HAL_Driver/Src/stm32f4xx_hal_pcd.c ****   * @brief  Unregister the USB PCD Data IN Stage Callback
 664:Drivers/STM32F4xx_HAL_Driver/Src/stm32f4xx_hal_pcd.c ****   *         USB PCD Data OUT Stage Callback is redirected to the weak HAL_PCD_DataInStageCallback()
 665:Drivers/STM32F4xx_HAL_Driver/Src/stm32f4xx_hal_pcd.c ****   * @param  hpcd PCD handle
 666:Drivers/STM32F4xx_HAL_Driver/Src/stm32f4xx_hal_pcd.c ****   * @retval HAL status
 667:Drivers/STM32F4xx_HAL_Driver/Src/stm32f4xx_hal_pcd.c ****   */
 668:Drivers/STM32F4xx_HAL_Driver/Src/stm32f4xx_hal_pcd.c **** HAL_StatusTypeDef HAL_PCD_UnRegisterDataInStageCallback(PCD_HandleTypeDef *hpcd)
 669:Drivers/STM32F4xx_HAL_Driver/Src/stm32f4xx_hal_pcd.c **** {
 670:Drivers/STM32F4xx_HAL_Driver/Src/stm32f4xx_hal_pcd.c ****   HAL_StatusTypeDef status = HAL_OK;
 671:Drivers/STM32F4xx_HAL_Driver/Src/stm32f4xx_hal_pcd.c **** 
 672:Drivers/STM32F4xx_HAL_Driver/Src/stm32f4xx_hal_pcd.c ****   /* Process locked */
 673:Drivers/STM32F4xx_HAL_Driver/Src/stm32f4xx_hal_pcd.c ****   __HAL_LOCK(hpcd);
 674:Drivers/STM32F4xx_HAL_Driver/Src/stm32f4xx_hal_pcd.c **** 
 675:Drivers/STM32F4xx_HAL_Driver/Src/stm32f4xx_hal_pcd.c ****   if (hpcd->State == HAL_PCD_STATE_READY)
 676:Drivers/STM32F4xx_HAL_Driver/Src/stm32f4xx_hal_pcd.c ****   {
 677:Drivers/STM32F4xx_HAL_Driver/Src/stm32f4xx_hal_pcd.c ****     hpcd->DataInStageCallback = HAL_PCD_DataInStageCallback; /* Legacy weak DataInStageCallback  */
 678:Drivers/STM32F4xx_HAL_Driver/Src/stm32f4xx_hal_pcd.c ****   }
 679:Drivers/STM32F4xx_HAL_Driver/Src/stm32f4xx_hal_pcd.c ****   else
 680:Drivers/STM32F4xx_HAL_Driver/Src/stm32f4xx_hal_pcd.c ****   {
 681:Drivers/STM32F4xx_HAL_Driver/Src/stm32f4xx_hal_pcd.c ****     /* Update the error code */
 682:Drivers/STM32F4xx_HAL_Driver/Src/stm32f4xx_hal_pcd.c ****     hpcd->ErrorCode |= HAL_PCD_ERROR_INVALID_CALLBACK;
 683:Drivers/STM32F4xx_HAL_Driver/Src/stm32f4xx_hal_pcd.c **** 
 684:Drivers/STM32F4xx_HAL_Driver/Src/stm32f4xx_hal_pcd.c ****     /* Return error status */
 685:Drivers/STM32F4xx_HAL_Driver/Src/stm32f4xx_hal_pcd.c ****     status =  HAL_ERROR;
 686:Drivers/STM32F4xx_HAL_Driver/Src/stm32f4xx_hal_pcd.c ****   }
 687:Drivers/STM32F4xx_HAL_Driver/Src/stm32f4xx_hal_pcd.c **** 
 688:Drivers/STM32F4xx_HAL_Driver/Src/stm32f4xx_hal_pcd.c ****   /* Release Lock */
 689:Drivers/STM32F4xx_HAL_Driver/Src/stm32f4xx_hal_pcd.c ****   __HAL_UNLOCK(hpcd);
 690:Drivers/STM32F4xx_HAL_Driver/Src/stm32f4xx_hal_pcd.c **** 
 691:Drivers/STM32F4xx_HAL_Driver/Src/stm32f4xx_hal_pcd.c ****   return status;
 692:Drivers/STM32F4xx_HAL_Driver/Src/stm32f4xx_hal_pcd.c **** }
 693:Drivers/STM32F4xx_HAL_Driver/Src/stm32f4xx_hal_pcd.c **** 
 694:Drivers/STM32F4xx_HAL_Driver/Src/stm32f4xx_hal_pcd.c **** /**
 695:Drivers/STM32F4xx_HAL_Driver/Src/stm32f4xx_hal_pcd.c ****   * @brief  Register USB PCD Iso OUT incomplete Callback
 696:Drivers/STM32F4xx_HAL_Driver/Src/stm32f4xx_hal_pcd.c ****   *         To be used instead of the weak HAL_PCD_ISOOUTIncompleteCallback() predefined callback
 697:Drivers/STM32F4xx_HAL_Driver/Src/stm32f4xx_hal_pcd.c ****   * @param  hpcd PCD handle
 698:Drivers/STM32F4xx_HAL_Driver/Src/stm32f4xx_hal_pcd.c ****   * @param  pCallback pointer to the USB PCD Iso OUT incomplete Callback function
 699:Drivers/STM32F4xx_HAL_Driver/Src/stm32f4xx_hal_pcd.c ****   * @retval HAL status
 700:Drivers/STM32F4xx_HAL_Driver/Src/stm32f4xx_hal_pcd.c ****   */
 701:Drivers/STM32F4xx_HAL_Driver/Src/stm32f4xx_hal_pcd.c **** HAL_StatusTypeDef HAL_PCD_RegisterIsoOutIncpltCallback(PCD_HandleTypeDef *hpcd,
 702:Drivers/STM32F4xx_HAL_Driver/Src/stm32f4xx_hal_pcd.c ****                                                        pPCD_IsoOutIncpltCallbackTypeDef pCallback)
 703:Drivers/STM32F4xx_HAL_Driver/Src/stm32f4xx_hal_pcd.c **** {
 704:Drivers/STM32F4xx_HAL_Driver/Src/stm32f4xx_hal_pcd.c ****   HAL_StatusTypeDef status = HAL_OK;
 705:Drivers/STM32F4xx_HAL_Driver/Src/stm32f4xx_hal_pcd.c **** 
 706:Drivers/STM32F4xx_HAL_Driver/Src/stm32f4xx_hal_pcd.c ****   if (pCallback == NULL)
 707:Drivers/STM32F4xx_HAL_Driver/Src/stm32f4xx_hal_pcd.c ****   {
 708:Drivers/STM32F4xx_HAL_Driver/Src/stm32f4xx_hal_pcd.c ****     /* Update the error code */
 709:Drivers/STM32F4xx_HAL_Driver/Src/stm32f4xx_hal_pcd.c ****     hpcd->ErrorCode |= HAL_PCD_ERROR_INVALID_CALLBACK;
 710:Drivers/STM32F4xx_HAL_Driver/Src/stm32f4xx_hal_pcd.c **** 
 711:Drivers/STM32F4xx_HAL_Driver/Src/stm32f4xx_hal_pcd.c ****     return HAL_ERROR;
 712:Drivers/STM32F4xx_HAL_Driver/Src/stm32f4xx_hal_pcd.c ****   }
 713:Drivers/STM32F4xx_HAL_Driver/Src/stm32f4xx_hal_pcd.c **** 
 714:Drivers/STM32F4xx_HAL_Driver/Src/stm32f4xx_hal_pcd.c ****   /* Process locked */
ARM GAS  /tmp/ccuGCwmi.s 			page 23


 715:Drivers/STM32F4xx_HAL_Driver/Src/stm32f4xx_hal_pcd.c ****   __HAL_LOCK(hpcd);
 716:Drivers/STM32F4xx_HAL_Driver/Src/stm32f4xx_hal_pcd.c **** 
 717:Drivers/STM32F4xx_HAL_Driver/Src/stm32f4xx_hal_pcd.c ****   if (hpcd->State == HAL_PCD_STATE_READY)
 718:Drivers/STM32F4xx_HAL_Driver/Src/stm32f4xx_hal_pcd.c ****   {
 719:Drivers/STM32F4xx_HAL_Driver/Src/stm32f4xx_hal_pcd.c ****     hpcd->ISOOUTIncompleteCallback = pCallback;
 720:Drivers/STM32F4xx_HAL_Driver/Src/stm32f4xx_hal_pcd.c ****   }
 721:Drivers/STM32F4xx_HAL_Driver/Src/stm32f4xx_hal_pcd.c ****   else
 722:Drivers/STM32F4xx_HAL_Driver/Src/stm32f4xx_hal_pcd.c ****   {
 723:Drivers/STM32F4xx_HAL_Driver/Src/stm32f4xx_hal_pcd.c ****     /* Update the error code */
 724:Drivers/STM32F4xx_HAL_Driver/Src/stm32f4xx_hal_pcd.c ****     hpcd->ErrorCode |= HAL_PCD_ERROR_INVALID_CALLBACK;
 725:Drivers/STM32F4xx_HAL_Driver/Src/stm32f4xx_hal_pcd.c **** 
 726:Drivers/STM32F4xx_HAL_Driver/Src/stm32f4xx_hal_pcd.c ****     /* Return error status */
 727:Drivers/STM32F4xx_HAL_Driver/Src/stm32f4xx_hal_pcd.c ****     status =  HAL_ERROR;
 728:Drivers/STM32F4xx_HAL_Driver/Src/stm32f4xx_hal_pcd.c ****   }
 729:Drivers/STM32F4xx_HAL_Driver/Src/stm32f4xx_hal_pcd.c **** 
 730:Drivers/STM32F4xx_HAL_Driver/Src/stm32f4xx_hal_pcd.c ****   /* Release Lock */
 731:Drivers/STM32F4xx_HAL_Driver/Src/stm32f4xx_hal_pcd.c ****   __HAL_UNLOCK(hpcd);
 732:Drivers/STM32F4xx_HAL_Driver/Src/stm32f4xx_hal_pcd.c **** 
 733:Drivers/STM32F4xx_HAL_Driver/Src/stm32f4xx_hal_pcd.c ****   return status;
 734:Drivers/STM32F4xx_HAL_Driver/Src/stm32f4xx_hal_pcd.c **** }
 735:Drivers/STM32F4xx_HAL_Driver/Src/stm32f4xx_hal_pcd.c **** 
 736:Drivers/STM32F4xx_HAL_Driver/Src/stm32f4xx_hal_pcd.c **** /**
 737:Drivers/STM32F4xx_HAL_Driver/Src/stm32f4xx_hal_pcd.c ****   * @brief  Unregister the USB PCD Iso OUT incomplete Callback
 738:Drivers/STM32F4xx_HAL_Driver/Src/stm32f4xx_hal_pcd.c ****   *         USB PCD Iso OUT incomplete Callback is redirected
 739:Drivers/STM32F4xx_HAL_Driver/Src/stm32f4xx_hal_pcd.c ****   *         to the weak HAL_PCD_ISOOUTIncompleteCallback() predefined callback
 740:Drivers/STM32F4xx_HAL_Driver/Src/stm32f4xx_hal_pcd.c ****   * @param  hpcd PCD handle
 741:Drivers/STM32F4xx_HAL_Driver/Src/stm32f4xx_hal_pcd.c ****   * @retval HAL status
 742:Drivers/STM32F4xx_HAL_Driver/Src/stm32f4xx_hal_pcd.c ****   */
 743:Drivers/STM32F4xx_HAL_Driver/Src/stm32f4xx_hal_pcd.c **** HAL_StatusTypeDef HAL_PCD_UnRegisterIsoOutIncpltCallback(PCD_HandleTypeDef *hpcd)
 744:Drivers/STM32F4xx_HAL_Driver/Src/stm32f4xx_hal_pcd.c **** {
 745:Drivers/STM32F4xx_HAL_Driver/Src/stm32f4xx_hal_pcd.c ****   HAL_StatusTypeDef status = HAL_OK;
 746:Drivers/STM32F4xx_HAL_Driver/Src/stm32f4xx_hal_pcd.c **** 
 747:Drivers/STM32F4xx_HAL_Driver/Src/stm32f4xx_hal_pcd.c ****   /* Process locked */
 748:Drivers/STM32F4xx_HAL_Driver/Src/stm32f4xx_hal_pcd.c ****   __HAL_LOCK(hpcd);
 749:Drivers/STM32F4xx_HAL_Driver/Src/stm32f4xx_hal_pcd.c **** 
 750:Drivers/STM32F4xx_HAL_Driver/Src/stm32f4xx_hal_pcd.c ****   if (hpcd->State == HAL_PCD_STATE_READY)
 751:Drivers/STM32F4xx_HAL_Driver/Src/stm32f4xx_hal_pcd.c ****   {
 752:Drivers/STM32F4xx_HAL_Driver/Src/stm32f4xx_hal_pcd.c ****     hpcd->ISOOUTIncompleteCallback = HAL_PCD_ISOOUTIncompleteCallback; /* Legacy weak ISOOUTIncompl
 753:Drivers/STM32F4xx_HAL_Driver/Src/stm32f4xx_hal_pcd.c ****   }
 754:Drivers/STM32F4xx_HAL_Driver/Src/stm32f4xx_hal_pcd.c ****   else
 755:Drivers/STM32F4xx_HAL_Driver/Src/stm32f4xx_hal_pcd.c ****   {
 756:Drivers/STM32F4xx_HAL_Driver/Src/stm32f4xx_hal_pcd.c ****     /* Update the error code */
 757:Drivers/STM32F4xx_HAL_Driver/Src/stm32f4xx_hal_pcd.c ****     hpcd->ErrorCode |= HAL_PCD_ERROR_INVALID_CALLBACK;
 758:Drivers/STM32F4xx_HAL_Driver/Src/stm32f4xx_hal_pcd.c **** 
 759:Drivers/STM32F4xx_HAL_Driver/Src/stm32f4xx_hal_pcd.c ****     /* Return error status */
 760:Drivers/STM32F4xx_HAL_Driver/Src/stm32f4xx_hal_pcd.c ****     status =  HAL_ERROR;
 761:Drivers/STM32F4xx_HAL_Driver/Src/stm32f4xx_hal_pcd.c ****   }
 762:Drivers/STM32F4xx_HAL_Driver/Src/stm32f4xx_hal_pcd.c **** 
 763:Drivers/STM32F4xx_HAL_Driver/Src/stm32f4xx_hal_pcd.c ****   /* Release Lock */
 764:Drivers/STM32F4xx_HAL_Driver/Src/stm32f4xx_hal_pcd.c ****   __HAL_UNLOCK(hpcd);
 765:Drivers/STM32F4xx_HAL_Driver/Src/stm32f4xx_hal_pcd.c **** 
 766:Drivers/STM32F4xx_HAL_Driver/Src/stm32f4xx_hal_pcd.c ****   return status;
 767:Drivers/STM32F4xx_HAL_Driver/Src/stm32f4xx_hal_pcd.c **** }
 768:Drivers/STM32F4xx_HAL_Driver/Src/stm32f4xx_hal_pcd.c **** 
 769:Drivers/STM32F4xx_HAL_Driver/Src/stm32f4xx_hal_pcd.c **** /**
 770:Drivers/STM32F4xx_HAL_Driver/Src/stm32f4xx_hal_pcd.c ****   * @brief  Register USB PCD Iso IN incomplete Callback
 771:Drivers/STM32F4xx_HAL_Driver/Src/stm32f4xx_hal_pcd.c ****   *         To be used instead of the weak HAL_PCD_ISOINIncompleteCallback() predefined callback
ARM GAS  /tmp/ccuGCwmi.s 			page 24


 772:Drivers/STM32F4xx_HAL_Driver/Src/stm32f4xx_hal_pcd.c ****   * @param  hpcd PCD handle
 773:Drivers/STM32F4xx_HAL_Driver/Src/stm32f4xx_hal_pcd.c ****   * @param  pCallback pointer to the USB PCD Iso IN incomplete Callback function
 774:Drivers/STM32F4xx_HAL_Driver/Src/stm32f4xx_hal_pcd.c ****   * @retval HAL status
 775:Drivers/STM32F4xx_HAL_Driver/Src/stm32f4xx_hal_pcd.c ****   */
 776:Drivers/STM32F4xx_HAL_Driver/Src/stm32f4xx_hal_pcd.c **** HAL_StatusTypeDef HAL_PCD_RegisterIsoInIncpltCallback(PCD_HandleTypeDef *hpcd,
 777:Drivers/STM32F4xx_HAL_Driver/Src/stm32f4xx_hal_pcd.c ****                                                       pPCD_IsoInIncpltCallbackTypeDef pCallback)
 778:Drivers/STM32F4xx_HAL_Driver/Src/stm32f4xx_hal_pcd.c **** {
 779:Drivers/STM32F4xx_HAL_Driver/Src/stm32f4xx_hal_pcd.c ****   HAL_StatusTypeDef status = HAL_OK;
 780:Drivers/STM32F4xx_HAL_Driver/Src/stm32f4xx_hal_pcd.c **** 
 781:Drivers/STM32F4xx_HAL_Driver/Src/stm32f4xx_hal_pcd.c ****   if (pCallback == NULL)
 782:Drivers/STM32F4xx_HAL_Driver/Src/stm32f4xx_hal_pcd.c ****   {
 783:Drivers/STM32F4xx_HAL_Driver/Src/stm32f4xx_hal_pcd.c ****     /* Update the error code */
 784:Drivers/STM32F4xx_HAL_Driver/Src/stm32f4xx_hal_pcd.c ****     hpcd->ErrorCode |= HAL_PCD_ERROR_INVALID_CALLBACK;
 785:Drivers/STM32F4xx_HAL_Driver/Src/stm32f4xx_hal_pcd.c **** 
 786:Drivers/STM32F4xx_HAL_Driver/Src/stm32f4xx_hal_pcd.c ****     return HAL_ERROR;
 787:Drivers/STM32F4xx_HAL_Driver/Src/stm32f4xx_hal_pcd.c ****   }
 788:Drivers/STM32F4xx_HAL_Driver/Src/stm32f4xx_hal_pcd.c **** 
 789:Drivers/STM32F4xx_HAL_Driver/Src/stm32f4xx_hal_pcd.c ****   /* Process locked */
 790:Drivers/STM32F4xx_HAL_Driver/Src/stm32f4xx_hal_pcd.c ****   __HAL_LOCK(hpcd);
 791:Drivers/STM32F4xx_HAL_Driver/Src/stm32f4xx_hal_pcd.c **** 
 792:Drivers/STM32F4xx_HAL_Driver/Src/stm32f4xx_hal_pcd.c ****   if (hpcd->State == HAL_PCD_STATE_READY)
 793:Drivers/STM32F4xx_HAL_Driver/Src/stm32f4xx_hal_pcd.c ****   {
 794:Drivers/STM32F4xx_HAL_Driver/Src/stm32f4xx_hal_pcd.c ****     hpcd->ISOINIncompleteCallback = pCallback;
 795:Drivers/STM32F4xx_HAL_Driver/Src/stm32f4xx_hal_pcd.c ****   }
 796:Drivers/STM32F4xx_HAL_Driver/Src/stm32f4xx_hal_pcd.c ****   else
 797:Drivers/STM32F4xx_HAL_Driver/Src/stm32f4xx_hal_pcd.c ****   {
 798:Drivers/STM32F4xx_HAL_Driver/Src/stm32f4xx_hal_pcd.c ****     /* Update the error code */
 799:Drivers/STM32F4xx_HAL_Driver/Src/stm32f4xx_hal_pcd.c ****     hpcd->ErrorCode |= HAL_PCD_ERROR_INVALID_CALLBACK;
 800:Drivers/STM32F4xx_HAL_Driver/Src/stm32f4xx_hal_pcd.c **** 
 801:Drivers/STM32F4xx_HAL_Driver/Src/stm32f4xx_hal_pcd.c ****     /* Return error status */
 802:Drivers/STM32F4xx_HAL_Driver/Src/stm32f4xx_hal_pcd.c ****     status =  HAL_ERROR;
 803:Drivers/STM32F4xx_HAL_Driver/Src/stm32f4xx_hal_pcd.c ****   }
 804:Drivers/STM32F4xx_HAL_Driver/Src/stm32f4xx_hal_pcd.c **** 
 805:Drivers/STM32F4xx_HAL_Driver/Src/stm32f4xx_hal_pcd.c ****   /* Release Lock */
 806:Drivers/STM32F4xx_HAL_Driver/Src/stm32f4xx_hal_pcd.c ****   __HAL_UNLOCK(hpcd);
 807:Drivers/STM32F4xx_HAL_Driver/Src/stm32f4xx_hal_pcd.c **** 
 808:Drivers/STM32F4xx_HAL_Driver/Src/stm32f4xx_hal_pcd.c ****   return status;
 809:Drivers/STM32F4xx_HAL_Driver/Src/stm32f4xx_hal_pcd.c **** }
 810:Drivers/STM32F4xx_HAL_Driver/Src/stm32f4xx_hal_pcd.c **** 
 811:Drivers/STM32F4xx_HAL_Driver/Src/stm32f4xx_hal_pcd.c **** /**
 812:Drivers/STM32F4xx_HAL_Driver/Src/stm32f4xx_hal_pcd.c ****   * @brief  Unregister the USB PCD Iso IN incomplete Callback
 813:Drivers/STM32F4xx_HAL_Driver/Src/stm32f4xx_hal_pcd.c ****   *         USB PCD Iso IN incomplete Callback is redirected
 814:Drivers/STM32F4xx_HAL_Driver/Src/stm32f4xx_hal_pcd.c ****   *         to the weak HAL_PCD_ISOINIncompleteCallback() predefined callback
 815:Drivers/STM32F4xx_HAL_Driver/Src/stm32f4xx_hal_pcd.c ****   * @param  hpcd PCD handle
 816:Drivers/STM32F4xx_HAL_Driver/Src/stm32f4xx_hal_pcd.c ****   * @retval HAL status
 817:Drivers/STM32F4xx_HAL_Driver/Src/stm32f4xx_hal_pcd.c ****   */
 818:Drivers/STM32F4xx_HAL_Driver/Src/stm32f4xx_hal_pcd.c **** HAL_StatusTypeDef HAL_PCD_UnRegisterIsoInIncpltCallback(PCD_HandleTypeDef *hpcd)
 819:Drivers/STM32F4xx_HAL_Driver/Src/stm32f4xx_hal_pcd.c **** {
 820:Drivers/STM32F4xx_HAL_Driver/Src/stm32f4xx_hal_pcd.c ****   HAL_StatusTypeDef status = HAL_OK;
 821:Drivers/STM32F4xx_HAL_Driver/Src/stm32f4xx_hal_pcd.c **** 
 822:Drivers/STM32F4xx_HAL_Driver/Src/stm32f4xx_hal_pcd.c ****   /* Process locked */
 823:Drivers/STM32F4xx_HAL_Driver/Src/stm32f4xx_hal_pcd.c ****   __HAL_LOCK(hpcd);
 824:Drivers/STM32F4xx_HAL_Driver/Src/stm32f4xx_hal_pcd.c **** 
 825:Drivers/STM32F4xx_HAL_Driver/Src/stm32f4xx_hal_pcd.c ****   if (hpcd->State == HAL_PCD_STATE_READY)
 826:Drivers/STM32F4xx_HAL_Driver/Src/stm32f4xx_hal_pcd.c ****   {
 827:Drivers/STM32F4xx_HAL_Driver/Src/stm32f4xx_hal_pcd.c ****     hpcd->ISOINIncompleteCallback = HAL_PCD_ISOINIncompleteCallback; /* Legacy weak ISOINIncomplete
 828:Drivers/STM32F4xx_HAL_Driver/Src/stm32f4xx_hal_pcd.c ****   }
ARM GAS  /tmp/ccuGCwmi.s 			page 25


 829:Drivers/STM32F4xx_HAL_Driver/Src/stm32f4xx_hal_pcd.c ****   else
 830:Drivers/STM32F4xx_HAL_Driver/Src/stm32f4xx_hal_pcd.c ****   {
 831:Drivers/STM32F4xx_HAL_Driver/Src/stm32f4xx_hal_pcd.c ****     /* Update the error code */
 832:Drivers/STM32F4xx_HAL_Driver/Src/stm32f4xx_hal_pcd.c ****     hpcd->ErrorCode |= HAL_PCD_ERROR_INVALID_CALLBACK;
 833:Drivers/STM32F4xx_HAL_Driver/Src/stm32f4xx_hal_pcd.c **** 
 834:Drivers/STM32F4xx_HAL_Driver/Src/stm32f4xx_hal_pcd.c ****     /* Return error status */
 835:Drivers/STM32F4xx_HAL_Driver/Src/stm32f4xx_hal_pcd.c ****     status =  HAL_ERROR;
 836:Drivers/STM32F4xx_HAL_Driver/Src/stm32f4xx_hal_pcd.c ****   }
 837:Drivers/STM32F4xx_HAL_Driver/Src/stm32f4xx_hal_pcd.c **** 
 838:Drivers/STM32F4xx_HAL_Driver/Src/stm32f4xx_hal_pcd.c ****   /* Release Lock */
 839:Drivers/STM32F4xx_HAL_Driver/Src/stm32f4xx_hal_pcd.c ****   __HAL_UNLOCK(hpcd);
 840:Drivers/STM32F4xx_HAL_Driver/Src/stm32f4xx_hal_pcd.c **** 
 841:Drivers/STM32F4xx_HAL_Driver/Src/stm32f4xx_hal_pcd.c ****   return status;
 842:Drivers/STM32F4xx_HAL_Driver/Src/stm32f4xx_hal_pcd.c **** }
 843:Drivers/STM32F4xx_HAL_Driver/Src/stm32f4xx_hal_pcd.c **** 
 844:Drivers/STM32F4xx_HAL_Driver/Src/stm32f4xx_hal_pcd.c **** /**
 845:Drivers/STM32F4xx_HAL_Driver/Src/stm32f4xx_hal_pcd.c ****   * @brief  Register USB PCD BCD Callback
 846:Drivers/STM32F4xx_HAL_Driver/Src/stm32f4xx_hal_pcd.c ****   *         To be used instead of the weak HAL_PCDEx_BCD_Callback() predefined callback
 847:Drivers/STM32F4xx_HAL_Driver/Src/stm32f4xx_hal_pcd.c ****   * @param  hpcd PCD handle
 848:Drivers/STM32F4xx_HAL_Driver/Src/stm32f4xx_hal_pcd.c ****   * @param  pCallback pointer to the USB PCD BCD Callback function
 849:Drivers/STM32F4xx_HAL_Driver/Src/stm32f4xx_hal_pcd.c ****   * @retval HAL status
 850:Drivers/STM32F4xx_HAL_Driver/Src/stm32f4xx_hal_pcd.c ****   */
 851:Drivers/STM32F4xx_HAL_Driver/Src/stm32f4xx_hal_pcd.c **** HAL_StatusTypeDef HAL_PCD_RegisterBcdCallback(PCD_HandleTypeDef *hpcd, pPCD_BcdCallbackTypeDef pCal
 852:Drivers/STM32F4xx_HAL_Driver/Src/stm32f4xx_hal_pcd.c **** {
 853:Drivers/STM32F4xx_HAL_Driver/Src/stm32f4xx_hal_pcd.c ****   HAL_StatusTypeDef status = HAL_OK;
 854:Drivers/STM32F4xx_HAL_Driver/Src/stm32f4xx_hal_pcd.c **** 
 855:Drivers/STM32F4xx_HAL_Driver/Src/stm32f4xx_hal_pcd.c ****   if (pCallback == NULL)
 856:Drivers/STM32F4xx_HAL_Driver/Src/stm32f4xx_hal_pcd.c ****   {
 857:Drivers/STM32F4xx_HAL_Driver/Src/stm32f4xx_hal_pcd.c ****     /* Update the error code */
 858:Drivers/STM32F4xx_HAL_Driver/Src/stm32f4xx_hal_pcd.c ****     hpcd->ErrorCode |= HAL_PCD_ERROR_INVALID_CALLBACK;
 859:Drivers/STM32F4xx_HAL_Driver/Src/stm32f4xx_hal_pcd.c **** 
 860:Drivers/STM32F4xx_HAL_Driver/Src/stm32f4xx_hal_pcd.c ****     return HAL_ERROR;
 861:Drivers/STM32F4xx_HAL_Driver/Src/stm32f4xx_hal_pcd.c ****   }
 862:Drivers/STM32F4xx_HAL_Driver/Src/stm32f4xx_hal_pcd.c **** 
 863:Drivers/STM32F4xx_HAL_Driver/Src/stm32f4xx_hal_pcd.c ****   /* Process locked */
 864:Drivers/STM32F4xx_HAL_Driver/Src/stm32f4xx_hal_pcd.c ****   __HAL_LOCK(hpcd);
 865:Drivers/STM32F4xx_HAL_Driver/Src/stm32f4xx_hal_pcd.c **** 
 866:Drivers/STM32F4xx_HAL_Driver/Src/stm32f4xx_hal_pcd.c ****   if (hpcd->State == HAL_PCD_STATE_READY)
 867:Drivers/STM32F4xx_HAL_Driver/Src/stm32f4xx_hal_pcd.c ****   {
 868:Drivers/STM32F4xx_HAL_Driver/Src/stm32f4xx_hal_pcd.c ****     hpcd->BCDCallback = pCallback;
 869:Drivers/STM32F4xx_HAL_Driver/Src/stm32f4xx_hal_pcd.c ****   }
 870:Drivers/STM32F4xx_HAL_Driver/Src/stm32f4xx_hal_pcd.c ****   else
 871:Drivers/STM32F4xx_HAL_Driver/Src/stm32f4xx_hal_pcd.c ****   {
 872:Drivers/STM32F4xx_HAL_Driver/Src/stm32f4xx_hal_pcd.c ****     /* Update the error code */
 873:Drivers/STM32F4xx_HAL_Driver/Src/stm32f4xx_hal_pcd.c ****     hpcd->ErrorCode |= HAL_PCD_ERROR_INVALID_CALLBACK;
 874:Drivers/STM32F4xx_HAL_Driver/Src/stm32f4xx_hal_pcd.c **** 
 875:Drivers/STM32F4xx_HAL_Driver/Src/stm32f4xx_hal_pcd.c ****     /* Return error status */
 876:Drivers/STM32F4xx_HAL_Driver/Src/stm32f4xx_hal_pcd.c ****     status =  HAL_ERROR;
 877:Drivers/STM32F4xx_HAL_Driver/Src/stm32f4xx_hal_pcd.c ****   }
 878:Drivers/STM32F4xx_HAL_Driver/Src/stm32f4xx_hal_pcd.c **** 
 879:Drivers/STM32F4xx_HAL_Driver/Src/stm32f4xx_hal_pcd.c ****   /* Release Lock */
 880:Drivers/STM32F4xx_HAL_Driver/Src/stm32f4xx_hal_pcd.c ****   __HAL_UNLOCK(hpcd);
 881:Drivers/STM32F4xx_HAL_Driver/Src/stm32f4xx_hal_pcd.c **** 
 882:Drivers/STM32F4xx_HAL_Driver/Src/stm32f4xx_hal_pcd.c ****   return status;
 883:Drivers/STM32F4xx_HAL_Driver/Src/stm32f4xx_hal_pcd.c **** }
 884:Drivers/STM32F4xx_HAL_Driver/Src/stm32f4xx_hal_pcd.c **** 
 885:Drivers/STM32F4xx_HAL_Driver/Src/stm32f4xx_hal_pcd.c **** /**
ARM GAS  /tmp/ccuGCwmi.s 			page 26


 886:Drivers/STM32F4xx_HAL_Driver/Src/stm32f4xx_hal_pcd.c ****   * @brief  Unregister the USB PCD BCD Callback
 887:Drivers/STM32F4xx_HAL_Driver/Src/stm32f4xx_hal_pcd.c ****   *         USB BCD Callback is redirected to the weak HAL_PCDEx_BCD_Callback() predefined callback
 888:Drivers/STM32F4xx_HAL_Driver/Src/stm32f4xx_hal_pcd.c ****   * @param  hpcd PCD handle
 889:Drivers/STM32F4xx_HAL_Driver/Src/stm32f4xx_hal_pcd.c ****   * @retval HAL status
 890:Drivers/STM32F4xx_HAL_Driver/Src/stm32f4xx_hal_pcd.c ****   */
 891:Drivers/STM32F4xx_HAL_Driver/Src/stm32f4xx_hal_pcd.c **** HAL_StatusTypeDef HAL_PCD_UnRegisterBcdCallback(PCD_HandleTypeDef *hpcd)
 892:Drivers/STM32F4xx_HAL_Driver/Src/stm32f4xx_hal_pcd.c **** {
 893:Drivers/STM32F4xx_HAL_Driver/Src/stm32f4xx_hal_pcd.c ****   HAL_StatusTypeDef status = HAL_OK;
 894:Drivers/STM32F4xx_HAL_Driver/Src/stm32f4xx_hal_pcd.c **** 
 895:Drivers/STM32F4xx_HAL_Driver/Src/stm32f4xx_hal_pcd.c ****   /* Process locked */
 896:Drivers/STM32F4xx_HAL_Driver/Src/stm32f4xx_hal_pcd.c ****   __HAL_LOCK(hpcd);
 897:Drivers/STM32F4xx_HAL_Driver/Src/stm32f4xx_hal_pcd.c **** 
 898:Drivers/STM32F4xx_HAL_Driver/Src/stm32f4xx_hal_pcd.c ****   if (hpcd->State == HAL_PCD_STATE_READY)
 899:Drivers/STM32F4xx_HAL_Driver/Src/stm32f4xx_hal_pcd.c ****   {
 900:Drivers/STM32F4xx_HAL_Driver/Src/stm32f4xx_hal_pcd.c ****     hpcd->BCDCallback = HAL_PCDEx_BCD_Callback; /* Legacy weak HAL_PCDEx_BCD_Callback  */
 901:Drivers/STM32F4xx_HAL_Driver/Src/stm32f4xx_hal_pcd.c ****   }
 902:Drivers/STM32F4xx_HAL_Driver/Src/stm32f4xx_hal_pcd.c ****   else
 903:Drivers/STM32F4xx_HAL_Driver/Src/stm32f4xx_hal_pcd.c ****   {
 904:Drivers/STM32F4xx_HAL_Driver/Src/stm32f4xx_hal_pcd.c ****     /* Update the error code */
 905:Drivers/STM32F4xx_HAL_Driver/Src/stm32f4xx_hal_pcd.c ****     hpcd->ErrorCode |= HAL_PCD_ERROR_INVALID_CALLBACK;
 906:Drivers/STM32F4xx_HAL_Driver/Src/stm32f4xx_hal_pcd.c **** 
 907:Drivers/STM32F4xx_HAL_Driver/Src/stm32f4xx_hal_pcd.c ****     /* Return error status */
 908:Drivers/STM32F4xx_HAL_Driver/Src/stm32f4xx_hal_pcd.c ****     status =  HAL_ERROR;
 909:Drivers/STM32F4xx_HAL_Driver/Src/stm32f4xx_hal_pcd.c ****   }
 910:Drivers/STM32F4xx_HAL_Driver/Src/stm32f4xx_hal_pcd.c **** 
 911:Drivers/STM32F4xx_HAL_Driver/Src/stm32f4xx_hal_pcd.c ****   /* Release Lock */
 912:Drivers/STM32F4xx_HAL_Driver/Src/stm32f4xx_hal_pcd.c ****   __HAL_UNLOCK(hpcd);
 913:Drivers/STM32F4xx_HAL_Driver/Src/stm32f4xx_hal_pcd.c **** 
 914:Drivers/STM32F4xx_HAL_Driver/Src/stm32f4xx_hal_pcd.c ****   return status;
 915:Drivers/STM32F4xx_HAL_Driver/Src/stm32f4xx_hal_pcd.c **** }
 916:Drivers/STM32F4xx_HAL_Driver/Src/stm32f4xx_hal_pcd.c **** 
 917:Drivers/STM32F4xx_HAL_Driver/Src/stm32f4xx_hal_pcd.c **** /**
 918:Drivers/STM32F4xx_HAL_Driver/Src/stm32f4xx_hal_pcd.c ****   * @brief  Register USB PCD LPM Callback
 919:Drivers/STM32F4xx_HAL_Driver/Src/stm32f4xx_hal_pcd.c ****   *         To be used instead of the weak HAL_PCDEx_LPM_Callback() predefined callback
 920:Drivers/STM32F4xx_HAL_Driver/Src/stm32f4xx_hal_pcd.c ****   * @param  hpcd PCD handle
 921:Drivers/STM32F4xx_HAL_Driver/Src/stm32f4xx_hal_pcd.c ****   * @param  pCallback pointer to the USB PCD LPM Callback function
 922:Drivers/STM32F4xx_HAL_Driver/Src/stm32f4xx_hal_pcd.c ****   * @retval HAL status
 923:Drivers/STM32F4xx_HAL_Driver/Src/stm32f4xx_hal_pcd.c ****   */
 924:Drivers/STM32F4xx_HAL_Driver/Src/stm32f4xx_hal_pcd.c **** HAL_StatusTypeDef HAL_PCD_RegisterLpmCallback(PCD_HandleTypeDef *hpcd, pPCD_LpmCallbackTypeDef pCal
 925:Drivers/STM32F4xx_HAL_Driver/Src/stm32f4xx_hal_pcd.c **** {
 926:Drivers/STM32F4xx_HAL_Driver/Src/stm32f4xx_hal_pcd.c ****   HAL_StatusTypeDef status = HAL_OK;
 927:Drivers/STM32F4xx_HAL_Driver/Src/stm32f4xx_hal_pcd.c **** 
 928:Drivers/STM32F4xx_HAL_Driver/Src/stm32f4xx_hal_pcd.c ****   if (pCallback == NULL)
 929:Drivers/STM32F4xx_HAL_Driver/Src/stm32f4xx_hal_pcd.c ****   {
 930:Drivers/STM32F4xx_HAL_Driver/Src/stm32f4xx_hal_pcd.c ****     /* Update the error code */
 931:Drivers/STM32F4xx_HAL_Driver/Src/stm32f4xx_hal_pcd.c ****     hpcd->ErrorCode |= HAL_PCD_ERROR_INVALID_CALLBACK;
 932:Drivers/STM32F4xx_HAL_Driver/Src/stm32f4xx_hal_pcd.c **** 
 933:Drivers/STM32F4xx_HAL_Driver/Src/stm32f4xx_hal_pcd.c ****     return HAL_ERROR;
 934:Drivers/STM32F4xx_HAL_Driver/Src/stm32f4xx_hal_pcd.c ****   }
 935:Drivers/STM32F4xx_HAL_Driver/Src/stm32f4xx_hal_pcd.c **** 
 936:Drivers/STM32F4xx_HAL_Driver/Src/stm32f4xx_hal_pcd.c ****   /* Process locked */
 937:Drivers/STM32F4xx_HAL_Driver/Src/stm32f4xx_hal_pcd.c ****   __HAL_LOCK(hpcd);
 938:Drivers/STM32F4xx_HAL_Driver/Src/stm32f4xx_hal_pcd.c **** 
 939:Drivers/STM32F4xx_HAL_Driver/Src/stm32f4xx_hal_pcd.c ****   if (hpcd->State == HAL_PCD_STATE_READY)
 940:Drivers/STM32F4xx_HAL_Driver/Src/stm32f4xx_hal_pcd.c ****   {
 941:Drivers/STM32F4xx_HAL_Driver/Src/stm32f4xx_hal_pcd.c ****     hpcd->LPMCallback = pCallback;
 942:Drivers/STM32F4xx_HAL_Driver/Src/stm32f4xx_hal_pcd.c ****   }
ARM GAS  /tmp/ccuGCwmi.s 			page 27


 943:Drivers/STM32F4xx_HAL_Driver/Src/stm32f4xx_hal_pcd.c ****   else
 944:Drivers/STM32F4xx_HAL_Driver/Src/stm32f4xx_hal_pcd.c ****   {
 945:Drivers/STM32F4xx_HAL_Driver/Src/stm32f4xx_hal_pcd.c ****     /* Update the error code */
 946:Drivers/STM32F4xx_HAL_Driver/Src/stm32f4xx_hal_pcd.c ****     hpcd->ErrorCode |= HAL_PCD_ERROR_INVALID_CALLBACK;
 947:Drivers/STM32F4xx_HAL_Driver/Src/stm32f4xx_hal_pcd.c **** 
 948:Drivers/STM32F4xx_HAL_Driver/Src/stm32f4xx_hal_pcd.c ****     /* Return error status */
 949:Drivers/STM32F4xx_HAL_Driver/Src/stm32f4xx_hal_pcd.c ****     status =  HAL_ERROR;
 950:Drivers/STM32F4xx_HAL_Driver/Src/stm32f4xx_hal_pcd.c ****   }
 951:Drivers/STM32F4xx_HAL_Driver/Src/stm32f4xx_hal_pcd.c **** 
 952:Drivers/STM32F4xx_HAL_Driver/Src/stm32f4xx_hal_pcd.c ****   /* Release Lock */
 953:Drivers/STM32F4xx_HAL_Driver/Src/stm32f4xx_hal_pcd.c ****   __HAL_UNLOCK(hpcd);
 954:Drivers/STM32F4xx_HAL_Driver/Src/stm32f4xx_hal_pcd.c **** 
 955:Drivers/STM32F4xx_HAL_Driver/Src/stm32f4xx_hal_pcd.c ****   return status;
 956:Drivers/STM32F4xx_HAL_Driver/Src/stm32f4xx_hal_pcd.c **** }
 957:Drivers/STM32F4xx_HAL_Driver/Src/stm32f4xx_hal_pcd.c **** 
 958:Drivers/STM32F4xx_HAL_Driver/Src/stm32f4xx_hal_pcd.c **** /**
 959:Drivers/STM32F4xx_HAL_Driver/Src/stm32f4xx_hal_pcd.c ****   * @brief  Unregister the USB PCD LPM Callback
 960:Drivers/STM32F4xx_HAL_Driver/Src/stm32f4xx_hal_pcd.c ****   *         USB LPM Callback is redirected to the weak HAL_PCDEx_LPM_Callback() predefined callback
 961:Drivers/STM32F4xx_HAL_Driver/Src/stm32f4xx_hal_pcd.c ****   * @param  hpcd PCD handle
 962:Drivers/STM32F4xx_HAL_Driver/Src/stm32f4xx_hal_pcd.c ****   * @retval HAL status
 963:Drivers/STM32F4xx_HAL_Driver/Src/stm32f4xx_hal_pcd.c ****   */
 964:Drivers/STM32F4xx_HAL_Driver/Src/stm32f4xx_hal_pcd.c **** HAL_StatusTypeDef HAL_PCD_UnRegisterLpmCallback(PCD_HandleTypeDef *hpcd)
 965:Drivers/STM32F4xx_HAL_Driver/Src/stm32f4xx_hal_pcd.c **** {
 966:Drivers/STM32F4xx_HAL_Driver/Src/stm32f4xx_hal_pcd.c ****   HAL_StatusTypeDef status = HAL_OK;
 967:Drivers/STM32F4xx_HAL_Driver/Src/stm32f4xx_hal_pcd.c **** 
 968:Drivers/STM32F4xx_HAL_Driver/Src/stm32f4xx_hal_pcd.c ****   /* Process locked */
 969:Drivers/STM32F4xx_HAL_Driver/Src/stm32f4xx_hal_pcd.c ****   __HAL_LOCK(hpcd);
 970:Drivers/STM32F4xx_HAL_Driver/Src/stm32f4xx_hal_pcd.c **** 
 971:Drivers/STM32F4xx_HAL_Driver/Src/stm32f4xx_hal_pcd.c ****   if (hpcd->State == HAL_PCD_STATE_READY)
 972:Drivers/STM32F4xx_HAL_Driver/Src/stm32f4xx_hal_pcd.c ****   {
 973:Drivers/STM32F4xx_HAL_Driver/Src/stm32f4xx_hal_pcd.c ****     hpcd->LPMCallback = HAL_PCDEx_LPM_Callback; /* Legacy weak HAL_PCDEx_LPM_Callback  */
 974:Drivers/STM32F4xx_HAL_Driver/Src/stm32f4xx_hal_pcd.c ****   }
 975:Drivers/STM32F4xx_HAL_Driver/Src/stm32f4xx_hal_pcd.c ****   else
 976:Drivers/STM32F4xx_HAL_Driver/Src/stm32f4xx_hal_pcd.c ****   {
 977:Drivers/STM32F4xx_HAL_Driver/Src/stm32f4xx_hal_pcd.c ****     /* Update the error code */
 978:Drivers/STM32F4xx_HAL_Driver/Src/stm32f4xx_hal_pcd.c ****     hpcd->ErrorCode |= HAL_PCD_ERROR_INVALID_CALLBACK;
 979:Drivers/STM32F4xx_HAL_Driver/Src/stm32f4xx_hal_pcd.c **** 
 980:Drivers/STM32F4xx_HAL_Driver/Src/stm32f4xx_hal_pcd.c ****     /* Return error status */
 981:Drivers/STM32F4xx_HAL_Driver/Src/stm32f4xx_hal_pcd.c ****     status =  HAL_ERROR;
 982:Drivers/STM32F4xx_HAL_Driver/Src/stm32f4xx_hal_pcd.c ****   }
 983:Drivers/STM32F4xx_HAL_Driver/Src/stm32f4xx_hal_pcd.c **** 
 984:Drivers/STM32F4xx_HAL_Driver/Src/stm32f4xx_hal_pcd.c ****   /* Release Lock */
 985:Drivers/STM32F4xx_HAL_Driver/Src/stm32f4xx_hal_pcd.c ****   __HAL_UNLOCK(hpcd);
 986:Drivers/STM32F4xx_HAL_Driver/Src/stm32f4xx_hal_pcd.c **** 
 987:Drivers/STM32F4xx_HAL_Driver/Src/stm32f4xx_hal_pcd.c ****   return status;
 988:Drivers/STM32F4xx_HAL_Driver/Src/stm32f4xx_hal_pcd.c **** }
 989:Drivers/STM32F4xx_HAL_Driver/Src/stm32f4xx_hal_pcd.c **** #endif /* USE_HAL_PCD_REGISTER_CALLBACKS */
 990:Drivers/STM32F4xx_HAL_Driver/Src/stm32f4xx_hal_pcd.c **** 
 991:Drivers/STM32F4xx_HAL_Driver/Src/stm32f4xx_hal_pcd.c **** /**
 992:Drivers/STM32F4xx_HAL_Driver/Src/stm32f4xx_hal_pcd.c ****   * @}
 993:Drivers/STM32F4xx_HAL_Driver/Src/stm32f4xx_hal_pcd.c ****   */
 994:Drivers/STM32F4xx_HAL_Driver/Src/stm32f4xx_hal_pcd.c **** 
 995:Drivers/STM32F4xx_HAL_Driver/Src/stm32f4xx_hal_pcd.c **** /** @defgroup PCD_Exported_Functions_Group2 Input and Output operation functions
 996:Drivers/STM32F4xx_HAL_Driver/Src/stm32f4xx_hal_pcd.c ****   *  @brief   Data transfers functions
 997:Drivers/STM32F4xx_HAL_Driver/Src/stm32f4xx_hal_pcd.c ****   *
 998:Drivers/STM32F4xx_HAL_Driver/Src/stm32f4xx_hal_pcd.c **** @verbatim
 999:Drivers/STM32F4xx_HAL_Driver/Src/stm32f4xx_hal_pcd.c ****  ===============================================================================
ARM GAS  /tmp/ccuGCwmi.s 			page 28


1000:Drivers/STM32F4xx_HAL_Driver/Src/stm32f4xx_hal_pcd.c ****                       ##### IO operation functions #####
1001:Drivers/STM32F4xx_HAL_Driver/Src/stm32f4xx_hal_pcd.c ****  ===============================================================================
1002:Drivers/STM32F4xx_HAL_Driver/Src/stm32f4xx_hal_pcd.c ****     [..]
1003:Drivers/STM32F4xx_HAL_Driver/Src/stm32f4xx_hal_pcd.c ****     This subsection provides a set of functions allowing to manage the PCD data
1004:Drivers/STM32F4xx_HAL_Driver/Src/stm32f4xx_hal_pcd.c ****     transfers.
1005:Drivers/STM32F4xx_HAL_Driver/Src/stm32f4xx_hal_pcd.c **** 
1006:Drivers/STM32F4xx_HAL_Driver/Src/stm32f4xx_hal_pcd.c **** @endverbatim
1007:Drivers/STM32F4xx_HAL_Driver/Src/stm32f4xx_hal_pcd.c ****   * @{
1008:Drivers/STM32F4xx_HAL_Driver/Src/stm32f4xx_hal_pcd.c ****   */
1009:Drivers/STM32F4xx_HAL_Driver/Src/stm32f4xx_hal_pcd.c **** 
1010:Drivers/STM32F4xx_HAL_Driver/Src/stm32f4xx_hal_pcd.c **** /**
1011:Drivers/STM32F4xx_HAL_Driver/Src/stm32f4xx_hal_pcd.c ****   * @brief  Start the USB device
1012:Drivers/STM32F4xx_HAL_Driver/Src/stm32f4xx_hal_pcd.c ****   * @param  hpcd PCD handle
1013:Drivers/STM32F4xx_HAL_Driver/Src/stm32f4xx_hal_pcd.c ****   * @retval HAL status
1014:Drivers/STM32F4xx_HAL_Driver/Src/stm32f4xx_hal_pcd.c ****   */
1015:Drivers/STM32F4xx_HAL_Driver/Src/stm32f4xx_hal_pcd.c **** HAL_StatusTypeDef HAL_PCD_Start(PCD_HandleTypeDef *hpcd)
1016:Drivers/STM32F4xx_HAL_Driver/Src/stm32f4xx_hal_pcd.c **** {
 544              		.loc 1 1016 1
 545              		.cfi_startproc
 546              		@ args = 0, pretend = 0, frame = 16
 547              		@ frame_needed = 1, uses_anonymous_args = 0
 548 0000 80B5     		push	{r7, lr}
 549              	.LCFI22:
 550              		.cfi_def_cfa_offset 8
 551              		.cfi_offset 7, -8
 552              		.cfi_offset 14, -4
 553 0002 84B0     		sub	sp, sp, #16
 554              	.LCFI23:
 555              		.cfi_def_cfa_offset 24
 556 0004 00AF     		add	r7, sp, #0
 557              	.LCFI24:
 558              		.cfi_def_cfa_register 7
 559 0006 7860     		str	r0, [r7, #4]
1017:Drivers/STM32F4xx_HAL_Driver/Src/stm32f4xx_hal_pcd.c ****   USB_OTG_GlobalTypeDef *USBx = hpcd->Instance;
 560              		.loc 1 1017 26
 561 0008 7B68     		ldr	r3, [r7, #4]
 562 000a 1B68     		ldr	r3, [r3]
 563 000c FB60     		str	r3, [r7, #12]
1018:Drivers/STM32F4xx_HAL_Driver/Src/stm32f4xx_hal_pcd.c **** 
1019:Drivers/STM32F4xx_HAL_Driver/Src/stm32f4xx_hal_pcd.c ****   __HAL_LOCK(hpcd);
 564              		.loc 1 1019 3
 565 000e 7B68     		ldr	r3, [r7, #4]
 566 0010 93F89434 		ldrb	r3, [r3, #1172]	@ zero_extendqisi2
 567 0014 012B     		cmp	r3, #1
 568 0016 01D1     		bne	.L20
 569              		.loc 1 1019 3 is_stmt 0 discriminator 1
 570 0018 0223     		movs	r3, #2
 571              		.loc 1 1019 3
 572 001a 22E0     		b	.L21
 573              	.L20:
 574              		.loc 1 1019 3 discriminator 2
 575 001c 7B68     		ldr	r3, [r7, #4]
 576 001e 0122     		movs	r2, #1
 577 0020 83F89424 		strb	r2, [r3, #1172]
1020:Drivers/STM32F4xx_HAL_Driver/Src/stm32f4xx_hal_pcd.c **** 
1021:Drivers/STM32F4xx_HAL_Driver/Src/stm32f4xx_hal_pcd.c ****   if (((USBx->GUSBCFG & USB_OTG_GUSBCFG_PHYSEL) != 0U) &&
 578              		.loc 1 1021 13 is_stmt 1
ARM GAS  /tmp/ccuGCwmi.s 			page 29


 579 0024 FB68     		ldr	r3, [r7, #12]
 580 0026 DB68     		ldr	r3, [r3, #12]
 581              		.loc 1 1021 23
 582 0028 03F04003 		and	r3, r3, #64
 583              		.loc 1 1021 6
 584 002c 002B     		cmp	r3, #0
 585 002e 09D0     		beq	.L22
1022:Drivers/STM32F4xx_HAL_Driver/Src/stm32f4xx_hal_pcd.c ****       (hpcd->Init.battery_charging_enable == 1U))
 586              		.loc 1 1022 18
 587 0030 7B68     		ldr	r3, [r7, #4]
 588 0032 5B7B     		ldrb	r3, [r3, #13]	@ zero_extendqisi2
1021:Drivers/STM32F4xx_HAL_Driver/Src/stm32f4xx_hal_pcd.c ****       (hpcd->Init.battery_charging_enable == 1U))
 589              		.loc 1 1021 56 discriminator 1
 590 0034 012B     		cmp	r3, #1
 591 0036 05D1     		bne	.L22
1023:Drivers/STM32F4xx_HAL_Driver/Src/stm32f4xx_hal_pcd.c ****   {
1024:Drivers/STM32F4xx_HAL_Driver/Src/stm32f4xx_hal_pcd.c ****     /* Enable USB Transceiver */
1025:Drivers/STM32F4xx_HAL_Driver/Src/stm32f4xx_hal_pcd.c ****     USBx->GCCFG |= USB_OTG_GCCFG_PWRDWN;
 592              		.loc 1 1025 9
 593 0038 FB68     		ldr	r3, [r7, #12]
 594 003a 9B6B     		ldr	r3, [r3, #56]
 595              		.loc 1 1025 17
 596 003c 43F48032 		orr	r2, r3, #65536
 597 0040 FB68     		ldr	r3, [r7, #12]
 598 0042 9A63     		str	r2, [r3, #56]
 599              	.L22:
1026:Drivers/STM32F4xx_HAL_Driver/Src/stm32f4xx_hal_pcd.c ****   }
1027:Drivers/STM32F4xx_HAL_Driver/Src/stm32f4xx_hal_pcd.c **** 
1028:Drivers/STM32F4xx_HAL_Driver/Src/stm32f4xx_hal_pcd.c ****   __HAL_PCD_ENABLE(hpcd);
 600              		.loc 1 1028 3
 601 0044 7B68     		ldr	r3, [r7, #4]
 602 0046 1B68     		ldr	r3, [r3]
 603 0048 1846     		mov	r0, r3
 604 004a FFF7FEFF 		bl	USB_EnableGlobalInt
1029:Drivers/STM32F4xx_HAL_Driver/Src/stm32f4xx_hal_pcd.c ****   (void)USB_DevConnect(hpcd->Instance);
 605              		.loc 1 1029 28
 606 004e 7B68     		ldr	r3, [r7, #4]
 607 0050 1B68     		ldr	r3, [r3]
 608              		.loc 1 1029 9
 609 0052 1846     		mov	r0, r3
 610 0054 FFF7FEFF 		bl	USB_DevConnect
1030:Drivers/STM32F4xx_HAL_Driver/Src/stm32f4xx_hal_pcd.c ****   __HAL_UNLOCK(hpcd);
 611              		.loc 1 1030 3
 612 0058 7B68     		ldr	r3, [r7, #4]
 613 005a 0022     		movs	r2, #0
 614 005c 83F89424 		strb	r2, [r3, #1172]
1031:Drivers/STM32F4xx_HAL_Driver/Src/stm32f4xx_hal_pcd.c **** 
1032:Drivers/STM32F4xx_HAL_Driver/Src/stm32f4xx_hal_pcd.c ****   return HAL_OK;
 615              		.loc 1 1032 10
 616 0060 0023     		movs	r3, #0
 617              	.L21:
1033:Drivers/STM32F4xx_HAL_Driver/Src/stm32f4xx_hal_pcd.c **** }
 618              		.loc 1 1033 1
 619 0062 1846     		mov	r0, r3
 620 0064 1037     		adds	r7, r7, #16
 621              	.LCFI25:
 622              		.cfi_def_cfa_offset 8
ARM GAS  /tmp/ccuGCwmi.s 			page 30


 623 0066 BD46     		mov	sp, r7
 624              	.LCFI26:
 625              		.cfi_def_cfa_register 13
 626              		@ sp needed
 627 0068 80BD     		pop	{r7, pc}
 628              		.cfi_endproc
 629              	.LFE224:
 631              		.section	.text.HAL_PCD_Stop,"ax",%progbits
 632              		.align	1
 633              		.global	HAL_PCD_Stop
 634              		.syntax unified
 635              		.thumb
 636              		.thumb_func
 638              	HAL_PCD_Stop:
 639              	.LFB225:
1034:Drivers/STM32F4xx_HAL_Driver/Src/stm32f4xx_hal_pcd.c **** 
1035:Drivers/STM32F4xx_HAL_Driver/Src/stm32f4xx_hal_pcd.c **** /**
1036:Drivers/STM32F4xx_HAL_Driver/Src/stm32f4xx_hal_pcd.c ****   * @brief  Stop the USB device.
1037:Drivers/STM32F4xx_HAL_Driver/Src/stm32f4xx_hal_pcd.c ****   * @param  hpcd PCD handle
1038:Drivers/STM32F4xx_HAL_Driver/Src/stm32f4xx_hal_pcd.c ****   * @retval HAL status
1039:Drivers/STM32F4xx_HAL_Driver/Src/stm32f4xx_hal_pcd.c ****   */
1040:Drivers/STM32F4xx_HAL_Driver/Src/stm32f4xx_hal_pcd.c **** HAL_StatusTypeDef HAL_PCD_Stop(PCD_HandleTypeDef *hpcd)
1041:Drivers/STM32F4xx_HAL_Driver/Src/stm32f4xx_hal_pcd.c **** {
 640              		.loc 1 1041 1
 641              		.cfi_startproc
 642              		@ args = 0, pretend = 0, frame = 16
 643              		@ frame_needed = 1, uses_anonymous_args = 0
 644 0000 80B5     		push	{r7, lr}
 645              	.LCFI27:
 646              		.cfi_def_cfa_offset 8
 647              		.cfi_offset 7, -8
 648              		.cfi_offset 14, -4
 649 0002 84B0     		sub	sp, sp, #16
 650              	.LCFI28:
 651              		.cfi_def_cfa_offset 24
 652 0004 00AF     		add	r7, sp, #0
 653              	.LCFI29:
 654              		.cfi_def_cfa_register 7
 655 0006 7860     		str	r0, [r7, #4]
1042:Drivers/STM32F4xx_HAL_Driver/Src/stm32f4xx_hal_pcd.c ****   USB_OTG_GlobalTypeDef *USBx = hpcd->Instance;
 656              		.loc 1 1042 26
 657 0008 7B68     		ldr	r3, [r7, #4]
 658 000a 1B68     		ldr	r3, [r3]
 659 000c FB60     		str	r3, [r7, #12]
1043:Drivers/STM32F4xx_HAL_Driver/Src/stm32f4xx_hal_pcd.c **** 
1044:Drivers/STM32F4xx_HAL_Driver/Src/stm32f4xx_hal_pcd.c ****   __HAL_LOCK(hpcd);
 660              		.loc 1 1044 3
 661 000e 7B68     		ldr	r3, [r7, #4]
 662 0010 93F89434 		ldrb	r3, [r3, #1172]	@ zero_extendqisi2
 663 0014 012B     		cmp	r3, #1
 664 0016 01D1     		bne	.L24
 665              		.loc 1 1044 3 is_stmt 0 discriminator 1
 666 0018 0223     		movs	r3, #2
 667              		.loc 1 1044 3
 668 001a 28E0     		b	.L25
 669              	.L24:
 670              		.loc 1 1044 3 discriminator 2
ARM GAS  /tmp/ccuGCwmi.s 			page 31


 671 001c 7B68     		ldr	r3, [r7, #4]
 672 001e 0122     		movs	r2, #1
 673 0020 83F89424 		strb	r2, [r3, #1172]
1045:Drivers/STM32F4xx_HAL_Driver/Src/stm32f4xx_hal_pcd.c ****   __HAL_PCD_DISABLE(hpcd);
 674              		.loc 1 1045 3 is_stmt 1
 675 0024 7B68     		ldr	r3, [r7, #4]
 676 0026 1B68     		ldr	r3, [r3]
 677 0028 1846     		mov	r0, r3
 678 002a FFF7FEFF 		bl	USB_DisableGlobalInt
1046:Drivers/STM32F4xx_HAL_Driver/Src/stm32f4xx_hal_pcd.c ****   (void)USB_DevDisconnect(hpcd->Instance);
 679              		.loc 1 1046 31
 680 002e 7B68     		ldr	r3, [r7, #4]
 681 0030 1B68     		ldr	r3, [r3]
 682              		.loc 1 1046 9
 683 0032 1846     		mov	r0, r3
 684 0034 FFF7FEFF 		bl	USB_DevDisconnect
1047:Drivers/STM32F4xx_HAL_Driver/Src/stm32f4xx_hal_pcd.c **** 
1048:Drivers/STM32F4xx_HAL_Driver/Src/stm32f4xx_hal_pcd.c ****   (void)USB_FlushTxFifo(hpcd->Instance, 0x10U);
 685              		.loc 1 1048 29
 686 0038 7B68     		ldr	r3, [r7, #4]
 687 003a 1B68     		ldr	r3, [r3]
 688              		.loc 1 1048 9
 689 003c 1021     		movs	r1, #16
 690 003e 1846     		mov	r0, r3
 691 0040 FFF7FEFF 		bl	USB_FlushTxFifo
1049:Drivers/STM32F4xx_HAL_Driver/Src/stm32f4xx_hal_pcd.c **** 
1050:Drivers/STM32F4xx_HAL_Driver/Src/stm32f4xx_hal_pcd.c ****   if (((USBx->GUSBCFG & USB_OTG_GUSBCFG_PHYSEL) != 0U) &&
 692              		.loc 1 1050 13
 693 0044 FB68     		ldr	r3, [r7, #12]
 694 0046 DB68     		ldr	r3, [r3, #12]
 695              		.loc 1 1050 23
 696 0048 03F04003 		and	r3, r3, #64
 697              		.loc 1 1050 6
 698 004c 002B     		cmp	r3, #0
 699 004e 09D0     		beq	.L26
1051:Drivers/STM32F4xx_HAL_Driver/Src/stm32f4xx_hal_pcd.c ****       (hpcd->Init.battery_charging_enable == 1U))
 700              		.loc 1 1051 18
 701 0050 7B68     		ldr	r3, [r7, #4]
 702 0052 5B7B     		ldrb	r3, [r3, #13]	@ zero_extendqisi2
1050:Drivers/STM32F4xx_HAL_Driver/Src/stm32f4xx_hal_pcd.c ****       (hpcd->Init.battery_charging_enable == 1U))
 703              		.loc 1 1050 56 discriminator 1
 704 0054 012B     		cmp	r3, #1
 705 0056 05D1     		bne	.L26
1052:Drivers/STM32F4xx_HAL_Driver/Src/stm32f4xx_hal_pcd.c ****   {
1053:Drivers/STM32F4xx_HAL_Driver/Src/stm32f4xx_hal_pcd.c ****     /* Disable USB Transceiver */
1054:Drivers/STM32F4xx_HAL_Driver/Src/stm32f4xx_hal_pcd.c ****     USBx->GCCFG &= ~(USB_OTG_GCCFG_PWRDWN);
 706              		.loc 1 1054 9
 707 0058 FB68     		ldr	r3, [r7, #12]
 708 005a 9B6B     		ldr	r3, [r3, #56]
 709              		.loc 1 1054 17
 710 005c 23F48032 		bic	r2, r3, #65536
 711 0060 FB68     		ldr	r3, [r7, #12]
 712 0062 9A63     		str	r2, [r3, #56]
 713              	.L26:
1055:Drivers/STM32F4xx_HAL_Driver/Src/stm32f4xx_hal_pcd.c ****   }
1056:Drivers/STM32F4xx_HAL_Driver/Src/stm32f4xx_hal_pcd.c **** 
1057:Drivers/STM32F4xx_HAL_Driver/Src/stm32f4xx_hal_pcd.c ****   __HAL_UNLOCK(hpcd);
ARM GAS  /tmp/ccuGCwmi.s 			page 32


 714              		.loc 1 1057 3
 715 0064 7B68     		ldr	r3, [r7, #4]
 716 0066 0022     		movs	r2, #0
 717 0068 83F89424 		strb	r2, [r3, #1172]
1058:Drivers/STM32F4xx_HAL_Driver/Src/stm32f4xx_hal_pcd.c **** 
1059:Drivers/STM32F4xx_HAL_Driver/Src/stm32f4xx_hal_pcd.c ****   return HAL_OK;
 718              		.loc 1 1059 10
 719 006c 0023     		movs	r3, #0
 720              	.L25:
1060:Drivers/STM32F4xx_HAL_Driver/Src/stm32f4xx_hal_pcd.c **** }
 721              		.loc 1 1060 1
 722 006e 1846     		mov	r0, r3
 723 0070 1037     		adds	r7, r7, #16
 724              	.LCFI30:
 725              		.cfi_def_cfa_offset 8
 726 0072 BD46     		mov	sp, r7
 727              	.LCFI31:
 728              		.cfi_def_cfa_register 13
 729              		@ sp needed
 730 0074 80BD     		pop	{r7, pc}
 731              		.cfi_endproc
 732              	.LFE225:
 734              		.section	.text.HAL_PCD_IRQHandler,"ax",%progbits
 735              		.align	1
 736              		.global	HAL_PCD_IRQHandler
 737              		.syntax unified
 738              		.thumb
 739              		.thumb_func
 741              	HAL_PCD_IRQHandler:
 742              	.LFB226:
1061:Drivers/STM32F4xx_HAL_Driver/Src/stm32f4xx_hal_pcd.c **** 
1062:Drivers/STM32F4xx_HAL_Driver/Src/stm32f4xx_hal_pcd.c **** #if defined (USB_OTG_FS) || defined (USB_OTG_HS)
1063:Drivers/STM32F4xx_HAL_Driver/Src/stm32f4xx_hal_pcd.c **** /**
1064:Drivers/STM32F4xx_HAL_Driver/Src/stm32f4xx_hal_pcd.c ****   * @brief  Handles PCD interrupt request.
1065:Drivers/STM32F4xx_HAL_Driver/Src/stm32f4xx_hal_pcd.c ****   * @param  hpcd PCD handle
1066:Drivers/STM32F4xx_HAL_Driver/Src/stm32f4xx_hal_pcd.c ****   * @retval HAL status
1067:Drivers/STM32F4xx_HAL_Driver/Src/stm32f4xx_hal_pcd.c ****   */
1068:Drivers/STM32F4xx_HAL_Driver/Src/stm32f4xx_hal_pcd.c **** void HAL_PCD_IRQHandler(PCD_HandleTypeDef *hpcd)
1069:Drivers/STM32F4xx_HAL_Driver/Src/stm32f4xx_hal_pcd.c **** {
 743              		.loc 1 1069 1
 744              		.cfi_startproc
 745              		@ args = 0, pretend = 0, frame = 48
 746              		@ frame_needed = 1, uses_anonymous_args = 0
 747 0000 90B5     		push	{r4, r7, lr}
 748              	.LCFI32:
 749              		.cfi_def_cfa_offset 12
 750              		.cfi_offset 4, -12
 751              		.cfi_offset 7, -8
 752              		.cfi_offset 14, -4
 753 0002 8DB0     		sub	sp, sp, #52
 754              	.LCFI33:
 755              		.cfi_def_cfa_offset 64
 756 0004 00AF     		add	r7, sp, #0
 757              	.LCFI34:
 758              		.cfi_def_cfa_register 7
 759 0006 7860     		str	r0, [r7, #4]
1070:Drivers/STM32F4xx_HAL_Driver/Src/stm32f4xx_hal_pcd.c ****   USB_OTG_GlobalTypeDef *USBx = hpcd->Instance;
ARM GAS  /tmp/ccuGCwmi.s 			page 33


 760              		.loc 1 1070 26
 761 0008 7B68     		ldr	r3, [r7, #4]
 762 000a 1B68     		ldr	r3, [r3]
 763 000c 3B62     		str	r3, [r7, #32]
1071:Drivers/STM32F4xx_HAL_Driver/Src/stm32f4xx_hal_pcd.c ****   uint32_t USBx_BASE = (uint32_t)USBx;
 764              		.loc 1 1071 12
 765 000e 3B6A     		ldr	r3, [r7, #32]
 766 0010 FB61     		str	r3, [r7, #28]
1072:Drivers/STM32F4xx_HAL_Driver/Src/stm32f4xx_hal_pcd.c ****   USB_OTG_EPTypeDef *ep;
1073:Drivers/STM32F4xx_HAL_Driver/Src/stm32f4xx_hal_pcd.c ****   uint32_t i;
1074:Drivers/STM32F4xx_HAL_Driver/Src/stm32f4xx_hal_pcd.c ****   uint32_t ep_intr;
1075:Drivers/STM32F4xx_HAL_Driver/Src/stm32f4xx_hal_pcd.c ****   uint32_t epint;
1076:Drivers/STM32F4xx_HAL_Driver/Src/stm32f4xx_hal_pcd.c ****   uint32_t epnum;
1077:Drivers/STM32F4xx_HAL_Driver/Src/stm32f4xx_hal_pcd.c ****   uint32_t fifoemptymsk;
1078:Drivers/STM32F4xx_HAL_Driver/Src/stm32f4xx_hal_pcd.c ****   uint32_t RegVal;
1079:Drivers/STM32F4xx_HAL_Driver/Src/stm32f4xx_hal_pcd.c **** 
1080:Drivers/STM32F4xx_HAL_Driver/Src/stm32f4xx_hal_pcd.c ****   /* ensure that we are in device mode */
1081:Drivers/STM32F4xx_HAL_Driver/Src/stm32f4xx_hal_pcd.c ****   if (USB_GetMode(hpcd->Instance) == USB_OTG_MODE_DEVICE)
 767              		.loc 1 1081 23
 768 0012 7B68     		ldr	r3, [r7, #4]
 769 0014 1B68     		ldr	r3, [r3]
 770              		.loc 1 1081 7
 771 0016 1846     		mov	r0, r3
 772 0018 FFF7FEFF 		bl	USB_GetMode
 773 001c 0346     		mov	r3, r0
 774              		.loc 1 1081 6 discriminator 1
 775 001e 002B     		cmp	r3, #0
 776 0020 40F08C84 		bne	.L27
1082:Drivers/STM32F4xx_HAL_Driver/Src/stm32f4xx_hal_pcd.c ****   {
1083:Drivers/STM32F4xx_HAL_Driver/Src/stm32f4xx_hal_pcd.c ****     /* avoid spurious interrupt */
1084:Drivers/STM32F4xx_HAL_Driver/Src/stm32f4xx_hal_pcd.c ****     if (__HAL_PCD_IS_INVALID_INTERRUPT(hpcd))
 777              		.loc 1 1084 9
 778 0024 7B68     		ldr	r3, [r7, #4]
 779 0026 1B68     		ldr	r3, [r3]
 780 0028 1846     		mov	r0, r3
 781 002a FFF7FEFF 		bl	USB_ReadInterrupts
 782 002e 0346     		mov	r3, r0
 783              		.loc 1 1084 8 discriminator 1
 784 0030 002B     		cmp	r3, #0
 785 0032 00F08284 		beq	.L83
1085:Drivers/STM32F4xx_HAL_Driver/Src/stm32f4xx_hal_pcd.c ****     {
1086:Drivers/STM32F4xx_HAL_Driver/Src/stm32f4xx_hal_pcd.c ****       return;
1087:Drivers/STM32F4xx_HAL_Driver/Src/stm32f4xx_hal_pcd.c ****     }
1088:Drivers/STM32F4xx_HAL_Driver/Src/stm32f4xx_hal_pcd.c **** 
1089:Drivers/STM32F4xx_HAL_Driver/Src/stm32f4xx_hal_pcd.c ****     /* store current frame number */
1090:Drivers/STM32F4xx_HAL_Driver/Src/stm32f4xx_hal_pcd.c ****     hpcd->FrameNumber = (USBx_DEVICE->DSTS & USB_OTG_DSTS_FNSOF_Msk) >> USB_OTG_DSTS_FNSOF_Pos;
 786              		.loc 1 1090 26
 787 0036 FB69     		ldr	r3, [r7, #28]
 788 0038 03F50063 		add	r3, r3, #2048
 789              		.loc 1 1090 37
 790 003c 9B68     		ldr	r3, [r3, #8]
 791              		.loc 1 1090 70
 792 003e 1B0A     		lsrs	r3, r3, #8
 793 0040 C3F30D02 		ubfx	r2, r3, #0, #14
 794              		.loc 1 1090 23
 795 0044 7B68     		ldr	r3, [r7, #4]
 796 0046 C3F8D424 		str	r2, [r3, #1236]
ARM GAS  /tmp/ccuGCwmi.s 			page 34


1091:Drivers/STM32F4xx_HAL_Driver/Src/stm32f4xx_hal_pcd.c **** 
1092:Drivers/STM32F4xx_HAL_Driver/Src/stm32f4xx_hal_pcd.c ****     if (__HAL_PCD_GET_FLAG(hpcd, USB_OTG_GINTSTS_MMIS))
 797              		.loc 1 1092 9
 798 004a 7B68     		ldr	r3, [r7, #4]
 799 004c 1B68     		ldr	r3, [r3]
 800 004e 1846     		mov	r0, r3
 801 0050 FFF7FEFF 		bl	USB_ReadInterrupts
 802 0054 0346     		mov	r3, r0
 803              		.loc 1 1092 9 is_stmt 0 discriminator 1
 804 0056 03F00203 		and	r3, r3, #2
 805              		.loc 1 1092 8 is_stmt 1 discriminator 1
 806 005a 022B     		cmp	r3, #2
 807 005c 07D1     		bne	.L30
1093:Drivers/STM32F4xx_HAL_Driver/Src/stm32f4xx_hal_pcd.c ****     {
1094:Drivers/STM32F4xx_HAL_Driver/Src/stm32f4xx_hal_pcd.c ****       /* incorrect mode, acknowledge the interrupt */
1095:Drivers/STM32F4xx_HAL_Driver/Src/stm32f4xx_hal_pcd.c ****       __HAL_PCD_CLEAR_FLAG(hpcd, USB_OTG_GINTSTS_MMIS);
 808              		.loc 1 1095 7
 809 005e 7B68     		ldr	r3, [r7, #4]
 810 0060 1B68     		ldr	r3, [r3]
 811 0062 5A69     		ldr	r2, [r3, #20]
 812 0064 7B68     		ldr	r3, [r7, #4]
 813 0066 1B68     		ldr	r3, [r3]
 814 0068 02F00202 		and	r2, r2, #2
 815 006c 5A61     		str	r2, [r3, #20]
 816              	.L30:
1096:Drivers/STM32F4xx_HAL_Driver/Src/stm32f4xx_hal_pcd.c ****     }
1097:Drivers/STM32F4xx_HAL_Driver/Src/stm32f4xx_hal_pcd.c **** 
1098:Drivers/STM32F4xx_HAL_Driver/Src/stm32f4xx_hal_pcd.c ****     /* Handle RxQLevel Interrupt */
1099:Drivers/STM32F4xx_HAL_Driver/Src/stm32f4xx_hal_pcd.c ****     if (__HAL_PCD_GET_FLAG(hpcd, USB_OTG_GINTSTS_RXFLVL))
 817              		.loc 1 1099 9
 818 006e 7B68     		ldr	r3, [r7, #4]
 819 0070 1B68     		ldr	r3, [r3]
 820 0072 1846     		mov	r0, r3
 821 0074 FFF7FEFF 		bl	USB_ReadInterrupts
 822 0078 0346     		mov	r3, r0
 823              		.loc 1 1099 9 is_stmt 0 discriminator 1
 824 007a 03F01003 		and	r3, r3, #16
 825              		.loc 1 1099 8 is_stmt 1 discriminator 1
 826 007e 102B     		cmp	r3, #16
 827 0080 61D1     		bne	.L31
1100:Drivers/STM32F4xx_HAL_Driver/Src/stm32f4xx_hal_pcd.c ****     {
1101:Drivers/STM32F4xx_HAL_Driver/Src/stm32f4xx_hal_pcd.c ****       USB_MASK_INTERRUPT(hpcd->Instance, USB_OTG_GINTSTS_RXFLVL);
 828              		.loc 1 1101 7
 829 0082 7B68     		ldr	r3, [r7, #4]
 830 0084 1B68     		ldr	r3, [r3]
 831 0086 9A69     		ldr	r2, [r3, #24]
 832 0088 7B68     		ldr	r3, [r7, #4]
 833 008a 1B68     		ldr	r3, [r3]
 834 008c 22F01002 		bic	r2, r2, #16
 835 0090 9A61     		str	r2, [r3, #24]
1102:Drivers/STM32F4xx_HAL_Driver/Src/stm32f4xx_hal_pcd.c **** 
1103:Drivers/STM32F4xx_HAL_Driver/Src/stm32f4xx_hal_pcd.c ****       RegVal = USBx->GRXSTSP;
 836              		.loc 1 1103 14
 837 0092 3B6A     		ldr	r3, [r7, #32]
 838 0094 1B6A     		ldr	r3, [r3, #32]
 839 0096 BB61     		str	r3, [r7, #24]
1104:Drivers/STM32F4xx_HAL_Driver/Src/stm32f4xx_hal_pcd.c **** 
ARM GAS  /tmp/ccuGCwmi.s 			page 35


1105:Drivers/STM32F4xx_HAL_Driver/Src/stm32f4xx_hal_pcd.c ****       ep = &hpcd->OUT_ep[RegVal & USB_OTG_GRXSTSP_EPNUM];
 840              		.loc 1 1105 33
 841 0098 BB69     		ldr	r3, [r7, #24]
 842 009a 03F00F02 		and	r2, r3, #15
 843              		.loc 1 1105 10
 844 009e 1346     		mov	r3, r2
 845 00a0 DB00     		lsls	r3, r3, #3
 846 00a2 1344     		add	r3, r3, r2
 847 00a4 9B00     		lsls	r3, r3, #2
 848 00a6 03F51473 		add	r3, r3, #592
 849 00aa 7A68     		ldr	r2, [r7, #4]
 850 00ac 1344     		add	r3, r3, r2
 851 00ae 0433     		adds	r3, r3, #4
 852 00b0 7B61     		str	r3, [r7, #20]
1106:Drivers/STM32F4xx_HAL_Driver/Src/stm32f4xx_hal_pcd.c **** 
1107:Drivers/STM32F4xx_HAL_Driver/Src/stm32f4xx_hal_pcd.c ****       if (((RegVal & USB_OTG_GRXSTSP_PKTSTS) >> 17) ==  STS_DATA_UPDT)
 853              		.loc 1 1107 53
 854 00b2 BB69     		ldr	r3, [r7, #24]
 855 00b4 03F4F013 		and	r3, r3, #1966080
 856              		.loc 1 1107 10
 857 00b8 B3F5802F 		cmp	r3, #262144
 858 00bc 24D1     		bne	.L32
1108:Drivers/STM32F4xx_HAL_Driver/Src/stm32f4xx_hal_pcd.c ****       {
1109:Drivers/STM32F4xx_HAL_Driver/Src/stm32f4xx_hal_pcd.c ****         if ((RegVal & USB_OTG_GRXSTSP_BCNT) != 0U)
 859              		.loc 1 1109 21
 860 00be BA69     		ldr	r2, [r7, #24]
 861 00c0 47F6F073 		movw	r3, #32752
 862 00c4 1340     		ands	r3, r3, r2
 863              		.loc 1 1109 12
 864 00c6 002B     		cmp	r3, #0
 865 00c8 35D0     		beq	.L33
1110:Drivers/STM32F4xx_HAL_Driver/Src/stm32f4xx_hal_pcd.c ****         {
1111:Drivers/STM32F4xx_HAL_Driver/Src/stm32f4xx_hal_pcd.c ****           (void)USB_ReadPacket(USBx, ep->xfer_buff,
 866              		.loc 1 1111 17
 867 00ca 7B69     		ldr	r3, [r7, #20]
 868 00cc D968     		ldr	r1, [r3, #12]
1112:Drivers/STM32F4xx_HAL_Driver/Src/stm32f4xx_hal_pcd.c ****                                (uint16_t)((RegVal & USB_OTG_GRXSTSP_BCNT) >> 4));
 869              		.loc 1 1112 75
 870 00ce BB69     		ldr	r3, [r7, #24]
 871 00d0 1B09     		lsrs	r3, r3, #4
 872              		.loc 1 1112 32
 873 00d2 9BB2     		uxth	r3, r3
1111:Drivers/STM32F4xx_HAL_Driver/Src/stm32f4xx_hal_pcd.c ****                                (uint16_t)((RegVal & USB_OTG_GRXSTSP_BCNT) >> 4));
 874              		.loc 1 1111 17
 875 00d4 C3F30A03 		ubfx	r3, r3, #0, #11
 876 00d8 9BB2     		uxth	r3, r3
 877 00da 1A46     		mov	r2, r3
 878 00dc 386A     		ldr	r0, [r7, #32]
 879 00de FFF7FEFF 		bl	USB_ReadPacket
1113:Drivers/STM32F4xx_HAL_Driver/Src/stm32f4xx_hal_pcd.c **** 
1114:Drivers/STM32F4xx_HAL_Driver/Src/stm32f4xx_hal_pcd.c ****           ep->xfer_buff += (RegVal & USB_OTG_GRXSTSP_BCNT) >> 4;
 880              		.loc 1 1114 13
 881 00e2 7B69     		ldr	r3, [r7, #20]
 882 00e4 DA68     		ldr	r2, [r3, #12]
 883              		.loc 1 1114 60
 884 00e6 BB69     		ldr	r3, [r7, #24]
 885 00e8 1B09     		lsrs	r3, r3, #4
ARM GAS  /tmp/ccuGCwmi.s 			page 36


 886 00ea C3F30A03 		ubfx	r3, r3, #0, #11
 887              		.loc 1 1114 25
 888 00ee 1A44     		add	r2, r2, r3
 889 00f0 7B69     		ldr	r3, [r7, #20]
 890 00f2 DA60     		str	r2, [r3, #12]
1115:Drivers/STM32F4xx_HAL_Driver/Src/stm32f4xx_hal_pcd.c ****           ep->xfer_count += (RegVal & USB_OTG_GRXSTSP_BCNT) >> 4;
 891              		.loc 1 1115 13
 892 00f4 7B69     		ldr	r3, [r7, #20]
 893 00f6 5A69     		ldr	r2, [r3, #20]
 894              		.loc 1 1115 61
 895 00f8 BB69     		ldr	r3, [r7, #24]
 896 00fa 1B09     		lsrs	r3, r3, #4
 897 00fc C3F30A03 		ubfx	r3, r3, #0, #11
 898              		.loc 1 1115 26
 899 0100 1A44     		add	r2, r2, r3
 900 0102 7B69     		ldr	r3, [r7, #20]
 901 0104 5A61     		str	r2, [r3, #20]
 902 0106 16E0     		b	.L33
 903              	.L32:
1116:Drivers/STM32F4xx_HAL_Driver/Src/stm32f4xx_hal_pcd.c ****         }
1117:Drivers/STM32F4xx_HAL_Driver/Src/stm32f4xx_hal_pcd.c ****       }
1118:Drivers/STM32F4xx_HAL_Driver/Src/stm32f4xx_hal_pcd.c ****       else if (((RegVal & USB_OTG_GRXSTSP_PKTSTS) >> 17) == STS_SETUP_UPDT)
 904              		.loc 1 1118 58
 905 0108 BB69     		ldr	r3, [r7, #24]
 906 010a 03F4F013 		and	r3, r3, #1966080
 907              		.loc 1 1118 15
 908 010e B3F5402F 		cmp	r3, #786432
 909 0112 10D1     		bne	.L33
1119:Drivers/STM32F4xx_HAL_Driver/Src/stm32f4xx_hal_pcd.c ****       {
1120:Drivers/STM32F4xx_HAL_Driver/Src/stm32f4xx_hal_pcd.c ****         (void)USB_ReadPacket(USBx, (uint8_t *)hpcd->Setup, 8U);
 910              		.loc 1 1120 47
 911 0114 7B68     		ldr	r3, [r7, #4]
 912 0116 03F29C43 		addw	r3, r3, #1180
 913              		.loc 1 1120 15
 914 011a 0822     		movs	r2, #8
 915 011c 1946     		mov	r1, r3
 916 011e 386A     		ldr	r0, [r7, #32]
 917 0120 FFF7FEFF 		bl	USB_ReadPacket
1121:Drivers/STM32F4xx_HAL_Driver/Src/stm32f4xx_hal_pcd.c ****         ep->xfer_count += (RegVal & USB_OTG_GRXSTSP_BCNT) >> 4;
 918              		.loc 1 1121 11
 919 0124 7B69     		ldr	r3, [r7, #20]
 920 0126 5A69     		ldr	r2, [r3, #20]
 921              		.loc 1 1121 59
 922 0128 BB69     		ldr	r3, [r7, #24]
 923 012a 1B09     		lsrs	r3, r3, #4
 924 012c C3F30A03 		ubfx	r3, r3, #0, #11
 925              		.loc 1 1121 24
 926 0130 1A44     		add	r2, r2, r3
 927 0132 7B69     		ldr	r3, [r7, #20]
 928 0134 5A61     		str	r2, [r3, #20]
 929              	.L33:
1122:Drivers/STM32F4xx_HAL_Driver/Src/stm32f4xx_hal_pcd.c ****       }
1123:Drivers/STM32F4xx_HAL_Driver/Src/stm32f4xx_hal_pcd.c ****       else
1124:Drivers/STM32F4xx_HAL_Driver/Src/stm32f4xx_hal_pcd.c ****       {
1125:Drivers/STM32F4xx_HAL_Driver/Src/stm32f4xx_hal_pcd.c ****         /* ... */
1126:Drivers/STM32F4xx_HAL_Driver/Src/stm32f4xx_hal_pcd.c ****       }
1127:Drivers/STM32F4xx_HAL_Driver/Src/stm32f4xx_hal_pcd.c **** 
ARM GAS  /tmp/ccuGCwmi.s 			page 37


1128:Drivers/STM32F4xx_HAL_Driver/Src/stm32f4xx_hal_pcd.c ****       USB_UNMASK_INTERRUPT(hpcd->Instance, USB_OTG_GINTSTS_RXFLVL);
 930              		.loc 1 1128 7
 931 0136 7B68     		ldr	r3, [r7, #4]
 932 0138 1B68     		ldr	r3, [r3]
 933 013a 9A69     		ldr	r2, [r3, #24]
 934 013c 7B68     		ldr	r3, [r7, #4]
 935 013e 1B68     		ldr	r3, [r3]
 936 0140 42F01002 		orr	r2, r2, #16
 937 0144 9A61     		str	r2, [r3, #24]
 938              	.L31:
1129:Drivers/STM32F4xx_HAL_Driver/Src/stm32f4xx_hal_pcd.c ****     }
1130:Drivers/STM32F4xx_HAL_Driver/Src/stm32f4xx_hal_pcd.c **** 
1131:Drivers/STM32F4xx_HAL_Driver/Src/stm32f4xx_hal_pcd.c ****     if (__HAL_PCD_GET_FLAG(hpcd, USB_OTG_GINTSTS_OEPINT))
 939              		.loc 1 1131 9
 940 0146 7B68     		ldr	r3, [r7, #4]
 941 0148 1B68     		ldr	r3, [r3]
 942 014a 1846     		mov	r0, r3
 943 014c FFF7FEFF 		bl	USB_ReadInterrupts
 944 0150 0346     		mov	r3, r0
 945              		.loc 1 1131 9 is_stmt 0 discriminator 1
 946 0152 03F40023 		and	r3, r3, #524288
 947              		.loc 1 1131 8 is_stmt 1 discriminator 1
 948 0156 B3F5002F 		cmp	r3, #524288
 949 015a 40F0A780 		bne	.L34
1132:Drivers/STM32F4xx_HAL_Driver/Src/stm32f4xx_hal_pcd.c ****     {
1133:Drivers/STM32F4xx_HAL_Driver/Src/stm32f4xx_hal_pcd.c ****       epnum = 0U;
 950              		.loc 1 1133 13
 951 015e 0023     		movs	r3, #0
 952 0160 7B62     		str	r3, [r7, #36]
1134:Drivers/STM32F4xx_HAL_Driver/Src/stm32f4xx_hal_pcd.c **** 
1135:Drivers/STM32F4xx_HAL_Driver/Src/stm32f4xx_hal_pcd.c ****       /* Read in the device interrupt bits */
1136:Drivers/STM32F4xx_HAL_Driver/Src/stm32f4xx_hal_pcd.c ****       ep_intr = USB_ReadDevAllOutEpInterrupt(hpcd->Instance);
 953              		.loc 1 1136 50
 954 0162 7B68     		ldr	r3, [r7, #4]
 955 0164 1B68     		ldr	r3, [r3]
 956              		.loc 1 1136 17
 957 0166 1846     		mov	r0, r3
 958 0168 FFF7FEFF 		bl	USB_ReadDevAllOutEpInterrupt
 959 016c B862     		str	r0, [r7, #40]
1137:Drivers/STM32F4xx_HAL_Driver/Src/stm32f4xx_hal_pcd.c **** 
1138:Drivers/STM32F4xx_HAL_Driver/Src/stm32f4xx_hal_pcd.c ****       while (ep_intr != 0U)
 960              		.loc 1 1138 13
 961 016e 99E0     		b	.L35
 962              	.L44:
1139:Drivers/STM32F4xx_HAL_Driver/Src/stm32f4xx_hal_pcd.c ****       {
1140:Drivers/STM32F4xx_HAL_Driver/Src/stm32f4xx_hal_pcd.c ****         if ((ep_intr & 0x1U) != 0U)
 963              		.loc 1 1140 22
 964 0170 BB6A     		ldr	r3, [r7, #40]
 965 0172 03F00103 		and	r3, r3, #1
 966              		.loc 1 1140 12
 967 0176 002B     		cmp	r3, #0
 968 0178 00F08E80 		beq	.L36
1141:Drivers/STM32F4xx_HAL_Driver/Src/stm32f4xx_hal_pcd.c ****         {
1142:Drivers/STM32F4xx_HAL_Driver/Src/stm32f4xx_hal_pcd.c ****           epint = USB_ReadDevOutEPInterrupt(hpcd->Instance, (uint8_t)epnum);
 969              		.loc 1 1142 49
 970 017c 7B68     		ldr	r3, [r7, #4]
 971 017e 1B68     		ldr	r3, [r3]
ARM GAS  /tmp/ccuGCwmi.s 			page 38


 972              		.loc 1 1142 19
 973 0180 7A6A     		ldr	r2, [r7, #36]
 974 0182 D2B2     		uxtb	r2, r2
 975 0184 1146     		mov	r1, r2
 976 0186 1846     		mov	r0, r3
 977 0188 FFF7FEFF 		bl	USB_ReadDevOutEPInterrupt
 978 018c 3861     		str	r0, [r7, #16]
1143:Drivers/STM32F4xx_HAL_Driver/Src/stm32f4xx_hal_pcd.c **** 
1144:Drivers/STM32F4xx_HAL_Driver/Src/stm32f4xx_hal_pcd.c ****           if ((epint & USB_OTG_DOEPINT_XFRC) == USB_OTG_DOEPINT_XFRC)
 979              		.loc 1 1144 22
 980 018e 3B69     		ldr	r3, [r7, #16]
 981 0190 03F00103 		and	r3, r3, #1
 982              		.loc 1 1144 14
 983 0194 002B     		cmp	r3, #0
 984 0196 0CD0     		beq	.L37
1145:Drivers/STM32F4xx_HAL_Driver/Src/stm32f4xx_hal_pcd.c ****           {
1146:Drivers/STM32F4xx_HAL_Driver/Src/stm32f4xx_hal_pcd.c ****             CLEAR_OUT_EP_INTR(epnum, USB_OTG_DOEPINT_XFRC);
 985              		.loc 1 1146 13
 986 0198 7B6A     		ldr	r3, [r7, #36]
 987 019a 5A01     		lsls	r2, r3, #5
 988 019c FB69     		ldr	r3, [r7, #28]
 989 019e 1344     		add	r3, r3, r2
 990 01a0 03F53063 		add	r3, r3, #2816
 991 01a4 1A46     		mov	r2, r3
 992 01a6 0123     		movs	r3, #1
 993 01a8 9360     		str	r3, [r2, #8]
1147:Drivers/STM32F4xx_HAL_Driver/Src/stm32f4xx_hal_pcd.c ****             (void)PCD_EP_OutXfrComplete_int(hpcd, epnum);
 994              		.loc 1 1147 19
 995 01aa 796A     		ldr	r1, [r7, #36]
 996 01ac 7868     		ldr	r0, [r7, #4]
 997 01ae FFF7FEFF 		bl	PCD_EP_OutXfrComplete_int
 998              	.L37:
1148:Drivers/STM32F4xx_HAL_Driver/Src/stm32f4xx_hal_pcd.c ****           }
1149:Drivers/STM32F4xx_HAL_Driver/Src/stm32f4xx_hal_pcd.c **** 
1150:Drivers/STM32F4xx_HAL_Driver/Src/stm32f4xx_hal_pcd.c ****           if ((epint & USB_OTG_DOEPINT_STUP) == USB_OTG_DOEPINT_STUP)
 999              		.loc 1 1150 22
 1000 01b2 3B69     		ldr	r3, [r7, #16]
 1001 01b4 03F00803 		and	r3, r3, #8
 1002              		.loc 1 1150 14
 1003 01b8 002B     		cmp	r3, #0
 1004 01ba 0CD0     		beq	.L38
1151:Drivers/STM32F4xx_HAL_Driver/Src/stm32f4xx_hal_pcd.c ****           {
1152:Drivers/STM32F4xx_HAL_Driver/Src/stm32f4xx_hal_pcd.c ****             CLEAR_OUT_EP_INTR(epnum, USB_OTG_DOEPINT_STUP);
 1005              		.loc 1 1152 13
 1006 01bc 7B6A     		ldr	r3, [r7, #36]
 1007 01be 5A01     		lsls	r2, r3, #5
 1008 01c0 FB69     		ldr	r3, [r7, #28]
 1009 01c2 1344     		add	r3, r3, r2
 1010 01c4 03F53063 		add	r3, r3, #2816
 1011 01c8 1A46     		mov	r2, r3
 1012 01ca 0823     		movs	r3, #8
 1013 01cc 9360     		str	r3, [r2, #8]
1153:Drivers/STM32F4xx_HAL_Driver/Src/stm32f4xx_hal_pcd.c ****             /* Class B setup phase done for previous decoded setup */
1154:Drivers/STM32F4xx_HAL_Driver/Src/stm32f4xx_hal_pcd.c ****             (void)PCD_EP_OutSetupPacket_int(hpcd, epnum);
 1014              		.loc 1 1154 19
 1015 01ce 796A     		ldr	r1, [r7, #36]
 1016 01d0 7868     		ldr	r0, [r7, #4]
ARM GAS  /tmp/ccuGCwmi.s 			page 39


 1017 01d2 FFF7FEFF 		bl	PCD_EP_OutSetupPacket_int
 1018              	.L38:
1155:Drivers/STM32F4xx_HAL_Driver/Src/stm32f4xx_hal_pcd.c ****           }
1156:Drivers/STM32F4xx_HAL_Driver/Src/stm32f4xx_hal_pcd.c **** 
1157:Drivers/STM32F4xx_HAL_Driver/Src/stm32f4xx_hal_pcd.c ****           if ((epint & USB_OTG_DOEPINT_OTEPDIS) == USB_OTG_DOEPINT_OTEPDIS)
 1019              		.loc 1 1157 22
 1020 01d6 3B69     		ldr	r3, [r7, #16]
 1021 01d8 03F01003 		and	r3, r3, #16
 1022              		.loc 1 1157 14
 1023 01dc 002B     		cmp	r3, #0
 1024 01de 08D0     		beq	.L39
1158:Drivers/STM32F4xx_HAL_Driver/Src/stm32f4xx_hal_pcd.c ****           {
1159:Drivers/STM32F4xx_HAL_Driver/Src/stm32f4xx_hal_pcd.c ****             CLEAR_OUT_EP_INTR(epnum, USB_OTG_DOEPINT_OTEPDIS);
 1025              		.loc 1 1159 13
 1026 01e0 7B6A     		ldr	r3, [r7, #36]
 1027 01e2 5A01     		lsls	r2, r3, #5
 1028 01e4 FB69     		ldr	r3, [r7, #28]
 1029 01e6 1344     		add	r3, r3, r2
 1030 01e8 03F53063 		add	r3, r3, #2816
 1031 01ec 1A46     		mov	r2, r3
 1032 01ee 1023     		movs	r3, #16
 1033 01f0 9360     		str	r3, [r2, #8]
 1034              	.L39:
1160:Drivers/STM32F4xx_HAL_Driver/Src/stm32f4xx_hal_pcd.c ****           }
1161:Drivers/STM32F4xx_HAL_Driver/Src/stm32f4xx_hal_pcd.c **** 
1162:Drivers/STM32F4xx_HAL_Driver/Src/stm32f4xx_hal_pcd.c ****           /* Clear OUT Endpoint disable interrupt */
1163:Drivers/STM32F4xx_HAL_Driver/Src/stm32f4xx_hal_pcd.c ****           if ((epint & USB_OTG_DOEPINT_EPDISD) == USB_OTG_DOEPINT_EPDISD)
 1035              		.loc 1 1163 22
 1036 01f2 3B69     		ldr	r3, [r7, #16]
 1037 01f4 03F00203 		and	r3, r3, #2
 1038              		.loc 1 1163 14
 1039 01f8 002B     		cmp	r3, #0
 1040 01fa 30D0     		beq	.L40
1164:Drivers/STM32F4xx_HAL_Driver/Src/stm32f4xx_hal_pcd.c ****           {
1165:Drivers/STM32F4xx_HAL_Driver/Src/stm32f4xx_hal_pcd.c ****             if ((USBx->GINTSTS & USB_OTG_GINTSTS_BOUTNAKEFF) == USB_OTG_GINTSTS_BOUTNAKEFF)
 1041              		.loc 1 1165 22
 1042 01fc 3B6A     		ldr	r3, [r7, #32]
 1043 01fe 5B69     		ldr	r3, [r3, #20]
 1044              		.loc 1 1165 32
 1045 0200 03F08003 		and	r3, r3, #128
 1046              		.loc 1 1165 16
 1047 0204 802B     		cmp	r3, #128
 1048 0206 09D1     		bne	.L41
1166:Drivers/STM32F4xx_HAL_Driver/Src/stm32f4xx_hal_pcd.c ****             {
1167:Drivers/STM32F4xx_HAL_Driver/Src/stm32f4xx_hal_pcd.c ****               USBx_DEVICE->DCTL |= USB_OTG_DCTL_CGONAK;
 1049              		.loc 1 1167 26
 1050 0208 FB69     		ldr	r3, [r7, #28]
 1051 020a 03F50063 		add	r3, r3, #2048
 1052 020e 5B68     		ldr	r3, [r3, #4]
 1053 0210 FA69     		ldr	r2, [r7, #28]
 1054 0212 02F50062 		add	r2, r2, #2048
 1055              		.loc 1 1167 33
 1056 0216 43F48063 		orr	r3, r3, #1024
 1057 021a 5360     		str	r3, [r2, #4]
 1058              	.L41:
1168:Drivers/STM32F4xx_HAL_Driver/Src/stm32f4xx_hal_pcd.c ****             }
1169:Drivers/STM32F4xx_HAL_Driver/Src/stm32f4xx_hal_pcd.c **** 
ARM GAS  /tmp/ccuGCwmi.s 			page 40


1170:Drivers/STM32F4xx_HAL_Driver/Src/stm32f4xx_hal_pcd.c ****             ep = &hpcd->OUT_ep[epnum];
 1059              		.loc 1 1170 16
 1060 021c 7A6A     		ldr	r2, [r7, #36]
 1061 021e 1346     		mov	r3, r2
 1062 0220 DB00     		lsls	r3, r3, #3
 1063 0222 1344     		add	r3, r3, r2
 1064 0224 9B00     		lsls	r3, r3, #2
 1065 0226 03F51473 		add	r3, r3, #592
 1066 022a 7A68     		ldr	r2, [r7, #4]
 1067 022c 1344     		add	r3, r3, r2
 1068 022e 0433     		adds	r3, r3, #4
 1069 0230 7B61     		str	r3, [r7, #20]
1171:Drivers/STM32F4xx_HAL_Driver/Src/stm32f4xx_hal_pcd.c **** 
1172:Drivers/STM32F4xx_HAL_Driver/Src/stm32f4xx_hal_pcd.c ****             if (ep->is_iso_incomplete == 1U)
 1070              		.loc 1 1172 19
 1071 0232 7B69     		ldr	r3, [r7, #20]
 1072 0234 DB78     		ldrb	r3, [r3, #3]	@ zero_extendqisi2
 1073              		.loc 1 1172 16
 1074 0236 012B     		cmp	r3, #1
 1075 0238 08D1     		bne	.L42
1173:Drivers/STM32F4xx_HAL_Driver/Src/stm32f4xx_hal_pcd.c ****             {
1174:Drivers/STM32F4xx_HAL_Driver/Src/stm32f4xx_hal_pcd.c ****               ep->is_iso_incomplete = 0U;
 1076              		.loc 1 1174 37
 1077 023a 7B69     		ldr	r3, [r7, #20]
 1078 023c 0022     		movs	r2, #0
 1079 023e DA70     		strb	r2, [r3, #3]
1175:Drivers/STM32F4xx_HAL_Driver/Src/stm32f4xx_hal_pcd.c **** 
1176:Drivers/STM32F4xx_HAL_Driver/Src/stm32f4xx_hal_pcd.c **** #if (USE_HAL_PCD_REGISTER_CALLBACKS == 1U)
1177:Drivers/STM32F4xx_HAL_Driver/Src/stm32f4xx_hal_pcd.c ****               hpcd->ISOOUTIncompleteCallback(hpcd, (uint8_t)epnum);
1178:Drivers/STM32F4xx_HAL_Driver/Src/stm32f4xx_hal_pcd.c **** #else
1179:Drivers/STM32F4xx_HAL_Driver/Src/stm32f4xx_hal_pcd.c ****               HAL_PCD_ISOOUTIncompleteCallback(hpcd, (uint8_t)epnum);
 1080              		.loc 1 1179 15
 1081 0240 7B6A     		ldr	r3, [r7, #36]
 1082 0242 DBB2     		uxtb	r3, r3
 1083 0244 1946     		mov	r1, r3
 1084 0246 7868     		ldr	r0, [r7, #4]
 1085 0248 FFF7FEFF 		bl	HAL_PCD_ISOOUTIncompleteCallback
 1086              	.L42:
1180:Drivers/STM32F4xx_HAL_Driver/Src/stm32f4xx_hal_pcd.c **** #endif /* USE_HAL_PCD_REGISTER_CALLBACKS */
1181:Drivers/STM32F4xx_HAL_Driver/Src/stm32f4xx_hal_pcd.c ****             }
1182:Drivers/STM32F4xx_HAL_Driver/Src/stm32f4xx_hal_pcd.c **** 
1183:Drivers/STM32F4xx_HAL_Driver/Src/stm32f4xx_hal_pcd.c ****             CLEAR_OUT_EP_INTR(epnum, USB_OTG_DOEPINT_EPDISD);
 1087              		.loc 1 1183 13
 1088 024c 7B6A     		ldr	r3, [r7, #36]
 1089 024e 5A01     		lsls	r2, r3, #5
 1090 0250 FB69     		ldr	r3, [r7, #28]
 1091 0252 1344     		add	r3, r3, r2
 1092 0254 03F53063 		add	r3, r3, #2816
 1093 0258 1A46     		mov	r2, r3
 1094 025a 0223     		movs	r3, #2
 1095 025c 9360     		str	r3, [r2, #8]
 1096              	.L40:
1184:Drivers/STM32F4xx_HAL_Driver/Src/stm32f4xx_hal_pcd.c ****           }
1185:Drivers/STM32F4xx_HAL_Driver/Src/stm32f4xx_hal_pcd.c **** 
1186:Drivers/STM32F4xx_HAL_Driver/Src/stm32f4xx_hal_pcd.c ****           /* Clear Status Phase Received interrupt */
1187:Drivers/STM32F4xx_HAL_Driver/Src/stm32f4xx_hal_pcd.c ****           if ((epint & USB_OTG_DOEPINT_OTEPSPR) == USB_OTG_DOEPINT_OTEPSPR)
 1097              		.loc 1 1187 22
ARM GAS  /tmp/ccuGCwmi.s 			page 41


 1098 025e 3B69     		ldr	r3, [r7, #16]
 1099 0260 03F02003 		and	r3, r3, #32
 1100              		.loc 1 1187 14
 1101 0264 002B     		cmp	r3, #0
 1102 0266 08D0     		beq	.L43
1188:Drivers/STM32F4xx_HAL_Driver/Src/stm32f4xx_hal_pcd.c ****           {
1189:Drivers/STM32F4xx_HAL_Driver/Src/stm32f4xx_hal_pcd.c ****             CLEAR_OUT_EP_INTR(epnum, USB_OTG_DOEPINT_OTEPSPR);
 1103              		.loc 1 1189 13
 1104 0268 7B6A     		ldr	r3, [r7, #36]
 1105 026a 5A01     		lsls	r2, r3, #5
 1106 026c FB69     		ldr	r3, [r7, #28]
 1107 026e 1344     		add	r3, r3, r2
 1108 0270 03F53063 		add	r3, r3, #2816
 1109 0274 1A46     		mov	r2, r3
 1110 0276 2023     		movs	r3, #32
 1111 0278 9360     		str	r3, [r2, #8]
 1112              	.L43:
1190:Drivers/STM32F4xx_HAL_Driver/Src/stm32f4xx_hal_pcd.c ****           }
1191:Drivers/STM32F4xx_HAL_Driver/Src/stm32f4xx_hal_pcd.c **** 
1192:Drivers/STM32F4xx_HAL_Driver/Src/stm32f4xx_hal_pcd.c ****           /* Clear OUT NAK interrupt */
1193:Drivers/STM32F4xx_HAL_Driver/Src/stm32f4xx_hal_pcd.c ****           if ((epint & USB_OTG_DOEPINT_NAK) == USB_OTG_DOEPINT_NAK)
 1113              		.loc 1 1193 22
 1114 027a 3B69     		ldr	r3, [r7, #16]
 1115 027c 03F40053 		and	r3, r3, #8192
 1116              		.loc 1 1193 14
 1117 0280 002B     		cmp	r3, #0
 1118 0282 09D0     		beq	.L36
1194:Drivers/STM32F4xx_HAL_Driver/Src/stm32f4xx_hal_pcd.c ****           {
1195:Drivers/STM32F4xx_HAL_Driver/Src/stm32f4xx_hal_pcd.c ****             CLEAR_OUT_EP_INTR(epnum, USB_OTG_DOEPINT_NAK);
 1119              		.loc 1 1195 13
 1120 0284 7B6A     		ldr	r3, [r7, #36]
 1121 0286 5A01     		lsls	r2, r3, #5
 1122 0288 FB69     		ldr	r3, [r7, #28]
 1123 028a 1344     		add	r3, r3, r2
 1124 028c 03F53063 		add	r3, r3, #2816
 1125 0290 1A46     		mov	r2, r3
 1126 0292 4FF40053 		mov	r3, #8192
 1127 0296 9360     		str	r3, [r2, #8]
 1128              	.L36:
1196:Drivers/STM32F4xx_HAL_Driver/Src/stm32f4xx_hal_pcd.c ****           }
1197:Drivers/STM32F4xx_HAL_Driver/Src/stm32f4xx_hal_pcd.c ****         }
1198:Drivers/STM32F4xx_HAL_Driver/Src/stm32f4xx_hal_pcd.c ****         epnum++;
 1129              		.loc 1 1198 14
 1130 0298 7B6A     		ldr	r3, [r7, #36]
 1131 029a 0133     		adds	r3, r3, #1
 1132 029c 7B62     		str	r3, [r7, #36]
1199:Drivers/STM32F4xx_HAL_Driver/Src/stm32f4xx_hal_pcd.c ****         ep_intr >>= 1U;
 1133              		.loc 1 1199 17
 1134 029e BB6A     		ldr	r3, [r7, #40]
 1135 02a0 5B08     		lsrs	r3, r3, #1
 1136 02a2 BB62     		str	r3, [r7, #40]
 1137              	.L35:
1138:Drivers/STM32F4xx_HAL_Driver/Src/stm32f4xx_hal_pcd.c ****       {
 1138              		.loc 1 1138 22
 1139 02a4 BB6A     		ldr	r3, [r7, #40]
 1140 02a6 002B     		cmp	r3, #0
 1141 02a8 7FF462AF 		bne	.L44
ARM GAS  /tmp/ccuGCwmi.s 			page 42


 1142              	.L34:
1200:Drivers/STM32F4xx_HAL_Driver/Src/stm32f4xx_hal_pcd.c ****       }
1201:Drivers/STM32F4xx_HAL_Driver/Src/stm32f4xx_hal_pcd.c ****     }
1202:Drivers/STM32F4xx_HAL_Driver/Src/stm32f4xx_hal_pcd.c **** 
1203:Drivers/STM32F4xx_HAL_Driver/Src/stm32f4xx_hal_pcd.c ****     if (__HAL_PCD_GET_FLAG(hpcd, USB_OTG_GINTSTS_IEPINT))
 1143              		.loc 1 1203 9
 1144 02ac 7B68     		ldr	r3, [r7, #4]
 1145 02ae 1B68     		ldr	r3, [r3]
 1146 02b0 1846     		mov	r0, r3
 1147 02b2 FFF7FEFF 		bl	USB_ReadInterrupts
 1148 02b6 0346     		mov	r3, r0
 1149              		.loc 1 1203 9 is_stmt 0 discriminator 1
 1150 02b8 03F48023 		and	r3, r3, #262144
 1151              		.loc 1 1203 8 is_stmt 1 discriminator 1
 1152 02bc B3F5802F 		cmp	r3, #262144
 1153 02c0 40F0DB80 		bne	.L45
1204:Drivers/STM32F4xx_HAL_Driver/Src/stm32f4xx_hal_pcd.c ****     {
1205:Drivers/STM32F4xx_HAL_Driver/Src/stm32f4xx_hal_pcd.c ****       /* Read in the device interrupt bits */
1206:Drivers/STM32F4xx_HAL_Driver/Src/stm32f4xx_hal_pcd.c ****       ep_intr = USB_ReadDevAllInEpInterrupt(hpcd->Instance);
 1154              		.loc 1 1206 49
 1155 02c4 7B68     		ldr	r3, [r7, #4]
 1156 02c6 1B68     		ldr	r3, [r3]
 1157              		.loc 1 1206 17
 1158 02c8 1846     		mov	r0, r3
 1159 02ca FFF7FEFF 		bl	USB_ReadDevAllInEpInterrupt
 1160 02ce B862     		str	r0, [r7, #40]
1207:Drivers/STM32F4xx_HAL_Driver/Src/stm32f4xx_hal_pcd.c **** 
1208:Drivers/STM32F4xx_HAL_Driver/Src/stm32f4xx_hal_pcd.c ****       epnum = 0U;
 1161              		.loc 1 1208 13
 1162 02d0 0023     		movs	r3, #0
 1163 02d2 7B62     		str	r3, [r7, #36]
1209:Drivers/STM32F4xx_HAL_Driver/Src/stm32f4xx_hal_pcd.c **** 
1210:Drivers/STM32F4xx_HAL_Driver/Src/stm32f4xx_hal_pcd.c ****       while (ep_intr != 0U)
 1164              		.loc 1 1210 13
 1165 02d4 CDE0     		b	.L46
 1166              	.L55:
1211:Drivers/STM32F4xx_HAL_Driver/Src/stm32f4xx_hal_pcd.c ****       {
1212:Drivers/STM32F4xx_HAL_Driver/Src/stm32f4xx_hal_pcd.c ****         if ((ep_intr & 0x1U) != 0U) /* In ITR */
 1167              		.loc 1 1212 22
 1168 02d6 BB6A     		ldr	r3, [r7, #40]
 1169 02d8 03F00103 		and	r3, r3, #1
 1170              		.loc 1 1212 12
 1171 02dc 002B     		cmp	r3, #0
 1172 02de 00F0C280 		beq	.L47
1213:Drivers/STM32F4xx_HAL_Driver/Src/stm32f4xx_hal_pcd.c ****         {
1214:Drivers/STM32F4xx_HAL_Driver/Src/stm32f4xx_hal_pcd.c ****           epint = USB_ReadDevInEPInterrupt(hpcd->Instance, (uint8_t)epnum);
 1173              		.loc 1 1214 48
 1174 02e2 7B68     		ldr	r3, [r7, #4]
 1175 02e4 1B68     		ldr	r3, [r3]
 1176              		.loc 1 1214 19
 1177 02e6 7A6A     		ldr	r2, [r7, #36]
 1178 02e8 D2B2     		uxtb	r2, r2
 1179 02ea 1146     		mov	r1, r2
 1180 02ec 1846     		mov	r0, r3
 1181 02ee FFF7FEFF 		bl	USB_ReadDevInEPInterrupt
 1182 02f2 3861     		str	r0, [r7, #16]
1215:Drivers/STM32F4xx_HAL_Driver/Src/stm32f4xx_hal_pcd.c **** 
ARM GAS  /tmp/ccuGCwmi.s 			page 43


1216:Drivers/STM32F4xx_HAL_Driver/Src/stm32f4xx_hal_pcd.c ****           if ((epint & USB_OTG_DIEPINT_XFRC) == USB_OTG_DIEPINT_XFRC)
 1183              		.loc 1 1216 22
 1184 02f4 3B69     		ldr	r3, [r7, #16]
 1185 02f6 03F00103 		and	r3, r3, #1
 1186              		.loc 1 1216 14
 1187 02fa 002B     		cmp	r3, #0
 1188 02fc 57D0     		beq	.L48
1217:Drivers/STM32F4xx_HAL_Driver/Src/stm32f4xx_hal_pcd.c ****           {
1218:Drivers/STM32F4xx_HAL_Driver/Src/stm32f4xx_hal_pcd.c ****             fifoemptymsk = (uint32_t)(0x1UL << (epnum & EP_ADDR_MSK));
 1189              		.loc 1 1218 55
 1190 02fe 7B6A     		ldr	r3, [r7, #36]
 1191 0300 03F00F03 		and	r3, r3, #15
 1192              		.loc 1 1218 26
 1193 0304 0122     		movs	r2, #1
 1194 0306 02FA03F3 		lsl	r3, r2, r3
 1195 030a FB60     		str	r3, [r7, #12]
1219:Drivers/STM32F4xx_HAL_Driver/Src/stm32f4xx_hal_pcd.c ****             USBx_DEVICE->DIEPEMPMSK &= ~fifoemptymsk;
 1196              		.loc 1 1219 24
 1197 030c FB69     		ldr	r3, [r7, #28]
 1198 030e 03F50063 		add	r3, r3, #2048
 1199 0312 5A6B     		ldr	r2, [r3, #52]
 1200              		.loc 1 1219 40
 1201 0314 FB68     		ldr	r3, [r7, #12]
 1202 0316 DB43     		mvns	r3, r3
 1203              		.loc 1 1219 24
 1204 0318 F969     		ldr	r1, [r7, #28]
 1205 031a 01F50061 		add	r1, r1, #2048
 1206              		.loc 1 1219 37
 1207 031e 1340     		ands	r3, r3, r2
 1208 0320 4B63     		str	r3, [r1, #52]
1220:Drivers/STM32F4xx_HAL_Driver/Src/stm32f4xx_hal_pcd.c **** 
1221:Drivers/STM32F4xx_HAL_Driver/Src/stm32f4xx_hal_pcd.c ****             CLEAR_IN_EP_INTR(epnum, USB_OTG_DIEPINT_XFRC);
 1209              		.loc 1 1221 13
 1210 0322 7B6A     		ldr	r3, [r7, #36]
 1211 0324 5A01     		lsls	r2, r3, #5
 1212 0326 FB69     		ldr	r3, [r7, #28]
 1213 0328 1344     		add	r3, r3, r2
 1214 032a 03F51063 		add	r3, r3, #2304
 1215 032e 1A46     		mov	r2, r3
 1216 0330 0123     		movs	r3, #1
 1217 0332 9360     		str	r3, [r2, #8]
1222:Drivers/STM32F4xx_HAL_Driver/Src/stm32f4xx_hal_pcd.c **** 
1223:Drivers/STM32F4xx_HAL_Driver/Src/stm32f4xx_hal_pcd.c ****             if (hpcd->Init.dma_enable == 1U)
 1218              		.loc 1 1223 27
 1219 0334 7B68     		ldr	r3, [r7, #4]
 1220 0336 9B79     		ldrb	r3, [r3, #6]	@ zero_extendqisi2
 1221              		.loc 1 1223 16
 1222 0338 012B     		cmp	r3, #1
 1223 033a 32D1     		bne	.L49
1224:Drivers/STM32F4xx_HAL_Driver/Src/stm32f4xx_hal_pcd.c ****             {
1225:Drivers/STM32F4xx_HAL_Driver/Src/stm32f4xx_hal_pcd.c ****               hpcd->IN_ep[epnum].xfer_buff += hpcd->IN_ep[epnum].maxpacket;
 1224              		.loc 1 1225 33
 1225 033c 7968     		ldr	r1, [r7, #4]
 1226 033e 7A6A     		ldr	r2, [r7, #36]
 1227 0340 1346     		mov	r3, r2
 1228 0342 DB00     		lsls	r3, r3, #3
 1229 0344 1344     		add	r3, r3, r2
ARM GAS  /tmp/ccuGCwmi.s 			page 44


 1230 0346 9B00     		lsls	r3, r3, #2
 1231 0348 0B44     		add	r3, r3, r1
 1232 034a 2033     		adds	r3, r3, #32
 1233 034c 1968     		ldr	r1, [r3]
 1234              		.loc 1 1225 65
 1235 034e 7868     		ldr	r0, [r7, #4]
 1236 0350 7A6A     		ldr	r2, [r7, #36]
 1237 0352 1346     		mov	r3, r2
 1238 0354 DB00     		lsls	r3, r3, #3
 1239 0356 1344     		add	r3, r3, r2
 1240 0358 9B00     		lsls	r3, r3, #2
 1241 035a 0344     		add	r3, r3, r0
 1242 035c 1C33     		adds	r3, r3, #28
 1243 035e 1B68     		ldr	r3, [r3]
 1244              		.loc 1 1225 44
 1245 0360 1944     		add	r1, r1, r3
 1246 0362 7868     		ldr	r0, [r7, #4]
 1247 0364 7A6A     		ldr	r2, [r7, #36]
 1248 0366 1346     		mov	r3, r2
 1249 0368 DB00     		lsls	r3, r3, #3
 1250 036a 1344     		add	r3, r3, r2
 1251 036c 9B00     		lsls	r3, r3, #2
 1252 036e 0344     		add	r3, r3, r0
 1253 0370 2033     		adds	r3, r3, #32
 1254 0372 1960     		str	r1, [r3]
1226:Drivers/STM32F4xx_HAL_Driver/Src/stm32f4xx_hal_pcd.c **** 
1227:Drivers/STM32F4xx_HAL_Driver/Src/stm32f4xx_hal_pcd.c ****               /* this is ZLP, so prepare EP0 for next setup */
1228:Drivers/STM32F4xx_HAL_Driver/Src/stm32f4xx_hal_pcd.c ****               if ((epnum == 0U) && (hpcd->IN_ep[epnum].xfer_len == 0U))
 1255              		.loc 1 1228 18
 1256 0374 7B6A     		ldr	r3, [r7, #36]
 1257 0376 002B     		cmp	r3, #0
 1258 0378 13D1     		bne	.L49
 1259              		.loc 1 1228 55 discriminator 1
 1260 037a 7968     		ldr	r1, [r7, #4]
 1261 037c 7A6A     		ldr	r2, [r7, #36]
 1262 037e 1346     		mov	r3, r2
 1263 0380 DB00     		lsls	r3, r3, #3
 1264 0382 1344     		add	r3, r3, r2
 1265 0384 9B00     		lsls	r3, r3, #2
 1266 0386 0B44     		add	r3, r3, r1
 1267 0388 2433     		adds	r3, r3, #36
 1268 038a 1B68     		ldr	r3, [r3]
 1269              		.loc 1 1228 33 discriminator 1
 1270 038c 002B     		cmp	r3, #0
 1271 038e 08D1     		bne	.L49
1229:Drivers/STM32F4xx_HAL_Driver/Src/stm32f4xx_hal_pcd.c ****               {
1230:Drivers/STM32F4xx_HAL_Driver/Src/stm32f4xx_hal_pcd.c ****                 /* prepare to rx more setup packets */
1231:Drivers/STM32F4xx_HAL_Driver/Src/stm32f4xx_hal_pcd.c ****                 (void)USB_EP0_OutStart(hpcd->Instance, 1U, (uint8_t *)hpcd->Setup);
 1272              		.loc 1 1231 44
 1273 0390 7B68     		ldr	r3, [r7, #4]
 1274 0392 1868     		ldr	r0, [r3]
 1275              		.loc 1 1231 71
 1276 0394 7B68     		ldr	r3, [r7, #4]
 1277 0396 03F29C43 		addw	r3, r3, #1180
 1278              		.loc 1 1231 23
 1279 039a 1A46     		mov	r2, r3
 1280 039c 0121     		movs	r1, #1
ARM GAS  /tmp/ccuGCwmi.s 			page 45


 1281 039e FFF7FEFF 		bl	USB_EP0_OutStart
 1282              	.L49:
1232:Drivers/STM32F4xx_HAL_Driver/Src/stm32f4xx_hal_pcd.c ****               }
1233:Drivers/STM32F4xx_HAL_Driver/Src/stm32f4xx_hal_pcd.c ****             }
1234:Drivers/STM32F4xx_HAL_Driver/Src/stm32f4xx_hal_pcd.c **** 
1235:Drivers/STM32F4xx_HAL_Driver/Src/stm32f4xx_hal_pcd.c **** #if (USE_HAL_PCD_REGISTER_CALLBACKS == 1U)
1236:Drivers/STM32F4xx_HAL_Driver/Src/stm32f4xx_hal_pcd.c ****             hpcd->DataInStageCallback(hpcd, (uint8_t)epnum);
1237:Drivers/STM32F4xx_HAL_Driver/Src/stm32f4xx_hal_pcd.c **** #else
1238:Drivers/STM32F4xx_HAL_Driver/Src/stm32f4xx_hal_pcd.c ****             HAL_PCD_DataInStageCallback(hpcd, (uint8_t)epnum);
 1283              		.loc 1 1238 13
 1284 03a2 7B6A     		ldr	r3, [r7, #36]
 1285 03a4 DBB2     		uxtb	r3, r3
 1286 03a6 1946     		mov	r1, r3
 1287 03a8 7868     		ldr	r0, [r7, #4]
 1288 03aa FFF7FEFF 		bl	HAL_PCD_DataInStageCallback
 1289              	.L48:
1239:Drivers/STM32F4xx_HAL_Driver/Src/stm32f4xx_hal_pcd.c **** #endif /* USE_HAL_PCD_REGISTER_CALLBACKS */
1240:Drivers/STM32F4xx_HAL_Driver/Src/stm32f4xx_hal_pcd.c ****           }
1241:Drivers/STM32F4xx_HAL_Driver/Src/stm32f4xx_hal_pcd.c ****           if ((epint & USB_OTG_DIEPINT_TOC) == USB_OTG_DIEPINT_TOC)
 1290              		.loc 1 1241 22
 1291 03ae 3B69     		ldr	r3, [r7, #16]
 1292 03b0 03F00803 		and	r3, r3, #8
 1293              		.loc 1 1241 14
 1294 03b4 002B     		cmp	r3, #0
 1295 03b6 08D0     		beq	.L50
1242:Drivers/STM32F4xx_HAL_Driver/Src/stm32f4xx_hal_pcd.c ****           {
1243:Drivers/STM32F4xx_HAL_Driver/Src/stm32f4xx_hal_pcd.c ****             CLEAR_IN_EP_INTR(epnum, USB_OTG_DIEPINT_TOC);
 1296              		.loc 1 1243 13
 1297 03b8 7B6A     		ldr	r3, [r7, #36]
 1298 03ba 5A01     		lsls	r2, r3, #5
 1299 03bc FB69     		ldr	r3, [r7, #28]
 1300 03be 1344     		add	r3, r3, r2
 1301 03c0 03F51063 		add	r3, r3, #2304
 1302 03c4 1A46     		mov	r2, r3
 1303 03c6 0823     		movs	r3, #8
 1304 03c8 9360     		str	r3, [r2, #8]
 1305              	.L50:
1244:Drivers/STM32F4xx_HAL_Driver/Src/stm32f4xx_hal_pcd.c ****           }
1245:Drivers/STM32F4xx_HAL_Driver/Src/stm32f4xx_hal_pcd.c ****           if ((epint & USB_OTG_DIEPINT_ITTXFE) == USB_OTG_DIEPINT_ITTXFE)
 1306              		.loc 1 1245 22
 1307 03ca 3B69     		ldr	r3, [r7, #16]
 1308 03cc 03F01003 		and	r3, r3, #16
 1309              		.loc 1 1245 14
 1310 03d0 002B     		cmp	r3, #0
 1311 03d2 08D0     		beq	.L51
1246:Drivers/STM32F4xx_HAL_Driver/Src/stm32f4xx_hal_pcd.c ****           {
1247:Drivers/STM32F4xx_HAL_Driver/Src/stm32f4xx_hal_pcd.c ****             CLEAR_IN_EP_INTR(epnum, USB_OTG_DIEPINT_ITTXFE);
 1312              		.loc 1 1247 13
 1313 03d4 7B6A     		ldr	r3, [r7, #36]
 1314 03d6 5A01     		lsls	r2, r3, #5
 1315 03d8 FB69     		ldr	r3, [r7, #28]
 1316 03da 1344     		add	r3, r3, r2
 1317 03dc 03F51063 		add	r3, r3, #2304
 1318 03e0 1A46     		mov	r2, r3
 1319 03e2 1023     		movs	r3, #16
 1320 03e4 9360     		str	r3, [r2, #8]
 1321              	.L51:
ARM GAS  /tmp/ccuGCwmi.s 			page 46


1248:Drivers/STM32F4xx_HAL_Driver/Src/stm32f4xx_hal_pcd.c ****           }
1249:Drivers/STM32F4xx_HAL_Driver/Src/stm32f4xx_hal_pcd.c ****           if ((epint & USB_OTG_DIEPINT_INEPNE) == USB_OTG_DIEPINT_INEPNE)
 1322              		.loc 1 1249 22
 1323 03e6 3B69     		ldr	r3, [r7, #16]
 1324 03e8 03F04003 		and	r3, r3, #64
 1325              		.loc 1 1249 14
 1326 03ec 002B     		cmp	r3, #0
 1327 03ee 08D0     		beq	.L52
1250:Drivers/STM32F4xx_HAL_Driver/Src/stm32f4xx_hal_pcd.c ****           {
1251:Drivers/STM32F4xx_HAL_Driver/Src/stm32f4xx_hal_pcd.c ****             CLEAR_IN_EP_INTR(epnum, USB_OTG_DIEPINT_INEPNE);
 1328              		.loc 1 1251 13
 1329 03f0 7B6A     		ldr	r3, [r7, #36]
 1330 03f2 5A01     		lsls	r2, r3, #5
 1331 03f4 FB69     		ldr	r3, [r7, #28]
 1332 03f6 1344     		add	r3, r3, r2
 1333 03f8 03F51063 		add	r3, r3, #2304
 1334 03fc 1A46     		mov	r2, r3
 1335 03fe 4023     		movs	r3, #64
 1336 0400 9360     		str	r3, [r2, #8]
 1337              	.L52:
1252:Drivers/STM32F4xx_HAL_Driver/Src/stm32f4xx_hal_pcd.c ****           }
1253:Drivers/STM32F4xx_HAL_Driver/Src/stm32f4xx_hal_pcd.c ****           if ((epint & USB_OTG_DIEPINT_EPDISD) == USB_OTG_DIEPINT_EPDISD)
 1338              		.loc 1 1253 22
 1339 0402 3B69     		ldr	r3, [r7, #16]
 1340 0404 03F00203 		and	r3, r3, #2
 1341              		.loc 1 1253 14
 1342 0408 002B     		cmp	r3, #0
 1343 040a 23D0     		beq	.L53
1254:Drivers/STM32F4xx_HAL_Driver/Src/stm32f4xx_hal_pcd.c ****           {
1255:Drivers/STM32F4xx_HAL_Driver/Src/stm32f4xx_hal_pcd.c ****             (void)USB_FlushTxFifo(USBx, epnum);
 1344              		.loc 1 1255 19
 1345 040c 796A     		ldr	r1, [r7, #36]
 1346 040e 386A     		ldr	r0, [r7, #32]
 1347 0410 FFF7FEFF 		bl	USB_FlushTxFifo
1256:Drivers/STM32F4xx_HAL_Driver/Src/stm32f4xx_hal_pcd.c **** 
1257:Drivers/STM32F4xx_HAL_Driver/Src/stm32f4xx_hal_pcd.c ****             ep = &hpcd->IN_ep[epnum];
 1348              		.loc 1 1257 16
 1349 0414 7A6A     		ldr	r2, [r7, #36]
 1350 0416 1346     		mov	r3, r2
 1351 0418 DB00     		lsls	r3, r3, #3
 1352 041a 1344     		add	r3, r3, r2
 1353 041c 9B00     		lsls	r3, r3, #2
 1354 041e 1033     		adds	r3, r3, #16
 1355 0420 7A68     		ldr	r2, [r7, #4]
 1356 0422 1344     		add	r3, r3, r2
 1357 0424 0433     		adds	r3, r3, #4
 1358 0426 7B61     		str	r3, [r7, #20]
1258:Drivers/STM32F4xx_HAL_Driver/Src/stm32f4xx_hal_pcd.c **** 
1259:Drivers/STM32F4xx_HAL_Driver/Src/stm32f4xx_hal_pcd.c ****             if (ep->is_iso_incomplete == 1U)
 1359              		.loc 1 1259 19
 1360 0428 7B69     		ldr	r3, [r7, #20]
 1361 042a DB78     		ldrb	r3, [r3, #3]	@ zero_extendqisi2
 1362              		.loc 1 1259 16
 1363 042c 012B     		cmp	r3, #1
 1364 042e 08D1     		bne	.L54
1260:Drivers/STM32F4xx_HAL_Driver/Src/stm32f4xx_hal_pcd.c ****             {
1261:Drivers/STM32F4xx_HAL_Driver/Src/stm32f4xx_hal_pcd.c ****               ep->is_iso_incomplete = 0U;
ARM GAS  /tmp/ccuGCwmi.s 			page 47


 1365              		.loc 1 1261 37
 1366 0430 7B69     		ldr	r3, [r7, #20]
 1367 0432 0022     		movs	r2, #0
 1368 0434 DA70     		strb	r2, [r3, #3]
1262:Drivers/STM32F4xx_HAL_Driver/Src/stm32f4xx_hal_pcd.c **** 
1263:Drivers/STM32F4xx_HAL_Driver/Src/stm32f4xx_hal_pcd.c **** #if (USE_HAL_PCD_REGISTER_CALLBACKS == 1U)
1264:Drivers/STM32F4xx_HAL_Driver/Src/stm32f4xx_hal_pcd.c ****               hpcd->ISOINIncompleteCallback(hpcd, (uint8_t)epnum);
1265:Drivers/STM32F4xx_HAL_Driver/Src/stm32f4xx_hal_pcd.c **** #else
1266:Drivers/STM32F4xx_HAL_Driver/Src/stm32f4xx_hal_pcd.c ****               HAL_PCD_ISOINIncompleteCallback(hpcd, (uint8_t)epnum);
 1369              		.loc 1 1266 15
 1370 0436 7B6A     		ldr	r3, [r7, #36]
 1371 0438 DBB2     		uxtb	r3, r3
 1372 043a 1946     		mov	r1, r3
 1373 043c 7868     		ldr	r0, [r7, #4]
 1374 043e FFF7FEFF 		bl	HAL_PCD_ISOINIncompleteCallback
 1375              	.L54:
1267:Drivers/STM32F4xx_HAL_Driver/Src/stm32f4xx_hal_pcd.c **** #endif /* USE_HAL_PCD_REGISTER_CALLBACKS */
1268:Drivers/STM32F4xx_HAL_Driver/Src/stm32f4xx_hal_pcd.c ****             }
1269:Drivers/STM32F4xx_HAL_Driver/Src/stm32f4xx_hal_pcd.c **** 
1270:Drivers/STM32F4xx_HAL_Driver/Src/stm32f4xx_hal_pcd.c ****             CLEAR_IN_EP_INTR(epnum, USB_OTG_DIEPINT_EPDISD);
 1376              		.loc 1 1270 13
 1377 0442 7B6A     		ldr	r3, [r7, #36]
 1378 0444 5A01     		lsls	r2, r3, #5
 1379 0446 FB69     		ldr	r3, [r7, #28]
 1380 0448 1344     		add	r3, r3, r2
 1381 044a 03F51063 		add	r3, r3, #2304
 1382 044e 1A46     		mov	r2, r3
 1383 0450 0223     		movs	r3, #2
 1384 0452 9360     		str	r3, [r2, #8]
 1385              	.L53:
1271:Drivers/STM32F4xx_HAL_Driver/Src/stm32f4xx_hal_pcd.c ****           }
1272:Drivers/STM32F4xx_HAL_Driver/Src/stm32f4xx_hal_pcd.c ****           if ((epint & USB_OTG_DIEPINT_TXFE) == USB_OTG_DIEPINT_TXFE)
 1386              		.loc 1 1272 22
 1387 0454 3B69     		ldr	r3, [r7, #16]
 1388 0456 03F08003 		and	r3, r3, #128
 1389              		.loc 1 1272 14
 1390 045a 002B     		cmp	r3, #0
 1391 045c 03D0     		beq	.L47
1273:Drivers/STM32F4xx_HAL_Driver/Src/stm32f4xx_hal_pcd.c ****           {
1274:Drivers/STM32F4xx_HAL_Driver/Src/stm32f4xx_hal_pcd.c ****             (void)PCD_WriteEmptyTxFifo(hpcd, epnum);
 1392              		.loc 1 1274 19
 1393 045e 796A     		ldr	r1, [r7, #36]
 1394 0460 7868     		ldr	r0, [r7, #4]
 1395 0462 FFF7FEFF 		bl	PCD_WriteEmptyTxFifo
 1396              	.L47:
1275:Drivers/STM32F4xx_HAL_Driver/Src/stm32f4xx_hal_pcd.c ****           }
1276:Drivers/STM32F4xx_HAL_Driver/Src/stm32f4xx_hal_pcd.c ****         }
1277:Drivers/STM32F4xx_HAL_Driver/Src/stm32f4xx_hal_pcd.c ****         epnum++;
 1397              		.loc 1 1277 14
 1398 0466 7B6A     		ldr	r3, [r7, #36]
 1399 0468 0133     		adds	r3, r3, #1
 1400 046a 7B62     		str	r3, [r7, #36]
1278:Drivers/STM32F4xx_HAL_Driver/Src/stm32f4xx_hal_pcd.c ****         ep_intr >>= 1U;
 1401              		.loc 1 1278 17
 1402 046c BB6A     		ldr	r3, [r7, #40]
 1403 046e 5B08     		lsrs	r3, r3, #1
 1404 0470 BB62     		str	r3, [r7, #40]
ARM GAS  /tmp/ccuGCwmi.s 			page 48


 1405              	.L46:
1210:Drivers/STM32F4xx_HAL_Driver/Src/stm32f4xx_hal_pcd.c ****       {
 1406              		.loc 1 1210 22
 1407 0472 BB6A     		ldr	r3, [r7, #40]
 1408 0474 002B     		cmp	r3, #0
 1409 0476 7FF42EAF 		bne	.L55
 1410              	.L45:
1279:Drivers/STM32F4xx_HAL_Driver/Src/stm32f4xx_hal_pcd.c ****       }
1280:Drivers/STM32F4xx_HAL_Driver/Src/stm32f4xx_hal_pcd.c ****     }
1281:Drivers/STM32F4xx_HAL_Driver/Src/stm32f4xx_hal_pcd.c **** 
1282:Drivers/STM32F4xx_HAL_Driver/Src/stm32f4xx_hal_pcd.c ****     /* Handle Resume Interrupt */
1283:Drivers/STM32F4xx_HAL_Driver/Src/stm32f4xx_hal_pcd.c ****     if (__HAL_PCD_GET_FLAG(hpcd, USB_OTG_GINTSTS_WKUINT))
 1411              		.loc 1 1283 9
 1412 047a 7B68     		ldr	r3, [r7, #4]
 1413 047c 1B68     		ldr	r3, [r3]
 1414 047e 1846     		mov	r0, r3
 1415 0480 FFF7FEFF 		bl	USB_ReadInterrupts
 1416 0484 0346     		mov	r3, r0
 1417              		.loc 1 1283 9 is_stmt 0 discriminator 1
 1418 0486 03F00043 		and	r3, r3, #-2147483648
 1419              		.loc 1 1283 8 is_stmt 1 discriminator 1
 1420 048a B3F1004F 		cmp	r3, #-2147483648
 1421 048e 22D1     		bne	.L56
1284:Drivers/STM32F4xx_HAL_Driver/Src/stm32f4xx_hal_pcd.c ****     {
1285:Drivers/STM32F4xx_HAL_Driver/Src/stm32f4xx_hal_pcd.c ****       /* Clear the Remote Wake-up Signaling */
1286:Drivers/STM32F4xx_HAL_Driver/Src/stm32f4xx_hal_pcd.c ****       USBx_DEVICE->DCTL &= ~USB_OTG_DCTL_RWUSIG;
 1422              		.loc 1 1286 18
 1423 0490 FB69     		ldr	r3, [r7, #28]
 1424 0492 03F50063 		add	r3, r3, #2048
 1425 0496 5B68     		ldr	r3, [r3, #4]
 1426 0498 FA69     		ldr	r2, [r7, #28]
 1427 049a 02F50062 		add	r2, r2, #2048
 1428              		.loc 1 1286 25
 1429 049e 23F00103 		bic	r3, r3, #1
 1430 04a2 5360     		str	r3, [r2, #4]
1287:Drivers/STM32F4xx_HAL_Driver/Src/stm32f4xx_hal_pcd.c **** 
1288:Drivers/STM32F4xx_HAL_Driver/Src/stm32f4xx_hal_pcd.c ****       if (hpcd->LPM_State == LPM_L1)
 1431              		.loc 1 1288 15
 1432 04a4 7B68     		ldr	r3, [r7, #4]
 1433 04a6 93F8CC34 		ldrb	r3, [r3, #1228]	@ zero_extendqisi2
 1434              		.loc 1 1288 10
 1435 04aa 012B     		cmp	r3, #1
 1436 04ac 08D1     		bne	.L57
1289:Drivers/STM32F4xx_HAL_Driver/Src/stm32f4xx_hal_pcd.c ****       {
1290:Drivers/STM32F4xx_HAL_Driver/Src/stm32f4xx_hal_pcd.c ****         hpcd->LPM_State = LPM_L0;
 1437              		.loc 1 1290 25
 1438 04ae 7B68     		ldr	r3, [r7, #4]
 1439 04b0 0022     		movs	r2, #0
 1440 04b2 83F8CC24 		strb	r2, [r3, #1228]
1291:Drivers/STM32F4xx_HAL_Driver/Src/stm32f4xx_hal_pcd.c **** 
1292:Drivers/STM32F4xx_HAL_Driver/Src/stm32f4xx_hal_pcd.c **** #if (USE_HAL_PCD_REGISTER_CALLBACKS == 1U)
1293:Drivers/STM32F4xx_HAL_Driver/Src/stm32f4xx_hal_pcd.c ****         hpcd->LPMCallback(hpcd, PCD_LPM_L0_ACTIVE);
1294:Drivers/STM32F4xx_HAL_Driver/Src/stm32f4xx_hal_pcd.c **** #else
1295:Drivers/STM32F4xx_HAL_Driver/Src/stm32f4xx_hal_pcd.c ****         HAL_PCDEx_LPM_Callback(hpcd, PCD_LPM_L0_ACTIVE);
 1441              		.loc 1 1295 9
 1442 04b6 0021     		movs	r1, #0
 1443 04b8 7868     		ldr	r0, [r7, #4]
ARM GAS  /tmp/ccuGCwmi.s 			page 49


 1444 04ba FFF7FEFF 		bl	HAL_PCDEx_LPM_Callback
 1445 04be 02E0     		b	.L58
 1446              	.L57:
1296:Drivers/STM32F4xx_HAL_Driver/Src/stm32f4xx_hal_pcd.c **** #endif /* USE_HAL_PCD_REGISTER_CALLBACKS */
1297:Drivers/STM32F4xx_HAL_Driver/Src/stm32f4xx_hal_pcd.c ****       }
1298:Drivers/STM32F4xx_HAL_Driver/Src/stm32f4xx_hal_pcd.c ****       else
1299:Drivers/STM32F4xx_HAL_Driver/Src/stm32f4xx_hal_pcd.c ****       {
1300:Drivers/STM32F4xx_HAL_Driver/Src/stm32f4xx_hal_pcd.c **** #if (USE_HAL_PCD_REGISTER_CALLBACKS == 1U)
1301:Drivers/STM32F4xx_HAL_Driver/Src/stm32f4xx_hal_pcd.c ****         hpcd->ResumeCallback(hpcd);
1302:Drivers/STM32F4xx_HAL_Driver/Src/stm32f4xx_hal_pcd.c **** #else
1303:Drivers/STM32F4xx_HAL_Driver/Src/stm32f4xx_hal_pcd.c ****         HAL_PCD_ResumeCallback(hpcd);
 1447              		.loc 1 1303 9
 1448 04c0 7868     		ldr	r0, [r7, #4]
 1449 04c2 FFF7FEFF 		bl	HAL_PCD_ResumeCallback
 1450              	.L58:
1304:Drivers/STM32F4xx_HAL_Driver/Src/stm32f4xx_hal_pcd.c **** #endif /* USE_HAL_PCD_REGISTER_CALLBACKS */
1305:Drivers/STM32F4xx_HAL_Driver/Src/stm32f4xx_hal_pcd.c ****       }
1306:Drivers/STM32F4xx_HAL_Driver/Src/stm32f4xx_hal_pcd.c **** 
1307:Drivers/STM32F4xx_HAL_Driver/Src/stm32f4xx_hal_pcd.c ****       __HAL_PCD_CLEAR_FLAG(hpcd, USB_OTG_GINTSTS_WKUINT);
 1451              		.loc 1 1307 7
 1452 04c6 7B68     		ldr	r3, [r7, #4]
 1453 04c8 1B68     		ldr	r3, [r3]
 1454 04ca 5A69     		ldr	r2, [r3, #20]
 1455 04cc 7B68     		ldr	r3, [r7, #4]
 1456 04ce 1B68     		ldr	r3, [r3]
 1457 04d0 02F00042 		and	r2, r2, #-2147483648
 1458 04d4 5A61     		str	r2, [r3, #20]
 1459              	.L56:
1308:Drivers/STM32F4xx_HAL_Driver/Src/stm32f4xx_hal_pcd.c ****     }
1309:Drivers/STM32F4xx_HAL_Driver/Src/stm32f4xx_hal_pcd.c **** 
1310:Drivers/STM32F4xx_HAL_Driver/Src/stm32f4xx_hal_pcd.c ****     /* Handle Suspend Interrupt */
1311:Drivers/STM32F4xx_HAL_Driver/Src/stm32f4xx_hal_pcd.c ****     if (__HAL_PCD_GET_FLAG(hpcd, USB_OTG_GINTSTS_USBSUSP))
 1460              		.loc 1 1311 9
 1461 04d6 7B68     		ldr	r3, [r7, #4]
 1462 04d8 1B68     		ldr	r3, [r3]
 1463 04da 1846     		mov	r0, r3
 1464 04dc FFF7FEFF 		bl	USB_ReadInterrupts
 1465 04e0 0346     		mov	r3, r0
 1466              		.loc 1 1311 9 is_stmt 0 discriminator 1
 1467 04e2 03F40063 		and	r3, r3, #2048
 1468              		.loc 1 1311 8 is_stmt 1 discriminator 1
 1469 04e6 B3F5006F 		cmp	r3, #2048
 1470 04ea 12D1     		bne	.L59
1312:Drivers/STM32F4xx_HAL_Driver/Src/stm32f4xx_hal_pcd.c ****     {
1313:Drivers/STM32F4xx_HAL_Driver/Src/stm32f4xx_hal_pcd.c ****       if ((USBx_DEVICE->DSTS & USB_OTG_DSTS_SUSPSTS) == USB_OTG_DSTS_SUSPSTS)
 1471              		.loc 1 1313 12
 1472 04ec FB69     		ldr	r3, [r7, #28]
 1473 04ee 03F50063 		add	r3, r3, #2048
 1474              		.loc 1 1313 23
 1475 04f2 9B68     		ldr	r3, [r3, #8]
 1476              		.loc 1 1313 30
 1477 04f4 03F00103 		and	r3, r3, #1
 1478              		.loc 1 1313 10
 1479 04f8 012B     		cmp	r3, #1
 1480 04fa 02D1     		bne	.L60
1314:Drivers/STM32F4xx_HAL_Driver/Src/stm32f4xx_hal_pcd.c ****       {
1315:Drivers/STM32F4xx_HAL_Driver/Src/stm32f4xx_hal_pcd.c **** #if (USE_HAL_PCD_REGISTER_CALLBACKS == 1U)
ARM GAS  /tmp/ccuGCwmi.s 			page 50


1316:Drivers/STM32F4xx_HAL_Driver/Src/stm32f4xx_hal_pcd.c ****         hpcd->SuspendCallback(hpcd);
1317:Drivers/STM32F4xx_HAL_Driver/Src/stm32f4xx_hal_pcd.c **** #else
1318:Drivers/STM32F4xx_HAL_Driver/Src/stm32f4xx_hal_pcd.c ****         HAL_PCD_SuspendCallback(hpcd);
 1481              		.loc 1 1318 9
 1482 04fc 7868     		ldr	r0, [r7, #4]
 1483 04fe FFF7FEFF 		bl	HAL_PCD_SuspendCallback
 1484              	.L60:
1319:Drivers/STM32F4xx_HAL_Driver/Src/stm32f4xx_hal_pcd.c **** #endif /* USE_HAL_PCD_REGISTER_CALLBACKS */
1320:Drivers/STM32F4xx_HAL_Driver/Src/stm32f4xx_hal_pcd.c ****       }
1321:Drivers/STM32F4xx_HAL_Driver/Src/stm32f4xx_hal_pcd.c ****       __HAL_PCD_CLEAR_FLAG(hpcd, USB_OTG_GINTSTS_USBSUSP);
 1485              		.loc 1 1321 7
 1486 0502 7B68     		ldr	r3, [r7, #4]
 1487 0504 1B68     		ldr	r3, [r3]
 1488 0506 5A69     		ldr	r2, [r3, #20]
 1489 0508 7B68     		ldr	r3, [r7, #4]
 1490 050a 1B68     		ldr	r3, [r3]
 1491 050c 02F40062 		and	r2, r2, #2048
 1492 0510 5A61     		str	r2, [r3, #20]
 1493              	.L59:
1322:Drivers/STM32F4xx_HAL_Driver/Src/stm32f4xx_hal_pcd.c ****     }
1323:Drivers/STM32F4xx_HAL_Driver/Src/stm32f4xx_hal_pcd.c **** #if defined(STM32F446xx) || defined(STM32F469xx) || defined(STM32F479xx) || defined(STM32F412Zx) \
1324:Drivers/STM32F4xx_HAL_Driver/Src/stm32f4xx_hal_pcd.c ****  || defined(STM32F412Vx) || defined(STM32F412Rx) || defined(STM32F412Cx) || defined(STM32F413xx) \
1325:Drivers/STM32F4xx_HAL_Driver/Src/stm32f4xx_hal_pcd.c ****  || defined(STM32F423xx)
1326:Drivers/STM32F4xx_HAL_Driver/Src/stm32f4xx_hal_pcd.c ****     /* Handle LPM Interrupt */
1327:Drivers/STM32F4xx_HAL_Driver/Src/stm32f4xx_hal_pcd.c ****     if (__HAL_PCD_GET_FLAG(hpcd, USB_OTG_GINTSTS_LPMINT))
1328:Drivers/STM32F4xx_HAL_Driver/Src/stm32f4xx_hal_pcd.c ****     {
1329:Drivers/STM32F4xx_HAL_Driver/Src/stm32f4xx_hal_pcd.c ****       __HAL_PCD_CLEAR_FLAG(hpcd, USB_OTG_GINTSTS_LPMINT);
1330:Drivers/STM32F4xx_HAL_Driver/Src/stm32f4xx_hal_pcd.c **** 
1331:Drivers/STM32F4xx_HAL_Driver/Src/stm32f4xx_hal_pcd.c ****       if (hpcd->LPM_State == LPM_L0)
1332:Drivers/STM32F4xx_HAL_Driver/Src/stm32f4xx_hal_pcd.c ****       {
1333:Drivers/STM32F4xx_HAL_Driver/Src/stm32f4xx_hal_pcd.c ****         hpcd->LPM_State = LPM_L1;
1334:Drivers/STM32F4xx_HAL_Driver/Src/stm32f4xx_hal_pcd.c ****         hpcd->BESL = (hpcd->Instance->GLPMCFG & USB_OTG_GLPMCFG_BESL) >> 2U;
1335:Drivers/STM32F4xx_HAL_Driver/Src/stm32f4xx_hal_pcd.c **** 
1336:Drivers/STM32F4xx_HAL_Driver/Src/stm32f4xx_hal_pcd.c **** #if (USE_HAL_PCD_REGISTER_CALLBACKS == 1U)
1337:Drivers/STM32F4xx_HAL_Driver/Src/stm32f4xx_hal_pcd.c ****         hpcd->LPMCallback(hpcd, PCD_LPM_L1_ACTIVE);
1338:Drivers/STM32F4xx_HAL_Driver/Src/stm32f4xx_hal_pcd.c **** #else
1339:Drivers/STM32F4xx_HAL_Driver/Src/stm32f4xx_hal_pcd.c ****         HAL_PCDEx_LPM_Callback(hpcd, PCD_LPM_L1_ACTIVE);
1340:Drivers/STM32F4xx_HAL_Driver/Src/stm32f4xx_hal_pcd.c **** #endif /* USE_HAL_PCD_REGISTER_CALLBACKS */
1341:Drivers/STM32F4xx_HAL_Driver/Src/stm32f4xx_hal_pcd.c ****       }
1342:Drivers/STM32F4xx_HAL_Driver/Src/stm32f4xx_hal_pcd.c ****       else
1343:Drivers/STM32F4xx_HAL_Driver/Src/stm32f4xx_hal_pcd.c ****       {
1344:Drivers/STM32F4xx_HAL_Driver/Src/stm32f4xx_hal_pcd.c **** #if (USE_HAL_PCD_REGISTER_CALLBACKS == 1U)
1345:Drivers/STM32F4xx_HAL_Driver/Src/stm32f4xx_hal_pcd.c ****         hpcd->SuspendCallback(hpcd);
1346:Drivers/STM32F4xx_HAL_Driver/Src/stm32f4xx_hal_pcd.c **** #else
1347:Drivers/STM32F4xx_HAL_Driver/Src/stm32f4xx_hal_pcd.c ****         HAL_PCD_SuspendCallback(hpcd);
1348:Drivers/STM32F4xx_HAL_Driver/Src/stm32f4xx_hal_pcd.c **** #endif /* USE_HAL_PCD_REGISTER_CALLBACKS */
1349:Drivers/STM32F4xx_HAL_Driver/Src/stm32f4xx_hal_pcd.c ****       }
1350:Drivers/STM32F4xx_HAL_Driver/Src/stm32f4xx_hal_pcd.c ****     }
1351:Drivers/STM32F4xx_HAL_Driver/Src/stm32f4xx_hal_pcd.c **** #endif /* defined(STM32F446xx) || defined(STM32F469xx) || defined(STM32F479xx) || defined(STM32F412
1352:Drivers/STM32F4xx_HAL_Driver/Src/stm32f4xx_hal_pcd.c ****           defined(STM32F412Vx) || defined(STM32F412Rx) || defined(STM32F412Cx) || defined(STM32F413
1353:Drivers/STM32F4xx_HAL_Driver/Src/stm32f4xx_hal_pcd.c ****           defined(STM32F423xx) */
1354:Drivers/STM32F4xx_HAL_Driver/Src/stm32f4xx_hal_pcd.c ****     /* Handle Reset Interrupt */
1355:Drivers/STM32F4xx_HAL_Driver/Src/stm32f4xx_hal_pcd.c ****     if (__HAL_PCD_GET_FLAG(hpcd, USB_OTG_GINTSTS_USBRST))
 1494              		.loc 1 1355 9
 1495 0512 7B68     		ldr	r3, [r7, #4]
 1496 0514 1B68     		ldr	r3, [r3]
 1497 0516 1846     		mov	r0, r3
ARM GAS  /tmp/ccuGCwmi.s 			page 51


 1498 0518 FFF7FEFF 		bl	USB_ReadInterrupts
 1499 051c 0346     		mov	r3, r0
 1500              		.loc 1 1355 9 is_stmt 0 discriminator 1
 1501 051e 03F48053 		and	r3, r3, #4096
 1502              		.loc 1 1355 8 is_stmt 1 discriminator 1
 1503 0522 B3F5805F 		cmp	r3, #4096
 1504 0526 40F0B780 		bne	.L61
1356:Drivers/STM32F4xx_HAL_Driver/Src/stm32f4xx_hal_pcd.c ****     {
1357:Drivers/STM32F4xx_HAL_Driver/Src/stm32f4xx_hal_pcd.c ****       USBx_DEVICE->DCTL &= ~USB_OTG_DCTL_RWUSIG;
 1505              		.loc 1 1357 18
 1506 052a FB69     		ldr	r3, [r7, #28]
 1507 052c 03F50063 		add	r3, r3, #2048
 1508 0530 5B68     		ldr	r3, [r3, #4]
 1509 0532 FA69     		ldr	r2, [r7, #28]
 1510 0534 02F50062 		add	r2, r2, #2048
 1511              		.loc 1 1357 25
 1512 0538 23F00103 		bic	r3, r3, #1
 1513 053c 5360     		str	r3, [r2, #4]
1358:Drivers/STM32F4xx_HAL_Driver/Src/stm32f4xx_hal_pcd.c ****       (void)USB_FlushTxFifo(hpcd->Instance, 0x10U);
 1514              		.loc 1 1358 33
 1515 053e 7B68     		ldr	r3, [r7, #4]
 1516 0540 1B68     		ldr	r3, [r3]
 1517              		.loc 1 1358 13
 1518 0542 1021     		movs	r1, #16
 1519 0544 1846     		mov	r0, r3
 1520 0546 FFF7FEFF 		bl	USB_FlushTxFifo
1359:Drivers/STM32F4xx_HAL_Driver/Src/stm32f4xx_hal_pcd.c **** 
1360:Drivers/STM32F4xx_HAL_Driver/Src/stm32f4xx_hal_pcd.c ****       for (i = 0U; i < hpcd->Init.dev_endpoints; i++)
 1521              		.loc 1 1360 14
 1522 054a 0023     		movs	r3, #0
 1523 054c FB62     		str	r3, [r7, #44]
 1524              		.loc 1 1360 7
 1525 054e 46E0     		b	.L62
 1526              	.L63:
1361:Drivers/STM32F4xx_HAL_Driver/Src/stm32f4xx_hal_pcd.c ****       {
1362:Drivers/STM32F4xx_HAL_Driver/Src/stm32f4xx_hal_pcd.c ****         USBx_INEP(i)->DIEPINT = 0xFB7FU;
 1527              		.loc 1 1362 9
 1528 0550 FB6A     		ldr	r3, [r7, #44]
 1529 0552 5A01     		lsls	r2, r3, #5
 1530 0554 FB69     		ldr	r3, [r7, #28]
 1531 0556 1344     		add	r3, r3, r2
 1532 0558 03F51063 		add	r3, r3, #2304
 1533 055c 1A46     		mov	r2, r3
 1534              		.loc 1 1362 31
 1535 055e 4FF67F33 		movw	r3, #64383
 1536 0562 9360     		str	r3, [r2, #8]
1363:Drivers/STM32F4xx_HAL_Driver/Src/stm32f4xx_hal_pcd.c ****         USBx_INEP(i)->DIEPCTL &= ~USB_OTG_DIEPCTL_STALL;
 1537              		.loc 1 1363 21
 1538 0564 FB6A     		ldr	r3, [r7, #44]
 1539 0566 5A01     		lsls	r2, r3, #5
 1540 0568 FB69     		ldr	r3, [r7, #28]
 1541 056a 1344     		add	r3, r3, r2
 1542 056c 03F51063 		add	r3, r3, #2304
 1543 0570 1B68     		ldr	r3, [r3]
 1544 0572 FA6A     		ldr	r2, [r7, #44]
 1545 0574 5101     		lsls	r1, r2, #5
 1546 0576 FA69     		ldr	r2, [r7, #28]
ARM GAS  /tmp/ccuGCwmi.s 			page 52


 1547 0578 0A44     		add	r2, r2, r1
 1548 057a 02F51062 		add	r2, r2, #2304
 1549              		.loc 1 1363 31
 1550 057e 23F40013 		bic	r3, r3, #2097152
 1551 0582 1360     		str	r3, [r2]
1364:Drivers/STM32F4xx_HAL_Driver/Src/stm32f4xx_hal_pcd.c ****         USBx_OUTEP(i)->DOEPINT = 0xFB7FU;
 1552              		.loc 1 1364 9
 1553 0584 FB6A     		ldr	r3, [r7, #44]
 1554 0586 5A01     		lsls	r2, r3, #5
 1555 0588 FB69     		ldr	r3, [r7, #28]
 1556 058a 1344     		add	r3, r3, r2
 1557 058c 03F53063 		add	r3, r3, #2816
 1558 0590 1A46     		mov	r2, r3
 1559              		.loc 1 1364 32
 1560 0592 4FF67F33 		movw	r3, #64383
 1561 0596 9360     		str	r3, [r2, #8]
1365:Drivers/STM32F4xx_HAL_Driver/Src/stm32f4xx_hal_pcd.c ****         USBx_OUTEP(i)->DOEPCTL &= ~USB_OTG_DOEPCTL_STALL;
 1562              		.loc 1 1365 22
 1563 0598 FB6A     		ldr	r3, [r7, #44]
 1564 059a 5A01     		lsls	r2, r3, #5
 1565 059c FB69     		ldr	r3, [r7, #28]
 1566 059e 1344     		add	r3, r3, r2
 1567 05a0 03F53063 		add	r3, r3, #2816
 1568 05a4 1B68     		ldr	r3, [r3]
 1569 05a6 FA6A     		ldr	r2, [r7, #44]
 1570 05a8 5101     		lsls	r1, r2, #5
 1571 05aa FA69     		ldr	r2, [r7, #28]
 1572 05ac 0A44     		add	r2, r2, r1
 1573 05ae 02F53062 		add	r2, r2, #2816
 1574              		.loc 1 1365 32
 1575 05b2 23F40013 		bic	r3, r3, #2097152
 1576 05b6 1360     		str	r3, [r2]
1366:Drivers/STM32F4xx_HAL_Driver/Src/stm32f4xx_hal_pcd.c ****         USBx_OUTEP(i)->DOEPCTL |= USB_OTG_DOEPCTL_SNAK;
 1577              		.loc 1 1366 22
 1578 05b8 FB6A     		ldr	r3, [r7, #44]
 1579 05ba 5A01     		lsls	r2, r3, #5
 1580 05bc FB69     		ldr	r3, [r7, #28]
 1581 05be 1344     		add	r3, r3, r2
 1582 05c0 03F53063 		add	r3, r3, #2816
 1583 05c4 1B68     		ldr	r3, [r3]
 1584 05c6 FA6A     		ldr	r2, [r7, #44]
 1585 05c8 5101     		lsls	r1, r2, #5
 1586 05ca FA69     		ldr	r2, [r7, #28]
 1587 05cc 0A44     		add	r2, r2, r1
 1588 05ce 02F53062 		add	r2, r2, #2816
 1589              		.loc 1 1366 32
 1590 05d2 43F00063 		orr	r3, r3, #134217728
 1591 05d6 1360     		str	r3, [r2]
1360:Drivers/STM32F4xx_HAL_Driver/Src/stm32f4xx_hal_pcd.c ****       {
 1592              		.loc 1 1360 51 discriminator 3
 1593 05d8 FB6A     		ldr	r3, [r7, #44]
 1594 05da 0133     		adds	r3, r3, #1
 1595 05dc FB62     		str	r3, [r7, #44]
 1596              	.L62:
1360:Drivers/STM32F4xx_HAL_Driver/Src/stm32f4xx_hal_pcd.c ****       {
 1597              		.loc 1 1360 34 discriminator 1
 1598 05de 7B68     		ldr	r3, [r7, #4]
ARM GAS  /tmp/ccuGCwmi.s 			page 53


 1599 05e0 1B79     		ldrb	r3, [r3, #4]	@ zero_extendqisi2
 1600 05e2 1A46     		mov	r2, r3
1360:Drivers/STM32F4xx_HAL_Driver/Src/stm32f4xx_hal_pcd.c ****       {
 1601              		.loc 1 1360 22 discriminator 1
 1602 05e4 FB6A     		ldr	r3, [r7, #44]
 1603 05e6 9342     		cmp	r3, r2
 1604 05e8 B2D3     		bcc	.L63
1367:Drivers/STM32F4xx_HAL_Driver/Src/stm32f4xx_hal_pcd.c ****       }
1368:Drivers/STM32F4xx_HAL_Driver/Src/stm32f4xx_hal_pcd.c ****       USBx_DEVICE->DAINTMSK |= 0x10001U;
 1605              		.loc 1 1368 18
 1606 05ea FB69     		ldr	r3, [r7, #28]
 1607 05ec 03F50063 		add	r3, r3, #2048
 1608 05f0 DB69     		ldr	r3, [r3, #28]
 1609 05f2 FA69     		ldr	r2, [r7, #28]
 1610 05f4 02F50062 		add	r2, r2, #2048
 1611              		.loc 1 1368 29
 1612 05f8 43F00113 		orr	r3, r3, #65537
 1613 05fc D361     		str	r3, [r2, #28]
1369:Drivers/STM32F4xx_HAL_Driver/Src/stm32f4xx_hal_pcd.c **** 
1370:Drivers/STM32F4xx_HAL_Driver/Src/stm32f4xx_hal_pcd.c ****       if (hpcd->Init.use_dedicated_ep1 != 0U)
 1614              		.loc 1 1370 21
 1615 05fe 7B68     		ldr	r3, [r7, #4]
 1616 0600 DB7B     		ldrb	r3, [r3, #15]	@ zero_extendqisi2
 1617              		.loc 1 1370 10
 1618 0602 002B     		cmp	r3, #0
 1619 0604 16D0     		beq	.L64
1371:Drivers/STM32F4xx_HAL_Driver/Src/stm32f4xx_hal_pcd.c ****       {
1372:Drivers/STM32F4xx_HAL_Driver/Src/stm32f4xx_hal_pcd.c ****         USBx_DEVICE->DOUTEP1MSK |= USB_OTG_DOEPMSK_STUPM |
 1620              		.loc 1 1372 20
 1621 0606 FB69     		ldr	r3, [r7, #28]
 1622 0608 03F50063 		add	r3, r3, #2048
 1623 060c D3F88430 		ldr	r3, [r3, #132]
 1624 0610 FA69     		ldr	r2, [r7, #28]
 1625 0612 02F50062 		add	r2, r2, #2048
 1626              		.loc 1 1372 33
 1627 0616 43F00B03 		orr	r3, r3, #11
 1628 061a C2F88430 		str	r3, [r2, #132]
1373:Drivers/STM32F4xx_HAL_Driver/Src/stm32f4xx_hal_pcd.c ****                                    USB_OTG_DOEPMSK_XFRCM |
1374:Drivers/STM32F4xx_HAL_Driver/Src/stm32f4xx_hal_pcd.c ****                                    USB_OTG_DOEPMSK_EPDM;
1375:Drivers/STM32F4xx_HAL_Driver/Src/stm32f4xx_hal_pcd.c **** 
1376:Drivers/STM32F4xx_HAL_Driver/Src/stm32f4xx_hal_pcd.c ****         USBx_DEVICE->DINEP1MSK |= USB_OTG_DIEPMSK_TOM |
 1629              		.loc 1 1376 20
 1630 061e FB69     		ldr	r3, [r7, #28]
 1631 0620 03F50063 		add	r3, r3, #2048
 1632 0624 5B6C     		ldr	r3, [r3, #68]
 1633 0626 FA69     		ldr	r2, [r7, #28]
 1634 0628 02F50062 		add	r2, r2, #2048
 1635              		.loc 1 1376 32
 1636 062c 43F00B03 		orr	r3, r3, #11
 1637 0630 5364     		str	r3, [r2, #68]
 1638 0632 15E0     		b	.L65
 1639              	.L64:
1377:Drivers/STM32F4xx_HAL_Driver/Src/stm32f4xx_hal_pcd.c ****                                   USB_OTG_DIEPMSK_XFRCM |
1378:Drivers/STM32F4xx_HAL_Driver/Src/stm32f4xx_hal_pcd.c ****                                   USB_OTG_DIEPMSK_EPDM;
1379:Drivers/STM32F4xx_HAL_Driver/Src/stm32f4xx_hal_pcd.c ****       }
1380:Drivers/STM32F4xx_HAL_Driver/Src/stm32f4xx_hal_pcd.c ****       else
1381:Drivers/STM32F4xx_HAL_Driver/Src/stm32f4xx_hal_pcd.c ****       {
ARM GAS  /tmp/ccuGCwmi.s 			page 54


1382:Drivers/STM32F4xx_HAL_Driver/Src/stm32f4xx_hal_pcd.c ****         USBx_DEVICE->DOEPMSK |= USB_OTG_DOEPMSK_STUPM |
 1640              		.loc 1 1382 20
 1641 0634 FB69     		ldr	r3, [r7, #28]
 1642 0636 03F50063 		add	r3, r3, #2048
 1643 063a 5B69     		ldr	r3, [r3, #20]
 1644 063c FA69     		ldr	r2, [r7, #28]
 1645 063e 02F50062 		add	r2, r2, #2048
 1646              		.loc 1 1382 30
 1647 0642 43F40053 		orr	r3, r3, #8192
 1648 0646 43F02B03 		orr	r3, r3, #43
 1649 064a 5361     		str	r3, [r2, #20]
1383:Drivers/STM32F4xx_HAL_Driver/Src/stm32f4xx_hal_pcd.c ****                                 USB_OTG_DOEPMSK_XFRCM |
1384:Drivers/STM32F4xx_HAL_Driver/Src/stm32f4xx_hal_pcd.c ****                                 USB_OTG_DOEPMSK_EPDM |
1385:Drivers/STM32F4xx_HAL_Driver/Src/stm32f4xx_hal_pcd.c ****                                 USB_OTG_DOEPMSK_OTEPSPRM |
1386:Drivers/STM32F4xx_HAL_Driver/Src/stm32f4xx_hal_pcd.c ****                                 USB_OTG_DOEPMSK_NAKM;
1387:Drivers/STM32F4xx_HAL_Driver/Src/stm32f4xx_hal_pcd.c **** 
1388:Drivers/STM32F4xx_HAL_Driver/Src/stm32f4xx_hal_pcd.c ****         USBx_DEVICE->DIEPMSK |= USB_OTG_DIEPMSK_TOM |
 1650              		.loc 1 1388 20
 1651 064c FB69     		ldr	r3, [r7, #28]
 1652 064e 03F50063 		add	r3, r3, #2048
 1653 0652 1B69     		ldr	r3, [r3, #16]
 1654 0654 FA69     		ldr	r2, [r7, #28]
 1655 0656 02F50062 		add	r2, r2, #2048
 1656              		.loc 1 1388 30
 1657 065a 43F00B03 		orr	r3, r3, #11
 1658 065e 1361     		str	r3, [r2, #16]
 1659              	.L65:
1389:Drivers/STM32F4xx_HAL_Driver/Src/stm32f4xx_hal_pcd.c ****                                 USB_OTG_DIEPMSK_XFRCM |
1390:Drivers/STM32F4xx_HAL_Driver/Src/stm32f4xx_hal_pcd.c ****                                 USB_OTG_DIEPMSK_EPDM;
1391:Drivers/STM32F4xx_HAL_Driver/Src/stm32f4xx_hal_pcd.c ****       }
1392:Drivers/STM32F4xx_HAL_Driver/Src/stm32f4xx_hal_pcd.c **** 
1393:Drivers/STM32F4xx_HAL_Driver/Src/stm32f4xx_hal_pcd.c ****       /* Set Default Address to 0 */
1394:Drivers/STM32F4xx_HAL_Driver/Src/stm32f4xx_hal_pcd.c ****       USBx_DEVICE->DCFG &= ~USB_OTG_DCFG_DAD;
 1660              		.loc 1 1394 18
 1661 0660 FB69     		ldr	r3, [r7, #28]
 1662 0662 03F50063 		add	r3, r3, #2048
 1663 0666 1B68     		ldr	r3, [r3]
 1664 0668 FA69     		ldr	r2, [r7, #28]
 1665 066a 02F50062 		add	r2, r2, #2048
 1666              		.loc 1 1394 25
 1667 066e 23F4FE63 		bic	r3, r3, #2032
 1668 0672 1360     		str	r3, [r2]
1395:Drivers/STM32F4xx_HAL_Driver/Src/stm32f4xx_hal_pcd.c **** 
1396:Drivers/STM32F4xx_HAL_Driver/Src/stm32f4xx_hal_pcd.c ****       /* setup EP0 to receive SETUP packets */
1397:Drivers/STM32F4xx_HAL_Driver/Src/stm32f4xx_hal_pcd.c ****       (void)USB_EP0_OutStart(hpcd->Instance, (uint8_t)hpcd->Init.dma_enable,
 1669              		.loc 1 1397 34
 1670 0674 7B68     		ldr	r3, [r7, #4]
 1671 0676 1868     		ldr	r0, [r3]
 1672              		.loc 1 1397 13
 1673 0678 7B68     		ldr	r3, [r7, #4]
 1674 067a 9979     		ldrb	r1, [r3, #6]	@ zero_extendqisi2
1398:Drivers/STM32F4xx_HAL_Driver/Src/stm32f4xx_hal_pcd.c ****                              (uint8_t *)hpcd->Setup);
 1675              		.loc 1 1398 41
 1676 067c 7B68     		ldr	r3, [r7, #4]
 1677 067e 03F29C43 		addw	r3, r3, #1180
1397:Drivers/STM32F4xx_HAL_Driver/Src/stm32f4xx_hal_pcd.c ****                              (uint8_t *)hpcd->Setup);
 1678              		.loc 1 1397 13
ARM GAS  /tmp/ccuGCwmi.s 			page 55


 1679 0682 1A46     		mov	r2, r3
 1680 0684 FFF7FEFF 		bl	USB_EP0_OutStart
1399:Drivers/STM32F4xx_HAL_Driver/Src/stm32f4xx_hal_pcd.c **** 
1400:Drivers/STM32F4xx_HAL_Driver/Src/stm32f4xx_hal_pcd.c ****       __HAL_PCD_CLEAR_FLAG(hpcd, USB_OTG_GINTSTS_USBRST);
 1681              		.loc 1 1400 7
 1682 0688 7B68     		ldr	r3, [r7, #4]
 1683 068a 1B68     		ldr	r3, [r3]
 1684 068c 5A69     		ldr	r2, [r3, #20]
 1685 068e 7B68     		ldr	r3, [r7, #4]
 1686 0690 1B68     		ldr	r3, [r3]
 1687 0692 02F48052 		and	r2, r2, #4096
 1688 0696 5A61     		str	r2, [r3, #20]
 1689              	.L61:
1401:Drivers/STM32F4xx_HAL_Driver/Src/stm32f4xx_hal_pcd.c ****     }
1402:Drivers/STM32F4xx_HAL_Driver/Src/stm32f4xx_hal_pcd.c **** 
1403:Drivers/STM32F4xx_HAL_Driver/Src/stm32f4xx_hal_pcd.c ****     /* Handle Enumeration done Interrupt */
1404:Drivers/STM32F4xx_HAL_Driver/Src/stm32f4xx_hal_pcd.c ****     if (__HAL_PCD_GET_FLAG(hpcd, USB_OTG_GINTSTS_ENUMDNE))
 1690              		.loc 1 1404 9
 1691 0698 7B68     		ldr	r3, [r7, #4]
 1692 069a 1B68     		ldr	r3, [r3]
 1693 069c 1846     		mov	r0, r3
 1694 069e FFF7FEFF 		bl	USB_ReadInterrupts
 1695 06a2 0346     		mov	r3, r0
 1696              		.loc 1 1404 9 is_stmt 0 discriminator 1
 1697 06a4 03F40053 		and	r3, r3, #8192
 1698              		.loc 1 1404 8 is_stmt 1 discriminator 1
 1699 06a8 B3F5005F 		cmp	r3, #8192
 1700 06ac 23D1     		bne	.L66
1405:Drivers/STM32F4xx_HAL_Driver/Src/stm32f4xx_hal_pcd.c ****     {
1406:Drivers/STM32F4xx_HAL_Driver/Src/stm32f4xx_hal_pcd.c ****       (void)USB_ActivateSetup(hpcd->Instance);
 1701              		.loc 1 1406 35
 1702 06ae 7B68     		ldr	r3, [r7, #4]
 1703 06b0 1B68     		ldr	r3, [r3]
 1704              		.loc 1 1406 13
 1705 06b2 1846     		mov	r0, r3
 1706 06b4 FFF7FEFF 		bl	USB_ActivateSetup
1407:Drivers/STM32F4xx_HAL_Driver/Src/stm32f4xx_hal_pcd.c ****       hpcd->Init.speed = USB_GetDevSpeed(hpcd->Instance);
 1707              		.loc 1 1407 46
 1708 06b8 7B68     		ldr	r3, [r7, #4]
 1709 06ba 1B68     		ldr	r3, [r3]
 1710              		.loc 1 1407 26
 1711 06bc 1846     		mov	r0, r3
 1712 06be FFF7FEFF 		bl	USB_GetDevSpeed
 1713 06c2 0346     		mov	r3, r0
 1714 06c4 1A46     		mov	r2, r3
 1715              		.loc 1 1407 24 discriminator 1
 1716 06c6 7B68     		ldr	r3, [r7, #4]
 1717 06c8 DA71     		strb	r2, [r3, #7]
1408:Drivers/STM32F4xx_HAL_Driver/Src/stm32f4xx_hal_pcd.c **** 
1409:Drivers/STM32F4xx_HAL_Driver/Src/stm32f4xx_hal_pcd.c ****       /* Set USB Turnaround time */
1410:Drivers/STM32F4xx_HAL_Driver/Src/stm32f4xx_hal_pcd.c ****       (void)USB_SetTurnaroundTime(hpcd->Instance,
 1718              		.loc 1 1410 39
 1719 06ca 7B68     		ldr	r3, [r7, #4]
 1720 06cc 1C68     		ldr	r4, [r3]
 1721              		.loc 1 1410 13
 1722 06ce FFF7FEFF 		bl	HAL_RCC_GetHCLKFreq
 1723 06d2 0146     		mov	r1, r0
ARM GAS  /tmp/ccuGCwmi.s 			page 56


 1724              		.loc 1 1410 13 is_stmt 0 discriminator 1
 1725 06d4 7B68     		ldr	r3, [r7, #4]
 1726 06d6 DB79     		ldrb	r3, [r3, #7]	@ zero_extendqisi2
 1727 06d8 1A46     		mov	r2, r3
 1728 06da 2046     		mov	r0, r4
 1729 06dc FFF7FEFF 		bl	USB_SetTurnaroundTime
1411:Drivers/STM32F4xx_HAL_Driver/Src/stm32f4xx_hal_pcd.c ****                                   HAL_RCC_GetHCLKFreq(),
1412:Drivers/STM32F4xx_HAL_Driver/Src/stm32f4xx_hal_pcd.c ****                                   (uint8_t)hpcd->Init.speed);
1413:Drivers/STM32F4xx_HAL_Driver/Src/stm32f4xx_hal_pcd.c **** 
1414:Drivers/STM32F4xx_HAL_Driver/Src/stm32f4xx_hal_pcd.c **** #if (USE_HAL_PCD_REGISTER_CALLBACKS == 1U)
1415:Drivers/STM32F4xx_HAL_Driver/Src/stm32f4xx_hal_pcd.c ****       hpcd->ResetCallback(hpcd);
1416:Drivers/STM32F4xx_HAL_Driver/Src/stm32f4xx_hal_pcd.c **** #else
1417:Drivers/STM32F4xx_HAL_Driver/Src/stm32f4xx_hal_pcd.c ****       HAL_PCD_ResetCallback(hpcd);
 1730              		.loc 1 1417 7 is_stmt 1
 1731 06e0 7868     		ldr	r0, [r7, #4]
 1732 06e2 FFF7FEFF 		bl	HAL_PCD_ResetCallback
1418:Drivers/STM32F4xx_HAL_Driver/Src/stm32f4xx_hal_pcd.c **** #endif /* USE_HAL_PCD_REGISTER_CALLBACKS */
1419:Drivers/STM32F4xx_HAL_Driver/Src/stm32f4xx_hal_pcd.c **** 
1420:Drivers/STM32F4xx_HAL_Driver/Src/stm32f4xx_hal_pcd.c ****       __HAL_PCD_CLEAR_FLAG(hpcd, USB_OTG_GINTSTS_ENUMDNE);
 1733              		.loc 1 1420 7
 1734 06e6 7B68     		ldr	r3, [r7, #4]
 1735 06e8 1B68     		ldr	r3, [r3]
 1736 06ea 5A69     		ldr	r2, [r3, #20]
 1737 06ec 7B68     		ldr	r3, [r7, #4]
 1738 06ee 1B68     		ldr	r3, [r3]
 1739 06f0 02F40052 		and	r2, r2, #8192
 1740 06f4 5A61     		str	r2, [r3, #20]
 1741              	.L66:
1421:Drivers/STM32F4xx_HAL_Driver/Src/stm32f4xx_hal_pcd.c ****     }
1422:Drivers/STM32F4xx_HAL_Driver/Src/stm32f4xx_hal_pcd.c **** 
1423:Drivers/STM32F4xx_HAL_Driver/Src/stm32f4xx_hal_pcd.c ****     /* Handle SOF Interrupt */
1424:Drivers/STM32F4xx_HAL_Driver/Src/stm32f4xx_hal_pcd.c ****     if (__HAL_PCD_GET_FLAG(hpcd, USB_OTG_GINTSTS_SOF))
 1742              		.loc 1 1424 9
 1743 06f6 7B68     		ldr	r3, [r7, #4]
 1744 06f8 1B68     		ldr	r3, [r3]
 1745 06fa 1846     		mov	r0, r3
 1746 06fc FFF7FEFF 		bl	USB_ReadInterrupts
 1747 0700 0346     		mov	r3, r0
 1748              		.loc 1 1424 9 is_stmt 0 discriminator 1
 1749 0702 03F00803 		and	r3, r3, #8
 1750              		.loc 1 1424 8 is_stmt 1 discriminator 1
 1751 0706 082B     		cmp	r3, #8
 1752 0708 0AD1     		bne	.L67
1425:Drivers/STM32F4xx_HAL_Driver/Src/stm32f4xx_hal_pcd.c ****     {
1426:Drivers/STM32F4xx_HAL_Driver/Src/stm32f4xx_hal_pcd.c **** #if (USE_HAL_PCD_REGISTER_CALLBACKS == 1U)
1427:Drivers/STM32F4xx_HAL_Driver/Src/stm32f4xx_hal_pcd.c ****       hpcd->SOFCallback(hpcd);
1428:Drivers/STM32F4xx_HAL_Driver/Src/stm32f4xx_hal_pcd.c **** #else
1429:Drivers/STM32F4xx_HAL_Driver/Src/stm32f4xx_hal_pcd.c ****       HAL_PCD_SOFCallback(hpcd);
 1753              		.loc 1 1429 7
 1754 070a 7868     		ldr	r0, [r7, #4]
 1755 070c FFF7FEFF 		bl	HAL_PCD_SOFCallback
1430:Drivers/STM32F4xx_HAL_Driver/Src/stm32f4xx_hal_pcd.c **** #endif /* USE_HAL_PCD_REGISTER_CALLBACKS */
1431:Drivers/STM32F4xx_HAL_Driver/Src/stm32f4xx_hal_pcd.c **** 
1432:Drivers/STM32F4xx_HAL_Driver/Src/stm32f4xx_hal_pcd.c ****       __HAL_PCD_CLEAR_FLAG(hpcd, USB_OTG_GINTSTS_SOF);
 1756              		.loc 1 1432 7
 1757 0710 7B68     		ldr	r3, [r7, #4]
 1758 0712 1B68     		ldr	r3, [r3]
ARM GAS  /tmp/ccuGCwmi.s 			page 57


 1759 0714 5A69     		ldr	r2, [r3, #20]
 1760 0716 7B68     		ldr	r3, [r7, #4]
 1761 0718 1B68     		ldr	r3, [r3]
 1762 071a 02F00802 		and	r2, r2, #8
 1763 071e 5A61     		str	r2, [r3, #20]
 1764              	.L67:
1433:Drivers/STM32F4xx_HAL_Driver/Src/stm32f4xx_hal_pcd.c ****     }
1434:Drivers/STM32F4xx_HAL_Driver/Src/stm32f4xx_hal_pcd.c **** 
1435:Drivers/STM32F4xx_HAL_Driver/Src/stm32f4xx_hal_pcd.c ****     /* Handle Global OUT NAK effective Interrupt */
1436:Drivers/STM32F4xx_HAL_Driver/Src/stm32f4xx_hal_pcd.c ****     if (__HAL_PCD_GET_FLAG(hpcd, USB_OTG_GINTSTS_BOUTNAKEFF))
 1765              		.loc 1 1436 9
 1766 0720 7B68     		ldr	r3, [r7, #4]
 1767 0722 1B68     		ldr	r3, [r3]
 1768 0724 1846     		mov	r0, r3
 1769 0726 FFF7FEFF 		bl	USB_ReadInterrupts
 1770 072a 0346     		mov	r3, r0
 1771              		.loc 1 1436 9 is_stmt 0 discriminator 1
 1772 072c 03F08003 		and	r3, r3, #128
 1773              		.loc 1 1436 8 is_stmt 1 discriminator 1
 1774 0730 802B     		cmp	r3, #128
 1775 0732 23D1     		bne	.L68
1437:Drivers/STM32F4xx_HAL_Driver/Src/stm32f4xx_hal_pcd.c ****     {
1438:Drivers/STM32F4xx_HAL_Driver/Src/stm32f4xx_hal_pcd.c ****       USBx->GINTMSK &= ~USB_OTG_GINTMSK_GONAKEFFM;
 1776              		.loc 1 1438 11
 1777 0734 3B6A     		ldr	r3, [r7, #32]
 1778 0736 9B69     		ldr	r3, [r3, #24]
 1779              		.loc 1 1438 21
 1780 0738 23F08002 		bic	r2, r3, #128
 1781 073c 3B6A     		ldr	r3, [r7, #32]
 1782 073e 9A61     		str	r2, [r3, #24]
1439:Drivers/STM32F4xx_HAL_Driver/Src/stm32f4xx_hal_pcd.c **** 
1440:Drivers/STM32F4xx_HAL_Driver/Src/stm32f4xx_hal_pcd.c ****       for (epnum = 1U; epnum < hpcd->Init.dev_endpoints; epnum++)
 1783              		.loc 1 1440 18
 1784 0740 0123     		movs	r3, #1
 1785 0742 7B62     		str	r3, [r7, #36]
 1786              		.loc 1 1440 7
 1787 0744 14E0     		b	.L69
 1788              	.L71:
1441:Drivers/STM32F4xx_HAL_Driver/Src/stm32f4xx_hal_pcd.c ****       {
1442:Drivers/STM32F4xx_HAL_Driver/Src/stm32f4xx_hal_pcd.c ****         if (hpcd->OUT_ep[epnum].is_iso_incomplete == 1U)
 1789              		.loc 1 1442 32
 1790 0746 7968     		ldr	r1, [r7, #4]
 1791 0748 7A6A     		ldr	r2, [r7, #36]
 1792 074a 1346     		mov	r3, r2
 1793 074c DB00     		lsls	r3, r3, #3
 1794 074e 1344     		add	r3, r3, r2
 1795 0750 9B00     		lsls	r3, r3, #2
 1796 0752 0B44     		add	r3, r3, r1
 1797 0754 03F25723 		addw	r3, r3, #599
 1798 0758 1B78     		ldrb	r3, [r3]	@ zero_extendqisi2
 1799              		.loc 1 1442 12
 1800 075a 012B     		cmp	r3, #1
 1801 075c 05D1     		bne	.L70
1443:Drivers/STM32F4xx_HAL_Driver/Src/stm32f4xx_hal_pcd.c ****         {
1444:Drivers/STM32F4xx_HAL_Driver/Src/stm32f4xx_hal_pcd.c ****           /* Abort current transaction and disable the EP */
1445:Drivers/STM32F4xx_HAL_Driver/Src/stm32f4xx_hal_pcd.c ****           (void)HAL_PCD_EP_Abort(hpcd, (uint8_t)epnum);
 1802              		.loc 1 1445 17
ARM GAS  /tmp/ccuGCwmi.s 			page 58


 1803 075e 7B6A     		ldr	r3, [r7, #36]
 1804 0760 DBB2     		uxtb	r3, r3
 1805 0762 1946     		mov	r1, r3
 1806 0764 7868     		ldr	r0, [r7, #4]
 1807 0766 FFF7FEFF 		bl	HAL_PCD_EP_Abort
 1808              	.L70:
1440:Drivers/STM32F4xx_HAL_Driver/Src/stm32f4xx_hal_pcd.c ****       {
 1809              		.loc 1 1440 63 discriminator 2
 1810 076a 7B6A     		ldr	r3, [r7, #36]
 1811 076c 0133     		adds	r3, r3, #1
 1812 076e 7B62     		str	r3, [r7, #36]
 1813              	.L69:
1440:Drivers/STM32F4xx_HAL_Driver/Src/stm32f4xx_hal_pcd.c ****       {
 1814              		.loc 1 1440 42 discriminator 1
 1815 0770 7B68     		ldr	r3, [r7, #4]
 1816 0772 1B79     		ldrb	r3, [r3, #4]	@ zero_extendqisi2
 1817 0774 1A46     		mov	r2, r3
1440:Drivers/STM32F4xx_HAL_Driver/Src/stm32f4xx_hal_pcd.c ****       {
 1818              		.loc 1 1440 30 discriminator 1
 1819 0776 7B6A     		ldr	r3, [r7, #36]
 1820 0778 9342     		cmp	r3, r2
 1821 077a E4D3     		bcc	.L71
 1822              	.L68:
1446:Drivers/STM32F4xx_HAL_Driver/Src/stm32f4xx_hal_pcd.c ****         }
1447:Drivers/STM32F4xx_HAL_Driver/Src/stm32f4xx_hal_pcd.c ****       }
1448:Drivers/STM32F4xx_HAL_Driver/Src/stm32f4xx_hal_pcd.c ****     }
1449:Drivers/STM32F4xx_HAL_Driver/Src/stm32f4xx_hal_pcd.c **** 
1450:Drivers/STM32F4xx_HAL_Driver/Src/stm32f4xx_hal_pcd.c ****     /* Handle Incomplete ISO IN Interrupt */
1451:Drivers/STM32F4xx_HAL_Driver/Src/stm32f4xx_hal_pcd.c ****     if (__HAL_PCD_GET_FLAG(hpcd, USB_OTG_GINTSTS_IISOIXFR))
 1823              		.loc 1 1451 9
 1824 077c 7B68     		ldr	r3, [r7, #4]
 1825 077e 1B68     		ldr	r3, [r3]
 1826 0780 1846     		mov	r0, r3
 1827 0782 FFF7FEFF 		bl	USB_ReadInterrupts
 1828 0786 0346     		mov	r3, r0
 1829              		.loc 1 1451 9 is_stmt 0 discriminator 1
 1830 0788 03F48013 		and	r3, r3, #1048576
 1831              		.loc 1 1451 8 is_stmt 1 discriminator 1
 1832 078c B3F5801F 		cmp	r3, #1048576
 1833 0790 3CD1     		bne	.L72
1452:Drivers/STM32F4xx_HAL_Driver/Src/stm32f4xx_hal_pcd.c ****     {
1453:Drivers/STM32F4xx_HAL_Driver/Src/stm32f4xx_hal_pcd.c ****       for (epnum = 1U; epnum < hpcd->Init.dev_endpoints; epnum++)
 1834              		.loc 1 1453 18
 1835 0792 0123     		movs	r3, #1
 1836 0794 7B62     		str	r3, [r7, #36]
 1837              		.loc 1 1453 7
 1838 0796 2BE0     		b	.L73
 1839              	.L75:
1454:Drivers/STM32F4xx_HAL_Driver/Src/stm32f4xx_hal_pcd.c ****       {
1455:Drivers/STM32F4xx_HAL_Driver/Src/stm32f4xx_hal_pcd.c ****         RegVal = USBx_INEP(epnum)->DIEPCTL;
 1840              		.loc 1 1455 18
 1841 0798 7B6A     		ldr	r3, [r7, #36]
 1842 079a 5A01     		lsls	r2, r3, #5
 1843 079c FB69     		ldr	r3, [r7, #28]
 1844 079e 1344     		add	r3, r3, r2
 1845 07a0 03F51063 		add	r3, r3, #2304
 1846              		.loc 1 1455 16
ARM GAS  /tmp/ccuGCwmi.s 			page 59


 1847 07a4 1B68     		ldr	r3, [r3]
 1848 07a6 BB61     		str	r3, [r7, #24]
1456:Drivers/STM32F4xx_HAL_Driver/Src/stm32f4xx_hal_pcd.c **** 
1457:Drivers/STM32F4xx_HAL_Driver/Src/stm32f4xx_hal_pcd.c ****         if ((hpcd->IN_ep[epnum].type == EP_TYPE_ISOC) &&
 1849              		.loc 1 1457 32
 1850 07a8 7968     		ldr	r1, [r7, #4]
 1851 07aa 7A6A     		ldr	r2, [r7, #36]
 1852 07ac 1346     		mov	r3, r2
 1853 07ae DB00     		lsls	r3, r3, #3
 1854 07b0 1344     		add	r3, r3, r2
 1855 07b2 9B00     		lsls	r3, r3, #2
 1856 07b4 0B44     		add	r3, r3, r1
 1857 07b6 1833     		adds	r3, r3, #24
 1858 07b8 1B78     		ldrb	r3, [r3]	@ zero_extendqisi2
 1859              		.loc 1 1457 12
 1860 07ba 012B     		cmp	r3, #1
 1861 07bc 15D1     		bne	.L74
1458:Drivers/STM32F4xx_HAL_Driver/Src/stm32f4xx_hal_pcd.c ****             ((RegVal & USB_OTG_DIEPCTL_EPENA) == USB_OTG_DIEPCTL_EPENA))
 1862              		.loc 1 1458 47
 1863 07be BB69     		ldr	r3, [r7, #24]
1457:Drivers/STM32F4xx_HAL_Driver/Src/stm32f4xx_hal_pcd.c ****             ((RegVal & USB_OTG_DIEPCTL_EPENA) == USB_OTG_DIEPCTL_EPENA))
 1864              		.loc 1 1457 55 discriminator 1
 1865 07c0 002B     		cmp	r3, #0
 1866 07c2 12DA     		bge	.L74
1459:Drivers/STM32F4xx_HAL_Driver/Src/stm32f4xx_hal_pcd.c ****         {
1460:Drivers/STM32F4xx_HAL_Driver/Src/stm32f4xx_hal_pcd.c ****           hpcd->IN_ep[epnum].is_iso_incomplete = 1U;
 1867              		.loc 1 1460 48
 1868 07c4 7968     		ldr	r1, [r7, #4]
 1869 07c6 7A6A     		ldr	r2, [r7, #36]
 1870 07c8 1346     		mov	r3, r2
 1871 07ca DB00     		lsls	r3, r3, #3
 1872 07cc 1344     		add	r3, r3, r2
 1873 07ce 9B00     		lsls	r3, r3, #2
 1874 07d0 0B44     		add	r3, r3, r1
 1875 07d2 1733     		adds	r3, r3, #23
 1876 07d4 0122     		movs	r2, #1
 1877 07d6 1A70     		strb	r2, [r3]
1461:Drivers/STM32F4xx_HAL_Driver/Src/stm32f4xx_hal_pcd.c **** 
1462:Drivers/STM32F4xx_HAL_Driver/Src/stm32f4xx_hal_pcd.c ****           /* Abort current transaction and disable the EP */
1463:Drivers/STM32F4xx_HAL_Driver/Src/stm32f4xx_hal_pcd.c ****           (void)HAL_PCD_EP_Abort(hpcd, (uint8_t)(epnum | 0x80U));
 1878              		.loc 1 1463 17
 1879 07d8 7B6A     		ldr	r3, [r7, #36]
 1880 07da DBB2     		uxtb	r3, r3
 1881              		.loc 1 1463 40
 1882 07dc 63F07F03 		orn	r3, r3, #127
 1883 07e0 DBB2     		uxtb	r3, r3
 1884              		.loc 1 1463 17
 1885 07e2 1946     		mov	r1, r3
 1886 07e4 7868     		ldr	r0, [r7, #4]
 1887 07e6 FFF7FEFF 		bl	HAL_PCD_EP_Abort
 1888              	.L74:
1453:Drivers/STM32F4xx_HAL_Driver/Src/stm32f4xx_hal_pcd.c ****       {
 1889              		.loc 1 1453 63 discriminator 2
 1890 07ea 7B6A     		ldr	r3, [r7, #36]
 1891 07ec 0133     		adds	r3, r3, #1
 1892 07ee 7B62     		str	r3, [r7, #36]
 1893              	.L73:
ARM GAS  /tmp/ccuGCwmi.s 			page 60


1453:Drivers/STM32F4xx_HAL_Driver/Src/stm32f4xx_hal_pcd.c ****       {
 1894              		.loc 1 1453 42 discriminator 1
 1895 07f0 7B68     		ldr	r3, [r7, #4]
 1896 07f2 1B79     		ldrb	r3, [r3, #4]	@ zero_extendqisi2
 1897 07f4 1A46     		mov	r2, r3
1453:Drivers/STM32F4xx_HAL_Driver/Src/stm32f4xx_hal_pcd.c ****       {
 1898              		.loc 1 1453 30 discriminator 1
 1899 07f6 7B6A     		ldr	r3, [r7, #36]
 1900 07f8 9342     		cmp	r3, r2
 1901 07fa CDD3     		bcc	.L75
1464:Drivers/STM32F4xx_HAL_Driver/Src/stm32f4xx_hal_pcd.c ****         }
1465:Drivers/STM32F4xx_HAL_Driver/Src/stm32f4xx_hal_pcd.c ****       }
1466:Drivers/STM32F4xx_HAL_Driver/Src/stm32f4xx_hal_pcd.c **** 
1467:Drivers/STM32F4xx_HAL_Driver/Src/stm32f4xx_hal_pcd.c ****       __HAL_PCD_CLEAR_FLAG(hpcd, USB_OTG_GINTSTS_IISOIXFR);
 1902              		.loc 1 1467 7
 1903 07fc 7B68     		ldr	r3, [r7, #4]
 1904 07fe 1B68     		ldr	r3, [r3]
 1905 0800 5A69     		ldr	r2, [r3, #20]
 1906 0802 7B68     		ldr	r3, [r7, #4]
 1907 0804 1B68     		ldr	r3, [r3]
 1908 0806 02F48012 		and	r2, r2, #1048576
 1909 080a 5A61     		str	r2, [r3, #20]
 1910              	.L72:
1468:Drivers/STM32F4xx_HAL_Driver/Src/stm32f4xx_hal_pcd.c ****     }
1469:Drivers/STM32F4xx_HAL_Driver/Src/stm32f4xx_hal_pcd.c **** 
1470:Drivers/STM32F4xx_HAL_Driver/Src/stm32f4xx_hal_pcd.c ****     /* Handle Incomplete ISO OUT Interrupt */
1471:Drivers/STM32F4xx_HAL_Driver/Src/stm32f4xx_hal_pcd.c ****     if (__HAL_PCD_GET_FLAG(hpcd, USB_OTG_GINTSTS_PXFR_INCOMPISOOUT))
 1911              		.loc 1 1471 9
 1912 080c 7B68     		ldr	r3, [r7, #4]
 1913 080e 1B68     		ldr	r3, [r3]
 1914 0810 1846     		mov	r0, r3
 1915 0812 FFF7FEFF 		bl	USB_ReadInterrupts
 1916 0816 0346     		mov	r3, r0
 1917              		.loc 1 1471 9 is_stmt 0 discriminator 1
 1918 0818 03F40013 		and	r3, r3, #2097152
 1919              		.loc 1 1471 8 is_stmt 1 discriminator 1
 1920 081c B3F5001F 		cmp	r3, #2097152
 1921 0820 56D1     		bne	.L76
1472:Drivers/STM32F4xx_HAL_Driver/Src/stm32f4xx_hal_pcd.c ****     {
1473:Drivers/STM32F4xx_HAL_Driver/Src/stm32f4xx_hal_pcd.c ****       for (epnum = 1U; epnum < hpcd->Init.dev_endpoints; epnum++)
 1922              		.loc 1 1473 18
 1923 0822 0123     		movs	r3, #1
 1924 0824 7B62     		str	r3, [r7, #36]
 1925              		.loc 1 1473 7
 1926 0826 45E0     		b	.L77
 1927              	.L80:
1474:Drivers/STM32F4xx_HAL_Driver/Src/stm32f4xx_hal_pcd.c ****       {
1475:Drivers/STM32F4xx_HAL_Driver/Src/stm32f4xx_hal_pcd.c ****         RegVal = USBx_OUTEP(epnum)->DOEPCTL;
 1928              		.loc 1 1475 18
 1929 0828 7B6A     		ldr	r3, [r7, #36]
 1930 082a 5A01     		lsls	r2, r3, #5
 1931 082c FB69     		ldr	r3, [r7, #28]
 1932 082e 1344     		add	r3, r3, r2
 1933 0830 03F53063 		add	r3, r3, #2816
 1934              		.loc 1 1475 16
 1935 0834 1B68     		ldr	r3, [r3]
 1936 0836 BB61     		str	r3, [r7, #24]
ARM GAS  /tmp/ccuGCwmi.s 			page 61


1476:Drivers/STM32F4xx_HAL_Driver/Src/stm32f4xx_hal_pcd.c **** 
1477:Drivers/STM32F4xx_HAL_Driver/Src/stm32f4xx_hal_pcd.c ****         if ((hpcd->OUT_ep[epnum].type == EP_TYPE_ISOC) &&
 1937              		.loc 1 1477 33
 1938 0838 7968     		ldr	r1, [r7, #4]
 1939 083a 7A6A     		ldr	r2, [r7, #36]
 1940 083c 1346     		mov	r3, r2
 1941 083e DB00     		lsls	r3, r3, #3
 1942 0840 1344     		add	r3, r3, r2
 1943 0842 9B00     		lsls	r3, r3, #2
 1944 0844 0B44     		add	r3, r3, r1
 1945 0846 03F51673 		add	r3, r3, #600
 1946 084a 1B78     		ldrb	r3, [r3]	@ zero_extendqisi2
 1947              		.loc 1 1477 12
 1948 084c 012B     		cmp	r3, #1
 1949 084e 2ED1     		bne	.L78
1478:Drivers/STM32F4xx_HAL_Driver/Src/stm32f4xx_hal_pcd.c ****             ((RegVal & USB_OTG_DOEPCTL_EPENA) == USB_OTG_DOEPCTL_EPENA) &&
 1950              		.loc 1 1478 47
 1951 0850 BB69     		ldr	r3, [r7, #24]
1477:Drivers/STM32F4xx_HAL_Driver/Src/stm32f4xx_hal_pcd.c ****             ((RegVal & USB_OTG_DOEPCTL_EPENA) == USB_OTG_DOEPCTL_EPENA) &&
 1952              		.loc 1 1477 56 discriminator 1
 1953 0852 002B     		cmp	r3, #0
 1954 0854 2BDA     		bge	.L78
1479:Drivers/STM32F4xx_HAL_Driver/Src/stm32f4xx_hal_pcd.c ****             ((RegVal & (0x1U << 16)) == (hpcd->FrameNumber & 0x1U)))
 1955              		.loc 1 1479 22
 1956 0856 BB69     		ldr	r3, [r7, #24]
 1957 0858 03F48032 		and	r2, r3, #65536
 1958              		.loc 1 1479 46
 1959 085c 7B68     		ldr	r3, [r7, #4]
 1960 085e D3F8D434 		ldr	r3, [r3, #1236]
 1961              		.loc 1 1479 60
 1962 0862 03F00103 		and	r3, r3, #1
1478:Drivers/STM32F4xx_HAL_Driver/Src/stm32f4xx_hal_pcd.c ****             ((RegVal & USB_OTG_DOEPCTL_EPENA) == USB_OTG_DOEPCTL_EPENA) &&
 1963              		.loc 1 1478 73
 1964 0866 9A42     		cmp	r2, r3
 1965 0868 21D1     		bne	.L78
1480:Drivers/STM32F4xx_HAL_Driver/Src/stm32f4xx_hal_pcd.c ****         {
1481:Drivers/STM32F4xx_HAL_Driver/Src/stm32f4xx_hal_pcd.c ****           hpcd->OUT_ep[epnum].is_iso_incomplete = 1U;
 1966              		.loc 1 1481 49
 1967 086a 7968     		ldr	r1, [r7, #4]
 1968 086c 7A6A     		ldr	r2, [r7, #36]
 1969 086e 1346     		mov	r3, r2
 1970 0870 DB00     		lsls	r3, r3, #3
 1971 0872 1344     		add	r3, r3, r2
 1972 0874 9B00     		lsls	r3, r3, #2
 1973 0876 0B44     		add	r3, r3, r1
 1974 0878 03F25723 		addw	r3, r3, #599
 1975 087c 0122     		movs	r2, #1
 1976 087e 1A70     		strb	r2, [r3]
1482:Drivers/STM32F4xx_HAL_Driver/Src/stm32f4xx_hal_pcd.c **** 
1483:Drivers/STM32F4xx_HAL_Driver/Src/stm32f4xx_hal_pcd.c ****           USBx->GINTMSK |= USB_OTG_GINTMSK_GONAKEFFM;
 1977              		.loc 1 1483 15
 1978 0880 3B6A     		ldr	r3, [r7, #32]
 1979 0882 9B69     		ldr	r3, [r3, #24]
 1980              		.loc 1 1483 25
 1981 0884 43F08002 		orr	r2, r3, #128
 1982 0888 3B6A     		ldr	r3, [r7, #32]
 1983 088a 9A61     		str	r2, [r3, #24]
ARM GAS  /tmp/ccuGCwmi.s 			page 62


1484:Drivers/STM32F4xx_HAL_Driver/Src/stm32f4xx_hal_pcd.c **** 
1485:Drivers/STM32F4xx_HAL_Driver/Src/stm32f4xx_hal_pcd.c ****           if ((USBx->GINTSTS & USB_OTG_GINTSTS_BOUTNAKEFF) == 0U)
 1984              		.loc 1 1485 20
 1985 088c 3B6A     		ldr	r3, [r7, #32]
 1986 088e 5B69     		ldr	r3, [r3, #20]
 1987              		.loc 1 1485 30
 1988 0890 03F08003 		and	r3, r3, #128
 1989              		.loc 1 1485 14
 1990 0894 002B     		cmp	r3, #0
 1991 0896 0AD1     		bne	.L78
1486:Drivers/STM32F4xx_HAL_Driver/Src/stm32f4xx_hal_pcd.c ****           {
1487:Drivers/STM32F4xx_HAL_Driver/Src/stm32f4xx_hal_pcd.c ****             USBx_DEVICE->DCTL |= USB_OTG_DCTL_SGONAK;
 1992              		.loc 1 1487 24
 1993 0898 FB69     		ldr	r3, [r7, #28]
 1994 089a 03F50063 		add	r3, r3, #2048
 1995 089e 5B68     		ldr	r3, [r3, #4]
 1996 08a0 FA69     		ldr	r2, [r7, #28]
 1997 08a2 02F50062 		add	r2, r2, #2048
 1998              		.loc 1 1487 31
 1999 08a6 43F40073 		orr	r3, r3, #512
 2000 08aa 5360     		str	r3, [r2, #4]
1488:Drivers/STM32F4xx_HAL_Driver/Src/stm32f4xx_hal_pcd.c ****             break;
 2001              		.loc 1 1488 13
 2002 08ac 08E0     		b	.L79
 2003              	.L78:
1473:Drivers/STM32F4xx_HAL_Driver/Src/stm32f4xx_hal_pcd.c ****       {
 2004              		.loc 1 1473 63 discriminator 2
 2005 08ae 7B6A     		ldr	r3, [r7, #36]
 2006 08b0 0133     		adds	r3, r3, #1
 2007 08b2 7B62     		str	r3, [r7, #36]
 2008              	.L77:
1473:Drivers/STM32F4xx_HAL_Driver/Src/stm32f4xx_hal_pcd.c ****       {
 2009              		.loc 1 1473 42 discriminator 1
 2010 08b4 7B68     		ldr	r3, [r7, #4]
 2011 08b6 1B79     		ldrb	r3, [r3, #4]	@ zero_extendqisi2
 2012 08b8 1A46     		mov	r2, r3
1473:Drivers/STM32F4xx_HAL_Driver/Src/stm32f4xx_hal_pcd.c ****       {
 2013              		.loc 1 1473 30 discriminator 1
 2014 08ba 7B6A     		ldr	r3, [r7, #36]
 2015 08bc 9342     		cmp	r3, r2
 2016 08be B3D3     		bcc	.L80
 2017              	.L79:
1489:Drivers/STM32F4xx_HAL_Driver/Src/stm32f4xx_hal_pcd.c ****           }
1490:Drivers/STM32F4xx_HAL_Driver/Src/stm32f4xx_hal_pcd.c ****         }
1491:Drivers/STM32F4xx_HAL_Driver/Src/stm32f4xx_hal_pcd.c ****       }
1492:Drivers/STM32F4xx_HAL_Driver/Src/stm32f4xx_hal_pcd.c **** 
1493:Drivers/STM32F4xx_HAL_Driver/Src/stm32f4xx_hal_pcd.c ****       __HAL_PCD_CLEAR_FLAG(hpcd, USB_OTG_GINTSTS_PXFR_INCOMPISOOUT);
 2018              		.loc 1 1493 7
 2019 08c0 7B68     		ldr	r3, [r7, #4]
 2020 08c2 1B68     		ldr	r3, [r3]
 2021 08c4 5A69     		ldr	r2, [r3, #20]
 2022 08c6 7B68     		ldr	r3, [r7, #4]
 2023 08c8 1B68     		ldr	r3, [r3]
 2024 08ca 02F40012 		and	r2, r2, #2097152
 2025 08ce 5A61     		str	r2, [r3, #20]
 2026              	.L76:
1494:Drivers/STM32F4xx_HAL_Driver/Src/stm32f4xx_hal_pcd.c ****     }
ARM GAS  /tmp/ccuGCwmi.s 			page 63


1495:Drivers/STM32F4xx_HAL_Driver/Src/stm32f4xx_hal_pcd.c **** 
1496:Drivers/STM32F4xx_HAL_Driver/Src/stm32f4xx_hal_pcd.c ****     /* Handle Connection event Interrupt */
1497:Drivers/STM32F4xx_HAL_Driver/Src/stm32f4xx_hal_pcd.c ****     if (__HAL_PCD_GET_FLAG(hpcd, USB_OTG_GINTSTS_SRQINT))
 2027              		.loc 1 1497 9
 2028 08d0 7B68     		ldr	r3, [r7, #4]
 2029 08d2 1B68     		ldr	r3, [r3]
 2030 08d4 1846     		mov	r0, r3
 2031 08d6 FFF7FEFF 		bl	USB_ReadInterrupts
 2032 08da 0346     		mov	r3, r0
 2033              		.loc 1 1497 9 is_stmt 0 discriminator 1
 2034 08dc 03F08043 		and	r3, r3, #1073741824
 2035              		.loc 1 1497 8 is_stmt 1 discriminator 1
 2036 08e0 B3F1804F 		cmp	r3, #1073741824
 2037 08e4 0AD1     		bne	.L81
1498:Drivers/STM32F4xx_HAL_Driver/Src/stm32f4xx_hal_pcd.c ****     {
1499:Drivers/STM32F4xx_HAL_Driver/Src/stm32f4xx_hal_pcd.c **** #if (USE_HAL_PCD_REGISTER_CALLBACKS == 1U)
1500:Drivers/STM32F4xx_HAL_Driver/Src/stm32f4xx_hal_pcd.c ****       hpcd->ConnectCallback(hpcd);
1501:Drivers/STM32F4xx_HAL_Driver/Src/stm32f4xx_hal_pcd.c **** #else
1502:Drivers/STM32F4xx_HAL_Driver/Src/stm32f4xx_hal_pcd.c ****       HAL_PCD_ConnectCallback(hpcd);
 2038              		.loc 1 1502 7
 2039 08e6 7868     		ldr	r0, [r7, #4]
 2040 08e8 FFF7FEFF 		bl	HAL_PCD_ConnectCallback
1503:Drivers/STM32F4xx_HAL_Driver/Src/stm32f4xx_hal_pcd.c **** #endif /* USE_HAL_PCD_REGISTER_CALLBACKS */
1504:Drivers/STM32F4xx_HAL_Driver/Src/stm32f4xx_hal_pcd.c **** 
1505:Drivers/STM32F4xx_HAL_Driver/Src/stm32f4xx_hal_pcd.c ****       __HAL_PCD_CLEAR_FLAG(hpcd, USB_OTG_GINTSTS_SRQINT);
 2041              		.loc 1 1505 7
 2042 08ec 7B68     		ldr	r3, [r7, #4]
 2043 08ee 1B68     		ldr	r3, [r3]
 2044 08f0 5A69     		ldr	r2, [r3, #20]
 2045 08f2 7B68     		ldr	r3, [r7, #4]
 2046 08f4 1B68     		ldr	r3, [r3]
 2047 08f6 02F08042 		and	r2, r2, #1073741824
 2048 08fa 5A61     		str	r2, [r3, #20]
 2049              	.L81:
1506:Drivers/STM32F4xx_HAL_Driver/Src/stm32f4xx_hal_pcd.c ****     }
1507:Drivers/STM32F4xx_HAL_Driver/Src/stm32f4xx_hal_pcd.c **** 
1508:Drivers/STM32F4xx_HAL_Driver/Src/stm32f4xx_hal_pcd.c ****     /* Handle Disconnection event Interrupt */
1509:Drivers/STM32F4xx_HAL_Driver/Src/stm32f4xx_hal_pcd.c ****     if (__HAL_PCD_GET_FLAG(hpcd, USB_OTG_GINTSTS_OTGINT))
 2050              		.loc 1 1509 9
 2051 08fc 7B68     		ldr	r3, [r7, #4]
 2052 08fe 1B68     		ldr	r3, [r3]
 2053 0900 1846     		mov	r0, r3
 2054 0902 FFF7FEFF 		bl	USB_ReadInterrupts
 2055 0906 0346     		mov	r3, r0
 2056              		.loc 1 1509 9 is_stmt 0 discriminator 1
 2057 0908 03F00403 		and	r3, r3, #4
 2058              		.loc 1 1509 8 is_stmt 1 discriminator 1
 2059 090c 042B     		cmp	r3, #4
 2060 090e 15D1     		bne	.L27
1510:Drivers/STM32F4xx_HAL_Driver/Src/stm32f4xx_hal_pcd.c ****     {
1511:Drivers/STM32F4xx_HAL_Driver/Src/stm32f4xx_hal_pcd.c ****       RegVal = hpcd->Instance->GOTGINT;
 2061              		.loc 1 1511 20
 2062 0910 7B68     		ldr	r3, [r7, #4]
 2063 0912 1B68     		ldr	r3, [r3]
 2064              		.loc 1 1511 14
 2065 0914 5B68     		ldr	r3, [r3, #4]
 2066 0916 BB61     		str	r3, [r7, #24]
ARM GAS  /tmp/ccuGCwmi.s 			page 64


1512:Drivers/STM32F4xx_HAL_Driver/Src/stm32f4xx_hal_pcd.c **** 
1513:Drivers/STM32F4xx_HAL_Driver/Src/stm32f4xx_hal_pcd.c ****       if ((RegVal & USB_OTG_GOTGINT_SEDET) == USB_OTG_GOTGINT_SEDET)
 2067              		.loc 1 1513 19
 2068 0918 BB69     		ldr	r3, [r7, #24]
 2069 091a 03F00403 		and	r3, r3, #4
 2070              		.loc 1 1513 10
 2071 091e 002B     		cmp	r3, #0
 2072 0920 02D0     		beq	.L82
1514:Drivers/STM32F4xx_HAL_Driver/Src/stm32f4xx_hal_pcd.c ****       {
1515:Drivers/STM32F4xx_HAL_Driver/Src/stm32f4xx_hal_pcd.c **** #if (USE_HAL_PCD_REGISTER_CALLBACKS == 1U)
1516:Drivers/STM32F4xx_HAL_Driver/Src/stm32f4xx_hal_pcd.c ****         hpcd->DisconnectCallback(hpcd);
1517:Drivers/STM32F4xx_HAL_Driver/Src/stm32f4xx_hal_pcd.c **** #else
1518:Drivers/STM32F4xx_HAL_Driver/Src/stm32f4xx_hal_pcd.c ****         HAL_PCD_DisconnectCallback(hpcd);
 2073              		.loc 1 1518 9
 2074 0922 7868     		ldr	r0, [r7, #4]
 2075 0924 FFF7FEFF 		bl	HAL_PCD_DisconnectCallback
 2076              	.L82:
1519:Drivers/STM32F4xx_HAL_Driver/Src/stm32f4xx_hal_pcd.c **** #endif /* USE_HAL_PCD_REGISTER_CALLBACKS */
1520:Drivers/STM32F4xx_HAL_Driver/Src/stm32f4xx_hal_pcd.c ****       }
1521:Drivers/STM32F4xx_HAL_Driver/Src/stm32f4xx_hal_pcd.c ****       hpcd->Instance->GOTGINT |= RegVal;
 2077              		.loc 1 1521 11
 2078 0928 7B68     		ldr	r3, [r7, #4]
 2079 092a 1B68     		ldr	r3, [r3]
 2080              		.loc 1 1521 21
 2081 092c 5968     		ldr	r1, [r3, #4]
 2082              		.loc 1 1521 11
 2083 092e 7B68     		ldr	r3, [r7, #4]
 2084 0930 1B68     		ldr	r3, [r3]
 2085              		.loc 1 1521 31
 2086 0932 BA69     		ldr	r2, [r7, #24]
 2087 0934 0A43     		orrs	r2, r2, r1
 2088 0936 5A60     		str	r2, [r3, #4]
 2089 0938 00E0     		b	.L27
 2090              	.L83:
1086:Drivers/STM32F4xx_HAL_Driver/Src/stm32f4xx_hal_pcd.c ****     }
 2091              		.loc 1 1086 7
 2092 093a 00BF     		nop
 2093              	.L27:
1522:Drivers/STM32F4xx_HAL_Driver/Src/stm32f4xx_hal_pcd.c ****     }
1523:Drivers/STM32F4xx_HAL_Driver/Src/stm32f4xx_hal_pcd.c ****   }
1524:Drivers/STM32F4xx_HAL_Driver/Src/stm32f4xx_hal_pcd.c **** }
 2094              		.loc 1 1524 1
 2095 093c 3437     		adds	r7, r7, #52
 2096              	.LCFI35:
 2097              		.cfi_def_cfa_offset 12
 2098 093e BD46     		mov	sp, r7
 2099              	.LCFI36:
 2100              		.cfi_def_cfa_register 13
 2101              		@ sp needed
 2102 0940 90BD     		pop	{r4, r7, pc}
 2103              		.cfi_endproc
 2104              	.LFE226:
 2106              		.section	.text.HAL_PCD_WKUP_IRQHandler,"ax",%progbits
 2107              		.align	1
 2108              		.global	HAL_PCD_WKUP_IRQHandler
 2109              		.syntax unified
 2110              		.thumb
ARM GAS  /tmp/ccuGCwmi.s 			page 65


 2111              		.thumb_func
 2113              	HAL_PCD_WKUP_IRQHandler:
 2114              	.LFB227:
1525:Drivers/STM32F4xx_HAL_Driver/Src/stm32f4xx_hal_pcd.c **** 
1526:Drivers/STM32F4xx_HAL_Driver/Src/stm32f4xx_hal_pcd.c **** 
1527:Drivers/STM32F4xx_HAL_Driver/Src/stm32f4xx_hal_pcd.c **** /**
1528:Drivers/STM32F4xx_HAL_Driver/Src/stm32f4xx_hal_pcd.c ****   * @brief  Handles PCD Wakeup interrupt request.
1529:Drivers/STM32F4xx_HAL_Driver/Src/stm32f4xx_hal_pcd.c ****   * @param  hpcd PCD handle
1530:Drivers/STM32F4xx_HAL_Driver/Src/stm32f4xx_hal_pcd.c ****   * @retval HAL status
1531:Drivers/STM32F4xx_HAL_Driver/Src/stm32f4xx_hal_pcd.c ****   */
1532:Drivers/STM32F4xx_HAL_Driver/Src/stm32f4xx_hal_pcd.c **** void HAL_PCD_WKUP_IRQHandler(PCD_HandleTypeDef *hpcd)
1533:Drivers/STM32F4xx_HAL_Driver/Src/stm32f4xx_hal_pcd.c **** {
 2115              		.loc 1 1533 1
 2116              		.cfi_startproc
 2117              		@ args = 0, pretend = 0, frame = 16
 2118              		@ frame_needed = 1, uses_anonymous_args = 0
 2119              		@ link register save eliminated.
 2120 0000 80B4     		push	{r7}
 2121              	.LCFI37:
 2122              		.cfi_def_cfa_offset 4
 2123              		.cfi_offset 7, -4
 2124 0002 85B0     		sub	sp, sp, #20
 2125              	.LCFI38:
 2126              		.cfi_def_cfa_offset 24
 2127 0004 00AF     		add	r7, sp, #0
 2128              	.LCFI39:
 2129              		.cfi_def_cfa_register 7
 2130 0006 7860     		str	r0, [r7, #4]
1534:Drivers/STM32F4xx_HAL_Driver/Src/stm32f4xx_hal_pcd.c **** #if defined (USB_OTG_FS)
1535:Drivers/STM32F4xx_HAL_Driver/Src/stm32f4xx_hal_pcd.c ****   USB_OTG_GlobalTypeDef *USBx;
1536:Drivers/STM32F4xx_HAL_Driver/Src/stm32f4xx_hal_pcd.c ****   USBx = hpcd->Instance;
 2131              		.loc 1 1536 8
 2132 0008 7B68     		ldr	r3, [r7, #4]
 2133 000a 1B68     		ldr	r3, [r3]
 2134 000c FB60     		str	r3, [r7, #12]
1537:Drivers/STM32F4xx_HAL_Driver/Src/stm32f4xx_hal_pcd.c **** 
1538:Drivers/STM32F4xx_HAL_Driver/Src/stm32f4xx_hal_pcd.c ****   if (USBx == USB_OTG_FS)
 2135              		.loc 1 1538 6
 2136 000e FB68     		ldr	r3, [r7, #12]
 2137 0010 B3F1A04F 		cmp	r3, #1342177280
 2138 0014 04D1     		bne	.L85
1539:Drivers/STM32F4xx_HAL_Driver/Src/stm32f4xx_hal_pcd.c ****   {
1540:Drivers/STM32F4xx_HAL_Driver/Src/stm32f4xx_hal_pcd.c ****     /* Clear EXTI pending Bit */
1541:Drivers/STM32F4xx_HAL_Driver/Src/stm32f4xx_hal_pcd.c ****     __HAL_USB_OTG_FS_WAKEUP_EXTI_CLEAR_FLAG();
 2139              		.loc 1 1541 5
 2140 0016 074B     		ldr	r3, .L88
 2141 0018 4FF48022 		mov	r2, #262144
 2142 001c 5A61     		str	r2, [r3, #20]
1542:Drivers/STM32F4xx_HAL_Driver/Src/stm32f4xx_hal_pcd.c ****   }
1543:Drivers/STM32F4xx_HAL_Driver/Src/stm32f4xx_hal_pcd.c ****   else
1544:Drivers/STM32F4xx_HAL_Driver/Src/stm32f4xx_hal_pcd.c **** #endif /* defined (USB_OTG_FS) */
1545:Drivers/STM32F4xx_HAL_Driver/Src/stm32f4xx_hal_pcd.c ****   {
1546:Drivers/STM32F4xx_HAL_Driver/Src/stm32f4xx_hal_pcd.c ****     /* Clear EXTI pending Bit */
1547:Drivers/STM32F4xx_HAL_Driver/Src/stm32f4xx_hal_pcd.c ****     __HAL_USB_OTG_HS_WAKEUP_EXTI_CLEAR_FLAG();
1548:Drivers/STM32F4xx_HAL_Driver/Src/stm32f4xx_hal_pcd.c ****   }
1549:Drivers/STM32F4xx_HAL_Driver/Src/stm32f4xx_hal_pcd.c **** }
 2143              		.loc 1 1549 1
ARM GAS  /tmp/ccuGCwmi.s 			page 66


 2144 001e 03E0     		b	.L87
 2145              	.L85:
1547:Drivers/STM32F4xx_HAL_Driver/Src/stm32f4xx_hal_pcd.c ****   }
 2146              		.loc 1 1547 5
 2147 0020 044B     		ldr	r3, .L88
 2148 0022 4FF48012 		mov	r2, #1048576
 2149 0026 5A61     		str	r2, [r3, #20]
 2150              	.L87:
 2151              		.loc 1 1549 1
 2152 0028 00BF     		nop
 2153 002a 1437     		adds	r7, r7, #20
 2154              	.LCFI40:
 2155              		.cfi_def_cfa_offset 4
 2156 002c BD46     		mov	sp, r7
 2157              	.LCFI41:
 2158              		.cfi_def_cfa_register 13
 2159              		@ sp needed
 2160 002e 80BC     		pop	{r7}
 2161              	.LCFI42:
 2162              		.cfi_restore 7
 2163              		.cfi_def_cfa_offset 0
 2164 0030 7047     		bx	lr
 2165              	.L89:
 2166 0032 00BF     		.align	2
 2167              	.L88:
 2168 0034 003C0140 		.word	1073822720
 2169              		.cfi_endproc
 2170              	.LFE227:
 2172              		.section	.text.HAL_PCD_DataOutStageCallback,"ax",%progbits
 2173              		.align	1
 2174              		.weak	HAL_PCD_DataOutStageCallback
 2175              		.syntax unified
 2176              		.thumb
 2177              		.thumb_func
 2179              	HAL_PCD_DataOutStageCallback:
 2180              	.LFB228:
1550:Drivers/STM32F4xx_HAL_Driver/Src/stm32f4xx_hal_pcd.c **** #endif /* defined (USB_OTG_FS) || defined (USB_OTG_HS) */
1551:Drivers/STM32F4xx_HAL_Driver/Src/stm32f4xx_hal_pcd.c **** 
1552:Drivers/STM32F4xx_HAL_Driver/Src/stm32f4xx_hal_pcd.c **** 
1553:Drivers/STM32F4xx_HAL_Driver/Src/stm32f4xx_hal_pcd.c **** /**
1554:Drivers/STM32F4xx_HAL_Driver/Src/stm32f4xx_hal_pcd.c ****   * @brief  Data OUT stage callback.
1555:Drivers/STM32F4xx_HAL_Driver/Src/stm32f4xx_hal_pcd.c ****   * @param  hpcd PCD handle
1556:Drivers/STM32F4xx_HAL_Driver/Src/stm32f4xx_hal_pcd.c ****   * @param  epnum endpoint number
1557:Drivers/STM32F4xx_HAL_Driver/Src/stm32f4xx_hal_pcd.c ****   * @retval None
1558:Drivers/STM32F4xx_HAL_Driver/Src/stm32f4xx_hal_pcd.c ****   */
1559:Drivers/STM32F4xx_HAL_Driver/Src/stm32f4xx_hal_pcd.c **** __weak void HAL_PCD_DataOutStageCallback(PCD_HandleTypeDef *hpcd, uint8_t epnum)
1560:Drivers/STM32F4xx_HAL_Driver/Src/stm32f4xx_hal_pcd.c **** {
 2181              		.loc 1 1560 1
 2182              		.cfi_startproc
 2183              		@ args = 0, pretend = 0, frame = 8
 2184              		@ frame_needed = 1, uses_anonymous_args = 0
 2185              		@ link register save eliminated.
 2186 0000 80B4     		push	{r7}
 2187              	.LCFI43:
 2188              		.cfi_def_cfa_offset 4
 2189              		.cfi_offset 7, -4
 2190 0002 83B0     		sub	sp, sp, #12
ARM GAS  /tmp/ccuGCwmi.s 			page 67


 2191              	.LCFI44:
 2192              		.cfi_def_cfa_offset 16
 2193 0004 00AF     		add	r7, sp, #0
 2194              	.LCFI45:
 2195              		.cfi_def_cfa_register 7
 2196 0006 7860     		str	r0, [r7, #4]
 2197 0008 0B46     		mov	r3, r1
 2198 000a FB70     		strb	r3, [r7, #3]
1561:Drivers/STM32F4xx_HAL_Driver/Src/stm32f4xx_hal_pcd.c ****   /* Prevent unused argument(s) compilation warning */
1562:Drivers/STM32F4xx_HAL_Driver/Src/stm32f4xx_hal_pcd.c ****   UNUSED(hpcd);
1563:Drivers/STM32F4xx_HAL_Driver/Src/stm32f4xx_hal_pcd.c ****   UNUSED(epnum);
1564:Drivers/STM32F4xx_HAL_Driver/Src/stm32f4xx_hal_pcd.c **** 
1565:Drivers/STM32F4xx_HAL_Driver/Src/stm32f4xx_hal_pcd.c ****   /* NOTE : This function should not be modified, when the callback is needed,
1566:Drivers/STM32F4xx_HAL_Driver/Src/stm32f4xx_hal_pcd.c ****             the HAL_PCD_DataOutStageCallback could be implemented in the user file
1567:Drivers/STM32F4xx_HAL_Driver/Src/stm32f4xx_hal_pcd.c ****    */
1568:Drivers/STM32F4xx_HAL_Driver/Src/stm32f4xx_hal_pcd.c **** }
 2199              		.loc 1 1568 1
 2200 000c 00BF     		nop
 2201 000e 0C37     		adds	r7, r7, #12
 2202              	.LCFI46:
 2203              		.cfi_def_cfa_offset 4
 2204 0010 BD46     		mov	sp, r7
 2205              	.LCFI47:
 2206              		.cfi_def_cfa_register 13
 2207              		@ sp needed
 2208 0012 80BC     		pop	{r7}
 2209              	.LCFI48:
 2210              		.cfi_restore 7
 2211              		.cfi_def_cfa_offset 0
 2212 0014 7047     		bx	lr
 2213              		.cfi_endproc
 2214              	.LFE228:
 2216              		.section	.text.HAL_PCD_DataInStageCallback,"ax",%progbits
 2217              		.align	1
 2218              		.weak	HAL_PCD_DataInStageCallback
 2219              		.syntax unified
 2220              		.thumb
 2221              		.thumb_func
 2223              	HAL_PCD_DataInStageCallback:
 2224              	.LFB229:
1569:Drivers/STM32F4xx_HAL_Driver/Src/stm32f4xx_hal_pcd.c **** 
1570:Drivers/STM32F4xx_HAL_Driver/Src/stm32f4xx_hal_pcd.c **** /**
1571:Drivers/STM32F4xx_HAL_Driver/Src/stm32f4xx_hal_pcd.c ****   * @brief  Data IN stage callback
1572:Drivers/STM32F4xx_HAL_Driver/Src/stm32f4xx_hal_pcd.c ****   * @param  hpcd PCD handle
1573:Drivers/STM32F4xx_HAL_Driver/Src/stm32f4xx_hal_pcd.c ****   * @param  epnum endpoint number
1574:Drivers/STM32F4xx_HAL_Driver/Src/stm32f4xx_hal_pcd.c ****   * @retval None
1575:Drivers/STM32F4xx_HAL_Driver/Src/stm32f4xx_hal_pcd.c ****   */
1576:Drivers/STM32F4xx_HAL_Driver/Src/stm32f4xx_hal_pcd.c **** __weak void HAL_PCD_DataInStageCallback(PCD_HandleTypeDef *hpcd, uint8_t epnum)
1577:Drivers/STM32F4xx_HAL_Driver/Src/stm32f4xx_hal_pcd.c **** {
 2225              		.loc 1 1577 1
 2226              		.cfi_startproc
 2227              		@ args = 0, pretend = 0, frame = 8
 2228              		@ frame_needed = 1, uses_anonymous_args = 0
 2229              		@ link register save eliminated.
 2230 0000 80B4     		push	{r7}
 2231              	.LCFI49:
 2232              		.cfi_def_cfa_offset 4
ARM GAS  /tmp/ccuGCwmi.s 			page 68


 2233              		.cfi_offset 7, -4
 2234 0002 83B0     		sub	sp, sp, #12
 2235              	.LCFI50:
 2236              		.cfi_def_cfa_offset 16
 2237 0004 00AF     		add	r7, sp, #0
 2238              	.LCFI51:
 2239              		.cfi_def_cfa_register 7
 2240 0006 7860     		str	r0, [r7, #4]
 2241 0008 0B46     		mov	r3, r1
 2242 000a FB70     		strb	r3, [r7, #3]
1578:Drivers/STM32F4xx_HAL_Driver/Src/stm32f4xx_hal_pcd.c ****   /* Prevent unused argument(s) compilation warning */
1579:Drivers/STM32F4xx_HAL_Driver/Src/stm32f4xx_hal_pcd.c ****   UNUSED(hpcd);
1580:Drivers/STM32F4xx_HAL_Driver/Src/stm32f4xx_hal_pcd.c ****   UNUSED(epnum);
1581:Drivers/STM32F4xx_HAL_Driver/Src/stm32f4xx_hal_pcd.c **** 
1582:Drivers/STM32F4xx_HAL_Driver/Src/stm32f4xx_hal_pcd.c ****   /* NOTE : This function should not be modified, when the callback is needed,
1583:Drivers/STM32F4xx_HAL_Driver/Src/stm32f4xx_hal_pcd.c ****             the HAL_PCD_DataInStageCallback could be implemented in the user file
1584:Drivers/STM32F4xx_HAL_Driver/Src/stm32f4xx_hal_pcd.c ****    */
1585:Drivers/STM32F4xx_HAL_Driver/Src/stm32f4xx_hal_pcd.c **** }
 2243              		.loc 1 1585 1
 2244 000c 00BF     		nop
 2245 000e 0C37     		adds	r7, r7, #12
 2246              	.LCFI52:
 2247              		.cfi_def_cfa_offset 4
 2248 0010 BD46     		mov	sp, r7
 2249              	.LCFI53:
 2250              		.cfi_def_cfa_register 13
 2251              		@ sp needed
 2252 0012 80BC     		pop	{r7}
 2253              	.LCFI54:
 2254              		.cfi_restore 7
 2255              		.cfi_def_cfa_offset 0
 2256 0014 7047     		bx	lr
 2257              		.cfi_endproc
 2258              	.LFE229:
 2260              		.section	.text.HAL_PCD_SetupStageCallback,"ax",%progbits
 2261              		.align	1
 2262              		.weak	HAL_PCD_SetupStageCallback
 2263              		.syntax unified
 2264              		.thumb
 2265              		.thumb_func
 2267              	HAL_PCD_SetupStageCallback:
 2268              	.LFB230:
1586:Drivers/STM32F4xx_HAL_Driver/Src/stm32f4xx_hal_pcd.c **** /**
1587:Drivers/STM32F4xx_HAL_Driver/Src/stm32f4xx_hal_pcd.c ****   * @brief  Setup stage callback
1588:Drivers/STM32F4xx_HAL_Driver/Src/stm32f4xx_hal_pcd.c ****   * @param  hpcd PCD handle
1589:Drivers/STM32F4xx_HAL_Driver/Src/stm32f4xx_hal_pcd.c ****   * @retval None
1590:Drivers/STM32F4xx_HAL_Driver/Src/stm32f4xx_hal_pcd.c ****   */
1591:Drivers/STM32F4xx_HAL_Driver/Src/stm32f4xx_hal_pcd.c **** __weak void HAL_PCD_SetupStageCallback(PCD_HandleTypeDef *hpcd)
1592:Drivers/STM32F4xx_HAL_Driver/Src/stm32f4xx_hal_pcd.c **** {
 2269              		.loc 1 1592 1
 2270              		.cfi_startproc
 2271              		@ args = 0, pretend = 0, frame = 8
 2272              		@ frame_needed = 1, uses_anonymous_args = 0
 2273              		@ link register save eliminated.
 2274 0000 80B4     		push	{r7}
 2275              	.LCFI55:
 2276              		.cfi_def_cfa_offset 4
ARM GAS  /tmp/ccuGCwmi.s 			page 69


 2277              		.cfi_offset 7, -4
 2278 0002 83B0     		sub	sp, sp, #12
 2279              	.LCFI56:
 2280              		.cfi_def_cfa_offset 16
 2281 0004 00AF     		add	r7, sp, #0
 2282              	.LCFI57:
 2283              		.cfi_def_cfa_register 7
 2284 0006 7860     		str	r0, [r7, #4]
1593:Drivers/STM32F4xx_HAL_Driver/Src/stm32f4xx_hal_pcd.c ****   /* Prevent unused argument(s) compilation warning */
1594:Drivers/STM32F4xx_HAL_Driver/Src/stm32f4xx_hal_pcd.c ****   UNUSED(hpcd);
1595:Drivers/STM32F4xx_HAL_Driver/Src/stm32f4xx_hal_pcd.c **** 
1596:Drivers/STM32F4xx_HAL_Driver/Src/stm32f4xx_hal_pcd.c ****   /* NOTE : This function should not be modified, when the callback is needed,
1597:Drivers/STM32F4xx_HAL_Driver/Src/stm32f4xx_hal_pcd.c ****             the HAL_PCD_SetupStageCallback could be implemented in the user file
1598:Drivers/STM32F4xx_HAL_Driver/Src/stm32f4xx_hal_pcd.c ****    */
1599:Drivers/STM32F4xx_HAL_Driver/Src/stm32f4xx_hal_pcd.c **** }
 2285              		.loc 1 1599 1
 2286 0008 00BF     		nop
 2287 000a 0C37     		adds	r7, r7, #12
 2288              	.LCFI58:
 2289              		.cfi_def_cfa_offset 4
 2290 000c BD46     		mov	sp, r7
 2291              	.LCFI59:
 2292              		.cfi_def_cfa_register 13
 2293              		@ sp needed
 2294 000e 80BC     		pop	{r7}
 2295              	.LCFI60:
 2296              		.cfi_restore 7
 2297              		.cfi_def_cfa_offset 0
 2298 0010 7047     		bx	lr
 2299              		.cfi_endproc
 2300              	.LFE230:
 2302              		.section	.text.HAL_PCD_SOFCallback,"ax",%progbits
 2303              		.align	1
 2304              		.weak	HAL_PCD_SOFCallback
 2305              		.syntax unified
 2306              		.thumb
 2307              		.thumb_func
 2309              	HAL_PCD_SOFCallback:
 2310              	.LFB231:
1600:Drivers/STM32F4xx_HAL_Driver/Src/stm32f4xx_hal_pcd.c **** 
1601:Drivers/STM32F4xx_HAL_Driver/Src/stm32f4xx_hal_pcd.c **** /**
1602:Drivers/STM32F4xx_HAL_Driver/Src/stm32f4xx_hal_pcd.c ****   * @brief  USB Start Of Frame callback.
1603:Drivers/STM32F4xx_HAL_Driver/Src/stm32f4xx_hal_pcd.c ****   * @param  hpcd PCD handle
1604:Drivers/STM32F4xx_HAL_Driver/Src/stm32f4xx_hal_pcd.c ****   * @retval None
1605:Drivers/STM32F4xx_HAL_Driver/Src/stm32f4xx_hal_pcd.c ****   */
1606:Drivers/STM32F4xx_HAL_Driver/Src/stm32f4xx_hal_pcd.c **** __weak void HAL_PCD_SOFCallback(PCD_HandleTypeDef *hpcd)
1607:Drivers/STM32F4xx_HAL_Driver/Src/stm32f4xx_hal_pcd.c **** {
 2311              		.loc 1 1607 1
 2312              		.cfi_startproc
 2313              		@ args = 0, pretend = 0, frame = 8
 2314              		@ frame_needed = 1, uses_anonymous_args = 0
 2315              		@ link register save eliminated.
 2316 0000 80B4     		push	{r7}
 2317              	.LCFI61:
 2318              		.cfi_def_cfa_offset 4
 2319              		.cfi_offset 7, -4
 2320 0002 83B0     		sub	sp, sp, #12
ARM GAS  /tmp/ccuGCwmi.s 			page 70


 2321              	.LCFI62:
 2322              		.cfi_def_cfa_offset 16
 2323 0004 00AF     		add	r7, sp, #0
 2324              	.LCFI63:
 2325              		.cfi_def_cfa_register 7
 2326 0006 7860     		str	r0, [r7, #4]
1608:Drivers/STM32F4xx_HAL_Driver/Src/stm32f4xx_hal_pcd.c ****   /* Prevent unused argument(s) compilation warning */
1609:Drivers/STM32F4xx_HAL_Driver/Src/stm32f4xx_hal_pcd.c ****   UNUSED(hpcd);
1610:Drivers/STM32F4xx_HAL_Driver/Src/stm32f4xx_hal_pcd.c **** 
1611:Drivers/STM32F4xx_HAL_Driver/Src/stm32f4xx_hal_pcd.c ****   /* NOTE : This function should not be modified, when the callback is needed,
1612:Drivers/STM32F4xx_HAL_Driver/Src/stm32f4xx_hal_pcd.c ****             the HAL_PCD_SOFCallback could be implemented in the user file
1613:Drivers/STM32F4xx_HAL_Driver/Src/stm32f4xx_hal_pcd.c ****    */
1614:Drivers/STM32F4xx_HAL_Driver/Src/stm32f4xx_hal_pcd.c **** }
 2327              		.loc 1 1614 1
 2328 0008 00BF     		nop
 2329 000a 0C37     		adds	r7, r7, #12
 2330              	.LCFI64:
 2331              		.cfi_def_cfa_offset 4
 2332 000c BD46     		mov	sp, r7
 2333              	.LCFI65:
 2334              		.cfi_def_cfa_register 13
 2335              		@ sp needed
 2336 000e 80BC     		pop	{r7}
 2337              	.LCFI66:
 2338              		.cfi_restore 7
 2339              		.cfi_def_cfa_offset 0
 2340 0010 7047     		bx	lr
 2341              		.cfi_endproc
 2342              	.LFE231:
 2344              		.section	.text.HAL_PCD_ResetCallback,"ax",%progbits
 2345              		.align	1
 2346              		.weak	HAL_PCD_ResetCallback
 2347              		.syntax unified
 2348              		.thumb
 2349              		.thumb_func
 2351              	HAL_PCD_ResetCallback:
 2352              	.LFB232:
1615:Drivers/STM32F4xx_HAL_Driver/Src/stm32f4xx_hal_pcd.c **** 
1616:Drivers/STM32F4xx_HAL_Driver/Src/stm32f4xx_hal_pcd.c **** /**
1617:Drivers/STM32F4xx_HAL_Driver/Src/stm32f4xx_hal_pcd.c ****   * @brief  USB Reset callback.
1618:Drivers/STM32F4xx_HAL_Driver/Src/stm32f4xx_hal_pcd.c ****   * @param  hpcd PCD handle
1619:Drivers/STM32F4xx_HAL_Driver/Src/stm32f4xx_hal_pcd.c ****   * @retval None
1620:Drivers/STM32F4xx_HAL_Driver/Src/stm32f4xx_hal_pcd.c ****   */
1621:Drivers/STM32F4xx_HAL_Driver/Src/stm32f4xx_hal_pcd.c **** __weak void HAL_PCD_ResetCallback(PCD_HandleTypeDef *hpcd)
1622:Drivers/STM32F4xx_HAL_Driver/Src/stm32f4xx_hal_pcd.c **** {
 2353              		.loc 1 1622 1
 2354              		.cfi_startproc
 2355              		@ args = 0, pretend = 0, frame = 8
 2356              		@ frame_needed = 1, uses_anonymous_args = 0
 2357              		@ link register save eliminated.
 2358 0000 80B4     		push	{r7}
 2359              	.LCFI67:
 2360              		.cfi_def_cfa_offset 4
 2361              		.cfi_offset 7, -4
 2362 0002 83B0     		sub	sp, sp, #12
 2363              	.LCFI68:
 2364              		.cfi_def_cfa_offset 16
ARM GAS  /tmp/ccuGCwmi.s 			page 71


 2365 0004 00AF     		add	r7, sp, #0
 2366              	.LCFI69:
 2367              		.cfi_def_cfa_register 7
 2368 0006 7860     		str	r0, [r7, #4]
1623:Drivers/STM32F4xx_HAL_Driver/Src/stm32f4xx_hal_pcd.c ****   /* Prevent unused argument(s) compilation warning */
1624:Drivers/STM32F4xx_HAL_Driver/Src/stm32f4xx_hal_pcd.c ****   UNUSED(hpcd);
1625:Drivers/STM32F4xx_HAL_Driver/Src/stm32f4xx_hal_pcd.c **** 
1626:Drivers/STM32F4xx_HAL_Driver/Src/stm32f4xx_hal_pcd.c ****   /* NOTE : This function should not be modified, when the callback is needed,
1627:Drivers/STM32F4xx_HAL_Driver/Src/stm32f4xx_hal_pcd.c ****             the HAL_PCD_ResetCallback could be implemented in the user file
1628:Drivers/STM32F4xx_HAL_Driver/Src/stm32f4xx_hal_pcd.c ****    */
1629:Drivers/STM32F4xx_HAL_Driver/Src/stm32f4xx_hal_pcd.c **** }
 2369              		.loc 1 1629 1
 2370 0008 00BF     		nop
 2371 000a 0C37     		adds	r7, r7, #12
 2372              	.LCFI70:
 2373              		.cfi_def_cfa_offset 4
 2374 000c BD46     		mov	sp, r7
 2375              	.LCFI71:
 2376              		.cfi_def_cfa_register 13
 2377              		@ sp needed
 2378 000e 80BC     		pop	{r7}
 2379              	.LCFI72:
 2380              		.cfi_restore 7
 2381              		.cfi_def_cfa_offset 0
 2382 0010 7047     		bx	lr
 2383              		.cfi_endproc
 2384              	.LFE232:
 2386              		.section	.text.HAL_PCD_SuspendCallback,"ax",%progbits
 2387              		.align	1
 2388              		.weak	HAL_PCD_SuspendCallback
 2389              		.syntax unified
 2390              		.thumb
 2391              		.thumb_func
 2393              	HAL_PCD_SuspendCallback:
 2394              	.LFB233:
1630:Drivers/STM32F4xx_HAL_Driver/Src/stm32f4xx_hal_pcd.c **** 
1631:Drivers/STM32F4xx_HAL_Driver/Src/stm32f4xx_hal_pcd.c **** /**
1632:Drivers/STM32F4xx_HAL_Driver/Src/stm32f4xx_hal_pcd.c ****   * @brief  Suspend event callback.
1633:Drivers/STM32F4xx_HAL_Driver/Src/stm32f4xx_hal_pcd.c ****   * @param  hpcd PCD handle
1634:Drivers/STM32F4xx_HAL_Driver/Src/stm32f4xx_hal_pcd.c ****   * @retval None
1635:Drivers/STM32F4xx_HAL_Driver/Src/stm32f4xx_hal_pcd.c ****   */
1636:Drivers/STM32F4xx_HAL_Driver/Src/stm32f4xx_hal_pcd.c **** __weak void HAL_PCD_SuspendCallback(PCD_HandleTypeDef *hpcd)
1637:Drivers/STM32F4xx_HAL_Driver/Src/stm32f4xx_hal_pcd.c **** {
 2395              		.loc 1 1637 1
 2396              		.cfi_startproc
 2397              		@ args = 0, pretend = 0, frame = 8
 2398              		@ frame_needed = 1, uses_anonymous_args = 0
 2399              		@ link register save eliminated.
 2400 0000 80B4     		push	{r7}
 2401              	.LCFI73:
 2402              		.cfi_def_cfa_offset 4
 2403              		.cfi_offset 7, -4
 2404 0002 83B0     		sub	sp, sp, #12
 2405              	.LCFI74:
 2406              		.cfi_def_cfa_offset 16
 2407 0004 00AF     		add	r7, sp, #0
 2408              	.LCFI75:
ARM GAS  /tmp/ccuGCwmi.s 			page 72


 2409              		.cfi_def_cfa_register 7
 2410 0006 7860     		str	r0, [r7, #4]
1638:Drivers/STM32F4xx_HAL_Driver/Src/stm32f4xx_hal_pcd.c ****   /* Prevent unused argument(s) compilation warning */
1639:Drivers/STM32F4xx_HAL_Driver/Src/stm32f4xx_hal_pcd.c ****   UNUSED(hpcd);
1640:Drivers/STM32F4xx_HAL_Driver/Src/stm32f4xx_hal_pcd.c **** 
1641:Drivers/STM32F4xx_HAL_Driver/Src/stm32f4xx_hal_pcd.c ****   /* NOTE : This function should not be modified, when the callback is needed,
1642:Drivers/STM32F4xx_HAL_Driver/Src/stm32f4xx_hal_pcd.c ****             the HAL_PCD_SuspendCallback could be implemented in the user file
1643:Drivers/STM32F4xx_HAL_Driver/Src/stm32f4xx_hal_pcd.c ****    */
1644:Drivers/STM32F4xx_HAL_Driver/Src/stm32f4xx_hal_pcd.c **** }
 2411              		.loc 1 1644 1
 2412 0008 00BF     		nop
 2413 000a 0C37     		adds	r7, r7, #12
 2414              	.LCFI76:
 2415              		.cfi_def_cfa_offset 4
 2416 000c BD46     		mov	sp, r7
 2417              	.LCFI77:
 2418              		.cfi_def_cfa_register 13
 2419              		@ sp needed
 2420 000e 80BC     		pop	{r7}
 2421              	.LCFI78:
 2422              		.cfi_restore 7
 2423              		.cfi_def_cfa_offset 0
 2424 0010 7047     		bx	lr
 2425              		.cfi_endproc
 2426              	.LFE233:
 2428              		.section	.text.HAL_PCD_ResumeCallback,"ax",%progbits
 2429              		.align	1
 2430              		.weak	HAL_PCD_ResumeCallback
 2431              		.syntax unified
 2432              		.thumb
 2433              		.thumb_func
 2435              	HAL_PCD_ResumeCallback:
 2436              	.LFB234:
1645:Drivers/STM32F4xx_HAL_Driver/Src/stm32f4xx_hal_pcd.c **** 
1646:Drivers/STM32F4xx_HAL_Driver/Src/stm32f4xx_hal_pcd.c **** /**
1647:Drivers/STM32F4xx_HAL_Driver/Src/stm32f4xx_hal_pcd.c ****   * @brief  Resume event callback.
1648:Drivers/STM32F4xx_HAL_Driver/Src/stm32f4xx_hal_pcd.c ****   * @param  hpcd PCD handle
1649:Drivers/STM32F4xx_HAL_Driver/Src/stm32f4xx_hal_pcd.c ****   * @retval None
1650:Drivers/STM32F4xx_HAL_Driver/Src/stm32f4xx_hal_pcd.c ****   */
1651:Drivers/STM32F4xx_HAL_Driver/Src/stm32f4xx_hal_pcd.c **** __weak void HAL_PCD_ResumeCallback(PCD_HandleTypeDef *hpcd)
1652:Drivers/STM32F4xx_HAL_Driver/Src/stm32f4xx_hal_pcd.c **** {
 2437              		.loc 1 1652 1
 2438              		.cfi_startproc
 2439              		@ args = 0, pretend = 0, frame = 8
 2440              		@ frame_needed = 1, uses_anonymous_args = 0
 2441              		@ link register save eliminated.
 2442 0000 80B4     		push	{r7}
 2443              	.LCFI79:
 2444              		.cfi_def_cfa_offset 4
 2445              		.cfi_offset 7, -4
 2446 0002 83B0     		sub	sp, sp, #12
 2447              	.LCFI80:
 2448              		.cfi_def_cfa_offset 16
 2449 0004 00AF     		add	r7, sp, #0
 2450              	.LCFI81:
 2451              		.cfi_def_cfa_register 7
 2452 0006 7860     		str	r0, [r7, #4]
ARM GAS  /tmp/ccuGCwmi.s 			page 73


1653:Drivers/STM32F4xx_HAL_Driver/Src/stm32f4xx_hal_pcd.c ****   /* Prevent unused argument(s) compilation warning */
1654:Drivers/STM32F4xx_HAL_Driver/Src/stm32f4xx_hal_pcd.c ****   UNUSED(hpcd);
1655:Drivers/STM32F4xx_HAL_Driver/Src/stm32f4xx_hal_pcd.c **** 
1656:Drivers/STM32F4xx_HAL_Driver/Src/stm32f4xx_hal_pcd.c ****   /* NOTE : This function should not be modified, when the callback is needed,
1657:Drivers/STM32F4xx_HAL_Driver/Src/stm32f4xx_hal_pcd.c ****             the HAL_PCD_ResumeCallback could be implemented in the user file
1658:Drivers/STM32F4xx_HAL_Driver/Src/stm32f4xx_hal_pcd.c ****    */
1659:Drivers/STM32F4xx_HAL_Driver/Src/stm32f4xx_hal_pcd.c **** }
 2453              		.loc 1 1659 1
 2454 0008 00BF     		nop
 2455 000a 0C37     		adds	r7, r7, #12
 2456              	.LCFI82:
 2457              		.cfi_def_cfa_offset 4
 2458 000c BD46     		mov	sp, r7
 2459              	.LCFI83:
 2460              		.cfi_def_cfa_register 13
 2461              		@ sp needed
 2462 000e 80BC     		pop	{r7}
 2463              	.LCFI84:
 2464              		.cfi_restore 7
 2465              		.cfi_def_cfa_offset 0
 2466 0010 7047     		bx	lr
 2467              		.cfi_endproc
 2468              	.LFE234:
 2470              		.section	.text.HAL_PCD_ISOOUTIncompleteCallback,"ax",%progbits
 2471              		.align	1
 2472              		.weak	HAL_PCD_ISOOUTIncompleteCallback
 2473              		.syntax unified
 2474              		.thumb
 2475              		.thumb_func
 2477              	HAL_PCD_ISOOUTIncompleteCallback:
 2478              	.LFB235:
1660:Drivers/STM32F4xx_HAL_Driver/Src/stm32f4xx_hal_pcd.c **** 
1661:Drivers/STM32F4xx_HAL_Driver/Src/stm32f4xx_hal_pcd.c **** /**
1662:Drivers/STM32F4xx_HAL_Driver/Src/stm32f4xx_hal_pcd.c ****   * @brief  Incomplete ISO OUT callback.
1663:Drivers/STM32F4xx_HAL_Driver/Src/stm32f4xx_hal_pcd.c ****   * @param  hpcd PCD handle
1664:Drivers/STM32F4xx_HAL_Driver/Src/stm32f4xx_hal_pcd.c ****   * @param  epnum endpoint number
1665:Drivers/STM32F4xx_HAL_Driver/Src/stm32f4xx_hal_pcd.c ****   * @retval None
1666:Drivers/STM32F4xx_HAL_Driver/Src/stm32f4xx_hal_pcd.c ****   */
1667:Drivers/STM32F4xx_HAL_Driver/Src/stm32f4xx_hal_pcd.c **** __weak void HAL_PCD_ISOOUTIncompleteCallback(PCD_HandleTypeDef *hpcd, uint8_t epnum)
1668:Drivers/STM32F4xx_HAL_Driver/Src/stm32f4xx_hal_pcd.c **** {
 2479              		.loc 1 1668 1
 2480              		.cfi_startproc
 2481              		@ args = 0, pretend = 0, frame = 8
 2482              		@ frame_needed = 1, uses_anonymous_args = 0
 2483              		@ link register save eliminated.
 2484 0000 80B4     		push	{r7}
 2485              	.LCFI85:
 2486              		.cfi_def_cfa_offset 4
 2487              		.cfi_offset 7, -4
 2488 0002 83B0     		sub	sp, sp, #12
 2489              	.LCFI86:
 2490              		.cfi_def_cfa_offset 16
 2491 0004 00AF     		add	r7, sp, #0
 2492              	.LCFI87:
 2493              		.cfi_def_cfa_register 7
 2494 0006 7860     		str	r0, [r7, #4]
 2495 0008 0B46     		mov	r3, r1
ARM GAS  /tmp/ccuGCwmi.s 			page 74


 2496 000a FB70     		strb	r3, [r7, #3]
1669:Drivers/STM32F4xx_HAL_Driver/Src/stm32f4xx_hal_pcd.c ****   /* Prevent unused argument(s) compilation warning */
1670:Drivers/STM32F4xx_HAL_Driver/Src/stm32f4xx_hal_pcd.c ****   UNUSED(hpcd);
1671:Drivers/STM32F4xx_HAL_Driver/Src/stm32f4xx_hal_pcd.c ****   UNUSED(epnum);
1672:Drivers/STM32F4xx_HAL_Driver/Src/stm32f4xx_hal_pcd.c **** 
1673:Drivers/STM32F4xx_HAL_Driver/Src/stm32f4xx_hal_pcd.c ****   /* NOTE : This function should not be modified, when the callback is needed,
1674:Drivers/STM32F4xx_HAL_Driver/Src/stm32f4xx_hal_pcd.c ****             the HAL_PCD_ISOOUTIncompleteCallback could be implemented in the user file
1675:Drivers/STM32F4xx_HAL_Driver/Src/stm32f4xx_hal_pcd.c ****    */
1676:Drivers/STM32F4xx_HAL_Driver/Src/stm32f4xx_hal_pcd.c **** }
 2497              		.loc 1 1676 1
 2498 000c 00BF     		nop
 2499 000e 0C37     		adds	r7, r7, #12
 2500              	.LCFI88:
 2501              		.cfi_def_cfa_offset 4
 2502 0010 BD46     		mov	sp, r7
 2503              	.LCFI89:
 2504              		.cfi_def_cfa_register 13
 2505              		@ sp needed
 2506 0012 80BC     		pop	{r7}
 2507              	.LCFI90:
 2508              		.cfi_restore 7
 2509              		.cfi_def_cfa_offset 0
 2510 0014 7047     		bx	lr
 2511              		.cfi_endproc
 2512              	.LFE235:
 2514              		.section	.text.HAL_PCD_ISOINIncompleteCallback,"ax",%progbits
 2515              		.align	1
 2516              		.weak	HAL_PCD_ISOINIncompleteCallback
 2517              		.syntax unified
 2518              		.thumb
 2519              		.thumb_func
 2521              	HAL_PCD_ISOINIncompleteCallback:
 2522              	.LFB236:
1677:Drivers/STM32F4xx_HAL_Driver/Src/stm32f4xx_hal_pcd.c **** 
1678:Drivers/STM32F4xx_HAL_Driver/Src/stm32f4xx_hal_pcd.c **** /**
1679:Drivers/STM32F4xx_HAL_Driver/Src/stm32f4xx_hal_pcd.c ****   * @brief  Incomplete ISO IN callback.
1680:Drivers/STM32F4xx_HAL_Driver/Src/stm32f4xx_hal_pcd.c ****   * @param  hpcd PCD handle
1681:Drivers/STM32F4xx_HAL_Driver/Src/stm32f4xx_hal_pcd.c ****   * @param  epnum endpoint number
1682:Drivers/STM32F4xx_HAL_Driver/Src/stm32f4xx_hal_pcd.c ****   * @retval None
1683:Drivers/STM32F4xx_HAL_Driver/Src/stm32f4xx_hal_pcd.c ****   */
1684:Drivers/STM32F4xx_HAL_Driver/Src/stm32f4xx_hal_pcd.c **** __weak void HAL_PCD_ISOINIncompleteCallback(PCD_HandleTypeDef *hpcd, uint8_t epnum)
1685:Drivers/STM32F4xx_HAL_Driver/Src/stm32f4xx_hal_pcd.c **** {
 2523              		.loc 1 1685 1
 2524              		.cfi_startproc
 2525              		@ args = 0, pretend = 0, frame = 8
 2526              		@ frame_needed = 1, uses_anonymous_args = 0
 2527              		@ link register save eliminated.
 2528 0000 80B4     		push	{r7}
 2529              	.LCFI91:
 2530              		.cfi_def_cfa_offset 4
 2531              		.cfi_offset 7, -4
 2532 0002 83B0     		sub	sp, sp, #12
 2533              	.LCFI92:
 2534              		.cfi_def_cfa_offset 16
 2535 0004 00AF     		add	r7, sp, #0
 2536              	.LCFI93:
 2537              		.cfi_def_cfa_register 7
ARM GAS  /tmp/ccuGCwmi.s 			page 75


 2538 0006 7860     		str	r0, [r7, #4]
 2539 0008 0B46     		mov	r3, r1
 2540 000a FB70     		strb	r3, [r7, #3]
1686:Drivers/STM32F4xx_HAL_Driver/Src/stm32f4xx_hal_pcd.c ****   /* Prevent unused argument(s) compilation warning */
1687:Drivers/STM32F4xx_HAL_Driver/Src/stm32f4xx_hal_pcd.c ****   UNUSED(hpcd);
1688:Drivers/STM32F4xx_HAL_Driver/Src/stm32f4xx_hal_pcd.c ****   UNUSED(epnum);
1689:Drivers/STM32F4xx_HAL_Driver/Src/stm32f4xx_hal_pcd.c **** 
1690:Drivers/STM32F4xx_HAL_Driver/Src/stm32f4xx_hal_pcd.c ****   /* NOTE : This function should not be modified, when the callback is needed,
1691:Drivers/STM32F4xx_HAL_Driver/Src/stm32f4xx_hal_pcd.c ****             the HAL_PCD_ISOINIncompleteCallback could be implemented in the user file
1692:Drivers/STM32F4xx_HAL_Driver/Src/stm32f4xx_hal_pcd.c ****    */
1693:Drivers/STM32F4xx_HAL_Driver/Src/stm32f4xx_hal_pcd.c **** }
 2541              		.loc 1 1693 1
 2542 000c 00BF     		nop
 2543 000e 0C37     		adds	r7, r7, #12
 2544              	.LCFI94:
 2545              		.cfi_def_cfa_offset 4
 2546 0010 BD46     		mov	sp, r7
 2547              	.LCFI95:
 2548              		.cfi_def_cfa_register 13
 2549              		@ sp needed
 2550 0012 80BC     		pop	{r7}
 2551              	.LCFI96:
 2552              		.cfi_restore 7
 2553              		.cfi_def_cfa_offset 0
 2554 0014 7047     		bx	lr
 2555              		.cfi_endproc
 2556              	.LFE236:
 2558              		.section	.text.HAL_PCD_ConnectCallback,"ax",%progbits
 2559              		.align	1
 2560              		.weak	HAL_PCD_ConnectCallback
 2561              		.syntax unified
 2562              		.thumb
 2563              		.thumb_func
 2565              	HAL_PCD_ConnectCallback:
 2566              	.LFB237:
1694:Drivers/STM32F4xx_HAL_Driver/Src/stm32f4xx_hal_pcd.c **** 
1695:Drivers/STM32F4xx_HAL_Driver/Src/stm32f4xx_hal_pcd.c **** /**
1696:Drivers/STM32F4xx_HAL_Driver/Src/stm32f4xx_hal_pcd.c ****   * @brief  Connection event callback.
1697:Drivers/STM32F4xx_HAL_Driver/Src/stm32f4xx_hal_pcd.c ****   * @param  hpcd PCD handle
1698:Drivers/STM32F4xx_HAL_Driver/Src/stm32f4xx_hal_pcd.c ****   * @retval None
1699:Drivers/STM32F4xx_HAL_Driver/Src/stm32f4xx_hal_pcd.c ****   */
1700:Drivers/STM32F4xx_HAL_Driver/Src/stm32f4xx_hal_pcd.c **** __weak void HAL_PCD_ConnectCallback(PCD_HandleTypeDef *hpcd)
1701:Drivers/STM32F4xx_HAL_Driver/Src/stm32f4xx_hal_pcd.c **** {
 2567              		.loc 1 1701 1
 2568              		.cfi_startproc
 2569              		@ args = 0, pretend = 0, frame = 8
 2570              		@ frame_needed = 1, uses_anonymous_args = 0
 2571              		@ link register save eliminated.
 2572 0000 80B4     		push	{r7}
 2573              	.LCFI97:
 2574              		.cfi_def_cfa_offset 4
 2575              		.cfi_offset 7, -4
 2576 0002 83B0     		sub	sp, sp, #12
 2577              	.LCFI98:
 2578              		.cfi_def_cfa_offset 16
 2579 0004 00AF     		add	r7, sp, #0
 2580              	.LCFI99:
ARM GAS  /tmp/ccuGCwmi.s 			page 76


 2581              		.cfi_def_cfa_register 7
 2582 0006 7860     		str	r0, [r7, #4]
1702:Drivers/STM32F4xx_HAL_Driver/Src/stm32f4xx_hal_pcd.c ****   /* Prevent unused argument(s) compilation warning */
1703:Drivers/STM32F4xx_HAL_Driver/Src/stm32f4xx_hal_pcd.c ****   UNUSED(hpcd);
1704:Drivers/STM32F4xx_HAL_Driver/Src/stm32f4xx_hal_pcd.c **** 
1705:Drivers/STM32F4xx_HAL_Driver/Src/stm32f4xx_hal_pcd.c ****   /* NOTE : This function should not be modified, when the callback is needed,
1706:Drivers/STM32F4xx_HAL_Driver/Src/stm32f4xx_hal_pcd.c ****             the HAL_PCD_ConnectCallback could be implemented in the user file
1707:Drivers/STM32F4xx_HAL_Driver/Src/stm32f4xx_hal_pcd.c ****    */
1708:Drivers/STM32F4xx_HAL_Driver/Src/stm32f4xx_hal_pcd.c **** }
 2583              		.loc 1 1708 1
 2584 0008 00BF     		nop
 2585 000a 0C37     		adds	r7, r7, #12
 2586              	.LCFI100:
 2587              		.cfi_def_cfa_offset 4
 2588 000c BD46     		mov	sp, r7
 2589              	.LCFI101:
 2590              		.cfi_def_cfa_register 13
 2591              		@ sp needed
 2592 000e 80BC     		pop	{r7}
 2593              	.LCFI102:
 2594              		.cfi_restore 7
 2595              		.cfi_def_cfa_offset 0
 2596 0010 7047     		bx	lr
 2597              		.cfi_endproc
 2598              	.LFE237:
 2600              		.section	.text.HAL_PCD_DisconnectCallback,"ax",%progbits
 2601              		.align	1
 2602              		.weak	HAL_PCD_DisconnectCallback
 2603              		.syntax unified
 2604              		.thumb
 2605              		.thumb_func
 2607              	HAL_PCD_DisconnectCallback:
 2608              	.LFB238:
1709:Drivers/STM32F4xx_HAL_Driver/Src/stm32f4xx_hal_pcd.c **** 
1710:Drivers/STM32F4xx_HAL_Driver/Src/stm32f4xx_hal_pcd.c **** /**
1711:Drivers/STM32F4xx_HAL_Driver/Src/stm32f4xx_hal_pcd.c ****   * @brief  Disconnection event callback.
1712:Drivers/STM32F4xx_HAL_Driver/Src/stm32f4xx_hal_pcd.c ****   * @param  hpcd PCD handle
1713:Drivers/STM32F4xx_HAL_Driver/Src/stm32f4xx_hal_pcd.c ****   * @retval None
1714:Drivers/STM32F4xx_HAL_Driver/Src/stm32f4xx_hal_pcd.c ****   */
1715:Drivers/STM32F4xx_HAL_Driver/Src/stm32f4xx_hal_pcd.c **** __weak void HAL_PCD_DisconnectCallback(PCD_HandleTypeDef *hpcd)
1716:Drivers/STM32F4xx_HAL_Driver/Src/stm32f4xx_hal_pcd.c **** {
 2609              		.loc 1 1716 1
 2610              		.cfi_startproc
 2611              		@ args = 0, pretend = 0, frame = 8
 2612              		@ frame_needed = 1, uses_anonymous_args = 0
 2613              		@ link register save eliminated.
 2614 0000 80B4     		push	{r7}
 2615              	.LCFI103:
 2616              		.cfi_def_cfa_offset 4
 2617              		.cfi_offset 7, -4
 2618 0002 83B0     		sub	sp, sp, #12
 2619              	.LCFI104:
 2620              		.cfi_def_cfa_offset 16
 2621 0004 00AF     		add	r7, sp, #0
 2622              	.LCFI105:
 2623              		.cfi_def_cfa_register 7
 2624 0006 7860     		str	r0, [r7, #4]
ARM GAS  /tmp/ccuGCwmi.s 			page 77


1717:Drivers/STM32F4xx_HAL_Driver/Src/stm32f4xx_hal_pcd.c ****   /* Prevent unused argument(s) compilation warning */
1718:Drivers/STM32F4xx_HAL_Driver/Src/stm32f4xx_hal_pcd.c ****   UNUSED(hpcd);
1719:Drivers/STM32F4xx_HAL_Driver/Src/stm32f4xx_hal_pcd.c **** 
1720:Drivers/STM32F4xx_HAL_Driver/Src/stm32f4xx_hal_pcd.c ****   /* NOTE : This function should not be modified, when the callback is needed,
1721:Drivers/STM32F4xx_HAL_Driver/Src/stm32f4xx_hal_pcd.c ****             the HAL_PCD_DisconnectCallback could be implemented in the user file
1722:Drivers/STM32F4xx_HAL_Driver/Src/stm32f4xx_hal_pcd.c ****    */
1723:Drivers/STM32F4xx_HAL_Driver/Src/stm32f4xx_hal_pcd.c **** }
 2625              		.loc 1 1723 1
 2626 0008 00BF     		nop
 2627 000a 0C37     		adds	r7, r7, #12
 2628              	.LCFI106:
 2629              		.cfi_def_cfa_offset 4
 2630 000c BD46     		mov	sp, r7
 2631              	.LCFI107:
 2632              		.cfi_def_cfa_register 13
 2633              		@ sp needed
 2634 000e 80BC     		pop	{r7}
 2635              	.LCFI108:
 2636              		.cfi_restore 7
 2637              		.cfi_def_cfa_offset 0
 2638 0010 7047     		bx	lr
 2639              		.cfi_endproc
 2640              	.LFE238:
 2642              		.section	.text.HAL_PCD_DevConnect,"ax",%progbits
 2643              		.align	1
 2644              		.global	HAL_PCD_DevConnect
 2645              		.syntax unified
 2646              		.thumb
 2647              		.thumb_func
 2649              	HAL_PCD_DevConnect:
 2650              	.LFB239:
1724:Drivers/STM32F4xx_HAL_Driver/Src/stm32f4xx_hal_pcd.c **** 
1725:Drivers/STM32F4xx_HAL_Driver/Src/stm32f4xx_hal_pcd.c **** /**
1726:Drivers/STM32F4xx_HAL_Driver/Src/stm32f4xx_hal_pcd.c ****   * @}
1727:Drivers/STM32F4xx_HAL_Driver/Src/stm32f4xx_hal_pcd.c ****   */
1728:Drivers/STM32F4xx_HAL_Driver/Src/stm32f4xx_hal_pcd.c **** 
1729:Drivers/STM32F4xx_HAL_Driver/Src/stm32f4xx_hal_pcd.c **** /** @defgroup PCD_Exported_Functions_Group3 Peripheral Control functions
1730:Drivers/STM32F4xx_HAL_Driver/Src/stm32f4xx_hal_pcd.c ****   *  @brief   management functions
1731:Drivers/STM32F4xx_HAL_Driver/Src/stm32f4xx_hal_pcd.c ****   *
1732:Drivers/STM32F4xx_HAL_Driver/Src/stm32f4xx_hal_pcd.c **** @verbatim
1733:Drivers/STM32F4xx_HAL_Driver/Src/stm32f4xx_hal_pcd.c ****  ===============================================================================
1734:Drivers/STM32F4xx_HAL_Driver/Src/stm32f4xx_hal_pcd.c ****                       ##### Peripheral Control functions #####
1735:Drivers/STM32F4xx_HAL_Driver/Src/stm32f4xx_hal_pcd.c ****  ===============================================================================
1736:Drivers/STM32F4xx_HAL_Driver/Src/stm32f4xx_hal_pcd.c ****     [..]
1737:Drivers/STM32F4xx_HAL_Driver/Src/stm32f4xx_hal_pcd.c ****     This subsection provides a set of functions allowing to control the PCD data
1738:Drivers/STM32F4xx_HAL_Driver/Src/stm32f4xx_hal_pcd.c ****     transfers.
1739:Drivers/STM32F4xx_HAL_Driver/Src/stm32f4xx_hal_pcd.c **** 
1740:Drivers/STM32F4xx_HAL_Driver/Src/stm32f4xx_hal_pcd.c **** @endverbatim
1741:Drivers/STM32F4xx_HAL_Driver/Src/stm32f4xx_hal_pcd.c ****   * @{
1742:Drivers/STM32F4xx_HAL_Driver/Src/stm32f4xx_hal_pcd.c ****   */
1743:Drivers/STM32F4xx_HAL_Driver/Src/stm32f4xx_hal_pcd.c **** 
1744:Drivers/STM32F4xx_HAL_Driver/Src/stm32f4xx_hal_pcd.c **** /**
1745:Drivers/STM32F4xx_HAL_Driver/Src/stm32f4xx_hal_pcd.c ****   * @brief  Connect the USB device
1746:Drivers/STM32F4xx_HAL_Driver/Src/stm32f4xx_hal_pcd.c ****   * @param  hpcd PCD handle
1747:Drivers/STM32F4xx_HAL_Driver/Src/stm32f4xx_hal_pcd.c ****   * @retval HAL status
1748:Drivers/STM32F4xx_HAL_Driver/Src/stm32f4xx_hal_pcd.c ****   */
1749:Drivers/STM32F4xx_HAL_Driver/Src/stm32f4xx_hal_pcd.c **** HAL_StatusTypeDef HAL_PCD_DevConnect(PCD_HandleTypeDef *hpcd)
ARM GAS  /tmp/ccuGCwmi.s 			page 78


1750:Drivers/STM32F4xx_HAL_Driver/Src/stm32f4xx_hal_pcd.c **** {
 2651              		.loc 1 1750 1
 2652              		.cfi_startproc
 2653              		@ args = 0, pretend = 0, frame = 16
 2654              		@ frame_needed = 1, uses_anonymous_args = 0
 2655 0000 80B5     		push	{r7, lr}
 2656              	.LCFI109:
 2657              		.cfi_def_cfa_offset 8
 2658              		.cfi_offset 7, -8
 2659              		.cfi_offset 14, -4
 2660 0002 84B0     		sub	sp, sp, #16
 2661              	.LCFI110:
 2662              		.cfi_def_cfa_offset 24
 2663 0004 00AF     		add	r7, sp, #0
 2664              	.LCFI111:
 2665              		.cfi_def_cfa_register 7
 2666 0006 7860     		str	r0, [r7, #4]
1751:Drivers/STM32F4xx_HAL_Driver/Src/stm32f4xx_hal_pcd.c ****   USB_OTG_GlobalTypeDef *USBx = hpcd->Instance;
 2667              		.loc 1 1751 26
 2668 0008 7B68     		ldr	r3, [r7, #4]
 2669 000a 1B68     		ldr	r3, [r3]
 2670 000c FB60     		str	r3, [r7, #12]
1752:Drivers/STM32F4xx_HAL_Driver/Src/stm32f4xx_hal_pcd.c **** 
1753:Drivers/STM32F4xx_HAL_Driver/Src/stm32f4xx_hal_pcd.c ****   __HAL_LOCK(hpcd);
 2671              		.loc 1 1753 3
 2672 000e 7B68     		ldr	r3, [r7, #4]
 2673 0010 93F89434 		ldrb	r3, [r3, #1172]	@ zero_extendqisi2
 2674 0014 012B     		cmp	r3, #1
 2675 0016 01D1     		bne	.L102
 2676              		.loc 1 1753 3 is_stmt 0 discriminator 1
 2677 0018 0223     		movs	r3, #2
 2678              		.loc 1 1753 3
 2679 001a 1DE0     		b	.L103
 2680              	.L102:
 2681              		.loc 1 1753 3 discriminator 2
 2682 001c 7B68     		ldr	r3, [r7, #4]
 2683 001e 0122     		movs	r2, #1
 2684 0020 83F89424 		strb	r2, [r3, #1172]
1754:Drivers/STM32F4xx_HAL_Driver/Src/stm32f4xx_hal_pcd.c **** 
1755:Drivers/STM32F4xx_HAL_Driver/Src/stm32f4xx_hal_pcd.c ****   if (((USBx->GUSBCFG & USB_OTG_GUSBCFG_PHYSEL) != 0U) &&
 2685              		.loc 1 1755 13 is_stmt 1
 2686 0024 FB68     		ldr	r3, [r7, #12]
 2687 0026 DB68     		ldr	r3, [r3, #12]
 2688              		.loc 1 1755 23
 2689 0028 03F04003 		and	r3, r3, #64
 2690              		.loc 1 1755 6
 2691 002c 002B     		cmp	r3, #0
 2692 002e 09D0     		beq	.L104
1756:Drivers/STM32F4xx_HAL_Driver/Src/stm32f4xx_hal_pcd.c ****       (hpcd->Init.battery_charging_enable == 1U))
 2693              		.loc 1 1756 18
 2694 0030 7B68     		ldr	r3, [r7, #4]
 2695 0032 5B7B     		ldrb	r3, [r3, #13]	@ zero_extendqisi2
1755:Drivers/STM32F4xx_HAL_Driver/Src/stm32f4xx_hal_pcd.c ****       (hpcd->Init.battery_charging_enable == 1U))
 2696              		.loc 1 1755 56 discriminator 1
 2697 0034 012B     		cmp	r3, #1
 2698 0036 05D1     		bne	.L104
1757:Drivers/STM32F4xx_HAL_Driver/Src/stm32f4xx_hal_pcd.c ****   {
ARM GAS  /tmp/ccuGCwmi.s 			page 79


1758:Drivers/STM32F4xx_HAL_Driver/Src/stm32f4xx_hal_pcd.c ****     /* Enable USB Transceiver */
1759:Drivers/STM32F4xx_HAL_Driver/Src/stm32f4xx_hal_pcd.c ****     USBx->GCCFG |= USB_OTG_GCCFG_PWRDWN;
 2699              		.loc 1 1759 9
 2700 0038 FB68     		ldr	r3, [r7, #12]
 2701 003a 9B6B     		ldr	r3, [r3, #56]
 2702              		.loc 1 1759 17
 2703 003c 43F48032 		orr	r2, r3, #65536
 2704 0040 FB68     		ldr	r3, [r7, #12]
 2705 0042 9A63     		str	r2, [r3, #56]
 2706              	.L104:
1760:Drivers/STM32F4xx_HAL_Driver/Src/stm32f4xx_hal_pcd.c ****   }
1761:Drivers/STM32F4xx_HAL_Driver/Src/stm32f4xx_hal_pcd.c ****   (void)USB_DevConnect(hpcd->Instance);
 2707              		.loc 1 1761 28
 2708 0044 7B68     		ldr	r3, [r7, #4]
 2709 0046 1B68     		ldr	r3, [r3]
 2710              		.loc 1 1761 9
 2711 0048 1846     		mov	r0, r3
 2712 004a FFF7FEFF 		bl	USB_DevConnect
1762:Drivers/STM32F4xx_HAL_Driver/Src/stm32f4xx_hal_pcd.c ****   __HAL_UNLOCK(hpcd);
 2713              		.loc 1 1762 3
 2714 004e 7B68     		ldr	r3, [r7, #4]
 2715 0050 0022     		movs	r2, #0
 2716 0052 83F89424 		strb	r2, [r3, #1172]
1763:Drivers/STM32F4xx_HAL_Driver/Src/stm32f4xx_hal_pcd.c **** 
1764:Drivers/STM32F4xx_HAL_Driver/Src/stm32f4xx_hal_pcd.c ****   return HAL_OK;
 2717              		.loc 1 1764 10
 2718 0056 0023     		movs	r3, #0
 2719              	.L103:
1765:Drivers/STM32F4xx_HAL_Driver/Src/stm32f4xx_hal_pcd.c **** }
 2720              		.loc 1 1765 1
 2721 0058 1846     		mov	r0, r3
 2722 005a 1037     		adds	r7, r7, #16
 2723              	.LCFI112:
 2724              		.cfi_def_cfa_offset 8
 2725 005c BD46     		mov	sp, r7
 2726              	.LCFI113:
 2727              		.cfi_def_cfa_register 13
 2728              		@ sp needed
 2729 005e 80BD     		pop	{r7, pc}
 2730              		.cfi_endproc
 2731              	.LFE239:
 2733              		.section	.text.HAL_PCD_DevDisconnect,"ax",%progbits
 2734              		.align	1
 2735              		.global	HAL_PCD_DevDisconnect
 2736              		.syntax unified
 2737              		.thumb
 2738              		.thumb_func
 2740              	HAL_PCD_DevDisconnect:
 2741              	.LFB240:
1766:Drivers/STM32F4xx_HAL_Driver/Src/stm32f4xx_hal_pcd.c **** 
1767:Drivers/STM32F4xx_HAL_Driver/Src/stm32f4xx_hal_pcd.c **** /**
1768:Drivers/STM32F4xx_HAL_Driver/Src/stm32f4xx_hal_pcd.c ****   * @brief  Disconnect the USB device.
1769:Drivers/STM32F4xx_HAL_Driver/Src/stm32f4xx_hal_pcd.c ****   * @param  hpcd PCD handle
1770:Drivers/STM32F4xx_HAL_Driver/Src/stm32f4xx_hal_pcd.c ****   * @retval HAL status
1771:Drivers/STM32F4xx_HAL_Driver/Src/stm32f4xx_hal_pcd.c ****   */
1772:Drivers/STM32F4xx_HAL_Driver/Src/stm32f4xx_hal_pcd.c **** HAL_StatusTypeDef HAL_PCD_DevDisconnect(PCD_HandleTypeDef *hpcd)
1773:Drivers/STM32F4xx_HAL_Driver/Src/stm32f4xx_hal_pcd.c **** {
ARM GAS  /tmp/ccuGCwmi.s 			page 80


 2742              		.loc 1 1773 1
 2743              		.cfi_startproc
 2744              		@ args = 0, pretend = 0, frame = 16
 2745              		@ frame_needed = 1, uses_anonymous_args = 0
 2746 0000 80B5     		push	{r7, lr}
 2747              	.LCFI114:
 2748              		.cfi_def_cfa_offset 8
 2749              		.cfi_offset 7, -8
 2750              		.cfi_offset 14, -4
 2751 0002 84B0     		sub	sp, sp, #16
 2752              	.LCFI115:
 2753              		.cfi_def_cfa_offset 24
 2754 0004 00AF     		add	r7, sp, #0
 2755              	.LCFI116:
 2756              		.cfi_def_cfa_register 7
 2757 0006 7860     		str	r0, [r7, #4]
1774:Drivers/STM32F4xx_HAL_Driver/Src/stm32f4xx_hal_pcd.c ****   USB_OTG_GlobalTypeDef *USBx = hpcd->Instance;
 2758              		.loc 1 1774 26
 2759 0008 7B68     		ldr	r3, [r7, #4]
 2760 000a 1B68     		ldr	r3, [r3]
 2761 000c FB60     		str	r3, [r7, #12]
1775:Drivers/STM32F4xx_HAL_Driver/Src/stm32f4xx_hal_pcd.c **** 
1776:Drivers/STM32F4xx_HAL_Driver/Src/stm32f4xx_hal_pcd.c ****   __HAL_LOCK(hpcd);
 2762              		.loc 1 1776 3
 2763 000e 7B68     		ldr	r3, [r7, #4]
 2764 0010 93F89434 		ldrb	r3, [r3, #1172]	@ zero_extendqisi2
 2765 0014 012B     		cmp	r3, #1
 2766 0016 01D1     		bne	.L106
 2767              		.loc 1 1776 3 is_stmt 0 discriminator 1
 2768 0018 0223     		movs	r3, #2
 2769              		.loc 1 1776 3
 2770 001a 1DE0     		b	.L107
 2771              	.L106:
 2772              		.loc 1 1776 3 discriminator 2
 2773 001c 7B68     		ldr	r3, [r7, #4]
 2774 001e 0122     		movs	r2, #1
 2775 0020 83F89424 		strb	r2, [r3, #1172]
1777:Drivers/STM32F4xx_HAL_Driver/Src/stm32f4xx_hal_pcd.c ****   (void)USB_DevDisconnect(hpcd->Instance);
 2776              		.loc 1 1777 31 is_stmt 1
 2777 0024 7B68     		ldr	r3, [r7, #4]
 2778 0026 1B68     		ldr	r3, [r3]
 2779              		.loc 1 1777 9
 2780 0028 1846     		mov	r0, r3
 2781 002a FFF7FEFF 		bl	USB_DevDisconnect
1778:Drivers/STM32F4xx_HAL_Driver/Src/stm32f4xx_hal_pcd.c **** 
1779:Drivers/STM32F4xx_HAL_Driver/Src/stm32f4xx_hal_pcd.c ****   if (((USBx->GUSBCFG & USB_OTG_GUSBCFG_PHYSEL) != 0U) &&
 2782              		.loc 1 1779 13
 2783 002e FB68     		ldr	r3, [r7, #12]
 2784 0030 DB68     		ldr	r3, [r3, #12]
 2785              		.loc 1 1779 23
 2786 0032 03F04003 		and	r3, r3, #64
 2787              		.loc 1 1779 6
 2788 0036 002B     		cmp	r3, #0
 2789 0038 09D0     		beq	.L108
1780:Drivers/STM32F4xx_HAL_Driver/Src/stm32f4xx_hal_pcd.c ****       (hpcd->Init.battery_charging_enable == 1U))
 2790              		.loc 1 1780 18
 2791 003a 7B68     		ldr	r3, [r7, #4]
ARM GAS  /tmp/ccuGCwmi.s 			page 81


 2792 003c 5B7B     		ldrb	r3, [r3, #13]	@ zero_extendqisi2
1779:Drivers/STM32F4xx_HAL_Driver/Src/stm32f4xx_hal_pcd.c ****       (hpcd->Init.battery_charging_enable == 1U))
 2793              		.loc 1 1779 56 discriminator 1
 2794 003e 012B     		cmp	r3, #1
 2795 0040 05D1     		bne	.L108
1781:Drivers/STM32F4xx_HAL_Driver/Src/stm32f4xx_hal_pcd.c ****   {
1782:Drivers/STM32F4xx_HAL_Driver/Src/stm32f4xx_hal_pcd.c ****     /* Disable USB Transceiver */
1783:Drivers/STM32F4xx_HAL_Driver/Src/stm32f4xx_hal_pcd.c ****     USBx->GCCFG &= ~(USB_OTG_GCCFG_PWRDWN);
 2796              		.loc 1 1783 9
 2797 0042 FB68     		ldr	r3, [r7, #12]
 2798 0044 9B6B     		ldr	r3, [r3, #56]
 2799              		.loc 1 1783 17
 2800 0046 23F48032 		bic	r2, r3, #65536
 2801 004a FB68     		ldr	r3, [r7, #12]
 2802 004c 9A63     		str	r2, [r3, #56]
 2803              	.L108:
1784:Drivers/STM32F4xx_HAL_Driver/Src/stm32f4xx_hal_pcd.c ****   }
1785:Drivers/STM32F4xx_HAL_Driver/Src/stm32f4xx_hal_pcd.c **** 
1786:Drivers/STM32F4xx_HAL_Driver/Src/stm32f4xx_hal_pcd.c ****   __HAL_UNLOCK(hpcd);
 2804              		.loc 1 1786 3
 2805 004e 7B68     		ldr	r3, [r7, #4]
 2806 0050 0022     		movs	r2, #0
 2807 0052 83F89424 		strb	r2, [r3, #1172]
1787:Drivers/STM32F4xx_HAL_Driver/Src/stm32f4xx_hal_pcd.c **** 
1788:Drivers/STM32F4xx_HAL_Driver/Src/stm32f4xx_hal_pcd.c ****   return HAL_OK;
 2808              		.loc 1 1788 10
 2809 0056 0023     		movs	r3, #0
 2810              	.L107:
1789:Drivers/STM32F4xx_HAL_Driver/Src/stm32f4xx_hal_pcd.c **** }
 2811              		.loc 1 1789 1
 2812 0058 1846     		mov	r0, r3
 2813 005a 1037     		adds	r7, r7, #16
 2814              	.LCFI117:
 2815              		.cfi_def_cfa_offset 8
 2816 005c BD46     		mov	sp, r7
 2817              	.LCFI118:
 2818              		.cfi_def_cfa_register 13
 2819              		@ sp needed
 2820 005e 80BD     		pop	{r7, pc}
 2821              		.cfi_endproc
 2822              	.LFE240:
 2824              		.section	.text.HAL_PCD_SetAddress,"ax",%progbits
 2825              		.align	1
 2826              		.global	HAL_PCD_SetAddress
 2827              		.syntax unified
 2828              		.thumb
 2829              		.thumb_func
 2831              	HAL_PCD_SetAddress:
 2832              	.LFB241:
1790:Drivers/STM32F4xx_HAL_Driver/Src/stm32f4xx_hal_pcd.c **** 
1791:Drivers/STM32F4xx_HAL_Driver/Src/stm32f4xx_hal_pcd.c **** /**
1792:Drivers/STM32F4xx_HAL_Driver/Src/stm32f4xx_hal_pcd.c ****   * @brief  Set the USB Device address.
1793:Drivers/STM32F4xx_HAL_Driver/Src/stm32f4xx_hal_pcd.c ****   * @param  hpcd PCD handle
1794:Drivers/STM32F4xx_HAL_Driver/Src/stm32f4xx_hal_pcd.c ****   * @param  address new device address
1795:Drivers/STM32F4xx_HAL_Driver/Src/stm32f4xx_hal_pcd.c ****   * @retval HAL status
1796:Drivers/STM32F4xx_HAL_Driver/Src/stm32f4xx_hal_pcd.c ****   */
1797:Drivers/STM32F4xx_HAL_Driver/Src/stm32f4xx_hal_pcd.c **** HAL_StatusTypeDef HAL_PCD_SetAddress(PCD_HandleTypeDef *hpcd, uint8_t address)
ARM GAS  /tmp/ccuGCwmi.s 			page 82


1798:Drivers/STM32F4xx_HAL_Driver/Src/stm32f4xx_hal_pcd.c **** {
 2833              		.loc 1 1798 1
 2834              		.cfi_startproc
 2835              		@ args = 0, pretend = 0, frame = 8
 2836              		@ frame_needed = 1, uses_anonymous_args = 0
 2837 0000 80B5     		push	{r7, lr}
 2838              	.LCFI119:
 2839              		.cfi_def_cfa_offset 8
 2840              		.cfi_offset 7, -8
 2841              		.cfi_offset 14, -4
 2842 0002 82B0     		sub	sp, sp, #8
 2843              	.LCFI120:
 2844              		.cfi_def_cfa_offset 16
 2845 0004 00AF     		add	r7, sp, #0
 2846              	.LCFI121:
 2847              		.cfi_def_cfa_register 7
 2848 0006 7860     		str	r0, [r7, #4]
 2849 0008 0B46     		mov	r3, r1
 2850 000a FB70     		strb	r3, [r7, #3]
1799:Drivers/STM32F4xx_HAL_Driver/Src/stm32f4xx_hal_pcd.c ****   __HAL_LOCK(hpcd);
 2851              		.loc 1 1799 3
 2852 000c 7B68     		ldr	r3, [r7, #4]
 2853 000e 93F89434 		ldrb	r3, [r3, #1172]	@ zero_extendqisi2
 2854 0012 012B     		cmp	r3, #1
 2855 0014 01D1     		bne	.L110
 2856              		.loc 1 1799 3 is_stmt 0 discriminator 1
 2857 0016 0223     		movs	r3, #2
 2858              		.loc 1 1799 3
 2859 0018 12E0     		b	.L111
 2860              	.L110:
 2861              		.loc 1 1799 3 discriminator 2
 2862 001a 7B68     		ldr	r3, [r7, #4]
 2863 001c 0122     		movs	r2, #1
 2864 001e 83F89424 		strb	r2, [r3, #1172]
1800:Drivers/STM32F4xx_HAL_Driver/Src/stm32f4xx_hal_pcd.c ****   hpcd->USB_Address = address;
 2865              		.loc 1 1800 21 is_stmt 1
 2866 0022 7B68     		ldr	r3, [r7, #4]
 2867 0024 FA78     		ldrb	r2, [r7, #3]
 2868 0026 5A74     		strb	r2, [r3, #17]
1801:Drivers/STM32F4xx_HAL_Driver/Src/stm32f4xx_hal_pcd.c ****   (void)USB_SetDevAddress(hpcd->Instance, address);
 2869              		.loc 1 1801 31
 2870 0028 7B68     		ldr	r3, [r7, #4]
 2871 002a 1B68     		ldr	r3, [r3]
 2872              		.loc 1 1801 9
 2873 002c FA78     		ldrb	r2, [r7, #3]	@ zero_extendqisi2
 2874 002e 1146     		mov	r1, r2
 2875 0030 1846     		mov	r0, r3
 2876 0032 FFF7FEFF 		bl	USB_SetDevAddress
1802:Drivers/STM32F4xx_HAL_Driver/Src/stm32f4xx_hal_pcd.c ****   __HAL_UNLOCK(hpcd);
 2877              		.loc 1 1802 3
 2878 0036 7B68     		ldr	r3, [r7, #4]
 2879 0038 0022     		movs	r2, #0
 2880 003a 83F89424 		strb	r2, [r3, #1172]
1803:Drivers/STM32F4xx_HAL_Driver/Src/stm32f4xx_hal_pcd.c **** 
1804:Drivers/STM32F4xx_HAL_Driver/Src/stm32f4xx_hal_pcd.c ****   return HAL_OK;
 2881              		.loc 1 1804 10
 2882 003e 0023     		movs	r3, #0
ARM GAS  /tmp/ccuGCwmi.s 			page 83


 2883              	.L111:
1805:Drivers/STM32F4xx_HAL_Driver/Src/stm32f4xx_hal_pcd.c **** }
 2884              		.loc 1 1805 1
 2885 0040 1846     		mov	r0, r3
 2886 0042 0837     		adds	r7, r7, #8
 2887              	.LCFI122:
 2888              		.cfi_def_cfa_offset 8
 2889 0044 BD46     		mov	sp, r7
 2890              	.LCFI123:
 2891              		.cfi_def_cfa_register 13
 2892              		@ sp needed
 2893 0046 80BD     		pop	{r7, pc}
 2894              		.cfi_endproc
 2895              	.LFE241:
 2897              		.section	.text.HAL_PCD_EP_Open,"ax",%progbits
 2898              		.align	1
 2899              		.global	HAL_PCD_EP_Open
 2900              		.syntax unified
 2901              		.thumb
 2902              		.thumb_func
 2904              	HAL_PCD_EP_Open:
 2905              	.LFB242:
1806:Drivers/STM32F4xx_HAL_Driver/Src/stm32f4xx_hal_pcd.c **** /**
1807:Drivers/STM32F4xx_HAL_Driver/Src/stm32f4xx_hal_pcd.c ****   * @brief  Open and configure an endpoint.
1808:Drivers/STM32F4xx_HAL_Driver/Src/stm32f4xx_hal_pcd.c ****   * @param  hpcd PCD handle
1809:Drivers/STM32F4xx_HAL_Driver/Src/stm32f4xx_hal_pcd.c ****   * @param  ep_addr endpoint address
1810:Drivers/STM32F4xx_HAL_Driver/Src/stm32f4xx_hal_pcd.c ****   * @param  ep_mps endpoint max packet size
1811:Drivers/STM32F4xx_HAL_Driver/Src/stm32f4xx_hal_pcd.c ****   * @param  ep_type endpoint type
1812:Drivers/STM32F4xx_HAL_Driver/Src/stm32f4xx_hal_pcd.c ****   * @retval HAL status
1813:Drivers/STM32F4xx_HAL_Driver/Src/stm32f4xx_hal_pcd.c ****   */
1814:Drivers/STM32F4xx_HAL_Driver/Src/stm32f4xx_hal_pcd.c **** HAL_StatusTypeDef HAL_PCD_EP_Open(PCD_HandleTypeDef *hpcd, uint8_t ep_addr,
1815:Drivers/STM32F4xx_HAL_Driver/Src/stm32f4xx_hal_pcd.c ****                                   uint16_t ep_mps, uint8_t ep_type)
1816:Drivers/STM32F4xx_HAL_Driver/Src/stm32f4xx_hal_pcd.c **** {
 2906              		.loc 1 1816 1
 2907              		.cfi_startproc
 2908              		@ args = 0, pretend = 0, frame = 16
 2909              		@ frame_needed = 1, uses_anonymous_args = 0
 2910 0000 80B5     		push	{r7, lr}
 2911              	.LCFI124:
 2912              		.cfi_def_cfa_offset 8
 2913              		.cfi_offset 7, -8
 2914              		.cfi_offset 14, -4
 2915 0002 84B0     		sub	sp, sp, #16
 2916              	.LCFI125:
 2917              		.cfi_def_cfa_offset 24
 2918 0004 00AF     		add	r7, sp, #0
 2919              	.LCFI126:
 2920              		.cfi_def_cfa_register 7
 2921 0006 7860     		str	r0, [r7, #4]
 2922 0008 0846     		mov	r0, r1
 2923 000a 1146     		mov	r1, r2
 2924 000c 1A46     		mov	r2, r3
 2925 000e 0346     		mov	r3, r0
 2926 0010 FB70     		strb	r3, [r7, #3]
 2927 0012 0B46     		mov	r3, r1	@ movhi
 2928 0014 3B80     		strh	r3, [r7]	@ movhi
 2929 0016 1346     		mov	r3, r2
ARM GAS  /tmp/ccuGCwmi.s 			page 84


 2930 0018 BB70     		strb	r3, [r7, #2]
1817:Drivers/STM32F4xx_HAL_Driver/Src/stm32f4xx_hal_pcd.c ****   HAL_StatusTypeDef ret = HAL_OK;
 2931              		.loc 1 1817 21
 2932 001a 0023     		movs	r3, #0
 2933 001c FB72     		strb	r3, [r7, #11]
1818:Drivers/STM32F4xx_HAL_Driver/Src/stm32f4xx_hal_pcd.c ****   PCD_EPTypeDef *ep;
1819:Drivers/STM32F4xx_HAL_Driver/Src/stm32f4xx_hal_pcd.c **** 
1820:Drivers/STM32F4xx_HAL_Driver/Src/stm32f4xx_hal_pcd.c ****   if ((ep_addr & 0x80U) == 0x80U)
 2934              		.loc 1 1820 25
 2935 001e 97F90330 		ldrsb	r3, [r7, #3]
 2936              		.loc 1 1820 6
 2937 0022 002B     		cmp	r3, #0
 2938 0024 0FDA     		bge	.L113
1821:Drivers/STM32F4xx_HAL_Driver/Src/stm32f4xx_hal_pcd.c ****   {
1822:Drivers/STM32F4xx_HAL_Driver/Src/stm32f4xx_hal_pcd.c ****     ep = &hpcd->IN_ep[ep_addr & EP_ADDR_MSK];
 2939              		.loc 1 1822 31
 2940 0026 FB78     		ldrb	r3, [r7, #3]	@ zero_extendqisi2
 2941 0028 03F00F02 		and	r2, r3, #15
 2942              		.loc 1 1822 8
 2943 002c 1346     		mov	r3, r2
 2944 002e DB00     		lsls	r3, r3, #3
 2945 0030 1344     		add	r3, r3, r2
 2946 0032 9B00     		lsls	r3, r3, #2
 2947 0034 1033     		adds	r3, r3, #16
 2948 0036 7A68     		ldr	r2, [r7, #4]
 2949 0038 1344     		add	r3, r3, r2
 2950 003a 0433     		adds	r3, r3, #4
 2951 003c FB60     		str	r3, [r7, #12]
1823:Drivers/STM32F4xx_HAL_Driver/Src/stm32f4xx_hal_pcd.c ****     ep->is_in = 1U;
 2952              		.loc 1 1823 15
 2953 003e FB68     		ldr	r3, [r7, #12]
 2954 0040 0122     		movs	r2, #1
 2955 0042 5A70     		strb	r2, [r3, #1]
 2956 0044 0FE0     		b	.L114
 2957              	.L113:
1824:Drivers/STM32F4xx_HAL_Driver/Src/stm32f4xx_hal_pcd.c ****   }
1825:Drivers/STM32F4xx_HAL_Driver/Src/stm32f4xx_hal_pcd.c ****   else
1826:Drivers/STM32F4xx_HAL_Driver/Src/stm32f4xx_hal_pcd.c ****   {
1827:Drivers/STM32F4xx_HAL_Driver/Src/stm32f4xx_hal_pcd.c ****     ep = &hpcd->OUT_ep[ep_addr & EP_ADDR_MSK];
 2958              		.loc 1 1827 32
 2959 0046 FB78     		ldrb	r3, [r7, #3]	@ zero_extendqisi2
 2960 0048 03F00F02 		and	r2, r3, #15
 2961              		.loc 1 1827 8
 2962 004c 1346     		mov	r3, r2
 2963 004e DB00     		lsls	r3, r3, #3
 2964 0050 1344     		add	r3, r3, r2
 2965 0052 9B00     		lsls	r3, r3, #2
 2966 0054 03F51473 		add	r3, r3, #592
 2967 0058 7A68     		ldr	r2, [r7, #4]
 2968 005a 1344     		add	r3, r3, r2
 2969 005c 0433     		adds	r3, r3, #4
 2970 005e FB60     		str	r3, [r7, #12]
1828:Drivers/STM32F4xx_HAL_Driver/Src/stm32f4xx_hal_pcd.c ****     ep->is_in = 0U;
 2971              		.loc 1 1828 15
 2972 0060 FB68     		ldr	r3, [r7, #12]
 2973 0062 0022     		movs	r2, #0
 2974 0064 5A70     		strb	r2, [r3, #1]
ARM GAS  /tmp/ccuGCwmi.s 			page 85


 2975              	.L114:
1829:Drivers/STM32F4xx_HAL_Driver/Src/stm32f4xx_hal_pcd.c ****   }
1830:Drivers/STM32F4xx_HAL_Driver/Src/stm32f4xx_hal_pcd.c **** 
1831:Drivers/STM32F4xx_HAL_Driver/Src/stm32f4xx_hal_pcd.c ****   ep->num = ep_addr & EP_ADDR_MSK;
 2976              		.loc 1 1831 21
 2977 0066 FB78     		ldrb	r3, [r7, #3]
 2978 0068 03F00F03 		and	r3, r3, #15
 2979 006c DAB2     		uxtb	r2, r3
 2980              		.loc 1 1831 11
 2981 006e FB68     		ldr	r3, [r7, #12]
 2982 0070 1A70     		strb	r2, [r3]
1832:Drivers/STM32F4xx_HAL_Driver/Src/stm32f4xx_hal_pcd.c ****   ep->maxpacket = (uint32_t)ep_mps & 0x7FFU;
 2983              		.loc 1 1832 36
 2984 0072 3B88     		ldrh	r3, [r7]
 2985 0074 C3F30A02 		ubfx	r2, r3, #0, #11
 2986              		.loc 1 1832 17
 2987 0078 FB68     		ldr	r3, [r7, #12]
 2988 007a 9A60     		str	r2, [r3, #8]
1833:Drivers/STM32F4xx_HAL_Driver/Src/stm32f4xx_hal_pcd.c ****   ep->type = ep_type;
 2989              		.loc 1 1833 12
 2990 007c FB68     		ldr	r3, [r7, #12]
 2991 007e BA78     		ldrb	r2, [r7, #2]
 2992 0080 1A71     		strb	r2, [r3, #4]
1834:Drivers/STM32F4xx_HAL_Driver/Src/stm32f4xx_hal_pcd.c **** 
1835:Drivers/STM32F4xx_HAL_Driver/Src/stm32f4xx_hal_pcd.c ****   if (ep->is_in != 0U)
 2993              		.loc 1 1835 9
 2994 0082 FB68     		ldr	r3, [r7, #12]
 2995 0084 5B78     		ldrb	r3, [r3, #1]	@ zero_extendqisi2
 2996              		.loc 1 1835 6
 2997 0086 002B     		cmp	r3, #0
 2998 0088 04D0     		beq	.L115
1836:Drivers/STM32F4xx_HAL_Driver/Src/stm32f4xx_hal_pcd.c ****   {
1837:Drivers/STM32F4xx_HAL_Driver/Src/stm32f4xx_hal_pcd.c ****     /* Assign a Tx FIFO */
1838:Drivers/STM32F4xx_HAL_Driver/Src/stm32f4xx_hal_pcd.c ****     ep->tx_fifo_num = ep->num;
 2999              		.loc 1 1838 25
 3000 008a FB68     		ldr	r3, [r7, #12]
 3001 008c 1B78     		ldrb	r3, [r3]	@ zero_extendqisi2
 3002 008e 1A46     		mov	r2, r3
 3003              		.loc 1 1838 21
 3004 0090 FB68     		ldr	r3, [r7, #12]
 3005 0092 5A83     		strh	r2, [r3, #26]	@ movhi
 3006              	.L115:
1839:Drivers/STM32F4xx_HAL_Driver/Src/stm32f4xx_hal_pcd.c ****   }
1840:Drivers/STM32F4xx_HAL_Driver/Src/stm32f4xx_hal_pcd.c **** 
1841:Drivers/STM32F4xx_HAL_Driver/Src/stm32f4xx_hal_pcd.c ****   /* Set initial data PID. */
1842:Drivers/STM32F4xx_HAL_Driver/Src/stm32f4xx_hal_pcd.c ****   if (ep_type == EP_TYPE_BULK)
 3007              		.loc 1 1842 6
 3008 0094 BB78     		ldrb	r3, [r7, #2]	@ zero_extendqisi2
 3009 0096 022B     		cmp	r3, #2
 3010 0098 02D1     		bne	.L116
1843:Drivers/STM32F4xx_HAL_Driver/Src/stm32f4xx_hal_pcd.c ****   {
1844:Drivers/STM32F4xx_HAL_Driver/Src/stm32f4xx_hal_pcd.c ****     ep->data_pid_start = 0U;
 3011              		.loc 1 1844 24
 3012 009a FB68     		ldr	r3, [r7, #12]
 3013 009c 0022     		movs	r2, #0
 3014 009e 5A71     		strb	r2, [r3, #5]
 3015              	.L116:
ARM GAS  /tmp/ccuGCwmi.s 			page 86


1845:Drivers/STM32F4xx_HAL_Driver/Src/stm32f4xx_hal_pcd.c ****   }
1846:Drivers/STM32F4xx_HAL_Driver/Src/stm32f4xx_hal_pcd.c **** 
1847:Drivers/STM32F4xx_HAL_Driver/Src/stm32f4xx_hal_pcd.c ****   __HAL_LOCK(hpcd);
 3016              		.loc 1 1847 3
 3017 00a0 7B68     		ldr	r3, [r7, #4]
 3018 00a2 93F89434 		ldrb	r3, [r3, #1172]	@ zero_extendqisi2
 3019 00a6 012B     		cmp	r3, #1
 3020 00a8 01D1     		bne	.L117
 3021              		.loc 1 1847 3 is_stmt 0 discriminator 1
 3022 00aa 0223     		movs	r3, #2
 3023              		.loc 1 1847 3
 3024 00ac 0EE0     		b	.L118
 3025              	.L117:
 3026              		.loc 1 1847 3 discriminator 2
 3027 00ae 7B68     		ldr	r3, [r7, #4]
 3028 00b0 0122     		movs	r2, #1
 3029 00b2 83F89424 		strb	r2, [r3, #1172]
1848:Drivers/STM32F4xx_HAL_Driver/Src/stm32f4xx_hal_pcd.c ****   (void)USB_ActivateEndpoint(hpcd->Instance, ep);
 3030              		.loc 1 1848 34 is_stmt 1
 3031 00b6 7B68     		ldr	r3, [r7, #4]
 3032 00b8 1B68     		ldr	r3, [r3]
 3033              		.loc 1 1848 9
 3034 00ba F968     		ldr	r1, [r7, #12]
 3035 00bc 1846     		mov	r0, r3
 3036 00be FFF7FEFF 		bl	USB_ActivateEndpoint
1849:Drivers/STM32F4xx_HAL_Driver/Src/stm32f4xx_hal_pcd.c ****   __HAL_UNLOCK(hpcd);
 3037              		.loc 1 1849 3
 3038 00c2 7B68     		ldr	r3, [r7, #4]
 3039 00c4 0022     		movs	r2, #0
 3040 00c6 83F89424 		strb	r2, [r3, #1172]
1850:Drivers/STM32F4xx_HAL_Driver/Src/stm32f4xx_hal_pcd.c **** 
1851:Drivers/STM32F4xx_HAL_Driver/Src/stm32f4xx_hal_pcd.c ****   return ret;
 3041              		.loc 1 1851 10
 3042 00ca FB7A     		ldrb	r3, [r7, #11]	@ zero_extendqisi2
 3043              	.L118:
1852:Drivers/STM32F4xx_HAL_Driver/Src/stm32f4xx_hal_pcd.c **** }
 3044              		.loc 1 1852 1
 3045 00cc 1846     		mov	r0, r3
 3046 00ce 1037     		adds	r7, r7, #16
 3047              	.LCFI127:
 3048              		.cfi_def_cfa_offset 8
 3049 00d0 BD46     		mov	sp, r7
 3050              	.LCFI128:
 3051              		.cfi_def_cfa_register 13
 3052              		@ sp needed
 3053 00d2 80BD     		pop	{r7, pc}
 3054              		.cfi_endproc
 3055              	.LFE242:
 3057              		.section	.text.HAL_PCD_EP_Close,"ax",%progbits
 3058              		.align	1
 3059              		.global	HAL_PCD_EP_Close
 3060              		.syntax unified
 3061              		.thumb
 3062              		.thumb_func
 3064              	HAL_PCD_EP_Close:
 3065              	.LFB243:
1853:Drivers/STM32F4xx_HAL_Driver/Src/stm32f4xx_hal_pcd.c **** 
ARM GAS  /tmp/ccuGCwmi.s 			page 87


1854:Drivers/STM32F4xx_HAL_Driver/Src/stm32f4xx_hal_pcd.c **** /**
1855:Drivers/STM32F4xx_HAL_Driver/Src/stm32f4xx_hal_pcd.c ****   * @brief  Deactivate an endpoint.
1856:Drivers/STM32F4xx_HAL_Driver/Src/stm32f4xx_hal_pcd.c ****   * @param  hpcd PCD handle
1857:Drivers/STM32F4xx_HAL_Driver/Src/stm32f4xx_hal_pcd.c ****   * @param  ep_addr endpoint address
1858:Drivers/STM32F4xx_HAL_Driver/Src/stm32f4xx_hal_pcd.c ****   * @retval HAL status
1859:Drivers/STM32F4xx_HAL_Driver/Src/stm32f4xx_hal_pcd.c ****   */
1860:Drivers/STM32F4xx_HAL_Driver/Src/stm32f4xx_hal_pcd.c **** HAL_StatusTypeDef HAL_PCD_EP_Close(PCD_HandleTypeDef *hpcd, uint8_t ep_addr)
1861:Drivers/STM32F4xx_HAL_Driver/Src/stm32f4xx_hal_pcd.c **** {
 3066              		.loc 1 1861 1
 3067              		.cfi_startproc
 3068              		@ args = 0, pretend = 0, frame = 16
 3069              		@ frame_needed = 1, uses_anonymous_args = 0
 3070 0000 80B5     		push	{r7, lr}
 3071              	.LCFI129:
 3072              		.cfi_def_cfa_offset 8
 3073              		.cfi_offset 7, -8
 3074              		.cfi_offset 14, -4
 3075 0002 84B0     		sub	sp, sp, #16
 3076              	.LCFI130:
 3077              		.cfi_def_cfa_offset 24
 3078 0004 00AF     		add	r7, sp, #0
 3079              	.LCFI131:
 3080              		.cfi_def_cfa_register 7
 3081 0006 7860     		str	r0, [r7, #4]
 3082 0008 0B46     		mov	r3, r1
 3083 000a FB70     		strb	r3, [r7, #3]
1862:Drivers/STM32F4xx_HAL_Driver/Src/stm32f4xx_hal_pcd.c ****   PCD_EPTypeDef *ep;
1863:Drivers/STM32F4xx_HAL_Driver/Src/stm32f4xx_hal_pcd.c **** 
1864:Drivers/STM32F4xx_HAL_Driver/Src/stm32f4xx_hal_pcd.c ****   if ((ep_addr & 0x80U) == 0x80U)
 3084              		.loc 1 1864 25
 3085 000c 97F90330 		ldrsb	r3, [r7, #3]
 3086              		.loc 1 1864 6
 3087 0010 002B     		cmp	r3, #0
 3088 0012 0FDA     		bge	.L120
1865:Drivers/STM32F4xx_HAL_Driver/Src/stm32f4xx_hal_pcd.c ****   {
1866:Drivers/STM32F4xx_HAL_Driver/Src/stm32f4xx_hal_pcd.c ****     ep = &hpcd->IN_ep[ep_addr & EP_ADDR_MSK];
 3089              		.loc 1 1866 31
 3090 0014 FB78     		ldrb	r3, [r7, #3]	@ zero_extendqisi2
 3091 0016 03F00F02 		and	r2, r3, #15
 3092              		.loc 1 1866 8
 3093 001a 1346     		mov	r3, r2
 3094 001c DB00     		lsls	r3, r3, #3
 3095 001e 1344     		add	r3, r3, r2
 3096 0020 9B00     		lsls	r3, r3, #2
 3097 0022 1033     		adds	r3, r3, #16
 3098 0024 7A68     		ldr	r2, [r7, #4]
 3099 0026 1344     		add	r3, r3, r2
 3100 0028 0433     		adds	r3, r3, #4
 3101 002a FB60     		str	r3, [r7, #12]
1867:Drivers/STM32F4xx_HAL_Driver/Src/stm32f4xx_hal_pcd.c ****     ep->is_in = 1U;
 3102              		.loc 1 1867 15
 3103 002c FB68     		ldr	r3, [r7, #12]
 3104 002e 0122     		movs	r2, #1
 3105 0030 5A70     		strb	r2, [r3, #1]
 3106 0032 0FE0     		b	.L121
 3107              	.L120:
1868:Drivers/STM32F4xx_HAL_Driver/Src/stm32f4xx_hal_pcd.c ****   }
ARM GAS  /tmp/ccuGCwmi.s 			page 88


1869:Drivers/STM32F4xx_HAL_Driver/Src/stm32f4xx_hal_pcd.c ****   else
1870:Drivers/STM32F4xx_HAL_Driver/Src/stm32f4xx_hal_pcd.c ****   {
1871:Drivers/STM32F4xx_HAL_Driver/Src/stm32f4xx_hal_pcd.c ****     ep = &hpcd->OUT_ep[ep_addr & EP_ADDR_MSK];
 3108              		.loc 1 1871 32
 3109 0034 FB78     		ldrb	r3, [r7, #3]	@ zero_extendqisi2
 3110 0036 03F00F02 		and	r2, r3, #15
 3111              		.loc 1 1871 8
 3112 003a 1346     		mov	r3, r2
 3113 003c DB00     		lsls	r3, r3, #3
 3114 003e 1344     		add	r3, r3, r2
 3115 0040 9B00     		lsls	r3, r3, #2
 3116 0042 03F51473 		add	r3, r3, #592
 3117 0046 7A68     		ldr	r2, [r7, #4]
 3118 0048 1344     		add	r3, r3, r2
 3119 004a 0433     		adds	r3, r3, #4
 3120 004c FB60     		str	r3, [r7, #12]
1872:Drivers/STM32F4xx_HAL_Driver/Src/stm32f4xx_hal_pcd.c ****     ep->is_in = 0U;
 3121              		.loc 1 1872 15
 3122 004e FB68     		ldr	r3, [r7, #12]
 3123 0050 0022     		movs	r2, #0
 3124 0052 5A70     		strb	r2, [r3, #1]
 3125              	.L121:
1873:Drivers/STM32F4xx_HAL_Driver/Src/stm32f4xx_hal_pcd.c ****   }
1874:Drivers/STM32F4xx_HAL_Driver/Src/stm32f4xx_hal_pcd.c ****   ep->num = ep_addr & EP_ADDR_MSK;
 3126              		.loc 1 1874 21
 3127 0054 FB78     		ldrb	r3, [r7, #3]
 3128 0056 03F00F03 		and	r3, r3, #15
 3129 005a DAB2     		uxtb	r2, r3
 3130              		.loc 1 1874 11
 3131 005c FB68     		ldr	r3, [r7, #12]
 3132 005e 1A70     		strb	r2, [r3]
1875:Drivers/STM32F4xx_HAL_Driver/Src/stm32f4xx_hal_pcd.c **** 
1876:Drivers/STM32F4xx_HAL_Driver/Src/stm32f4xx_hal_pcd.c ****   __HAL_LOCK(hpcd);
 3133              		.loc 1 1876 3
 3134 0060 7B68     		ldr	r3, [r7, #4]
 3135 0062 93F89434 		ldrb	r3, [r3, #1172]	@ zero_extendqisi2
 3136 0066 012B     		cmp	r3, #1
 3137 0068 01D1     		bne	.L122
 3138              		.loc 1 1876 3 is_stmt 0 discriminator 1
 3139 006a 0223     		movs	r3, #2
 3140              		.loc 1 1876 3
 3141 006c 0EE0     		b	.L123
 3142              	.L122:
 3143              		.loc 1 1876 3 discriminator 2
 3144 006e 7B68     		ldr	r3, [r7, #4]
 3145 0070 0122     		movs	r2, #1
 3146 0072 83F89424 		strb	r2, [r3, #1172]
1877:Drivers/STM32F4xx_HAL_Driver/Src/stm32f4xx_hal_pcd.c ****   (void)USB_DeactivateEndpoint(hpcd->Instance, ep);
 3147              		.loc 1 1877 36 is_stmt 1
 3148 0076 7B68     		ldr	r3, [r7, #4]
 3149 0078 1B68     		ldr	r3, [r3]
 3150              		.loc 1 1877 9
 3151 007a F968     		ldr	r1, [r7, #12]
 3152 007c 1846     		mov	r0, r3
 3153 007e FFF7FEFF 		bl	USB_DeactivateEndpoint
1878:Drivers/STM32F4xx_HAL_Driver/Src/stm32f4xx_hal_pcd.c ****   __HAL_UNLOCK(hpcd);
 3154              		.loc 1 1878 3
ARM GAS  /tmp/ccuGCwmi.s 			page 89


 3155 0082 7B68     		ldr	r3, [r7, #4]
 3156 0084 0022     		movs	r2, #0
 3157 0086 83F89424 		strb	r2, [r3, #1172]
1879:Drivers/STM32F4xx_HAL_Driver/Src/stm32f4xx_hal_pcd.c ****   return HAL_OK;
 3158              		.loc 1 1879 10
 3159 008a 0023     		movs	r3, #0
 3160              	.L123:
1880:Drivers/STM32F4xx_HAL_Driver/Src/stm32f4xx_hal_pcd.c **** }
 3161              		.loc 1 1880 1
 3162 008c 1846     		mov	r0, r3
 3163 008e 1037     		adds	r7, r7, #16
 3164              	.LCFI132:
 3165              		.cfi_def_cfa_offset 8
 3166 0090 BD46     		mov	sp, r7
 3167              	.LCFI133:
 3168              		.cfi_def_cfa_register 13
 3169              		@ sp needed
 3170 0092 80BD     		pop	{r7, pc}
 3171              		.cfi_endproc
 3172              	.LFE243:
 3174              		.section	.text.HAL_PCD_EP_Receive,"ax",%progbits
 3175              		.align	1
 3176              		.global	HAL_PCD_EP_Receive
 3177              		.syntax unified
 3178              		.thumb
 3179              		.thumb_func
 3181              	HAL_PCD_EP_Receive:
 3182              	.LFB244:
1881:Drivers/STM32F4xx_HAL_Driver/Src/stm32f4xx_hal_pcd.c **** 
1882:Drivers/STM32F4xx_HAL_Driver/Src/stm32f4xx_hal_pcd.c **** 
1883:Drivers/STM32F4xx_HAL_Driver/Src/stm32f4xx_hal_pcd.c **** /**
1884:Drivers/STM32F4xx_HAL_Driver/Src/stm32f4xx_hal_pcd.c ****   * @brief  Receive an amount of data.
1885:Drivers/STM32F4xx_HAL_Driver/Src/stm32f4xx_hal_pcd.c ****   * @param  hpcd PCD handle
1886:Drivers/STM32F4xx_HAL_Driver/Src/stm32f4xx_hal_pcd.c ****   * @param  ep_addr endpoint address
1887:Drivers/STM32F4xx_HAL_Driver/Src/stm32f4xx_hal_pcd.c ****   * @param  pBuf pointer to the reception buffer
1888:Drivers/STM32F4xx_HAL_Driver/Src/stm32f4xx_hal_pcd.c ****   * @param  len amount of data to be received
1889:Drivers/STM32F4xx_HAL_Driver/Src/stm32f4xx_hal_pcd.c ****   * @retval HAL status
1890:Drivers/STM32F4xx_HAL_Driver/Src/stm32f4xx_hal_pcd.c ****   */
1891:Drivers/STM32F4xx_HAL_Driver/Src/stm32f4xx_hal_pcd.c **** HAL_StatusTypeDef HAL_PCD_EP_Receive(PCD_HandleTypeDef *hpcd, uint8_t ep_addr, uint8_t *pBuf, uint3
1892:Drivers/STM32F4xx_HAL_Driver/Src/stm32f4xx_hal_pcd.c **** {
 3183              		.loc 1 1892 1
 3184              		.cfi_startproc
 3185              		@ args = 0, pretend = 0, frame = 24
 3186              		@ frame_needed = 1, uses_anonymous_args = 0
 3187 0000 80B5     		push	{r7, lr}
 3188              	.LCFI134:
 3189              		.cfi_def_cfa_offset 8
 3190              		.cfi_offset 7, -8
 3191              		.cfi_offset 14, -4
 3192 0002 86B0     		sub	sp, sp, #24
 3193              	.LCFI135:
 3194              		.cfi_def_cfa_offset 32
 3195 0004 00AF     		add	r7, sp, #0
 3196              	.LCFI136:
 3197              		.cfi_def_cfa_register 7
 3198 0006 F860     		str	r0, [r7, #12]
 3199 0008 7A60     		str	r2, [r7, #4]
ARM GAS  /tmp/ccuGCwmi.s 			page 90


 3200 000a 3B60     		str	r3, [r7]
 3201 000c 0B46     		mov	r3, r1
 3202 000e FB72     		strb	r3, [r7, #11]
1893:Drivers/STM32F4xx_HAL_Driver/Src/stm32f4xx_hal_pcd.c ****   PCD_EPTypeDef *ep;
1894:Drivers/STM32F4xx_HAL_Driver/Src/stm32f4xx_hal_pcd.c **** 
1895:Drivers/STM32F4xx_HAL_Driver/Src/stm32f4xx_hal_pcd.c ****   ep = &hpcd->OUT_ep[ep_addr & EP_ADDR_MSK];
 3203              		.loc 1 1895 30
 3204 0010 FB7A     		ldrb	r3, [r7, #11]	@ zero_extendqisi2
 3205 0012 03F00F02 		and	r2, r3, #15
 3206              		.loc 1 1895 6
 3207 0016 1346     		mov	r3, r2
 3208 0018 DB00     		lsls	r3, r3, #3
 3209 001a 1344     		add	r3, r3, r2
 3210 001c 9B00     		lsls	r3, r3, #2
 3211 001e 03F51473 		add	r3, r3, #592
 3212 0022 FA68     		ldr	r2, [r7, #12]
 3213 0024 1344     		add	r3, r3, r2
 3214 0026 0433     		adds	r3, r3, #4
 3215 0028 7B61     		str	r3, [r7, #20]
1896:Drivers/STM32F4xx_HAL_Driver/Src/stm32f4xx_hal_pcd.c **** 
1897:Drivers/STM32F4xx_HAL_Driver/Src/stm32f4xx_hal_pcd.c ****   /*setup and start the Xfer */
1898:Drivers/STM32F4xx_HAL_Driver/Src/stm32f4xx_hal_pcd.c ****   ep->xfer_buff = pBuf;
 3216              		.loc 1 1898 17
 3217 002a 7B69     		ldr	r3, [r7, #20]
 3218 002c 7A68     		ldr	r2, [r7, #4]
 3219 002e DA60     		str	r2, [r3, #12]
1899:Drivers/STM32F4xx_HAL_Driver/Src/stm32f4xx_hal_pcd.c ****   ep->xfer_len = len;
 3220              		.loc 1 1899 16
 3221 0030 7B69     		ldr	r3, [r7, #20]
 3222 0032 3A68     		ldr	r2, [r7]
 3223 0034 1A61     		str	r2, [r3, #16]
1900:Drivers/STM32F4xx_HAL_Driver/Src/stm32f4xx_hal_pcd.c ****   ep->xfer_count = 0U;
 3224              		.loc 1 1900 18
 3225 0036 7B69     		ldr	r3, [r7, #20]
 3226 0038 0022     		movs	r2, #0
 3227 003a 5A61     		str	r2, [r3, #20]
1901:Drivers/STM32F4xx_HAL_Driver/Src/stm32f4xx_hal_pcd.c ****   ep->is_in = 0U;
 3228              		.loc 1 1901 13
 3229 003c 7B69     		ldr	r3, [r7, #20]
 3230 003e 0022     		movs	r2, #0
 3231 0040 5A70     		strb	r2, [r3, #1]
1902:Drivers/STM32F4xx_HAL_Driver/Src/stm32f4xx_hal_pcd.c ****   ep->num = ep_addr & EP_ADDR_MSK;
 3232              		.loc 1 1902 21
 3233 0042 FB7A     		ldrb	r3, [r7, #11]
 3234 0044 03F00F03 		and	r3, r3, #15
 3235 0048 DAB2     		uxtb	r2, r3
 3236              		.loc 1 1902 11
 3237 004a 7B69     		ldr	r3, [r7, #20]
 3238 004c 1A70     		strb	r2, [r3]
1903:Drivers/STM32F4xx_HAL_Driver/Src/stm32f4xx_hal_pcd.c **** 
1904:Drivers/STM32F4xx_HAL_Driver/Src/stm32f4xx_hal_pcd.c ****   if (hpcd->Init.dma_enable == 1U)
 3239              		.loc 1 1904 17
 3240 004e FB68     		ldr	r3, [r7, #12]
 3241 0050 9B79     		ldrb	r3, [r3, #6]	@ zero_extendqisi2
 3242              		.loc 1 1904 6
 3243 0052 012B     		cmp	r3, #1
 3244 0054 02D1     		bne	.L125
ARM GAS  /tmp/ccuGCwmi.s 			page 91


1905:Drivers/STM32F4xx_HAL_Driver/Src/stm32f4xx_hal_pcd.c ****   {
1906:Drivers/STM32F4xx_HAL_Driver/Src/stm32f4xx_hal_pcd.c ****     ep->dma_addr = (uint32_t)pBuf;
 3245              		.loc 1 1906 20
 3246 0056 7A68     		ldr	r2, [r7, #4]
 3247              		.loc 1 1906 18
 3248 0058 7B69     		ldr	r3, [r7, #20]
 3249 005a DA61     		str	r2, [r3, #28]
 3250              	.L125:
1907:Drivers/STM32F4xx_HAL_Driver/Src/stm32f4xx_hal_pcd.c ****   }
1908:Drivers/STM32F4xx_HAL_Driver/Src/stm32f4xx_hal_pcd.c **** 
1909:Drivers/STM32F4xx_HAL_Driver/Src/stm32f4xx_hal_pcd.c ****   (void)USB_EPStartXfer(hpcd->Instance, ep, (uint8_t)hpcd->Init.dma_enable);
 3251              		.loc 1 1909 29
 3252 005c FB68     		ldr	r3, [r7, #12]
 3253 005e 1868     		ldr	r0, [r3]
 3254              		.loc 1 1909 9
 3255 0060 FB68     		ldr	r3, [r7, #12]
 3256 0062 9B79     		ldrb	r3, [r3, #6]	@ zero_extendqisi2
 3257 0064 1A46     		mov	r2, r3
 3258 0066 7969     		ldr	r1, [r7, #20]
 3259 0068 FFF7FEFF 		bl	USB_EPStartXfer
1910:Drivers/STM32F4xx_HAL_Driver/Src/stm32f4xx_hal_pcd.c **** 
1911:Drivers/STM32F4xx_HAL_Driver/Src/stm32f4xx_hal_pcd.c ****   return HAL_OK;
 3260              		.loc 1 1911 10
 3261 006c 0023     		movs	r3, #0
1912:Drivers/STM32F4xx_HAL_Driver/Src/stm32f4xx_hal_pcd.c **** }
 3262              		.loc 1 1912 1
 3263 006e 1846     		mov	r0, r3
 3264 0070 1837     		adds	r7, r7, #24
 3265              	.LCFI137:
 3266              		.cfi_def_cfa_offset 8
 3267 0072 BD46     		mov	sp, r7
 3268              	.LCFI138:
 3269              		.cfi_def_cfa_register 13
 3270              		@ sp needed
 3271 0074 80BD     		pop	{r7, pc}
 3272              		.cfi_endproc
 3273              	.LFE244:
 3275              		.section	.text.HAL_PCD_EP_GetRxCount,"ax",%progbits
 3276              		.align	1
 3277              		.global	HAL_PCD_EP_GetRxCount
 3278              		.syntax unified
 3279              		.thumb
 3280              		.thumb_func
 3282              	HAL_PCD_EP_GetRxCount:
 3283              	.LFB245:
1913:Drivers/STM32F4xx_HAL_Driver/Src/stm32f4xx_hal_pcd.c **** 
1914:Drivers/STM32F4xx_HAL_Driver/Src/stm32f4xx_hal_pcd.c **** /**
1915:Drivers/STM32F4xx_HAL_Driver/Src/stm32f4xx_hal_pcd.c ****   * @brief  Get Received Data Size
1916:Drivers/STM32F4xx_HAL_Driver/Src/stm32f4xx_hal_pcd.c ****   * @param  hpcd PCD handle
1917:Drivers/STM32F4xx_HAL_Driver/Src/stm32f4xx_hal_pcd.c ****   * @param  ep_addr endpoint address
1918:Drivers/STM32F4xx_HAL_Driver/Src/stm32f4xx_hal_pcd.c ****   * @retval Data Size
1919:Drivers/STM32F4xx_HAL_Driver/Src/stm32f4xx_hal_pcd.c ****   */
1920:Drivers/STM32F4xx_HAL_Driver/Src/stm32f4xx_hal_pcd.c **** uint32_t HAL_PCD_EP_GetRxCount(PCD_HandleTypeDef const *hpcd, uint8_t ep_addr)
1921:Drivers/STM32F4xx_HAL_Driver/Src/stm32f4xx_hal_pcd.c **** {
 3284              		.loc 1 1921 1
 3285              		.cfi_startproc
 3286              		@ args = 0, pretend = 0, frame = 8
ARM GAS  /tmp/ccuGCwmi.s 			page 92


 3287              		@ frame_needed = 1, uses_anonymous_args = 0
 3288              		@ link register save eliminated.
 3289 0000 80B4     		push	{r7}
 3290              	.LCFI139:
 3291              		.cfi_def_cfa_offset 4
 3292              		.cfi_offset 7, -4
 3293 0002 83B0     		sub	sp, sp, #12
 3294              	.LCFI140:
 3295              		.cfi_def_cfa_offset 16
 3296 0004 00AF     		add	r7, sp, #0
 3297              	.LCFI141:
 3298              		.cfi_def_cfa_register 7
 3299 0006 7860     		str	r0, [r7, #4]
 3300 0008 0B46     		mov	r3, r1
 3301 000a FB70     		strb	r3, [r7, #3]
1922:Drivers/STM32F4xx_HAL_Driver/Src/stm32f4xx_hal_pcd.c ****   return hpcd->OUT_ep[ep_addr & EP_ADDR_MSK].xfer_count;
 3302              		.loc 1 1922 31
 3303 000c FB78     		ldrb	r3, [r7, #3]	@ zero_extendqisi2
 3304 000e 03F00F02 		and	r2, r3, #15
 3305              		.loc 1 1922 45
 3306 0012 7968     		ldr	r1, [r7, #4]
 3307 0014 1346     		mov	r3, r2
 3308 0016 DB00     		lsls	r3, r3, #3
 3309 0018 1344     		add	r3, r3, r2
 3310 001a 9B00     		lsls	r3, r3, #2
 3311 001c 0B44     		add	r3, r3, r1
 3312 001e 03F51A73 		add	r3, r3, #616
 3313 0022 1B68     		ldr	r3, [r3]
1923:Drivers/STM32F4xx_HAL_Driver/Src/stm32f4xx_hal_pcd.c **** }
 3314              		.loc 1 1923 1
 3315 0024 1846     		mov	r0, r3
 3316 0026 0C37     		adds	r7, r7, #12
 3317              	.LCFI142:
 3318              		.cfi_def_cfa_offset 4
 3319 0028 BD46     		mov	sp, r7
 3320              	.LCFI143:
 3321              		.cfi_def_cfa_register 13
 3322              		@ sp needed
 3323 002a 80BC     		pop	{r7}
 3324              	.LCFI144:
 3325              		.cfi_restore 7
 3326              		.cfi_def_cfa_offset 0
 3327 002c 7047     		bx	lr
 3328              		.cfi_endproc
 3329              	.LFE245:
 3331              		.section	.text.HAL_PCD_EP_Transmit,"ax",%progbits
 3332              		.align	1
 3333              		.global	HAL_PCD_EP_Transmit
 3334              		.syntax unified
 3335              		.thumb
 3336              		.thumb_func
 3338              	HAL_PCD_EP_Transmit:
 3339              	.LFB246:
1924:Drivers/STM32F4xx_HAL_Driver/Src/stm32f4xx_hal_pcd.c **** /**
1925:Drivers/STM32F4xx_HAL_Driver/Src/stm32f4xx_hal_pcd.c ****   * @brief  Send an amount of data
1926:Drivers/STM32F4xx_HAL_Driver/Src/stm32f4xx_hal_pcd.c ****   * @param  hpcd PCD handle
1927:Drivers/STM32F4xx_HAL_Driver/Src/stm32f4xx_hal_pcd.c ****   * @param  ep_addr endpoint address
ARM GAS  /tmp/ccuGCwmi.s 			page 93


1928:Drivers/STM32F4xx_HAL_Driver/Src/stm32f4xx_hal_pcd.c ****   * @param  pBuf pointer to the transmission buffer
1929:Drivers/STM32F4xx_HAL_Driver/Src/stm32f4xx_hal_pcd.c ****   * @param  len amount of data to be sent
1930:Drivers/STM32F4xx_HAL_Driver/Src/stm32f4xx_hal_pcd.c ****   * @retval HAL status
1931:Drivers/STM32F4xx_HAL_Driver/Src/stm32f4xx_hal_pcd.c ****   */
1932:Drivers/STM32F4xx_HAL_Driver/Src/stm32f4xx_hal_pcd.c **** HAL_StatusTypeDef HAL_PCD_EP_Transmit(PCD_HandleTypeDef *hpcd, uint8_t ep_addr, uint8_t *pBuf, uint
1933:Drivers/STM32F4xx_HAL_Driver/Src/stm32f4xx_hal_pcd.c **** {
 3340              		.loc 1 1933 1
 3341              		.cfi_startproc
 3342              		@ args = 0, pretend = 0, frame = 24
 3343              		@ frame_needed = 1, uses_anonymous_args = 0
 3344 0000 80B5     		push	{r7, lr}
 3345              	.LCFI145:
 3346              		.cfi_def_cfa_offset 8
 3347              		.cfi_offset 7, -8
 3348              		.cfi_offset 14, -4
 3349 0002 86B0     		sub	sp, sp, #24
 3350              	.LCFI146:
 3351              		.cfi_def_cfa_offset 32
 3352 0004 00AF     		add	r7, sp, #0
 3353              	.LCFI147:
 3354              		.cfi_def_cfa_register 7
 3355 0006 F860     		str	r0, [r7, #12]
 3356 0008 7A60     		str	r2, [r7, #4]
 3357 000a 3B60     		str	r3, [r7]
 3358 000c 0B46     		mov	r3, r1
 3359 000e FB72     		strb	r3, [r7, #11]
1934:Drivers/STM32F4xx_HAL_Driver/Src/stm32f4xx_hal_pcd.c ****   PCD_EPTypeDef *ep;
1935:Drivers/STM32F4xx_HAL_Driver/Src/stm32f4xx_hal_pcd.c **** 
1936:Drivers/STM32F4xx_HAL_Driver/Src/stm32f4xx_hal_pcd.c ****   ep = &hpcd->IN_ep[ep_addr & EP_ADDR_MSK];
 3360              		.loc 1 1936 29
 3361 0010 FB7A     		ldrb	r3, [r7, #11]	@ zero_extendqisi2
 3362 0012 03F00F02 		and	r2, r3, #15
 3363              		.loc 1 1936 6
 3364 0016 1346     		mov	r3, r2
 3365 0018 DB00     		lsls	r3, r3, #3
 3366 001a 1344     		add	r3, r3, r2
 3367 001c 9B00     		lsls	r3, r3, #2
 3368 001e 1033     		adds	r3, r3, #16
 3369 0020 FA68     		ldr	r2, [r7, #12]
 3370 0022 1344     		add	r3, r3, r2
 3371 0024 0433     		adds	r3, r3, #4
 3372 0026 7B61     		str	r3, [r7, #20]
1937:Drivers/STM32F4xx_HAL_Driver/Src/stm32f4xx_hal_pcd.c **** 
1938:Drivers/STM32F4xx_HAL_Driver/Src/stm32f4xx_hal_pcd.c ****   /*setup and start the Xfer */
1939:Drivers/STM32F4xx_HAL_Driver/Src/stm32f4xx_hal_pcd.c ****   ep->xfer_buff = pBuf;
 3373              		.loc 1 1939 17
 3374 0028 7B69     		ldr	r3, [r7, #20]
 3375 002a 7A68     		ldr	r2, [r7, #4]
 3376 002c DA60     		str	r2, [r3, #12]
1940:Drivers/STM32F4xx_HAL_Driver/Src/stm32f4xx_hal_pcd.c ****   ep->xfer_len = len;
 3377              		.loc 1 1940 16
 3378 002e 7B69     		ldr	r3, [r7, #20]
 3379 0030 3A68     		ldr	r2, [r7]
 3380 0032 1A61     		str	r2, [r3, #16]
1941:Drivers/STM32F4xx_HAL_Driver/Src/stm32f4xx_hal_pcd.c ****   ep->xfer_count = 0U;
 3381              		.loc 1 1941 18
 3382 0034 7B69     		ldr	r3, [r7, #20]
ARM GAS  /tmp/ccuGCwmi.s 			page 94


 3383 0036 0022     		movs	r2, #0
 3384 0038 5A61     		str	r2, [r3, #20]
1942:Drivers/STM32F4xx_HAL_Driver/Src/stm32f4xx_hal_pcd.c ****   ep->is_in = 1U;
 3385              		.loc 1 1942 13
 3386 003a 7B69     		ldr	r3, [r7, #20]
 3387 003c 0122     		movs	r2, #1
 3388 003e 5A70     		strb	r2, [r3, #1]
1943:Drivers/STM32F4xx_HAL_Driver/Src/stm32f4xx_hal_pcd.c ****   ep->num = ep_addr & EP_ADDR_MSK;
 3389              		.loc 1 1943 21
 3390 0040 FB7A     		ldrb	r3, [r7, #11]
 3391 0042 03F00F03 		and	r3, r3, #15
 3392 0046 DAB2     		uxtb	r2, r3
 3393              		.loc 1 1943 11
 3394 0048 7B69     		ldr	r3, [r7, #20]
 3395 004a 1A70     		strb	r2, [r3]
1944:Drivers/STM32F4xx_HAL_Driver/Src/stm32f4xx_hal_pcd.c **** 
1945:Drivers/STM32F4xx_HAL_Driver/Src/stm32f4xx_hal_pcd.c ****   if (hpcd->Init.dma_enable == 1U)
 3396              		.loc 1 1945 17
 3397 004c FB68     		ldr	r3, [r7, #12]
 3398 004e 9B79     		ldrb	r3, [r3, #6]	@ zero_extendqisi2
 3399              		.loc 1 1945 6
 3400 0050 012B     		cmp	r3, #1
 3401 0052 02D1     		bne	.L130
1946:Drivers/STM32F4xx_HAL_Driver/Src/stm32f4xx_hal_pcd.c ****   {
1947:Drivers/STM32F4xx_HAL_Driver/Src/stm32f4xx_hal_pcd.c ****     ep->dma_addr = (uint32_t)pBuf;
 3402              		.loc 1 1947 20
 3403 0054 7A68     		ldr	r2, [r7, #4]
 3404              		.loc 1 1947 18
 3405 0056 7B69     		ldr	r3, [r7, #20]
 3406 0058 DA61     		str	r2, [r3, #28]
 3407              	.L130:
1948:Drivers/STM32F4xx_HAL_Driver/Src/stm32f4xx_hal_pcd.c ****   }
1949:Drivers/STM32F4xx_HAL_Driver/Src/stm32f4xx_hal_pcd.c **** 
1950:Drivers/STM32F4xx_HAL_Driver/Src/stm32f4xx_hal_pcd.c ****   (void)USB_EPStartXfer(hpcd->Instance, ep, (uint8_t)hpcd->Init.dma_enable);
 3408              		.loc 1 1950 29
 3409 005a FB68     		ldr	r3, [r7, #12]
 3410 005c 1868     		ldr	r0, [r3]
 3411              		.loc 1 1950 9
 3412 005e FB68     		ldr	r3, [r7, #12]
 3413 0060 9B79     		ldrb	r3, [r3, #6]	@ zero_extendqisi2
 3414 0062 1A46     		mov	r2, r3
 3415 0064 7969     		ldr	r1, [r7, #20]
 3416 0066 FFF7FEFF 		bl	USB_EPStartXfer
1951:Drivers/STM32F4xx_HAL_Driver/Src/stm32f4xx_hal_pcd.c **** 
1952:Drivers/STM32F4xx_HAL_Driver/Src/stm32f4xx_hal_pcd.c ****   return HAL_OK;
 3417              		.loc 1 1952 10
 3418 006a 0023     		movs	r3, #0
1953:Drivers/STM32F4xx_HAL_Driver/Src/stm32f4xx_hal_pcd.c **** }
 3419              		.loc 1 1953 1
 3420 006c 1846     		mov	r0, r3
 3421 006e 1837     		adds	r7, r7, #24
 3422              	.LCFI148:
 3423              		.cfi_def_cfa_offset 8
 3424 0070 BD46     		mov	sp, r7
 3425              	.LCFI149:
 3426              		.cfi_def_cfa_register 13
 3427              		@ sp needed
ARM GAS  /tmp/ccuGCwmi.s 			page 95


 3428 0072 80BD     		pop	{r7, pc}
 3429              		.cfi_endproc
 3430              	.LFE246:
 3432              		.section	.text.HAL_PCD_EP_SetStall,"ax",%progbits
 3433              		.align	1
 3434              		.global	HAL_PCD_EP_SetStall
 3435              		.syntax unified
 3436              		.thumb
 3437              		.thumb_func
 3439              	HAL_PCD_EP_SetStall:
 3440              	.LFB247:
1954:Drivers/STM32F4xx_HAL_Driver/Src/stm32f4xx_hal_pcd.c **** 
1955:Drivers/STM32F4xx_HAL_Driver/Src/stm32f4xx_hal_pcd.c **** /**
1956:Drivers/STM32F4xx_HAL_Driver/Src/stm32f4xx_hal_pcd.c ****   * @brief  Set a STALL condition over an endpoint
1957:Drivers/STM32F4xx_HAL_Driver/Src/stm32f4xx_hal_pcd.c ****   * @param  hpcd PCD handle
1958:Drivers/STM32F4xx_HAL_Driver/Src/stm32f4xx_hal_pcd.c ****   * @param  ep_addr endpoint address
1959:Drivers/STM32F4xx_HAL_Driver/Src/stm32f4xx_hal_pcd.c ****   * @retval HAL status
1960:Drivers/STM32F4xx_HAL_Driver/Src/stm32f4xx_hal_pcd.c ****   */
1961:Drivers/STM32F4xx_HAL_Driver/Src/stm32f4xx_hal_pcd.c **** HAL_StatusTypeDef HAL_PCD_EP_SetStall(PCD_HandleTypeDef *hpcd, uint8_t ep_addr)
1962:Drivers/STM32F4xx_HAL_Driver/Src/stm32f4xx_hal_pcd.c **** {
 3441              		.loc 1 1962 1
 3442              		.cfi_startproc
 3443              		@ args = 0, pretend = 0, frame = 16
 3444              		@ frame_needed = 1, uses_anonymous_args = 0
 3445 0000 80B5     		push	{r7, lr}
 3446              	.LCFI150:
 3447              		.cfi_def_cfa_offset 8
 3448              		.cfi_offset 7, -8
 3449              		.cfi_offset 14, -4
 3450 0002 84B0     		sub	sp, sp, #16
 3451              	.LCFI151:
 3452              		.cfi_def_cfa_offset 24
 3453 0004 00AF     		add	r7, sp, #0
 3454              	.LCFI152:
 3455              		.cfi_def_cfa_register 7
 3456 0006 7860     		str	r0, [r7, #4]
 3457 0008 0B46     		mov	r3, r1
 3458 000a FB70     		strb	r3, [r7, #3]
1963:Drivers/STM32F4xx_HAL_Driver/Src/stm32f4xx_hal_pcd.c ****   PCD_EPTypeDef *ep;
1964:Drivers/STM32F4xx_HAL_Driver/Src/stm32f4xx_hal_pcd.c **** 
1965:Drivers/STM32F4xx_HAL_Driver/Src/stm32f4xx_hal_pcd.c ****   if (((uint32_t)ep_addr & EP_ADDR_MSK) > hpcd->Init.dev_endpoints)
 3459              		.loc 1 1965 26
 3460 000c FB78     		ldrb	r3, [r7, #3]	@ zero_extendqisi2
 3461 000e 03F00F03 		and	r3, r3, #15
 3462              		.loc 1 1965 53
 3463 0012 7A68     		ldr	r2, [r7, #4]
 3464 0014 1279     		ldrb	r2, [r2, #4]	@ zero_extendqisi2
 3465              		.loc 1 1965 6
 3466 0016 9342     		cmp	r3, r2
 3467 0018 01D9     		bls	.L133
1966:Drivers/STM32F4xx_HAL_Driver/Src/stm32f4xx_hal_pcd.c ****   {
1967:Drivers/STM32F4xx_HAL_Driver/Src/stm32f4xx_hal_pcd.c ****     return HAL_ERROR;
 3468              		.loc 1 1967 12
 3469 001a 0123     		movs	r3, #1
 3470 001c 4FE0     		b	.L134
 3471              	.L133:
1968:Drivers/STM32F4xx_HAL_Driver/Src/stm32f4xx_hal_pcd.c ****   }
ARM GAS  /tmp/ccuGCwmi.s 			page 96


1969:Drivers/STM32F4xx_HAL_Driver/Src/stm32f4xx_hal_pcd.c **** 
1970:Drivers/STM32F4xx_HAL_Driver/Src/stm32f4xx_hal_pcd.c ****   if ((0x80U & ep_addr) == 0x80U)
 3472              		.loc 1 1970 25
 3473 001e 97F90330 		ldrsb	r3, [r7, #3]
 3474              		.loc 1 1970 6
 3475 0022 002B     		cmp	r3, #0
 3476 0024 0FDA     		bge	.L135
1971:Drivers/STM32F4xx_HAL_Driver/Src/stm32f4xx_hal_pcd.c ****   {
1972:Drivers/STM32F4xx_HAL_Driver/Src/stm32f4xx_hal_pcd.c ****     ep = &hpcd->IN_ep[ep_addr & EP_ADDR_MSK];
 3477              		.loc 1 1972 31
 3478 0026 FB78     		ldrb	r3, [r7, #3]	@ zero_extendqisi2
 3479 0028 03F00F02 		and	r2, r3, #15
 3480              		.loc 1 1972 8
 3481 002c 1346     		mov	r3, r2
 3482 002e DB00     		lsls	r3, r3, #3
 3483 0030 1344     		add	r3, r3, r2
 3484 0032 9B00     		lsls	r3, r3, #2
 3485 0034 1033     		adds	r3, r3, #16
 3486 0036 7A68     		ldr	r2, [r7, #4]
 3487 0038 1344     		add	r3, r3, r2
 3488 003a 0433     		adds	r3, r3, #4
 3489 003c FB60     		str	r3, [r7, #12]
1973:Drivers/STM32F4xx_HAL_Driver/Src/stm32f4xx_hal_pcd.c ****     ep->is_in = 1U;
 3490              		.loc 1 1973 15
 3491 003e FB68     		ldr	r3, [r7, #12]
 3492 0040 0122     		movs	r2, #1
 3493 0042 5A70     		strb	r2, [r3, #1]
 3494 0044 0DE0     		b	.L136
 3495              	.L135:
1974:Drivers/STM32F4xx_HAL_Driver/Src/stm32f4xx_hal_pcd.c ****   }
1975:Drivers/STM32F4xx_HAL_Driver/Src/stm32f4xx_hal_pcd.c ****   else
1976:Drivers/STM32F4xx_HAL_Driver/Src/stm32f4xx_hal_pcd.c ****   {
1977:Drivers/STM32F4xx_HAL_Driver/Src/stm32f4xx_hal_pcd.c ****     ep = &hpcd->OUT_ep[ep_addr];
 3496              		.loc 1 1977 23
 3497 0046 FA78     		ldrb	r2, [r7, #3]	@ zero_extendqisi2
 3498              		.loc 1 1977 8
 3499 0048 1346     		mov	r3, r2
 3500 004a DB00     		lsls	r3, r3, #3
 3501 004c 1344     		add	r3, r3, r2
 3502 004e 9B00     		lsls	r3, r3, #2
 3503 0050 03F51473 		add	r3, r3, #592
 3504 0054 7A68     		ldr	r2, [r7, #4]
 3505 0056 1344     		add	r3, r3, r2
 3506 0058 0433     		adds	r3, r3, #4
 3507 005a FB60     		str	r3, [r7, #12]
1978:Drivers/STM32F4xx_HAL_Driver/Src/stm32f4xx_hal_pcd.c ****     ep->is_in = 0U;
 3508              		.loc 1 1978 15
 3509 005c FB68     		ldr	r3, [r7, #12]
 3510 005e 0022     		movs	r2, #0
 3511 0060 5A70     		strb	r2, [r3, #1]
 3512              	.L136:
1979:Drivers/STM32F4xx_HAL_Driver/Src/stm32f4xx_hal_pcd.c ****   }
1980:Drivers/STM32F4xx_HAL_Driver/Src/stm32f4xx_hal_pcd.c **** 
1981:Drivers/STM32F4xx_HAL_Driver/Src/stm32f4xx_hal_pcd.c ****   ep->is_stall = 1U;
 3513              		.loc 1 1981 16
 3514 0062 FB68     		ldr	r3, [r7, #12]
 3515 0064 0122     		movs	r2, #1
ARM GAS  /tmp/ccuGCwmi.s 			page 97


 3516 0066 9A70     		strb	r2, [r3, #2]
1982:Drivers/STM32F4xx_HAL_Driver/Src/stm32f4xx_hal_pcd.c ****   ep->num = ep_addr & EP_ADDR_MSK;
 3517              		.loc 1 1982 21
 3518 0068 FB78     		ldrb	r3, [r7, #3]
 3519 006a 03F00F03 		and	r3, r3, #15
 3520 006e DAB2     		uxtb	r2, r3
 3521              		.loc 1 1982 11
 3522 0070 FB68     		ldr	r3, [r7, #12]
 3523 0072 1A70     		strb	r2, [r3]
1983:Drivers/STM32F4xx_HAL_Driver/Src/stm32f4xx_hal_pcd.c **** 
1984:Drivers/STM32F4xx_HAL_Driver/Src/stm32f4xx_hal_pcd.c ****   __HAL_LOCK(hpcd);
 3524              		.loc 1 1984 3
 3525 0074 7B68     		ldr	r3, [r7, #4]
 3526 0076 93F89434 		ldrb	r3, [r3, #1172]	@ zero_extendqisi2
 3527 007a 012B     		cmp	r3, #1
 3528 007c 01D1     		bne	.L137
 3529              		.loc 1 1984 3 is_stmt 0 discriminator 1
 3530 007e 0223     		movs	r3, #2
 3531              		.loc 1 1984 3
 3532 0080 1DE0     		b	.L134
 3533              	.L137:
 3534              		.loc 1 1984 3 discriminator 2
 3535 0082 7B68     		ldr	r3, [r7, #4]
 3536 0084 0122     		movs	r2, #1
 3537 0086 83F89424 		strb	r2, [r3, #1172]
1985:Drivers/STM32F4xx_HAL_Driver/Src/stm32f4xx_hal_pcd.c **** 
1986:Drivers/STM32F4xx_HAL_Driver/Src/stm32f4xx_hal_pcd.c ****   (void)USB_EPSetStall(hpcd->Instance, ep);
 3538              		.loc 1 1986 28 is_stmt 1
 3539 008a 7B68     		ldr	r3, [r7, #4]
 3540 008c 1B68     		ldr	r3, [r3]
 3541              		.loc 1 1986 9
 3542 008e F968     		ldr	r1, [r7, #12]
 3543 0090 1846     		mov	r0, r3
 3544 0092 FFF7FEFF 		bl	USB_EPSetStall
1987:Drivers/STM32F4xx_HAL_Driver/Src/stm32f4xx_hal_pcd.c **** 
1988:Drivers/STM32F4xx_HAL_Driver/Src/stm32f4xx_hal_pcd.c ****   if ((ep_addr & EP_ADDR_MSK) == 0U)
 3545              		.loc 1 1988 16
 3546 0096 FB78     		ldrb	r3, [r7, #3]	@ zero_extendqisi2
 3547 0098 03F00F03 		and	r3, r3, #15
 3548              		.loc 1 1988 6
 3549 009c 002B     		cmp	r3, #0
 3550 009e 09D1     		bne	.L138
1989:Drivers/STM32F4xx_HAL_Driver/Src/stm32f4xx_hal_pcd.c ****   {
1990:Drivers/STM32F4xx_HAL_Driver/Src/stm32f4xx_hal_pcd.c ****     (void)USB_EP0_OutStart(hpcd->Instance, (uint8_t)hpcd->Init.dma_enable, (uint8_t *)hpcd->Setup);
 3551              		.loc 1 1990 32
 3552 00a0 7B68     		ldr	r3, [r7, #4]
 3553 00a2 1868     		ldr	r0, [r3]
 3554              		.loc 1 1990 11
 3555 00a4 7B68     		ldr	r3, [r7, #4]
 3556 00a6 9979     		ldrb	r1, [r3, #6]	@ zero_extendqisi2
 3557              		.loc 1 1990 87
 3558 00a8 7B68     		ldr	r3, [r7, #4]
 3559 00aa 03F29C43 		addw	r3, r3, #1180
 3560              		.loc 1 1990 11
 3561 00ae 1A46     		mov	r2, r3
 3562 00b0 FFF7FEFF 		bl	USB_EP0_OutStart
 3563              	.L138:
ARM GAS  /tmp/ccuGCwmi.s 			page 98


1991:Drivers/STM32F4xx_HAL_Driver/Src/stm32f4xx_hal_pcd.c ****   }
1992:Drivers/STM32F4xx_HAL_Driver/Src/stm32f4xx_hal_pcd.c **** 
1993:Drivers/STM32F4xx_HAL_Driver/Src/stm32f4xx_hal_pcd.c ****   __HAL_UNLOCK(hpcd);
 3564              		.loc 1 1993 3
 3565 00b4 7B68     		ldr	r3, [r7, #4]
 3566 00b6 0022     		movs	r2, #0
 3567 00b8 83F89424 		strb	r2, [r3, #1172]
1994:Drivers/STM32F4xx_HAL_Driver/Src/stm32f4xx_hal_pcd.c **** 
1995:Drivers/STM32F4xx_HAL_Driver/Src/stm32f4xx_hal_pcd.c ****   return HAL_OK;
 3568              		.loc 1 1995 10
 3569 00bc 0023     		movs	r3, #0
 3570              	.L134:
1996:Drivers/STM32F4xx_HAL_Driver/Src/stm32f4xx_hal_pcd.c **** }
 3571              		.loc 1 1996 1
 3572 00be 1846     		mov	r0, r3
 3573 00c0 1037     		adds	r7, r7, #16
 3574              	.LCFI153:
 3575              		.cfi_def_cfa_offset 8
 3576 00c2 BD46     		mov	sp, r7
 3577              	.LCFI154:
 3578              		.cfi_def_cfa_register 13
 3579              		@ sp needed
 3580 00c4 80BD     		pop	{r7, pc}
 3581              		.cfi_endproc
 3582              	.LFE247:
 3584              		.section	.text.HAL_PCD_EP_ClrStall,"ax",%progbits
 3585              		.align	1
 3586              		.global	HAL_PCD_EP_ClrStall
 3587              		.syntax unified
 3588              		.thumb
 3589              		.thumb_func
 3591              	HAL_PCD_EP_ClrStall:
 3592              	.LFB248:
1997:Drivers/STM32F4xx_HAL_Driver/Src/stm32f4xx_hal_pcd.c **** 
1998:Drivers/STM32F4xx_HAL_Driver/Src/stm32f4xx_hal_pcd.c **** /**
1999:Drivers/STM32F4xx_HAL_Driver/Src/stm32f4xx_hal_pcd.c ****   * @brief  Clear a STALL condition over in an endpoint
2000:Drivers/STM32F4xx_HAL_Driver/Src/stm32f4xx_hal_pcd.c ****   * @param  hpcd PCD handle
2001:Drivers/STM32F4xx_HAL_Driver/Src/stm32f4xx_hal_pcd.c ****   * @param  ep_addr endpoint address
2002:Drivers/STM32F4xx_HAL_Driver/Src/stm32f4xx_hal_pcd.c ****   * @retval HAL status
2003:Drivers/STM32F4xx_HAL_Driver/Src/stm32f4xx_hal_pcd.c ****   */
2004:Drivers/STM32F4xx_HAL_Driver/Src/stm32f4xx_hal_pcd.c **** HAL_StatusTypeDef HAL_PCD_EP_ClrStall(PCD_HandleTypeDef *hpcd, uint8_t ep_addr)
2005:Drivers/STM32F4xx_HAL_Driver/Src/stm32f4xx_hal_pcd.c **** {
 3593              		.loc 1 2005 1
 3594              		.cfi_startproc
 3595              		@ args = 0, pretend = 0, frame = 16
 3596              		@ frame_needed = 1, uses_anonymous_args = 0
 3597 0000 80B5     		push	{r7, lr}
 3598              	.LCFI155:
 3599              		.cfi_def_cfa_offset 8
 3600              		.cfi_offset 7, -8
 3601              		.cfi_offset 14, -4
 3602 0002 84B0     		sub	sp, sp, #16
 3603              	.LCFI156:
 3604              		.cfi_def_cfa_offset 24
 3605 0004 00AF     		add	r7, sp, #0
 3606              	.LCFI157:
 3607              		.cfi_def_cfa_register 7
ARM GAS  /tmp/ccuGCwmi.s 			page 99


 3608 0006 7860     		str	r0, [r7, #4]
 3609 0008 0B46     		mov	r3, r1
 3610 000a FB70     		strb	r3, [r7, #3]
2006:Drivers/STM32F4xx_HAL_Driver/Src/stm32f4xx_hal_pcd.c ****   PCD_EPTypeDef *ep;
2007:Drivers/STM32F4xx_HAL_Driver/Src/stm32f4xx_hal_pcd.c **** 
2008:Drivers/STM32F4xx_HAL_Driver/Src/stm32f4xx_hal_pcd.c ****   if (((uint32_t)ep_addr & 0x0FU) > hpcd->Init.dev_endpoints)
 3611              		.loc 1 2008 26
 3612 000c FB78     		ldrb	r3, [r7, #3]	@ zero_extendqisi2
 3613 000e 03F00F03 		and	r3, r3, #15
 3614              		.loc 1 2008 47
 3615 0012 7A68     		ldr	r2, [r7, #4]
 3616 0014 1279     		ldrb	r2, [r2, #4]	@ zero_extendqisi2
 3617              		.loc 1 2008 6
 3618 0016 9342     		cmp	r3, r2
 3619 0018 01D9     		bls	.L140
2009:Drivers/STM32F4xx_HAL_Driver/Src/stm32f4xx_hal_pcd.c ****   {
2010:Drivers/STM32F4xx_HAL_Driver/Src/stm32f4xx_hal_pcd.c ****     return HAL_ERROR;
 3620              		.loc 1 2010 12
 3621 001a 0123     		movs	r3, #1
 3622 001c 42E0     		b	.L141
 3623              	.L140:
2011:Drivers/STM32F4xx_HAL_Driver/Src/stm32f4xx_hal_pcd.c ****   }
2012:Drivers/STM32F4xx_HAL_Driver/Src/stm32f4xx_hal_pcd.c **** 
2013:Drivers/STM32F4xx_HAL_Driver/Src/stm32f4xx_hal_pcd.c ****   if ((0x80U & ep_addr) == 0x80U)
 3624              		.loc 1 2013 25
 3625 001e 97F90330 		ldrsb	r3, [r7, #3]
 3626              		.loc 1 2013 6
 3627 0022 002B     		cmp	r3, #0
 3628 0024 0FDA     		bge	.L142
2014:Drivers/STM32F4xx_HAL_Driver/Src/stm32f4xx_hal_pcd.c ****   {
2015:Drivers/STM32F4xx_HAL_Driver/Src/stm32f4xx_hal_pcd.c ****     ep = &hpcd->IN_ep[ep_addr & EP_ADDR_MSK];
 3629              		.loc 1 2015 31
 3630 0026 FB78     		ldrb	r3, [r7, #3]	@ zero_extendqisi2
 3631 0028 03F00F02 		and	r2, r3, #15
 3632              		.loc 1 2015 8
 3633 002c 1346     		mov	r3, r2
 3634 002e DB00     		lsls	r3, r3, #3
 3635 0030 1344     		add	r3, r3, r2
 3636 0032 9B00     		lsls	r3, r3, #2
 3637 0034 1033     		adds	r3, r3, #16
 3638 0036 7A68     		ldr	r2, [r7, #4]
 3639 0038 1344     		add	r3, r3, r2
 3640 003a 0433     		adds	r3, r3, #4
 3641 003c FB60     		str	r3, [r7, #12]
2016:Drivers/STM32F4xx_HAL_Driver/Src/stm32f4xx_hal_pcd.c ****     ep->is_in = 1U;
 3642              		.loc 1 2016 15
 3643 003e FB68     		ldr	r3, [r7, #12]
 3644 0040 0122     		movs	r2, #1
 3645 0042 5A70     		strb	r2, [r3, #1]
 3646 0044 0FE0     		b	.L143
 3647              	.L142:
2017:Drivers/STM32F4xx_HAL_Driver/Src/stm32f4xx_hal_pcd.c ****   }
2018:Drivers/STM32F4xx_HAL_Driver/Src/stm32f4xx_hal_pcd.c ****   else
2019:Drivers/STM32F4xx_HAL_Driver/Src/stm32f4xx_hal_pcd.c ****   {
2020:Drivers/STM32F4xx_HAL_Driver/Src/stm32f4xx_hal_pcd.c ****     ep = &hpcd->OUT_ep[ep_addr & EP_ADDR_MSK];
 3648              		.loc 1 2020 32
 3649 0046 FB78     		ldrb	r3, [r7, #3]	@ zero_extendqisi2
ARM GAS  /tmp/ccuGCwmi.s 			page 100


 3650 0048 03F00F02 		and	r2, r3, #15
 3651              		.loc 1 2020 8
 3652 004c 1346     		mov	r3, r2
 3653 004e DB00     		lsls	r3, r3, #3
 3654 0050 1344     		add	r3, r3, r2
 3655 0052 9B00     		lsls	r3, r3, #2
 3656 0054 03F51473 		add	r3, r3, #592
 3657 0058 7A68     		ldr	r2, [r7, #4]
 3658 005a 1344     		add	r3, r3, r2
 3659 005c 0433     		adds	r3, r3, #4
 3660 005e FB60     		str	r3, [r7, #12]
2021:Drivers/STM32F4xx_HAL_Driver/Src/stm32f4xx_hal_pcd.c ****     ep->is_in = 0U;
 3661              		.loc 1 2021 15
 3662 0060 FB68     		ldr	r3, [r7, #12]
 3663 0062 0022     		movs	r2, #0
 3664 0064 5A70     		strb	r2, [r3, #1]
 3665              	.L143:
2022:Drivers/STM32F4xx_HAL_Driver/Src/stm32f4xx_hal_pcd.c ****   }
2023:Drivers/STM32F4xx_HAL_Driver/Src/stm32f4xx_hal_pcd.c **** 
2024:Drivers/STM32F4xx_HAL_Driver/Src/stm32f4xx_hal_pcd.c ****   ep->is_stall = 0U;
 3666              		.loc 1 2024 16
 3667 0066 FB68     		ldr	r3, [r7, #12]
 3668 0068 0022     		movs	r2, #0
 3669 006a 9A70     		strb	r2, [r3, #2]
2025:Drivers/STM32F4xx_HAL_Driver/Src/stm32f4xx_hal_pcd.c ****   ep->num = ep_addr & EP_ADDR_MSK;
 3670              		.loc 1 2025 21
 3671 006c FB78     		ldrb	r3, [r7, #3]
 3672 006e 03F00F03 		and	r3, r3, #15
 3673 0072 DAB2     		uxtb	r2, r3
 3674              		.loc 1 2025 11
 3675 0074 FB68     		ldr	r3, [r7, #12]
 3676 0076 1A70     		strb	r2, [r3]
2026:Drivers/STM32F4xx_HAL_Driver/Src/stm32f4xx_hal_pcd.c **** 
2027:Drivers/STM32F4xx_HAL_Driver/Src/stm32f4xx_hal_pcd.c ****   __HAL_LOCK(hpcd);
 3677              		.loc 1 2027 3
 3678 0078 7B68     		ldr	r3, [r7, #4]
 3679 007a 93F89434 		ldrb	r3, [r3, #1172]	@ zero_extendqisi2
 3680 007e 012B     		cmp	r3, #1
 3681 0080 01D1     		bne	.L144
 3682              		.loc 1 2027 3 is_stmt 0 discriminator 1
 3683 0082 0223     		movs	r3, #2
 3684              		.loc 1 2027 3
 3685 0084 0EE0     		b	.L141
 3686              	.L144:
 3687              		.loc 1 2027 3 discriminator 2
 3688 0086 7B68     		ldr	r3, [r7, #4]
 3689 0088 0122     		movs	r2, #1
 3690 008a 83F89424 		strb	r2, [r3, #1172]
2028:Drivers/STM32F4xx_HAL_Driver/Src/stm32f4xx_hal_pcd.c ****   (void)USB_EPClearStall(hpcd->Instance, ep);
 3691              		.loc 1 2028 30 is_stmt 1
 3692 008e 7B68     		ldr	r3, [r7, #4]
 3693 0090 1B68     		ldr	r3, [r3]
 3694              		.loc 1 2028 9
 3695 0092 F968     		ldr	r1, [r7, #12]
 3696 0094 1846     		mov	r0, r3
 3697 0096 FFF7FEFF 		bl	USB_EPClearStall
2029:Drivers/STM32F4xx_HAL_Driver/Src/stm32f4xx_hal_pcd.c ****   __HAL_UNLOCK(hpcd);
ARM GAS  /tmp/ccuGCwmi.s 			page 101


 3698              		.loc 1 2029 3
 3699 009a 7B68     		ldr	r3, [r7, #4]
 3700 009c 0022     		movs	r2, #0
 3701 009e 83F89424 		strb	r2, [r3, #1172]
2030:Drivers/STM32F4xx_HAL_Driver/Src/stm32f4xx_hal_pcd.c **** 
2031:Drivers/STM32F4xx_HAL_Driver/Src/stm32f4xx_hal_pcd.c ****   return HAL_OK;
 3702              		.loc 1 2031 10
 3703 00a2 0023     		movs	r3, #0
 3704              	.L141:
2032:Drivers/STM32F4xx_HAL_Driver/Src/stm32f4xx_hal_pcd.c **** }
 3705              		.loc 1 2032 1
 3706 00a4 1846     		mov	r0, r3
 3707 00a6 1037     		adds	r7, r7, #16
 3708              	.LCFI158:
 3709              		.cfi_def_cfa_offset 8
 3710 00a8 BD46     		mov	sp, r7
 3711              	.LCFI159:
 3712              		.cfi_def_cfa_register 13
 3713              		@ sp needed
 3714 00aa 80BD     		pop	{r7, pc}
 3715              		.cfi_endproc
 3716              	.LFE248:
 3718              		.section	.text.HAL_PCD_EP_Abort,"ax",%progbits
 3719              		.align	1
 3720              		.global	HAL_PCD_EP_Abort
 3721              		.syntax unified
 3722              		.thumb
 3723              		.thumb_func
 3725              	HAL_PCD_EP_Abort:
 3726              	.LFB249:
2033:Drivers/STM32F4xx_HAL_Driver/Src/stm32f4xx_hal_pcd.c **** 
2034:Drivers/STM32F4xx_HAL_Driver/Src/stm32f4xx_hal_pcd.c **** /**
2035:Drivers/STM32F4xx_HAL_Driver/Src/stm32f4xx_hal_pcd.c ****    * @brief  Abort an USB EP transaction.
2036:Drivers/STM32F4xx_HAL_Driver/Src/stm32f4xx_hal_pcd.c ****    * @param  hpcd PCD handle
2037:Drivers/STM32F4xx_HAL_Driver/Src/stm32f4xx_hal_pcd.c ****    * @param  ep_addr endpoint address
2038:Drivers/STM32F4xx_HAL_Driver/Src/stm32f4xx_hal_pcd.c ****    * @retval HAL status
2039:Drivers/STM32F4xx_HAL_Driver/Src/stm32f4xx_hal_pcd.c ****    */
2040:Drivers/STM32F4xx_HAL_Driver/Src/stm32f4xx_hal_pcd.c **** HAL_StatusTypeDef HAL_PCD_EP_Abort(PCD_HandleTypeDef *hpcd, uint8_t ep_addr)
2041:Drivers/STM32F4xx_HAL_Driver/Src/stm32f4xx_hal_pcd.c **** {
 3727              		.loc 1 2041 1
 3728              		.cfi_startproc
 3729              		@ args = 0, pretend = 0, frame = 16
 3730              		@ frame_needed = 1, uses_anonymous_args = 0
 3731 0000 80B5     		push	{r7, lr}
 3732              	.LCFI160:
 3733              		.cfi_def_cfa_offset 8
 3734              		.cfi_offset 7, -8
 3735              		.cfi_offset 14, -4
 3736 0002 84B0     		sub	sp, sp, #16
 3737              	.LCFI161:
 3738              		.cfi_def_cfa_offset 24
 3739 0004 00AF     		add	r7, sp, #0
 3740              	.LCFI162:
 3741              		.cfi_def_cfa_register 7
 3742 0006 7860     		str	r0, [r7, #4]
 3743 0008 0B46     		mov	r3, r1
 3744 000a FB70     		strb	r3, [r7, #3]
ARM GAS  /tmp/ccuGCwmi.s 			page 102


2042:Drivers/STM32F4xx_HAL_Driver/Src/stm32f4xx_hal_pcd.c ****   HAL_StatusTypeDef ret;
2043:Drivers/STM32F4xx_HAL_Driver/Src/stm32f4xx_hal_pcd.c ****   PCD_EPTypeDef *ep;
2044:Drivers/STM32F4xx_HAL_Driver/Src/stm32f4xx_hal_pcd.c **** 
2045:Drivers/STM32F4xx_HAL_Driver/Src/stm32f4xx_hal_pcd.c ****   if ((0x80U & ep_addr) == 0x80U)
 3745              		.loc 1 2045 25
 3746 000c 97F90330 		ldrsb	r3, [r7, #3]
 3747              		.loc 1 2045 6
 3748 0010 002B     		cmp	r3, #0
 3749 0012 0CDA     		bge	.L146
2046:Drivers/STM32F4xx_HAL_Driver/Src/stm32f4xx_hal_pcd.c ****   {
2047:Drivers/STM32F4xx_HAL_Driver/Src/stm32f4xx_hal_pcd.c ****     ep = &hpcd->IN_ep[ep_addr & EP_ADDR_MSK];
 3750              		.loc 1 2047 31
 3751 0014 FB78     		ldrb	r3, [r7, #3]	@ zero_extendqisi2
 3752 0016 03F00F02 		and	r2, r3, #15
 3753              		.loc 1 2047 8
 3754 001a 1346     		mov	r3, r2
 3755 001c DB00     		lsls	r3, r3, #3
 3756 001e 1344     		add	r3, r3, r2
 3757 0020 9B00     		lsls	r3, r3, #2
 3758 0022 1033     		adds	r3, r3, #16
 3759 0024 7A68     		ldr	r2, [r7, #4]
 3760 0026 1344     		add	r3, r3, r2
 3761 0028 0433     		adds	r3, r3, #4
 3762 002a FB60     		str	r3, [r7, #12]
 3763 002c 0CE0     		b	.L147
 3764              	.L146:
2048:Drivers/STM32F4xx_HAL_Driver/Src/stm32f4xx_hal_pcd.c ****   }
2049:Drivers/STM32F4xx_HAL_Driver/Src/stm32f4xx_hal_pcd.c ****   else
2050:Drivers/STM32F4xx_HAL_Driver/Src/stm32f4xx_hal_pcd.c ****   {
2051:Drivers/STM32F4xx_HAL_Driver/Src/stm32f4xx_hal_pcd.c ****     ep = &hpcd->OUT_ep[ep_addr & EP_ADDR_MSK];
 3765              		.loc 1 2051 32
 3766 002e FB78     		ldrb	r3, [r7, #3]	@ zero_extendqisi2
 3767 0030 03F00F02 		and	r2, r3, #15
 3768              		.loc 1 2051 8
 3769 0034 1346     		mov	r3, r2
 3770 0036 DB00     		lsls	r3, r3, #3
 3771 0038 1344     		add	r3, r3, r2
 3772 003a 9B00     		lsls	r3, r3, #2
 3773 003c 03F51473 		add	r3, r3, #592
 3774 0040 7A68     		ldr	r2, [r7, #4]
 3775 0042 1344     		add	r3, r3, r2
 3776 0044 0433     		adds	r3, r3, #4
 3777 0046 FB60     		str	r3, [r7, #12]
 3778              	.L147:
2052:Drivers/STM32F4xx_HAL_Driver/Src/stm32f4xx_hal_pcd.c ****   }
2053:Drivers/STM32F4xx_HAL_Driver/Src/stm32f4xx_hal_pcd.c **** 
2054:Drivers/STM32F4xx_HAL_Driver/Src/stm32f4xx_hal_pcd.c ****   /* Stop Xfer */
2055:Drivers/STM32F4xx_HAL_Driver/Src/stm32f4xx_hal_pcd.c ****   ret = USB_EPStopXfer(hpcd->Instance, ep);
 3779              		.loc 1 2055 28
 3780 0048 7B68     		ldr	r3, [r7, #4]
 3781 004a 1B68     		ldr	r3, [r3]
 3782              		.loc 1 2055 9
 3783 004c F968     		ldr	r1, [r7, #12]
 3784 004e 1846     		mov	r0, r3
 3785 0050 FFF7FEFF 		bl	USB_EPStopXfer
 3786 0054 0346     		mov	r3, r0
 3787 0056 FB72     		strb	r3, [r7, #11]
ARM GAS  /tmp/ccuGCwmi.s 			page 103


2056:Drivers/STM32F4xx_HAL_Driver/Src/stm32f4xx_hal_pcd.c **** 
2057:Drivers/STM32F4xx_HAL_Driver/Src/stm32f4xx_hal_pcd.c ****   return ret;
 3788              		.loc 1 2057 10
 3789 0058 FB7A     		ldrb	r3, [r7, #11]	@ zero_extendqisi2
2058:Drivers/STM32F4xx_HAL_Driver/Src/stm32f4xx_hal_pcd.c **** }
 3790              		.loc 1 2058 1
 3791 005a 1846     		mov	r0, r3
 3792 005c 1037     		adds	r7, r7, #16
 3793              	.LCFI163:
 3794              		.cfi_def_cfa_offset 8
 3795 005e BD46     		mov	sp, r7
 3796              	.LCFI164:
 3797              		.cfi_def_cfa_register 13
 3798              		@ sp needed
 3799 0060 80BD     		pop	{r7, pc}
 3800              		.cfi_endproc
 3801              	.LFE249:
 3803              		.section	.text.HAL_PCD_EP_Flush,"ax",%progbits
 3804              		.align	1
 3805              		.global	HAL_PCD_EP_Flush
 3806              		.syntax unified
 3807              		.thumb
 3808              		.thumb_func
 3810              	HAL_PCD_EP_Flush:
 3811              	.LFB250:
2059:Drivers/STM32F4xx_HAL_Driver/Src/stm32f4xx_hal_pcd.c **** 
2060:Drivers/STM32F4xx_HAL_Driver/Src/stm32f4xx_hal_pcd.c **** /**
2061:Drivers/STM32F4xx_HAL_Driver/Src/stm32f4xx_hal_pcd.c ****   * @brief  Flush an endpoint
2062:Drivers/STM32F4xx_HAL_Driver/Src/stm32f4xx_hal_pcd.c ****   * @param  hpcd PCD handle
2063:Drivers/STM32F4xx_HAL_Driver/Src/stm32f4xx_hal_pcd.c ****   * @param  ep_addr endpoint address
2064:Drivers/STM32F4xx_HAL_Driver/Src/stm32f4xx_hal_pcd.c ****   * @retval HAL status
2065:Drivers/STM32F4xx_HAL_Driver/Src/stm32f4xx_hal_pcd.c ****   */
2066:Drivers/STM32F4xx_HAL_Driver/Src/stm32f4xx_hal_pcd.c **** HAL_StatusTypeDef HAL_PCD_EP_Flush(PCD_HandleTypeDef *hpcd, uint8_t ep_addr)
2067:Drivers/STM32F4xx_HAL_Driver/Src/stm32f4xx_hal_pcd.c **** {
 3812              		.loc 1 2067 1
 3813              		.cfi_startproc
 3814              		@ args = 0, pretend = 0, frame = 8
 3815              		@ frame_needed = 1, uses_anonymous_args = 0
 3816 0000 80B5     		push	{r7, lr}
 3817              	.LCFI165:
 3818              		.cfi_def_cfa_offset 8
 3819              		.cfi_offset 7, -8
 3820              		.cfi_offset 14, -4
 3821 0002 82B0     		sub	sp, sp, #8
 3822              	.LCFI166:
 3823              		.cfi_def_cfa_offset 16
 3824 0004 00AF     		add	r7, sp, #0
 3825              	.LCFI167:
 3826              		.cfi_def_cfa_register 7
 3827 0006 7860     		str	r0, [r7, #4]
 3828 0008 0B46     		mov	r3, r1
 3829 000a FB70     		strb	r3, [r7, #3]
2068:Drivers/STM32F4xx_HAL_Driver/Src/stm32f4xx_hal_pcd.c ****   __HAL_LOCK(hpcd);
 3830              		.loc 1 2068 3
 3831 000c 7B68     		ldr	r3, [r7, #4]
 3832 000e 93F89434 		ldrb	r3, [r3, #1172]	@ zero_extendqisi2
 3833 0012 012B     		cmp	r3, #1
ARM GAS  /tmp/ccuGCwmi.s 			page 104


 3834 0014 01D1     		bne	.L150
 3835              		.loc 1 2068 3 is_stmt 0 discriminator 1
 3836 0016 0223     		movs	r3, #2
 3837              		.loc 1 2068 3
 3838 0018 1BE0     		b	.L151
 3839              	.L150:
 3840              		.loc 1 2068 3 discriminator 2
 3841 001a 7B68     		ldr	r3, [r7, #4]
 3842 001c 0122     		movs	r2, #1
 3843 001e 83F89424 		strb	r2, [r3, #1172]
2069:Drivers/STM32F4xx_HAL_Driver/Src/stm32f4xx_hal_pcd.c **** 
2070:Drivers/STM32F4xx_HAL_Driver/Src/stm32f4xx_hal_pcd.c ****   if ((ep_addr & 0x80U) == 0x80U)
 3844              		.loc 1 2070 25 is_stmt 1
 3845 0022 97F90330 		ldrsb	r3, [r7, #3]
 3846              		.loc 1 2070 6
 3847 0026 002B     		cmp	r3, #0
 3848 0028 09DA     		bge	.L152
2071:Drivers/STM32F4xx_HAL_Driver/Src/stm32f4xx_hal_pcd.c ****   {
2072:Drivers/STM32F4xx_HAL_Driver/Src/stm32f4xx_hal_pcd.c ****     (void)USB_FlushTxFifo(hpcd->Instance, (uint32_t)ep_addr & EP_ADDR_MSK);
 3849              		.loc 1 2072 31
 3850 002a 7B68     		ldr	r3, [r7, #4]
 3851 002c 1A68     		ldr	r2, [r3]
 3852              		.loc 1 2072 61
 3853 002e FB78     		ldrb	r3, [r7, #3]	@ zero_extendqisi2
 3854              		.loc 1 2072 11
 3855 0030 03F00F03 		and	r3, r3, #15
 3856 0034 1946     		mov	r1, r3
 3857 0036 1046     		mov	r0, r2
 3858 0038 FFF7FEFF 		bl	USB_FlushTxFifo
 3859 003c 04E0     		b	.L153
 3860              	.L152:
2073:Drivers/STM32F4xx_HAL_Driver/Src/stm32f4xx_hal_pcd.c ****   }
2074:Drivers/STM32F4xx_HAL_Driver/Src/stm32f4xx_hal_pcd.c ****   else
2075:Drivers/STM32F4xx_HAL_Driver/Src/stm32f4xx_hal_pcd.c ****   {
2076:Drivers/STM32F4xx_HAL_Driver/Src/stm32f4xx_hal_pcd.c ****     (void)USB_FlushRxFifo(hpcd->Instance);
 3861              		.loc 1 2076 31
 3862 003e 7B68     		ldr	r3, [r7, #4]
 3863 0040 1B68     		ldr	r3, [r3]
 3864              		.loc 1 2076 11
 3865 0042 1846     		mov	r0, r3
 3866 0044 FFF7FEFF 		bl	USB_FlushRxFifo
 3867              	.L153:
2077:Drivers/STM32F4xx_HAL_Driver/Src/stm32f4xx_hal_pcd.c ****   }
2078:Drivers/STM32F4xx_HAL_Driver/Src/stm32f4xx_hal_pcd.c **** 
2079:Drivers/STM32F4xx_HAL_Driver/Src/stm32f4xx_hal_pcd.c ****   __HAL_UNLOCK(hpcd);
 3868              		.loc 1 2079 3
 3869 0048 7B68     		ldr	r3, [r7, #4]
 3870 004a 0022     		movs	r2, #0
 3871 004c 83F89424 		strb	r2, [r3, #1172]
2080:Drivers/STM32F4xx_HAL_Driver/Src/stm32f4xx_hal_pcd.c **** 
2081:Drivers/STM32F4xx_HAL_Driver/Src/stm32f4xx_hal_pcd.c ****   return HAL_OK;
 3872              		.loc 1 2081 10
 3873 0050 0023     		movs	r3, #0
 3874              	.L151:
2082:Drivers/STM32F4xx_HAL_Driver/Src/stm32f4xx_hal_pcd.c **** }
 3875              		.loc 1 2082 1
 3876 0052 1846     		mov	r0, r3
ARM GAS  /tmp/ccuGCwmi.s 			page 105


 3877 0054 0837     		adds	r7, r7, #8
 3878              	.LCFI168:
 3879              		.cfi_def_cfa_offset 8
 3880 0056 BD46     		mov	sp, r7
 3881              	.LCFI169:
 3882              		.cfi_def_cfa_register 13
 3883              		@ sp needed
 3884 0058 80BD     		pop	{r7, pc}
 3885              		.cfi_endproc
 3886              	.LFE250:
 3888              		.section	.text.HAL_PCD_ActivateRemoteWakeup,"ax",%progbits
 3889              		.align	1
 3890              		.global	HAL_PCD_ActivateRemoteWakeup
 3891              		.syntax unified
 3892              		.thumb
 3893              		.thumb_func
 3895              	HAL_PCD_ActivateRemoteWakeup:
 3896              	.LFB251:
2083:Drivers/STM32F4xx_HAL_Driver/Src/stm32f4xx_hal_pcd.c **** 
2084:Drivers/STM32F4xx_HAL_Driver/Src/stm32f4xx_hal_pcd.c **** /**
2085:Drivers/STM32F4xx_HAL_Driver/Src/stm32f4xx_hal_pcd.c ****   * @brief  Activate remote wakeup signalling
2086:Drivers/STM32F4xx_HAL_Driver/Src/stm32f4xx_hal_pcd.c ****   * @param  hpcd PCD handle
2087:Drivers/STM32F4xx_HAL_Driver/Src/stm32f4xx_hal_pcd.c ****   * @retval HAL status
2088:Drivers/STM32F4xx_HAL_Driver/Src/stm32f4xx_hal_pcd.c ****   */
2089:Drivers/STM32F4xx_HAL_Driver/Src/stm32f4xx_hal_pcd.c **** HAL_StatusTypeDef HAL_PCD_ActivateRemoteWakeup(PCD_HandleTypeDef *hpcd)
2090:Drivers/STM32F4xx_HAL_Driver/Src/stm32f4xx_hal_pcd.c **** {
 3897              		.loc 1 2090 1
 3898              		.cfi_startproc
 3899              		@ args = 0, pretend = 0, frame = 8
 3900              		@ frame_needed = 1, uses_anonymous_args = 0
 3901 0000 80B5     		push	{r7, lr}
 3902              	.LCFI170:
 3903              		.cfi_def_cfa_offset 8
 3904              		.cfi_offset 7, -8
 3905              		.cfi_offset 14, -4
 3906 0002 82B0     		sub	sp, sp, #8
 3907              	.LCFI171:
 3908              		.cfi_def_cfa_offset 16
 3909 0004 00AF     		add	r7, sp, #0
 3910              	.LCFI172:
 3911              		.cfi_def_cfa_register 7
 3912 0006 7860     		str	r0, [r7, #4]
2091:Drivers/STM32F4xx_HAL_Driver/Src/stm32f4xx_hal_pcd.c ****   return (USB_ActivateRemoteWakeup(hpcd->Instance));
 3913              		.loc 1 2091 40
 3914 0008 7B68     		ldr	r3, [r7, #4]
 3915 000a 1B68     		ldr	r3, [r3]
 3916              		.loc 1 2091 11
 3917 000c 1846     		mov	r0, r3
 3918 000e FFF7FEFF 		bl	USB_ActivateRemoteWakeup
 3919 0012 0346     		mov	r3, r0
2092:Drivers/STM32F4xx_HAL_Driver/Src/stm32f4xx_hal_pcd.c **** }
 3920              		.loc 1 2092 1
 3921 0014 1846     		mov	r0, r3
 3922 0016 0837     		adds	r7, r7, #8
 3923              	.LCFI173:
 3924              		.cfi_def_cfa_offset 8
 3925 0018 BD46     		mov	sp, r7
ARM GAS  /tmp/ccuGCwmi.s 			page 106


 3926              	.LCFI174:
 3927              		.cfi_def_cfa_register 13
 3928              		@ sp needed
 3929 001a 80BD     		pop	{r7, pc}
 3930              		.cfi_endproc
 3931              	.LFE251:
 3933              		.section	.text.HAL_PCD_DeActivateRemoteWakeup,"ax",%progbits
 3934              		.align	1
 3935              		.global	HAL_PCD_DeActivateRemoteWakeup
 3936              		.syntax unified
 3937              		.thumb
 3938              		.thumb_func
 3940              	HAL_PCD_DeActivateRemoteWakeup:
 3941              	.LFB252:
2093:Drivers/STM32F4xx_HAL_Driver/Src/stm32f4xx_hal_pcd.c **** 
2094:Drivers/STM32F4xx_HAL_Driver/Src/stm32f4xx_hal_pcd.c **** /**
2095:Drivers/STM32F4xx_HAL_Driver/Src/stm32f4xx_hal_pcd.c ****   * @brief  De-activate remote wakeup signalling.
2096:Drivers/STM32F4xx_HAL_Driver/Src/stm32f4xx_hal_pcd.c ****   * @param  hpcd PCD handle
2097:Drivers/STM32F4xx_HAL_Driver/Src/stm32f4xx_hal_pcd.c ****   * @retval HAL status
2098:Drivers/STM32F4xx_HAL_Driver/Src/stm32f4xx_hal_pcd.c ****   */
2099:Drivers/STM32F4xx_HAL_Driver/Src/stm32f4xx_hal_pcd.c **** HAL_StatusTypeDef HAL_PCD_DeActivateRemoteWakeup(PCD_HandleTypeDef *hpcd)
2100:Drivers/STM32F4xx_HAL_Driver/Src/stm32f4xx_hal_pcd.c **** {
 3942              		.loc 1 2100 1
 3943              		.cfi_startproc
 3944              		@ args = 0, pretend = 0, frame = 8
 3945              		@ frame_needed = 1, uses_anonymous_args = 0
 3946 0000 80B5     		push	{r7, lr}
 3947              	.LCFI175:
 3948              		.cfi_def_cfa_offset 8
 3949              		.cfi_offset 7, -8
 3950              		.cfi_offset 14, -4
 3951 0002 82B0     		sub	sp, sp, #8
 3952              	.LCFI176:
 3953              		.cfi_def_cfa_offset 16
 3954 0004 00AF     		add	r7, sp, #0
 3955              	.LCFI177:
 3956              		.cfi_def_cfa_register 7
 3957 0006 7860     		str	r0, [r7, #4]
2101:Drivers/STM32F4xx_HAL_Driver/Src/stm32f4xx_hal_pcd.c ****   return (USB_DeActivateRemoteWakeup(hpcd->Instance));
 3958              		.loc 1 2101 42
 3959 0008 7B68     		ldr	r3, [r7, #4]
 3960 000a 1B68     		ldr	r3, [r3]
 3961              		.loc 1 2101 11
 3962 000c 1846     		mov	r0, r3
 3963 000e FFF7FEFF 		bl	USB_DeActivateRemoteWakeup
 3964 0012 0346     		mov	r3, r0
2102:Drivers/STM32F4xx_HAL_Driver/Src/stm32f4xx_hal_pcd.c **** }
 3965              		.loc 1 2102 1
 3966 0014 1846     		mov	r0, r3
 3967 0016 0837     		adds	r7, r7, #8
 3968              	.LCFI178:
 3969              		.cfi_def_cfa_offset 8
 3970 0018 BD46     		mov	sp, r7
 3971              	.LCFI179:
 3972              		.cfi_def_cfa_register 13
 3973              		@ sp needed
 3974 001a 80BD     		pop	{r7, pc}
ARM GAS  /tmp/ccuGCwmi.s 			page 107


 3975              		.cfi_endproc
 3976              	.LFE252:
 3978              		.section	.text.HAL_PCD_GetState,"ax",%progbits
 3979              		.align	1
 3980              		.global	HAL_PCD_GetState
 3981              		.syntax unified
 3982              		.thumb
 3983              		.thumb_func
 3985              	HAL_PCD_GetState:
 3986              	.LFB253:
2103:Drivers/STM32F4xx_HAL_Driver/Src/stm32f4xx_hal_pcd.c **** 
2104:Drivers/STM32F4xx_HAL_Driver/Src/stm32f4xx_hal_pcd.c **** /**
2105:Drivers/STM32F4xx_HAL_Driver/Src/stm32f4xx_hal_pcd.c ****   * @}
2106:Drivers/STM32F4xx_HAL_Driver/Src/stm32f4xx_hal_pcd.c ****   */
2107:Drivers/STM32F4xx_HAL_Driver/Src/stm32f4xx_hal_pcd.c **** 
2108:Drivers/STM32F4xx_HAL_Driver/Src/stm32f4xx_hal_pcd.c **** /** @defgroup PCD_Exported_Functions_Group4 Peripheral State functions
2109:Drivers/STM32F4xx_HAL_Driver/Src/stm32f4xx_hal_pcd.c ****   *  @brief   Peripheral State functions
2110:Drivers/STM32F4xx_HAL_Driver/Src/stm32f4xx_hal_pcd.c ****   *
2111:Drivers/STM32F4xx_HAL_Driver/Src/stm32f4xx_hal_pcd.c **** @verbatim
2112:Drivers/STM32F4xx_HAL_Driver/Src/stm32f4xx_hal_pcd.c ****  ===============================================================================
2113:Drivers/STM32F4xx_HAL_Driver/Src/stm32f4xx_hal_pcd.c ****                       ##### Peripheral State functions #####
2114:Drivers/STM32F4xx_HAL_Driver/Src/stm32f4xx_hal_pcd.c ****  ===============================================================================
2115:Drivers/STM32F4xx_HAL_Driver/Src/stm32f4xx_hal_pcd.c ****     [..]
2116:Drivers/STM32F4xx_HAL_Driver/Src/stm32f4xx_hal_pcd.c ****     This subsection permits to get in run-time the status of the peripheral
2117:Drivers/STM32F4xx_HAL_Driver/Src/stm32f4xx_hal_pcd.c ****     and the data flow.
2118:Drivers/STM32F4xx_HAL_Driver/Src/stm32f4xx_hal_pcd.c **** 
2119:Drivers/STM32F4xx_HAL_Driver/Src/stm32f4xx_hal_pcd.c **** @endverbatim
2120:Drivers/STM32F4xx_HAL_Driver/Src/stm32f4xx_hal_pcd.c ****   * @{
2121:Drivers/STM32F4xx_HAL_Driver/Src/stm32f4xx_hal_pcd.c ****   */
2122:Drivers/STM32F4xx_HAL_Driver/Src/stm32f4xx_hal_pcd.c **** 
2123:Drivers/STM32F4xx_HAL_Driver/Src/stm32f4xx_hal_pcd.c **** /**
2124:Drivers/STM32F4xx_HAL_Driver/Src/stm32f4xx_hal_pcd.c ****   * @brief  Return the PCD handle state.
2125:Drivers/STM32F4xx_HAL_Driver/Src/stm32f4xx_hal_pcd.c ****   * @param  hpcd PCD handle
2126:Drivers/STM32F4xx_HAL_Driver/Src/stm32f4xx_hal_pcd.c ****   * @retval HAL state
2127:Drivers/STM32F4xx_HAL_Driver/Src/stm32f4xx_hal_pcd.c ****   */
2128:Drivers/STM32F4xx_HAL_Driver/Src/stm32f4xx_hal_pcd.c **** PCD_StateTypeDef HAL_PCD_GetState(PCD_HandleTypeDef const *hpcd)
2129:Drivers/STM32F4xx_HAL_Driver/Src/stm32f4xx_hal_pcd.c **** {
 3987              		.loc 1 2129 1
 3988              		.cfi_startproc
 3989              		@ args = 0, pretend = 0, frame = 8
 3990              		@ frame_needed = 1, uses_anonymous_args = 0
 3991              		@ link register save eliminated.
 3992 0000 80B4     		push	{r7}
 3993              	.LCFI180:
 3994              		.cfi_def_cfa_offset 4
 3995              		.cfi_offset 7, -4
 3996 0002 83B0     		sub	sp, sp, #12
 3997              	.LCFI181:
 3998              		.cfi_def_cfa_offset 16
 3999 0004 00AF     		add	r7, sp, #0
 4000              	.LCFI182:
 4001              		.cfi_def_cfa_register 7
 4002 0006 7860     		str	r0, [r7, #4]
2130:Drivers/STM32F4xx_HAL_Driver/Src/stm32f4xx_hal_pcd.c ****   return hpcd->State;
 4003              		.loc 1 2130 14
 4004 0008 7B68     		ldr	r3, [r7, #4]
 4005 000a 93F89534 		ldrb	r3, [r3, #1173]
ARM GAS  /tmp/ccuGCwmi.s 			page 108


 4006 000e DBB2     		uxtb	r3, r3
2131:Drivers/STM32F4xx_HAL_Driver/Src/stm32f4xx_hal_pcd.c **** }
 4007              		.loc 1 2131 1
 4008 0010 1846     		mov	r0, r3
 4009 0012 0C37     		adds	r7, r7, #12
 4010              	.LCFI183:
 4011              		.cfi_def_cfa_offset 4
 4012 0014 BD46     		mov	sp, r7
 4013              	.LCFI184:
 4014              		.cfi_def_cfa_register 13
 4015              		@ sp needed
 4016 0016 80BC     		pop	{r7}
 4017              	.LCFI185:
 4018              		.cfi_restore 7
 4019              		.cfi_def_cfa_offset 0
 4020 0018 7047     		bx	lr
 4021              		.cfi_endproc
 4022              	.LFE253:
 4024              		.section	.text.HAL_PCD_SetTestMode,"ax",%progbits
 4025              		.align	1
 4026              		.global	HAL_PCD_SetTestMode
 4027              		.syntax unified
 4028              		.thumb
 4029              		.thumb_func
 4031              	HAL_PCD_SetTestMode:
 4032              	.LFB254:
2132:Drivers/STM32F4xx_HAL_Driver/Src/stm32f4xx_hal_pcd.c **** 
2133:Drivers/STM32F4xx_HAL_Driver/Src/stm32f4xx_hal_pcd.c **** #if defined (USB_OTG_FS) || defined (USB_OTG_HS)
2134:Drivers/STM32F4xx_HAL_Driver/Src/stm32f4xx_hal_pcd.c **** /**
2135:Drivers/STM32F4xx_HAL_Driver/Src/stm32f4xx_hal_pcd.c ****   * @brief  Set the USB Device high speed test mode.
2136:Drivers/STM32F4xx_HAL_Driver/Src/stm32f4xx_hal_pcd.c ****   * @param  hpcd PCD handle
2137:Drivers/STM32F4xx_HAL_Driver/Src/stm32f4xx_hal_pcd.c ****   * @param  testmode USB Device high speed test mode
2138:Drivers/STM32F4xx_HAL_Driver/Src/stm32f4xx_hal_pcd.c ****   * @retval HAL status
2139:Drivers/STM32F4xx_HAL_Driver/Src/stm32f4xx_hal_pcd.c ****   */
2140:Drivers/STM32F4xx_HAL_Driver/Src/stm32f4xx_hal_pcd.c **** HAL_StatusTypeDef HAL_PCD_SetTestMode(const PCD_HandleTypeDef *hpcd, uint8_t testmode)
2141:Drivers/STM32F4xx_HAL_Driver/Src/stm32f4xx_hal_pcd.c **** {
 4033              		.loc 1 2141 1
 4034              		.cfi_startproc
 4035              		@ args = 0, pretend = 0, frame = 16
 4036              		@ frame_needed = 1, uses_anonymous_args = 0
 4037              		@ link register save eliminated.
 4038 0000 80B4     		push	{r7}
 4039              	.LCFI186:
 4040              		.cfi_def_cfa_offset 4
 4041              		.cfi_offset 7, -4
 4042 0002 85B0     		sub	sp, sp, #20
 4043              	.LCFI187:
 4044              		.cfi_def_cfa_offset 24
 4045 0004 00AF     		add	r7, sp, #0
 4046              	.LCFI188:
 4047              		.cfi_def_cfa_register 7
 4048 0006 7860     		str	r0, [r7, #4]
 4049 0008 0B46     		mov	r3, r1
 4050 000a FB70     		strb	r3, [r7, #3]
2142:Drivers/STM32F4xx_HAL_Driver/Src/stm32f4xx_hal_pcd.c ****   const USB_OTG_GlobalTypeDef *USBx = hpcd->Instance;
 4051              		.loc 1 2142 32
 4052 000c 7B68     		ldr	r3, [r7, #4]
ARM GAS  /tmp/ccuGCwmi.s 			page 109


 4053 000e 1B68     		ldr	r3, [r3]
 4054 0010 FB60     		str	r3, [r7, #12]
2143:Drivers/STM32F4xx_HAL_Driver/Src/stm32f4xx_hal_pcd.c ****   uint32_t USBx_BASE = (uint32_t)USBx;
 4055              		.loc 1 2143 12
 4056 0012 FB68     		ldr	r3, [r7, #12]
 4057 0014 BB60     		str	r3, [r7, #8]
2144:Drivers/STM32F4xx_HAL_Driver/Src/stm32f4xx_hal_pcd.c **** 
2145:Drivers/STM32F4xx_HAL_Driver/Src/stm32f4xx_hal_pcd.c ****   switch (testmode)
 4058              		.loc 1 2145 3
 4059 0016 FB78     		ldrb	r3, [r7, #3]	@ zero_extendqisi2
 4060 0018 013B     		subs	r3, r3, #1
 4061 001a 042B     		cmp	r3, #4
 4062 001c 0BD8     		bhi	.L164
2146:Drivers/STM32F4xx_HAL_Driver/Src/stm32f4xx_hal_pcd.c ****   {
2147:Drivers/STM32F4xx_HAL_Driver/Src/stm32f4xx_hal_pcd.c ****     case TEST_J:
2148:Drivers/STM32F4xx_HAL_Driver/Src/stm32f4xx_hal_pcd.c ****     case TEST_K:
2149:Drivers/STM32F4xx_HAL_Driver/Src/stm32f4xx_hal_pcd.c ****     case TEST_SE0_NAK:
2150:Drivers/STM32F4xx_HAL_Driver/Src/stm32f4xx_hal_pcd.c ****     case TEST_PACKET:
2151:Drivers/STM32F4xx_HAL_Driver/Src/stm32f4xx_hal_pcd.c ****     case TEST_FORCE_EN:
2152:Drivers/STM32F4xx_HAL_Driver/Src/stm32f4xx_hal_pcd.c ****       USBx_DEVICE->DCTL |= (uint32_t)testmode << 4;
 4063              		.loc 1 2152 18
 4064 001e BB68     		ldr	r3, [r7, #8]
 4065 0020 03F50063 		add	r3, r3, #2048
 4066 0024 5A68     		ldr	r2, [r3, #4]
 4067              		.loc 1 2152 28
 4068 0026 FB78     		ldrb	r3, [r7, #3]	@ zero_extendqisi2
 4069              		.loc 1 2152 47
 4070 0028 1B01     		lsls	r3, r3, #4
 4071              		.loc 1 2152 18
 4072 002a B968     		ldr	r1, [r7, #8]
 4073 002c 01F50061 		add	r1, r1, #2048
 4074              		.loc 1 2152 25
 4075 0030 1343     		orrs	r3, r3, r2
 4076 0032 4B60     		str	r3, [r1, #4]
2153:Drivers/STM32F4xx_HAL_Driver/Src/stm32f4xx_hal_pcd.c ****       break;
 4077              		.loc 1 2153 7
 4078 0034 00E0     		b	.L162
 4079              	.L164:
2154:Drivers/STM32F4xx_HAL_Driver/Src/stm32f4xx_hal_pcd.c **** 
2155:Drivers/STM32F4xx_HAL_Driver/Src/stm32f4xx_hal_pcd.c ****     default:
2156:Drivers/STM32F4xx_HAL_Driver/Src/stm32f4xx_hal_pcd.c ****       break;
 4080              		.loc 1 2156 7
 4081 0036 00BF     		nop
 4082              	.L162:
2157:Drivers/STM32F4xx_HAL_Driver/Src/stm32f4xx_hal_pcd.c ****   }
2158:Drivers/STM32F4xx_HAL_Driver/Src/stm32f4xx_hal_pcd.c **** 
2159:Drivers/STM32F4xx_HAL_Driver/Src/stm32f4xx_hal_pcd.c ****   return HAL_OK;
 4083              		.loc 1 2159 10
 4084 0038 0023     		movs	r3, #0
2160:Drivers/STM32F4xx_HAL_Driver/Src/stm32f4xx_hal_pcd.c **** }
 4085              		.loc 1 2160 1
 4086 003a 1846     		mov	r0, r3
 4087 003c 1437     		adds	r7, r7, #20
 4088              	.LCFI189:
 4089              		.cfi_def_cfa_offset 4
 4090 003e BD46     		mov	sp, r7
 4091              	.LCFI190:
ARM GAS  /tmp/ccuGCwmi.s 			page 110


 4092              		.cfi_def_cfa_register 13
 4093              		@ sp needed
 4094 0040 80BC     		pop	{r7}
 4095              	.LCFI191:
 4096              		.cfi_restore 7
 4097              		.cfi_def_cfa_offset 0
 4098 0042 7047     		bx	lr
 4099              		.cfi_endproc
 4100              	.LFE254:
 4102              		.section	.text.PCD_WriteEmptyTxFifo,"ax",%progbits
 4103              		.align	1
 4104              		.syntax unified
 4105              		.thumb
 4106              		.thumb_func
 4108              	PCD_WriteEmptyTxFifo:
 4109              	.LFB255:
2161:Drivers/STM32F4xx_HAL_Driver/Src/stm32f4xx_hal_pcd.c **** #endif /* defined (USB_OTG_FS) || defined (USB_OTG_HS) */
2162:Drivers/STM32F4xx_HAL_Driver/Src/stm32f4xx_hal_pcd.c **** /**
2163:Drivers/STM32F4xx_HAL_Driver/Src/stm32f4xx_hal_pcd.c ****   * @}
2164:Drivers/STM32F4xx_HAL_Driver/Src/stm32f4xx_hal_pcd.c ****   */
2165:Drivers/STM32F4xx_HAL_Driver/Src/stm32f4xx_hal_pcd.c **** 
2166:Drivers/STM32F4xx_HAL_Driver/Src/stm32f4xx_hal_pcd.c **** /**
2167:Drivers/STM32F4xx_HAL_Driver/Src/stm32f4xx_hal_pcd.c ****   * @}
2168:Drivers/STM32F4xx_HAL_Driver/Src/stm32f4xx_hal_pcd.c ****   */
2169:Drivers/STM32F4xx_HAL_Driver/Src/stm32f4xx_hal_pcd.c **** 
2170:Drivers/STM32F4xx_HAL_Driver/Src/stm32f4xx_hal_pcd.c **** /* Private functions ---------------------------------------------------------*/
2171:Drivers/STM32F4xx_HAL_Driver/Src/stm32f4xx_hal_pcd.c **** /** @addtogroup PCD_Private_Functions
2172:Drivers/STM32F4xx_HAL_Driver/Src/stm32f4xx_hal_pcd.c ****   * @{
2173:Drivers/STM32F4xx_HAL_Driver/Src/stm32f4xx_hal_pcd.c ****   */
2174:Drivers/STM32F4xx_HAL_Driver/Src/stm32f4xx_hal_pcd.c **** #if defined (USB_OTG_FS) || defined (USB_OTG_HS)
2175:Drivers/STM32F4xx_HAL_Driver/Src/stm32f4xx_hal_pcd.c **** /**
2176:Drivers/STM32F4xx_HAL_Driver/Src/stm32f4xx_hal_pcd.c ****   * @brief  Check FIFO for the next packet to be loaded.
2177:Drivers/STM32F4xx_HAL_Driver/Src/stm32f4xx_hal_pcd.c ****   * @param  hpcd PCD handle
2178:Drivers/STM32F4xx_HAL_Driver/Src/stm32f4xx_hal_pcd.c ****   * @param  epnum endpoint number
2179:Drivers/STM32F4xx_HAL_Driver/Src/stm32f4xx_hal_pcd.c ****   * @retval HAL status
2180:Drivers/STM32F4xx_HAL_Driver/Src/stm32f4xx_hal_pcd.c ****   */
2181:Drivers/STM32F4xx_HAL_Driver/Src/stm32f4xx_hal_pcd.c **** static HAL_StatusTypeDef PCD_WriteEmptyTxFifo(PCD_HandleTypeDef *hpcd, uint32_t epnum)
2182:Drivers/STM32F4xx_HAL_Driver/Src/stm32f4xx_hal_pcd.c **** {
 4110              		.loc 1 2182 1
 4111              		.cfi_startproc
 4112              		@ args = 0, pretend = 0, frame = 32
 4113              		@ frame_needed = 1, uses_anonymous_args = 0
 4114 0000 80B5     		push	{r7, lr}
 4115              	.LCFI192:
 4116              		.cfi_def_cfa_offset 8
 4117              		.cfi_offset 7, -8
 4118              		.cfi_offset 14, -4
 4119 0002 8AB0     		sub	sp, sp, #40
 4120              	.LCFI193:
 4121              		.cfi_def_cfa_offset 48
 4122 0004 02AF     		add	r7, sp, #8
 4123              	.LCFI194:
 4124              		.cfi_def_cfa 7, 40
 4125 0006 7860     		str	r0, [r7, #4]
 4126 0008 3960     		str	r1, [r7]
2183:Drivers/STM32F4xx_HAL_Driver/Src/stm32f4xx_hal_pcd.c ****   USB_OTG_GlobalTypeDef *USBx = hpcd->Instance;
 4127              		.loc 1 2183 26
ARM GAS  /tmp/ccuGCwmi.s 			page 111


 4128 000a 7B68     		ldr	r3, [r7, #4]
 4129 000c 1B68     		ldr	r3, [r3]
 4130 000e 7B61     		str	r3, [r7, #20]
2184:Drivers/STM32F4xx_HAL_Driver/Src/stm32f4xx_hal_pcd.c ****   uint32_t USBx_BASE = (uint32_t)USBx;
 4131              		.loc 1 2184 12
 4132 0010 7B69     		ldr	r3, [r7, #20]
 4133 0012 3B61     		str	r3, [r7, #16]
2185:Drivers/STM32F4xx_HAL_Driver/Src/stm32f4xx_hal_pcd.c ****   USB_OTG_EPTypeDef *ep;
2186:Drivers/STM32F4xx_HAL_Driver/Src/stm32f4xx_hal_pcd.c ****   uint32_t len;
2187:Drivers/STM32F4xx_HAL_Driver/Src/stm32f4xx_hal_pcd.c ****   uint32_t len32b;
2188:Drivers/STM32F4xx_HAL_Driver/Src/stm32f4xx_hal_pcd.c ****   uint32_t fifoemptymsk;
2189:Drivers/STM32F4xx_HAL_Driver/Src/stm32f4xx_hal_pcd.c **** 
2190:Drivers/STM32F4xx_HAL_Driver/Src/stm32f4xx_hal_pcd.c ****   ep = &hpcd->IN_ep[epnum];
 4134              		.loc 1 2190 6
 4135 0014 3A68     		ldr	r2, [r7]
 4136 0016 1346     		mov	r3, r2
 4137 0018 DB00     		lsls	r3, r3, #3
 4138 001a 1344     		add	r3, r3, r2
 4139 001c 9B00     		lsls	r3, r3, #2
 4140 001e 1033     		adds	r3, r3, #16
 4141 0020 7A68     		ldr	r2, [r7, #4]
 4142 0022 1344     		add	r3, r3, r2
 4143 0024 0433     		adds	r3, r3, #4
 4144 0026 FB60     		str	r3, [r7, #12]
2191:Drivers/STM32F4xx_HAL_Driver/Src/stm32f4xx_hal_pcd.c **** 
2192:Drivers/STM32F4xx_HAL_Driver/Src/stm32f4xx_hal_pcd.c ****   if (ep->xfer_count > ep->xfer_len)
 4145              		.loc 1 2192 9
 4146 0028 FB68     		ldr	r3, [r7, #12]
 4147 002a 5A69     		ldr	r2, [r3, #20]
 4148              		.loc 1 2192 26
 4149 002c FB68     		ldr	r3, [r7, #12]
 4150 002e 1B69     		ldr	r3, [r3, #16]
 4151              		.loc 1 2192 6
 4152 0030 9A42     		cmp	r2, r3
 4153 0032 01D9     		bls	.L166
2193:Drivers/STM32F4xx_HAL_Driver/Src/stm32f4xx_hal_pcd.c ****   {
2194:Drivers/STM32F4xx_HAL_Driver/Src/stm32f4xx_hal_pcd.c ****     return HAL_ERROR;
 4154              		.loc 1 2194 12
 4155 0034 0123     		movs	r3, #1
 4156 0036 6BE0     		b	.L167
 4157              	.L166:
2195:Drivers/STM32F4xx_HAL_Driver/Src/stm32f4xx_hal_pcd.c ****   }
2196:Drivers/STM32F4xx_HAL_Driver/Src/stm32f4xx_hal_pcd.c **** 
2197:Drivers/STM32F4xx_HAL_Driver/Src/stm32f4xx_hal_pcd.c ****   len = ep->xfer_len - ep->xfer_count;
 4158              		.loc 1 2197 11
 4159 0038 FB68     		ldr	r3, [r7, #12]
 4160 003a 1A69     		ldr	r2, [r3, #16]
 4161              		.loc 1 2197 26
 4162 003c FB68     		ldr	r3, [r7, #12]
 4163 003e 5B69     		ldr	r3, [r3, #20]
 4164              		.loc 1 2197 7
 4165 0040 D31A     		subs	r3, r2, r3
 4166 0042 FB61     		str	r3, [r7, #28]
2198:Drivers/STM32F4xx_HAL_Driver/Src/stm32f4xx_hal_pcd.c **** 
2199:Drivers/STM32F4xx_HAL_Driver/Src/stm32f4xx_hal_pcd.c ****   if (len > ep->maxpacket)
 4167              		.loc 1 2199 15
 4168 0044 FB68     		ldr	r3, [r7, #12]
ARM GAS  /tmp/ccuGCwmi.s 			page 112


 4169 0046 9B68     		ldr	r3, [r3, #8]
 4170              		.loc 1 2199 6
 4171 0048 FA69     		ldr	r2, [r7, #28]
 4172 004a 9A42     		cmp	r2, r3
 4173 004c 02D9     		bls	.L168
2200:Drivers/STM32F4xx_HAL_Driver/Src/stm32f4xx_hal_pcd.c ****   {
2201:Drivers/STM32F4xx_HAL_Driver/Src/stm32f4xx_hal_pcd.c ****     len = ep->maxpacket;
 4174              		.loc 1 2201 9
 4175 004e FB68     		ldr	r3, [r7, #12]
 4176 0050 9B68     		ldr	r3, [r3, #8]
 4177 0052 FB61     		str	r3, [r7, #28]
 4178              	.L168:
2202:Drivers/STM32F4xx_HAL_Driver/Src/stm32f4xx_hal_pcd.c ****   }
2203:Drivers/STM32F4xx_HAL_Driver/Src/stm32f4xx_hal_pcd.c **** 
2204:Drivers/STM32F4xx_HAL_Driver/Src/stm32f4xx_hal_pcd.c ****   len32b = (len + 3U) / 4U;
 4179              		.loc 1 2204 17
 4180 0054 FB69     		ldr	r3, [r7, #28]
 4181 0056 0333     		adds	r3, r3, #3
 4182              		.loc 1 2204 10
 4183 0058 9B08     		lsrs	r3, r3, #2
 4184 005a BB61     		str	r3, [r7, #24]
2205:Drivers/STM32F4xx_HAL_Driver/Src/stm32f4xx_hal_pcd.c **** 
2206:Drivers/STM32F4xx_HAL_Driver/Src/stm32f4xx_hal_pcd.c ****   while (((USBx_INEP(epnum)->DTXFSTS & USB_OTG_DTXFSTS_INEPTFSAV) >= len32b) &&
 4185              		.loc 1 2206 9
 4186 005c 2AE0     		b	.L169
 4187              	.L172:
2207:Drivers/STM32F4xx_HAL_Driver/Src/stm32f4xx_hal_pcd.c ****          (ep->xfer_count < ep->xfer_len) && (ep->xfer_len != 0U))
2208:Drivers/STM32F4xx_HAL_Driver/Src/stm32f4xx_hal_pcd.c ****   {
2209:Drivers/STM32F4xx_HAL_Driver/Src/stm32f4xx_hal_pcd.c ****     /* Write the FIFO */
2210:Drivers/STM32F4xx_HAL_Driver/Src/stm32f4xx_hal_pcd.c ****     len = ep->xfer_len - ep->xfer_count;
 4188              		.loc 1 2210 13
 4189 005e FB68     		ldr	r3, [r7, #12]
 4190 0060 1A69     		ldr	r2, [r3, #16]
 4191              		.loc 1 2210 28
 4192 0062 FB68     		ldr	r3, [r7, #12]
 4193 0064 5B69     		ldr	r3, [r3, #20]
 4194              		.loc 1 2210 9
 4195 0066 D31A     		subs	r3, r2, r3
 4196 0068 FB61     		str	r3, [r7, #28]
2211:Drivers/STM32F4xx_HAL_Driver/Src/stm32f4xx_hal_pcd.c **** 
2212:Drivers/STM32F4xx_HAL_Driver/Src/stm32f4xx_hal_pcd.c ****     if (len > ep->maxpacket)
 4197              		.loc 1 2212 17
 4198 006a FB68     		ldr	r3, [r7, #12]
 4199 006c 9B68     		ldr	r3, [r3, #8]
 4200              		.loc 1 2212 8
 4201 006e FA69     		ldr	r2, [r7, #28]
 4202 0070 9A42     		cmp	r2, r3
 4203 0072 02D9     		bls	.L170
2213:Drivers/STM32F4xx_HAL_Driver/Src/stm32f4xx_hal_pcd.c ****     {
2214:Drivers/STM32F4xx_HAL_Driver/Src/stm32f4xx_hal_pcd.c ****       len = ep->maxpacket;
 4204              		.loc 1 2214 11
 4205 0074 FB68     		ldr	r3, [r7, #12]
 4206 0076 9B68     		ldr	r3, [r3, #8]
 4207 0078 FB61     		str	r3, [r7, #28]
 4208              	.L170:
2215:Drivers/STM32F4xx_HAL_Driver/Src/stm32f4xx_hal_pcd.c ****     }
2216:Drivers/STM32F4xx_HAL_Driver/Src/stm32f4xx_hal_pcd.c ****     len32b = (len + 3U) / 4U;
ARM GAS  /tmp/ccuGCwmi.s 			page 113


 4209              		.loc 1 2216 19
 4210 007a FB69     		ldr	r3, [r7, #28]
 4211 007c 0333     		adds	r3, r3, #3
 4212              		.loc 1 2216 12
 4213 007e 9B08     		lsrs	r3, r3, #2
 4214 0080 BB61     		str	r3, [r7, #24]
2217:Drivers/STM32F4xx_HAL_Driver/Src/stm32f4xx_hal_pcd.c **** 
2218:Drivers/STM32F4xx_HAL_Driver/Src/stm32f4xx_hal_pcd.c ****     (void)USB_WritePacket(USBx, ep->xfer_buff, (uint8_t)epnum, (uint16_t)len,
 4215              		.loc 1 2218 11
 4216 0082 FB68     		ldr	r3, [r7, #12]
 4217 0084 D968     		ldr	r1, [r3, #12]
 4218 0086 3B68     		ldr	r3, [r7]
 4219 0088 DAB2     		uxtb	r2, r3
 4220 008a FB69     		ldr	r3, [r7, #28]
 4221 008c 98B2     		uxth	r0, r3
 4222 008e 7B68     		ldr	r3, [r7, #4]
 4223 0090 9B79     		ldrb	r3, [r3, #6]	@ zero_extendqisi2
 4224 0092 0093     		str	r3, [sp]
 4225 0094 0346     		mov	r3, r0
 4226 0096 7869     		ldr	r0, [r7, #20]
 4227 0098 FFF7FEFF 		bl	USB_WritePacket
2219:Drivers/STM32F4xx_HAL_Driver/Src/stm32f4xx_hal_pcd.c ****                           (uint8_t)hpcd->Init.dma_enable);
2220:Drivers/STM32F4xx_HAL_Driver/Src/stm32f4xx_hal_pcd.c **** 
2221:Drivers/STM32F4xx_HAL_Driver/Src/stm32f4xx_hal_pcd.c ****     ep->xfer_buff  += len;
 4228              		.loc 1 2221 7
 4229 009c FB68     		ldr	r3, [r7, #12]
 4230 009e DA68     		ldr	r2, [r3, #12]
 4231              		.loc 1 2221 20
 4232 00a0 FB69     		ldr	r3, [r7, #28]
 4233 00a2 1A44     		add	r2, r2, r3
 4234 00a4 FB68     		ldr	r3, [r7, #12]
 4235 00a6 DA60     		str	r2, [r3, #12]
2222:Drivers/STM32F4xx_HAL_Driver/Src/stm32f4xx_hal_pcd.c ****     ep->xfer_count += len;
 4236              		.loc 1 2222 7
 4237 00a8 FB68     		ldr	r3, [r7, #12]
 4238 00aa 5A69     		ldr	r2, [r3, #20]
 4239              		.loc 1 2222 20
 4240 00ac FB69     		ldr	r3, [r7, #28]
 4241 00ae 1A44     		add	r2, r2, r3
 4242 00b0 FB68     		ldr	r3, [r7, #12]
 4243 00b2 5A61     		str	r2, [r3, #20]
 4244              	.L169:
2206:Drivers/STM32F4xx_HAL_Driver/Src/stm32f4xx_hal_pcd.c ****          (ep->xfer_count < ep->xfer_len) && (ep->xfer_len != 0U))
 4245              		.loc 1 2206 12
 4246 00b4 3B68     		ldr	r3, [r7]
 4247 00b6 5A01     		lsls	r2, r3, #5
 4248 00b8 3B69     		ldr	r3, [r7, #16]
 4249 00ba 1344     		add	r3, r3, r2
 4250 00bc 03F51063 		add	r3, r3, #2304
2206:Drivers/STM32F4xx_HAL_Driver/Src/stm32f4xx_hal_pcd.c ****          (ep->xfer_count < ep->xfer_len) && (ep->xfer_len != 0U))
 4251              		.loc 1 2206 28
 4252 00c0 9B69     		ldr	r3, [r3, #24]
2206:Drivers/STM32F4xx_HAL_Driver/Src/stm32f4xx_hal_pcd.c ****          (ep->xfer_count < ep->xfer_len) && (ep->xfer_len != 0U))
 4253              		.loc 1 2206 38
 4254 00c2 9BB2     		uxth	r3, r3
2207:Drivers/STM32F4xx_HAL_Driver/Src/stm32f4xx_hal_pcd.c ****   {
 4255              		.loc 1 2207 42
ARM GAS  /tmp/ccuGCwmi.s 			page 114


 4256 00c4 BA69     		ldr	r2, [r7, #24]
 4257 00c6 9A42     		cmp	r2, r3
 4258 00c8 09D8     		bhi	.L171
2207:Drivers/STM32F4xx_HAL_Driver/Src/stm32f4xx_hal_pcd.c ****   {
 4259              		.loc 1 2207 13 discriminator 1
 4260 00ca FB68     		ldr	r3, [r7, #12]
 4261 00cc 5A69     		ldr	r2, [r3, #20]
2207:Drivers/STM32F4xx_HAL_Driver/Src/stm32f4xx_hal_pcd.c ****   {
 4262              		.loc 1 2207 30 discriminator 1
 4263 00ce FB68     		ldr	r3, [r7, #12]
 4264 00d0 1B69     		ldr	r3, [r3, #16]
2206:Drivers/STM32F4xx_HAL_Driver/Src/stm32f4xx_hal_pcd.c ****          (ep->xfer_count < ep->xfer_len) && (ep->xfer_len != 0U))
 4265              		.loc 1 2206 78
 4266 00d2 9A42     		cmp	r2, r3
 4267 00d4 03D2     		bcs	.L171
2207:Drivers/STM32F4xx_HAL_Driver/Src/stm32f4xx_hal_pcd.c ****   {
 4268              		.loc 1 2207 48
 4269 00d6 FB68     		ldr	r3, [r7, #12]
 4270 00d8 1B69     		ldr	r3, [r3, #16]
2207:Drivers/STM32F4xx_HAL_Driver/Src/stm32f4xx_hal_pcd.c ****   {
 4271              		.loc 1 2207 42
 4272 00da 002B     		cmp	r3, #0
 4273 00dc BFD1     		bne	.L172
 4274              	.L171:
2223:Drivers/STM32F4xx_HAL_Driver/Src/stm32f4xx_hal_pcd.c ****   }
2224:Drivers/STM32F4xx_HAL_Driver/Src/stm32f4xx_hal_pcd.c **** 
2225:Drivers/STM32F4xx_HAL_Driver/Src/stm32f4xx_hal_pcd.c ****   if (ep->xfer_len <= ep->xfer_count)
 4275              		.loc 1 2225 9
 4276 00de FB68     		ldr	r3, [r7, #12]
 4277 00e0 1A69     		ldr	r2, [r3, #16]
 4278              		.loc 1 2225 25
 4279 00e2 FB68     		ldr	r3, [r7, #12]
 4280 00e4 5B69     		ldr	r3, [r3, #20]
 4281              		.loc 1 2225 6
 4282 00e6 9A42     		cmp	r2, r3
 4283 00e8 11D8     		bhi	.L173
2226:Drivers/STM32F4xx_HAL_Driver/Src/stm32f4xx_hal_pcd.c ****   {
2227:Drivers/STM32F4xx_HAL_Driver/Src/stm32f4xx_hal_pcd.c ****     fifoemptymsk = (uint32_t)(0x1UL << (epnum & EP_ADDR_MSK));
 4284              		.loc 1 2227 47
 4285 00ea 3B68     		ldr	r3, [r7]
 4286 00ec 03F00F03 		and	r3, r3, #15
 4287              		.loc 1 2227 18
 4288 00f0 0122     		movs	r2, #1
 4289 00f2 02FA03F3 		lsl	r3, r2, r3
 4290 00f6 BB60     		str	r3, [r7, #8]
2228:Drivers/STM32F4xx_HAL_Driver/Src/stm32f4xx_hal_pcd.c ****     USBx_DEVICE->DIEPEMPMSK &= ~fifoemptymsk;
 4291              		.loc 1 2228 16
 4292 00f8 3B69     		ldr	r3, [r7, #16]
 4293 00fa 03F50063 		add	r3, r3, #2048
 4294 00fe 5A6B     		ldr	r2, [r3, #52]
 4295              		.loc 1 2228 32
 4296 0100 BB68     		ldr	r3, [r7, #8]
 4297 0102 DB43     		mvns	r3, r3
 4298              		.loc 1 2228 16
 4299 0104 3969     		ldr	r1, [r7, #16]
 4300 0106 01F50061 		add	r1, r1, #2048
 4301              		.loc 1 2228 29
ARM GAS  /tmp/ccuGCwmi.s 			page 115


 4302 010a 1340     		ands	r3, r3, r2
 4303 010c 4B63     		str	r3, [r1, #52]
 4304              	.L173:
2229:Drivers/STM32F4xx_HAL_Driver/Src/stm32f4xx_hal_pcd.c ****   }
2230:Drivers/STM32F4xx_HAL_Driver/Src/stm32f4xx_hal_pcd.c **** 
2231:Drivers/STM32F4xx_HAL_Driver/Src/stm32f4xx_hal_pcd.c ****   return HAL_OK;
 4305              		.loc 1 2231 10
 4306 010e 0023     		movs	r3, #0
 4307              	.L167:
2232:Drivers/STM32F4xx_HAL_Driver/Src/stm32f4xx_hal_pcd.c **** }
 4308              		.loc 1 2232 1
 4309 0110 1846     		mov	r0, r3
 4310 0112 2037     		adds	r7, r7, #32
 4311              	.LCFI195:
 4312              		.cfi_def_cfa_offset 8
 4313 0114 BD46     		mov	sp, r7
 4314              	.LCFI196:
 4315              		.cfi_def_cfa_register 13
 4316              		@ sp needed
 4317 0116 80BD     		pop	{r7, pc}
 4318              		.cfi_endproc
 4319              	.LFE255:
 4321              		.section	.text.PCD_EP_OutXfrComplete_int,"ax",%progbits
 4322              		.align	1
 4323              		.syntax unified
 4324              		.thumb
 4325              		.thumb_func
 4327              	PCD_EP_OutXfrComplete_int:
 4328              	.LFB256:
2233:Drivers/STM32F4xx_HAL_Driver/Src/stm32f4xx_hal_pcd.c **** 
2234:Drivers/STM32F4xx_HAL_Driver/Src/stm32f4xx_hal_pcd.c **** 
2235:Drivers/STM32F4xx_HAL_Driver/Src/stm32f4xx_hal_pcd.c **** /**
2236:Drivers/STM32F4xx_HAL_Driver/Src/stm32f4xx_hal_pcd.c ****   * @brief  process EP OUT transfer complete interrupt.
2237:Drivers/STM32F4xx_HAL_Driver/Src/stm32f4xx_hal_pcd.c ****   * @param  hpcd PCD handle
2238:Drivers/STM32F4xx_HAL_Driver/Src/stm32f4xx_hal_pcd.c ****   * @param  epnum endpoint number
2239:Drivers/STM32F4xx_HAL_Driver/Src/stm32f4xx_hal_pcd.c ****   * @retval HAL status
2240:Drivers/STM32F4xx_HAL_Driver/Src/stm32f4xx_hal_pcd.c ****   */
2241:Drivers/STM32F4xx_HAL_Driver/Src/stm32f4xx_hal_pcd.c **** static HAL_StatusTypeDef PCD_EP_OutXfrComplete_int(PCD_HandleTypeDef *hpcd, uint32_t epnum)
2242:Drivers/STM32F4xx_HAL_Driver/Src/stm32f4xx_hal_pcd.c **** {
 4329              		.loc 1 2242 1
 4330              		.cfi_startproc
 4331              		@ args = 0, pretend = 0, frame = 32
 4332              		@ frame_needed = 1, uses_anonymous_args = 0
 4333 0000 80B5     		push	{r7, lr}
 4334              	.LCFI197:
 4335              		.cfi_def_cfa_offset 8
 4336              		.cfi_offset 7, -8
 4337              		.cfi_offset 14, -4
 4338 0002 88B0     		sub	sp, sp, #32
 4339              	.LCFI198:
 4340              		.cfi_def_cfa_offset 40
 4341 0004 00AF     		add	r7, sp, #0
 4342              	.LCFI199:
 4343              		.cfi_def_cfa_register 7
 4344 0006 7860     		str	r0, [r7, #4]
 4345 0008 3960     		str	r1, [r7]
2243:Drivers/STM32F4xx_HAL_Driver/Src/stm32f4xx_hal_pcd.c ****   USB_OTG_EPTypeDef *ep;
ARM GAS  /tmp/ccuGCwmi.s 			page 116


2244:Drivers/STM32F4xx_HAL_Driver/Src/stm32f4xx_hal_pcd.c ****   const USB_OTG_GlobalTypeDef *USBx = hpcd->Instance;
 4346              		.loc 1 2244 32
 4347 000a 7B68     		ldr	r3, [r7, #4]
 4348 000c 1B68     		ldr	r3, [r3]
 4349 000e FB61     		str	r3, [r7, #28]
2245:Drivers/STM32F4xx_HAL_Driver/Src/stm32f4xx_hal_pcd.c ****   uint32_t USBx_BASE = (uint32_t)USBx;
 4350              		.loc 1 2245 12
 4351 0010 FB69     		ldr	r3, [r7, #28]
 4352 0012 BB61     		str	r3, [r7, #24]
2246:Drivers/STM32F4xx_HAL_Driver/Src/stm32f4xx_hal_pcd.c ****   uint32_t gSNPSiD = *(__IO const uint32_t *)(&USBx->CID + 0x1U);
 4353              		.loc 1 2246 47
 4354 0014 FB69     		ldr	r3, [r7, #28]
 4355 0016 3C33     		adds	r3, r3, #60
 4356              		.loc 1 2246 23
 4357 0018 0433     		adds	r3, r3, #4
 4358              		.loc 1 2246 12
 4359 001a 1B68     		ldr	r3, [r3]
 4360 001c 7B61     		str	r3, [r7, #20]
2247:Drivers/STM32F4xx_HAL_Driver/Src/stm32f4xx_hal_pcd.c ****   uint32_t DoepintReg = USBx_OUTEP(epnum)->DOEPINT;
 4361              		.loc 1 2247 25
 4362 001e 3B68     		ldr	r3, [r7]
 4363 0020 5A01     		lsls	r2, r3, #5
 4364 0022 BB69     		ldr	r3, [r7, #24]
 4365 0024 1344     		add	r3, r3, r2
 4366 0026 03F53063 		add	r3, r3, #2816
 4367              		.loc 1 2247 12
 4368 002a 9B68     		ldr	r3, [r3, #8]
 4369 002c 3B61     		str	r3, [r7, #16]
2248:Drivers/STM32F4xx_HAL_Driver/Src/stm32f4xx_hal_pcd.c **** 
2249:Drivers/STM32F4xx_HAL_Driver/Src/stm32f4xx_hal_pcd.c ****   if (hpcd->Init.dma_enable == 1U)
 4370              		.loc 1 2249 17
 4371 002e 7B68     		ldr	r3, [r7, #4]
 4372 0030 9B79     		ldrb	r3, [r3, #6]	@ zero_extendqisi2
 4373              		.loc 1 2249 6
 4374 0032 012B     		cmp	r3, #1
 4375 0034 7BD1     		bne	.L175
2250:Drivers/STM32F4xx_HAL_Driver/Src/stm32f4xx_hal_pcd.c ****   {
2251:Drivers/STM32F4xx_HAL_Driver/Src/stm32f4xx_hal_pcd.c ****     if ((DoepintReg & USB_OTG_DOEPINT_STUP) == USB_OTG_DOEPINT_STUP) /* Class C */
 4376              		.loc 1 2251 21
 4377 0036 3B69     		ldr	r3, [r7, #16]
 4378 0038 03F00803 		and	r3, r3, #8
 4379              		.loc 1 2251 8
 4380 003c 002B     		cmp	r3, #0
 4381 003e 15D0     		beq	.L176
2252:Drivers/STM32F4xx_HAL_Driver/Src/stm32f4xx_hal_pcd.c ****     {
2253:Drivers/STM32F4xx_HAL_Driver/Src/stm32f4xx_hal_pcd.c ****       /* StupPktRcvd = 1 this is a setup packet */
2254:Drivers/STM32F4xx_HAL_Driver/Src/stm32f4xx_hal_pcd.c ****       if ((gSNPSiD > USB_OTG_CORE_ID_300A) &&
 4382              		.loc 1 2254 10
 4383 0040 7B69     		ldr	r3, [r7, #20]
 4384 0042 614A     		ldr	r2, .L188
 4385 0044 9342     		cmp	r3, r2
 4386 0046 40F2B980 		bls	.L177
2255:Drivers/STM32F4xx_HAL_Driver/Src/stm32f4xx_hal_pcd.c ****           ((DoepintReg & USB_OTG_DOEPINT_STPKTRX) == USB_OTG_DOEPINT_STPKTRX))
 4387              		.loc 1 2255 24
 4388 004a 3B69     		ldr	r3, [r7, #16]
 4389 004c 03F40043 		and	r3, r3, #32768
2254:Drivers/STM32F4xx_HAL_Driver/Src/stm32f4xx_hal_pcd.c ****           ((DoepintReg & USB_OTG_DOEPINT_STPKTRX) == USB_OTG_DOEPINT_STPKTRX))
ARM GAS  /tmp/ccuGCwmi.s 			page 117


 4390              		.loc 1 2254 44 discriminator 1
 4391 0050 002B     		cmp	r3, #0
 4392 0052 00F0B380 		beq	.L177
2256:Drivers/STM32F4xx_HAL_Driver/Src/stm32f4xx_hal_pcd.c ****       {
2257:Drivers/STM32F4xx_HAL_Driver/Src/stm32f4xx_hal_pcd.c ****         CLEAR_OUT_EP_INTR(epnum, USB_OTG_DOEPINT_STPKTRX);
 4393              		.loc 1 2257 9
 4394 0056 3B68     		ldr	r3, [r7]
 4395 0058 5A01     		lsls	r2, r3, #5
 4396 005a BB69     		ldr	r3, [r7, #24]
 4397 005c 1344     		add	r3, r3, r2
 4398 005e 03F53063 		add	r3, r3, #2816
 4399 0062 1A46     		mov	r2, r3
 4400 0064 4FF40043 		mov	r3, #32768
 4401 0068 9360     		str	r3, [r2, #8]
 4402 006a A7E0     		b	.L177
 4403              	.L176:
2258:Drivers/STM32F4xx_HAL_Driver/Src/stm32f4xx_hal_pcd.c ****       }
2259:Drivers/STM32F4xx_HAL_Driver/Src/stm32f4xx_hal_pcd.c ****     }
2260:Drivers/STM32F4xx_HAL_Driver/Src/stm32f4xx_hal_pcd.c ****     else if ((DoepintReg & USB_OTG_DOEPINT_OTEPSPR) == USB_OTG_DOEPINT_OTEPSPR) /* Class E */
 4404              		.loc 1 2260 26
 4405 006c 3B69     		ldr	r3, [r7, #16]
 4406 006e 03F02003 		and	r3, r3, #32
 4407              		.loc 1 2260 13
 4408 0072 002B     		cmp	r3, #0
 4409 0074 09D0     		beq	.L178
2261:Drivers/STM32F4xx_HAL_Driver/Src/stm32f4xx_hal_pcd.c ****     {
2262:Drivers/STM32F4xx_HAL_Driver/Src/stm32f4xx_hal_pcd.c ****       CLEAR_OUT_EP_INTR(epnum, USB_OTG_DOEPINT_OTEPSPR);
 4410              		.loc 1 2262 7
 4411 0076 3B68     		ldr	r3, [r7]
 4412 0078 5A01     		lsls	r2, r3, #5
 4413 007a BB69     		ldr	r3, [r7, #24]
 4414 007c 1344     		add	r3, r3, r2
 4415 007e 03F53063 		add	r3, r3, #2816
 4416 0082 1A46     		mov	r2, r3
 4417 0084 2023     		movs	r3, #32
 4418 0086 9360     		str	r3, [r2, #8]
 4419 0088 98E0     		b	.L177
 4420              	.L178:
2263:Drivers/STM32F4xx_HAL_Driver/Src/stm32f4xx_hal_pcd.c ****     }
2264:Drivers/STM32F4xx_HAL_Driver/Src/stm32f4xx_hal_pcd.c ****     else if ((DoepintReg & (USB_OTG_DOEPINT_STUP | USB_OTG_DOEPINT_OTEPSPR)) == 0U)
 4421              		.loc 1 2264 26
 4422 008a 3B69     		ldr	r3, [r7, #16]
 4423 008c 03F02803 		and	r3, r3, #40
 4424              		.loc 1 2264 13
 4425 0090 002B     		cmp	r3, #0
 4426 0092 40F09380 		bne	.L177
2265:Drivers/STM32F4xx_HAL_Driver/Src/stm32f4xx_hal_pcd.c ****     {
2266:Drivers/STM32F4xx_HAL_Driver/Src/stm32f4xx_hal_pcd.c ****       /* StupPktRcvd = 1 this is a setup packet */
2267:Drivers/STM32F4xx_HAL_Driver/Src/stm32f4xx_hal_pcd.c ****       if ((gSNPSiD > USB_OTG_CORE_ID_300A) &&
 4427              		.loc 1 2267 10
 4428 0096 7B69     		ldr	r3, [r7, #20]
 4429 0098 4B4A     		ldr	r2, .L188
 4430 009a 9342     		cmp	r3, r2
 4431 009c 0FD9     		bls	.L179
2268:Drivers/STM32F4xx_HAL_Driver/Src/stm32f4xx_hal_pcd.c ****           ((DoepintReg & USB_OTG_DOEPINT_STPKTRX) == USB_OTG_DOEPINT_STPKTRX))
 4432              		.loc 1 2268 24
 4433 009e 3B69     		ldr	r3, [r7, #16]
ARM GAS  /tmp/ccuGCwmi.s 			page 118


 4434 00a0 03F40043 		and	r3, r3, #32768
2267:Drivers/STM32F4xx_HAL_Driver/Src/stm32f4xx_hal_pcd.c ****           ((DoepintReg & USB_OTG_DOEPINT_STPKTRX) == USB_OTG_DOEPINT_STPKTRX))
 4435              		.loc 1 2267 44 discriminator 1
 4436 00a4 002B     		cmp	r3, #0
 4437 00a6 0AD0     		beq	.L179
2269:Drivers/STM32F4xx_HAL_Driver/Src/stm32f4xx_hal_pcd.c ****       {
2270:Drivers/STM32F4xx_HAL_Driver/Src/stm32f4xx_hal_pcd.c ****         CLEAR_OUT_EP_INTR(epnum, USB_OTG_DOEPINT_STPKTRX);
 4438              		.loc 1 2270 9
 4439 00a8 3B68     		ldr	r3, [r7]
 4440 00aa 5A01     		lsls	r2, r3, #5
 4441 00ac BB69     		ldr	r3, [r7, #24]
 4442 00ae 1344     		add	r3, r3, r2
 4443 00b0 03F53063 		add	r3, r3, #2816
 4444 00b4 1A46     		mov	r2, r3
 4445 00b6 4FF40043 		mov	r3, #32768
 4446 00ba 9360     		str	r3, [r2, #8]
 4447 00bc 7EE0     		b	.L177
 4448              	.L179:
2271:Drivers/STM32F4xx_HAL_Driver/Src/stm32f4xx_hal_pcd.c ****       }
2272:Drivers/STM32F4xx_HAL_Driver/Src/stm32f4xx_hal_pcd.c ****       else
2273:Drivers/STM32F4xx_HAL_Driver/Src/stm32f4xx_hal_pcd.c ****       {
2274:Drivers/STM32F4xx_HAL_Driver/Src/stm32f4xx_hal_pcd.c ****         ep = &hpcd->OUT_ep[epnum];
 4449              		.loc 1 2274 12
 4450 00be 3A68     		ldr	r2, [r7]
 4451 00c0 1346     		mov	r3, r2
 4452 00c2 DB00     		lsls	r3, r3, #3
 4453 00c4 1344     		add	r3, r3, r2
 4454 00c6 9B00     		lsls	r3, r3, #2
 4455 00c8 03F51473 		add	r3, r3, #592
 4456 00cc 7A68     		ldr	r2, [r7, #4]
 4457 00ce 1344     		add	r3, r3, r2
 4458 00d0 0433     		adds	r3, r3, #4
 4459 00d2 FB60     		str	r3, [r7, #12]
2275:Drivers/STM32F4xx_HAL_Driver/Src/stm32f4xx_hal_pcd.c **** 
2276:Drivers/STM32F4xx_HAL_Driver/Src/stm32f4xx_hal_pcd.c ****         /* out data packet received over EP */
2277:Drivers/STM32F4xx_HAL_Driver/Src/stm32f4xx_hal_pcd.c ****         ep->xfer_count = ep->xfer_size - (USBx_OUTEP(epnum)->DOEPTSIZ & USB_OTG_DOEPTSIZ_XFRSIZ);
 4460              		.loc 1 2277 28
 4461 00d4 FB68     		ldr	r3, [r7, #12]
 4462 00d6 1A6A     		ldr	r2, [r3, #32]
 4463              		.loc 1 2277 43
 4464 00d8 3B68     		ldr	r3, [r7]
 4465 00da 5901     		lsls	r1, r3, #5
 4466 00dc BB69     		ldr	r3, [r7, #24]
 4467 00de 0B44     		add	r3, r3, r1
 4468 00e0 03F53063 		add	r3, r3, #2816
 4469              		.loc 1 2277 60
 4470 00e4 1B69     		ldr	r3, [r3, #16]
 4471              		.loc 1 2277 71
 4472 00e6 C3F31203 		ubfx	r3, r3, #0, #19
 4473              		.loc 1 2277 40
 4474 00ea D21A     		subs	r2, r2, r3
 4475              		.loc 1 2277 24
 4476 00ec FB68     		ldr	r3, [r7, #12]
 4477 00ee 5A61     		str	r2, [r3, #20]
2278:Drivers/STM32F4xx_HAL_Driver/Src/stm32f4xx_hal_pcd.c **** 
2279:Drivers/STM32F4xx_HAL_Driver/Src/stm32f4xx_hal_pcd.c ****         if (epnum == 0U)
 4478              		.loc 1 2279 12
ARM GAS  /tmp/ccuGCwmi.s 			page 119


 4479 00f0 3B68     		ldr	r3, [r7]
 4480 00f2 002B     		cmp	r3, #0
 4481 00f4 14D1     		bne	.L181
2280:Drivers/STM32F4xx_HAL_Driver/Src/stm32f4xx_hal_pcd.c ****         {
2281:Drivers/STM32F4xx_HAL_Driver/Src/stm32f4xx_hal_pcd.c ****           if (ep->xfer_len == 0U)
 4482              		.loc 1 2281 17
 4483 00f6 FB68     		ldr	r3, [r7, #12]
 4484 00f8 1B69     		ldr	r3, [r3, #16]
 4485              		.loc 1 2281 14
 4486 00fa 002B     		cmp	r3, #0
 4487 00fc 09D1     		bne	.L182
2282:Drivers/STM32F4xx_HAL_Driver/Src/stm32f4xx_hal_pcd.c ****           {
2283:Drivers/STM32F4xx_HAL_Driver/Src/stm32f4xx_hal_pcd.c ****             /* this is ZLP, so prepare EP0 for next setup */
2284:Drivers/STM32F4xx_HAL_Driver/Src/stm32f4xx_hal_pcd.c ****             (void)USB_EP0_OutStart(hpcd->Instance, 1U, (uint8_t *)hpcd->Setup);
 4488              		.loc 1 2284 40
 4489 00fe 7B68     		ldr	r3, [r7, #4]
 4490 0100 1868     		ldr	r0, [r3]
 4491              		.loc 1 2284 67
 4492 0102 7B68     		ldr	r3, [r7, #4]
 4493 0104 03F29C43 		addw	r3, r3, #1180
 4494              		.loc 1 2284 19
 4495 0108 1A46     		mov	r2, r3
 4496 010a 0121     		movs	r1, #1
 4497 010c FFF7FEFF 		bl	USB_EP0_OutStart
 4498 0110 06E0     		b	.L181
 4499              	.L182:
2285:Drivers/STM32F4xx_HAL_Driver/Src/stm32f4xx_hal_pcd.c ****           }
2286:Drivers/STM32F4xx_HAL_Driver/Src/stm32f4xx_hal_pcd.c ****           else
2287:Drivers/STM32F4xx_HAL_Driver/Src/stm32f4xx_hal_pcd.c ****           {
2288:Drivers/STM32F4xx_HAL_Driver/Src/stm32f4xx_hal_pcd.c ****             ep->xfer_buff += ep->xfer_count;
 4500              		.loc 1 2288 15
 4501 0112 FB68     		ldr	r3, [r7, #12]
 4502 0114 DA68     		ldr	r2, [r3, #12]
 4503              		.loc 1 2288 32
 4504 0116 FB68     		ldr	r3, [r7, #12]
 4505 0118 5B69     		ldr	r3, [r3, #20]
 4506              		.loc 1 2288 27
 4507 011a 1A44     		add	r2, r2, r3
 4508 011c FB68     		ldr	r3, [r7, #12]
 4509 011e DA60     		str	r2, [r3, #12]
 4510              	.L181:
2289:Drivers/STM32F4xx_HAL_Driver/Src/stm32f4xx_hal_pcd.c ****           }
2290:Drivers/STM32F4xx_HAL_Driver/Src/stm32f4xx_hal_pcd.c ****         }
2291:Drivers/STM32F4xx_HAL_Driver/Src/stm32f4xx_hal_pcd.c **** 
2292:Drivers/STM32F4xx_HAL_Driver/Src/stm32f4xx_hal_pcd.c **** #if (USE_HAL_PCD_REGISTER_CALLBACKS == 1U)
2293:Drivers/STM32F4xx_HAL_Driver/Src/stm32f4xx_hal_pcd.c ****         hpcd->DataOutStageCallback(hpcd, (uint8_t)epnum);
2294:Drivers/STM32F4xx_HAL_Driver/Src/stm32f4xx_hal_pcd.c **** #else
2295:Drivers/STM32F4xx_HAL_Driver/Src/stm32f4xx_hal_pcd.c ****         HAL_PCD_DataOutStageCallback(hpcd, (uint8_t)epnum);
 4511              		.loc 1 2295 9
 4512 0120 3B68     		ldr	r3, [r7]
 4513 0122 DBB2     		uxtb	r3, r3
 4514 0124 1946     		mov	r1, r3
 4515 0126 7868     		ldr	r0, [r7, #4]
 4516 0128 FFF7FEFF 		bl	HAL_PCD_DataOutStageCallback
 4517 012c 46E0     		b	.L177
 4518              	.L175:
2296:Drivers/STM32F4xx_HAL_Driver/Src/stm32f4xx_hal_pcd.c **** #endif /* USE_HAL_PCD_REGISTER_CALLBACKS */
ARM GAS  /tmp/ccuGCwmi.s 			page 120


2297:Drivers/STM32F4xx_HAL_Driver/Src/stm32f4xx_hal_pcd.c ****       }
2298:Drivers/STM32F4xx_HAL_Driver/Src/stm32f4xx_hal_pcd.c ****     }
2299:Drivers/STM32F4xx_HAL_Driver/Src/stm32f4xx_hal_pcd.c ****     else
2300:Drivers/STM32F4xx_HAL_Driver/Src/stm32f4xx_hal_pcd.c ****     {
2301:Drivers/STM32F4xx_HAL_Driver/Src/stm32f4xx_hal_pcd.c ****       /* ... */
2302:Drivers/STM32F4xx_HAL_Driver/Src/stm32f4xx_hal_pcd.c ****     }
2303:Drivers/STM32F4xx_HAL_Driver/Src/stm32f4xx_hal_pcd.c ****   }
2304:Drivers/STM32F4xx_HAL_Driver/Src/stm32f4xx_hal_pcd.c ****   else
2305:Drivers/STM32F4xx_HAL_Driver/Src/stm32f4xx_hal_pcd.c ****   {
2306:Drivers/STM32F4xx_HAL_Driver/Src/stm32f4xx_hal_pcd.c ****     if (gSNPSiD == USB_OTG_CORE_ID_310A)
 4519              		.loc 1 2306 8
 4520 012e 7B69     		ldr	r3, [r7, #20]
 4521 0130 264A     		ldr	r2, .L188+4
 4522 0132 9342     		cmp	r3, r2
 4523 0134 24D1     		bne	.L183
2307:Drivers/STM32F4xx_HAL_Driver/Src/stm32f4xx_hal_pcd.c ****     {
2308:Drivers/STM32F4xx_HAL_Driver/Src/stm32f4xx_hal_pcd.c ****       /* StupPktRcvd = 1 this is a setup packet */
2309:Drivers/STM32F4xx_HAL_Driver/Src/stm32f4xx_hal_pcd.c ****       if ((DoepintReg & USB_OTG_DOEPINT_STPKTRX) == USB_OTG_DOEPINT_STPKTRX)
 4524              		.loc 1 2309 23
 4525 0136 3B69     		ldr	r3, [r7, #16]
 4526 0138 03F40043 		and	r3, r3, #32768
 4527              		.loc 1 2309 10
 4528 013c 002B     		cmp	r3, #0
 4529 013e 0AD0     		beq	.L184
2310:Drivers/STM32F4xx_HAL_Driver/Src/stm32f4xx_hal_pcd.c ****       {
2311:Drivers/STM32F4xx_HAL_Driver/Src/stm32f4xx_hal_pcd.c ****         CLEAR_OUT_EP_INTR(epnum, USB_OTG_DOEPINT_STPKTRX);
 4530              		.loc 1 2311 9
 4531 0140 3B68     		ldr	r3, [r7]
 4532 0142 5A01     		lsls	r2, r3, #5
 4533 0144 BB69     		ldr	r3, [r7, #24]
 4534 0146 1344     		add	r3, r3, r2
 4535 0148 03F53063 		add	r3, r3, #2816
 4536 014c 1A46     		mov	r2, r3
 4537 014e 4FF40043 		mov	r3, #32768
 4538 0152 9360     		str	r3, [r2, #8]
 4539 0154 32E0     		b	.L177
 4540              	.L184:
2312:Drivers/STM32F4xx_HAL_Driver/Src/stm32f4xx_hal_pcd.c ****       }
2313:Drivers/STM32F4xx_HAL_Driver/Src/stm32f4xx_hal_pcd.c ****       else
2314:Drivers/STM32F4xx_HAL_Driver/Src/stm32f4xx_hal_pcd.c ****       {
2315:Drivers/STM32F4xx_HAL_Driver/Src/stm32f4xx_hal_pcd.c ****         if ((DoepintReg & USB_OTG_DOEPINT_OTEPSPR) == USB_OTG_DOEPINT_OTEPSPR)
 4541              		.loc 1 2315 25
 4542 0156 3B69     		ldr	r3, [r7, #16]
 4543 0158 03F02003 		and	r3, r3, #32
 4544              		.loc 1 2315 12
 4545 015c 002B     		cmp	r3, #0
 4546 015e 08D0     		beq	.L185
2316:Drivers/STM32F4xx_HAL_Driver/Src/stm32f4xx_hal_pcd.c ****         {
2317:Drivers/STM32F4xx_HAL_Driver/Src/stm32f4xx_hal_pcd.c ****           CLEAR_OUT_EP_INTR(epnum, USB_OTG_DOEPINT_OTEPSPR);
 4547              		.loc 1 2317 11
 4548 0160 3B68     		ldr	r3, [r7]
 4549 0162 5A01     		lsls	r2, r3, #5
 4550 0164 BB69     		ldr	r3, [r7, #24]
 4551 0166 1344     		add	r3, r3, r2
 4552 0168 03F53063 		add	r3, r3, #2816
 4553 016c 1A46     		mov	r2, r3
 4554 016e 2023     		movs	r3, #32
ARM GAS  /tmp/ccuGCwmi.s 			page 121


 4555 0170 9360     		str	r3, [r2, #8]
 4556              	.L185:
2318:Drivers/STM32F4xx_HAL_Driver/Src/stm32f4xx_hal_pcd.c ****         }
2319:Drivers/STM32F4xx_HAL_Driver/Src/stm32f4xx_hal_pcd.c **** 
2320:Drivers/STM32F4xx_HAL_Driver/Src/stm32f4xx_hal_pcd.c **** #if (USE_HAL_PCD_REGISTER_CALLBACKS == 1U)
2321:Drivers/STM32F4xx_HAL_Driver/Src/stm32f4xx_hal_pcd.c ****         hpcd->DataOutStageCallback(hpcd, (uint8_t)epnum);
2322:Drivers/STM32F4xx_HAL_Driver/Src/stm32f4xx_hal_pcd.c **** #else
2323:Drivers/STM32F4xx_HAL_Driver/Src/stm32f4xx_hal_pcd.c ****         HAL_PCD_DataOutStageCallback(hpcd, (uint8_t)epnum);
 4557              		.loc 1 2323 9
 4558 0172 3B68     		ldr	r3, [r7]
 4559 0174 DBB2     		uxtb	r3, r3
 4560 0176 1946     		mov	r1, r3
 4561 0178 7868     		ldr	r0, [r7, #4]
 4562 017a FFF7FEFF 		bl	HAL_PCD_DataOutStageCallback
 4563 017e 1DE0     		b	.L177
 4564              	.L183:
2324:Drivers/STM32F4xx_HAL_Driver/Src/stm32f4xx_hal_pcd.c **** #endif /* USE_HAL_PCD_REGISTER_CALLBACKS */
2325:Drivers/STM32F4xx_HAL_Driver/Src/stm32f4xx_hal_pcd.c ****       }
2326:Drivers/STM32F4xx_HAL_Driver/Src/stm32f4xx_hal_pcd.c ****     }
2327:Drivers/STM32F4xx_HAL_Driver/Src/stm32f4xx_hal_pcd.c ****     else
2328:Drivers/STM32F4xx_HAL_Driver/Src/stm32f4xx_hal_pcd.c ****     {
2329:Drivers/STM32F4xx_HAL_Driver/Src/stm32f4xx_hal_pcd.c ****       if ((epnum == 0U) && (hpcd->OUT_ep[epnum].xfer_len == 0U))
 4565              		.loc 1 2329 10
 4566 0180 3B68     		ldr	r3, [r7]
 4567 0182 002B     		cmp	r3, #0
 4568 0184 14D1     		bne	.L186
 4569              		.loc 1 2329 48 discriminator 1
 4570 0186 7968     		ldr	r1, [r7, #4]
 4571 0188 3A68     		ldr	r2, [r7]
 4572 018a 1346     		mov	r3, r2
 4573 018c DB00     		lsls	r3, r3, #3
 4574 018e 1344     		add	r3, r3, r2
 4575 0190 9B00     		lsls	r3, r3, #2
 4576 0192 0B44     		add	r3, r3, r1
 4577 0194 03F51973 		add	r3, r3, #612
 4578 0198 1B68     		ldr	r3, [r3]
 4579              		.loc 1 2329 25 discriminator 1
 4580 019a 002B     		cmp	r3, #0
 4581 019c 08D1     		bne	.L186
2330:Drivers/STM32F4xx_HAL_Driver/Src/stm32f4xx_hal_pcd.c ****       {
2331:Drivers/STM32F4xx_HAL_Driver/Src/stm32f4xx_hal_pcd.c ****         /* this is ZLP, so prepare EP0 for next setup */
2332:Drivers/STM32F4xx_HAL_Driver/Src/stm32f4xx_hal_pcd.c ****         (void)USB_EP0_OutStart(hpcd->Instance, 0U, (uint8_t *)hpcd->Setup);
 4582              		.loc 1 2332 36
 4583 019e 7B68     		ldr	r3, [r7, #4]
 4584 01a0 1868     		ldr	r0, [r3]
 4585              		.loc 1 2332 63
 4586 01a2 7B68     		ldr	r3, [r7, #4]
 4587 01a4 03F29C43 		addw	r3, r3, #1180
 4588              		.loc 1 2332 15
 4589 01a8 1A46     		mov	r2, r3
 4590 01aa 0021     		movs	r1, #0
 4591 01ac FFF7FEFF 		bl	USB_EP0_OutStart
 4592              	.L186:
2333:Drivers/STM32F4xx_HAL_Driver/Src/stm32f4xx_hal_pcd.c ****       }
2334:Drivers/STM32F4xx_HAL_Driver/Src/stm32f4xx_hal_pcd.c **** 
2335:Drivers/STM32F4xx_HAL_Driver/Src/stm32f4xx_hal_pcd.c **** #if (USE_HAL_PCD_REGISTER_CALLBACKS == 1U)
2336:Drivers/STM32F4xx_HAL_Driver/Src/stm32f4xx_hal_pcd.c ****       hpcd->DataOutStageCallback(hpcd, (uint8_t)epnum);
ARM GAS  /tmp/ccuGCwmi.s 			page 122


2337:Drivers/STM32F4xx_HAL_Driver/Src/stm32f4xx_hal_pcd.c **** #else
2338:Drivers/STM32F4xx_HAL_Driver/Src/stm32f4xx_hal_pcd.c ****       HAL_PCD_DataOutStageCallback(hpcd, (uint8_t)epnum);
 4593              		.loc 1 2338 7
 4594 01b0 3B68     		ldr	r3, [r7]
 4595 01b2 DBB2     		uxtb	r3, r3
 4596 01b4 1946     		mov	r1, r3
 4597 01b6 7868     		ldr	r0, [r7, #4]
 4598 01b8 FFF7FEFF 		bl	HAL_PCD_DataOutStageCallback
 4599              	.L177:
2339:Drivers/STM32F4xx_HAL_Driver/Src/stm32f4xx_hal_pcd.c **** #endif /* USE_HAL_PCD_REGISTER_CALLBACKS */
2340:Drivers/STM32F4xx_HAL_Driver/Src/stm32f4xx_hal_pcd.c ****     }
2341:Drivers/STM32F4xx_HAL_Driver/Src/stm32f4xx_hal_pcd.c ****   }
2342:Drivers/STM32F4xx_HAL_Driver/Src/stm32f4xx_hal_pcd.c **** 
2343:Drivers/STM32F4xx_HAL_Driver/Src/stm32f4xx_hal_pcd.c ****   return HAL_OK;
 4600              		.loc 1 2343 10
 4601 01bc 0023     		movs	r3, #0
2344:Drivers/STM32F4xx_HAL_Driver/Src/stm32f4xx_hal_pcd.c **** }
 4602              		.loc 1 2344 1
 4603 01be 1846     		mov	r0, r3
 4604 01c0 2037     		adds	r7, r7, #32
 4605              	.LCFI200:
 4606              		.cfi_def_cfa_offset 8
 4607 01c2 BD46     		mov	sp, r7
 4608              	.LCFI201:
 4609              		.cfi_def_cfa_register 13
 4610              		@ sp needed
 4611 01c4 80BD     		pop	{r7, pc}
 4612              	.L189:
 4613 01c6 00BF     		.align	2
 4614              	.L188:
 4615 01c8 0A30544F 		.word	1330917386
 4616 01cc 0A31544F 		.word	1330917642
 4617              		.cfi_endproc
 4618              	.LFE256:
 4620              		.section	.text.PCD_EP_OutSetupPacket_int,"ax",%progbits
 4621              		.align	1
 4622              		.syntax unified
 4623              		.thumb
 4624              		.thumb_func
 4626              	PCD_EP_OutSetupPacket_int:
 4627              	.LFB257:
2345:Drivers/STM32F4xx_HAL_Driver/Src/stm32f4xx_hal_pcd.c **** 
2346:Drivers/STM32F4xx_HAL_Driver/Src/stm32f4xx_hal_pcd.c **** 
2347:Drivers/STM32F4xx_HAL_Driver/Src/stm32f4xx_hal_pcd.c **** /**
2348:Drivers/STM32F4xx_HAL_Driver/Src/stm32f4xx_hal_pcd.c ****   * @brief  process EP OUT setup packet received interrupt.
2349:Drivers/STM32F4xx_HAL_Driver/Src/stm32f4xx_hal_pcd.c ****   * @param  hpcd PCD handle
2350:Drivers/STM32F4xx_HAL_Driver/Src/stm32f4xx_hal_pcd.c ****   * @param  epnum endpoint number
2351:Drivers/STM32F4xx_HAL_Driver/Src/stm32f4xx_hal_pcd.c ****   * @retval HAL status
2352:Drivers/STM32F4xx_HAL_Driver/Src/stm32f4xx_hal_pcd.c ****   */
2353:Drivers/STM32F4xx_HAL_Driver/Src/stm32f4xx_hal_pcd.c **** static HAL_StatusTypeDef PCD_EP_OutSetupPacket_int(PCD_HandleTypeDef *hpcd, uint32_t epnum)
2354:Drivers/STM32F4xx_HAL_Driver/Src/stm32f4xx_hal_pcd.c **** {
 4628              		.loc 1 2354 1
 4629              		.cfi_startproc
 4630              		@ args = 0, pretend = 0, frame = 24
 4631              		@ frame_needed = 1, uses_anonymous_args = 0
 4632 0000 80B5     		push	{r7, lr}
 4633              	.LCFI202:
ARM GAS  /tmp/ccuGCwmi.s 			page 123


 4634              		.cfi_def_cfa_offset 8
 4635              		.cfi_offset 7, -8
 4636              		.cfi_offset 14, -4
 4637 0002 86B0     		sub	sp, sp, #24
 4638              	.LCFI203:
 4639              		.cfi_def_cfa_offset 32
 4640 0004 00AF     		add	r7, sp, #0
 4641              	.LCFI204:
 4642              		.cfi_def_cfa_register 7
 4643 0006 7860     		str	r0, [r7, #4]
 4644 0008 3960     		str	r1, [r7]
2355:Drivers/STM32F4xx_HAL_Driver/Src/stm32f4xx_hal_pcd.c ****   const USB_OTG_GlobalTypeDef *USBx = hpcd->Instance;
 4645              		.loc 1 2355 32
 4646 000a 7B68     		ldr	r3, [r7, #4]
 4647 000c 1B68     		ldr	r3, [r3]
 4648 000e 7B61     		str	r3, [r7, #20]
2356:Drivers/STM32F4xx_HAL_Driver/Src/stm32f4xx_hal_pcd.c ****   uint32_t USBx_BASE = (uint32_t)USBx;
 4649              		.loc 1 2356 12
 4650 0010 7B69     		ldr	r3, [r7, #20]
 4651 0012 3B61     		str	r3, [r7, #16]
2357:Drivers/STM32F4xx_HAL_Driver/Src/stm32f4xx_hal_pcd.c ****   uint32_t gSNPSiD = *(__IO const uint32_t *)(&USBx->CID + 0x1U);
 4652              		.loc 1 2357 47
 4653 0014 7B69     		ldr	r3, [r7, #20]
 4654 0016 3C33     		adds	r3, r3, #60
 4655              		.loc 1 2357 23
 4656 0018 0433     		adds	r3, r3, #4
 4657              		.loc 1 2357 12
 4658 001a 1B68     		ldr	r3, [r3]
 4659 001c FB60     		str	r3, [r7, #12]
2358:Drivers/STM32F4xx_HAL_Driver/Src/stm32f4xx_hal_pcd.c ****   uint32_t DoepintReg = USBx_OUTEP(epnum)->DOEPINT;
 4660              		.loc 1 2358 25
 4661 001e 3B68     		ldr	r3, [r7]
 4662 0020 5A01     		lsls	r2, r3, #5
 4663 0022 3B69     		ldr	r3, [r7, #16]
 4664 0024 1344     		add	r3, r3, r2
 4665 0026 03F53063 		add	r3, r3, #2816
 4666              		.loc 1 2358 12
 4667 002a 9B68     		ldr	r3, [r3, #8]
 4668 002c BB60     		str	r3, [r7, #8]
2359:Drivers/STM32F4xx_HAL_Driver/Src/stm32f4xx_hal_pcd.c **** 
2360:Drivers/STM32F4xx_HAL_Driver/Src/stm32f4xx_hal_pcd.c ****   if ((gSNPSiD > USB_OTG_CORE_ID_300A) &&
 4669              		.loc 1 2360 6
 4670 002e FB68     		ldr	r3, [r7, #12]
 4671 0030 154A     		ldr	r2, .L194
 4672 0032 9342     		cmp	r3, r2
 4673 0034 0ED9     		bls	.L191
2361:Drivers/STM32F4xx_HAL_Driver/Src/stm32f4xx_hal_pcd.c ****       ((DoepintReg & USB_OTG_DOEPINT_STPKTRX) == USB_OTG_DOEPINT_STPKTRX))
 4674              		.loc 1 2361 20
 4675 0036 BB68     		ldr	r3, [r7, #8]
 4676 0038 03F40043 		and	r3, r3, #32768
2360:Drivers/STM32F4xx_HAL_Driver/Src/stm32f4xx_hal_pcd.c ****       ((DoepintReg & USB_OTG_DOEPINT_STPKTRX) == USB_OTG_DOEPINT_STPKTRX))
 4677              		.loc 1 2360 40 discriminator 1
 4678 003c 002B     		cmp	r3, #0
 4679 003e 09D0     		beq	.L191
2362:Drivers/STM32F4xx_HAL_Driver/Src/stm32f4xx_hal_pcd.c ****   {
2363:Drivers/STM32F4xx_HAL_Driver/Src/stm32f4xx_hal_pcd.c ****     CLEAR_OUT_EP_INTR(epnum, USB_OTG_DOEPINT_STPKTRX);
 4680              		.loc 1 2363 5
ARM GAS  /tmp/ccuGCwmi.s 			page 124


 4681 0040 3B68     		ldr	r3, [r7]
 4682 0042 5A01     		lsls	r2, r3, #5
 4683 0044 3B69     		ldr	r3, [r7, #16]
 4684 0046 1344     		add	r3, r3, r2
 4685 0048 03F53063 		add	r3, r3, #2816
 4686 004c 1A46     		mov	r2, r3
 4687 004e 4FF40043 		mov	r3, #32768
 4688 0052 9360     		str	r3, [r2, #8]
 4689              	.L191:
2364:Drivers/STM32F4xx_HAL_Driver/Src/stm32f4xx_hal_pcd.c ****   }
2365:Drivers/STM32F4xx_HAL_Driver/Src/stm32f4xx_hal_pcd.c **** 
2366:Drivers/STM32F4xx_HAL_Driver/Src/stm32f4xx_hal_pcd.c ****   /* Inform the upper layer that a setup packet is available */
2367:Drivers/STM32F4xx_HAL_Driver/Src/stm32f4xx_hal_pcd.c **** #if (USE_HAL_PCD_REGISTER_CALLBACKS == 1U)
2368:Drivers/STM32F4xx_HAL_Driver/Src/stm32f4xx_hal_pcd.c ****   hpcd->SetupStageCallback(hpcd);
2369:Drivers/STM32F4xx_HAL_Driver/Src/stm32f4xx_hal_pcd.c **** #else
2370:Drivers/STM32F4xx_HAL_Driver/Src/stm32f4xx_hal_pcd.c ****   HAL_PCD_SetupStageCallback(hpcd);
 4690              		.loc 1 2370 3
 4691 0054 7868     		ldr	r0, [r7, #4]
 4692 0056 FFF7FEFF 		bl	HAL_PCD_SetupStageCallback
2371:Drivers/STM32F4xx_HAL_Driver/Src/stm32f4xx_hal_pcd.c **** #endif /* USE_HAL_PCD_REGISTER_CALLBACKS */
2372:Drivers/STM32F4xx_HAL_Driver/Src/stm32f4xx_hal_pcd.c **** 
2373:Drivers/STM32F4xx_HAL_Driver/Src/stm32f4xx_hal_pcd.c ****   if ((gSNPSiD > USB_OTG_CORE_ID_300A) && (hpcd->Init.dma_enable == 1U))
 4693              		.loc 1 2373 6
 4694 005a FB68     		ldr	r3, [r7, #12]
 4695 005c 0A4A     		ldr	r2, .L194
 4696 005e 9342     		cmp	r3, r2
 4697 0060 0CD9     		bls	.L192
 4698              		.loc 1 2373 54 discriminator 1
 4699 0062 7B68     		ldr	r3, [r7, #4]
 4700 0064 9B79     		ldrb	r3, [r3, #6]	@ zero_extendqisi2
 4701              		.loc 1 2373 40 discriminator 1
 4702 0066 012B     		cmp	r3, #1
 4703 0068 08D1     		bne	.L192
2374:Drivers/STM32F4xx_HAL_Driver/Src/stm32f4xx_hal_pcd.c ****   {
2375:Drivers/STM32F4xx_HAL_Driver/Src/stm32f4xx_hal_pcd.c ****     (void)USB_EP0_OutStart(hpcd->Instance, 1U, (uint8_t *)hpcd->Setup);
 4704              		.loc 1 2375 32
 4705 006a 7B68     		ldr	r3, [r7, #4]
 4706 006c 1868     		ldr	r0, [r3]
 4707              		.loc 1 2375 59
 4708 006e 7B68     		ldr	r3, [r7, #4]
 4709 0070 03F29C43 		addw	r3, r3, #1180
 4710              		.loc 1 2375 11
 4711 0074 1A46     		mov	r2, r3
 4712 0076 0121     		movs	r1, #1
 4713 0078 FFF7FEFF 		bl	USB_EP0_OutStart
 4714              	.L192:
2376:Drivers/STM32F4xx_HAL_Driver/Src/stm32f4xx_hal_pcd.c ****   }
2377:Drivers/STM32F4xx_HAL_Driver/Src/stm32f4xx_hal_pcd.c **** 
2378:Drivers/STM32F4xx_HAL_Driver/Src/stm32f4xx_hal_pcd.c ****   return HAL_OK;
 4715              		.loc 1 2378 10
 4716 007c 0023     		movs	r3, #0
2379:Drivers/STM32F4xx_HAL_Driver/Src/stm32f4xx_hal_pcd.c **** }
 4717              		.loc 1 2379 1
 4718 007e 1846     		mov	r0, r3
 4719 0080 1837     		adds	r7, r7, #24
 4720              	.LCFI205:
 4721              		.cfi_def_cfa_offset 8
ARM GAS  /tmp/ccuGCwmi.s 			page 125


 4722 0082 BD46     		mov	sp, r7
 4723              	.LCFI206:
 4724              		.cfi_def_cfa_register 13
 4725              		@ sp needed
 4726 0084 80BD     		pop	{r7, pc}
 4727              	.L195:
 4728 0086 00BF     		.align	2
 4729              	.L194:
 4730 0088 0A30544F 		.word	1330917386
 4731              		.cfi_endproc
 4732              	.LFE257:
 4734              		.text
 4735              	.Letext0:
 4736              		.file 2 "/home/fabio/arm-gnu-toolchain-15.2.rel1-x86_64-arm-none-eabi/arm-none-eabi/include/machin
 4737              		.file 3 "/home/fabio/arm-gnu-toolchain-15.2.rel1-x86_64-arm-none-eabi/arm-none-eabi/include/sys/_s
 4738              		.file 4 "Drivers/CMSIS/Device/ST/STM32F4xx/Include/stm32f411xe.h"
 4739              		.file 5 "Drivers/STM32F4xx_HAL_Driver/Inc/stm32f4xx_hal_def.h"
 4740              		.file 6 "Drivers/STM32F4xx_HAL_Driver/Inc/stm32f4xx_ll_usb.h"
 4741              		.file 7 "Drivers/STM32F4xx_HAL_Driver/Inc/stm32f4xx_hal_pcd.h"
 4742              		.file 8 "Drivers/STM32F4xx_HAL_Driver/Inc/stm32f4xx_hal_rcc.h"
 4743              		.file 9 "Drivers/STM32F4xx_HAL_Driver/Inc/stm32f4xx_hal_pcd_ex.h"
ARM GAS  /tmp/ccuGCwmi.s 			page 126


DEFINED SYMBOLS
                            *ABS*:00000000 stm32f4xx_hal_pcd.c
     /tmp/ccuGCwmi.s:21     .text.HAL_PCD_Init:00000000 $t
     /tmp/ccuGCwmi.s:27     .text.HAL_PCD_Init:00000000 HAL_PCD_Init
     /tmp/ccuGCwmi.s:458    .text.HAL_PCD_MspInit:00000000 HAL_PCD_MspInit
     /tmp/ccuGCwmi.s:378    .text.HAL_PCD_DeInit:00000000 $t
     /tmp/ccuGCwmi.s:384    .text.HAL_PCD_DeInit:00000000 HAL_PCD_DeInit
     /tmp/ccuGCwmi.s:500    .text.HAL_PCD_MspDeInit:00000000 HAL_PCD_MspDeInit
     /tmp/ccuGCwmi.s:452    .text.HAL_PCD_MspInit:00000000 $t
     /tmp/ccuGCwmi.s:494    .text.HAL_PCD_MspDeInit:00000000 $t
     /tmp/ccuGCwmi.s:536    .text.HAL_PCD_Start:00000000 $t
     /tmp/ccuGCwmi.s:542    .text.HAL_PCD_Start:00000000 HAL_PCD_Start
     /tmp/ccuGCwmi.s:632    .text.HAL_PCD_Stop:00000000 $t
     /tmp/ccuGCwmi.s:638    .text.HAL_PCD_Stop:00000000 HAL_PCD_Stop
     /tmp/ccuGCwmi.s:735    .text.HAL_PCD_IRQHandler:00000000 $t
     /tmp/ccuGCwmi.s:741    .text.HAL_PCD_IRQHandler:00000000 HAL_PCD_IRQHandler
     /tmp/ccuGCwmi.s:4327   .text.PCD_EP_OutXfrComplete_int:00000000 PCD_EP_OutXfrComplete_int
     /tmp/ccuGCwmi.s:4626   .text.PCD_EP_OutSetupPacket_int:00000000 PCD_EP_OutSetupPacket_int
     /tmp/ccuGCwmi.s:2477   .text.HAL_PCD_ISOOUTIncompleteCallback:00000000 HAL_PCD_ISOOUTIncompleteCallback
     /tmp/ccuGCwmi.s:2223   .text.HAL_PCD_DataInStageCallback:00000000 HAL_PCD_DataInStageCallback
     /tmp/ccuGCwmi.s:2521   .text.HAL_PCD_ISOINIncompleteCallback:00000000 HAL_PCD_ISOINIncompleteCallback
     /tmp/ccuGCwmi.s:4108   .text.PCD_WriteEmptyTxFifo:00000000 PCD_WriteEmptyTxFifo
     /tmp/ccuGCwmi.s:2435   .text.HAL_PCD_ResumeCallback:00000000 HAL_PCD_ResumeCallback
     /tmp/ccuGCwmi.s:2393   .text.HAL_PCD_SuspendCallback:00000000 HAL_PCD_SuspendCallback
     /tmp/ccuGCwmi.s:2351   .text.HAL_PCD_ResetCallback:00000000 HAL_PCD_ResetCallback
     /tmp/ccuGCwmi.s:2309   .text.HAL_PCD_SOFCallback:00000000 HAL_PCD_SOFCallback
     /tmp/ccuGCwmi.s:3725   .text.HAL_PCD_EP_Abort:00000000 HAL_PCD_EP_Abort
     /tmp/ccuGCwmi.s:2565   .text.HAL_PCD_ConnectCallback:00000000 HAL_PCD_ConnectCallback
     /tmp/ccuGCwmi.s:2607   .text.HAL_PCD_DisconnectCallback:00000000 HAL_PCD_DisconnectCallback
     /tmp/ccuGCwmi.s:2107   .text.HAL_PCD_WKUP_IRQHandler:00000000 $t
     /tmp/ccuGCwmi.s:2113   .text.HAL_PCD_WKUP_IRQHandler:00000000 HAL_PCD_WKUP_IRQHandler
     /tmp/ccuGCwmi.s:2168   .text.HAL_PCD_WKUP_IRQHandler:00000034 $d
     /tmp/ccuGCwmi.s:2173   .text.HAL_PCD_DataOutStageCallback:00000000 $t
     /tmp/ccuGCwmi.s:2179   .text.HAL_PCD_DataOutStageCallback:00000000 HAL_PCD_DataOutStageCallback
     /tmp/ccuGCwmi.s:2217   .text.HAL_PCD_DataInStageCallback:00000000 $t
     /tmp/ccuGCwmi.s:2261   .text.HAL_PCD_SetupStageCallback:00000000 $t
     /tmp/ccuGCwmi.s:2267   .text.HAL_PCD_SetupStageCallback:00000000 HAL_PCD_SetupStageCallback
     /tmp/ccuGCwmi.s:2303   .text.HAL_PCD_SOFCallback:00000000 $t
     /tmp/ccuGCwmi.s:2345   .text.HAL_PCD_ResetCallback:00000000 $t
     /tmp/ccuGCwmi.s:2387   .text.HAL_PCD_SuspendCallback:00000000 $t
     /tmp/ccuGCwmi.s:2429   .text.HAL_PCD_ResumeCallback:00000000 $t
     /tmp/ccuGCwmi.s:2471   .text.HAL_PCD_ISOOUTIncompleteCallback:00000000 $t
     /tmp/ccuGCwmi.s:2515   .text.HAL_PCD_ISOINIncompleteCallback:00000000 $t
     /tmp/ccuGCwmi.s:2559   .text.HAL_PCD_ConnectCallback:00000000 $t
     /tmp/ccuGCwmi.s:2601   .text.HAL_PCD_DisconnectCallback:00000000 $t
     /tmp/ccuGCwmi.s:2643   .text.HAL_PCD_DevConnect:00000000 $t
     /tmp/ccuGCwmi.s:2649   .text.HAL_PCD_DevConnect:00000000 HAL_PCD_DevConnect
     /tmp/ccuGCwmi.s:2734   .text.HAL_PCD_DevDisconnect:00000000 $t
     /tmp/ccuGCwmi.s:2740   .text.HAL_PCD_DevDisconnect:00000000 HAL_PCD_DevDisconnect
     /tmp/ccuGCwmi.s:2825   .text.HAL_PCD_SetAddress:00000000 $t
     /tmp/ccuGCwmi.s:2831   .text.HAL_PCD_SetAddress:00000000 HAL_PCD_SetAddress
     /tmp/ccuGCwmi.s:2898   .text.HAL_PCD_EP_Open:00000000 $t
     /tmp/ccuGCwmi.s:2904   .text.HAL_PCD_EP_Open:00000000 HAL_PCD_EP_Open
     /tmp/ccuGCwmi.s:3058   .text.HAL_PCD_EP_Close:00000000 $t
     /tmp/ccuGCwmi.s:3064   .text.HAL_PCD_EP_Close:00000000 HAL_PCD_EP_Close
     /tmp/ccuGCwmi.s:3175   .text.HAL_PCD_EP_Receive:00000000 $t
     /tmp/ccuGCwmi.s:3181   .text.HAL_PCD_EP_Receive:00000000 HAL_PCD_EP_Receive
ARM GAS  /tmp/ccuGCwmi.s 			page 127


     /tmp/ccuGCwmi.s:3276   .text.HAL_PCD_EP_GetRxCount:00000000 $t
     /tmp/ccuGCwmi.s:3282   .text.HAL_PCD_EP_GetRxCount:00000000 HAL_PCD_EP_GetRxCount
     /tmp/ccuGCwmi.s:3332   .text.HAL_PCD_EP_Transmit:00000000 $t
     /tmp/ccuGCwmi.s:3338   .text.HAL_PCD_EP_Transmit:00000000 HAL_PCD_EP_Transmit
     /tmp/ccuGCwmi.s:3433   .text.HAL_PCD_EP_SetStall:00000000 $t
     /tmp/ccuGCwmi.s:3439   .text.HAL_PCD_EP_SetStall:00000000 HAL_PCD_EP_SetStall
     /tmp/ccuGCwmi.s:3585   .text.HAL_PCD_EP_ClrStall:00000000 $t
     /tmp/ccuGCwmi.s:3591   .text.HAL_PCD_EP_ClrStall:00000000 HAL_PCD_EP_ClrStall
     /tmp/ccuGCwmi.s:3719   .text.HAL_PCD_EP_Abort:00000000 $t
     /tmp/ccuGCwmi.s:3804   .text.HAL_PCD_EP_Flush:00000000 $t
     /tmp/ccuGCwmi.s:3810   .text.HAL_PCD_EP_Flush:00000000 HAL_PCD_EP_Flush
     /tmp/ccuGCwmi.s:3889   .text.HAL_PCD_ActivateRemoteWakeup:00000000 $t
     /tmp/ccuGCwmi.s:3895   .text.HAL_PCD_ActivateRemoteWakeup:00000000 HAL_PCD_ActivateRemoteWakeup
     /tmp/ccuGCwmi.s:3934   .text.HAL_PCD_DeActivateRemoteWakeup:00000000 $t
     /tmp/ccuGCwmi.s:3940   .text.HAL_PCD_DeActivateRemoteWakeup:00000000 HAL_PCD_DeActivateRemoteWakeup
     /tmp/ccuGCwmi.s:3979   .text.HAL_PCD_GetState:00000000 $t
     /tmp/ccuGCwmi.s:3985   .text.HAL_PCD_GetState:00000000 HAL_PCD_GetState
     /tmp/ccuGCwmi.s:4025   .text.HAL_PCD_SetTestMode:00000000 $t
     /tmp/ccuGCwmi.s:4031   .text.HAL_PCD_SetTestMode:00000000 HAL_PCD_SetTestMode
     /tmp/ccuGCwmi.s:4103   .text.PCD_WriteEmptyTxFifo:00000000 $t
     /tmp/ccuGCwmi.s:4322   .text.PCD_EP_OutXfrComplete_int:00000000 $t
     /tmp/ccuGCwmi.s:4615   .text.PCD_EP_OutXfrComplete_int:000001c8 $d
     /tmp/ccuGCwmi.s:4621   .text.PCD_EP_OutSetupPacket_int:00000000 $t
     /tmp/ccuGCwmi.s:4730   .text.PCD_EP_OutSetupPacket_int:00000088 $d

UNDEFINED SYMBOLS
USB_DisableGlobalInt
USB_CoreInit
USB_SetCurrentMode
USB_DevInit
USB_DevDisconnect
USB_StopDevice
USB_EnableGlobalInt
USB_DevConnect
USB_FlushTxFifo
USB_GetMode
USB_ReadInterrupts
USB_ReadPacket
USB_ReadDevAllOutEpInterrupt
USB_ReadDevOutEPInterrupt
USB_ReadDevAllInEpInterrupt
USB_ReadDevInEPInterrupt
USB_EP0_OutStart
HAL_PCDEx_LPM_Callback
USB_ActivateSetup
USB_GetDevSpeed
HAL_RCC_GetHCLKFreq
USB_SetTurnaroundTime
USB_SetDevAddress
USB_ActivateEndpoint
USB_DeactivateEndpoint
USB_EPStartXfer
USB_EPSetStall
USB_EPClearStall
USB_EPStopXfer
USB_FlushRxFifo
USB_ActivateRemoteWakeup
ARM GAS  /tmp/ccuGCwmi.s 			page 128


USB_DeActivateRemoteWakeup
USB_WritePacket
