ARM GAS  /tmp/ccGoskYi.s 			page 1


   1              		.cpu cortex-m4
   2              		.arch armv7e-m
   3              		.fpu fpv4-sp-d16
   4              		.eabi_attribute 27, 1
   5              		.eabi_attribute 28, 1
   6              		.eabi_attribute 20, 1
   7              		.eabi_attribute 21, 1
   8              		.eabi_attribute 23, 3
   9              		.eabi_attribute 24, 1
  10              		.eabi_attribute 25, 1
  11              		.eabi_attribute 26, 1
  12              		.eabi_attribute 30, 6
  13              		.eabi_attribute 34, 1
  14              		.eabi_attribute 18, 4
  15              		.file	"stm32f4xx_hal_dma.c"
  16              		.text
  17              	.Ltext0:
  18              		.cfi_sections	.debug_frame
  19              		.file 1 "Drivers/STM32F4xx_HAL_Driver/Src/stm32f4xx_hal_dma.c"
  20              		.section	.text.HAL_DMA_Init,"ax",%progbits
  21              		.align	1
  22              		.global	HAL_DMA_Init
  23              		.syntax unified
  24              		.thumb
  25              		.thumb_func
  27              	HAL_DMA_Init:
  28              	.LFB220:
   1:Drivers/STM32F4xx_HAL_Driver/Src/stm32f4xx_hal_dma.c **** /**
   2:Drivers/STM32F4xx_HAL_Driver/Src/stm32f4xx_hal_dma.c ****   ******************************************************************************
   3:Drivers/STM32F4xx_HAL_Driver/Src/stm32f4xx_hal_dma.c ****   * @file    stm32f4xx_hal_dma.c
   4:Drivers/STM32F4xx_HAL_Driver/Src/stm32f4xx_hal_dma.c ****   * @author  MCD Application Team
   5:Drivers/STM32F4xx_HAL_Driver/Src/stm32f4xx_hal_dma.c ****   * @brief   DMA HAL module driver.
   6:Drivers/STM32F4xx_HAL_Driver/Src/stm32f4xx_hal_dma.c ****   *    
   7:Drivers/STM32F4xx_HAL_Driver/Src/stm32f4xx_hal_dma.c ****   *          This file provides firmware functions to manage the following 
   8:Drivers/STM32F4xx_HAL_Driver/Src/stm32f4xx_hal_dma.c ****   *          functionalities of the Direct Memory Access (DMA) peripheral:
   9:Drivers/STM32F4xx_HAL_Driver/Src/stm32f4xx_hal_dma.c ****   *           + Initialization and de-initialization functions
  10:Drivers/STM32F4xx_HAL_Driver/Src/stm32f4xx_hal_dma.c ****   *           + IO operation functions
  11:Drivers/STM32F4xx_HAL_Driver/Src/stm32f4xx_hal_dma.c ****   *           + Peripheral State and errors functions
  12:Drivers/STM32F4xx_HAL_Driver/Src/stm32f4xx_hal_dma.c ****   @verbatim     
  13:Drivers/STM32F4xx_HAL_Driver/Src/stm32f4xx_hal_dma.c ****   ==============================================================================
  14:Drivers/STM32F4xx_HAL_Driver/Src/stm32f4xx_hal_dma.c ****                         ##### How to use this driver #####
  15:Drivers/STM32F4xx_HAL_Driver/Src/stm32f4xx_hal_dma.c ****   ==============================================================================
  16:Drivers/STM32F4xx_HAL_Driver/Src/stm32f4xx_hal_dma.c ****   [..]
  17:Drivers/STM32F4xx_HAL_Driver/Src/stm32f4xx_hal_dma.c ****    (#) Enable and configure the peripheral to be connected to the DMA Stream
  18:Drivers/STM32F4xx_HAL_Driver/Src/stm32f4xx_hal_dma.c ****        (except for internal SRAM/FLASH memories: no initialization is 
  19:Drivers/STM32F4xx_HAL_Driver/Src/stm32f4xx_hal_dma.c ****        necessary) please refer to Reference manual for connection between peripherals
  20:Drivers/STM32F4xx_HAL_Driver/Src/stm32f4xx_hal_dma.c ****        and DMA requests.
  21:Drivers/STM32F4xx_HAL_Driver/Src/stm32f4xx_hal_dma.c **** 
  22:Drivers/STM32F4xx_HAL_Driver/Src/stm32f4xx_hal_dma.c ****    (#) For a given Stream, program the required configuration through the following parameters:
  23:Drivers/STM32F4xx_HAL_Driver/Src/stm32f4xx_hal_dma.c ****        Transfer Direction, Source and Destination data formats, 
  24:Drivers/STM32F4xx_HAL_Driver/Src/stm32f4xx_hal_dma.c ****        Circular, Normal or peripheral flow control mode, Stream Priority level, 
  25:Drivers/STM32F4xx_HAL_Driver/Src/stm32f4xx_hal_dma.c ****        Source and Destination Increment mode, FIFO mode and its Threshold (if needed), 
  26:Drivers/STM32F4xx_HAL_Driver/Src/stm32f4xx_hal_dma.c ****        Burst mode for Source and/or Destination (if needed) using HAL_DMA_Init() function.
  27:Drivers/STM32F4xx_HAL_Driver/Src/stm32f4xx_hal_dma.c **** 
  28:Drivers/STM32F4xx_HAL_Driver/Src/stm32f4xx_hal_dma.c ****    -@-   Prior to HAL_DMA_Init() the clock must be enabled for DMA through the following macros:
  29:Drivers/STM32F4xx_HAL_Driver/Src/stm32f4xx_hal_dma.c ****          __HAL_RCC_DMA1_CLK_ENABLE() or __HAL_RCC_DMA2_CLK_ENABLE().
  30:Drivers/STM32F4xx_HAL_Driver/Src/stm32f4xx_hal_dma.c **** 
ARM GAS  /tmp/ccGoskYi.s 			page 2


  31:Drivers/STM32F4xx_HAL_Driver/Src/stm32f4xx_hal_dma.c ****      *** Polling mode IO operation ***
  32:Drivers/STM32F4xx_HAL_Driver/Src/stm32f4xx_hal_dma.c ****      =================================
  33:Drivers/STM32F4xx_HAL_Driver/Src/stm32f4xx_hal_dma.c ****     [..]
  34:Drivers/STM32F4xx_HAL_Driver/Src/stm32f4xx_hal_dma.c ****           (+) Use HAL_DMA_Start() to start DMA transfer after the configuration of Source 
  35:Drivers/STM32F4xx_HAL_Driver/Src/stm32f4xx_hal_dma.c ****               address and destination address and the Length of data to be transferred.
  36:Drivers/STM32F4xx_HAL_Driver/Src/stm32f4xx_hal_dma.c ****           (+) Use HAL_DMA_PollForTransfer() to poll for the end of current transfer, in this  
  37:Drivers/STM32F4xx_HAL_Driver/Src/stm32f4xx_hal_dma.c ****               case a fixed Timeout can be configured by User depending from his application.
  38:Drivers/STM32F4xx_HAL_Driver/Src/stm32f4xx_hal_dma.c ****           (+) Use HAL_DMA_Abort() function to abort the current transfer.
  39:Drivers/STM32F4xx_HAL_Driver/Src/stm32f4xx_hal_dma.c **** 
  40:Drivers/STM32F4xx_HAL_Driver/Src/stm32f4xx_hal_dma.c ****      *** Interrupt mode IO operation ***
  41:Drivers/STM32F4xx_HAL_Driver/Src/stm32f4xx_hal_dma.c ****      ===================================
  42:Drivers/STM32F4xx_HAL_Driver/Src/stm32f4xx_hal_dma.c ****     [..]
  43:Drivers/STM32F4xx_HAL_Driver/Src/stm32f4xx_hal_dma.c ****           (+) Configure the DMA interrupt priority using HAL_NVIC_SetPriority()
  44:Drivers/STM32F4xx_HAL_Driver/Src/stm32f4xx_hal_dma.c ****           (+) Enable the DMA IRQ handler using HAL_NVIC_EnableIRQ() 
  45:Drivers/STM32F4xx_HAL_Driver/Src/stm32f4xx_hal_dma.c ****           (+) Use HAL_DMA_Start_IT() to start DMA transfer after the configuration of  
  46:Drivers/STM32F4xx_HAL_Driver/Src/stm32f4xx_hal_dma.c ****               Source address and destination address and the Length of data to be transferred. In t
  47:Drivers/STM32F4xx_HAL_Driver/Src/stm32f4xx_hal_dma.c ****               case the DMA interrupt is configured 
  48:Drivers/STM32F4xx_HAL_Driver/Src/stm32f4xx_hal_dma.c ****           (+) Use HAL_DMA_IRQHandler() called under DMA_IRQHandler() Interrupt subroutine
  49:Drivers/STM32F4xx_HAL_Driver/Src/stm32f4xx_hal_dma.c ****           (+) At the end of data transfer HAL_DMA_IRQHandler() function is executed and user can 
  50:Drivers/STM32F4xx_HAL_Driver/Src/stm32f4xx_hal_dma.c ****               add his own function by customization of function pointer XferCpltCallback and 
  51:Drivers/STM32F4xx_HAL_Driver/Src/stm32f4xx_hal_dma.c ****               XferErrorCallback (i.e a member of DMA handle structure).
  52:Drivers/STM32F4xx_HAL_Driver/Src/stm32f4xx_hal_dma.c ****     [..]
  53:Drivers/STM32F4xx_HAL_Driver/Src/stm32f4xx_hal_dma.c ****      (#) Use HAL_DMA_GetState() function to return the DMA state and HAL_DMA_GetError() in case of 
  54:Drivers/STM32F4xx_HAL_Driver/Src/stm32f4xx_hal_dma.c ****          detection.
  55:Drivers/STM32F4xx_HAL_Driver/Src/stm32f4xx_hal_dma.c **** 
  56:Drivers/STM32F4xx_HAL_Driver/Src/stm32f4xx_hal_dma.c ****      (#) Use HAL_DMA_Abort_IT() function to abort the current transfer
  57:Drivers/STM32F4xx_HAL_Driver/Src/stm32f4xx_hal_dma.c **** 
  58:Drivers/STM32F4xx_HAL_Driver/Src/stm32f4xx_hal_dma.c ****      -@-   In Memory-to-Memory transfer mode, Circular mode is not allowed.
  59:Drivers/STM32F4xx_HAL_Driver/Src/stm32f4xx_hal_dma.c **** 
  60:Drivers/STM32F4xx_HAL_Driver/Src/stm32f4xx_hal_dma.c ****      -@-   The FIFO is used mainly to reduce bus usage and to allow data packing/unpacking: it is
  61:Drivers/STM32F4xx_HAL_Driver/Src/stm32f4xx_hal_dma.c ****            possible to set different Data Sizes for the Peripheral and the Memory (ie. you can set
  62:Drivers/STM32F4xx_HAL_Driver/Src/stm32f4xx_hal_dma.c ****            Half-Word data size for the peripheral to access its data register and set Word data siz
  63:Drivers/STM32F4xx_HAL_Driver/Src/stm32f4xx_hal_dma.c ****            for the Memory to gain in access time. Each two half words will be packed and written in
  64:Drivers/STM32F4xx_HAL_Driver/Src/stm32f4xx_hal_dma.c ****            a single access to a Word in the Memory).
  65:Drivers/STM32F4xx_HAL_Driver/Src/stm32f4xx_hal_dma.c **** 
  66:Drivers/STM32F4xx_HAL_Driver/Src/stm32f4xx_hal_dma.c ****      -@-   When FIFO is disabled, it is not allowed to configure different Data Sizes for Source
  67:Drivers/STM32F4xx_HAL_Driver/Src/stm32f4xx_hal_dma.c ****            and Destination. In this case the Peripheral Data Size will be applied to both Source
  68:Drivers/STM32F4xx_HAL_Driver/Src/stm32f4xx_hal_dma.c ****            and Destination.
  69:Drivers/STM32F4xx_HAL_Driver/Src/stm32f4xx_hal_dma.c **** 
  70:Drivers/STM32F4xx_HAL_Driver/Src/stm32f4xx_hal_dma.c ****      *** DMA HAL driver macros list ***
  71:Drivers/STM32F4xx_HAL_Driver/Src/stm32f4xx_hal_dma.c ****      =============================================
  72:Drivers/STM32F4xx_HAL_Driver/Src/stm32f4xx_hal_dma.c ****      [..]
  73:Drivers/STM32F4xx_HAL_Driver/Src/stm32f4xx_hal_dma.c ****        Below the list of most used macros in DMA HAL driver.
  74:Drivers/STM32F4xx_HAL_Driver/Src/stm32f4xx_hal_dma.c ****        
  75:Drivers/STM32F4xx_HAL_Driver/Src/stm32f4xx_hal_dma.c ****       (+) __HAL_DMA_ENABLE: Enable the specified DMA Stream.
  76:Drivers/STM32F4xx_HAL_Driver/Src/stm32f4xx_hal_dma.c ****       (+) __HAL_DMA_DISABLE: Disable the specified DMA Stream.
  77:Drivers/STM32F4xx_HAL_Driver/Src/stm32f4xx_hal_dma.c ****       (+) __HAL_DMA_GET_IT_SOURCE: Check whether the specified DMA Stream interrupt has occurred or
  78:Drivers/STM32F4xx_HAL_Driver/Src/stm32f4xx_hal_dma.c **** 
  79:Drivers/STM32F4xx_HAL_Driver/Src/stm32f4xx_hal_dma.c ****      [..]
  80:Drivers/STM32F4xx_HAL_Driver/Src/stm32f4xx_hal_dma.c ****       (@) You can refer to the DMA HAL driver header file for more useful macros
  81:Drivers/STM32F4xx_HAL_Driver/Src/stm32f4xx_hal_dma.c **** 
  82:Drivers/STM32F4xx_HAL_Driver/Src/stm32f4xx_hal_dma.c ****   @endverbatim
  83:Drivers/STM32F4xx_HAL_Driver/Src/stm32f4xx_hal_dma.c ****   ******************************************************************************
  84:Drivers/STM32F4xx_HAL_Driver/Src/stm32f4xx_hal_dma.c ****   * @attention
  85:Drivers/STM32F4xx_HAL_Driver/Src/stm32f4xx_hal_dma.c ****   *
  86:Drivers/STM32F4xx_HAL_Driver/Src/stm32f4xx_hal_dma.c ****   * Copyright (c) 2017 STMicroelectronics.
  87:Drivers/STM32F4xx_HAL_Driver/Src/stm32f4xx_hal_dma.c ****   * All rights reserved.
ARM GAS  /tmp/ccGoskYi.s 			page 3


  88:Drivers/STM32F4xx_HAL_Driver/Src/stm32f4xx_hal_dma.c ****   *
  89:Drivers/STM32F4xx_HAL_Driver/Src/stm32f4xx_hal_dma.c ****   * This software is licensed under terms that can be found in the LICENSE file in
  90:Drivers/STM32F4xx_HAL_Driver/Src/stm32f4xx_hal_dma.c ****   * the root directory of this software component.
  91:Drivers/STM32F4xx_HAL_Driver/Src/stm32f4xx_hal_dma.c ****   * If no LICENSE file comes with this software, it is provided AS-IS.
  92:Drivers/STM32F4xx_HAL_Driver/Src/stm32f4xx_hal_dma.c ****   *
  93:Drivers/STM32F4xx_HAL_Driver/Src/stm32f4xx_hal_dma.c ****   ******************************************************************************
  94:Drivers/STM32F4xx_HAL_Driver/Src/stm32f4xx_hal_dma.c ****   */ 
  95:Drivers/STM32F4xx_HAL_Driver/Src/stm32f4xx_hal_dma.c **** 
  96:Drivers/STM32F4xx_HAL_Driver/Src/stm32f4xx_hal_dma.c **** /* Includes ------------------------------------------------------------------*/
  97:Drivers/STM32F4xx_HAL_Driver/Src/stm32f4xx_hal_dma.c **** #include "stm32f4xx_hal.h"
  98:Drivers/STM32F4xx_HAL_Driver/Src/stm32f4xx_hal_dma.c **** 
  99:Drivers/STM32F4xx_HAL_Driver/Src/stm32f4xx_hal_dma.c **** /** @addtogroup STM32F4xx_HAL_Driver
 100:Drivers/STM32F4xx_HAL_Driver/Src/stm32f4xx_hal_dma.c ****   * @{
 101:Drivers/STM32F4xx_HAL_Driver/Src/stm32f4xx_hal_dma.c ****   */
 102:Drivers/STM32F4xx_HAL_Driver/Src/stm32f4xx_hal_dma.c **** 
 103:Drivers/STM32F4xx_HAL_Driver/Src/stm32f4xx_hal_dma.c **** /** @defgroup DMA DMA
 104:Drivers/STM32F4xx_HAL_Driver/Src/stm32f4xx_hal_dma.c ****   * @brief DMA HAL module driver
 105:Drivers/STM32F4xx_HAL_Driver/Src/stm32f4xx_hal_dma.c ****   * @{
 106:Drivers/STM32F4xx_HAL_Driver/Src/stm32f4xx_hal_dma.c ****   */
 107:Drivers/STM32F4xx_HAL_Driver/Src/stm32f4xx_hal_dma.c **** 
 108:Drivers/STM32F4xx_HAL_Driver/Src/stm32f4xx_hal_dma.c **** #ifdef HAL_DMA_MODULE_ENABLED
 109:Drivers/STM32F4xx_HAL_Driver/Src/stm32f4xx_hal_dma.c **** 
 110:Drivers/STM32F4xx_HAL_Driver/Src/stm32f4xx_hal_dma.c **** /* Private types -------------------------------------------------------------*/
 111:Drivers/STM32F4xx_HAL_Driver/Src/stm32f4xx_hal_dma.c **** typedef struct
 112:Drivers/STM32F4xx_HAL_Driver/Src/stm32f4xx_hal_dma.c **** {
 113:Drivers/STM32F4xx_HAL_Driver/Src/stm32f4xx_hal_dma.c ****   __IO uint32_t ISR;   /*!< DMA interrupt status register */
 114:Drivers/STM32F4xx_HAL_Driver/Src/stm32f4xx_hal_dma.c ****   __IO uint32_t Reserved0;
 115:Drivers/STM32F4xx_HAL_Driver/Src/stm32f4xx_hal_dma.c ****   __IO uint32_t IFCR;  /*!< DMA interrupt flag clear register */
 116:Drivers/STM32F4xx_HAL_Driver/Src/stm32f4xx_hal_dma.c **** } DMA_Base_Registers;
 117:Drivers/STM32F4xx_HAL_Driver/Src/stm32f4xx_hal_dma.c **** 
 118:Drivers/STM32F4xx_HAL_Driver/Src/stm32f4xx_hal_dma.c **** /* Private variables ---------------------------------------------------------*/
 119:Drivers/STM32F4xx_HAL_Driver/Src/stm32f4xx_hal_dma.c **** /* Private constants ---------------------------------------------------------*/
 120:Drivers/STM32F4xx_HAL_Driver/Src/stm32f4xx_hal_dma.c **** /** @addtogroup DMA_Private_Constants
 121:Drivers/STM32F4xx_HAL_Driver/Src/stm32f4xx_hal_dma.c ****  * @{
 122:Drivers/STM32F4xx_HAL_Driver/Src/stm32f4xx_hal_dma.c ****  */
 123:Drivers/STM32F4xx_HAL_Driver/Src/stm32f4xx_hal_dma.c ****  #define HAL_TIMEOUT_DMA_ABORT    5U  /* 5 ms */
 124:Drivers/STM32F4xx_HAL_Driver/Src/stm32f4xx_hal_dma.c **** /**
 125:Drivers/STM32F4xx_HAL_Driver/Src/stm32f4xx_hal_dma.c ****   * @}
 126:Drivers/STM32F4xx_HAL_Driver/Src/stm32f4xx_hal_dma.c ****   */
 127:Drivers/STM32F4xx_HAL_Driver/Src/stm32f4xx_hal_dma.c **** /* Private macros ------------------------------------------------------------*/
 128:Drivers/STM32F4xx_HAL_Driver/Src/stm32f4xx_hal_dma.c **** /* Private functions ---------------------------------------------------------*/
 129:Drivers/STM32F4xx_HAL_Driver/Src/stm32f4xx_hal_dma.c **** /** @addtogroup DMA_Private_Functions
 130:Drivers/STM32F4xx_HAL_Driver/Src/stm32f4xx_hal_dma.c ****   * @{
 131:Drivers/STM32F4xx_HAL_Driver/Src/stm32f4xx_hal_dma.c ****   */
 132:Drivers/STM32F4xx_HAL_Driver/Src/stm32f4xx_hal_dma.c **** static void DMA_SetConfig(DMA_HandleTypeDef *hdma, uint32_t SrcAddress, uint32_t DstAddress, uint32
 133:Drivers/STM32F4xx_HAL_Driver/Src/stm32f4xx_hal_dma.c **** static uint32_t DMA_CalcBaseAndBitshift(DMA_HandleTypeDef *hdma);
 134:Drivers/STM32F4xx_HAL_Driver/Src/stm32f4xx_hal_dma.c **** static HAL_StatusTypeDef DMA_CheckFifoParam(DMA_HandleTypeDef *hdma);
 135:Drivers/STM32F4xx_HAL_Driver/Src/stm32f4xx_hal_dma.c **** 
 136:Drivers/STM32F4xx_HAL_Driver/Src/stm32f4xx_hal_dma.c **** /**
 137:Drivers/STM32F4xx_HAL_Driver/Src/stm32f4xx_hal_dma.c ****   * @}
 138:Drivers/STM32F4xx_HAL_Driver/Src/stm32f4xx_hal_dma.c ****   */  
 139:Drivers/STM32F4xx_HAL_Driver/Src/stm32f4xx_hal_dma.c **** 
 140:Drivers/STM32F4xx_HAL_Driver/Src/stm32f4xx_hal_dma.c **** /* Exported functions ---------------------------------------------------------*/
 141:Drivers/STM32F4xx_HAL_Driver/Src/stm32f4xx_hal_dma.c **** /** @addtogroup DMA_Exported_Functions
 142:Drivers/STM32F4xx_HAL_Driver/Src/stm32f4xx_hal_dma.c ****   * @{
 143:Drivers/STM32F4xx_HAL_Driver/Src/stm32f4xx_hal_dma.c ****   */
 144:Drivers/STM32F4xx_HAL_Driver/Src/stm32f4xx_hal_dma.c **** 
ARM GAS  /tmp/ccGoskYi.s 			page 4


 145:Drivers/STM32F4xx_HAL_Driver/Src/stm32f4xx_hal_dma.c **** /** @addtogroup DMA_Exported_Functions_Group1
 146:Drivers/STM32F4xx_HAL_Driver/Src/stm32f4xx_hal_dma.c ****   *
 147:Drivers/STM32F4xx_HAL_Driver/Src/stm32f4xx_hal_dma.c **** @verbatim
 148:Drivers/STM32F4xx_HAL_Driver/Src/stm32f4xx_hal_dma.c ****  ===============================================================================
 149:Drivers/STM32F4xx_HAL_Driver/Src/stm32f4xx_hal_dma.c ****              ##### Initialization and de-initialization functions  #####
 150:Drivers/STM32F4xx_HAL_Driver/Src/stm32f4xx_hal_dma.c ****  ===============================================================================
 151:Drivers/STM32F4xx_HAL_Driver/Src/stm32f4xx_hal_dma.c ****     [..]
 152:Drivers/STM32F4xx_HAL_Driver/Src/stm32f4xx_hal_dma.c ****     This section provides functions allowing to initialize the DMA Stream source
 153:Drivers/STM32F4xx_HAL_Driver/Src/stm32f4xx_hal_dma.c ****     and destination addresses, incrementation and data sizes, transfer direction, 
 154:Drivers/STM32F4xx_HAL_Driver/Src/stm32f4xx_hal_dma.c ****     circular/normal mode selection, memory-to-memory mode selection and Stream priority value.
 155:Drivers/STM32F4xx_HAL_Driver/Src/stm32f4xx_hal_dma.c ****     [..]
 156:Drivers/STM32F4xx_HAL_Driver/Src/stm32f4xx_hal_dma.c ****     The HAL_DMA_Init() function follows the DMA configuration procedures as described in
 157:Drivers/STM32F4xx_HAL_Driver/Src/stm32f4xx_hal_dma.c ****     reference manual.
 158:Drivers/STM32F4xx_HAL_Driver/Src/stm32f4xx_hal_dma.c **** 
 159:Drivers/STM32F4xx_HAL_Driver/Src/stm32f4xx_hal_dma.c **** @endverbatim
 160:Drivers/STM32F4xx_HAL_Driver/Src/stm32f4xx_hal_dma.c ****   * @{
 161:Drivers/STM32F4xx_HAL_Driver/Src/stm32f4xx_hal_dma.c ****   */
 162:Drivers/STM32F4xx_HAL_Driver/Src/stm32f4xx_hal_dma.c ****   
 163:Drivers/STM32F4xx_HAL_Driver/Src/stm32f4xx_hal_dma.c **** /**
 164:Drivers/STM32F4xx_HAL_Driver/Src/stm32f4xx_hal_dma.c ****   * @brief  Initialize the DMA according to the specified
 165:Drivers/STM32F4xx_HAL_Driver/Src/stm32f4xx_hal_dma.c ****   *         parameters in the DMA_InitTypeDef and create the associated handle.
 166:Drivers/STM32F4xx_HAL_Driver/Src/stm32f4xx_hal_dma.c ****   * @param  hdma Pointer to a DMA_HandleTypeDef structure that contains
 167:Drivers/STM32F4xx_HAL_Driver/Src/stm32f4xx_hal_dma.c ****   *               the configuration information for the specified DMA Stream.  
 168:Drivers/STM32F4xx_HAL_Driver/Src/stm32f4xx_hal_dma.c ****   * @retval HAL status
 169:Drivers/STM32F4xx_HAL_Driver/Src/stm32f4xx_hal_dma.c ****   */
 170:Drivers/STM32F4xx_HAL_Driver/Src/stm32f4xx_hal_dma.c **** HAL_StatusTypeDef HAL_DMA_Init(DMA_HandleTypeDef *hdma)
 171:Drivers/STM32F4xx_HAL_Driver/Src/stm32f4xx_hal_dma.c **** {
  29              		.loc 1 171 1
  30              		.cfi_startproc
  31              		@ args = 0, pretend = 0, frame = 24
  32              		@ frame_needed = 1, uses_anonymous_args = 0
  33 0000 80B5     		push	{r7, lr}
  34              	.LCFI0:
  35              		.cfi_def_cfa_offset 8
  36              		.cfi_offset 7, -8
  37              		.cfi_offset 14, -4
  38 0002 86B0     		sub	sp, sp, #24
  39              	.LCFI1:
  40              		.cfi_def_cfa_offset 32
  41 0004 00AF     		add	r7, sp, #0
  42              	.LCFI2:
  43              		.cfi_def_cfa_register 7
  44 0006 7860     		str	r0, [r7, #4]
 172:Drivers/STM32F4xx_HAL_Driver/Src/stm32f4xx_hal_dma.c ****   uint32_t tmp = 0U;
  45              		.loc 1 172 12
  46 0008 0023     		movs	r3, #0
  47 000a 7B61     		str	r3, [r7, #20]
 173:Drivers/STM32F4xx_HAL_Driver/Src/stm32f4xx_hal_dma.c ****   uint32_t tickstart = HAL_GetTick();
  48              		.loc 1 173 24
  49 000c FFF7FEFF 		bl	HAL_GetTick
  50 0010 3861     		str	r0, [r7, #16]
 174:Drivers/STM32F4xx_HAL_Driver/Src/stm32f4xx_hal_dma.c ****   DMA_Base_Registers *regs;
 175:Drivers/STM32F4xx_HAL_Driver/Src/stm32f4xx_hal_dma.c **** 
 176:Drivers/STM32F4xx_HAL_Driver/Src/stm32f4xx_hal_dma.c ****   /* Check the DMA peripheral state */
 177:Drivers/STM32F4xx_HAL_Driver/Src/stm32f4xx_hal_dma.c ****   if(hdma == NULL)
  51              		.loc 1 177 5
  52 0012 7B68     		ldr	r3, [r7, #4]
ARM GAS  /tmp/ccGoskYi.s 			page 5


  53 0014 002B     		cmp	r3, #0
  54 0016 01D1     		bne	.L2
 178:Drivers/STM32F4xx_HAL_Driver/Src/stm32f4xx_hal_dma.c ****   {
 179:Drivers/STM32F4xx_HAL_Driver/Src/stm32f4xx_hal_dma.c ****     return HAL_ERROR;
  55              		.loc 1 179 12
  56 0018 0123     		movs	r3, #1
  57 001a 99E0     		b	.L3
  58              	.L2:
 180:Drivers/STM32F4xx_HAL_Driver/Src/stm32f4xx_hal_dma.c ****   }
 181:Drivers/STM32F4xx_HAL_Driver/Src/stm32f4xx_hal_dma.c **** 
 182:Drivers/STM32F4xx_HAL_Driver/Src/stm32f4xx_hal_dma.c ****   /* Check the parameters */
 183:Drivers/STM32F4xx_HAL_Driver/Src/stm32f4xx_hal_dma.c ****   assert_param(IS_DMA_STREAM_ALL_INSTANCE(hdma->Instance));
 184:Drivers/STM32F4xx_HAL_Driver/Src/stm32f4xx_hal_dma.c ****   assert_param(IS_DMA_CHANNEL(hdma->Init.Channel));
 185:Drivers/STM32F4xx_HAL_Driver/Src/stm32f4xx_hal_dma.c ****   assert_param(IS_DMA_DIRECTION(hdma->Init.Direction));
 186:Drivers/STM32F4xx_HAL_Driver/Src/stm32f4xx_hal_dma.c ****   assert_param(IS_DMA_PERIPHERAL_INC_STATE(hdma->Init.PeriphInc));
 187:Drivers/STM32F4xx_HAL_Driver/Src/stm32f4xx_hal_dma.c ****   assert_param(IS_DMA_MEMORY_INC_STATE(hdma->Init.MemInc));
 188:Drivers/STM32F4xx_HAL_Driver/Src/stm32f4xx_hal_dma.c ****   assert_param(IS_DMA_PERIPHERAL_DATA_SIZE(hdma->Init.PeriphDataAlignment));
 189:Drivers/STM32F4xx_HAL_Driver/Src/stm32f4xx_hal_dma.c ****   assert_param(IS_DMA_MEMORY_DATA_SIZE(hdma->Init.MemDataAlignment));
 190:Drivers/STM32F4xx_HAL_Driver/Src/stm32f4xx_hal_dma.c ****   assert_param(IS_DMA_MODE(hdma->Init.Mode));
 191:Drivers/STM32F4xx_HAL_Driver/Src/stm32f4xx_hal_dma.c ****   assert_param(IS_DMA_PRIORITY(hdma->Init.Priority));
 192:Drivers/STM32F4xx_HAL_Driver/Src/stm32f4xx_hal_dma.c ****   assert_param(IS_DMA_FIFO_MODE_STATE(hdma->Init.FIFOMode));
 193:Drivers/STM32F4xx_HAL_Driver/Src/stm32f4xx_hal_dma.c ****   /* Check the memory burst, peripheral burst and FIFO threshold parameters only
 194:Drivers/STM32F4xx_HAL_Driver/Src/stm32f4xx_hal_dma.c ****      when FIFO mode is enabled */
 195:Drivers/STM32F4xx_HAL_Driver/Src/stm32f4xx_hal_dma.c ****   if(hdma->Init.FIFOMode != DMA_FIFOMODE_DISABLE)
 196:Drivers/STM32F4xx_HAL_Driver/Src/stm32f4xx_hal_dma.c ****   {
 197:Drivers/STM32F4xx_HAL_Driver/Src/stm32f4xx_hal_dma.c ****     assert_param(IS_DMA_FIFO_THRESHOLD(hdma->Init.FIFOThreshold));
 198:Drivers/STM32F4xx_HAL_Driver/Src/stm32f4xx_hal_dma.c ****     assert_param(IS_DMA_MEMORY_BURST(hdma->Init.MemBurst));
 199:Drivers/STM32F4xx_HAL_Driver/Src/stm32f4xx_hal_dma.c ****     assert_param(IS_DMA_PERIPHERAL_BURST(hdma->Init.PeriphBurst));
 200:Drivers/STM32F4xx_HAL_Driver/Src/stm32f4xx_hal_dma.c ****   }
 201:Drivers/STM32F4xx_HAL_Driver/Src/stm32f4xx_hal_dma.c **** 
 202:Drivers/STM32F4xx_HAL_Driver/Src/stm32f4xx_hal_dma.c ****   /* Change DMA peripheral state */
 203:Drivers/STM32F4xx_HAL_Driver/Src/stm32f4xx_hal_dma.c ****   hdma->State = HAL_DMA_STATE_BUSY;
  59              		.loc 1 203 15
  60 001c 7B68     		ldr	r3, [r7, #4]
  61 001e 0222     		movs	r2, #2
  62 0020 83F83520 		strb	r2, [r3, #53]
 204:Drivers/STM32F4xx_HAL_Driver/Src/stm32f4xx_hal_dma.c **** 
 205:Drivers/STM32F4xx_HAL_Driver/Src/stm32f4xx_hal_dma.c ****   /* Allocate lock resource */
 206:Drivers/STM32F4xx_HAL_Driver/Src/stm32f4xx_hal_dma.c ****   __HAL_UNLOCK(hdma);
  63              		.loc 1 206 3
  64 0024 7B68     		ldr	r3, [r7, #4]
  65 0026 0022     		movs	r2, #0
  66 0028 83F83420 		strb	r2, [r3, #52]
 207:Drivers/STM32F4xx_HAL_Driver/Src/stm32f4xx_hal_dma.c ****   
 208:Drivers/STM32F4xx_HAL_Driver/Src/stm32f4xx_hal_dma.c ****   /* Disable the peripheral */
 209:Drivers/STM32F4xx_HAL_Driver/Src/stm32f4xx_hal_dma.c ****   __HAL_DMA_DISABLE(hdma);
  67              		.loc 1 209 3
  68 002c 7B68     		ldr	r3, [r7, #4]
  69 002e 1B68     		ldr	r3, [r3]
  70 0030 1A68     		ldr	r2, [r3]
  71 0032 7B68     		ldr	r3, [r7, #4]
  72 0034 1B68     		ldr	r3, [r3]
  73 0036 22F00102 		bic	r2, r2, #1
  74 003a 1A60     		str	r2, [r3]
 210:Drivers/STM32F4xx_HAL_Driver/Src/stm32f4xx_hal_dma.c ****   
 211:Drivers/STM32F4xx_HAL_Driver/Src/stm32f4xx_hal_dma.c ****   /* Check if the DMA Stream is effectively disabled */
 212:Drivers/STM32F4xx_HAL_Driver/Src/stm32f4xx_hal_dma.c ****   while((hdma->Instance->CR & DMA_SxCR_EN) != RESET)
ARM GAS  /tmp/ccGoskYi.s 			page 6


  75              		.loc 1 212 8
  76 003c 0FE0     		b	.L4
  77              	.L5:
 213:Drivers/STM32F4xx_HAL_Driver/Src/stm32f4xx_hal_dma.c ****   {
 214:Drivers/STM32F4xx_HAL_Driver/Src/stm32f4xx_hal_dma.c ****     /* Check for the Timeout */
 215:Drivers/STM32F4xx_HAL_Driver/Src/stm32f4xx_hal_dma.c ****     if((HAL_GetTick() - tickstart ) > HAL_TIMEOUT_DMA_ABORT)
  78              		.loc 1 215 9
  79 003e FFF7FEFF 		bl	HAL_GetTick
  80 0042 0246     		mov	r2, r0
  81              		.loc 1 215 23 discriminator 1
  82 0044 3B69     		ldr	r3, [r7, #16]
  83 0046 D31A     		subs	r3, r2, r3
  84              		.loc 1 215 7 discriminator 1
  85 0048 052B     		cmp	r3, #5
  86 004a 08D9     		bls	.L4
 216:Drivers/STM32F4xx_HAL_Driver/Src/stm32f4xx_hal_dma.c ****     {
 217:Drivers/STM32F4xx_HAL_Driver/Src/stm32f4xx_hal_dma.c ****       /* Update error code */
 218:Drivers/STM32F4xx_HAL_Driver/Src/stm32f4xx_hal_dma.c ****       hdma->ErrorCode = HAL_DMA_ERROR_TIMEOUT;
  87              		.loc 1 218 23
  88 004c 7B68     		ldr	r3, [r7, #4]
  89 004e 2022     		movs	r2, #32
  90 0050 5A65     		str	r2, [r3, #84]
 219:Drivers/STM32F4xx_HAL_Driver/Src/stm32f4xx_hal_dma.c ****       
 220:Drivers/STM32F4xx_HAL_Driver/Src/stm32f4xx_hal_dma.c ****       /* Change the DMA state */
 221:Drivers/STM32F4xx_HAL_Driver/Src/stm32f4xx_hal_dma.c ****       hdma->State = HAL_DMA_STATE_TIMEOUT;
  91              		.loc 1 221 19
  92 0052 7B68     		ldr	r3, [r7, #4]
  93 0054 0322     		movs	r2, #3
  94 0056 83F83520 		strb	r2, [r3, #53]
 222:Drivers/STM32F4xx_HAL_Driver/Src/stm32f4xx_hal_dma.c ****       
 223:Drivers/STM32F4xx_HAL_Driver/Src/stm32f4xx_hal_dma.c ****       return HAL_TIMEOUT;
  95              		.loc 1 223 14
  96 005a 0323     		movs	r3, #3
  97 005c 78E0     		b	.L3
  98              	.L4:
 212:Drivers/STM32F4xx_HAL_Driver/Src/stm32f4xx_hal_dma.c ****   {
  99              		.loc 1 212 14
 100 005e 7B68     		ldr	r3, [r7, #4]
 101 0060 1B68     		ldr	r3, [r3]
 212:Drivers/STM32F4xx_HAL_Driver/Src/stm32f4xx_hal_dma.c ****   {
 102              		.loc 1 212 24
 103 0062 1B68     		ldr	r3, [r3]
 212:Drivers/STM32F4xx_HAL_Driver/Src/stm32f4xx_hal_dma.c ****   {
 104              		.loc 1 212 29
 105 0064 03F00103 		and	r3, r3, #1
 212:Drivers/STM32F4xx_HAL_Driver/Src/stm32f4xx_hal_dma.c ****   {
 106              		.loc 1 212 44
 107 0068 002B     		cmp	r3, #0
 108 006a E8D1     		bne	.L5
 224:Drivers/STM32F4xx_HAL_Driver/Src/stm32f4xx_hal_dma.c ****     }
 225:Drivers/STM32F4xx_HAL_Driver/Src/stm32f4xx_hal_dma.c ****   }
 226:Drivers/STM32F4xx_HAL_Driver/Src/stm32f4xx_hal_dma.c ****   
 227:Drivers/STM32F4xx_HAL_Driver/Src/stm32f4xx_hal_dma.c ****   /* Get the CR register value */
 228:Drivers/STM32F4xx_HAL_Driver/Src/stm32f4xx_hal_dma.c ****   tmp = hdma->Instance->CR;
 109              		.loc 1 228 13
 110 006c 7B68     		ldr	r3, [r7, #4]
 111 006e 1B68     		ldr	r3, [r3]
ARM GAS  /tmp/ccGoskYi.s 			page 7


 112              		.loc 1 228 7
 113 0070 1B68     		ldr	r3, [r3]
 114 0072 7B61     		str	r3, [r7, #20]
 229:Drivers/STM32F4xx_HAL_Driver/Src/stm32f4xx_hal_dma.c **** 
 230:Drivers/STM32F4xx_HAL_Driver/Src/stm32f4xx_hal_dma.c ****   /* Clear CHSEL, MBURST, PBURST, PL, MSIZE, PSIZE, MINC, PINC, CIRC, DIR, CT and DBM bits */
 231:Drivers/STM32F4xx_HAL_Driver/Src/stm32f4xx_hal_dma.c ****   tmp &= ((uint32_t)~(DMA_SxCR_CHSEL | DMA_SxCR_MBURST | DMA_SxCR_PBURST | \
 115              		.loc 1 231 7
 116 0074 7A69     		ldr	r2, [r7, #20]
 117 0076 384B     		ldr	r3, .L8
 118 0078 1340     		ands	r3, r3, r2
 119 007a 7B61     		str	r3, [r7, #20]
 232:Drivers/STM32F4xx_HAL_Driver/Src/stm32f4xx_hal_dma.c ****                       DMA_SxCR_PL    | DMA_SxCR_MSIZE  | DMA_SxCR_PSIZE  | \
 233:Drivers/STM32F4xx_HAL_Driver/Src/stm32f4xx_hal_dma.c ****                       DMA_SxCR_MINC  | DMA_SxCR_PINC   | DMA_SxCR_CIRC   | \
 234:Drivers/STM32F4xx_HAL_Driver/Src/stm32f4xx_hal_dma.c ****                       DMA_SxCR_DIR   | DMA_SxCR_CT     | DMA_SxCR_DBM));
 235:Drivers/STM32F4xx_HAL_Driver/Src/stm32f4xx_hal_dma.c **** 
 236:Drivers/STM32F4xx_HAL_Driver/Src/stm32f4xx_hal_dma.c ****   /* Prepare the DMA Stream configuration */
 237:Drivers/STM32F4xx_HAL_Driver/Src/stm32f4xx_hal_dma.c ****   tmp |=  hdma->Init.Channel             | hdma->Init.Direction        |
 120              		.loc 1 237 21
 121 007c 7B68     		ldr	r3, [r7, #4]
 122 007e 5A68     		ldr	r2, [r3, #4]
 123              		.loc 1 237 54
 124 0080 7B68     		ldr	r3, [r7, #4]
 125 0082 9B68     		ldr	r3, [r3, #8]
 126              		.loc 1 237 42
 127 0084 1A43     		orrs	r2, r2, r3
 238:Drivers/STM32F4xx_HAL_Driver/Src/stm32f4xx_hal_dma.c ****           hdma->Init.PeriphInc           | hdma->Init.MemInc           |
 128              		.loc 1 238 21
 129 0086 7B68     		ldr	r3, [r7, #4]
 130 0088 DB68     		ldr	r3, [r3, #12]
 237:Drivers/STM32F4xx_HAL_Driver/Src/stm32f4xx_hal_dma.c ****           hdma->Init.PeriphInc           | hdma->Init.MemInc           |
 131              		.loc 1 237 72
 132 008a 1A43     		orrs	r2, r2, r3
 133              		.loc 1 238 54
 134 008c 7B68     		ldr	r3, [r7, #4]
 135 008e 1B69     		ldr	r3, [r3, #16]
 136              		.loc 1 238 42
 137 0090 1A43     		orrs	r2, r2, r3
 239:Drivers/STM32F4xx_HAL_Driver/Src/stm32f4xx_hal_dma.c ****           hdma->Init.PeriphDataAlignment | hdma->Init.MemDataAlignment |
 138              		.loc 1 239 21
 139 0092 7B68     		ldr	r3, [r7, #4]
 140 0094 5B69     		ldr	r3, [r3, #20]
 238:Drivers/STM32F4xx_HAL_Driver/Src/stm32f4xx_hal_dma.c ****           hdma->Init.PeriphInc           | hdma->Init.MemInc           |
 141              		.loc 1 238 72
 142 0096 1A43     		orrs	r2, r2, r3
 143              		.loc 1 239 54
 144 0098 7B68     		ldr	r3, [r7, #4]
 145 009a 9B69     		ldr	r3, [r3, #24]
 146              		.loc 1 239 42
 147 009c 1A43     		orrs	r2, r2, r3
 240:Drivers/STM32F4xx_HAL_Driver/Src/stm32f4xx_hal_dma.c ****           hdma->Init.Mode                | hdma->Init.Priority;
 148              		.loc 1 240 21
 149 009e 7B68     		ldr	r3, [r7, #4]
 150 00a0 DB69     		ldr	r3, [r3, #28]
 239:Drivers/STM32F4xx_HAL_Driver/Src/stm32f4xx_hal_dma.c ****           hdma->Init.PeriphDataAlignment | hdma->Init.MemDataAlignment |
 151              		.loc 1 239 72
 152 00a2 1A43     		orrs	r2, r2, r3
 153              		.loc 1 240 54
ARM GAS  /tmp/ccGoskYi.s 			page 8


 154 00a4 7B68     		ldr	r3, [r7, #4]
 155 00a6 1B6A     		ldr	r3, [r3, #32]
 156              		.loc 1 240 42
 157 00a8 1343     		orrs	r3, r3, r2
 237:Drivers/STM32F4xx_HAL_Driver/Src/stm32f4xx_hal_dma.c ****           hdma->Init.PeriphInc           | hdma->Init.MemInc           |
 158              		.loc 1 237 7
 159 00aa 7A69     		ldr	r2, [r7, #20]
 160 00ac 1343     		orrs	r3, r3, r2
 161 00ae 7B61     		str	r3, [r7, #20]
 241:Drivers/STM32F4xx_HAL_Driver/Src/stm32f4xx_hal_dma.c **** 
 242:Drivers/STM32F4xx_HAL_Driver/Src/stm32f4xx_hal_dma.c ****   /* the Memory burst and peripheral burst are not used when the FIFO is disabled */
 243:Drivers/STM32F4xx_HAL_Driver/Src/stm32f4xx_hal_dma.c ****   if(hdma->Init.FIFOMode == DMA_FIFOMODE_ENABLE)
 162              		.loc 1 243 16
 163 00b0 7B68     		ldr	r3, [r7, #4]
 164 00b2 5B6A     		ldr	r3, [r3, #36]
 165              		.loc 1 243 5
 166 00b4 042B     		cmp	r3, #4
 167 00b6 07D1     		bne	.L6
 244:Drivers/STM32F4xx_HAL_Driver/Src/stm32f4xx_hal_dma.c ****   {
 245:Drivers/STM32F4xx_HAL_Driver/Src/stm32f4xx_hal_dma.c ****     /* Get memory burst and peripheral burst */
 246:Drivers/STM32F4xx_HAL_Driver/Src/stm32f4xx_hal_dma.c ****     tmp |=  hdma->Init.MemBurst | hdma->Init.PeriphBurst;
 168              		.loc 1 246 23
 169 00b8 7B68     		ldr	r3, [r7, #4]
 170 00ba DA6A     		ldr	r2, [r3, #44]
 171              		.loc 1 246 45
 172 00bc 7B68     		ldr	r3, [r7, #4]
 173 00be 1B6B     		ldr	r3, [r3, #48]
 174              		.loc 1 246 33
 175 00c0 1343     		orrs	r3, r3, r2
 176              		.loc 1 246 9
 177 00c2 7A69     		ldr	r2, [r7, #20]
 178 00c4 1343     		orrs	r3, r3, r2
 179 00c6 7B61     		str	r3, [r7, #20]
 180              	.L6:
 247:Drivers/STM32F4xx_HAL_Driver/Src/stm32f4xx_hal_dma.c ****   }
 248:Drivers/STM32F4xx_HAL_Driver/Src/stm32f4xx_hal_dma.c ****   
 249:Drivers/STM32F4xx_HAL_Driver/Src/stm32f4xx_hal_dma.c ****   /* Write to DMA Stream CR register */
 250:Drivers/STM32F4xx_HAL_Driver/Src/stm32f4xx_hal_dma.c ****   hdma->Instance->CR = tmp;  
 181              		.loc 1 250 7
 182 00c8 7B68     		ldr	r3, [r7, #4]
 183 00ca 1B68     		ldr	r3, [r3]
 184              		.loc 1 250 22
 185 00cc 7A69     		ldr	r2, [r7, #20]
 186 00ce 1A60     		str	r2, [r3]
 251:Drivers/STM32F4xx_HAL_Driver/Src/stm32f4xx_hal_dma.c **** 
 252:Drivers/STM32F4xx_HAL_Driver/Src/stm32f4xx_hal_dma.c ****   /* Get the FCR register value */
 253:Drivers/STM32F4xx_HAL_Driver/Src/stm32f4xx_hal_dma.c ****   tmp = hdma->Instance->FCR;
 187              		.loc 1 253 13
 188 00d0 7B68     		ldr	r3, [r7, #4]
 189 00d2 1B68     		ldr	r3, [r3]
 190              		.loc 1 253 7
 191 00d4 5B69     		ldr	r3, [r3, #20]
 192 00d6 7B61     		str	r3, [r7, #20]
 254:Drivers/STM32F4xx_HAL_Driver/Src/stm32f4xx_hal_dma.c **** 
 255:Drivers/STM32F4xx_HAL_Driver/Src/stm32f4xx_hal_dma.c ****   /* Clear Direct mode and FIFO threshold bits */
 256:Drivers/STM32F4xx_HAL_Driver/Src/stm32f4xx_hal_dma.c ****   tmp &= (uint32_t)~(DMA_SxFCR_DMDIS | DMA_SxFCR_FTH);
 193              		.loc 1 256 7
ARM GAS  /tmp/ccGoskYi.s 			page 9


 194 00d8 7B69     		ldr	r3, [r7, #20]
 195 00da 23F00703 		bic	r3, r3, #7
 196 00de 7B61     		str	r3, [r7, #20]
 257:Drivers/STM32F4xx_HAL_Driver/Src/stm32f4xx_hal_dma.c **** 
 258:Drivers/STM32F4xx_HAL_Driver/Src/stm32f4xx_hal_dma.c ****   /* Prepare the DMA Stream FIFO configuration */
 259:Drivers/STM32F4xx_HAL_Driver/Src/stm32f4xx_hal_dma.c ****   tmp |= hdma->Init.FIFOMode;
 197              		.loc 1 259 20
 198 00e0 7B68     		ldr	r3, [r7, #4]
 199 00e2 5B6A     		ldr	r3, [r3, #36]
 200              		.loc 1 259 7
 201 00e4 7A69     		ldr	r2, [r7, #20]
 202 00e6 1343     		orrs	r3, r3, r2
 203 00e8 7B61     		str	r3, [r7, #20]
 260:Drivers/STM32F4xx_HAL_Driver/Src/stm32f4xx_hal_dma.c **** 
 261:Drivers/STM32F4xx_HAL_Driver/Src/stm32f4xx_hal_dma.c ****   /* The FIFO threshold is not used when the FIFO mode is disabled */
 262:Drivers/STM32F4xx_HAL_Driver/Src/stm32f4xx_hal_dma.c ****   if(hdma->Init.FIFOMode == DMA_FIFOMODE_ENABLE)
 204              		.loc 1 262 16
 205 00ea 7B68     		ldr	r3, [r7, #4]
 206 00ec 5B6A     		ldr	r3, [r3, #36]
 207              		.loc 1 262 5
 208 00ee 042B     		cmp	r3, #4
 209 00f0 17D1     		bne	.L7
 263:Drivers/STM32F4xx_HAL_Driver/Src/stm32f4xx_hal_dma.c ****   {
 264:Drivers/STM32F4xx_HAL_Driver/Src/stm32f4xx_hal_dma.c ****     /* Get the FIFO threshold */
 265:Drivers/STM32F4xx_HAL_Driver/Src/stm32f4xx_hal_dma.c ****     tmp |= hdma->Init.FIFOThreshold;
 210              		.loc 1 265 22
 211 00f2 7B68     		ldr	r3, [r7, #4]
 212 00f4 9B6A     		ldr	r3, [r3, #40]
 213              		.loc 1 265 9
 214 00f6 7A69     		ldr	r2, [r7, #20]
 215 00f8 1343     		orrs	r3, r3, r2
 216 00fa 7B61     		str	r3, [r7, #20]
 266:Drivers/STM32F4xx_HAL_Driver/Src/stm32f4xx_hal_dma.c ****     
 267:Drivers/STM32F4xx_HAL_Driver/Src/stm32f4xx_hal_dma.c ****     /* Check compatibility between FIFO threshold level and size of the memory burst */
 268:Drivers/STM32F4xx_HAL_Driver/Src/stm32f4xx_hal_dma.c ****     /* for INCR4, INCR8, INCR16 bursts */
 269:Drivers/STM32F4xx_HAL_Driver/Src/stm32f4xx_hal_dma.c ****     if (hdma->Init.MemBurst != DMA_MBURST_SINGLE)
 217              		.loc 1 269 19
 218 00fc 7B68     		ldr	r3, [r7, #4]
 219 00fe DB6A     		ldr	r3, [r3, #44]
 220              		.loc 1 269 8
 221 0100 002B     		cmp	r3, #0
 222 0102 0ED0     		beq	.L7
 270:Drivers/STM32F4xx_HAL_Driver/Src/stm32f4xx_hal_dma.c ****     {
 271:Drivers/STM32F4xx_HAL_Driver/Src/stm32f4xx_hal_dma.c ****       if (DMA_CheckFifoParam(hdma) != HAL_OK)
 223              		.loc 1 271 11
 224 0104 7868     		ldr	r0, [r7, #4]
 225 0106 FFF7FEFF 		bl	DMA_CheckFifoParam
 226 010a 0346     		mov	r3, r0
 227              		.loc 1 271 10 discriminator 1
 228 010c 002B     		cmp	r3, #0
 229 010e 08D0     		beq	.L7
 272:Drivers/STM32F4xx_HAL_Driver/Src/stm32f4xx_hal_dma.c ****       {
 273:Drivers/STM32F4xx_HAL_Driver/Src/stm32f4xx_hal_dma.c ****         /* Update error code */
 274:Drivers/STM32F4xx_HAL_Driver/Src/stm32f4xx_hal_dma.c ****         hdma->ErrorCode = HAL_DMA_ERROR_PARAM;
 230              		.loc 1 274 25
 231 0110 7B68     		ldr	r3, [r7, #4]
 232 0112 4022     		movs	r2, #64
ARM GAS  /tmp/ccGoskYi.s 			page 10


 233 0114 5A65     		str	r2, [r3, #84]
 275:Drivers/STM32F4xx_HAL_Driver/Src/stm32f4xx_hal_dma.c ****         
 276:Drivers/STM32F4xx_HAL_Driver/Src/stm32f4xx_hal_dma.c ****         /* Change the DMA state */
 277:Drivers/STM32F4xx_HAL_Driver/Src/stm32f4xx_hal_dma.c ****         hdma->State = HAL_DMA_STATE_READY;
 234              		.loc 1 277 21
 235 0116 7B68     		ldr	r3, [r7, #4]
 236 0118 0122     		movs	r2, #1
 237 011a 83F83520 		strb	r2, [r3, #53]
 278:Drivers/STM32F4xx_HAL_Driver/Src/stm32f4xx_hal_dma.c ****         
 279:Drivers/STM32F4xx_HAL_Driver/Src/stm32f4xx_hal_dma.c ****         return HAL_ERROR; 
 238              		.loc 1 279 16
 239 011e 0123     		movs	r3, #1
 240 0120 16E0     		b	.L3
 241              	.L7:
 280:Drivers/STM32F4xx_HAL_Driver/Src/stm32f4xx_hal_dma.c ****       }
 281:Drivers/STM32F4xx_HAL_Driver/Src/stm32f4xx_hal_dma.c ****     }
 282:Drivers/STM32F4xx_HAL_Driver/Src/stm32f4xx_hal_dma.c ****   }
 283:Drivers/STM32F4xx_HAL_Driver/Src/stm32f4xx_hal_dma.c ****   
 284:Drivers/STM32F4xx_HAL_Driver/Src/stm32f4xx_hal_dma.c ****   /* Write to DMA Stream FCR */
 285:Drivers/STM32F4xx_HAL_Driver/Src/stm32f4xx_hal_dma.c ****   hdma->Instance->FCR = tmp;
 242              		.loc 1 285 7
 243 0122 7B68     		ldr	r3, [r7, #4]
 244 0124 1B68     		ldr	r3, [r3]
 245              		.loc 1 285 23
 246 0126 7A69     		ldr	r2, [r7, #20]
 247 0128 5A61     		str	r2, [r3, #20]
 286:Drivers/STM32F4xx_HAL_Driver/Src/stm32f4xx_hal_dma.c **** 
 287:Drivers/STM32F4xx_HAL_Driver/Src/stm32f4xx_hal_dma.c ****   /* Initialize StreamBaseAddress and StreamIndex parameters to be used to calculate
 288:Drivers/STM32F4xx_HAL_Driver/Src/stm32f4xx_hal_dma.c ****      DMA steam Base Address needed by HAL_DMA_IRQHandler() and HAL_DMA_PollForTransfer() */
 289:Drivers/STM32F4xx_HAL_Driver/Src/stm32f4xx_hal_dma.c ****   regs = (DMA_Base_Registers *)DMA_CalcBaseAndBitshift(hdma);
 248              		.loc 1 289 32
 249 012a 7868     		ldr	r0, [r7, #4]
 250 012c FFF7FEFF 		bl	DMA_CalcBaseAndBitshift
 251 0130 0346     		mov	r3, r0
 252              		.loc 1 289 8 discriminator 1
 253 0132 FB60     		str	r3, [r7, #12]
 290:Drivers/STM32F4xx_HAL_Driver/Src/stm32f4xx_hal_dma.c ****   
 291:Drivers/STM32F4xx_HAL_Driver/Src/stm32f4xx_hal_dma.c ****   /* Clear all interrupt flags */
 292:Drivers/STM32F4xx_HAL_Driver/Src/stm32f4xx_hal_dma.c ****   regs->IFCR = 0x3FU << hdma->StreamIndex;
 254              		.loc 1 292 29
 255 0134 7B68     		ldr	r3, [r7, #4]
 256 0136 DB6D     		ldr	r3, [r3, #92]
 257              		.loc 1 292 22
 258 0138 3F22     		movs	r2, #63
 259 013a 9A40     		lsls	r2, r2, r3
 260              		.loc 1 292 14
 261 013c FB68     		ldr	r3, [r7, #12]
 262 013e 9A60     		str	r2, [r3, #8]
 293:Drivers/STM32F4xx_HAL_Driver/Src/stm32f4xx_hal_dma.c **** 
 294:Drivers/STM32F4xx_HAL_Driver/Src/stm32f4xx_hal_dma.c ****   /* Initialize the error code */
 295:Drivers/STM32F4xx_HAL_Driver/Src/stm32f4xx_hal_dma.c ****   hdma->ErrorCode = HAL_DMA_ERROR_NONE;
 263              		.loc 1 295 19
 264 0140 7B68     		ldr	r3, [r7, #4]
 265 0142 0022     		movs	r2, #0
 266 0144 5A65     		str	r2, [r3, #84]
 296:Drivers/STM32F4xx_HAL_Driver/Src/stm32f4xx_hal_dma.c ****                                                                                      
 297:Drivers/STM32F4xx_HAL_Driver/Src/stm32f4xx_hal_dma.c ****   /* Initialize the DMA state */
ARM GAS  /tmp/ccGoskYi.s 			page 11


 298:Drivers/STM32F4xx_HAL_Driver/Src/stm32f4xx_hal_dma.c ****   hdma->State = HAL_DMA_STATE_READY;
 267              		.loc 1 298 15
 268 0146 7B68     		ldr	r3, [r7, #4]
 269 0148 0122     		movs	r2, #1
 270 014a 83F83520 		strb	r2, [r3, #53]
 299:Drivers/STM32F4xx_HAL_Driver/Src/stm32f4xx_hal_dma.c **** 
 300:Drivers/STM32F4xx_HAL_Driver/Src/stm32f4xx_hal_dma.c ****   return HAL_OK;
 271              		.loc 1 300 10
 272 014e 0023     		movs	r3, #0
 273              	.L3:
 301:Drivers/STM32F4xx_HAL_Driver/Src/stm32f4xx_hal_dma.c **** }
 274              		.loc 1 301 1
 275 0150 1846     		mov	r0, r3
 276 0152 1837     		adds	r7, r7, #24
 277              	.LCFI3:
 278              		.cfi_def_cfa_offset 8
 279 0154 BD46     		mov	sp, r7
 280              	.LCFI4:
 281              		.cfi_def_cfa_register 13
 282              		@ sp needed
 283 0156 80BD     		pop	{r7, pc}
 284              	.L9:
 285              		.align	2
 286              	.L8:
 287 0158 3F8010F0 		.word	-267354049
 288              		.cfi_endproc
 289              	.LFE220:
 291              		.section	.text.HAL_DMA_DeInit,"ax",%progbits
 292              		.align	1
 293              		.global	HAL_DMA_DeInit
 294              		.syntax unified
 295              		.thumb
 296              		.thumb_func
 298              	HAL_DMA_DeInit:
 299              	.LFB221:
 302:Drivers/STM32F4xx_HAL_Driver/Src/stm32f4xx_hal_dma.c **** 
 303:Drivers/STM32F4xx_HAL_Driver/Src/stm32f4xx_hal_dma.c **** /**
 304:Drivers/STM32F4xx_HAL_Driver/Src/stm32f4xx_hal_dma.c ****   * @brief  DeInitializes the DMA peripheral 
 305:Drivers/STM32F4xx_HAL_Driver/Src/stm32f4xx_hal_dma.c ****   * @param  hdma pointer to a DMA_HandleTypeDef structure that contains
 306:Drivers/STM32F4xx_HAL_Driver/Src/stm32f4xx_hal_dma.c ****   *               the configuration information for the specified DMA Stream.  
 307:Drivers/STM32F4xx_HAL_Driver/Src/stm32f4xx_hal_dma.c ****   * @retval HAL status
 308:Drivers/STM32F4xx_HAL_Driver/Src/stm32f4xx_hal_dma.c ****   */
 309:Drivers/STM32F4xx_HAL_Driver/Src/stm32f4xx_hal_dma.c **** HAL_StatusTypeDef HAL_DMA_DeInit(DMA_HandleTypeDef *hdma)
 310:Drivers/STM32F4xx_HAL_Driver/Src/stm32f4xx_hal_dma.c **** {
 300              		.loc 1 310 1
 301              		.cfi_startproc
 302              		@ args = 0, pretend = 0, frame = 16
 303              		@ frame_needed = 1, uses_anonymous_args = 0
 304 0000 80B5     		push	{r7, lr}
 305              	.LCFI5:
 306              		.cfi_def_cfa_offset 8
 307              		.cfi_offset 7, -8
 308              		.cfi_offset 14, -4
 309 0002 84B0     		sub	sp, sp, #16
 310              	.LCFI6:
 311              		.cfi_def_cfa_offset 24
 312 0004 00AF     		add	r7, sp, #0
ARM GAS  /tmp/ccGoskYi.s 			page 12


 313              	.LCFI7:
 314              		.cfi_def_cfa_register 7
 315 0006 7860     		str	r0, [r7, #4]
 311:Drivers/STM32F4xx_HAL_Driver/Src/stm32f4xx_hal_dma.c ****   DMA_Base_Registers *regs;
 312:Drivers/STM32F4xx_HAL_Driver/Src/stm32f4xx_hal_dma.c **** 
 313:Drivers/STM32F4xx_HAL_Driver/Src/stm32f4xx_hal_dma.c ****   /* Check the DMA peripheral state */
 314:Drivers/STM32F4xx_HAL_Driver/Src/stm32f4xx_hal_dma.c ****   if(hdma == NULL)
 316              		.loc 1 314 5
 317 0008 7B68     		ldr	r3, [r7, #4]
 318 000a 002B     		cmp	r3, #0
 319 000c 01D1     		bne	.L11
 315:Drivers/STM32F4xx_HAL_Driver/Src/stm32f4xx_hal_dma.c ****   {
 316:Drivers/STM32F4xx_HAL_Driver/Src/stm32f4xx_hal_dma.c ****     return HAL_ERROR;
 320              		.loc 1 316 12
 321 000e 0123     		movs	r3, #1
 322 0010 50E0     		b	.L12
 323              	.L11:
 317:Drivers/STM32F4xx_HAL_Driver/Src/stm32f4xx_hal_dma.c ****   }
 318:Drivers/STM32F4xx_HAL_Driver/Src/stm32f4xx_hal_dma.c ****   
 319:Drivers/STM32F4xx_HAL_Driver/Src/stm32f4xx_hal_dma.c ****   /* Check the DMA peripheral state */
 320:Drivers/STM32F4xx_HAL_Driver/Src/stm32f4xx_hal_dma.c ****   if(hdma->State == HAL_DMA_STATE_BUSY)
 324              		.loc 1 320 10
 325 0012 7B68     		ldr	r3, [r7, #4]
 326 0014 93F83530 		ldrb	r3, [r3, #53]
 327 0018 DBB2     		uxtb	r3, r3
 328              		.loc 1 320 5
 329 001a 022B     		cmp	r3, #2
 330 001c 01D1     		bne	.L13
 321:Drivers/STM32F4xx_HAL_Driver/Src/stm32f4xx_hal_dma.c ****   {
 322:Drivers/STM32F4xx_HAL_Driver/Src/stm32f4xx_hal_dma.c ****     /* Return error status */
 323:Drivers/STM32F4xx_HAL_Driver/Src/stm32f4xx_hal_dma.c ****     return HAL_BUSY;
 331              		.loc 1 323 12
 332 001e 0223     		movs	r3, #2
 333 0020 48E0     		b	.L12
 334              	.L13:
 324:Drivers/STM32F4xx_HAL_Driver/Src/stm32f4xx_hal_dma.c ****   }
 325:Drivers/STM32F4xx_HAL_Driver/Src/stm32f4xx_hal_dma.c **** 
 326:Drivers/STM32F4xx_HAL_Driver/Src/stm32f4xx_hal_dma.c ****   /* Check the parameters */
 327:Drivers/STM32F4xx_HAL_Driver/Src/stm32f4xx_hal_dma.c ****   assert_param(IS_DMA_STREAM_ALL_INSTANCE(hdma->Instance));
 328:Drivers/STM32F4xx_HAL_Driver/Src/stm32f4xx_hal_dma.c **** 
 329:Drivers/STM32F4xx_HAL_Driver/Src/stm32f4xx_hal_dma.c ****   /* Disable the selected DMA Streamx */
 330:Drivers/STM32F4xx_HAL_Driver/Src/stm32f4xx_hal_dma.c ****   __HAL_DMA_DISABLE(hdma);
 335              		.loc 1 330 3
 336 0022 7B68     		ldr	r3, [r7, #4]
 337 0024 1B68     		ldr	r3, [r3]
 338 0026 1A68     		ldr	r2, [r3]
 339 0028 7B68     		ldr	r3, [r7, #4]
 340 002a 1B68     		ldr	r3, [r3]
 341 002c 22F00102 		bic	r2, r2, #1
 342 0030 1A60     		str	r2, [r3]
 331:Drivers/STM32F4xx_HAL_Driver/Src/stm32f4xx_hal_dma.c **** 
 332:Drivers/STM32F4xx_HAL_Driver/Src/stm32f4xx_hal_dma.c ****   /* Reset DMA Streamx control register */
 333:Drivers/STM32F4xx_HAL_Driver/Src/stm32f4xx_hal_dma.c ****   hdma->Instance->CR   = 0U;
 343              		.loc 1 333 7
 344 0032 7B68     		ldr	r3, [r7, #4]
 345 0034 1B68     		ldr	r3, [r3]
 346              		.loc 1 333 24
ARM GAS  /tmp/ccGoskYi.s 			page 13


 347 0036 0022     		movs	r2, #0
 348 0038 1A60     		str	r2, [r3]
 334:Drivers/STM32F4xx_HAL_Driver/Src/stm32f4xx_hal_dma.c **** 
 335:Drivers/STM32F4xx_HAL_Driver/Src/stm32f4xx_hal_dma.c ****   /* Reset DMA Streamx number of data to transfer register */
 336:Drivers/STM32F4xx_HAL_Driver/Src/stm32f4xx_hal_dma.c ****   hdma->Instance->NDTR = 0U;
 349              		.loc 1 336 7
 350 003a 7B68     		ldr	r3, [r7, #4]
 351 003c 1B68     		ldr	r3, [r3]
 352              		.loc 1 336 24
 353 003e 0022     		movs	r2, #0
 354 0040 5A60     		str	r2, [r3, #4]
 337:Drivers/STM32F4xx_HAL_Driver/Src/stm32f4xx_hal_dma.c **** 
 338:Drivers/STM32F4xx_HAL_Driver/Src/stm32f4xx_hal_dma.c ****   /* Reset DMA Streamx peripheral address register */
 339:Drivers/STM32F4xx_HAL_Driver/Src/stm32f4xx_hal_dma.c ****   hdma->Instance->PAR  = 0U;
 355              		.loc 1 339 7
 356 0042 7B68     		ldr	r3, [r7, #4]
 357 0044 1B68     		ldr	r3, [r3]
 358              		.loc 1 339 24
 359 0046 0022     		movs	r2, #0
 360 0048 9A60     		str	r2, [r3, #8]
 340:Drivers/STM32F4xx_HAL_Driver/Src/stm32f4xx_hal_dma.c **** 
 341:Drivers/STM32F4xx_HAL_Driver/Src/stm32f4xx_hal_dma.c ****   /* Reset DMA Streamx memory 0 address register */
 342:Drivers/STM32F4xx_HAL_Driver/Src/stm32f4xx_hal_dma.c ****   hdma->Instance->M0AR = 0U;
 361              		.loc 1 342 7
 362 004a 7B68     		ldr	r3, [r7, #4]
 363 004c 1B68     		ldr	r3, [r3]
 364              		.loc 1 342 24
 365 004e 0022     		movs	r2, #0
 366 0050 DA60     		str	r2, [r3, #12]
 343:Drivers/STM32F4xx_HAL_Driver/Src/stm32f4xx_hal_dma.c ****   
 344:Drivers/STM32F4xx_HAL_Driver/Src/stm32f4xx_hal_dma.c ****   /* Reset DMA Streamx memory 1 address register */
 345:Drivers/STM32F4xx_HAL_Driver/Src/stm32f4xx_hal_dma.c ****   hdma->Instance->M1AR = 0U;
 367              		.loc 1 345 7
 368 0052 7B68     		ldr	r3, [r7, #4]
 369 0054 1B68     		ldr	r3, [r3]
 370              		.loc 1 345 24
 371 0056 0022     		movs	r2, #0
 372 0058 1A61     		str	r2, [r3, #16]
 346:Drivers/STM32F4xx_HAL_Driver/Src/stm32f4xx_hal_dma.c ****   
 347:Drivers/STM32F4xx_HAL_Driver/Src/stm32f4xx_hal_dma.c ****   /* Reset DMA Streamx FIFO control register */
 348:Drivers/STM32F4xx_HAL_Driver/Src/stm32f4xx_hal_dma.c ****   hdma->Instance->FCR  = 0x00000021U;
 373              		.loc 1 348 7
 374 005a 7B68     		ldr	r3, [r7, #4]
 375 005c 1B68     		ldr	r3, [r3]
 376              		.loc 1 348 24
 377 005e 2122     		movs	r2, #33
 378 0060 5A61     		str	r2, [r3, #20]
 349:Drivers/STM32F4xx_HAL_Driver/Src/stm32f4xx_hal_dma.c ****   
 350:Drivers/STM32F4xx_HAL_Driver/Src/stm32f4xx_hal_dma.c ****   /* Get DMA steam Base Address */  
 351:Drivers/STM32F4xx_HAL_Driver/Src/stm32f4xx_hal_dma.c ****   regs = (DMA_Base_Registers *)DMA_CalcBaseAndBitshift(hdma);
 379              		.loc 1 351 32
 380 0062 7868     		ldr	r0, [r7, #4]
 381 0064 FFF7FEFF 		bl	DMA_CalcBaseAndBitshift
 382 0068 0346     		mov	r3, r0
 383              		.loc 1 351 8 discriminator 1
 384 006a FB60     		str	r3, [r7, #12]
 352:Drivers/STM32F4xx_HAL_Driver/Src/stm32f4xx_hal_dma.c ****   
ARM GAS  /tmp/ccGoskYi.s 			page 14


 353:Drivers/STM32F4xx_HAL_Driver/Src/stm32f4xx_hal_dma.c ****   /* Clean all callbacks */
 354:Drivers/STM32F4xx_HAL_Driver/Src/stm32f4xx_hal_dma.c ****   hdma->XferCpltCallback = NULL;
 385              		.loc 1 354 26
 386 006c 7B68     		ldr	r3, [r7, #4]
 387 006e 0022     		movs	r2, #0
 388 0070 DA63     		str	r2, [r3, #60]
 355:Drivers/STM32F4xx_HAL_Driver/Src/stm32f4xx_hal_dma.c ****   hdma->XferHalfCpltCallback = NULL;
 389              		.loc 1 355 30
 390 0072 7B68     		ldr	r3, [r7, #4]
 391 0074 0022     		movs	r2, #0
 392 0076 1A64     		str	r2, [r3, #64]
 356:Drivers/STM32F4xx_HAL_Driver/Src/stm32f4xx_hal_dma.c ****   hdma->XferM1CpltCallback = NULL;
 393              		.loc 1 356 28
 394 0078 7B68     		ldr	r3, [r7, #4]
 395 007a 0022     		movs	r2, #0
 396 007c 5A64     		str	r2, [r3, #68]
 357:Drivers/STM32F4xx_HAL_Driver/Src/stm32f4xx_hal_dma.c ****   hdma->XferM1HalfCpltCallback = NULL;
 397              		.loc 1 357 32
 398 007e 7B68     		ldr	r3, [r7, #4]
 399 0080 0022     		movs	r2, #0
 400 0082 9A64     		str	r2, [r3, #72]
 358:Drivers/STM32F4xx_HAL_Driver/Src/stm32f4xx_hal_dma.c ****   hdma->XferErrorCallback = NULL;
 401              		.loc 1 358 27
 402 0084 7B68     		ldr	r3, [r7, #4]
 403 0086 0022     		movs	r2, #0
 404 0088 DA64     		str	r2, [r3, #76]
 359:Drivers/STM32F4xx_HAL_Driver/Src/stm32f4xx_hal_dma.c ****   hdma->XferAbortCallback = NULL;
 405              		.loc 1 359 27
 406 008a 7B68     		ldr	r3, [r7, #4]
 407 008c 0022     		movs	r2, #0
 408 008e 1A65     		str	r2, [r3, #80]
 360:Drivers/STM32F4xx_HAL_Driver/Src/stm32f4xx_hal_dma.c **** 
 361:Drivers/STM32F4xx_HAL_Driver/Src/stm32f4xx_hal_dma.c ****   /* Clear all interrupt flags at correct offset within the register */
 362:Drivers/STM32F4xx_HAL_Driver/Src/stm32f4xx_hal_dma.c ****   regs->IFCR = 0x3FU << hdma->StreamIndex;
 409              		.loc 1 362 29
 410 0090 7B68     		ldr	r3, [r7, #4]
 411 0092 DB6D     		ldr	r3, [r3, #92]
 412              		.loc 1 362 22
 413 0094 3F22     		movs	r2, #63
 414 0096 9A40     		lsls	r2, r2, r3
 415              		.loc 1 362 14
 416 0098 FB68     		ldr	r3, [r7, #12]
 417 009a 9A60     		str	r2, [r3, #8]
 363:Drivers/STM32F4xx_HAL_Driver/Src/stm32f4xx_hal_dma.c **** 
 364:Drivers/STM32F4xx_HAL_Driver/Src/stm32f4xx_hal_dma.c ****   /* Reset the error code */
 365:Drivers/STM32F4xx_HAL_Driver/Src/stm32f4xx_hal_dma.c ****   hdma->ErrorCode = HAL_DMA_ERROR_NONE;
 418              		.loc 1 365 19
 419 009c 7B68     		ldr	r3, [r7, #4]
 420 009e 0022     		movs	r2, #0
 421 00a0 5A65     		str	r2, [r3, #84]
 366:Drivers/STM32F4xx_HAL_Driver/Src/stm32f4xx_hal_dma.c **** 
 367:Drivers/STM32F4xx_HAL_Driver/Src/stm32f4xx_hal_dma.c ****   /* Reset the DMA state */
 368:Drivers/STM32F4xx_HAL_Driver/Src/stm32f4xx_hal_dma.c ****   hdma->State = HAL_DMA_STATE_RESET;
 422              		.loc 1 368 15
 423 00a2 7B68     		ldr	r3, [r7, #4]
 424 00a4 0022     		movs	r2, #0
 425 00a6 83F83520 		strb	r2, [r3, #53]
ARM GAS  /tmp/ccGoskYi.s 			page 15


 369:Drivers/STM32F4xx_HAL_Driver/Src/stm32f4xx_hal_dma.c **** 
 370:Drivers/STM32F4xx_HAL_Driver/Src/stm32f4xx_hal_dma.c ****   /* Release Lock */
 371:Drivers/STM32F4xx_HAL_Driver/Src/stm32f4xx_hal_dma.c ****   __HAL_UNLOCK(hdma);
 426              		.loc 1 371 3
 427 00aa 7B68     		ldr	r3, [r7, #4]
 428 00ac 0022     		movs	r2, #0
 429 00ae 83F83420 		strb	r2, [r3, #52]
 372:Drivers/STM32F4xx_HAL_Driver/Src/stm32f4xx_hal_dma.c **** 
 373:Drivers/STM32F4xx_HAL_Driver/Src/stm32f4xx_hal_dma.c ****   return HAL_OK;
 430              		.loc 1 373 10
 431 00b2 0023     		movs	r3, #0
 432              	.L12:
 374:Drivers/STM32F4xx_HAL_Driver/Src/stm32f4xx_hal_dma.c **** }
 433              		.loc 1 374 1
 434 00b4 1846     		mov	r0, r3
 435 00b6 1037     		adds	r7, r7, #16
 436              	.LCFI8:
 437              		.cfi_def_cfa_offset 8
 438 00b8 BD46     		mov	sp, r7
 439              	.LCFI9:
 440              		.cfi_def_cfa_register 13
 441              		@ sp needed
 442 00ba 80BD     		pop	{r7, pc}
 443              		.cfi_endproc
 444              	.LFE221:
 446              		.section	.text.HAL_DMA_Start,"ax",%progbits
 447              		.align	1
 448              		.global	HAL_DMA_Start
 449              		.syntax unified
 450              		.thumb
 451              		.thumb_func
 453              	HAL_DMA_Start:
 454              	.LFB222:
 375:Drivers/STM32F4xx_HAL_Driver/Src/stm32f4xx_hal_dma.c **** 
 376:Drivers/STM32F4xx_HAL_Driver/Src/stm32f4xx_hal_dma.c **** /**
 377:Drivers/STM32F4xx_HAL_Driver/Src/stm32f4xx_hal_dma.c ****   * @}
 378:Drivers/STM32F4xx_HAL_Driver/Src/stm32f4xx_hal_dma.c ****   */
 379:Drivers/STM32F4xx_HAL_Driver/Src/stm32f4xx_hal_dma.c **** 
 380:Drivers/STM32F4xx_HAL_Driver/Src/stm32f4xx_hal_dma.c **** /** @addtogroup DMA_Exported_Functions_Group2
 381:Drivers/STM32F4xx_HAL_Driver/Src/stm32f4xx_hal_dma.c ****   *
 382:Drivers/STM32F4xx_HAL_Driver/Src/stm32f4xx_hal_dma.c **** @verbatim   
 383:Drivers/STM32F4xx_HAL_Driver/Src/stm32f4xx_hal_dma.c ****  ===============================================================================
 384:Drivers/STM32F4xx_HAL_Driver/Src/stm32f4xx_hal_dma.c ****                       #####  IO operation functions  #####
 385:Drivers/STM32F4xx_HAL_Driver/Src/stm32f4xx_hal_dma.c ****  ===============================================================================
 386:Drivers/STM32F4xx_HAL_Driver/Src/stm32f4xx_hal_dma.c ****     [..]  This section provides functions allowing to:
 387:Drivers/STM32F4xx_HAL_Driver/Src/stm32f4xx_hal_dma.c ****       (+) Configure the source, destination address and data length and Start DMA transfer
 388:Drivers/STM32F4xx_HAL_Driver/Src/stm32f4xx_hal_dma.c ****       (+) Configure the source, destination address and data length and 
 389:Drivers/STM32F4xx_HAL_Driver/Src/stm32f4xx_hal_dma.c ****           Start DMA transfer with interrupt
 390:Drivers/STM32F4xx_HAL_Driver/Src/stm32f4xx_hal_dma.c ****       (+) Abort DMA transfer
 391:Drivers/STM32F4xx_HAL_Driver/Src/stm32f4xx_hal_dma.c ****       (+) Poll for transfer complete
 392:Drivers/STM32F4xx_HAL_Driver/Src/stm32f4xx_hal_dma.c ****       (+) Handle DMA interrupt request  
 393:Drivers/STM32F4xx_HAL_Driver/Src/stm32f4xx_hal_dma.c **** 
 394:Drivers/STM32F4xx_HAL_Driver/Src/stm32f4xx_hal_dma.c **** @endverbatim
 395:Drivers/STM32F4xx_HAL_Driver/Src/stm32f4xx_hal_dma.c ****   * @{
 396:Drivers/STM32F4xx_HAL_Driver/Src/stm32f4xx_hal_dma.c ****   */
 397:Drivers/STM32F4xx_HAL_Driver/Src/stm32f4xx_hal_dma.c **** 
 398:Drivers/STM32F4xx_HAL_Driver/Src/stm32f4xx_hal_dma.c **** /**
ARM GAS  /tmp/ccGoskYi.s 			page 16


 399:Drivers/STM32F4xx_HAL_Driver/Src/stm32f4xx_hal_dma.c ****   * @brief  Starts the DMA Transfer.
 400:Drivers/STM32F4xx_HAL_Driver/Src/stm32f4xx_hal_dma.c ****   * @param  hdma       pointer to a DMA_HandleTypeDef structure that contains
 401:Drivers/STM32F4xx_HAL_Driver/Src/stm32f4xx_hal_dma.c ****   *                     the configuration information for the specified DMA Stream.
 402:Drivers/STM32F4xx_HAL_Driver/Src/stm32f4xx_hal_dma.c ****   * @param  SrcAddress The source memory Buffer address
 403:Drivers/STM32F4xx_HAL_Driver/Src/stm32f4xx_hal_dma.c ****   * @param  DstAddress The destination memory Buffer address
 404:Drivers/STM32F4xx_HAL_Driver/Src/stm32f4xx_hal_dma.c ****   * @param  DataLength The length of data to be transferred from source to destination
 405:Drivers/STM32F4xx_HAL_Driver/Src/stm32f4xx_hal_dma.c ****   * @retval HAL status
 406:Drivers/STM32F4xx_HAL_Driver/Src/stm32f4xx_hal_dma.c ****   */
 407:Drivers/STM32F4xx_HAL_Driver/Src/stm32f4xx_hal_dma.c **** HAL_StatusTypeDef HAL_DMA_Start(DMA_HandleTypeDef *hdma, uint32_t SrcAddress, uint32_t DstAddress, 
 408:Drivers/STM32F4xx_HAL_Driver/Src/stm32f4xx_hal_dma.c **** {
 455              		.loc 1 408 1
 456              		.cfi_startproc
 457              		@ args = 0, pretend = 0, frame = 24
 458              		@ frame_needed = 1, uses_anonymous_args = 0
 459 0000 80B5     		push	{r7, lr}
 460              	.LCFI10:
 461              		.cfi_def_cfa_offset 8
 462              		.cfi_offset 7, -8
 463              		.cfi_offset 14, -4
 464 0002 86B0     		sub	sp, sp, #24
 465              	.LCFI11:
 466              		.cfi_def_cfa_offset 32
 467 0004 00AF     		add	r7, sp, #0
 468              	.LCFI12:
 469              		.cfi_def_cfa_register 7
 470 0006 F860     		str	r0, [r7, #12]
 471 0008 B960     		str	r1, [r7, #8]
 472 000a 7A60     		str	r2, [r7, #4]
 473 000c 3B60     		str	r3, [r7]
 409:Drivers/STM32F4xx_HAL_Driver/Src/stm32f4xx_hal_dma.c ****   HAL_StatusTypeDef status = HAL_OK;
 474              		.loc 1 409 21
 475 000e 0023     		movs	r3, #0
 476 0010 FB75     		strb	r3, [r7, #23]
 410:Drivers/STM32F4xx_HAL_Driver/Src/stm32f4xx_hal_dma.c ****   
 411:Drivers/STM32F4xx_HAL_Driver/Src/stm32f4xx_hal_dma.c ****   /* Check the parameters */
 412:Drivers/STM32F4xx_HAL_Driver/Src/stm32f4xx_hal_dma.c ****   assert_param(IS_DMA_BUFFER_SIZE(DataLength));
 413:Drivers/STM32F4xx_HAL_Driver/Src/stm32f4xx_hal_dma.c **** 
 414:Drivers/STM32F4xx_HAL_Driver/Src/stm32f4xx_hal_dma.c ****   /* Process locked */
 415:Drivers/STM32F4xx_HAL_Driver/Src/stm32f4xx_hal_dma.c ****   __HAL_LOCK(hdma);
 477              		.loc 1 415 3
 478 0012 FB68     		ldr	r3, [r7, #12]
 479 0014 93F83430 		ldrb	r3, [r3, #52]	@ zero_extendqisi2
 480 0018 012B     		cmp	r3, #1
 481 001a 01D1     		bne	.L15
 482              		.loc 1 415 3 is_stmt 0 discriminator 1
 483 001c 0223     		movs	r3, #2
 484              		.loc 1 415 3
 485 001e 26E0     		b	.L16
 486              	.L15:
 487              		.loc 1 415 3 discriminator 2
 488 0020 FB68     		ldr	r3, [r7, #12]
 489 0022 0122     		movs	r2, #1
 490 0024 83F83420 		strb	r2, [r3, #52]
 416:Drivers/STM32F4xx_HAL_Driver/Src/stm32f4xx_hal_dma.c **** 
 417:Drivers/STM32F4xx_HAL_Driver/Src/stm32f4xx_hal_dma.c ****   if(HAL_DMA_STATE_READY == hdma->State)
 491              		.loc 1 417 33 is_stmt 1
 492 0028 FB68     		ldr	r3, [r7, #12]
ARM GAS  /tmp/ccGoskYi.s 			page 17


 493 002a 93F83530 		ldrb	r3, [r3, #53]
 494 002e DBB2     		uxtb	r3, r3
 495              		.loc 1 417 5
 496 0030 012B     		cmp	r3, #1
 497 0032 15D1     		bne	.L17
 418:Drivers/STM32F4xx_HAL_Driver/Src/stm32f4xx_hal_dma.c ****   {
 419:Drivers/STM32F4xx_HAL_Driver/Src/stm32f4xx_hal_dma.c ****     /* Change DMA peripheral state */
 420:Drivers/STM32F4xx_HAL_Driver/Src/stm32f4xx_hal_dma.c ****     hdma->State = HAL_DMA_STATE_BUSY;
 498              		.loc 1 420 17
 499 0034 FB68     		ldr	r3, [r7, #12]
 500 0036 0222     		movs	r2, #2
 501 0038 83F83520 		strb	r2, [r3, #53]
 421:Drivers/STM32F4xx_HAL_Driver/Src/stm32f4xx_hal_dma.c ****     
 422:Drivers/STM32F4xx_HAL_Driver/Src/stm32f4xx_hal_dma.c ****     /* Initialize the error code */
 423:Drivers/STM32F4xx_HAL_Driver/Src/stm32f4xx_hal_dma.c ****     hdma->ErrorCode = HAL_DMA_ERROR_NONE;
 502              		.loc 1 423 21
 503 003c FB68     		ldr	r3, [r7, #12]
 504 003e 0022     		movs	r2, #0
 505 0040 5A65     		str	r2, [r3, #84]
 424:Drivers/STM32F4xx_HAL_Driver/Src/stm32f4xx_hal_dma.c ****     
 425:Drivers/STM32F4xx_HAL_Driver/Src/stm32f4xx_hal_dma.c ****     /* Configure the source, destination address and the data length */
 426:Drivers/STM32F4xx_HAL_Driver/Src/stm32f4xx_hal_dma.c ****     DMA_SetConfig(hdma, SrcAddress, DstAddress, DataLength);
 506              		.loc 1 426 5
 507 0042 3B68     		ldr	r3, [r7]
 508 0044 7A68     		ldr	r2, [r7, #4]
 509 0046 B968     		ldr	r1, [r7, #8]
 510 0048 F868     		ldr	r0, [r7, #12]
 511 004a FFF7FEFF 		bl	DMA_SetConfig
 427:Drivers/STM32F4xx_HAL_Driver/Src/stm32f4xx_hal_dma.c **** 
 428:Drivers/STM32F4xx_HAL_Driver/Src/stm32f4xx_hal_dma.c ****     /* Enable the Peripheral */
 429:Drivers/STM32F4xx_HAL_Driver/Src/stm32f4xx_hal_dma.c ****     __HAL_DMA_ENABLE(hdma);
 512              		.loc 1 429 5
 513 004e FB68     		ldr	r3, [r7, #12]
 514 0050 1B68     		ldr	r3, [r3]
 515 0052 1A68     		ldr	r2, [r3]
 516 0054 FB68     		ldr	r3, [r7, #12]
 517 0056 1B68     		ldr	r3, [r3]
 518 0058 42F00102 		orr	r2, r2, #1
 519 005c 1A60     		str	r2, [r3]
 520 005e 05E0     		b	.L18
 521              	.L17:
 430:Drivers/STM32F4xx_HAL_Driver/Src/stm32f4xx_hal_dma.c ****   }
 431:Drivers/STM32F4xx_HAL_Driver/Src/stm32f4xx_hal_dma.c ****   else
 432:Drivers/STM32F4xx_HAL_Driver/Src/stm32f4xx_hal_dma.c ****   {
 433:Drivers/STM32F4xx_HAL_Driver/Src/stm32f4xx_hal_dma.c ****     /* Process unlocked */
 434:Drivers/STM32F4xx_HAL_Driver/Src/stm32f4xx_hal_dma.c ****     __HAL_UNLOCK(hdma);
 522              		.loc 1 434 5
 523 0060 FB68     		ldr	r3, [r7, #12]
 524 0062 0022     		movs	r2, #0
 525 0064 83F83420 		strb	r2, [r3, #52]
 435:Drivers/STM32F4xx_HAL_Driver/Src/stm32f4xx_hal_dma.c ****     
 436:Drivers/STM32F4xx_HAL_Driver/Src/stm32f4xx_hal_dma.c ****     /* Return error status */
 437:Drivers/STM32F4xx_HAL_Driver/Src/stm32f4xx_hal_dma.c ****     status = HAL_BUSY;
 526              		.loc 1 437 12
 527 0068 0223     		movs	r3, #2
 528 006a FB75     		strb	r3, [r7, #23]
 529              	.L18:
ARM GAS  /tmp/ccGoskYi.s 			page 18


 438:Drivers/STM32F4xx_HAL_Driver/Src/stm32f4xx_hal_dma.c ****   } 
 439:Drivers/STM32F4xx_HAL_Driver/Src/stm32f4xx_hal_dma.c ****   return status; 
 530              		.loc 1 439 10
 531 006c FB7D     		ldrb	r3, [r7, #23]	@ zero_extendqisi2
 532              	.L16:
 440:Drivers/STM32F4xx_HAL_Driver/Src/stm32f4xx_hal_dma.c **** }
 533              		.loc 1 440 1
 534 006e 1846     		mov	r0, r3
 535 0070 1837     		adds	r7, r7, #24
 536              	.LCFI13:
 537              		.cfi_def_cfa_offset 8
 538 0072 BD46     		mov	sp, r7
 539              	.LCFI14:
 540              		.cfi_def_cfa_register 13
 541              		@ sp needed
 542 0074 80BD     		pop	{r7, pc}
 543              		.cfi_endproc
 544              	.LFE222:
 546              		.section	.text.HAL_DMA_Start_IT,"ax",%progbits
 547              		.align	1
 548              		.global	HAL_DMA_Start_IT
 549              		.syntax unified
 550              		.thumb
 551              		.thumb_func
 553              	HAL_DMA_Start_IT:
 554              	.LFB223:
 441:Drivers/STM32F4xx_HAL_Driver/Src/stm32f4xx_hal_dma.c **** 
 442:Drivers/STM32F4xx_HAL_Driver/Src/stm32f4xx_hal_dma.c **** /**
 443:Drivers/STM32F4xx_HAL_Driver/Src/stm32f4xx_hal_dma.c ****   * @brief  Start the DMA Transfer with interrupt enabled.
 444:Drivers/STM32F4xx_HAL_Driver/Src/stm32f4xx_hal_dma.c ****   * @param  hdma       pointer to a DMA_HandleTypeDef structure that contains
 445:Drivers/STM32F4xx_HAL_Driver/Src/stm32f4xx_hal_dma.c ****   *                     the configuration information for the specified DMA Stream.  
 446:Drivers/STM32F4xx_HAL_Driver/Src/stm32f4xx_hal_dma.c ****   * @param  SrcAddress The source memory Buffer address
 447:Drivers/STM32F4xx_HAL_Driver/Src/stm32f4xx_hal_dma.c ****   * @param  DstAddress The destination memory Buffer address
 448:Drivers/STM32F4xx_HAL_Driver/Src/stm32f4xx_hal_dma.c ****   * @param  DataLength The length of data to be transferred from source to destination
 449:Drivers/STM32F4xx_HAL_Driver/Src/stm32f4xx_hal_dma.c ****   * @retval HAL status
 450:Drivers/STM32F4xx_HAL_Driver/Src/stm32f4xx_hal_dma.c ****   */
 451:Drivers/STM32F4xx_HAL_Driver/Src/stm32f4xx_hal_dma.c **** HAL_StatusTypeDef HAL_DMA_Start_IT(DMA_HandleTypeDef *hdma, uint32_t SrcAddress, uint32_t DstAddres
 452:Drivers/STM32F4xx_HAL_Driver/Src/stm32f4xx_hal_dma.c **** {
 555              		.loc 1 452 1
 556              		.cfi_startproc
 557              		@ args = 0, pretend = 0, frame = 24
 558              		@ frame_needed = 1, uses_anonymous_args = 0
 559 0000 80B5     		push	{r7, lr}
 560              	.LCFI15:
 561              		.cfi_def_cfa_offset 8
 562              		.cfi_offset 7, -8
 563              		.cfi_offset 14, -4
 564 0002 86B0     		sub	sp, sp, #24
 565              	.LCFI16:
 566              		.cfi_def_cfa_offset 32
 567 0004 00AF     		add	r7, sp, #0
 568              	.LCFI17:
 569              		.cfi_def_cfa_register 7
 570 0006 F860     		str	r0, [r7, #12]
 571 0008 B960     		str	r1, [r7, #8]
 572 000a 7A60     		str	r2, [r7, #4]
 573 000c 3B60     		str	r3, [r7]
ARM GAS  /tmp/ccGoskYi.s 			page 19


 453:Drivers/STM32F4xx_HAL_Driver/Src/stm32f4xx_hal_dma.c ****   HAL_StatusTypeDef status = HAL_OK;
 574              		.loc 1 453 21
 575 000e 0023     		movs	r3, #0
 576 0010 FB75     		strb	r3, [r7, #23]
 454:Drivers/STM32F4xx_HAL_Driver/Src/stm32f4xx_hal_dma.c **** 
 455:Drivers/STM32F4xx_HAL_Driver/Src/stm32f4xx_hal_dma.c ****   /* calculate DMA base and stream number */
 456:Drivers/STM32F4xx_HAL_Driver/Src/stm32f4xx_hal_dma.c ****   DMA_Base_Registers *regs = (DMA_Base_Registers *)hdma->StreamBaseAddress;
 577              		.loc 1 456 56
 578 0012 FB68     		ldr	r3, [r7, #12]
 579 0014 9B6D     		ldr	r3, [r3, #88]
 580              		.loc 1 456 23
 581 0016 3B61     		str	r3, [r7, #16]
 457:Drivers/STM32F4xx_HAL_Driver/Src/stm32f4xx_hal_dma.c ****   
 458:Drivers/STM32F4xx_HAL_Driver/Src/stm32f4xx_hal_dma.c ****   /* Check the parameters */
 459:Drivers/STM32F4xx_HAL_Driver/Src/stm32f4xx_hal_dma.c ****   assert_param(IS_DMA_BUFFER_SIZE(DataLength));
 460:Drivers/STM32F4xx_HAL_Driver/Src/stm32f4xx_hal_dma.c ****  
 461:Drivers/STM32F4xx_HAL_Driver/Src/stm32f4xx_hal_dma.c ****   /* Process locked */
 462:Drivers/STM32F4xx_HAL_Driver/Src/stm32f4xx_hal_dma.c ****   __HAL_LOCK(hdma);
 582              		.loc 1 462 3
 583 0018 FB68     		ldr	r3, [r7, #12]
 584 001a 93F83430 		ldrb	r3, [r3, #52]	@ zero_extendqisi2
 585 001e 012B     		cmp	r3, #1
 586 0020 01D1     		bne	.L20
 587              		.loc 1 462 3 is_stmt 0 discriminator 1
 588 0022 0223     		movs	r3, #2
 589              		.loc 1 462 3
 590 0024 40E0     		b	.L21
 591              	.L20:
 592              		.loc 1 462 3 discriminator 2
 593 0026 FB68     		ldr	r3, [r7, #12]
 594 0028 0122     		movs	r2, #1
 595 002a 83F83420 		strb	r2, [r3, #52]
 463:Drivers/STM32F4xx_HAL_Driver/Src/stm32f4xx_hal_dma.c ****   
 464:Drivers/STM32F4xx_HAL_Driver/Src/stm32f4xx_hal_dma.c ****   if(HAL_DMA_STATE_READY == hdma->State)
 596              		.loc 1 464 33 is_stmt 1
 597 002e FB68     		ldr	r3, [r7, #12]
 598 0030 93F83530 		ldrb	r3, [r3, #53]
 599 0034 DBB2     		uxtb	r3, r3
 600              		.loc 1 464 5
 601 0036 012B     		cmp	r3, #1
 602 0038 2FD1     		bne	.L22
 465:Drivers/STM32F4xx_HAL_Driver/Src/stm32f4xx_hal_dma.c ****   {
 466:Drivers/STM32F4xx_HAL_Driver/Src/stm32f4xx_hal_dma.c ****     /* Change DMA peripheral state */
 467:Drivers/STM32F4xx_HAL_Driver/Src/stm32f4xx_hal_dma.c ****     hdma->State = HAL_DMA_STATE_BUSY;
 603              		.loc 1 467 17
 604 003a FB68     		ldr	r3, [r7, #12]
 605 003c 0222     		movs	r2, #2
 606 003e 83F83520 		strb	r2, [r3, #53]
 468:Drivers/STM32F4xx_HAL_Driver/Src/stm32f4xx_hal_dma.c ****     
 469:Drivers/STM32F4xx_HAL_Driver/Src/stm32f4xx_hal_dma.c ****     /* Initialize the error code */
 470:Drivers/STM32F4xx_HAL_Driver/Src/stm32f4xx_hal_dma.c ****     hdma->ErrorCode = HAL_DMA_ERROR_NONE;
 607              		.loc 1 470 21
 608 0042 FB68     		ldr	r3, [r7, #12]
 609 0044 0022     		movs	r2, #0
 610 0046 5A65     		str	r2, [r3, #84]
 471:Drivers/STM32F4xx_HAL_Driver/Src/stm32f4xx_hal_dma.c ****     
 472:Drivers/STM32F4xx_HAL_Driver/Src/stm32f4xx_hal_dma.c ****     /* Configure the source, destination address and the data length */
ARM GAS  /tmp/ccGoskYi.s 			page 20


 473:Drivers/STM32F4xx_HAL_Driver/Src/stm32f4xx_hal_dma.c ****     DMA_SetConfig(hdma, SrcAddress, DstAddress, DataLength);
 611              		.loc 1 473 5
 612 0048 3B68     		ldr	r3, [r7]
 613 004a 7A68     		ldr	r2, [r7, #4]
 614 004c B968     		ldr	r1, [r7, #8]
 615 004e F868     		ldr	r0, [r7, #12]
 616 0050 FFF7FEFF 		bl	DMA_SetConfig
 474:Drivers/STM32F4xx_HAL_Driver/Src/stm32f4xx_hal_dma.c ****     
 475:Drivers/STM32F4xx_HAL_Driver/Src/stm32f4xx_hal_dma.c ****     /* Clear all interrupt flags at correct offset within the register */
 476:Drivers/STM32F4xx_HAL_Driver/Src/stm32f4xx_hal_dma.c ****     regs->IFCR = 0x3FU << hdma->StreamIndex;
 617              		.loc 1 476 31
 618 0054 FB68     		ldr	r3, [r7, #12]
 619 0056 DB6D     		ldr	r3, [r3, #92]
 620              		.loc 1 476 24
 621 0058 3F22     		movs	r2, #63
 622 005a 9A40     		lsls	r2, r2, r3
 623              		.loc 1 476 16
 624 005c 3B69     		ldr	r3, [r7, #16]
 625 005e 9A60     		str	r2, [r3, #8]
 477:Drivers/STM32F4xx_HAL_Driver/Src/stm32f4xx_hal_dma.c ****     
 478:Drivers/STM32F4xx_HAL_Driver/Src/stm32f4xx_hal_dma.c ****     /* Enable Common interrupts*/
 479:Drivers/STM32F4xx_HAL_Driver/Src/stm32f4xx_hal_dma.c ****     hdma->Instance->CR  |= DMA_IT_TC | DMA_IT_TE | DMA_IT_DME;
 626              		.loc 1 479 9
 627 0060 FB68     		ldr	r3, [r7, #12]
 628 0062 1B68     		ldr	r3, [r3]
 629              		.loc 1 479 19
 630 0064 1A68     		ldr	r2, [r3]
 631              		.loc 1 479 9
 632 0066 FB68     		ldr	r3, [r7, #12]
 633 0068 1B68     		ldr	r3, [r3]
 634              		.loc 1 479 25
 635 006a 42F01602 		orr	r2, r2, #22
 636 006e 1A60     		str	r2, [r3]
 480:Drivers/STM32F4xx_HAL_Driver/Src/stm32f4xx_hal_dma.c ****     
 481:Drivers/STM32F4xx_HAL_Driver/Src/stm32f4xx_hal_dma.c ****     if(hdma->XferHalfCpltCallback != NULL)
 637              		.loc 1 481 12
 638 0070 FB68     		ldr	r3, [r7, #12]
 639 0072 1B6C     		ldr	r3, [r3, #64]
 640              		.loc 1 481 7
 641 0074 002B     		cmp	r3, #0
 642 0076 07D0     		beq	.L23
 482:Drivers/STM32F4xx_HAL_Driver/Src/stm32f4xx_hal_dma.c ****     {
 483:Drivers/STM32F4xx_HAL_Driver/Src/stm32f4xx_hal_dma.c ****       hdma->Instance->CR  |= DMA_IT_HT;
 643              		.loc 1 483 11
 644 0078 FB68     		ldr	r3, [r7, #12]
 645 007a 1B68     		ldr	r3, [r3]
 646              		.loc 1 483 21
 647 007c 1A68     		ldr	r2, [r3]
 648              		.loc 1 483 11
 649 007e FB68     		ldr	r3, [r7, #12]
 650 0080 1B68     		ldr	r3, [r3]
 651              		.loc 1 483 27
 652 0082 42F00802 		orr	r2, r2, #8
 653 0086 1A60     		str	r2, [r3]
 654              	.L23:
 484:Drivers/STM32F4xx_HAL_Driver/Src/stm32f4xx_hal_dma.c ****     }
 485:Drivers/STM32F4xx_HAL_Driver/Src/stm32f4xx_hal_dma.c ****     
ARM GAS  /tmp/ccGoskYi.s 			page 21


 486:Drivers/STM32F4xx_HAL_Driver/Src/stm32f4xx_hal_dma.c ****     /* Enable the Peripheral */
 487:Drivers/STM32F4xx_HAL_Driver/Src/stm32f4xx_hal_dma.c ****     __HAL_DMA_ENABLE(hdma);
 655              		.loc 1 487 5
 656 0088 FB68     		ldr	r3, [r7, #12]
 657 008a 1B68     		ldr	r3, [r3]
 658 008c 1A68     		ldr	r2, [r3]
 659 008e FB68     		ldr	r3, [r7, #12]
 660 0090 1B68     		ldr	r3, [r3]
 661 0092 42F00102 		orr	r2, r2, #1
 662 0096 1A60     		str	r2, [r3]
 663 0098 05E0     		b	.L24
 664              	.L22:
 488:Drivers/STM32F4xx_HAL_Driver/Src/stm32f4xx_hal_dma.c ****   }
 489:Drivers/STM32F4xx_HAL_Driver/Src/stm32f4xx_hal_dma.c ****   else
 490:Drivers/STM32F4xx_HAL_Driver/Src/stm32f4xx_hal_dma.c ****   {
 491:Drivers/STM32F4xx_HAL_Driver/Src/stm32f4xx_hal_dma.c ****     /* Process unlocked */
 492:Drivers/STM32F4xx_HAL_Driver/Src/stm32f4xx_hal_dma.c ****     __HAL_UNLOCK(hdma);	  
 665              		.loc 1 492 5
 666 009a FB68     		ldr	r3, [r7, #12]
 667 009c 0022     		movs	r2, #0
 668 009e 83F83420 		strb	r2, [r3, #52]
 493:Drivers/STM32F4xx_HAL_Driver/Src/stm32f4xx_hal_dma.c ****     
 494:Drivers/STM32F4xx_HAL_Driver/Src/stm32f4xx_hal_dma.c ****     /* Return error status */
 495:Drivers/STM32F4xx_HAL_Driver/Src/stm32f4xx_hal_dma.c ****     status = HAL_BUSY;
 669              		.loc 1 495 12
 670 00a2 0223     		movs	r3, #2
 671 00a4 FB75     		strb	r3, [r7, #23]
 672              	.L24:
 496:Drivers/STM32F4xx_HAL_Driver/Src/stm32f4xx_hal_dma.c ****   }
 497:Drivers/STM32F4xx_HAL_Driver/Src/stm32f4xx_hal_dma.c ****   
 498:Drivers/STM32F4xx_HAL_Driver/Src/stm32f4xx_hal_dma.c ****   return status;
 673              		.loc 1 498 10
 674 00a6 FB7D     		ldrb	r3, [r7, #23]	@ zero_extendqisi2
 675              	.L21:
 499:Drivers/STM32F4xx_HAL_Driver/Src/stm32f4xx_hal_dma.c **** }
 676              		.loc 1 499 1
 677 00a8 1846     		mov	r0, r3
 678 00aa 1837     		adds	r7, r7, #24
 679              	.LCFI18:
 680              		.cfi_def_cfa_offset 8
 681 00ac BD46     		mov	sp, r7
 682              	.LCFI19:
 683              		.cfi_def_cfa_register 13
 684              		@ sp needed
 685 00ae 80BD     		pop	{r7, pc}
 686              		.cfi_endproc
 687              	.LFE223:
 689              		.section	.text.HAL_DMA_Abort,"ax",%progbits
 690              		.align	1
 691              		.global	HAL_DMA_Abort
 692              		.syntax unified
 693              		.thumb
 694              		.thumb_func
 696              	HAL_DMA_Abort:
 697              	.LFB224:
 500:Drivers/STM32F4xx_HAL_Driver/Src/stm32f4xx_hal_dma.c **** 
 501:Drivers/STM32F4xx_HAL_Driver/Src/stm32f4xx_hal_dma.c **** /**
ARM GAS  /tmp/ccGoskYi.s 			page 22


 502:Drivers/STM32F4xx_HAL_Driver/Src/stm32f4xx_hal_dma.c ****   * @brief  Aborts the DMA Transfer.
 503:Drivers/STM32F4xx_HAL_Driver/Src/stm32f4xx_hal_dma.c ****   * @param  hdma   pointer to a DMA_HandleTypeDef structure that contains
 504:Drivers/STM32F4xx_HAL_Driver/Src/stm32f4xx_hal_dma.c ****   *                 the configuration information for the specified DMA Stream.
 505:Drivers/STM32F4xx_HAL_Driver/Src/stm32f4xx_hal_dma.c ****   *                   
 506:Drivers/STM32F4xx_HAL_Driver/Src/stm32f4xx_hal_dma.c ****   * @note  After disabling a DMA Stream, a check for wait until the DMA Stream is 
 507:Drivers/STM32F4xx_HAL_Driver/Src/stm32f4xx_hal_dma.c ****   *        effectively disabled is added. If a Stream is disabled 
 508:Drivers/STM32F4xx_HAL_Driver/Src/stm32f4xx_hal_dma.c ****   *        while a data transfer is ongoing, the current data will be transferred
 509:Drivers/STM32F4xx_HAL_Driver/Src/stm32f4xx_hal_dma.c ****   *        and the Stream will be effectively disabled only after the transfer of
 510:Drivers/STM32F4xx_HAL_Driver/Src/stm32f4xx_hal_dma.c ****   *        this single data is finished.  
 511:Drivers/STM32F4xx_HAL_Driver/Src/stm32f4xx_hal_dma.c ****   * @retval HAL status
 512:Drivers/STM32F4xx_HAL_Driver/Src/stm32f4xx_hal_dma.c ****   */
 513:Drivers/STM32F4xx_HAL_Driver/Src/stm32f4xx_hal_dma.c **** HAL_StatusTypeDef HAL_DMA_Abort(DMA_HandleTypeDef *hdma)
 514:Drivers/STM32F4xx_HAL_Driver/Src/stm32f4xx_hal_dma.c **** {
 698              		.loc 1 514 1
 699              		.cfi_startproc
 700              		@ args = 0, pretend = 0, frame = 16
 701              		@ frame_needed = 1, uses_anonymous_args = 0
 702 0000 80B5     		push	{r7, lr}
 703              	.LCFI20:
 704              		.cfi_def_cfa_offset 8
 705              		.cfi_offset 7, -8
 706              		.cfi_offset 14, -4
 707 0002 84B0     		sub	sp, sp, #16
 708              	.LCFI21:
 709              		.cfi_def_cfa_offset 24
 710 0004 00AF     		add	r7, sp, #0
 711              	.LCFI22:
 712              		.cfi_def_cfa_register 7
 713 0006 7860     		str	r0, [r7, #4]
 515:Drivers/STM32F4xx_HAL_Driver/Src/stm32f4xx_hal_dma.c ****   /* calculate DMA base and stream number */
 516:Drivers/STM32F4xx_HAL_Driver/Src/stm32f4xx_hal_dma.c ****   DMA_Base_Registers *regs = (DMA_Base_Registers *)hdma->StreamBaseAddress;
 714              		.loc 1 516 56
 715 0008 7B68     		ldr	r3, [r7, #4]
 716 000a 9B6D     		ldr	r3, [r3, #88]
 717              		.loc 1 516 23
 718 000c FB60     		str	r3, [r7, #12]
 517:Drivers/STM32F4xx_HAL_Driver/Src/stm32f4xx_hal_dma.c ****   
 518:Drivers/STM32F4xx_HAL_Driver/Src/stm32f4xx_hal_dma.c ****   uint32_t tickstart = HAL_GetTick();
 719              		.loc 1 518 24
 720 000e FFF7FEFF 		bl	HAL_GetTick
 721 0012 B860     		str	r0, [r7, #8]
 519:Drivers/STM32F4xx_HAL_Driver/Src/stm32f4xx_hal_dma.c ****   
 520:Drivers/STM32F4xx_HAL_Driver/Src/stm32f4xx_hal_dma.c ****   if(hdma->State != HAL_DMA_STATE_BUSY)
 722              		.loc 1 520 10
 723 0014 7B68     		ldr	r3, [r7, #4]
 724 0016 93F83530 		ldrb	r3, [r3, #53]
 725 001a DBB2     		uxtb	r3, r3
 726              		.loc 1 520 5
 727 001c 022B     		cmp	r3, #2
 728 001e 08D0     		beq	.L26
 521:Drivers/STM32F4xx_HAL_Driver/Src/stm32f4xx_hal_dma.c ****   {
 522:Drivers/STM32F4xx_HAL_Driver/Src/stm32f4xx_hal_dma.c ****     hdma->ErrorCode = HAL_DMA_ERROR_NO_XFER;
 729              		.loc 1 522 21
 730 0020 7B68     		ldr	r3, [r7, #4]
 731 0022 8022     		movs	r2, #128
 732 0024 5A65     		str	r2, [r3, #84]
 523:Drivers/STM32F4xx_HAL_Driver/Src/stm32f4xx_hal_dma.c ****     
ARM GAS  /tmp/ccGoskYi.s 			page 23


 524:Drivers/STM32F4xx_HAL_Driver/Src/stm32f4xx_hal_dma.c ****     /* Process Unlocked */
 525:Drivers/STM32F4xx_HAL_Driver/Src/stm32f4xx_hal_dma.c ****     __HAL_UNLOCK(hdma);
 733              		.loc 1 525 5
 734 0026 7B68     		ldr	r3, [r7, #4]
 735 0028 0022     		movs	r2, #0
 736 002a 83F83420 		strb	r2, [r3, #52]
 526:Drivers/STM32F4xx_HAL_Driver/Src/stm32f4xx_hal_dma.c ****     
 527:Drivers/STM32F4xx_HAL_Driver/Src/stm32f4xx_hal_dma.c ****     return HAL_ERROR;
 737              		.loc 1 527 12
 738 002e 0123     		movs	r3, #1
 739 0030 52E0     		b	.L27
 740              	.L26:
 528:Drivers/STM32F4xx_HAL_Driver/Src/stm32f4xx_hal_dma.c ****   }
 529:Drivers/STM32F4xx_HAL_Driver/Src/stm32f4xx_hal_dma.c ****   else
 530:Drivers/STM32F4xx_HAL_Driver/Src/stm32f4xx_hal_dma.c ****   {
 531:Drivers/STM32F4xx_HAL_Driver/Src/stm32f4xx_hal_dma.c ****     /* Disable all the transfer interrupts */
 532:Drivers/STM32F4xx_HAL_Driver/Src/stm32f4xx_hal_dma.c ****     hdma->Instance->CR  &= ~(DMA_IT_TC | DMA_IT_TE | DMA_IT_DME);
 741              		.loc 1 532 9
 742 0032 7B68     		ldr	r3, [r7, #4]
 743 0034 1B68     		ldr	r3, [r3]
 744              		.loc 1 532 19
 745 0036 1A68     		ldr	r2, [r3]
 746              		.loc 1 532 9
 747 0038 7B68     		ldr	r3, [r7, #4]
 748 003a 1B68     		ldr	r3, [r3]
 749              		.loc 1 532 25
 750 003c 22F01602 		bic	r2, r2, #22
 751 0040 1A60     		str	r2, [r3]
 533:Drivers/STM32F4xx_HAL_Driver/Src/stm32f4xx_hal_dma.c ****     hdma->Instance->FCR &= ~(DMA_IT_FE);
 752              		.loc 1 533 9
 753 0042 7B68     		ldr	r3, [r7, #4]
 754 0044 1B68     		ldr	r3, [r3]
 755              		.loc 1 533 19
 756 0046 5A69     		ldr	r2, [r3, #20]
 757              		.loc 1 533 9
 758 0048 7B68     		ldr	r3, [r7, #4]
 759 004a 1B68     		ldr	r3, [r3]
 760              		.loc 1 533 25
 761 004c 22F08002 		bic	r2, r2, #128
 762 0050 5A61     		str	r2, [r3, #20]
 534:Drivers/STM32F4xx_HAL_Driver/Src/stm32f4xx_hal_dma.c ****     
 535:Drivers/STM32F4xx_HAL_Driver/Src/stm32f4xx_hal_dma.c ****     if((hdma->XferHalfCpltCallback != NULL) || (hdma->XferM1HalfCpltCallback != NULL))
 763              		.loc 1 535 13
 764 0052 7B68     		ldr	r3, [r7, #4]
 765 0054 1B6C     		ldr	r3, [r3, #64]
 766              		.loc 1 535 7
 767 0056 002B     		cmp	r3, #0
 768 0058 03D1     		bne	.L28
 769              		.loc 1 535 53 discriminator 1
 770 005a 7B68     		ldr	r3, [r7, #4]
 771 005c 9B6C     		ldr	r3, [r3, #72]
 772              		.loc 1 535 45 discriminator 1
 773 005e 002B     		cmp	r3, #0
 774 0060 07D0     		beq	.L29
 775              	.L28:
 536:Drivers/STM32F4xx_HAL_Driver/Src/stm32f4xx_hal_dma.c ****     {
 537:Drivers/STM32F4xx_HAL_Driver/Src/stm32f4xx_hal_dma.c ****       hdma->Instance->CR  &= ~(DMA_IT_HT);
ARM GAS  /tmp/ccGoskYi.s 			page 24


 776              		.loc 1 537 11
 777 0062 7B68     		ldr	r3, [r7, #4]
 778 0064 1B68     		ldr	r3, [r3]
 779              		.loc 1 537 21
 780 0066 1A68     		ldr	r2, [r3]
 781              		.loc 1 537 11
 782 0068 7B68     		ldr	r3, [r7, #4]
 783 006a 1B68     		ldr	r3, [r3]
 784              		.loc 1 537 27
 785 006c 22F00802 		bic	r2, r2, #8
 786 0070 1A60     		str	r2, [r3]
 787              	.L29:
 538:Drivers/STM32F4xx_HAL_Driver/Src/stm32f4xx_hal_dma.c ****     }
 539:Drivers/STM32F4xx_HAL_Driver/Src/stm32f4xx_hal_dma.c ****     
 540:Drivers/STM32F4xx_HAL_Driver/Src/stm32f4xx_hal_dma.c ****     /* Disable the stream */
 541:Drivers/STM32F4xx_HAL_Driver/Src/stm32f4xx_hal_dma.c ****     __HAL_DMA_DISABLE(hdma);
 788              		.loc 1 541 5
 789 0072 7B68     		ldr	r3, [r7, #4]
 790 0074 1B68     		ldr	r3, [r3]
 791 0076 1A68     		ldr	r2, [r3]
 792 0078 7B68     		ldr	r3, [r7, #4]
 793 007a 1B68     		ldr	r3, [r3]
 794 007c 22F00102 		bic	r2, r2, #1
 795 0080 1A60     		str	r2, [r3]
 542:Drivers/STM32F4xx_HAL_Driver/Src/stm32f4xx_hal_dma.c ****     
 543:Drivers/STM32F4xx_HAL_Driver/Src/stm32f4xx_hal_dma.c ****     /* Check if the DMA Stream is effectively disabled */
 544:Drivers/STM32F4xx_HAL_Driver/Src/stm32f4xx_hal_dma.c ****     while((hdma->Instance->CR & DMA_SxCR_EN) != RESET)
 796              		.loc 1 544 10
 797 0082 13E0     		b	.L30
 798              	.L31:
 545:Drivers/STM32F4xx_HAL_Driver/Src/stm32f4xx_hal_dma.c ****     {
 546:Drivers/STM32F4xx_HAL_Driver/Src/stm32f4xx_hal_dma.c ****       /* Check for the Timeout */
 547:Drivers/STM32F4xx_HAL_Driver/Src/stm32f4xx_hal_dma.c ****       if((HAL_GetTick() - tickstart ) > HAL_TIMEOUT_DMA_ABORT)
 799              		.loc 1 547 11
 800 0084 FFF7FEFF 		bl	HAL_GetTick
 801 0088 0246     		mov	r2, r0
 802              		.loc 1 547 25 discriminator 1
 803 008a BB68     		ldr	r3, [r7, #8]
 804 008c D31A     		subs	r3, r2, r3
 805              		.loc 1 547 9 discriminator 1
 806 008e 052B     		cmp	r3, #5
 807 0090 0CD9     		bls	.L30
 548:Drivers/STM32F4xx_HAL_Driver/Src/stm32f4xx_hal_dma.c ****       {
 549:Drivers/STM32F4xx_HAL_Driver/Src/stm32f4xx_hal_dma.c ****         /* Update error code */
 550:Drivers/STM32F4xx_HAL_Driver/Src/stm32f4xx_hal_dma.c ****         hdma->ErrorCode = HAL_DMA_ERROR_TIMEOUT;
 808              		.loc 1 550 25
 809 0092 7B68     		ldr	r3, [r7, #4]
 810 0094 2022     		movs	r2, #32
 811 0096 5A65     		str	r2, [r3, #84]
 551:Drivers/STM32F4xx_HAL_Driver/Src/stm32f4xx_hal_dma.c ****         
 552:Drivers/STM32F4xx_HAL_Driver/Src/stm32f4xx_hal_dma.c ****         /* Change the DMA state */
 553:Drivers/STM32F4xx_HAL_Driver/Src/stm32f4xx_hal_dma.c ****         hdma->State = HAL_DMA_STATE_TIMEOUT;
 812              		.loc 1 553 21
 813 0098 7B68     		ldr	r3, [r7, #4]
 814 009a 0322     		movs	r2, #3
 815 009c 83F83520 		strb	r2, [r3, #53]
 554:Drivers/STM32F4xx_HAL_Driver/Src/stm32f4xx_hal_dma.c ****         
ARM GAS  /tmp/ccGoskYi.s 			page 25


 555:Drivers/STM32F4xx_HAL_Driver/Src/stm32f4xx_hal_dma.c ****         /* Process Unlocked */
 556:Drivers/STM32F4xx_HAL_Driver/Src/stm32f4xx_hal_dma.c ****         __HAL_UNLOCK(hdma);
 816              		.loc 1 556 9
 817 00a0 7B68     		ldr	r3, [r7, #4]
 818 00a2 0022     		movs	r2, #0
 819 00a4 83F83420 		strb	r2, [r3, #52]
 557:Drivers/STM32F4xx_HAL_Driver/Src/stm32f4xx_hal_dma.c ****         
 558:Drivers/STM32F4xx_HAL_Driver/Src/stm32f4xx_hal_dma.c ****         return HAL_TIMEOUT;
 820              		.loc 1 558 16
 821 00a8 0323     		movs	r3, #3
 822 00aa 15E0     		b	.L27
 823              	.L30:
 544:Drivers/STM32F4xx_HAL_Driver/Src/stm32f4xx_hal_dma.c ****     {
 824              		.loc 1 544 16
 825 00ac 7B68     		ldr	r3, [r7, #4]
 826 00ae 1B68     		ldr	r3, [r3]
 544:Drivers/STM32F4xx_HAL_Driver/Src/stm32f4xx_hal_dma.c ****     {
 827              		.loc 1 544 26
 828 00b0 1B68     		ldr	r3, [r3]
 544:Drivers/STM32F4xx_HAL_Driver/Src/stm32f4xx_hal_dma.c ****     {
 829              		.loc 1 544 31
 830 00b2 03F00103 		and	r3, r3, #1
 544:Drivers/STM32F4xx_HAL_Driver/Src/stm32f4xx_hal_dma.c ****     {
 831              		.loc 1 544 46
 832 00b6 002B     		cmp	r3, #0
 833 00b8 E4D1     		bne	.L31
 559:Drivers/STM32F4xx_HAL_Driver/Src/stm32f4xx_hal_dma.c ****       }
 560:Drivers/STM32F4xx_HAL_Driver/Src/stm32f4xx_hal_dma.c ****     }
 561:Drivers/STM32F4xx_HAL_Driver/Src/stm32f4xx_hal_dma.c ****     
 562:Drivers/STM32F4xx_HAL_Driver/Src/stm32f4xx_hal_dma.c ****     /* Clear all interrupt flags at correct offset within the register */
 563:Drivers/STM32F4xx_HAL_Driver/Src/stm32f4xx_hal_dma.c ****     regs->IFCR = 0x3FU << hdma->StreamIndex;
 834              		.loc 1 563 31
 835 00ba 7B68     		ldr	r3, [r7, #4]
 836 00bc DB6D     		ldr	r3, [r3, #92]
 837              		.loc 1 563 24
 838 00be 3F22     		movs	r2, #63
 839 00c0 9A40     		lsls	r2, r2, r3
 840              		.loc 1 563 16
 841 00c2 FB68     		ldr	r3, [r7, #12]
 842 00c4 9A60     		str	r2, [r3, #8]
 564:Drivers/STM32F4xx_HAL_Driver/Src/stm32f4xx_hal_dma.c ****     
 565:Drivers/STM32F4xx_HAL_Driver/Src/stm32f4xx_hal_dma.c ****     /* Change the DMA state*/
 566:Drivers/STM32F4xx_HAL_Driver/Src/stm32f4xx_hal_dma.c ****     hdma->State = HAL_DMA_STATE_READY;
 843              		.loc 1 566 17
 844 00c6 7B68     		ldr	r3, [r7, #4]
 845 00c8 0122     		movs	r2, #1
 846 00ca 83F83520 		strb	r2, [r3, #53]
 567:Drivers/STM32F4xx_HAL_Driver/Src/stm32f4xx_hal_dma.c ****     
 568:Drivers/STM32F4xx_HAL_Driver/Src/stm32f4xx_hal_dma.c ****     /* Process Unlocked */
 569:Drivers/STM32F4xx_HAL_Driver/Src/stm32f4xx_hal_dma.c ****     __HAL_UNLOCK(hdma);
 847              		.loc 1 569 5
 848 00ce 7B68     		ldr	r3, [r7, #4]
 849 00d0 0022     		movs	r2, #0
 850 00d2 83F83420 		strb	r2, [r3, #52]
 570:Drivers/STM32F4xx_HAL_Driver/Src/stm32f4xx_hal_dma.c ****   }
 571:Drivers/STM32F4xx_HAL_Driver/Src/stm32f4xx_hal_dma.c ****   return HAL_OK;
 851              		.loc 1 571 10
ARM GAS  /tmp/ccGoskYi.s 			page 26


 852 00d6 0023     		movs	r3, #0
 853              	.L27:
 572:Drivers/STM32F4xx_HAL_Driver/Src/stm32f4xx_hal_dma.c **** }
 854              		.loc 1 572 1
 855 00d8 1846     		mov	r0, r3
 856 00da 1037     		adds	r7, r7, #16
 857              	.LCFI23:
 858              		.cfi_def_cfa_offset 8
 859 00dc BD46     		mov	sp, r7
 860              	.LCFI24:
 861              		.cfi_def_cfa_register 13
 862              		@ sp needed
 863 00de 80BD     		pop	{r7, pc}
 864              		.cfi_endproc
 865              	.LFE224:
 867              		.section	.text.HAL_DMA_Abort_IT,"ax",%progbits
 868              		.align	1
 869              		.global	HAL_DMA_Abort_IT
 870              		.syntax unified
 871              		.thumb
 872              		.thumb_func
 874              	HAL_DMA_Abort_IT:
 875              	.LFB225:
 573:Drivers/STM32F4xx_HAL_Driver/Src/stm32f4xx_hal_dma.c **** 
 574:Drivers/STM32F4xx_HAL_Driver/Src/stm32f4xx_hal_dma.c **** /**
 575:Drivers/STM32F4xx_HAL_Driver/Src/stm32f4xx_hal_dma.c ****   * @brief  Aborts the DMA Transfer in Interrupt mode.
 576:Drivers/STM32F4xx_HAL_Driver/Src/stm32f4xx_hal_dma.c ****   * @param  hdma   pointer to a DMA_HandleTypeDef structure that contains
 577:Drivers/STM32F4xx_HAL_Driver/Src/stm32f4xx_hal_dma.c ****   *                 the configuration information for the specified DMA Stream.
 578:Drivers/STM32F4xx_HAL_Driver/Src/stm32f4xx_hal_dma.c ****   * @retval HAL status
 579:Drivers/STM32F4xx_HAL_Driver/Src/stm32f4xx_hal_dma.c ****   */
 580:Drivers/STM32F4xx_HAL_Driver/Src/stm32f4xx_hal_dma.c **** HAL_StatusTypeDef HAL_DMA_Abort_IT(DMA_HandleTypeDef *hdma)
 581:Drivers/STM32F4xx_HAL_Driver/Src/stm32f4xx_hal_dma.c **** {
 876              		.loc 1 581 1
 877              		.cfi_startproc
 878              		@ args = 0, pretend = 0, frame = 8
 879              		@ frame_needed = 1, uses_anonymous_args = 0
 880              		@ link register save eliminated.
 881 0000 80B4     		push	{r7}
 882              	.LCFI25:
 883              		.cfi_def_cfa_offset 4
 884              		.cfi_offset 7, -4
 885 0002 83B0     		sub	sp, sp, #12
 886              	.LCFI26:
 887              		.cfi_def_cfa_offset 16
 888 0004 00AF     		add	r7, sp, #0
 889              	.LCFI27:
 890              		.cfi_def_cfa_register 7
 891 0006 7860     		str	r0, [r7, #4]
 582:Drivers/STM32F4xx_HAL_Driver/Src/stm32f4xx_hal_dma.c ****   if(hdma->State != HAL_DMA_STATE_BUSY)
 892              		.loc 1 582 10
 893 0008 7B68     		ldr	r3, [r7, #4]
 894 000a 93F83530 		ldrb	r3, [r3, #53]
 895 000e DBB2     		uxtb	r3, r3
 896              		.loc 1 582 5
 897 0010 022B     		cmp	r3, #2
 898 0012 04D0     		beq	.L33
 583:Drivers/STM32F4xx_HAL_Driver/Src/stm32f4xx_hal_dma.c ****   {
ARM GAS  /tmp/ccGoskYi.s 			page 27


 584:Drivers/STM32F4xx_HAL_Driver/Src/stm32f4xx_hal_dma.c ****     hdma->ErrorCode = HAL_DMA_ERROR_NO_XFER;
 899              		.loc 1 584 21
 900 0014 7B68     		ldr	r3, [r7, #4]
 901 0016 8022     		movs	r2, #128
 902 0018 5A65     		str	r2, [r3, #84]
 585:Drivers/STM32F4xx_HAL_Driver/Src/stm32f4xx_hal_dma.c ****     return HAL_ERROR;
 903              		.loc 1 585 12
 904 001a 0123     		movs	r3, #1
 905 001c 0CE0     		b	.L34
 906              	.L33:
 586:Drivers/STM32F4xx_HAL_Driver/Src/stm32f4xx_hal_dma.c ****   }
 587:Drivers/STM32F4xx_HAL_Driver/Src/stm32f4xx_hal_dma.c ****   else
 588:Drivers/STM32F4xx_HAL_Driver/Src/stm32f4xx_hal_dma.c ****   {
 589:Drivers/STM32F4xx_HAL_Driver/Src/stm32f4xx_hal_dma.c ****     /* Set Abort State  */
 590:Drivers/STM32F4xx_HAL_Driver/Src/stm32f4xx_hal_dma.c ****     hdma->State = HAL_DMA_STATE_ABORT;
 907              		.loc 1 590 17
 908 001e 7B68     		ldr	r3, [r7, #4]
 909 0020 0522     		movs	r2, #5
 910 0022 83F83520 		strb	r2, [r3, #53]
 591:Drivers/STM32F4xx_HAL_Driver/Src/stm32f4xx_hal_dma.c ****     
 592:Drivers/STM32F4xx_HAL_Driver/Src/stm32f4xx_hal_dma.c ****     /* Disable the stream */
 593:Drivers/STM32F4xx_HAL_Driver/Src/stm32f4xx_hal_dma.c ****     __HAL_DMA_DISABLE(hdma);
 911              		.loc 1 593 5
 912 0026 7B68     		ldr	r3, [r7, #4]
 913 0028 1B68     		ldr	r3, [r3]
 914 002a 1A68     		ldr	r2, [r3]
 915 002c 7B68     		ldr	r3, [r7, #4]
 916 002e 1B68     		ldr	r3, [r3]
 917 0030 22F00102 		bic	r2, r2, #1
 918 0034 1A60     		str	r2, [r3]
 594:Drivers/STM32F4xx_HAL_Driver/Src/stm32f4xx_hal_dma.c ****   }
 595:Drivers/STM32F4xx_HAL_Driver/Src/stm32f4xx_hal_dma.c **** 
 596:Drivers/STM32F4xx_HAL_Driver/Src/stm32f4xx_hal_dma.c ****   return HAL_OK;
 919              		.loc 1 596 10
 920 0036 0023     		movs	r3, #0
 921              	.L34:
 597:Drivers/STM32F4xx_HAL_Driver/Src/stm32f4xx_hal_dma.c **** }
 922              		.loc 1 597 1
 923 0038 1846     		mov	r0, r3
 924 003a 0C37     		adds	r7, r7, #12
 925              	.LCFI28:
 926              		.cfi_def_cfa_offset 4
 927 003c BD46     		mov	sp, r7
 928              	.LCFI29:
 929              		.cfi_def_cfa_register 13
 930              		@ sp needed
 931 003e 80BC     		pop	{r7}
 932              	.LCFI30:
 933              		.cfi_restore 7
 934              		.cfi_def_cfa_offset 0
 935 0040 7047     		bx	lr
 936              		.cfi_endproc
 937              	.LFE225:
 939              		.section	.text.HAL_DMA_PollForTransfer,"ax",%progbits
 940              		.align	1
 941              		.global	HAL_DMA_PollForTransfer
 942              		.syntax unified
ARM GAS  /tmp/ccGoskYi.s 			page 28


 943              		.thumb
 944              		.thumb_func
 946              	HAL_DMA_PollForTransfer:
 947              	.LFB226:
 598:Drivers/STM32F4xx_HAL_Driver/Src/stm32f4xx_hal_dma.c **** 
 599:Drivers/STM32F4xx_HAL_Driver/Src/stm32f4xx_hal_dma.c **** /**
 600:Drivers/STM32F4xx_HAL_Driver/Src/stm32f4xx_hal_dma.c ****   * @brief  Polling for transfer complete.
 601:Drivers/STM32F4xx_HAL_Driver/Src/stm32f4xx_hal_dma.c ****   * @param  hdma          pointer to a DMA_HandleTypeDef structure that contains
 602:Drivers/STM32F4xx_HAL_Driver/Src/stm32f4xx_hal_dma.c ****   *                        the configuration information for the specified DMA Stream.
 603:Drivers/STM32F4xx_HAL_Driver/Src/stm32f4xx_hal_dma.c ****   * @param  CompleteLevel Specifies the DMA level complete.
 604:Drivers/STM32F4xx_HAL_Driver/Src/stm32f4xx_hal_dma.c ****   * @note   The polling mode is kept in this version for legacy. it is recommended to use the IT mo
 605:Drivers/STM32F4xx_HAL_Driver/Src/stm32f4xx_hal_dma.c ****   *         This model could be used for debug purpose.
 606:Drivers/STM32F4xx_HAL_Driver/Src/stm32f4xx_hal_dma.c ****   * @note   The HAL_DMA_PollForTransfer API cannot be used in circular and double buffering mode (a
 607:Drivers/STM32F4xx_HAL_Driver/Src/stm32f4xx_hal_dma.c ****   * @param  Timeout       Timeout duration.
 608:Drivers/STM32F4xx_HAL_Driver/Src/stm32f4xx_hal_dma.c ****   * @retval HAL status
 609:Drivers/STM32F4xx_HAL_Driver/Src/stm32f4xx_hal_dma.c ****   */
 610:Drivers/STM32F4xx_HAL_Driver/Src/stm32f4xx_hal_dma.c **** HAL_StatusTypeDef HAL_DMA_PollForTransfer(DMA_HandleTypeDef *hdma, HAL_DMA_LevelCompleteTypeDef Com
 611:Drivers/STM32F4xx_HAL_Driver/Src/stm32f4xx_hal_dma.c **** {
 948              		.loc 1 611 1
 949              		.cfi_startproc
 950              		@ args = 0, pretend = 0, frame = 40
 951              		@ frame_needed = 1, uses_anonymous_args = 0
 952 0000 80B5     		push	{r7, lr}
 953              	.LCFI31:
 954              		.cfi_def_cfa_offset 8
 955              		.cfi_offset 7, -8
 956              		.cfi_offset 14, -4
 957 0002 8AB0     		sub	sp, sp, #40
 958              	.LCFI32:
 959              		.cfi_def_cfa_offset 48
 960 0004 00AF     		add	r7, sp, #0
 961              	.LCFI33:
 962              		.cfi_def_cfa_register 7
 963 0006 F860     		str	r0, [r7, #12]
 964 0008 0B46     		mov	r3, r1
 965 000a 7A60     		str	r2, [r7, #4]
 966 000c FB72     		strb	r3, [r7, #11]
 612:Drivers/STM32F4xx_HAL_Driver/Src/stm32f4xx_hal_dma.c ****   HAL_StatusTypeDef status = HAL_OK; 
 967              		.loc 1 612 21
 968 000e 0023     		movs	r3, #0
 969 0010 FB77     		strb	r3, [r7, #31]
 613:Drivers/STM32F4xx_HAL_Driver/Src/stm32f4xx_hal_dma.c ****   uint32_t mask_cpltlevel;
 614:Drivers/STM32F4xx_HAL_Driver/Src/stm32f4xx_hal_dma.c ****   uint32_t tickstart = HAL_GetTick(); 
 970              		.loc 1 614 24
 971 0012 FFF7FEFF 		bl	HAL_GetTick
 972 0016 B861     		str	r0, [r7, #24]
 615:Drivers/STM32F4xx_HAL_Driver/Src/stm32f4xx_hal_dma.c ****   uint32_t tmpisr;
 616:Drivers/STM32F4xx_HAL_Driver/Src/stm32f4xx_hal_dma.c ****   
 617:Drivers/STM32F4xx_HAL_Driver/Src/stm32f4xx_hal_dma.c ****   /* calculate DMA base and stream number */
 618:Drivers/STM32F4xx_HAL_Driver/Src/stm32f4xx_hal_dma.c ****   DMA_Base_Registers *regs;
 619:Drivers/STM32F4xx_HAL_Driver/Src/stm32f4xx_hal_dma.c **** 
 620:Drivers/STM32F4xx_HAL_Driver/Src/stm32f4xx_hal_dma.c ****   if(HAL_DMA_STATE_BUSY != hdma->State)
 973              		.loc 1 620 32
 974 0018 FB68     		ldr	r3, [r7, #12]
 975 001a 93F83530 		ldrb	r3, [r3, #53]
 976 001e DBB2     		uxtb	r3, r3
 977              		.loc 1 620 5
ARM GAS  /tmp/ccGoskYi.s 			page 29


 978 0020 022B     		cmp	r3, #2
 979 0022 08D0     		beq	.L36
 621:Drivers/STM32F4xx_HAL_Driver/Src/stm32f4xx_hal_dma.c ****   {
 622:Drivers/STM32F4xx_HAL_Driver/Src/stm32f4xx_hal_dma.c ****     /* No transfer ongoing */
 623:Drivers/STM32F4xx_HAL_Driver/Src/stm32f4xx_hal_dma.c ****     hdma->ErrorCode = HAL_DMA_ERROR_NO_XFER;
 980              		.loc 1 623 21
 981 0024 FB68     		ldr	r3, [r7, #12]
 982 0026 8022     		movs	r2, #128
 983 0028 5A65     		str	r2, [r3, #84]
 624:Drivers/STM32F4xx_HAL_Driver/Src/stm32f4xx_hal_dma.c ****     __HAL_UNLOCK(hdma);
 984              		.loc 1 624 5
 985 002a FB68     		ldr	r3, [r7, #12]
 986 002c 0022     		movs	r2, #0
 987 002e 83F83420 		strb	r2, [r3, #52]
 625:Drivers/STM32F4xx_HAL_Driver/Src/stm32f4xx_hal_dma.c ****     return HAL_ERROR;
 988              		.loc 1 625 12
 989 0032 0123     		movs	r3, #1
 990 0034 BFE0     		b	.L37
 991              	.L36:
 626:Drivers/STM32F4xx_HAL_Driver/Src/stm32f4xx_hal_dma.c ****   }
 627:Drivers/STM32F4xx_HAL_Driver/Src/stm32f4xx_hal_dma.c **** 
 628:Drivers/STM32F4xx_HAL_Driver/Src/stm32f4xx_hal_dma.c ****   /* Polling mode not supported in circular mode and double buffering mode */
 629:Drivers/STM32F4xx_HAL_Driver/Src/stm32f4xx_hal_dma.c ****   if ((hdma->Instance->CR & DMA_SxCR_CIRC) != RESET)
 992              		.loc 1 629 12
 993 0036 FB68     		ldr	r3, [r7, #12]
 994 0038 1B68     		ldr	r3, [r3]
 995              		.loc 1 629 22
 996 003a 1B68     		ldr	r3, [r3]
 997              		.loc 1 629 27
 998 003c 03F48073 		and	r3, r3, #256
 999              		.loc 1 629 6
 1000 0040 002B     		cmp	r3, #0
 1001 0042 05D0     		beq	.L38
 630:Drivers/STM32F4xx_HAL_Driver/Src/stm32f4xx_hal_dma.c ****   {
 631:Drivers/STM32F4xx_HAL_Driver/Src/stm32f4xx_hal_dma.c ****     hdma->ErrorCode = HAL_DMA_ERROR_NOT_SUPPORTED;
 1002              		.loc 1 631 21
 1003 0044 FB68     		ldr	r3, [r7, #12]
 1004 0046 4FF48072 		mov	r2, #256
 1005 004a 5A65     		str	r2, [r3, #84]
 632:Drivers/STM32F4xx_HAL_Driver/Src/stm32f4xx_hal_dma.c ****     return HAL_ERROR;
 1006              		.loc 1 632 12
 1007 004c 0123     		movs	r3, #1
 1008 004e B2E0     		b	.L37
 1009              	.L38:
 633:Drivers/STM32F4xx_HAL_Driver/Src/stm32f4xx_hal_dma.c ****   }
 634:Drivers/STM32F4xx_HAL_Driver/Src/stm32f4xx_hal_dma.c ****   
 635:Drivers/STM32F4xx_HAL_Driver/Src/stm32f4xx_hal_dma.c ****   /* Get the level transfer complete flag */
 636:Drivers/STM32F4xx_HAL_Driver/Src/stm32f4xx_hal_dma.c ****   if(CompleteLevel == HAL_DMA_FULL_TRANSFER)
 1010              		.loc 1 636 5
 1011 0050 FB7A     		ldrb	r3, [r7, #11]	@ zero_extendqisi2
 1012 0052 002B     		cmp	r3, #0
 1013 0054 06D1     		bne	.L39
 637:Drivers/STM32F4xx_HAL_Driver/Src/stm32f4xx_hal_dma.c ****   {
 638:Drivers/STM32F4xx_HAL_Driver/Src/stm32f4xx_hal_dma.c ****     /* Transfer Complete flag */
 639:Drivers/STM32F4xx_HAL_Driver/Src/stm32f4xx_hal_dma.c ****     mask_cpltlevel = DMA_FLAG_TCIF0_4 << hdma->StreamIndex;
 1014              		.loc 1 639 46
 1015 0056 FB68     		ldr	r3, [r7, #12]
ARM GAS  /tmp/ccGoskYi.s 			page 30


 1016 0058 DB6D     		ldr	r3, [r3, #92]
 1017              		.loc 1 639 20
 1018 005a 2022     		movs	r2, #32
 1019 005c 02FA03F3 		lsl	r3, r2, r3
 1020 0060 7B62     		str	r3, [r7, #36]
 1021 0062 05E0     		b	.L40
 1022              	.L39:
 640:Drivers/STM32F4xx_HAL_Driver/Src/stm32f4xx_hal_dma.c ****   }
 641:Drivers/STM32F4xx_HAL_Driver/Src/stm32f4xx_hal_dma.c ****   else
 642:Drivers/STM32F4xx_HAL_Driver/Src/stm32f4xx_hal_dma.c ****   {
 643:Drivers/STM32F4xx_HAL_Driver/Src/stm32f4xx_hal_dma.c ****     /* Half Transfer Complete flag */
 644:Drivers/STM32F4xx_HAL_Driver/Src/stm32f4xx_hal_dma.c ****     mask_cpltlevel = DMA_FLAG_HTIF0_4 << hdma->StreamIndex;
 1023              		.loc 1 644 46
 1024 0064 FB68     		ldr	r3, [r7, #12]
 1025 0066 DB6D     		ldr	r3, [r3, #92]
 1026              		.loc 1 644 20
 1027 0068 1022     		movs	r2, #16
 1028 006a 02FA03F3 		lsl	r3, r2, r3
 1029 006e 7B62     		str	r3, [r7, #36]
 1030              	.L40:
 645:Drivers/STM32F4xx_HAL_Driver/Src/stm32f4xx_hal_dma.c ****   }
 646:Drivers/STM32F4xx_HAL_Driver/Src/stm32f4xx_hal_dma.c ****   
 647:Drivers/STM32F4xx_HAL_Driver/Src/stm32f4xx_hal_dma.c ****   regs = (DMA_Base_Registers *)hdma->StreamBaseAddress;
 1031              		.loc 1 647 36
 1032 0070 FB68     		ldr	r3, [r7, #12]
 1033 0072 9B6D     		ldr	r3, [r3, #88]
 1034              		.loc 1 647 8
 1035 0074 7B61     		str	r3, [r7, #20]
 648:Drivers/STM32F4xx_HAL_Driver/Src/stm32f4xx_hal_dma.c ****   tmpisr = regs->ISR;
 1036              		.loc 1 648 10
 1037 0076 7B69     		ldr	r3, [r7, #20]
 1038 0078 1B68     		ldr	r3, [r3]
 1039 007a 3B62     		str	r3, [r7, #32]
 649:Drivers/STM32F4xx_HAL_Driver/Src/stm32f4xx_hal_dma.c ****   
 650:Drivers/STM32F4xx_HAL_Driver/Src/stm32f4xx_hal_dma.c ****   while(((tmpisr & mask_cpltlevel) == RESET) && ((hdma->ErrorCode & HAL_DMA_ERROR_TE) == RESET))
 1040              		.loc 1 650 8
 1041 007c 5AE0     		b	.L41
 1042              	.L48:
 651:Drivers/STM32F4xx_HAL_Driver/Src/stm32f4xx_hal_dma.c ****   {
 652:Drivers/STM32F4xx_HAL_Driver/Src/stm32f4xx_hal_dma.c ****     /* Check for the Timeout (Not applicable in circular mode)*/
 653:Drivers/STM32F4xx_HAL_Driver/Src/stm32f4xx_hal_dma.c ****     if(Timeout != HAL_MAX_DELAY)
 1043              		.loc 1 653 7
 1044 007e 7B68     		ldr	r3, [r7, #4]
 1045 0080 B3F1FF3F 		cmp	r3, #-1
 1046 0084 17D0     		beq	.L42
 654:Drivers/STM32F4xx_HAL_Driver/Src/stm32f4xx_hal_dma.c ****     {
 655:Drivers/STM32F4xx_HAL_Driver/Src/stm32f4xx_hal_dma.c ****       if((Timeout == 0U)||((HAL_GetTick() - tickstart ) > Timeout))
 1047              		.loc 1 655 9
 1048 0086 7B68     		ldr	r3, [r7, #4]
 1049 0088 002B     		cmp	r3, #0
 1050 008a 07D0     		beq	.L43
 1051              		.loc 1 655 29 discriminator 1
 1052 008c FFF7FEFF 		bl	HAL_GetTick
 1053 0090 0246     		mov	r2, r0
 1054              		.loc 1 655 43 discriminator 2
 1055 0092 BB69     		ldr	r3, [r7, #24]
 1056 0094 D31A     		subs	r3, r2, r3
ARM GAS  /tmp/ccGoskYi.s 			page 31


 1057              		.loc 1 655 25 discriminator 2
 1058 0096 7A68     		ldr	r2, [r7, #4]
 1059 0098 9A42     		cmp	r2, r3
 1060 009a 0CD2     		bcs	.L42
 1061              	.L43:
 656:Drivers/STM32F4xx_HAL_Driver/Src/stm32f4xx_hal_dma.c ****       {
 657:Drivers/STM32F4xx_HAL_Driver/Src/stm32f4xx_hal_dma.c ****         /* Update error code */
 658:Drivers/STM32F4xx_HAL_Driver/Src/stm32f4xx_hal_dma.c ****         hdma->ErrorCode = HAL_DMA_ERROR_TIMEOUT;
 1062              		.loc 1 658 25
 1063 009c FB68     		ldr	r3, [r7, #12]
 1064 009e 2022     		movs	r2, #32
 1065 00a0 5A65     		str	r2, [r3, #84]
 659:Drivers/STM32F4xx_HAL_Driver/Src/stm32f4xx_hal_dma.c ****         
 660:Drivers/STM32F4xx_HAL_Driver/Src/stm32f4xx_hal_dma.c ****         /* Change the DMA state */
 661:Drivers/STM32F4xx_HAL_Driver/Src/stm32f4xx_hal_dma.c ****         hdma->State = HAL_DMA_STATE_READY;
 1066              		.loc 1 661 21
 1067 00a2 FB68     		ldr	r3, [r7, #12]
 1068 00a4 0122     		movs	r2, #1
 1069 00a6 83F83520 		strb	r2, [r3, #53]
 662:Drivers/STM32F4xx_HAL_Driver/Src/stm32f4xx_hal_dma.c ****         
 663:Drivers/STM32F4xx_HAL_Driver/Src/stm32f4xx_hal_dma.c ****         /* Process Unlocked */
 664:Drivers/STM32F4xx_HAL_Driver/Src/stm32f4xx_hal_dma.c ****         __HAL_UNLOCK(hdma);
 1070              		.loc 1 664 9
 1071 00aa FB68     		ldr	r3, [r7, #12]
 1072 00ac 0022     		movs	r2, #0
 1073 00ae 83F83420 		strb	r2, [r3, #52]
 665:Drivers/STM32F4xx_HAL_Driver/Src/stm32f4xx_hal_dma.c ****         
 666:Drivers/STM32F4xx_HAL_Driver/Src/stm32f4xx_hal_dma.c ****         return HAL_TIMEOUT;
 1074              		.loc 1 666 16
 1075 00b2 0323     		movs	r3, #3
 1076 00b4 7FE0     		b	.L37
 1077              	.L42:
 667:Drivers/STM32F4xx_HAL_Driver/Src/stm32f4xx_hal_dma.c ****       }
 668:Drivers/STM32F4xx_HAL_Driver/Src/stm32f4xx_hal_dma.c ****     }
 669:Drivers/STM32F4xx_HAL_Driver/Src/stm32f4xx_hal_dma.c **** 
 670:Drivers/STM32F4xx_HAL_Driver/Src/stm32f4xx_hal_dma.c ****     /* Get the ISR register value */
 671:Drivers/STM32F4xx_HAL_Driver/Src/stm32f4xx_hal_dma.c ****     tmpisr = regs->ISR;
 1078              		.loc 1 671 12
 1079 00b6 7B69     		ldr	r3, [r7, #20]
 1080 00b8 1B68     		ldr	r3, [r3]
 1081 00ba 3B62     		str	r3, [r7, #32]
 672:Drivers/STM32F4xx_HAL_Driver/Src/stm32f4xx_hal_dma.c **** 
 673:Drivers/STM32F4xx_HAL_Driver/Src/stm32f4xx_hal_dma.c ****     if((tmpisr & (DMA_FLAG_TEIF0_4 << hdma->StreamIndex)) != RESET)
 1082              		.loc 1 673 43
 1083 00bc FB68     		ldr	r3, [r7, #12]
 1084 00be DB6D     		ldr	r3, [r3, #92]
 1085              		.loc 1 673 36
 1086 00c0 0822     		movs	r2, #8
 1087 00c2 9A40     		lsls	r2, r2, r3
 1088              		.loc 1 673 16
 1089 00c4 3B6A     		ldr	r3, [r7, #32]
 1090 00c6 1340     		ands	r3, r3, r2
 1091              		.loc 1 673 7
 1092 00c8 002B     		cmp	r3, #0
 1093 00ca 0BD0     		beq	.L44
 674:Drivers/STM32F4xx_HAL_Driver/Src/stm32f4xx_hal_dma.c ****     {
 675:Drivers/STM32F4xx_HAL_Driver/Src/stm32f4xx_hal_dma.c ****       /* Update error code */
ARM GAS  /tmp/ccGoskYi.s 			page 32


 676:Drivers/STM32F4xx_HAL_Driver/Src/stm32f4xx_hal_dma.c ****       hdma->ErrorCode |= HAL_DMA_ERROR_TE;
 1094              		.loc 1 676 11
 1095 00cc FB68     		ldr	r3, [r7, #12]
 1096 00ce 5B6D     		ldr	r3, [r3, #84]
 1097              		.loc 1 676 23
 1098 00d0 43F00102 		orr	r2, r3, #1
 1099 00d4 FB68     		ldr	r3, [r7, #12]
 1100 00d6 5A65     		str	r2, [r3, #84]
 677:Drivers/STM32F4xx_HAL_Driver/Src/stm32f4xx_hal_dma.c ****       
 678:Drivers/STM32F4xx_HAL_Driver/Src/stm32f4xx_hal_dma.c ****       /* Clear the transfer error flag */
 679:Drivers/STM32F4xx_HAL_Driver/Src/stm32f4xx_hal_dma.c ****       regs->IFCR = DMA_FLAG_TEIF0_4 << hdma->StreamIndex;
 1101              		.loc 1 679 44
 1102 00d8 FB68     		ldr	r3, [r7, #12]
 1103 00da DB6D     		ldr	r3, [r3, #92]
 1104              		.loc 1 679 37
 1105 00dc 0822     		movs	r2, #8
 1106 00de 9A40     		lsls	r2, r2, r3
 1107              		.loc 1 679 18
 1108 00e0 7B69     		ldr	r3, [r7, #20]
 1109 00e2 9A60     		str	r2, [r3, #8]
 1110              	.L44:
 680:Drivers/STM32F4xx_HAL_Driver/Src/stm32f4xx_hal_dma.c ****     }
 681:Drivers/STM32F4xx_HAL_Driver/Src/stm32f4xx_hal_dma.c ****     
 682:Drivers/STM32F4xx_HAL_Driver/Src/stm32f4xx_hal_dma.c ****     if((tmpisr & (DMA_FLAG_FEIF0_4 << hdma->StreamIndex)) != RESET)
 1111              		.loc 1 682 43
 1112 00e4 FB68     		ldr	r3, [r7, #12]
 1113 00e6 DB6D     		ldr	r3, [r3, #92]
 1114              		.loc 1 682 36
 1115 00e8 0122     		movs	r2, #1
 1116 00ea 9A40     		lsls	r2, r2, r3
 1117              		.loc 1 682 16
 1118 00ec 3B6A     		ldr	r3, [r7, #32]
 1119 00ee 1340     		ands	r3, r3, r2
 1120              		.loc 1 682 7
 1121 00f0 002B     		cmp	r3, #0
 1122 00f2 0BD0     		beq	.L45
 683:Drivers/STM32F4xx_HAL_Driver/Src/stm32f4xx_hal_dma.c ****     {
 684:Drivers/STM32F4xx_HAL_Driver/Src/stm32f4xx_hal_dma.c ****       /* Update error code */
 685:Drivers/STM32F4xx_HAL_Driver/Src/stm32f4xx_hal_dma.c ****       hdma->ErrorCode |= HAL_DMA_ERROR_FE;
 1123              		.loc 1 685 11
 1124 00f4 FB68     		ldr	r3, [r7, #12]
 1125 00f6 5B6D     		ldr	r3, [r3, #84]
 1126              		.loc 1 685 23
 1127 00f8 43F00202 		orr	r2, r3, #2
 1128 00fc FB68     		ldr	r3, [r7, #12]
 1129 00fe 5A65     		str	r2, [r3, #84]
 686:Drivers/STM32F4xx_HAL_Driver/Src/stm32f4xx_hal_dma.c ****       
 687:Drivers/STM32F4xx_HAL_Driver/Src/stm32f4xx_hal_dma.c ****       /* Clear the FIFO error flag */
 688:Drivers/STM32F4xx_HAL_Driver/Src/stm32f4xx_hal_dma.c ****       regs->IFCR = DMA_FLAG_FEIF0_4 << hdma->StreamIndex;
 1130              		.loc 1 688 44
 1131 0100 FB68     		ldr	r3, [r7, #12]
 1132 0102 DB6D     		ldr	r3, [r3, #92]
 1133              		.loc 1 688 37
 1134 0104 0122     		movs	r2, #1
 1135 0106 9A40     		lsls	r2, r2, r3
 1136              		.loc 1 688 18
 1137 0108 7B69     		ldr	r3, [r7, #20]
ARM GAS  /tmp/ccGoskYi.s 			page 33


 1138 010a 9A60     		str	r2, [r3, #8]
 1139              	.L45:
 689:Drivers/STM32F4xx_HAL_Driver/Src/stm32f4xx_hal_dma.c ****     }
 690:Drivers/STM32F4xx_HAL_Driver/Src/stm32f4xx_hal_dma.c ****     
 691:Drivers/STM32F4xx_HAL_Driver/Src/stm32f4xx_hal_dma.c ****     if((tmpisr & (DMA_FLAG_DMEIF0_4 << hdma->StreamIndex)) != RESET)
 1140              		.loc 1 691 44
 1141 010c FB68     		ldr	r3, [r7, #12]
 1142 010e DB6D     		ldr	r3, [r3, #92]
 1143              		.loc 1 691 37
 1144 0110 0422     		movs	r2, #4
 1145 0112 9A40     		lsls	r2, r2, r3
 1146              		.loc 1 691 16
 1147 0114 3B6A     		ldr	r3, [r7, #32]
 1148 0116 1340     		ands	r3, r3, r2
 1149              		.loc 1 691 7
 1150 0118 002B     		cmp	r3, #0
 1151 011a 0BD0     		beq	.L41
 692:Drivers/STM32F4xx_HAL_Driver/Src/stm32f4xx_hal_dma.c ****     {
 693:Drivers/STM32F4xx_HAL_Driver/Src/stm32f4xx_hal_dma.c ****       /* Update error code */
 694:Drivers/STM32F4xx_HAL_Driver/Src/stm32f4xx_hal_dma.c ****       hdma->ErrorCode |= HAL_DMA_ERROR_DME;
 1152              		.loc 1 694 11
 1153 011c FB68     		ldr	r3, [r7, #12]
 1154 011e 5B6D     		ldr	r3, [r3, #84]
 1155              		.loc 1 694 23
 1156 0120 43F00402 		orr	r2, r3, #4
 1157 0124 FB68     		ldr	r3, [r7, #12]
 1158 0126 5A65     		str	r2, [r3, #84]
 695:Drivers/STM32F4xx_HAL_Driver/Src/stm32f4xx_hal_dma.c ****       
 696:Drivers/STM32F4xx_HAL_Driver/Src/stm32f4xx_hal_dma.c ****       /* Clear the Direct Mode error flag */
 697:Drivers/STM32F4xx_HAL_Driver/Src/stm32f4xx_hal_dma.c ****       regs->IFCR = DMA_FLAG_DMEIF0_4 << hdma->StreamIndex;
 1159              		.loc 1 697 45
 1160 0128 FB68     		ldr	r3, [r7, #12]
 1161 012a DB6D     		ldr	r3, [r3, #92]
 1162              		.loc 1 697 38
 1163 012c 0422     		movs	r2, #4
 1164 012e 9A40     		lsls	r2, r2, r3
 1165              		.loc 1 697 18
 1166 0130 7B69     		ldr	r3, [r7, #20]
 1167 0132 9A60     		str	r2, [r3, #8]
 1168              	.L41:
 650:Drivers/STM32F4xx_HAL_Driver/Src/stm32f4xx_hal_dma.c ****   {
 1169              		.loc 1 650 18
 1170 0134 3A6A     		ldr	r2, [r7, #32]
 1171 0136 7B6A     		ldr	r3, [r7, #36]
 1172 0138 1340     		ands	r3, r3, r2
 650:Drivers/STM32F4xx_HAL_Driver/Src/stm32f4xx_hal_dma.c ****   {
 1173              		.loc 1 650 46
 1174 013a 002B     		cmp	r3, #0
 1175 013c 05D1     		bne	.L47
 650:Drivers/STM32F4xx_HAL_Driver/Src/stm32f4xx_hal_dma.c ****   {
 1176              		.loc 1 650 55 discriminator 1
 1177 013e FB68     		ldr	r3, [r7, #12]
 1178 0140 5B6D     		ldr	r3, [r3, #84]
 650:Drivers/STM32F4xx_HAL_Driver/Src/stm32f4xx_hal_dma.c ****   {
 1179              		.loc 1 650 67 discriminator 1
 1180 0142 03F00103 		and	r3, r3, #1
 650:Drivers/STM32F4xx_HAL_Driver/Src/stm32f4xx_hal_dma.c ****   {
ARM GAS  /tmp/ccGoskYi.s 			page 34


 1181              		.loc 1 650 46 discriminator 1
 1182 0146 002B     		cmp	r3, #0
 1183 0148 99D0     		beq	.L48
 1184              	.L47:
 698:Drivers/STM32F4xx_HAL_Driver/Src/stm32f4xx_hal_dma.c ****     }
 699:Drivers/STM32F4xx_HAL_Driver/Src/stm32f4xx_hal_dma.c ****   }
 700:Drivers/STM32F4xx_HAL_Driver/Src/stm32f4xx_hal_dma.c ****   
 701:Drivers/STM32F4xx_HAL_Driver/Src/stm32f4xx_hal_dma.c ****   if(hdma->ErrorCode != HAL_DMA_ERROR_NONE)
 1185              		.loc 1 701 10
 1186 014a FB68     		ldr	r3, [r7, #12]
 1187 014c 5B6D     		ldr	r3, [r3, #84]
 1188              		.loc 1 701 5
 1189 014e 002B     		cmp	r3, #0
 1190 0150 18D0     		beq	.L49
 702:Drivers/STM32F4xx_HAL_Driver/Src/stm32f4xx_hal_dma.c ****   {
 703:Drivers/STM32F4xx_HAL_Driver/Src/stm32f4xx_hal_dma.c ****     if((hdma->ErrorCode & HAL_DMA_ERROR_TE) != RESET)
 1191              		.loc 1 703 13
 1192 0152 FB68     		ldr	r3, [r7, #12]
 1193 0154 5B6D     		ldr	r3, [r3, #84]
 1194              		.loc 1 703 25
 1195 0156 03F00103 		and	r3, r3, #1
 1196              		.loc 1 703 7
 1197 015a 002B     		cmp	r3, #0
 1198 015c 12D0     		beq	.L49
 704:Drivers/STM32F4xx_HAL_Driver/Src/stm32f4xx_hal_dma.c ****     {
 705:Drivers/STM32F4xx_HAL_Driver/Src/stm32f4xx_hal_dma.c ****       HAL_DMA_Abort(hdma);
 1199              		.loc 1 705 7
 1200 015e F868     		ldr	r0, [r7, #12]
 1201 0160 FFF7FEFF 		bl	HAL_DMA_Abort
 706:Drivers/STM32F4xx_HAL_Driver/Src/stm32f4xx_hal_dma.c ****     
 707:Drivers/STM32F4xx_HAL_Driver/Src/stm32f4xx_hal_dma.c ****       /* Clear the half transfer and transfer complete flags */
 708:Drivers/STM32F4xx_HAL_Driver/Src/stm32f4xx_hal_dma.c ****       regs->IFCR = (DMA_FLAG_HTIF0_4 | DMA_FLAG_TCIF0_4) << hdma->StreamIndex;
 1202              		.loc 1 708 65
 1203 0164 FB68     		ldr	r3, [r7, #12]
 1204 0166 DB6D     		ldr	r3, [r3, #92]
 1205              		.loc 1 708 58
 1206 0168 3022     		movs	r2, #48
 1207 016a 9A40     		lsls	r2, r2, r3
 1208              		.loc 1 708 18
 1209 016c 7B69     		ldr	r3, [r7, #20]
 1210 016e 9A60     		str	r2, [r3, #8]
 709:Drivers/STM32F4xx_HAL_Driver/Src/stm32f4xx_hal_dma.c ****     
 710:Drivers/STM32F4xx_HAL_Driver/Src/stm32f4xx_hal_dma.c ****       /* Change the DMA state */
 711:Drivers/STM32F4xx_HAL_Driver/Src/stm32f4xx_hal_dma.c ****       hdma->State= HAL_DMA_STATE_READY;
 1211              		.loc 1 711 18
 1212 0170 FB68     		ldr	r3, [r7, #12]
 1213 0172 0122     		movs	r2, #1
 1214 0174 83F83520 		strb	r2, [r3, #53]
 712:Drivers/STM32F4xx_HAL_Driver/Src/stm32f4xx_hal_dma.c **** 
 713:Drivers/STM32F4xx_HAL_Driver/Src/stm32f4xx_hal_dma.c ****       /* Process Unlocked */
 714:Drivers/STM32F4xx_HAL_Driver/Src/stm32f4xx_hal_dma.c ****       __HAL_UNLOCK(hdma);
 1215              		.loc 1 714 7
 1216 0178 FB68     		ldr	r3, [r7, #12]
 1217 017a 0022     		movs	r2, #0
 1218 017c 83F83420 		strb	r2, [r3, #52]
 715:Drivers/STM32F4xx_HAL_Driver/Src/stm32f4xx_hal_dma.c **** 
 716:Drivers/STM32F4xx_HAL_Driver/Src/stm32f4xx_hal_dma.c ****       return HAL_ERROR;
ARM GAS  /tmp/ccGoskYi.s 			page 35


 1219              		.loc 1 716 14
 1220 0180 0123     		movs	r3, #1
 1221 0182 18E0     		b	.L37
 1222              	.L49:
 717:Drivers/STM32F4xx_HAL_Driver/Src/stm32f4xx_hal_dma.c ****    }
 718:Drivers/STM32F4xx_HAL_Driver/Src/stm32f4xx_hal_dma.c ****   }
 719:Drivers/STM32F4xx_HAL_Driver/Src/stm32f4xx_hal_dma.c ****   
 720:Drivers/STM32F4xx_HAL_Driver/Src/stm32f4xx_hal_dma.c ****   /* Get the level transfer complete flag */
 721:Drivers/STM32F4xx_HAL_Driver/Src/stm32f4xx_hal_dma.c ****   if(CompleteLevel == HAL_DMA_FULL_TRANSFER)
 1223              		.loc 1 721 5
 1224 0184 FB7A     		ldrb	r3, [r7, #11]	@ zero_extendqisi2
 1225 0186 002B     		cmp	r3, #0
 1226 0188 0ED1     		bne	.L50
 722:Drivers/STM32F4xx_HAL_Driver/Src/stm32f4xx_hal_dma.c ****   {
 723:Drivers/STM32F4xx_HAL_Driver/Src/stm32f4xx_hal_dma.c ****     /* Clear the half transfer and transfer complete flags */
 724:Drivers/STM32F4xx_HAL_Driver/Src/stm32f4xx_hal_dma.c ****     regs->IFCR = (DMA_FLAG_HTIF0_4 | DMA_FLAG_TCIF0_4) << hdma->StreamIndex;
 1227              		.loc 1 724 63
 1228 018a FB68     		ldr	r3, [r7, #12]
 1229 018c DB6D     		ldr	r3, [r3, #92]
 1230              		.loc 1 724 56
 1231 018e 3022     		movs	r2, #48
 1232 0190 9A40     		lsls	r2, r2, r3
 1233              		.loc 1 724 16
 1234 0192 7B69     		ldr	r3, [r7, #20]
 1235 0194 9A60     		str	r2, [r3, #8]
 725:Drivers/STM32F4xx_HAL_Driver/Src/stm32f4xx_hal_dma.c ****     
 726:Drivers/STM32F4xx_HAL_Driver/Src/stm32f4xx_hal_dma.c ****     hdma->State = HAL_DMA_STATE_READY;
 1236              		.loc 1 726 17
 1237 0196 FB68     		ldr	r3, [r7, #12]
 1238 0198 0122     		movs	r2, #1
 1239 019a 83F83520 		strb	r2, [r3, #53]
 727:Drivers/STM32F4xx_HAL_Driver/Src/stm32f4xx_hal_dma.c ****     
 728:Drivers/STM32F4xx_HAL_Driver/Src/stm32f4xx_hal_dma.c ****     /* Process Unlocked */
 729:Drivers/STM32F4xx_HAL_Driver/Src/stm32f4xx_hal_dma.c ****     __HAL_UNLOCK(hdma);
 1240              		.loc 1 729 5
 1241 019e FB68     		ldr	r3, [r7, #12]
 1242 01a0 0022     		movs	r2, #0
 1243 01a2 83F83420 		strb	r2, [r3, #52]
 1244 01a6 05E0     		b	.L51
 1245              	.L50:
 730:Drivers/STM32F4xx_HAL_Driver/Src/stm32f4xx_hal_dma.c ****   }
 731:Drivers/STM32F4xx_HAL_Driver/Src/stm32f4xx_hal_dma.c ****   else
 732:Drivers/STM32F4xx_HAL_Driver/Src/stm32f4xx_hal_dma.c ****   {
 733:Drivers/STM32F4xx_HAL_Driver/Src/stm32f4xx_hal_dma.c ****     /* Clear the half transfer and transfer complete flags */
 734:Drivers/STM32F4xx_HAL_Driver/Src/stm32f4xx_hal_dma.c ****     regs->IFCR = (DMA_FLAG_HTIF0_4) << hdma->StreamIndex;
 1246              		.loc 1 734 44
 1247 01a8 FB68     		ldr	r3, [r7, #12]
 1248 01aa DB6D     		ldr	r3, [r3, #92]
 1249              		.loc 1 734 37
 1250 01ac 1022     		movs	r2, #16
 1251 01ae 9A40     		lsls	r2, r2, r3
 1252              		.loc 1 734 16
 1253 01b0 7B69     		ldr	r3, [r7, #20]
 1254 01b2 9A60     		str	r2, [r3, #8]
 1255              	.L51:
 735:Drivers/STM32F4xx_HAL_Driver/Src/stm32f4xx_hal_dma.c ****   }
 736:Drivers/STM32F4xx_HAL_Driver/Src/stm32f4xx_hal_dma.c ****   
ARM GAS  /tmp/ccGoskYi.s 			page 36


 737:Drivers/STM32F4xx_HAL_Driver/Src/stm32f4xx_hal_dma.c ****   return status;
 1256              		.loc 1 737 10
 1257 01b4 FB7F     		ldrb	r3, [r7, #31]	@ zero_extendqisi2
 1258              	.L37:
 738:Drivers/STM32F4xx_HAL_Driver/Src/stm32f4xx_hal_dma.c **** }
 1259              		.loc 1 738 1
 1260 01b6 1846     		mov	r0, r3
 1261 01b8 2837     		adds	r7, r7, #40
 1262              	.LCFI34:
 1263              		.cfi_def_cfa_offset 8
 1264 01ba BD46     		mov	sp, r7
 1265              	.LCFI35:
 1266              		.cfi_def_cfa_register 13
 1267              		@ sp needed
 1268 01bc 80BD     		pop	{r7, pc}
 1269              		.cfi_endproc
 1270              	.LFE226:
 1272              		.section	.text.HAL_DMA_IRQHandler,"ax",%progbits
 1273              		.align	1
 1274              		.global	HAL_DMA_IRQHandler
 1275              		.syntax unified
 1276              		.thumb
 1277              		.thumb_func
 1279              	HAL_DMA_IRQHandler:
 1280              	.LFB227:
 739:Drivers/STM32F4xx_HAL_Driver/Src/stm32f4xx_hal_dma.c **** 
 740:Drivers/STM32F4xx_HAL_Driver/Src/stm32f4xx_hal_dma.c **** /**
 741:Drivers/STM32F4xx_HAL_Driver/Src/stm32f4xx_hal_dma.c ****   * @brief  Handles DMA interrupt request.
 742:Drivers/STM32F4xx_HAL_Driver/Src/stm32f4xx_hal_dma.c ****   * @param  hdma pointer to a DMA_HandleTypeDef structure that contains
 743:Drivers/STM32F4xx_HAL_Driver/Src/stm32f4xx_hal_dma.c ****   *               the configuration information for the specified DMA Stream.  
 744:Drivers/STM32F4xx_HAL_Driver/Src/stm32f4xx_hal_dma.c ****   * @retval None
 745:Drivers/STM32F4xx_HAL_Driver/Src/stm32f4xx_hal_dma.c ****   */
 746:Drivers/STM32F4xx_HAL_Driver/Src/stm32f4xx_hal_dma.c **** void HAL_DMA_IRQHandler(DMA_HandleTypeDef *hdma)
 747:Drivers/STM32F4xx_HAL_Driver/Src/stm32f4xx_hal_dma.c **** {
 1281              		.loc 1 747 1
 1282              		.cfi_startproc
 1283              		@ args = 0, pretend = 0, frame = 24
 1284              		@ frame_needed = 1, uses_anonymous_args = 0
 1285 0000 80B5     		push	{r7, lr}
 1286              	.LCFI36:
 1287              		.cfi_def_cfa_offset 8
 1288              		.cfi_offset 7, -8
 1289              		.cfi_offset 14, -4
 1290 0002 86B0     		sub	sp, sp, #24
 1291              	.LCFI37:
 1292              		.cfi_def_cfa_offset 32
 1293 0004 00AF     		add	r7, sp, #0
 1294              	.LCFI38:
 1295              		.cfi_def_cfa_register 7
 1296 0006 7860     		str	r0, [r7, #4]
 748:Drivers/STM32F4xx_HAL_Driver/Src/stm32f4xx_hal_dma.c ****   uint32_t tmpisr;
 749:Drivers/STM32F4xx_HAL_Driver/Src/stm32f4xx_hal_dma.c ****   __IO uint32_t count = 0U;
 1297              		.loc 1 749 17
 1298 0008 0023     		movs	r3, #0
 1299 000a BB60     		str	r3, [r7, #8]
 750:Drivers/STM32F4xx_HAL_Driver/Src/stm32f4xx_hal_dma.c ****   uint32_t timeout = SystemCoreClock / 9600U;
 1300              		.loc 1 750 38
ARM GAS  /tmp/ccGoskYi.s 			page 37


 1301 000c 8E4B     		ldr	r3, .L75
 1302 000e 1B68     		ldr	r3, [r3]
 1303              		.loc 1 750 12
 1304 0010 8E4A     		ldr	r2, .L75+4
 1305 0012 A2FB0323 		umull	r2, r3, r2, r3
 1306 0016 9B0A     		lsrs	r3, r3, #10
 1307 0018 7B61     		str	r3, [r7, #20]
 751:Drivers/STM32F4xx_HAL_Driver/Src/stm32f4xx_hal_dma.c **** 
 752:Drivers/STM32F4xx_HAL_Driver/Src/stm32f4xx_hal_dma.c ****   /* calculate DMA base and stream number */
 753:Drivers/STM32F4xx_HAL_Driver/Src/stm32f4xx_hal_dma.c ****   DMA_Base_Registers *regs = (DMA_Base_Registers *)hdma->StreamBaseAddress;
 1308              		.loc 1 753 56
 1309 001a 7B68     		ldr	r3, [r7, #4]
 1310 001c 9B6D     		ldr	r3, [r3, #88]
 1311              		.loc 1 753 23
 1312 001e 3B61     		str	r3, [r7, #16]
 754:Drivers/STM32F4xx_HAL_Driver/Src/stm32f4xx_hal_dma.c **** 
 755:Drivers/STM32F4xx_HAL_Driver/Src/stm32f4xx_hal_dma.c ****   tmpisr = regs->ISR;
 1313              		.loc 1 755 10
 1314 0020 3B69     		ldr	r3, [r7, #16]
 1315 0022 1B68     		ldr	r3, [r3]
 1316 0024 FB60     		str	r3, [r7, #12]
 756:Drivers/STM32F4xx_HAL_Driver/Src/stm32f4xx_hal_dma.c **** 
 757:Drivers/STM32F4xx_HAL_Driver/Src/stm32f4xx_hal_dma.c ****   /* Transfer Error Interrupt management ***************************************/
 758:Drivers/STM32F4xx_HAL_Driver/Src/stm32f4xx_hal_dma.c ****   if ((tmpisr & (DMA_FLAG_TEIF0_4 << hdma->StreamIndex)) != RESET)
 1317              		.loc 1 758 42
 1318 0026 7B68     		ldr	r3, [r7, #4]
 1319 0028 DB6D     		ldr	r3, [r3, #92]
 1320              		.loc 1 758 35
 1321 002a 0822     		movs	r2, #8
 1322 002c 9A40     		lsls	r2, r2, r3
 1323              		.loc 1 758 15
 1324 002e FB68     		ldr	r3, [r7, #12]
 1325 0030 1340     		ands	r3, r3, r2
 1326              		.loc 1 758 6
 1327 0032 002B     		cmp	r3, #0
 1328 0034 1AD0     		beq	.L53
 759:Drivers/STM32F4xx_HAL_Driver/Src/stm32f4xx_hal_dma.c ****   {
 760:Drivers/STM32F4xx_HAL_Driver/Src/stm32f4xx_hal_dma.c ****     if(__HAL_DMA_GET_IT_SOURCE(hdma, DMA_IT_TE) != RESET)
 1329              		.loc 1 760 8
 1330 0036 7B68     		ldr	r3, [r7, #4]
 1331 0038 1B68     		ldr	r3, [r3]
 1332 003a 1B68     		ldr	r3, [r3]
 1333 003c 03F00403 		and	r3, r3, #4
 1334              		.loc 1 760 7
 1335 0040 002B     		cmp	r3, #0
 1336 0042 13D0     		beq	.L53
 761:Drivers/STM32F4xx_HAL_Driver/Src/stm32f4xx_hal_dma.c ****     {
 762:Drivers/STM32F4xx_HAL_Driver/Src/stm32f4xx_hal_dma.c ****       /* Disable the transfer error interrupt */
 763:Drivers/STM32F4xx_HAL_Driver/Src/stm32f4xx_hal_dma.c ****       hdma->Instance->CR  &= ~(DMA_IT_TE);
 1337              		.loc 1 763 11
 1338 0044 7B68     		ldr	r3, [r7, #4]
 1339 0046 1B68     		ldr	r3, [r3]
 1340              		.loc 1 763 21
 1341 0048 1A68     		ldr	r2, [r3]
 1342              		.loc 1 763 11
 1343 004a 7B68     		ldr	r3, [r7, #4]
 1344 004c 1B68     		ldr	r3, [r3]
ARM GAS  /tmp/ccGoskYi.s 			page 38


 1345              		.loc 1 763 27
 1346 004e 22F00402 		bic	r2, r2, #4
 1347 0052 1A60     		str	r2, [r3]
 764:Drivers/STM32F4xx_HAL_Driver/Src/stm32f4xx_hal_dma.c ****       
 765:Drivers/STM32F4xx_HAL_Driver/Src/stm32f4xx_hal_dma.c ****       /* Clear the transfer error flag */
 766:Drivers/STM32F4xx_HAL_Driver/Src/stm32f4xx_hal_dma.c ****       regs->IFCR = DMA_FLAG_TEIF0_4 << hdma->StreamIndex;
 1348              		.loc 1 766 44
 1349 0054 7B68     		ldr	r3, [r7, #4]
 1350 0056 DB6D     		ldr	r3, [r3, #92]
 1351              		.loc 1 766 37
 1352 0058 0822     		movs	r2, #8
 1353 005a 9A40     		lsls	r2, r2, r3
 1354              		.loc 1 766 18
 1355 005c 3B69     		ldr	r3, [r7, #16]
 1356 005e 9A60     		str	r2, [r3, #8]
 767:Drivers/STM32F4xx_HAL_Driver/Src/stm32f4xx_hal_dma.c ****       
 768:Drivers/STM32F4xx_HAL_Driver/Src/stm32f4xx_hal_dma.c ****       /* Update error code */
 769:Drivers/STM32F4xx_HAL_Driver/Src/stm32f4xx_hal_dma.c ****       hdma->ErrorCode |= HAL_DMA_ERROR_TE;
 1357              		.loc 1 769 11
 1358 0060 7B68     		ldr	r3, [r7, #4]
 1359 0062 5B6D     		ldr	r3, [r3, #84]
 1360              		.loc 1 769 23
 1361 0064 43F00102 		orr	r2, r3, #1
 1362 0068 7B68     		ldr	r3, [r7, #4]
 1363 006a 5A65     		str	r2, [r3, #84]
 1364              	.L53:
 770:Drivers/STM32F4xx_HAL_Driver/Src/stm32f4xx_hal_dma.c ****     }
 771:Drivers/STM32F4xx_HAL_Driver/Src/stm32f4xx_hal_dma.c ****   }
 772:Drivers/STM32F4xx_HAL_Driver/Src/stm32f4xx_hal_dma.c ****   /* FIFO Error Interrupt management ******************************************/
 773:Drivers/STM32F4xx_HAL_Driver/Src/stm32f4xx_hal_dma.c ****   if ((tmpisr & (DMA_FLAG_FEIF0_4 << hdma->StreamIndex)) != RESET)
 1365              		.loc 1 773 42
 1366 006c 7B68     		ldr	r3, [r7, #4]
 1367 006e DB6D     		ldr	r3, [r3, #92]
 1368              		.loc 1 773 35
 1369 0070 0122     		movs	r2, #1
 1370 0072 9A40     		lsls	r2, r2, r3
 1371              		.loc 1 773 15
 1372 0074 FB68     		ldr	r3, [r7, #12]
 1373 0076 1340     		ands	r3, r3, r2
 1374              		.loc 1 773 6
 1375 0078 002B     		cmp	r3, #0
 1376 007a 12D0     		beq	.L54
 774:Drivers/STM32F4xx_HAL_Driver/Src/stm32f4xx_hal_dma.c ****   {
 775:Drivers/STM32F4xx_HAL_Driver/Src/stm32f4xx_hal_dma.c ****     if(__HAL_DMA_GET_IT_SOURCE(hdma, DMA_IT_FE) != RESET)
 1377              		.loc 1 775 8
 1378 007c 7B68     		ldr	r3, [r7, #4]
 1379 007e 1B68     		ldr	r3, [r3]
 1380 0080 5B69     		ldr	r3, [r3, #20]
 1381 0082 03F08003 		and	r3, r3, #128
 1382              		.loc 1 775 7
 1383 0086 002B     		cmp	r3, #0
 1384 0088 0BD0     		beq	.L54
 776:Drivers/STM32F4xx_HAL_Driver/Src/stm32f4xx_hal_dma.c ****     {
 777:Drivers/STM32F4xx_HAL_Driver/Src/stm32f4xx_hal_dma.c ****       /* Clear the FIFO error flag */
 778:Drivers/STM32F4xx_HAL_Driver/Src/stm32f4xx_hal_dma.c ****       regs->IFCR = DMA_FLAG_FEIF0_4 << hdma->StreamIndex;
 1385              		.loc 1 778 44
 1386 008a 7B68     		ldr	r3, [r7, #4]
ARM GAS  /tmp/ccGoskYi.s 			page 39


 1387 008c DB6D     		ldr	r3, [r3, #92]
 1388              		.loc 1 778 37
 1389 008e 0122     		movs	r2, #1
 1390 0090 9A40     		lsls	r2, r2, r3
 1391              		.loc 1 778 18
 1392 0092 3B69     		ldr	r3, [r7, #16]
 1393 0094 9A60     		str	r2, [r3, #8]
 779:Drivers/STM32F4xx_HAL_Driver/Src/stm32f4xx_hal_dma.c **** 
 780:Drivers/STM32F4xx_HAL_Driver/Src/stm32f4xx_hal_dma.c ****       /* Update error code */
 781:Drivers/STM32F4xx_HAL_Driver/Src/stm32f4xx_hal_dma.c ****       hdma->ErrorCode |= HAL_DMA_ERROR_FE;
 1394              		.loc 1 781 11
 1395 0096 7B68     		ldr	r3, [r7, #4]
 1396 0098 5B6D     		ldr	r3, [r3, #84]
 1397              		.loc 1 781 23
 1398 009a 43F00202 		orr	r2, r3, #2
 1399 009e 7B68     		ldr	r3, [r7, #4]
 1400 00a0 5A65     		str	r2, [r3, #84]
 1401              	.L54:
 782:Drivers/STM32F4xx_HAL_Driver/Src/stm32f4xx_hal_dma.c ****     }
 783:Drivers/STM32F4xx_HAL_Driver/Src/stm32f4xx_hal_dma.c ****   }
 784:Drivers/STM32F4xx_HAL_Driver/Src/stm32f4xx_hal_dma.c ****   /* Direct Mode Error Interrupt management ***********************************/
 785:Drivers/STM32F4xx_HAL_Driver/Src/stm32f4xx_hal_dma.c ****   if ((tmpisr & (DMA_FLAG_DMEIF0_4 << hdma->StreamIndex)) != RESET)
 1402              		.loc 1 785 43
 1403 00a2 7B68     		ldr	r3, [r7, #4]
 1404 00a4 DB6D     		ldr	r3, [r3, #92]
 1405              		.loc 1 785 36
 1406 00a6 0422     		movs	r2, #4
 1407 00a8 9A40     		lsls	r2, r2, r3
 1408              		.loc 1 785 15
 1409 00aa FB68     		ldr	r3, [r7, #12]
 1410 00ac 1340     		ands	r3, r3, r2
 1411              		.loc 1 785 6
 1412 00ae 002B     		cmp	r3, #0
 1413 00b0 12D0     		beq	.L55
 786:Drivers/STM32F4xx_HAL_Driver/Src/stm32f4xx_hal_dma.c ****   {
 787:Drivers/STM32F4xx_HAL_Driver/Src/stm32f4xx_hal_dma.c ****     if(__HAL_DMA_GET_IT_SOURCE(hdma, DMA_IT_DME) != RESET)
 1414              		.loc 1 787 8
 1415 00b2 7B68     		ldr	r3, [r7, #4]
 1416 00b4 1B68     		ldr	r3, [r3]
 1417 00b6 1B68     		ldr	r3, [r3]
 1418 00b8 03F00203 		and	r3, r3, #2
 1419              		.loc 1 787 7
 1420 00bc 002B     		cmp	r3, #0
 1421 00be 0BD0     		beq	.L55
 788:Drivers/STM32F4xx_HAL_Driver/Src/stm32f4xx_hal_dma.c ****     {
 789:Drivers/STM32F4xx_HAL_Driver/Src/stm32f4xx_hal_dma.c ****       /* Clear the direct mode error flag */
 790:Drivers/STM32F4xx_HAL_Driver/Src/stm32f4xx_hal_dma.c ****       regs->IFCR = DMA_FLAG_DMEIF0_4 << hdma->StreamIndex;
 1422              		.loc 1 790 45
 1423 00c0 7B68     		ldr	r3, [r7, #4]
 1424 00c2 DB6D     		ldr	r3, [r3, #92]
 1425              		.loc 1 790 38
 1426 00c4 0422     		movs	r2, #4
 1427 00c6 9A40     		lsls	r2, r2, r3
 1428              		.loc 1 790 18
 1429 00c8 3B69     		ldr	r3, [r7, #16]
 1430 00ca 9A60     		str	r2, [r3, #8]
 791:Drivers/STM32F4xx_HAL_Driver/Src/stm32f4xx_hal_dma.c **** 
ARM GAS  /tmp/ccGoskYi.s 			page 40


 792:Drivers/STM32F4xx_HAL_Driver/Src/stm32f4xx_hal_dma.c ****       /* Update error code */
 793:Drivers/STM32F4xx_HAL_Driver/Src/stm32f4xx_hal_dma.c ****       hdma->ErrorCode |= HAL_DMA_ERROR_DME;
 1431              		.loc 1 793 11
 1432 00cc 7B68     		ldr	r3, [r7, #4]
 1433 00ce 5B6D     		ldr	r3, [r3, #84]
 1434              		.loc 1 793 23
 1435 00d0 43F00402 		orr	r2, r3, #4
 1436 00d4 7B68     		ldr	r3, [r7, #4]
 1437 00d6 5A65     		str	r2, [r3, #84]
 1438              	.L55:
 794:Drivers/STM32F4xx_HAL_Driver/Src/stm32f4xx_hal_dma.c ****     }
 795:Drivers/STM32F4xx_HAL_Driver/Src/stm32f4xx_hal_dma.c ****   }
 796:Drivers/STM32F4xx_HAL_Driver/Src/stm32f4xx_hal_dma.c ****   /* Half Transfer Complete Interrupt management ******************************/
 797:Drivers/STM32F4xx_HAL_Driver/Src/stm32f4xx_hal_dma.c ****   if ((tmpisr & (DMA_FLAG_HTIF0_4 << hdma->StreamIndex)) != RESET)
 1439              		.loc 1 797 42
 1440 00d8 7B68     		ldr	r3, [r7, #4]
 1441 00da DB6D     		ldr	r3, [r3, #92]
 1442              		.loc 1 797 35
 1443 00dc 1022     		movs	r2, #16
 1444 00de 9A40     		lsls	r2, r2, r3
 1445              		.loc 1 797 15
 1446 00e0 FB68     		ldr	r3, [r7, #12]
 1447 00e2 1340     		ands	r3, r3, r2
 1448              		.loc 1 797 6
 1449 00e4 002B     		cmp	r3, #0
 1450 00e6 43D0     		beq	.L56
 798:Drivers/STM32F4xx_HAL_Driver/Src/stm32f4xx_hal_dma.c ****   {
 799:Drivers/STM32F4xx_HAL_Driver/Src/stm32f4xx_hal_dma.c ****     if(__HAL_DMA_GET_IT_SOURCE(hdma, DMA_IT_HT) != RESET)
 1451              		.loc 1 799 8
 1452 00e8 7B68     		ldr	r3, [r7, #4]
 1453 00ea 1B68     		ldr	r3, [r3]
 1454 00ec 1B68     		ldr	r3, [r3]
 1455 00ee 03F00803 		and	r3, r3, #8
 1456              		.loc 1 799 7
 1457 00f2 002B     		cmp	r3, #0
 1458 00f4 3CD0     		beq	.L56
 800:Drivers/STM32F4xx_HAL_Driver/Src/stm32f4xx_hal_dma.c ****     {
 801:Drivers/STM32F4xx_HAL_Driver/Src/stm32f4xx_hal_dma.c ****       /* Clear the half transfer complete flag */
 802:Drivers/STM32F4xx_HAL_Driver/Src/stm32f4xx_hal_dma.c ****       regs->IFCR = DMA_FLAG_HTIF0_4 << hdma->StreamIndex;
 1459              		.loc 1 802 44
 1460 00f6 7B68     		ldr	r3, [r7, #4]
 1461 00f8 DB6D     		ldr	r3, [r3, #92]
 1462              		.loc 1 802 37
 1463 00fa 1022     		movs	r2, #16
 1464 00fc 9A40     		lsls	r2, r2, r3
 1465              		.loc 1 802 18
 1466 00fe 3B69     		ldr	r3, [r7, #16]
 1467 0100 9A60     		str	r2, [r3, #8]
 803:Drivers/STM32F4xx_HAL_Driver/Src/stm32f4xx_hal_dma.c ****       
 804:Drivers/STM32F4xx_HAL_Driver/Src/stm32f4xx_hal_dma.c ****       /* Multi_Buffering mode enabled */
 805:Drivers/STM32F4xx_HAL_Driver/Src/stm32f4xx_hal_dma.c ****       if(((hdma->Instance->CR) & (uint32_t)(DMA_SxCR_DBM)) != RESET)
 1468              		.loc 1 805 16
 1469 0102 7B68     		ldr	r3, [r7, #4]
 1470 0104 1B68     		ldr	r3, [r3]
 1471              		.loc 1 805 26
 1472 0106 1B68     		ldr	r3, [r3]
 1473              		.loc 1 805 32
ARM GAS  /tmp/ccGoskYi.s 			page 41


 1474 0108 03F48023 		and	r3, r3, #262144
 1475              		.loc 1 805 9
 1476 010c 002B     		cmp	r3, #0
 1477 010e 18D0     		beq	.L57
 806:Drivers/STM32F4xx_HAL_Driver/Src/stm32f4xx_hal_dma.c ****       {
 807:Drivers/STM32F4xx_HAL_Driver/Src/stm32f4xx_hal_dma.c ****         /* Current memory buffer used is Memory 0 */
 808:Drivers/STM32F4xx_HAL_Driver/Src/stm32f4xx_hal_dma.c ****         if((hdma->Instance->CR & DMA_SxCR_CT) == RESET)
 1478              		.loc 1 808 17
 1479 0110 7B68     		ldr	r3, [r7, #4]
 1480 0112 1B68     		ldr	r3, [r3]
 1481              		.loc 1 808 27
 1482 0114 1B68     		ldr	r3, [r3]
 1483              		.loc 1 808 32
 1484 0116 03F40023 		and	r3, r3, #524288
 1485              		.loc 1 808 11
 1486 011a 002B     		cmp	r3, #0
 1487 011c 08D1     		bne	.L58
 809:Drivers/STM32F4xx_HAL_Driver/Src/stm32f4xx_hal_dma.c ****         {
 810:Drivers/STM32F4xx_HAL_Driver/Src/stm32f4xx_hal_dma.c ****           if(hdma->XferHalfCpltCallback != NULL)
 1488              		.loc 1 810 18
 1489 011e 7B68     		ldr	r3, [r7, #4]
 1490 0120 1B6C     		ldr	r3, [r3, #64]
 1491              		.loc 1 810 13
 1492 0122 002B     		cmp	r3, #0
 1493 0124 24D0     		beq	.L56
 811:Drivers/STM32F4xx_HAL_Driver/Src/stm32f4xx_hal_dma.c ****           {
 812:Drivers/STM32F4xx_HAL_Driver/Src/stm32f4xx_hal_dma.c ****             /* Half transfer callback */
 813:Drivers/STM32F4xx_HAL_Driver/Src/stm32f4xx_hal_dma.c ****             hdma->XferHalfCpltCallback(hdma);
 1494              		.loc 1 813 17
 1495 0126 7B68     		ldr	r3, [r7, #4]
 1496 0128 1B6C     		ldr	r3, [r3, #64]
 1497              		.loc 1 813 13
 1498 012a 7868     		ldr	r0, [r7, #4]
 1499 012c 9847     		blx	r3
 1500              	.LVL0:
 1501 012e 1FE0     		b	.L56
 1502              	.L58:
 814:Drivers/STM32F4xx_HAL_Driver/Src/stm32f4xx_hal_dma.c ****           }
 815:Drivers/STM32F4xx_HAL_Driver/Src/stm32f4xx_hal_dma.c ****         }
 816:Drivers/STM32F4xx_HAL_Driver/Src/stm32f4xx_hal_dma.c ****         /* Current memory buffer used is Memory 1 */
 817:Drivers/STM32F4xx_HAL_Driver/Src/stm32f4xx_hal_dma.c ****         else
 818:Drivers/STM32F4xx_HAL_Driver/Src/stm32f4xx_hal_dma.c ****         {
 819:Drivers/STM32F4xx_HAL_Driver/Src/stm32f4xx_hal_dma.c ****           if(hdma->XferM1HalfCpltCallback != NULL)
 1503              		.loc 1 819 18
 1504 0130 7B68     		ldr	r3, [r7, #4]
 1505 0132 9B6C     		ldr	r3, [r3, #72]
 1506              		.loc 1 819 13
 1507 0134 002B     		cmp	r3, #0
 1508 0136 1BD0     		beq	.L56
 820:Drivers/STM32F4xx_HAL_Driver/Src/stm32f4xx_hal_dma.c ****           {
 821:Drivers/STM32F4xx_HAL_Driver/Src/stm32f4xx_hal_dma.c ****             /* Half transfer callback */
 822:Drivers/STM32F4xx_HAL_Driver/Src/stm32f4xx_hal_dma.c ****             hdma->XferM1HalfCpltCallback(hdma);
 1509              		.loc 1 822 17
 1510 0138 7B68     		ldr	r3, [r7, #4]
 1511 013a 9B6C     		ldr	r3, [r3, #72]
 1512              		.loc 1 822 13
 1513 013c 7868     		ldr	r0, [r7, #4]
ARM GAS  /tmp/ccGoskYi.s 			page 42


 1514 013e 9847     		blx	r3
 1515              	.LVL1:
 1516 0140 16E0     		b	.L56
 1517              	.L57:
 823:Drivers/STM32F4xx_HAL_Driver/Src/stm32f4xx_hal_dma.c ****           }
 824:Drivers/STM32F4xx_HAL_Driver/Src/stm32f4xx_hal_dma.c ****         }
 825:Drivers/STM32F4xx_HAL_Driver/Src/stm32f4xx_hal_dma.c ****       }
 826:Drivers/STM32F4xx_HAL_Driver/Src/stm32f4xx_hal_dma.c ****       else
 827:Drivers/STM32F4xx_HAL_Driver/Src/stm32f4xx_hal_dma.c ****       {
 828:Drivers/STM32F4xx_HAL_Driver/Src/stm32f4xx_hal_dma.c ****         /* Disable the half transfer interrupt if the DMA mode is not CIRCULAR */
 829:Drivers/STM32F4xx_HAL_Driver/Src/stm32f4xx_hal_dma.c ****         if((hdma->Instance->CR & DMA_SxCR_CIRC) == RESET)
 1518              		.loc 1 829 17
 1519 0142 7B68     		ldr	r3, [r7, #4]
 1520 0144 1B68     		ldr	r3, [r3]
 1521              		.loc 1 829 27
 1522 0146 1B68     		ldr	r3, [r3]
 1523              		.loc 1 829 32
 1524 0148 03F48073 		and	r3, r3, #256
 1525              		.loc 1 829 11
 1526 014c 002B     		cmp	r3, #0
 1527 014e 07D1     		bne	.L59
 830:Drivers/STM32F4xx_HAL_Driver/Src/stm32f4xx_hal_dma.c ****         {
 831:Drivers/STM32F4xx_HAL_Driver/Src/stm32f4xx_hal_dma.c ****           /* Disable the half transfer interrupt */
 832:Drivers/STM32F4xx_HAL_Driver/Src/stm32f4xx_hal_dma.c ****           hdma->Instance->CR  &= ~(DMA_IT_HT);
 1528              		.loc 1 832 15
 1529 0150 7B68     		ldr	r3, [r7, #4]
 1530 0152 1B68     		ldr	r3, [r3]
 1531              		.loc 1 832 25
 1532 0154 1A68     		ldr	r2, [r3]
 1533              		.loc 1 832 15
 1534 0156 7B68     		ldr	r3, [r7, #4]
 1535 0158 1B68     		ldr	r3, [r3]
 1536              		.loc 1 832 31
 1537 015a 22F00802 		bic	r2, r2, #8
 1538 015e 1A60     		str	r2, [r3]
 1539              	.L59:
 833:Drivers/STM32F4xx_HAL_Driver/Src/stm32f4xx_hal_dma.c ****         }
 834:Drivers/STM32F4xx_HAL_Driver/Src/stm32f4xx_hal_dma.c ****         
 835:Drivers/STM32F4xx_HAL_Driver/Src/stm32f4xx_hal_dma.c ****         if(hdma->XferHalfCpltCallback != NULL)
 1540              		.loc 1 835 16
 1541 0160 7B68     		ldr	r3, [r7, #4]
 1542 0162 1B6C     		ldr	r3, [r3, #64]
 1543              		.loc 1 835 11
 1544 0164 002B     		cmp	r3, #0
 1545 0166 03D0     		beq	.L56
 836:Drivers/STM32F4xx_HAL_Driver/Src/stm32f4xx_hal_dma.c ****         {
 837:Drivers/STM32F4xx_HAL_Driver/Src/stm32f4xx_hal_dma.c ****           /* Half transfer callback */
 838:Drivers/STM32F4xx_HAL_Driver/Src/stm32f4xx_hal_dma.c ****           hdma->XferHalfCpltCallback(hdma);
 1546              		.loc 1 838 15
 1547 0168 7B68     		ldr	r3, [r7, #4]
 1548 016a 1B6C     		ldr	r3, [r3, #64]
 1549              		.loc 1 838 11
 1550 016c 7868     		ldr	r0, [r7, #4]
 1551 016e 9847     		blx	r3
 1552              	.LVL2:
 1553              	.L56:
 839:Drivers/STM32F4xx_HAL_Driver/Src/stm32f4xx_hal_dma.c ****         }
ARM GAS  /tmp/ccGoskYi.s 			page 43


 840:Drivers/STM32F4xx_HAL_Driver/Src/stm32f4xx_hal_dma.c ****       }
 841:Drivers/STM32F4xx_HAL_Driver/Src/stm32f4xx_hal_dma.c ****     }
 842:Drivers/STM32F4xx_HAL_Driver/Src/stm32f4xx_hal_dma.c ****   }
 843:Drivers/STM32F4xx_HAL_Driver/Src/stm32f4xx_hal_dma.c ****   /* Transfer Complete Interrupt management ***********************************/
 844:Drivers/STM32F4xx_HAL_Driver/Src/stm32f4xx_hal_dma.c ****   if ((tmpisr & (DMA_FLAG_TCIF0_4 << hdma->StreamIndex)) != RESET)
 1554              		.loc 1 844 42
 1555 0170 7B68     		ldr	r3, [r7, #4]
 1556 0172 DB6D     		ldr	r3, [r3, #92]
 1557              		.loc 1 844 35
 1558 0174 2022     		movs	r2, #32
 1559 0176 9A40     		lsls	r2, r2, r3
 1560              		.loc 1 844 15
 1561 0178 FB68     		ldr	r3, [r7, #12]
 1562 017a 1340     		ands	r3, r3, r2
 1563              		.loc 1 844 6
 1564 017c 002B     		cmp	r3, #0
 1565 017e 00F08F80 		beq	.L60
 845:Drivers/STM32F4xx_HAL_Driver/Src/stm32f4xx_hal_dma.c ****   {
 846:Drivers/STM32F4xx_HAL_Driver/Src/stm32f4xx_hal_dma.c ****     if(__HAL_DMA_GET_IT_SOURCE(hdma, DMA_IT_TC) != RESET)
 1566              		.loc 1 846 8
 1567 0182 7B68     		ldr	r3, [r7, #4]
 1568 0184 1B68     		ldr	r3, [r3]
 1569 0186 1B68     		ldr	r3, [r3]
 1570 0188 03F01003 		and	r3, r3, #16
 1571              		.loc 1 846 7
 1572 018c 002B     		cmp	r3, #0
 1573 018e 00F08780 		beq	.L60
 847:Drivers/STM32F4xx_HAL_Driver/Src/stm32f4xx_hal_dma.c ****     {
 848:Drivers/STM32F4xx_HAL_Driver/Src/stm32f4xx_hal_dma.c ****       /* Clear the transfer complete flag */
 849:Drivers/STM32F4xx_HAL_Driver/Src/stm32f4xx_hal_dma.c ****       regs->IFCR = DMA_FLAG_TCIF0_4 << hdma->StreamIndex;
 1574              		.loc 1 849 44
 1575 0192 7B68     		ldr	r3, [r7, #4]
 1576 0194 DB6D     		ldr	r3, [r3, #92]
 1577              		.loc 1 849 37
 1578 0196 2022     		movs	r2, #32
 1579 0198 9A40     		lsls	r2, r2, r3
 1580              		.loc 1 849 18
 1581 019a 3B69     		ldr	r3, [r7, #16]
 1582 019c 9A60     		str	r2, [r3, #8]
 850:Drivers/STM32F4xx_HAL_Driver/Src/stm32f4xx_hal_dma.c ****       
 851:Drivers/STM32F4xx_HAL_Driver/Src/stm32f4xx_hal_dma.c ****       if(HAL_DMA_STATE_ABORT == hdma->State)
 1583              		.loc 1 851 37
 1584 019e 7B68     		ldr	r3, [r7, #4]
 1585 01a0 93F83530 		ldrb	r3, [r3, #53]
 1586 01a4 DBB2     		uxtb	r3, r3
 1587              		.loc 1 851 9
 1588 01a6 052B     		cmp	r3, #5
 1589 01a8 36D1     		bne	.L61
 852:Drivers/STM32F4xx_HAL_Driver/Src/stm32f4xx_hal_dma.c ****       {
 853:Drivers/STM32F4xx_HAL_Driver/Src/stm32f4xx_hal_dma.c ****         /* Disable all the transfer interrupts */
 854:Drivers/STM32F4xx_HAL_Driver/Src/stm32f4xx_hal_dma.c ****         hdma->Instance->CR  &= ~(DMA_IT_TC | DMA_IT_TE | DMA_IT_DME);
 1590              		.loc 1 854 13
 1591 01aa 7B68     		ldr	r3, [r7, #4]
 1592 01ac 1B68     		ldr	r3, [r3]
 1593              		.loc 1 854 23
 1594 01ae 1A68     		ldr	r2, [r3]
 1595              		.loc 1 854 13
ARM GAS  /tmp/ccGoskYi.s 			page 44


 1596 01b0 7B68     		ldr	r3, [r7, #4]
 1597 01b2 1B68     		ldr	r3, [r3]
 1598              		.loc 1 854 29
 1599 01b4 22F01602 		bic	r2, r2, #22
 1600 01b8 1A60     		str	r2, [r3]
 855:Drivers/STM32F4xx_HAL_Driver/Src/stm32f4xx_hal_dma.c ****         hdma->Instance->FCR &= ~(DMA_IT_FE);
 1601              		.loc 1 855 13
 1602 01ba 7B68     		ldr	r3, [r7, #4]
 1603 01bc 1B68     		ldr	r3, [r3]
 1604              		.loc 1 855 23
 1605 01be 5A69     		ldr	r2, [r3, #20]
 1606              		.loc 1 855 13
 1607 01c0 7B68     		ldr	r3, [r7, #4]
 1608 01c2 1B68     		ldr	r3, [r3]
 1609              		.loc 1 855 29
 1610 01c4 22F08002 		bic	r2, r2, #128
 1611 01c8 5A61     		str	r2, [r3, #20]
 856:Drivers/STM32F4xx_HAL_Driver/Src/stm32f4xx_hal_dma.c ****         
 857:Drivers/STM32F4xx_HAL_Driver/Src/stm32f4xx_hal_dma.c ****         if((hdma->XferHalfCpltCallback != NULL) || (hdma->XferM1HalfCpltCallback != NULL))
 1612              		.loc 1 857 17
 1613 01ca 7B68     		ldr	r3, [r7, #4]
 1614 01cc 1B6C     		ldr	r3, [r3, #64]
 1615              		.loc 1 857 11
 1616 01ce 002B     		cmp	r3, #0
 1617 01d0 03D1     		bne	.L62
 1618              		.loc 1 857 57 discriminator 1
 1619 01d2 7B68     		ldr	r3, [r7, #4]
 1620 01d4 9B6C     		ldr	r3, [r3, #72]
 1621              		.loc 1 857 49 discriminator 1
 1622 01d6 002B     		cmp	r3, #0
 1623 01d8 07D0     		beq	.L63
 1624              	.L62:
 858:Drivers/STM32F4xx_HAL_Driver/Src/stm32f4xx_hal_dma.c ****         {
 859:Drivers/STM32F4xx_HAL_Driver/Src/stm32f4xx_hal_dma.c ****           hdma->Instance->CR  &= ~(DMA_IT_HT);
 1625              		.loc 1 859 15
 1626 01da 7B68     		ldr	r3, [r7, #4]
 1627 01dc 1B68     		ldr	r3, [r3]
 1628              		.loc 1 859 25
 1629 01de 1A68     		ldr	r2, [r3]
 1630              		.loc 1 859 15
 1631 01e0 7B68     		ldr	r3, [r7, #4]
 1632 01e2 1B68     		ldr	r3, [r3]
 1633              		.loc 1 859 31
 1634 01e4 22F00802 		bic	r2, r2, #8
 1635 01e8 1A60     		str	r2, [r3]
 1636              	.L63:
 860:Drivers/STM32F4xx_HAL_Driver/Src/stm32f4xx_hal_dma.c ****         }
 861:Drivers/STM32F4xx_HAL_Driver/Src/stm32f4xx_hal_dma.c **** 
 862:Drivers/STM32F4xx_HAL_Driver/Src/stm32f4xx_hal_dma.c ****         /* Clear all interrupt flags at correct offset within the register */
 863:Drivers/STM32F4xx_HAL_Driver/Src/stm32f4xx_hal_dma.c ****         regs->IFCR = 0x3FU << hdma->StreamIndex;
 1637              		.loc 1 863 35
 1638 01ea 7B68     		ldr	r3, [r7, #4]
 1639 01ec DB6D     		ldr	r3, [r3, #92]
 1640              		.loc 1 863 28
 1641 01ee 3F22     		movs	r2, #63
 1642 01f0 9A40     		lsls	r2, r2, r3
 1643              		.loc 1 863 20
ARM GAS  /tmp/ccGoskYi.s 			page 45


 1644 01f2 3B69     		ldr	r3, [r7, #16]
 1645 01f4 9A60     		str	r2, [r3, #8]
 864:Drivers/STM32F4xx_HAL_Driver/Src/stm32f4xx_hal_dma.c **** 
 865:Drivers/STM32F4xx_HAL_Driver/Src/stm32f4xx_hal_dma.c ****         /* Change the DMA state */
 866:Drivers/STM32F4xx_HAL_Driver/Src/stm32f4xx_hal_dma.c ****         hdma->State = HAL_DMA_STATE_READY;
 1646              		.loc 1 866 21
 1647 01f6 7B68     		ldr	r3, [r7, #4]
 1648 01f8 0122     		movs	r2, #1
 1649 01fa 83F83520 		strb	r2, [r3, #53]
 867:Drivers/STM32F4xx_HAL_Driver/Src/stm32f4xx_hal_dma.c **** 
 868:Drivers/STM32F4xx_HAL_Driver/Src/stm32f4xx_hal_dma.c ****         /* Process Unlocked */
 869:Drivers/STM32F4xx_HAL_Driver/Src/stm32f4xx_hal_dma.c ****         __HAL_UNLOCK(hdma);
 1650              		.loc 1 869 9
 1651 01fe 7B68     		ldr	r3, [r7, #4]
 1652 0200 0022     		movs	r2, #0
 1653 0202 83F83420 		strb	r2, [r3, #52]
 870:Drivers/STM32F4xx_HAL_Driver/Src/stm32f4xx_hal_dma.c **** 
 871:Drivers/STM32F4xx_HAL_Driver/Src/stm32f4xx_hal_dma.c ****         if(hdma->XferAbortCallback != NULL)
 1654              		.loc 1 871 16
 1655 0206 7B68     		ldr	r3, [r7, #4]
 1656 0208 1B6D     		ldr	r3, [r3, #80]
 1657              		.loc 1 871 11
 1658 020a 002B     		cmp	r3, #0
 1659 020c 7ED0     		beq	.L73
 872:Drivers/STM32F4xx_HAL_Driver/Src/stm32f4xx_hal_dma.c ****         {
 873:Drivers/STM32F4xx_HAL_Driver/Src/stm32f4xx_hal_dma.c ****           hdma->XferAbortCallback(hdma);
 1660              		.loc 1 873 15
 1661 020e 7B68     		ldr	r3, [r7, #4]
 1662 0210 1B6D     		ldr	r3, [r3, #80]
 1663              		.loc 1 873 11
 1664 0212 7868     		ldr	r0, [r7, #4]
 1665 0214 9847     		blx	r3
 1666              	.LVL3:
 874:Drivers/STM32F4xx_HAL_Driver/Src/stm32f4xx_hal_dma.c ****         }
 875:Drivers/STM32F4xx_HAL_Driver/Src/stm32f4xx_hal_dma.c ****         return;
 1667              		.loc 1 875 9
 1668 0216 79E0     		b	.L73
 1669              	.L61:
 876:Drivers/STM32F4xx_HAL_Driver/Src/stm32f4xx_hal_dma.c ****       }
 877:Drivers/STM32F4xx_HAL_Driver/Src/stm32f4xx_hal_dma.c **** 
 878:Drivers/STM32F4xx_HAL_Driver/Src/stm32f4xx_hal_dma.c ****       if(((hdma->Instance->CR) & (uint32_t)(DMA_SxCR_DBM)) != RESET)
 1670              		.loc 1 878 16
 1671 0218 7B68     		ldr	r3, [r7, #4]
 1672 021a 1B68     		ldr	r3, [r3]
 1673              		.loc 1 878 26
 1674 021c 1B68     		ldr	r3, [r3]
 1675              		.loc 1 878 32
 1676 021e 03F48023 		and	r3, r3, #262144
 1677              		.loc 1 878 9
 1678 0222 002B     		cmp	r3, #0
 1679 0224 1DD0     		beq	.L66
 879:Drivers/STM32F4xx_HAL_Driver/Src/stm32f4xx_hal_dma.c ****       {
 880:Drivers/STM32F4xx_HAL_Driver/Src/stm32f4xx_hal_dma.c ****         /* Current memory buffer used is Memory 0 */
 881:Drivers/STM32F4xx_HAL_Driver/Src/stm32f4xx_hal_dma.c ****         if((hdma->Instance->CR & DMA_SxCR_CT) == RESET)
 1680              		.loc 1 881 17
 1681 0226 7B68     		ldr	r3, [r7, #4]
 1682 0228 1B68     		ldr	r3, [r3]
ARM GAS  /tmp/ccGoskYi.s 			page 46


 1683              		.loc 1 881 27
 1684 022a 1B68     		ldr	r3, [r3]
 1685              		.loc 1 881 32
 1686 022c 03F40023 		and	r3, r3, #524288
 1687              		.loc 1 881 11
 1688 0230 002B     		cmp	r3, #0
 1689 0232 0DD1     		bne	.L67
 882:Drivers/STM32F4xx_HAL_Driver/Src/stm32f4xx_hal_dma.c ****         {
 883:Drivers/STM32F4xx_HAL_Driver/Src/stm32f4xx_hal_dma.c ****           if(hdma->XferM1CpltCallback != NULL)
 1690              		.loc 1 883 18
 1691 0234 7B68     		ldr	r3, [r7, #4]
 1692 0236 5B6C     		ldr	r3, [r3, #68]
 1693              		.loc 1 883 13
 1694 0238 002B     		cmp	r3, #0
 1695 023a 31D0     		beq	.L60
 884:Drivers/STM32F4xx_HAL_Driver/Src/stm32f4xx_hal_dma.c ****           {
 885:Drivers/STM32F4xx_HAL_Driver/Src/stm32f4xx_hal_dma.c ****             /* Transfer complete Callback for memory1 */
 886:Drivers/STM32F4xx_HAL_Driver/Src/stm32f4xx_hal_dma.c ****             hdma->XferM1CpltCallback(hdma);
 1696              		.loc 1 886 17
 1697 023c 7B68     		ldr	r3, [r7, #4]
 1698 023e 5B6C     		ldr	r3, [r3, #68]
 1699              		.loc 1 886 13
 1700 0240 7868     		ldr	r0, [r7, #4]
 1701 0242 9847     		blx	r3
 1702              	.LVL4:
 1703 0244 2CE0     		b	.L60
 1704              	.L76:
 1705 0246 00BF     		.align	2
 1706              	.L75:
 1707 0248 00000000 		.word	SystemCoreClock
 1708 024c B5814E1B 		.word	458129845
 1709              	.L67:
 887:Drivers/STM32F4xx_HAL_Driver/Src/stm32f4xx_hal_dma.c ****           }
 888:Drivers/STM32F4xx_HAL_Driver/Src/stm32f4xx_hal_dma.c ****         }
 889:Drivers/STM32F4xx_HAL_Driver/Src/stm32f4xx_hal_dma.c ****         /* Current memory buffer used is Memory 1 */
 890:Drivers/STM32F4xx_HAL_Driver/Src/stm32f4xx_hal_dma.c ****         else
 891:Drivers/STM32F4xx_HAL_Driver/Src/stm32f4xx_hal_dma.c ****         {
 892:Drivers/STM32F4xx_HAL_Driver/Src/stm32f4xx_hal_dma.c ****           if(hdma->XferCpltCallback != NULL)
 1710              		.loc 1 892 18
 1711 0250 7B68     		ldr	r3, [r7, #4]
 1712 0252 DB6B     		ldr	r3, [r3, #60]
 1713              		.loc 1 892 13
 1714 0254 002B     		cmp	r3, #0
 1715 0256 23D0     		beq	.L60
 893:Drivers/STM32F4xx_HAL_Driver/Src/stm32f4xx_hal_dma.c ****           {
 894:Drivers/STM32F4xx_HAL_Driver/Src/stm32f4xx_hal_dma.c ****             /* Transfer complete Callback for memory0 */
 895:Drivers/STM32F4xx_HAL_Driver/Src/stm32f4xx_hal_dma.c ****             hdma->XferCpltCallback(hdma);
 1716              		.loc 1 895 17
 1717 0258 7B68     		ldr	r3, [r7, #4]
 1718 025a DB6B     		ldr	r3, [r3, #60]
 1719              		.loc 1 895 13
 1720 025c 7868     		ldr	r0, [r7, #4]
 1721 025e 9847     		blx	r3
 1722              	.LVL5:
 1723 0260 1EE0     		b	.L60
 1724              	.L66:
 896:Drivers/STM32F4xx_HAL_Driver/Src/stm32f4xx_hal_dma.c ****           }
ARM GAS  /tmp/ccGoskYi.s 			page 47


 897:Drivers/STM32F4xx_HAL_Driver/Src/stm32f4xx_hal_dma.c ****         }
 898:Drivers/STM32F4xx_HAL_Driver/Src/stm32f4xx_hal_dma.c ****       }
 899:Drivers/STM32F4xx_HAL_Driver/Src/stm32f4xx_hal_dma.c ****       /* Disable the transfer complete interrupt if the DMA mode is not CIRCULAR */
 900:Drivers/STM32F4xx_HAL_Driver/Src/stm32f4xx_hal_dma.c ****       else
 901:Drivers/STM32F4xx_HAL_Driver/Src/stm32f4xx_hal_dma.c ****       {
 902:Drivers/STM32F4xx_HAL_Driver/Src/stm32f4xx_hal_dma.c ****         if((hdma->Instance->CR & DMA_SxCR_CIRC) == RESET)
 1725              		.loc 1 902 17
 1726 0262 7B68     		ldr	r3, [r7, #4]
 1727 0264 1B68     		ldr	r3, [r3]
 1728              		.loc 1 902 27
 1729 0266 1B68     		ldr	r3, [r3]
 1730              		.loc 1 902 32
 1731 0268 03F48073 		and	r3, r3, #256
 1732              		.loc 1 902 11
 1733 026c 002B     		cmp	r3, #0
 1734 026e 0FD1     		bne	.L68
 903:Drivers/STM32F4xx_HAL_Driver/Src/stm32f4xx_hal_dma.c ****         {
 904:Drivers/STM32F4xx_HAL_Driver/Src/stm32f4xx_hal_dma.c ****           /* Disable the transfer complete interrupt */
 905:Drivers/STM32F4xx_HAL_Driver/Src/stm32f4xx_hal_dma.c ****           hdma->Instance->CR  &= ~(DMA_IT_TC);
 1735              		.loc 1 905 15
 1736 0270 7B68     		ldr	r3, [r7, #4]
 1737 0272 1B68     		ldr	r3, [r3]
 1738              		.loc 1 905 25
 1739 0274 1A68     		ldr	r2, [r3]
 1740              		.loc 1 905 15
 1741 0276 7B68     		ldr	r3, [r7, #4]
 1742 0278 1B68     		ldr	r3, [r3]
 1743              		.loc 1 905 31
 1744 027a 22F01002 		bic	r2, r2, #16
 1745 027e 1A60     		str	r2, [r3]
 906:Drivers/STM32F4xx_HAL_Driver/Src/stm32f4xx_hal_dma.c **** 
 907:Drivers/STM32F4xx_HAL_Driver/Src/stm32f4xx_hal_dma.c ****           /* Change the DMA state */
 908:Drivers/STM32F4xx_HAL_Driver/Src/stm32f4xx_hal_dma.c ****           hdma->State = HAL_DMA_STATE_READY;
 1746              		.loc 1 908 23
 1747 0280 7B68     		ldr	r3, [r7, #4]
 1748 0282 0122     		movs	r2, #1
 1749 0284 83F83520 		strb	r2, [r3, #53]
 909:Drivers/STM32F4xx_HAL_Driver/Src/stm32f4xx_hal_dma.c **** 
 910:Drivers/STM32F4xx_HAL_Driver/Src/stm32f4xx_hal_dma.c ****           /* Process Unlocked */
 911:Drivers/STM32F4xx_HAL_Driver/Src/stm32f4xx_hal_dma.c ****           __HAL_UNLOCK(hdma);
 1750              		.loc 1 911 11
 1751 0288 7B68     		ldr	r3, [r7, #4]
 1752 028a 0022     		movs	r2, #0
 1753 028c 83F83420 		strb	r2, [r3, #52]
 1754              	.L68:
 912:Drivers/STM32F4xx_HAL_Driver/Src/stm32f4xx_hal_dma.c ****         }
 913:Drivers/STM32F4xx_HAL_Driver/Src/stm32f4xx_hal_dma.c **** 
 914:Drivers/STM32F4xx_HAL_Driver/Src/stm32f4xx_hal_dma.c ****         if(hdma->XferCpltCallback != NULL)
 1755              		.loc 1 914 16
 1756 0290 7B68     		ldr	r3, [r7, #4]
 1757 0292 DB6B     		ldr	r3, [r3, #60]
 1758              		.loc 1 914 11
 1759 0294 002B     		cmp	r3, #0
 1760 0296 03D0     		beq	.L60
 915:Drivers/STM32F4xx_HAL_Driver/Src/stm32f4xx_hal_dma.c ****         {
 916:Drivers/STM32F4xx_HAL_Driver/Src/stm32f4xx_hal_dma.c ****           /* Transfer complete callback */
 917:Drivers/STM32F4xx_HAL_Driver/Src/stm32f4xx_hal_dma.c ****           hdma->XferCpltCallback(hdma);
ARM GAS  /tmp/ccGoskYi.s 			page 48


 1761              		.loc 1 917 15
 1762 0298 7B68     		ldr	r3, [r7, #4]
 1763 029a DB6B     		ldr	r3, [r3, #60]
 1764              		.loc 1 917 11
 1765 029c 7868     		ldr	r0, [r7, #4]
 1766 029e 9847     		blx	r3
 1767              	.LVL6:
 1768              	.L60:
 918:Drivers/STM32F4xx_HAL_Driver/Src/stm32f4xx_hal_dma.c ****         }
 919:Drivers/STM32F4xx_HAL_Driver/Src/stm32f4xx_hal_dma.c ****       }
 920:Drivers/STM32F4xx_HAL_Driver/Src/stm32f4xx_hal_dma.c ****     }
 921:Drivers/STM32F4xx_HAL_Driver/Src/stm32f4xx_hal_dma.c ****   }
 922:Drivers/STM32F4xx_HAL_Driver/Src/stm32f4xx_hal_dma.c ****   
 923:Drivers/STM32F4xx_HAL_Driver/Src/stm32f4xx_hal_dma.c ****   /* manage error case */
 924:Drivers/STM32F4xx_HAL_Driver/Src/stm32f4xx_hal_dma.c ****   if(hdma->ErrorCode != HAL_DMA_ERROR_NONE)
 1769              		.loc 1 924 10
 1770 02a0 7B68     		ldr	r3, [r7, #4]
 1771 02a2 5B6D     		ldr	r3, [r3, #84]
 1772              		.loc 1 924 5
 1773 02a4 002B     		cmp	r3, #0
 1774 02a6 32D0     		beq	.L52
 925:Drivers/STM32F4xx_HAL_Driver/Src/stm32f4xx_hal_dma.c ****   {
 926:Drivers/STM32F4xx_HAL_Driver/Src/stm32f4xx_hal_dma.c ****     if((hdma->ErrorCode & HAL_DMA_ERROR_TE) != RESET)
 1775              		.loc 1 926 13
 1776 02a8 7B68     		ldr	r3, [r7, #4]
 1777 02aa 5B6D     		ldr	r3, [r3, #84]
 1778              		.loc 1 926 25
 1779 02ac 03F00103 		and	r3, r3, #1
 1780              		.loc 1 926 7
 1781 02b0 002B     		cmp	r3, #0
 1782 02b2 22D0     		beq	.L69
 927:Drivers/STM32F4xx_HAL_Driver/Src/stm32f4xx_hal_dma.c ****     {
 928:Drivers/STM32F4xx_HAL_Driver/Src/stm32f4xx_hal_dma.c ****       hdma->State = HAL_DMA_STATE_ABORT;
 1783              		.loc 1 928 19
 1784 02b4 7B68     		ldr	r3, [r7, #4]
 1785 02b6 0522     		movs	r2, #5
 1786 02b8 83F83520 		strb	r2, [r3, #53]
 929:Drivers/STM32F4xx_HAL_Driver/Src/stm32f4xx_hal_dma.c **** 
 930:Drivers/STM32F4xx_HAL_Driver/Src/stm32f4xx_hal_dma.c ****       /* Disable the stream */
 931:Drivers/STM32F4xx_HAL_Driver/Src/stm32f4xx_hal_dma.c ****       __HAL_DMA_DISABLE(hdma);
 1787              		.loc 1 931 7
 1788 02bc 7B68     		ldr	r3, [r7, #4]
 1789 02be 1B68     		ldr	r3, [r3]
 1790 02c0 1A68     		ldr	r2, [r3]
 1791 02c2 7B68     		ldr	r3, [r7, #4]
 1792 02c4 1B68     		ldr	r3, [r3]
 1793 02c6 22F00102 		bic	r2, r2, #1
 1794 02ca 1A60     		str	r2, [r3]
 1795              	.L72:
 932:Drivers/STM32F4xx_HAL_Driver/Src/stm32f4xx_hal_dma.c **** 
 933:Drivers/STM32F4xx_HAL_Driver/Src/stm32f4xx_hal_dma.c ****       do
 934:Drivers/STM32F4xx_HAL_Driver/Src/stm32f4xx_hal_dma.c ****       {
 935:Drivers/STM32F4xx_HAL_Driver/Src/stm32f4xx_hal_dma.c ****         if (++count > timeout)
 1796              		.loc 1 935 13
 1797 02cc BB68     		ldr	r3, [r7, #8]
 1798 02ce 0133     		adds	r3, r3, #1
 1799              		.loc 1 935 12
ARM GAS  /tmp/ccGoskYi.s 			page 49


 1800 02d0 BB60     		str	r3, [r7, #8]
 1801 02d2 7A69     		ldr	r2, [r7, #20]
 1802 02d4 9A42     		cmp	r2, r3
 1803 02d6 07D3     		bcc	.L74
 936:Drivers/STM32F4xx_HAL_Driver/Src/stm32f4xx_hal_dma.c ****         {
 937:Drivers/STM32F4xx_HAL_Driver/Src/stm32f4xx_hal_dma.c ****           break;
 938:Drivers/STM32F4xx_HAL_Driver/Src/stm32f4xx_hal_dma.c ****         }
 939:Drivers/STM32F4xx_HAL_Driver/Src/stm32f4xx_hal_dma.c ****       }
 940:Drivers/STM32F4xx_HAL_Driver/Src/stm32f4xx_hal_dma.c ****       while((hdma->Instance->CR & DMA_SxCR_EN) != RESET);
 1804              		.loc 1 940 18
 1805 02d8 7B68     		ldr	r3, [r7, #4]
 1806 02da 1B68     		ldr	r3, [r3]
 1807              		.loc 1 940 28
 1808 02dc 1B68     		ldr	r3, [r3]
 1809              		.loc 1 940 33
 1810 02de 03F00103 		and	r3, r3, #1
 1811              		.loc 1 940 48
 1812 02e2 002B     		cmp	r3, #0
 1813 02e4 F2D1     		bne	.L72
 1814 02e6 00E0     		b	.L71
 1815              	.L74:
 937:Drivers/STM32F4xx_HAL_Driver/Src/stm32f4xx_hal_dma.c ****         }
 1816              		.loc 1 937 11
 1817 02e8 00BF     		nop
 1818              	.L71:
 941:Drivers/STM32F4xx_HAL_Driver/Src/stm32f4xx_hal_dma.c **** 
 942:Drivers/STM32F4xx_HAL_Driver/Src/stm32f4xx_hal_dma.c ****       /* Change the DMA state */
 943:Drivers/STM32F4xx_HAL_Driver/Src/stm32f4xx_hal_dma.c ****       hdma->State = HAL_DMA_STATE_READY;
 1819              		.loc 1 943 19
 1820 02ea 7B68     		ldr	r3, [r7, #4]
 1821 02ec 0122     		movs	r2, #1
 1822 02ee 83F83520 		strb	r2, [r3, #53]
 944:Drivers/STM32F4xx_HAL_Driver/Src/stm32f4xx_hal_dma.c **** 
 945:Drivers/STM32F4xx_HAL_Driver/Src/stm32f4xx_hal_dma.c ****       /* Process Unlocked */
 946:Drivers/STM32F4xx_HAL_Driver/Src/stm32f4xx_hal_dma.c ****       __HAL_UNLOCK(hdma);
 1823              		.loc 1 946 7
 1824 02f2 7B68     		ldr	r3, [r7, #4]
 1825 02f4 0022     		movs	r2, #0
 1826 02f6 83F83420 		strb	r2, [r3, #52]
 1827              	.L69:
 947:Drivers/STM32F4xx_HAL_Driver/Src/stm32f4xx_hal_dma.c ****     }
 948:Drivers/STM32F4xx_HAL_Driver/Src/stm32f4xx_hal_dma.c **** 
 949:Drivers/STM32F4xx_HAL_Driver/Src/stm32f4xx_hal_dma.c ****     if(hdma->XferErrorCallback != NULL)
 1828              		.loc 1 949 12
 1829 02fa 7B68     		ldr	r3, [r7, #4]
 1830 02fc DB6C     		ldr	r3, [r3, #76]
 1831              		.loc 1 949 7
 1832 02fe 002B     		cmp	r3, #0
 1833 0300 05D0     		beq	.L52
 950:Drivers/STM32F4xx_HAL_Driver/Src/stm32f4xx_hal_dma.c ****     {
 951:Drivers/STM32F4xx_HAL_Driver/Src/stm32f4xx_hal_dma.c ****       /* Transfer error callback */
 952:Drivers/STM32F4xx_HAL_Driver/Src/stm32f4xx_hal_dma.c ****       hdma->XferErrorCallback(hdma);
 1834              		.loc 1 952 11
 1835 0302 7B68     		ldr	r3, [r7, #4]
 1836 0304 DB6C     		ldr	r3, [r3, #76]
 1837              		.loc 1 952 7
 1838 0306 7868     		ldr	r0, [r7, #4]
ARM GAS  /tmp/ccGoskYi.s 			page 50


 1839 0308 9847     		blx	r3
 1840              	.LVL7:
 1841 030a 00E0     		b	.L52
 1842              	.L73:
 875:Drivers/STM32F4xx_HAL_Driver/Src/stm32f4xx_hal_dma.c ****       }
 1843              		.loc 1 875 9
 1844 030c 00BF     		nop
 1845              	.L52:
 953:Drivers/STM32F4xx_HAL_Driver/Src/stm32f4xx_hal_dma.c ****     }
 954:Drivers/STM32F4xx_HAL_Driver/Src/stm32f4xx_hal_dma.c ****   }
 955:Drivers/STM32F4xx_HAL_Driver/Src/stm32f4xx_hal_dma.c **** }
 1846              		.loc 1 955 1
 1847 030e 1837     		adds	r7, r7, #24
 1848              	.LCFI39:
 1849              		.cfi_def_cfa_offset 8
 1850 0310 BD46     		mov	sp, r7
 1851              	.LCFI40:
 1852              		.cfi_def_cfa_register 13
 1853              		@ sp needed
 1854 0312 80BD     		pop	{r7, pc}
 1855              		.cfi_endproc
 1856              	.LFE227:
 1858              		.section	.text.HAL_DMA_RegisterCallback,"ax",%progbits
 1859              		.align	1
 1860              		.global	HAL_DMA_RegisterCallback
 1861              		.syntax unified
 1862              		.thumb
 1863              		.thumb_func
 1865              	HAL_DMA_RegisterCallback:
 1866              	.LFB228:
 956:Drivers/STM32F4xx_HAL_Driver/Src/stm32f4xx_hal_dma.c **** 
 957:Drivers/STM32F4xx_HAL_Driver/Src/stm32f4xx_hal_dma.c **** /**
 958:Drivers/STM32F4xx_HAL_Driver/Src/stm32f4xx_hal_dma.c ****   * @brief  Register callbacks
 959:Drivers/STM32F4xx_HAL_Driver/Src/stm32f4xx_hal_dma.c ****   * @param  hdma                 pointer to a DMA_HandleTypeDef structure that contains
 960:Drivers/STM32F4xx_HAL_Driver/Src/stm32f4xx_hal_dma.c ****   *                               the configuration information for the specified DMA Stream.
 961:Drivers/STM32F4xx_HAL_Driver/Src/stm32f4xx_hal_dma.c ****   * @param  CallbackID           User Callback identifier
 962:Drivers/STM32F4xx_HAL_Driver/Src/stm32f4xx_hal_dma.c ****   *                               a DMA_HandleTypeDef structure as parameter.
 963:Drivers/STM32F4xx_HAL_Driver/Src/stm32f4xx_hal_dma.c ****   * @param  pCallback            pointer to private callback function which has pointer to 
 964:Drivers/STM32F4xx_HAL_Driver/Src/stm32f4xx_hal_dma.c ****   *                               a DMA_HandleTypeDef structure as parameter.
 965:Drivers/STM32F4xx_HAL_Driver/Src/stm32f4xx_hal_dma.c ****   * @retval HAL status
 966:Drivers/STM32F4xx_HAL_Driver/Src/stm32f4xx_hal_dma.c ****   */                      
 967:Drivers/STM32F4xx_HAL_Driver/Src/stm32f4xx_hal_dma.c **** HAL_StatusTypeDef HAL_DMA_RegisterCallback(DMA_HandleTypeDef *hdma, HAL_DMA_CallbackIDTypeDef Callb
 968:Drivers/STM32F4xx_HAL_Driver/Src/stm32f4xx_hal_dma.c **** {
 1867              		.loc 1 968 1
 1868              		.cfi_startproc
 1869              		@ args = 0, pretend = 0, frame = 24
 1870              		@ frame_needed = 1, uses_anonymous_args = 0
 1871              		@ link register save eliminated.
 1872 0000 80B4     		push	{r7}
 1873              	.LCFI41:
 1874              		.cfi_def_cfa_offset 4
 1875              		.cfi_offset 7, -4
 1876 0002 87B0     		sub	sp, sp, #28
 1877              	.LCFI42:
 1878              		.cfi_def_cfa_offset 32
 1879 0004 00AF     		add	r7, sp, #0
 1880              	.LCFI43:
ARM GAS  /tmp/ccGoskYi.s 			page 51


 1881              		.cfi_def_cfa_register 7
 1882 0006 F860     		str	r0, [r7, #12]
 1883 0008 0B46     		mov	r3, r1
 1884 000a 7A60     		str	r2, [r7, #4]
 1885 000c FB72     		strb	r3, [r7, #11]
 969:Drivers/STM32F4xx_HAL_Driver/Src/stm32f4xx_hal_dma.c **** 
 970:Drivers/STM32F4xx_HAL_Driver/Src/stm32f4xx_hal_dma.c ****   HAL_StatusTypeDef status = HAL_OK;
 1886              		.loc 1 970 21
 1887 000e 0023     		movs	r3, #0
 1888 0010 FB75     		strb	r3, [r7, #23]
 971:Drivers/STM32F4xx_HAL_Driver/Src/stm32f4xx_hal_dma.c **** 
 972:Drivers/STM32F4xx_HAL_Driver/Src/stm32f4xx_hal_dma.c ****   /* Process locked */
 973:Drivers/STM32F4xx_HAL_Driver/Src/stm32f4xx_hal_dma.c ****   __HAL_LOCK(hdma);
 1889              		.loc 1 973 3
 1890 0012 FB68     		ldr	r3, [r7, #12]
 1891 0014 93F83430 		ldrb	r3, [r3, #52]	@ zero_extendqisi2
 1892 0018 012B     		cmp	r3, #1
 1893 001a 01D1     		bne	.L78
 1894              		.loc 1 973 3 is_stmt 0 discriminator 1
 1895 001c 0223     		movs	r3, #2
 1896              		.loc 1 973 3
 1897 001e 41E0     		b	.L79
 1898              	.L78:
 1899              		.loc 1 973 3 discriminator 2
 1900 0020 FB68     		ldr	r3, [r7, #12]
 1901 0022 0122     		movs	r2, #1
 1902 0024 83F83420 		strb	r2, [r3, #52]
 974:Drivers/STM32F4xx_HAL_Driver/Src/stm32f4xx_hal_dma.c **** 
 975:Drivers/STM32F4xx_HAL_Driver/Src/stm32f4xx_hal_dma.c ****   if(HAL_DMA_STATE_READY == hdma->State)
 1903              		.loc 1 975 33 is_stmt 1
 1904 0028 FB68     		ldr	r3, [r7, #12]
 1905 002a 93F83530 		ldrb	r3, [r3, #53]
 1906 002e DBB2     		uxtb	r3, r3
 1907              		.loc 1 975 5
 1908 0030 012B     		cmp	r3, #1
 1909 0032 30D1     		bne	.L80
 976:Drivers/STM32F4xx_HAL_Driver/Src/stm32f4xx_hal_dma.c ****   {
 977:Drivers/STM32F4xx_HAL_Driver/Src/stm32f4xx_hal_dma.c ****     switch (CallbackID)
 1910              		.loc 1 977 5
 1911 0034 FB7A     		ldrb	r3, [r7, #11]	@ zero_extendqisi2
 1912 0036 052B     		cmp	r3, #5
 1913 0038 26D0     		beq	.L81
 1914 003a 052B     		cmp	r3, #5
 1915 003c 28DC     		bgt	.L82
 1916 003e 042B     		cmp	r3, #4
 1917 0040 1ED0     		beq	.L83
 1918 0042 042B     		cmp	r3, #4
 1919 0044 24DC     		bgt	.L82
 1920 0046 032B     		cmp	r3, #3
 1921 0048 16D0     		beq	.L84
 1922 004a 032B     		cmp	r3, #3
 1923 004c 20DC     		bgt	.L82
 1924 004e 022B     		cmp	r3, #2
 1925 0050 0ED0     		beq	.L85
 1926 0052 022B     		cmp	r3, #2
 1927 0054 1CDC     		bgt	.L82
 1928 0056 002B     		cmp	r3, #0
ARM GAS  /tmp/ccGoskYi.s 			page 52


 1929 0058 02D0     		beq	.L86
 1930 005a 012B     		cmp	r3, #1
 1931 005c 04D0     		beq	.L87
 1932 005e 17E0     		b	.L82
 1933              	.L86:
 978:Drivers/STM32F4xx_HAL_Driver/Src/stm32f4xx_hal_dma.c ****     {
 979:Drivers/STM32F4xx_HAL_Driver/Src/stm32f4xx_hal_dma.c ****     case  HAL_DMA_XFER_CPLT_CB_ID:
 980:Drivers/STM32F4xx_HAL_Driver/Src/stm32f4xx_hal_dma.c ****       hdma->XferCpltCallback = pCallback;
 1934              		.loc 1 980 30
 1935 0060 FB68     		ldr	r3, [r7, #12]
 1936 0062 7A68     		ldr	r2, [r7, #4]
 1937 0064 DA63     		str	r2, [r3, #60]
 981:Drivers/STM32F4xx_HAL_Driver/Src/stm32f4xx_hal_dma.c ****       break;
 1938              		.loc 1 981 7
 1939 0066 18E0     		b	.L89
 1940              	.L87:
 982:Drivers/STM32F4xx_HAL_Driver/Src/stm32f4xx_hal_dma.c **** 
 983:Drivers/STM32F4xx_HAL_Driver/Src/stm32f4xx_hal_dma.c ****     case  HAL_DMA_XFER_HALFCPLT_CB_ID:
 984:Drivers/STM32F4xx_HAL_Driver/Src/stm32f4xx_hal_dma.c ****       hdma->XferHalfCpltCallback = pCallback;
 1941              		.loc 1 984 34
 1942 0068 FB68     		ldr	r3, [r7, #12]
 1943 006a 7A68     		ldr	r2, [r7, #4]
 1944 006c 1A64     		str	r2, [r3, #64]
 985:Drivers/STM32F4xx_HAL_Driver/Src/stm32f4xx_hal_dma.c ****       break;
 1945              		.loc 1 985 7
 1946 006e 14E0     		b	.L89
 1947              	.L85:
 986:Drivers/STM32F4xx_HAL_Driver/Src/stm32f4xx_hal_dma.c **** 
 987:Drivers/STM32F4xx_HAL_Driver/Src/stm32f4xx_hal_dma.c ****     case  HAL_DMA_XFER_M1CPLT_CB_ID:
 988:Drivers/STM32F4xx_HAL_Driver/Src/stm32f4xx_hal_dma.c ****       hdma->XferM1CpltCallback = pCallback;
 1948              		.loc 1 988 32
 1949 0070 FB68     		ldr	r3, [r7, #12]
 1950 0072 7A68     		ldr	r2, [r7, #4]
 1951 0074 5A64     		str	r2, [r3, #68]
 989:Drivers/STM32F4xx_HAL_Driver/Src/stm32f4xx_hal_dma.c ****       break;
 1952              		.loc 1 989 7
 1953 0076 10E0     		b	.L89
 1954              	.L84:
 990:Drivers/STM32F4xx_HAL_Driver/Src/stm32f4xx_hal_dma.c **** 
 991:Drivers/STM32F4xx_HAL_Driver/Src/stm32f4xx_hal_dma.c ****     case  HAL_DMA_XFER_M1HALFCPLT_CB_ID:
 992:Drivers/STM32F4xx_HAL_Driver/Src/stm32f4xx_hal_dma.c ****       hdma->XferM1HalfCpltCallback = pCallback;
 1955              		.loc 1 992 36
 1956 0078 FB68     		ldr	r3, [r7, #12]
 1957 007a 7A68     		ldr	r2, [r7, #4]
 1958 007c 9A64     		str	r2, [r3, #72]
 993:Drivers/STM32F4xx_HAL_Driver/Src/stm32f4xx_hal_dma.c ****       break;
 1959              		.loc 1 993 7
 1960 007e 0CE0     		b	.L89
 1961              	.L83:
 994:Drivers/STM32F4xx_HAL_Driver/Src/stm32f4xx_hal_dma.c **** 
 995:Drivers/STM32F4xx_HAL_Driver/Src/stm32f4xx_hal_dma.c ****     case  HAL_DMA_XFER_ERROR_CB_ID:
 996:Drivers/STM32F4xx_HAL_Driver/Src/stm32f4xx_hal_dma.c ****       hdma->XferErrorCallback = pCallback;
 1962              		.loc 1 996 31
 1963 0080 FB68     		ldr	r3, [r7, #12]
 1964 0082 7A68     		ldr	r2, [r7, #4]
 1965 0084 DA64     		str	r2, [r3, #76]
 997:Drivers/STM32F4xx_HAL_Driver/Src/stm32f4xx_hal_dma.c ****       break;
ARM GAS  /tmp/ccGoskYi.s 			page 53


 1966              		.loc 1 997 7
 1967 0086 08E0     		b	.L89
 1968              	.L81:
 998:Drivers/STM32F4xx_HAL_Driver/Src/stm32f4xx_hal_dma.c **** 
 999:Drivers/STM32F4xx_HAL_Driver/Src/stm32f4xx_hal_dma.c ****     case  HAL_DMA_XFER_ABORT_CB_ID:
1000:Drivers/STM32F4xx_HAL_Driver/Src/stm32f4xx_hal_dma.c ****       hdma->XferAbortCallback = pCallback;
 1969              		.loc 1 1000 31
 1970 0088 FB68     		ldr	r3, [r7, #12]
 1971 008a 7A68     		ldr	r2, [r7, #4]
 1972 008c 1A65     		str	r2, [r3, #80]
1001:Drivers/STM32F4xx_HAL_Driver/Src/stm32f4xx_hal_dma.c ****       break;
 1973              		.loc 1 1001 7
 1974 008e 04E0     		b	.L89
 1975              	.L82:
1002:Drivers/STM32F4xx_HAL_Driver/Src/stm32f4xx_hal_dma.c **** 
1003:Drivers/STM32F4xx_HAL_Driver/Src/stm32f4xx_hal_dma.c ****     default:
1004:Drivers/STM32F4xx_HAL_Driver/Src/stm32f4xx_hal_dma.c ****       /* Return error status */
1005:Drivers/STM32F4xx_HAL_Driver/Src/stm32f4xx_hal_dma.c ****       status =  HAL_ERROR;
 1976              		.loc 1 1005 14
 1977 0090 0123     		movs	r3, #1
 1978 0092 FB75     		strb	r3, [r7, #23]
1006:Drivers/STM32F4xx_HAL_Driver/Src/stm32f4xx_hal_dma.c ****       break;
 1979              		.loc 1 1006 7
 1980 0094 01E0     		b	.L89
 1981              	.L80:
1007:Drivers/STM32F4xx_HAL_Driver/Src/stm32f4xx_hal_dma.c ****     }
1008:Drivers/STM32F4xx_HAL_Driver/Src/stm32f4xx_hal_dma.c ****   }
1009:Drivers/STM32F4xx_HAL_Driver/Src/stm32f4xx_hal_dma.c ****   else
1010:Drivers/STM32F4xx_HAL_Driver/Src/stm32f4xx_hal_dma.c ****   {
1011:Drivers/STM32F4xx_HAL_Driver/Src/stm32f4xx_hal_dma.c ****     /* Return error status */
1012:Drivers/STM32F4xx_HAL_Driver/Src/stm32f4xx_hal_dma.c ****     status =  HAL_ERROR;
 1982              		.loc 1 1012 12
 1983 0096 0123     		movs	r3, #1
 1984 0098 FB75     		strb	r3, [r7, #23]
 1985              	.L89:
1013:Drivers/STM32F4xx_HAL_Driver/Src/stm32f4xx_hal_dma.c ****   }
1014:Drivers/STM32F4xx_HAL_Driver/Src/stm32f4xx_hal_dma.c **** 
1015:Drivers/STM32F4xx_HAL_Driver/Src/stm32f4xx_hal_dma.c ****   /* Release Lock */
1016:Drivers/STM32F4xx_HAL_Driver/Src/stm32f4xx_hal_dma.c ****   __HAL_UNLOCK(hdma);
 1986              		.loc 1 1016 3
 1987 009a FB68     		ldr	r3, [r7, #12]
 1988 009c 0022     		movs	r2, #0
 1989 009e 83F83420 		strb	r2, [r3, #52]
1017:Drivers/STM32F4xx_HAL_Driver/Src/stm32f4xx_hal_dma.c ****   
1018:Drivers/STM32F4xx_HAL_Driver/Src/stm32f4xx_hal_dma.c ****   return status;
 1990              		.loc 1 1018 10
 1991 00a2 FB7D     		ldrb	r3, [r7, #23]	@ zero_extendqisi2
 1992              	.L79:
1019:Drivers/STM32F4xx_HAL_Driver/Src/stm32f4xx_hal_dma.c **** }
 1993              		.loc 1 1019 1
 1994 00a4 1846     		mov	r0, r3
 1995 00a6 1C37     		adds	r7, r7, #28
 1996              	.LCFI44:
 1997              		.cfi_def_cfa_offset 4
 1998 00a8 BD46     		mov	sp, r7
 1999              	.LCFI45:
 2000              		.cfi_def_cfa_register 13
ARM GAS  /tmp/ccGoskYi.s 			page 54


 2001              		@ sp needed
 2002 00aa 80BC     		pop	{r7}
 2003              	.LCFI46:
 2004              		.cfi_restore 7
 2005              		.cfi_def_cfa_offset 0
 2006 00ac 7047     		bx	lr
 2007              		.cfi_endproc
 2008              	.LFE228:
 2010              		.section	.text.HAL_DMA_UnRegisterCallback,"ax",%progbits
 2011              		.align	1
 2012              		.global	HAL_DMA_UnRegisterCallback
 2013              		.syntax unified
 2014              		.thumb
 2015              		.thumb_func
 2017              	HAL_DMA_UnRegisterCallback:
 2018              	.LFB229:
1020:Drivers/STM32F4xx_HAL_Driver/Src/stm32f4xx_hal_dma.c **** 
1021:Drivers/STM32F4xx_HAL_Driver/Src/stm32f4xx_hal_dma.c **** /**
1022:Drivers/STM32F4xx_HAL_Driver/Src/stm32f4xx_hal_dma.c ****   * @brief  UnRegister callbacks
1023:Drivers/STM32F4xx_HAL_Driver/Src/stm32f4xx_hal_dma.c ****   * @param  hdma                 pointer to a DMA_HandleTypeDef structure that contains
1024:Drivers/STM32F4xx_HAL_Driver/Src/stm32f4xx_hal_dma.c ****   *                               the configuration information for the specified DMA Stream.
1025:Drivers/STM32F4xx_HAL_Driver/Src/stm32f4xx_hal_dma.c ****   * @param  CallbackID           User Callback identifier
1026:Drivers/STM32F4xx_HAL_Driver/Src/stm32f4xx_hal_dma.c ****   *                               a HAL_DMA_CallbackIDTypeDef ENUM as parameter.
1027:Drivers/STM32F4xx_HAL_Driver/Src/stm32f4xx_hal_dma.c ****   * @retval HAL status
1028:Drivers/STM32F4xx_HAL_Driver/Src/stm32f4xx_hal_dma.c ****   */              
1029:Drivers/STM32F4xx_HAL_Driver/Src/stm32f4xx_hal_dma.c **** HAL_StatusTypeDef HAL_DMA_UnRegisterCallback(DMA_HandleTypeDef *hdma, HAL_DMA_CallbackIDTypeDef Cal
1030:Drivers/STM32F4xx_HAL_Driver/Src/stm32f4xx_hal_dma.c **** {
 2019              		.loc 1 1030 1
 2020              		.cfi_startproc
 2021              		@ args = 0, pretend = 0, frame = 16
 2022              		@ frame_needed = 1, uses_anonymous_args = 0
 2023              		@ link register save eliminated.
 2024 0000 80B4     		push	{r7}
 2025              	.LCFI47:
 2026              		.cfi_def_cfa_offset 4
 2027              		.cfi_offset 7, -4
 2028 0002 85B0     		sub	sp, sp, #20
 2029              	.LCFI48:
 2030              		.cfi_def_cfa_offset 24
 2031 0004 00AF     		add	r7, sp, #0
 2032              	.LCFI49:
 2033              		.cfi_def_cfa_register 7
 2034 0006 7860     		str	r0, [r7, #4]
 2035 0008 0B46     		mov	r3, r1
 2036 000a FB70     		strb	r3, [r7, #3]
1031:Drivers/STM32F4xx_HAL_Driver/Src/stm32f4xx_hal_dma.c ****   HAL_StatusTypeDef status = HAL_OK;
 2037              		.loc 1 1031 21
 2038 000c 0023     		movs	r3, #0
 2039 000e FB73     		strb	r3, [r7, #15]
1032:Drivers/STM32F4xx_HAL_Driver/Src/stm32f4xx_hal_dma.c ****   
1033:Drivers/STM32F4xx_HAL_Driver/Src/stm32f4xx_hal_dma.c ****   /* Process locked */
1034:Drivers/STM32F4xx_HAL_Driver/Src/stm32f4xx_hal_dma.c ****   __HAL_LOCK(hdma);
 2040              		.loc 1 1034 3
 2041 0010 7B68     		ldr	r3, [r7, #4]
 2042 0012 93F83430 		ldrb	r3, [r3, #52]	@ zero_extendqisi2
 2043 0016 012B     		cmp	r3, #1
 2044 0018 01D1     		bne	.L91
ARM GAS  /tmp/ccGoskYi.s 			page 55


 2045              		.loc 1 1034 3 is_stmt 0 discriminator 1
 2046 001a 0223     		movs	r3, #2
 2047              		.loc 1 1034 3
 2048 001c 58E0     		b	.L92
 2049              	.L91:
 2050              		.loc 1 1034 3 discriminator 2
 2051 001e 7B68     		ldr	r3, [r7, #4]
 2052 0020 0122     		movs	r2, #1
 2053 0022 83F83420 		strb	r2, [r3, #52]
1035:Drivers/STM32F4xx_HAL_Driver/Src/stm32f4xx_hal_dma.c ****   
1036:Drivers/STM32F4xx_HAL_Driver/Src/stm32f4xx_hal_dma.c ****   if(HAL_DMA_STATE_READY == hdma->State)
 2054              		.loc 1 1036 33 is_stmt 1
 2055 0026 7B68     		ldr	r3, [r7, #4]
 2056 0028 93F83530 		ldrb	r3, [r3, #53]
 2057 002c DBB2     		uxtb	r3, r3
 2058              		.loc 1 1036 5
 2059 002e 012B     		cmp	r3, #1
 2060 0030 47D1     		bne	.L93
1037:Drivers/STM32F4xx_HAL_Driver/Src/stm32f4xx_hal_dma.c ****   {
1038:Drivers/STM32F4xx_HAL_Driver/Src/stm32f4xx_hal_dma.c ****     switch (CallbackID)
 2061              		.loc 1 1038 5
 2062 0032 FB78     		ldrb	r3, [r7, #3]	@ zero_extendqisi2
 2063 0034 062B     		cmp	r3, #6
 2064 0036 2ED0     		beq	.L94
 2065 0038 062B     		cmp	r3, #6
 2066 003a 3FDC     		bgt	.L95
 2067 003c 052B     		cmp	r3, #5
 2068 003e 26D0     		beq	.L96
 2069 0040 052B     		cmp	r3, #5
 2070 0042 3BDC     		bgt	.L95
 2071 0044 042B     		cmp	r3, #4
 2072 0046 1ED0     		beq	.L97
 2073 0048 042B     		cmp	r3, #4
 2074 004a 37DC     		bgt	.L95
 2075 004c 032B     		cmp	r3, #3
 2076 004e 16D0     		beq	.L98
 2077 0050 032B     		cmp	r3, #3
 2078 0052 33DC     		bgt	.L95
 2079 0054 022B     		cmp	r3, #2
 2080 0056 0ED0     		beq	.L99
 2081 0058 022B     		cmp	r3, #2
 2082 005a 2FDC     		bgt	.L95
 2083 005c 002B     		cmp	r3, #0
 2084 005e 02D0     		beq	.L100
 2085 0060 012B     		cmp	r3, #1
 2086 0062 04D0     		beq	.L101
 2087 0064 2AE0     		b	.L95
 2088              	.L100:
1039:Drivers/STM32F4xx_HAL_Driver/Src/stm32f4xx_hal_dma.c ****     {
1040:Drivers/STM32F4xx_HAL_Driver/Src/stm32f4xx_hal_dma.c ****     case  HAL_DMA_XFER_CPLT_CB_ID:
1041:Drivers/STM32F4xx_HAL_Driver/Src/stm32f4xx_hal_dma.c ****       hdma->XferCpltCallback = NULL;
 2089              		.loc 1 1041 30
 2090 0066 7B68     		ldr	r3, [r7, #4]
 2091 0068 0022     		movs	r2, #0
 2092 006a DA63     		str	r2, [r3, #60]
1042:Drivers/STM32F4xx_HAL_Driver/Src/stm32f4xx_hal_dma.c ****       break;
 2093              		.loc 1 1042 7
ARM GAS  /tmp/ccGoskYi.s 			page 56


 2094 006c 2BE0     		b	.L103
 2095              	.L101:
1043:Drivers/STM32F4xx_HAL_Driver/Src/stm32f4xx_hal_dma.c ****       
1044:Drivers/STM32F4xx_HAL_Driver/Src/stm32f4xx_hal_dma.c ****     case  HAL_DMA_XFER_HALFCPLT_CB_ID:
1045:Drivers/STM32F4xx_HAL_Driver/Src/stm32f4xx_hal_dma.c ****       hdma->XferHalfCpltCallback = NULL;
 2096              		.loc 1 1045 34
 2097 006e 7B68     		ldr	r3, [r7, #4]
 2098 0070 0022     		movs	r2, #0
 2099 0072 1A64     		str	r2, [r3, #64]
1046:Drivers/STM32F4xx_HAL_Driver/Src/stm32f4xx_hal_dma.c ****       break;
 2100              		.loc 1 1046 7
 2101 0074 27E0     		b	.L103
 2102              	.L99:
1047:Drivers/STM32F4xx_HAL_Driver/Src/stm32f4xx_hal_dma.c ****       
1048:Drivers/STM32F4xx_HAL_Driver/Src/stm32f4xx_hal_dma.c ****     case  HAL_DMA_XFER_M1CPLT_CB_ID:
1049:Drivers/STM32F4xx_HAL_Driver/Src/stm32f4xx_hal_dma.c ****       hdma->XferM1CpltCallback = NULL;
 2103              		.loc 1 1049 32
 2104 0076 7B68     		ldr	r3, [r7, #4]
 2105 0078 0022     		movs	r2, #0
 2106 007a 5A64     		str	r2, [r3, #68]
1050:Drivers/STM32F4xx_HAL_Driver/Src/stm32f4xx_hal_dma.c ****       break;
 2107              		.loc 1 1050 7
 2108 007c 23E0     		b	.L103
 2109              	.L98:
1051:Drivers/STM32F4xx_HAL_Driver/Src/stm32f4xx_hal_dma.c ****       
1052:Drivers/STM32F4xx_HAL_Driver/Src/stm32f4xx_hal_dma.c ****     case  HAL_DMA_XFER_M1HALFCPLT_CB_ID:
1053:Drivers/STM32F4xx_HAL_Driver/Src/stm32f4xx_hal_dma.c ****       hdma->XferM1HalfCpltCallback = NULL;
 2110              		.loc 1 1053 36
 2111 007e 7B68     		ldr	r3, [r7, #4]
 2112 0080 0022     		movs	r2, #0
 2113 0082 9A64     		str	r2, [r3, #72]
1054:Drivers/STM32F4xx_HAL_Driver/Src/stm32f4xx_hal_dma.c ****       break;
 2114              		.loc 1 1054 7
 2115 0084 1FE0     		b	.L103
 2116              	.L97:
1055:Drivers/STM32F4xx_HAL_Driver/Src/stm32f4xx_hal_dma.c ****       
1056:Drivers/STM32F4xx_HAL_Driver/Src/stm32f4xx_hal_dma.c ****     case  HAL_DMA_XFER_ERROR_CB_ID:
1057:Drivers/STM32F4xx_HAL_Driver/Src/stm32f4xx_hal_dma.c ****       hdma->XferErrorCallback = NULL;
 2117              		.loc 1 1057 31
 2118 0086 7B68     		ldr	r3, [r7, #4]
 2119 0088 0022     		movs	r2, #0
 2120 008a DA64     		str	r2, [r3, #76]
1058:Drivers/STM32F4xx_HAL_Driver/Src/stm32f4xx_hal_dma.c ****       break;
 2121              		.loc 1 1058 7
 2122 008c 1BE0     		b	.L103
 2123              	.L96:
1059:Drivers/STM32F4xx_HAL_Driver/Src/stm32f4xx_hal_dma.c ****       
1060:Drivers/STM32F4xx_HAL_Driver/Src/stm32f4xx_hal_dma.c ****     case  HAL_DMA_XFER_ABORT_CB_ID:
1061:Drivers/STM32F4xx_HAL_Driver/Src/stm32f4xx_hal_dma.c ****       hdma->XferAbortCallback = NULL;
 2124              		.loc 1 1061 31
 2125 008e 7B68     		ldr	r3, [r7, #4]
 2126 0090 0022     		movs	r2, #0
 2127 0092 1A65     		str	r2, [r3, #80]
1062:Drivers/STM32F4xx_HAL_Driver/Src/stm32f4xx_hal_dma.c ****       break; 
 2128              		.loc 1 1062 7
 2129 0094 17E0     		b	.L103
 2130              	.L94:
ARM GAS  /tmp/ccGoskYi.s 			page 57


1063:Drivers/STM32F4xx_HAL_Driver/Src/stm32f4xx_hal_dma.c ****       
1064:Drivers/STM32F4xx_HAL_Driver/Src/stm32f4xx_hal_dma.c ****     case   HAL_DMA_XFER_ALL_CB_ID:
1065:Drivers/STM32F4xx_HAL_Driver/Src/stm32f4xx_hal_dma.c ****       hdma->XferCpltCallback = NULL;
 2131              		.loc 1 1065 30
 2132 0096 7B68     		ldr	r3, [r7, #4]
 2133 0098 0022     		movs	r2, #0
 2134 009a DA63     		str	r2, [r3, #60]
1066:Drivers/STM32F4xx_HAL_Driver/Src/stm32f4xx_hal_dma.c ****       hdma->XferHalfCpltCallback = NULL;
 2135              		.loc 1 1066 34
 2136 009c 7B68     		ldr	r3, [r7, #4]
 2137 009e 0022     		movs	r2, #0
 2138 00a0 1A64     		str	r2, [r3, #64]
1067:Drivers/STM32F4xx_HAL_Driver/Src/stm32f4xx_hal_dma.c ****       hdma->XferM1CpltCallback = NULL;
 2139              		.loc 1 1067 32
 2140 00a2 7B68     		ldr	r3, [r7, #4]
 2141 00a4 0022     		movs	r2, #0
 2142 00a6 5A64     		str	r2, [r3, #68]
1068:Drivers/STM32F4xx_HAL_Driver/Src/stm32f4xx_hal_dma.c ****       hdma->XferM1HalfCpltCallback = NULL;
 2143              		.loc 1 1068 36
 2144 00a8 7B68     		ldr	r3, [r7, #4]
 2145 00aa 0022     		movs	r2, #0
 2146 00ac 9A64     		str	r2, [r3, #72]
1069:Drivers/STM32F4xx_HAL_Driver/Src/stm32f4xx_hal_dma.c ****       hdma->XferErrorCallback = NULL;
 2147              		.loc 1 1069 31
 2148 00ae 7B68     		ldr	r3, [r7, #4]
 2149 00b0 0022     		movs	r2, #0
 2150 00b2 DA64     		str	r2, [r3, #76]
1070:Drivers/STM32F4xx_HAL_Driver/Src/stm32f4xx_hal_dma.c ****       hdma->XferAbortCallback = NULL;
 2151              		.loc 1 1070 31
 2152 00b4 7B68     		ldr	r3, [r7, #4]
 2153 00b6 0022     		movs	r2, #0
 2154 00b8 1A65     		str	r2, [r3, #80]
1071:Drivers/STM32F4xx_HAL_Driver/Src/stm32f4xx_hal_dma.c ****       break; 
 2155              		.loc 1 1071 7
 2156 00ba 04E0     		b	.L103
 2157              	.L95:
1072:Drivers/STM32F4xx_HAL_Driver/Src/stm32f4xx_hal_dma.c ****       
1073:Drivers/STM32F4xx_HAL_Driver/Src/stm32f4xx_hal_dma.c ****     default:
1074:Drivers/STM32F4xx_HAL_Driver/Src/stm32f4xx_hal_dma.c ****       status = HAL_ERROR;
 2158              		.loc 1 1074 14
 2159 00bc 0123     		movs	r3, #1
 2160 00be FB73     		strb	r3, [r7, #15]
1075:Drivers/STM32F4xx_HAL_Driver/Src/stm32f4xx_hal_dma.c ****       break;
 2161              		.loc 1 1075 7
 2162 00c0 01E0     		b	.L103
 2163              	.L93:
1076:Drivers/STM32F4xx_HAL_Driver/Src/stm32f4xx_hal_dma.c ****     }
1077:Drivers/STM32F4xx_HAL_Driver/Src/stm32f4xx_hal_dma.c ****   }
1078:Drivers/STM32F4xx_HAL_Driver/Src/stm32f4xx_hal_dma.c ****   else
1079:Drivers/STM32F4xx_HAL_Driver/Src/stm32f4xx_hal_dma.c ****   {
1080:Drivers/STM32F4xx_HAL_Driver/Src/stm32f4xx_hal_dma.c ****     status = HAL_ERROR;
 2164              		.loc 1 1080 12
 2165 00c2 0123     		movs	r3, #1
 2166 00c4 FB73     		strb	r3, [r7, #15]
 2167              	.L103:
1081:Drivers/STM32F4xx_HAL_Driver/Src/stm32f4xx_hal_dma.c ****   }
1082:Drivers/STM32F4xx_HAL_Driver/Src/stm32f4xx_hal_dma.c ****   
ARM GAS  /tmp/ccGoskYi.s 			page 58


1083:Drivers/STM32F4xx_HAL_Driver/Src/stm32f4xx_hal_dma.c ****   /* Release Lock */
1084:Drivers/STM32F4xx_HAL_Driver/Src/stm32f4xx_hal_dma.c ****   __HAL_UNLOCK(hdma);
 2168              		.loc 1 1084 3
 2169 00c6 7B68     		ldr	r3, [r7, #4]
 2170 00c8 0022     		movs	r2, #0
 2171 00ca 83F83420 		strb	r2, [r3, #52]
1085:Drivers/STM32F4xx_HAL_Driver/Src/stm32f4xx_hal_dma.c ****   
1086:Drivers/STM32F4xx_HAL_Driver/Src/stm32f4xx_hal_dma.c ****   return status;
 2172              		.loc 1 1086 10
 2173 00ce FB7B     		ldrb	r3, [r7, #15]	@ zero_extendqisi2
 2174              	.L92:
1087:Drivers/STM32F4xx_HAL_Driver/Src/stm32f4xx_hal_dma.c **** }
 2175              		.loc 1 1087 1
 2176 00d0 1846     		mov	r0, r3
 2177 00d2 1437     		adds	r7, r7, #20
 2178              	.LCFI50:
 2179              		.cfi_def_cfa_offset 4
 2180 00d4 BD46     		mov	sp, r7
 2181              	.LCFI51:
 2182              		.cfi_def_cfa_register 13
 2183              		@ sp needed
 2184 00d6 80BC     		pop	{r7}
 2185              	.LCFI52:
 2186              		.cfi_restore 7
 2187              		.cfi_def_cfa_offset 0
 2188 00d8 7047     		bx	lr
 2189              		.cfi_endproc
 2190              	.LFE229:
 2192              		.section	.text.HAL_DMA_GetState,"ax",%progbits
 2193              		.align	1
 2194              		.global	HAL_DMA_GetState
 2195              		.syntax unified
 2196              		.thumb
 2197              		.thumb_func
 2199              	HAL_DMA_GetState:
 2200              	.LFB230:
1088:Drivers/STM32F4xx_HAL_Driver/Src/stm32f4xx_hal_dma.c **** 
1089:Drivers/STM32F4xx_HAL_Driver/Src/stm32f4xx_hal_dma.c **** /**
1090:Drivers/STM32F4xx_HAL_Driver/Src/stm32f4xx_hal_dma.c ****   * @}
1091:Drivers/STM32F4xx_HAL_Driver/Src/stm32f4xx_hal_dma.c ****   */
1092:Drivers/STM32F4xx_HAL_Driver/Src/stm32f4xx_hal_dma.c **** 
1093:Drivers/STM32F4xx_HAL_Driver/Src/stm32f4xx_hal_dma.c **** /** @addtogroup DMA_Exported_Functions_Group3
1094:Drivers/STM32F4xx_HAL_Driver/Src/stm32f4xx_hal_dma.c ****   *
1095:Drivers/STM32F4xx_HAL_Driver/Src/stm32f4xx_hal_dma.c **** @verbatim
1096:Drivers/STM32F4xx_HAL_Driver/Src/stm32f4xx_hal_dma.c ****  ===============================================================================
1097:Drivers/STM32F4xx_HAL_Driver/Src/stm32f4xx_hal_dma.c ****                     ##### State and Errors functions #####
1098:Drivers/STM32F4xx_HAL_Driver/Src/stm32f4xx_hal_dma.c ****  ===============================================================================
1099:Drivers/STM32F4xx_HAL_Driver/Src/stm32f4xx_hal_dma.c ****     [..]
1100:Drivers/STM32F4xx_HAL_Driver/Src/stm32f4xx_hal_dma.c ****     This subsection provides functions allowing to
1101:Drivers/STM32F4xx_HAL_Driver/Src/stm32f4xx_hal_dma.c ****       (+) Check the DMA state
1102:Drivers/STM32F4xx_HAL_Driver/Src/stm32f4xx_hal_dma.c ****       (+) Get error code
1103:Drivers/STM32F4xx_HAL_Driver/Src/stm32f4xx_hal_dma.c **** 
1104:Drivers/STM32F4xx_HAL_Driver/Src/stm32f4xx_hal_dma.c **** @endverbatim
1105:Drivers/STM32F4xx_HAL_Driver/Src/stm32f4xx_hal_dma.c ****   * @{
1106:Drivers/STM32F4xx_HAL_Driver/Src/stm32f4xx_hal_dma.c ****   */
1107:Drivers/STM32F4xx_HAL_Driver/Src/stm32f4xx_hal_dma.c **** 
1108:Drivers/STM32F4xx_HAL_Driver/Src/stm32f4xx_hal_dma.c **** /**
ARM GAS  /tmp/ccGoskYi.s 			page 59


1109:Drivers/STM32F4xx_HAL_Driver/Src/stm32f4xx_hal_dma.c ****   * @brief  Returns the DMA state.
1110:Drivers/STM32F4xx_HAL_Driver/Src/stm32f4xx_hal_dma.c ****   * @param  hdma pointer to a DMA_HandleTypeDef structure that contains
1111:Drivers/STM32F4xx_HAL_Driver/Src/stm32f4xx_hal_dma.c ****   *               the configuration information for the specified DMA Stream.
1112:Drivers/STM32F4xx_HAL_Driver/Src/stm32f4xx_hal_dma.c ****   * @retval HAL state
1113:Drivers/STM32F4xx_HAL_Driver/Src/stm32f4xx_hal_dma.c ****   */
1114:Drivers/STM32F4xx_HAL_Driver/Src/stm32f4xx_hal_dma.c **** HAL_DMA_StateTypeDef HAL_DMA_GetState(DMA_HandleTypeDef *hdma)
1115:Drivers/STM32F4xx_HAL_Driver/Src/stm32f4xx_hal_dma.c **** {
 2201              		.loc 1 1115 1
 2202              		.cfi_startproc
 2203              		@ args = 0, pretend = 0, frame = 8
 2204              		@ frame_needed = 1, uses_anonymous_args = 0
 2205              		@ link register save eliminated.
 2206 0000 80B4     		push	{r7}
 2207              	.LCFI53:
 2208              		.cfi_def_cfa_offset 4
 2209              		.cfi_offset 7, -4
 2210 0002 83B0     		sub	sp, sp, #12
 2211              	.LCFI54:
 2212              		.cfi_def_cfa_offset 16
 2213 0004 00AF     		add	r7, sp, #0
 2214              	.LCFI55:
 2215              		.cfi_def_cfa_register 7
 2216 0006 7860     		str	r0, [r7, #4]
1116:Drivers/STM32F4xx_HAL_Driver/Src/stm32f4xx_hal_dma.c ****   return hdma->State;
 2217              		.loc 1 1116 14
 2218 0008 7B68     		ldr	r3, [r7, #4]
 2219 000a 93F83530 		ldrb	r3, [r3, #53]
 2220 000e DBB2     		uxtb	r3, r3
1117:Drivers/STM32F4xx_HAL_Driver/Src/stm32f4xx_hal_dma.c **** }
 2221              		.loc 1 1117 1
 2222 0010 1846     		mov	r0, r3
 2223 0012 0C37     		adds	r7, r7, #12
 2224              	.LCFI56:
 2225              		.cfi_def_cfa_offset 4
 2226 0014 BD46     		mov	sp, r7
 2227              	.LCFI57:
 2228              		.cfi_def_cfa_register 13
 2229              		@ sp needed
 2230 0016 80BC     		pop	{r7}
 2231              	.LCFI58:
 2232              		.cfi_restore 7
 2233              		.cfi_def_cfa_offset 0
 2234 0018 7047     		bx	lr
 2235              		.cfi_endproc
 2236              	.LFE230:
 2238              		.section	.text.HAL_DMA_GetError,"ax",%progbits
 2239              		.align	1
 2240              		.global	HAL_DMA_GetError
 2241              		.syntax unified
 2242              		.thumb
 2243              		.thumb_func
 2245              	HAL_DMA_GetError:
 2246              	.LFB231:
1118:Drivers/STM32F4xx_HAL_Driver/Src/stm32f4xx_hal_dma.c **** 
1119:Drivers/STM32F4xx_HAL_Driver/Src/stm32f4xx_hal_dma.c **** /**
1120:Drivers/STM32F4xx_HAL_Driver/Src/stm32f4xx_hal_dma.c ****   * @brief  Return the DMA error code
1121:Drivers/STM32F4xx_HAL_Driver/Src/stm32f4xx_hal_dma.c ****   * @param  hdma  pointer to a DMA_HandleTypeDef structure that contains
ARM GAS  /tmp/ccGoskYi.s 			page 60


1122:Drivers/STM32F4xx_HAL_Driver/Src/stm32f4xx_hal_dma.c ****   *              the configuration information for the specified DMA Stream.
1123:Drivers/STM32F4xx_HAL_Driver/Src/stm32f4xx_hal_dma.c ****   * @retval DMA Error Code
1124:Drivers/STM32F4xx_HAL_Driver/Src/stm32f4xx_hal_dma.c ****   */
1125:Drivers/STM32F4xx_HAL_Driver/Src/stm32f4xx_hal_dma.c **** uint32_t HAL_DMA_GetError(DMA_HandleTypeDef *hdma)
1126:Drivers/STM32F4xx_HAL_Driver/Src/stm32f4xx_hal_dma.c **** {
 2247              		.loc 1 1126 1
 2248              		.cfi_startproc
 2249              		@ args = 0, pretend = 0, frame = 8
 2250              		@ frame_needed = 1, uses_anonymous_args = 0
 2251              		@ link register save eliminated.
 2252 0000 80B4     		push	{r7}
 2253              	.LCFI59:
 2254              		.cfi_def_cfa_offset 4
 2255              		.cfi_offset 7, -4
 2256 0002 83B0     		sub	sp, sp, #12
 2257              	.LCFI60:
 2258              		.cfi_def_cfa_offset 16
 2259 0004 00AF     		add	r7, sp, #0
 2260              	.LCFI61:
 2261              		.cfi_def_cfa_register 7
 2262 0006 7860     		str	r0, [r7, #4]
1127:Drivers/STM32F4xx_HAL_Driver/Src/stm32f4xx_hal_dma.c ****   return hdma->ErrorCode;
 2263              		.loc 1 1127 14
 2264 0008 7B68     		ldr	r3, [r7, #4]
 2265 000a 5B6D     		ldr	r3, [r3, #84]
1128:Drivers/STM32F4xx_HAL_Driver/Src/stm32f4xx_hal_dma.c **** }
 2266              		.loc 1 1128 1
 2267 000c 1846     		mov	r0, r3
 2268 000e 0C37     		adds	r7, r7, #12
 2269              	.LCFI62:
 2270              		.cfi_def_cfa_offset 4
 2271 0010 BD46     		mov	sp, r7
 2272              	.LCFI63:
 2273              		.cfi_def_cfa_register 13
 2274              		@ sp needed
 2275 0012 80BC     		pop	{r7}
 2276              	.LCFI64:
 2277              		.cfi_restore 7
 2278              		.cfi_def_cfa_offset 0
 2279 0014 7047     		bx	lr
 2280              		.cfi_endproc
 2281              	.LFE231:
 2283              		.section	.text.DMA_SetConfig,"ax",%progbits
 2284              		.align	1
 2285              		.syntax unified
 2286              		.thumb
 2287              		.thumb_func
 2289              	DMA_SetConfig:
 2290              	.LFB232:
1129:Drivers/STM32F4xx_HAL_Driver/Src/stm32f4xx_hal_dma.c **** 
1130:Drivers/STM32F4xx_HAL_Driver/Src/stm32f4xx_hal_dma.c **** /**
1131:Drivers/STM32F4xx_HAL_Driver/Src/stm32f4xx_hal_dma.c ****   * @}
1132:Drivers/STM32F4xx_HAL_Driver/Src/stm32f4xx_hal_dma.c ****   */
1133:Drivers/STM32F4xx_HAL_Driver/Src/stm32f4xx_hal_dma.c **** 
1134:Drivers/STM32F4xx_HAL_Driver/Src/stm32f4xx_hal_dma.c **** /**
1135:Drivers/STM32F4xx_HAL_Driver/Src/stm32f4xx_hal_dma.c ****   * @}
1136:Drivers/STM32F4xx_HAL_Driver/Src/stm32f4xx_hal_dma.c ****   */
ARM GAS  /tmp/ccGoskYi.s 			page 61


1137:Drivers/STM32F4xx_HAL_Driver/Src/stm32f4xx_hal_dma.c **** 
1138:Drivers/STM32F4xx_HAL_Driver/Src/stm32f4xx_hal_dma.c **** /** @addtogroup DMA_Private_Functions
1139:Drivers/STM32F4xx_HAL_Driver/Src/stm32f4xx_hal_dma.c ****   * @{
1140:Drivers/STM32F4xx_HAL_Driver/Src/stm32f4xx_hal_dma.c ****   */
1141:Drivers/STM32F4xx_HAL_Driver/Src/stm32f4xx_hal_dma.c **** 
1142:Drivers/STM32F4xx_HAL_Driver/Src/stm32f4xx_hal_dma.c **** /**
1143:Drivers/STM32F4xx_HAL_Driver/Src/stm32f4xx_hal_dma.c ****   * @brief  Sets the DMA Transfer parameter.
1144:Drivers/STM32F4xx_HAL_Driver/Src/stm32f4xx_hal_dma.c ****   * @param  hdma       pointer to a DMA_HandleTypeDef structure that contains
1145:Drivers/STM32F4xx_HAL_Driver/Src/stm32f4xx_hal_dma.c ****   *                     the configuration information for the specified DMA Stream.
1146:Drivers/STM32F4xx_HAL_Driver/Src/stm32f4xx_hal_dma.c ****   * @param  SrcAddress The source memory Buffer address
1147:Drivers/STM32F4xx_HAL_Driver/Src/stm32f4xx_hal_dma.c ****   * @param  DstAddress The destination memory Buffer address
1148:Drivers/STM32F4xx_HAL_Driver/Src/stm32f4xx_hal_dma.c ****   * @param  DataLength The length of data to be transferred from source to destination
1149:Drivers/STM32F4xx_HAL_Driver/Src/stm32f4xx_hal_dma.c ****   * @retval HAL status
1150:Drivers/STM32F4xx_HAL_Driver/Src/stm32f4xx_hal_dma.c ****   */
1151:Drivers/STM32F4xx_HAL_Driver/Src/stm32f4xx_hal_dma.c **** static void DMA_SetConfig(DMA_HandleTypeDef *hdma, uint32_t SrcAddress, uint32_t DstAddress, uint32
1152:Drivers/STM32F4xx_HAL_Driver/Src/stm32f4xx_hal_dma.c **** {
 2291              		.loc 1 1152 1
 2292              		.cfi_startproc
 2293              		@ args = 0, pretend = 0, frame = 16
 2294              		@ frame_needed = 1, uses_anonymous_args = 0
 2295              		@ link register save eliminated.
 2296 0000 80B4     		push	{r7}
 2297              	.LCFI65:
 2298              		.cfi_def_cfa_offset 4
 2299              		.cfi_offset 7, -4
 2300 0002 85B0     		sub	sp, sp, #20
 2301              	.LCFI66:
 2302              		.cfi_def_cfa_offset 24
 2303 0004 00AF     		add	r7, sp, #0
 2304              	.LCFI67:
 2305              		.cfi_def_cfa_register 7
 2306 0006 F860     		str	r0, [r7, #12]
 2307 0008 B960     		str	r1, [r7, #8]
 2308 000a 7A60     		str	r2, [r7, #4]
 2309 000c 3B60     		str	r3, [r7]
1153:Drivers/STM32F4xx_HAL_Driver/Src/stm32f4xx_hal_dma.c ****   /* Clear DBM bit */
1154:Drivers/STM32F4xx_HAL_Driver/Src/stm32f4xx_hal_dma.c ****   hdma->Instance->CR &= (uint32_t)(~DMA_SxCR_DBM);
 2310              		.loc 1 1154 7
 2311 000e FB68     		ldr	r3, [r7, #12]
 2312 0010 1B68     		ldr	r3, [r3]
 2313              		.loc 1 1154 17
 2314 0012 1A68     		ldr	r2, [r3]
 2315              		.loc 1 1154 7
 2316 0014 FB68     		ldr	r3, [r7, #12]
 2317 0016 1B68     		ldr	r3, [r3]
 2318              		.loc 1 1154 22
 2319 0018 22F48022 		bic	r2, r2, #262144
 2320 001c 1A60     		str	r2, [r3]
1155:Drivers/STM32F4xx_HAL_Driver/Src/stm32f4xx_hal_dma.c **** 
1156:Drivers/STM32F4xx_HAL_Driver/Src/stm32f4xx_hal_dma.c ****   /* Configure DMA Stream data length */
1157:Drivers/STM32F4xx_HAL_Driver/Src/stm32f4xx_hal_dma.c ****   hdma->Instance->NDTR = DataLength;
 2321              		.loc 1 1157 7
 2322 001e FB68     		ldr	r3, [r7, #12]
 2323 0020 1B68     		ldr	r3, [r3]
 2324              		.loc 1 1157 24
 2325 0022 3A68     		ldr	r2, [r7]
 2326 0024 5A60     		str	r2, [r3, #4]
ARM GAS  /tmp/ccGoskYi.s 			page 62


1158:Drivers/STM32F4xx_HAL_Driver/Src/stm32f4xx_hal_dma.c **** 
1159:Drivers/STM32F4xx_HAL_Driver/Src/stm32f4xx_hal_dma.c ****   /* Memory to Peripheral */
1160:Drivers/STM32F4xx_HAL_Driver/Src/stm32f4xx_hal_dma.c ****   if((hdma->Init.Direction) == DMA_MEMORY_TO_PERIPH)
 2327              		.loc 1 1160 17
 2328 0026 FB68     		ldr	r3, [r7, #12]
 2329 0028 9B68     		ldr	r3, [r3, #8]
 2330              		.loc 1 1160 5
 2331 002a 402B     		cmp	r3, #64
 2332 002c 08D1     		bne	.L109
1161:Drivers/STM32F4xx_HAL_Driver/Src/stm32f4xx_hal_dma.c ****   {
1162:Drivers/STM32F4xx_HAL_Driver/Src/stm32f4xx_hal_dma.c ****     /* Configure DMA Stream destination address */
1163:Drivers/STM32F4xx_HAL_Driver/Src/stm32f4xx_hal_dma.c ****     hdma->Instance->PAR = DstAddress;
 2333              		.loc 1 1163 9
 2334 002e FB68     		ldr	r3, [r7, #12]
 2335 0030 1B68     		ldr	r3, [r3]
 2336              		.loc 1 1163 25
 2337 0032 7A68     		ldr	r2, [r7, #4]
 2338 0034 9A60     		str	r2, [r3, #8]
1164:Drivers/STM32F4xx_HAL_Driver/Src/stm32f4xx_hal_dma.c **** 
1165:Drivers/STM32F4xx_HAL_Driver/Src/stm32f4xx_hal_dma.c ****     /* Configure DMA Stream source address */
1166:Drivers/STM32F4xx_HAL_Driver/Src/stm32f4xx_hal_dma.c ****     hdma->Instance->M0AR = SrcAddress;
 2339              		.loc 1 1166 9
 2340 0036 FB68     		ldr	r3, [r7, #12]
 2341 0038 1B68     		ldr	r3, [r3]
 2342              		.loc 1 1166 26
 2343 003a BA68     		ldr	r2, [r7, #8]
 2344 003c DA60     		str	r2, [r3, #12]
1167:Drivers/STM32F4xx_HAL_Driver/Src/stm32f4xx_hal_dma.c ****   }
1168:Drivers/STM32F4xx_HAL_Driver/Src/stm32f4xx_hal_dma.c ****   /* Peripheral to Memory */
1169:Drivers/STM32F4xx_HAL_Driver/Src/stm32f4xx_hal_dma.c ****   else
1170:Drivers/STM32F4xx_HAL_Driver/Src/stm32f4xx_hal_dma.c ****   {
1171:Drivers/STM32F4xx_HAL_Driver/Src/stm32f4xx_hal_dma.c ****     /* Configure DMA Stream source address */
1172:Drivers/STM32F4xx_HAL_Driver/Src/stm32f4xx_hal_dma.c ****     hdma->Instance->PAR = SrcAddress;
1173:Drivers/STM32F4xx_HAL_Driver/Src/stm32f4xx_hal_dma.c **** 
1174:Drivers/STM32F4xx_HAL_Driver/Src/stm32f4xx_hal_dma.c ****     /* Configure DMA Stream destination address */
1175:Drivers/STM32F4xx_HAL_Driver/Src/stm32f4xx_hal_dma.c ****     hdma->Instance->M0AR = DstAddress;
1176:Drivers/STM32F4xx_HAL_Driver/Src/stm32f4xx_hal_dma.c ****   }
1177:Drivers/STM32F4xx_HAL_Driver/Src/stm32f4xx_hal_dma.c **** }
 2345              		.loc 1 1177 1
 2346 003e 07E0     		b	.L111
 2347              	.L109:
1172:Drivers/STM32F4xx_HAL_Driver/Src/stm32f4xx_hal_dma.c **** 
 2348              		.loc 1 1172 9
 2349 0040 FB68     		ldr	r3, [r7, #12]
 2350 0042 1B68     		ldr	r3, [r3]
1172:Drivers/STM32F4xx_HAL_Driver/Src/stm32f4xx_hal_dma.c **** 
 2351              		.loc 1 1172 25
 2352 0044 BA68     		ldr	r2, [r7, #8]
 2353 0046 9A60     		str	r2, [r3, #8]
1175:Drivers/STM32F4xx_HAL_Driver/Src/stm32f4xx_hal_dma.c ****   }
 2354              		.loc 1 1175 9
 2355 0048 FB68     		ldr	r3, [r7, #12]
 2356 004a 1B68     		ldr	r3, [r3]
1175:Drivers/STM32F4xx_HAL_Driver/Src/stm32f4xx_hal_dma.c ****   }
 2357              		.loc 1 1175 26
 2358 004c 7A68     		ldr	r2, [r7, #4]
 2359 004e DA60     		str	r2, [r3, #12]
ARM GAS  /tmp/ccGoskYi.s 			page 63


 2360              	.L111:
 2361              		.loc 1 1177 1
 2362 0050 00BF     		nop
 2363 0052 1437     		adds	r7, r7, #20
 2364              	.LCFI68:
 2365              		.cfi_def_cfa_offset 4
 2366 0054 BD46     		mov	sp, r7
 2367              	.LCFI69:
 2368              		.cfi_def_cfa_register 13
 2369              		@ sp needed
 2370 0056 80BC     		pop	{r7}
 2371              	.LCFI70:
 2372              		.cfi_restore 7
 2373              		.cfi_def_cfa_offset 0
 2374 0058 7047     		bx	lr
 2375              		.cfi_endproc
 2376              	.LFE232:
 2378              		.section	.text.DMA_CalcBaseAndBitshift,"ax",%progbits
 2379              		.align	1
 2380              		.syntax unified
 2381              		.thumb
 2382              		.thumb_func
 2384              	DMA_CalcBaseAndBitshift:
 2385              	.LFB233:
1178:Drivers/STM32F4xx_HAL_Driver/Src/stm32f4xx_hal_dma.c **** 
1179:Drivers/STM32F4xx_HAL_Driver/Src/stm32f4xx_hal_dma.c **** /**
1180:Drivers/STM32F4xx_HAL_Driver/Src/stm32f4xx_hal_dma.c ****   * @brief  Returns the DMA Stream base address depending on stream number
1181:Drivers/STM32F4xx_HAL_Driver/Src/stm32f4xx_hal_dma.c ****   * @param  hdma       pointer to a DMA_HandleTypeDef structure that contains
1182:Drivers/STM32F4xx_HAL_Driver/Src/stm32f4xx_hal_dma.c ****   *                     the configuration information for the specified DMA Stream. 
1183:Drivers/STM32F4xx_HAL_Driver/Src/stm32f4xx_hal_dma.c ****   * @retval Stream base address
1184:Drivers/STM32F4xx_HAL_Driver/Src/stm32f4xx_hal_dma.c ****   */
1185:Drivers/STM32F4xx_HAL_Driver/Src/stm32f4xx_hal_dma.c **** static uint32_t DMA_CalcBaseAndBitshift(DMA_HandleTypeDef *hdma)
1186:Drivers/STM32F4xx_HAL_Driver/Src/stm32f4xx_hal_dma.c **** {
 2386              		.loc 1 1186 1
 2387              		.cfi_startproc
 2388              		@ args = 0, pretend = 0, frame = 16
 2389              		@ frame_needed = 1, uses_anonymous_args = 0
 2390              		@ link register save eliminated.
 2391 0000 80B4     		push	{r7}
 2392              	.LCFI71:
 2393              		.cfi_def_cfa_offset 4
 2394              		.cfi_offset 7, -4
 2395 0002 85B0     		sub	sp, sp, #20
 2396              	.LCFI72:
 2397              		.cfi_def_cfa_offset 24
 2398 0004 00AF     		add	r7, sp, #0
 2399              	.LCFI73:
 2400              		.cfi_def_cfa_register 7
 2401 0006 7860     		str	r0, [r7, #4]
1187:Drivers/STM32F4xx_HAL_Driver/Src/stm32f4xx_hal_dma.c ****   uint32_t stream_number = (((uint32_t)hdma->Instance & 0xFFU) - 16U) / 24U;
 2402              		.loc 1 1187 44
 2403 0008 7B68     		ldr	r3, [r7, #4]
 2404 000a 1B68     		ldr	r3, [r3]
 2405              		.loc 1 1187 55
 2406 000c DBB2     		uxtb	r3, r3
 2407              		.loc 1 1187 64
 2408 000e 103B     		subs	r3, r3, #16
ARM GAS  /tmp/ccGoskYi.s 			page 64


 2409              		.loc 1 1187 12
 2410 0010 134A     		ldr	r2, .L116
 2411 0012 A2FB0323 		umull	r2, r3, r2, r3
 2412 0016 1B09     		lsrs	r3, r3, #4
 2413 0018 FB60     		str	r3, [r7, #12]
1188:Drivers/STM32F4xx_HAL_Driver/Src/stm32f4xx_hal_dma.c ****   
1189:Drivers/STM32F4xx_HAL_Driver/Src/stm32f4xx_hal_dma.c ****   /* lookup table for necessary bitshift of flags within status registers */
1190:Drivers/STM32F4xx_HAL_Driver/Src/stm32f4xx_hal_dma.c ****   static const uint8_t flagBitshiftOffset[8U] = {0U, 6U, 16U, 22U, 0U, 6U, 16U, 22U};
1191:Drivers/STM32F4xx_HAL_Driver/Src/stm32f4xx_hal_dma.c ****   hdma->StreamIndex = flagBitshiftOffset[stream_number];
 2414              		.loc 1 1191 41
 2415 001a 124A     		ldr	r2, .L116+4
 2416 001c FB68     		ldr	r3, [r7, #12]
 2417 001e 1344     		add	r3, r3, r2
 2418 0020 1B78     		ldrb	r3, [r3]	@ zero_extendqisi2
 2419 0022 1A46     		mov	r2, r3
 2420              		.loc 1 1191 21
 2421 0024 7B68     		ldr	r3, [r7, #4]
 2422 0026 DA65     		str	r2, [r3, #92]
1192:Drivers/STM32F4xx_HAL_Driver/Src/stm32f4xx_hal_dma.c ****   
1193:Drivers/STM32F4xx_HAL_Driver/Src/stm32f4xx_hal_dma.c ****   if (stream_number > 3U)
 2423              		.loc 1 1193 6
 2424 0028 FB68     		ldr	r3, [r7, #12]
 2425 002a 032B     		cmp	r3, #3
 2426 002c 09D9     		bls	.L113
1194:Drivers/STM32F4xx_HAL_Driver/Src/stm32f4xx_hal_dma.c ****   {
1195:Drivers/STM32F4xx_HAL_Driver/Src/stm32f4xx_hal_dma.c ****     /* return pointer to HISR and HIFCR */
1196:Drivers/STM32F4xx_HAL_Driver/Src/stm32f4xx_hal_dma.c ****     hdma->StreamBaseAddress = (((uint32_t)hdma->Instance & (uint32_t)(~0x3FFU)) + 4U);
 2427              		.loc 1 1196 47
 2428 002e 7B68     		ldr	r3, [r7, #4]
 2429 0030 1B68     		ldr	r3, [r3]
 2430              		.loc 1 1196 58
 2431 0032 23F47F73 		bic	r3, r3, #1020
 2432 0036 23F00303 		bic	r3, r3, #3
 2433              		.loc 1 1196 81
 2434 003a 1A1D     		adds	r2, r3, #4
 2435              		.loc 1 1196 29
 2436 003c 7B68     		ldr	r3, [r7, #4]
 2437 003e 9A65     		str	r2, [r3, #88]
 2438 0040 07E0     		b	.L114
 2439              	.L113:
1197:Drivers/STM32F4xx_HAL_Driver/Src/stm32f4xx_hal_dma.c ****   }
1198:Drivers/STM32F4xx_HAL_Driver/Src/stm32f4xx_hal_dma.c ****   else
1199:Drivers/STM32F4xx_HAL_Driver/Src/stm32f4xx_hal_dma.c ****   {
1200:Drivers/STM32F4xx_HAL_Driver/Src/stm32f4xx_hal_dma.c ****     /* return pointer to LISR and LIFCR */
1201:Drivers/STM32F4xx_HAL_Driver/Src/stm32f4xx_hal_dma.c ****     hdma->StreamBaseAddress = ((uint32_t)hdma->Instance & (uint32_t)(~0x3FFU));
 2440              		.loc 1 1201 46
 2441 0042 7B68     		ldr	r3, [r7, #4]
 2442 0044 1B68     		ldr	r3, [r3]
 2443              		.loc 1 1201 57
 2444 0046 23F47F73 		bic	r3, r3, #1020
 2445 004a 23F00303 		bic	r3, r3, #3
 2446              		.loc 1 1201 29
 2447 004e 7A68     		ldr	r2, [r7, #4]
 2448 0050 9365     		str	r3, [r2, #88]
 2449              	.L114:
1202:Drivers/STM32F4xx_HAL_Driver/Src/stm32f4xx_hal_dma.c ****   }
1203:Drivers/STM32F4xx_HAL_Driver/Src/stm32f4xx_hal_dma.c ****   
ARM GAS  /tmp/ccGoskYi.s 			page 65


1204:Drivers/STM32F4xx_HAL_Driver/Src/stm32f4xx_hal_dma.c ****   return hdma->StreamBaseAddress;
 2450              		.loc 1 1204 14
 2451 0052 7B68     		ldr	r3, [r7, #4]
 2452 0054 9B6D     		ldr	r3, [r3, #88]
1205:Drivers/STM32F4xx_HAL_Driver/Src/stm32f4xx_hal_dma.c **** }
 2453              		.loc 1 1205 1
 2454 0056 1846     		mov	r0, r3
 2455 0058 1437     		adds	r7, r7, #20
 2456              	.LCFI74:
 2457              		.cfi_def_cfa_offset 4
 2458 005a BD46     		mov	sp, r7
 2459              	.LCFI75:
 2460              		.cfi_def_cfa_register 13
 2461              		@ sp needed
 2462 005c 80BC     		pop	{r7}
 2463              	.LCFI76:
 2464              		.cfi_restore 7
 2465              		.cfi_def_cfa_offset 0
 2466 005e 7047     		bx	lr
 2467              	.L117:
 2468              		.align	2
 2469              	.L116:
 2470 0060 ABAAAAAA 		.word	-1431655765
 2471 0064 00000000 		.word	flagBitshiftOffset.0
 2472              		.cfi_endproc
 2473              	.LFE233:
 2475              		.section	.text.DMA_CheckFifoParam,"ax",%progbits
 2476              		.align	1
 2477              		.syntax unified
 2478              		.thumb
 2479              		.thumb_func
 2481              	DMA_CheckFifoParam:
 2482              	.LFB234:
1206:Drivers/STM32F4xx_HAL_Driver/Src/stm32f4xx_hal_dma.c **** 
1207:Drivers/STM32F4xx_HAL_Driver/Src/stm32f4xx_hal_dma.c **** /**
1208:Drivers/STM32F4xx_HAL_Driver/Src/stm32f4xx_hal_dma.c ****   * @brief  Check compatibility between FIFO threshold level and size of the memory burst
1209:Drivers/STM32F4xx_HAL_Driver/Src/stm32f4xx_hal_dma.c ****   * @param  hdma       pointer to a DMA_HandleTypeDef structure that contains
1210:Drivers/STM32F4xx_HAL_Driver/Src/stm32f4xx_hal_dma.c ****   *                     the configuration information for the specified DMA Stream. 
1211:Drivers/STM32F4xx_HAL_Driver/Src/stm32f4xx_hal_dma.c ****   * @retval HAL status
1212:Drivers/STM32F4xx_HAL_Driver/Src/stm32f4xx_hal_dma.c ****   */
1213:Drivers/STM32F4xx_HAL_Driver/Src/stm32f4xx_hal_dma.c **** static HAL_StatusTypeDef DMA_CheckFifoParam(DMA_HandleTypeDef *hdma)
1214:Drivers/STM32F4xx_HAL_Driver/Src/stm32f4xx_hal_dma.c **** {
 2483              		.loc 1 1214 1
 2484              		.cfi_startproc
 2485              		@ args = 0, pretend = 0, frame = 16
 2486              		@ frame_needed = 1, uses_anonymous_args = 0
 2487              		@ link register save eliminated.
 2488 0000 80B4     		push	{r7}
 2489              	.LCFI77:
 2490              		.cfi_def_cfa_offset 4
 2491              		.cfi_offset 7, -4
 2492 0002 85B0     		sub	sp, sp, #20
 2493              	.LCFI78:
 2494              		.cfi_def_cfa_offset 24
 2495 0004 00AF     		add	r7, sp, #0
 2496              	.LCFI79:
 2497              		.cfi_def_cfa_register 7
ARM GAS  /tmp/ccGoskYi.s 			page 66


 2498 0006 7860     		str	r0, [r7, #4]
1215:Drivers/STM32F4xx_HAL_Driver/Src/stm32f4xx_hal_dma.c ****   HAL_StatusTypeDef status = HAL_OK;
 2499              		.loc 1 1215 21
 2500 0008 0023     		movs	r3, #0
 2501 000a FB73     		strb	r3, [r7, #15]
1216:Drivers/STM32F4xx_HAL_Driver/Src/stm32f4xx_hal_dma.c ****   uint32_t tmp = hdma->Init.FIFOThreshold;
 2502              		.loc 1 1216 12
 2503 000c 7B68     		ldr	r3, [r7, #4]
 2504 000e 9B6A     		ldr	r3, [r3, #40]
 2505 0010 BB60     		str	r3, [r7, #8]
1217:Drivers/STM32F4xx_HAL_Driver/Src/stm32f4xx_hal_dma.c ****   
1218:Drivers/STM32F4xx_HAL_Driver/Src/stm32f4xx_hal_dma.c ****   /* Memory Data size equal to Byte */
1219:Drivers/STM32F4xx_HAL_Driver/Src/stm32f4xx_hal_dma.c ****   if(hdma->Init.MemDataAlignment == DMA_MDATAALIGN_BYTE)
 2506              		.loc 1 1219 16
 2507 0012 7B68     		ldr	r3, [r7, #4]
 2508 0014 9B69     		ldr	r3, [r3, #24]
 2509              		.loc 1 1219 5
 2510 0016 002B     		cmp	r3, #0
 2511 0018 23D1     		bne	.L119
1220:Drivers/STM32F4xx_HAL_Driver/Src/stm32f4xx_hal_dma.c ****   {
1221:Drivers/STM32F4xx_HAL_Driver/Src/stm32f4xx_hal_dma.c ****     switch (tmp)
 2512              		.loc 1 1221 5
 2513 001a BB68     		ldr	r3, [r7, #8]
 2514 001c 032B     		cmp	r3, #3
 2515 001e 5FD0     		beq	.L141
 2516 0020 BB68     		ldr	r3, [r7, #8]
 2517 0022 032B     		cmp	r3, #3
 2518 0024 5ED8     		bhi	.L142
 2519 0026 BB68     		ldr	r3, [r7, #8]
 2520 0028 022B     		cmp	r3, #2
 2521 002a 09D0     		beq	.L122
 2522 002c BB68     		ldr	r3, [r7, #8]
 2523 002e 022B     		cmp	r3, #2
 2524 0030 58D8     		bhi	.L142
 2525 0032 BB68     		ldr	r3, [r7, #8]
 2526 0034 002B     		cmp	r3, #0
 2527 0036 03D0     		beq	.L122
 2528 0038 BB68     		ldr	r3, [r7, #8]
 2529 003a 012B     		cmp	r3, #1
 2530 003c 09D0     		beq	.L123
1222:Drivers/STM32F4xx_HAL_Driver/Src/stm32f4xx_hal_dma.c ****     {
1223:Drivers/STM32F4xx_HAL_Driver/Src/stm32f4xx_hal_dma.c ****     case DMA_FIFO_THRESHOLD_1QUARTERFULL:
1224:Drivers/STM32F4xx_HAL_Driver/Src/stm32f4xx_hal_dma.c ****     case DMA_FIFO_THRESHOLD_3QUARTERSFULL:
1225:Drivers/STM32F4xx_HAL_Driver/Src/stm32f4xx_hal_dma.c ****       if ((hdma->Init.MemBurst & DMA_SxCR_MBURST_1) == DMA_SxCR_MBURST_1)
1226:Drivers/STM32F4xx_HAL_Driver/Src/stm32f4xx_hal_dma.c ****       {
1227:Drivers/STM32F4xx_HAL_Driver/Src/stm32f4xx_hal_dma.c ****         status = HAL_ERROR;
1228:Drivers/STM32F4xx_HAL_Driver/Src/stm32f4xx_hal_dma.c ****       }
1229:Drivers/STM32F4xx_HAL_Driver/Src/stm32f4xx_hal_dma.c ****       break;
1230:Drivers/STM32F4xx_HAL_Driver/Src/stm32f4xx_hal_dma.c ****     case DMA_FIFO_THRESHOLD_HALFFULL:
1231:Drivers/STM32F4xx_HAL_Driver/Src/stm32f4xx_hal_dma.c ****       if (hdma->Init.MemBurst == DMA_MBURST_INC16)
1232:Drivers/STM32F4xx_HAL_Driver/Src/stm32f4xx_hal_dma.c ****       {
1233:Drivers/STM32F4xx_HAL_Driver/Src/stm32f4xx_hal_dma.c ****         status = HAL_ERROR;
1234:Drivers/STM32F4xx_HAL_Driver/Src/stm32f4xx_hal_dma.c ****       }
1235:Drivers/STM32F4xx_HAL_Driver/Src/stm32f4xx_hal_dma.c ****       break;
1236:Drivers/STM32F4xx_HAL_Driver/Src/stm32f4xx_hal_dma.c ****     case DMA_FIFO_THRESHOLD_FULL:
1237:Drivers/STM32F4xx_HAL_Driver/Src/stm32f4xx_hal_dma.c ****       break;
1238:Drivers/STM32F4xx_HAL_Driver/Src/stm32f4xx_hal_dma.c ****     default:
ARM GAS  /tmp/ccGoskYi.s 			page 67


1239:Drivers/STM32F4xx_HAL_Driver/Src/stm32f4xx_hal_dma.c ****       break;
 2531              		.loc 1 1239 7
 2532 003e 51E0     		b	.L142
 2533              	.L122:
1225:Drivers/STM32F4xx_HAL_Driver/Src/stm32f4xx_hal_dma.c ****       {
 2534              		.loc 1 1225 22
 2535 0040 7B68     		ldr	r3, [r7, #4]
 2536 0042 DB6A     		ldr	r3, [r3, #44]
1225:Drivers/STM32F4xx_HAL_Driver/Src/stm32f4xx_hal_dma.c ****       {
 2537              		.loc 1 1225 32
 2538 0044 03F08073 		and	r3, r3, #16777216
1225:Drivers/STM32F4xx_HAL_Driver/Src/stm32f4xx_hal_dma.c ****       {
 2539              		.loc 1 1225 10
 2540 0048 002B     		cmp	r3, #0
 2541 004a 4DD0     		beq	.L143
1227:Drivers/STM32F4xx_HAL_Driver/Src/stm32f4xx_hal_dma.c ****       }
 2542              		.loc 1 1227 16
 2543 004c 0123     		movs	r3, #1
 2544 004e FB73     		strb	r3, [r7, #15]
1229:Drivers/STM32F4xx_HAL_Driver/Src/stm32f4xx_hal_dma.c ****     case DMA_FIFO_THRESHOLD_HALFFULL:
 2545              		.loc 1 1229 7
 2546 0050 4AE0     		b	.L143
 2547              	.L123:
1231:Drivers/STM32F4xx_HAL_Driver/Src/stm32f4xx_hal_dma.c ****       {
 2548              		.loc 1 1231 21
 2549 0052 7B68     		ldr	r3, [r7, #4]
 2550 0054 DB6A     		ldr	r3, [r3, #44]
1231:Drivers/STM32F4xx_HAL_Driver/Src/stm32f4xx_hal_dma.c ****       {
 2551              		.loc 1 1231 10
 2552 0056 B3F1C07F 		cmp	r3, #25165824
 2553 005a 47D1     		bne	.L144
1233:Drivers/STM32F4xx_HAL_Driver/Src/stm32f4xx_hal_dma.c ****       }
 2554              		.loc 1 1233 16
 2555 005c 0123     		movs	r3, #1
 2556 005e FB73     		strb	r3, [r7, #15]
1235:Drivers/STM32F4xx_HAL_Driver/Src/stm32f4xx_hal_dma.c ****     case DMA_FIFO_THRESHOLD_FULL:
 2557              		.loc 1 1235 7
 2558 0060 44E0     		b	.L144
 2559              	.L119:
1240:Drivers/STM32F4xx_HAL_Driver/Src/stm32f4xx_hal_dma.c ****     }
1241:Drivers/STM32F4xx_HAL_Driver/Src/stm32f4xx_hal_dma.c ****   }
1242:Drivers/STM32F4xx_HAL_Driver/Src/stm32f4xx_hal_dma.c ****   
1243:Drivers/STM32F4xx_HAL_Driver/Src/stm32f4xx_hal_dma.c ****   /* Memory Data size equal to Half-Word */
1244:Drivers/STM32F4xx_HAL_Driver/Src/stm32f4xx_hal_dma.c ****   else if (hdma->Init.MemDataAlignment == DMA_MDATAALIGN_HALFWORD)
 2560              		.loc 1 1244 22
 2561 0062 7B68     		ldr	r3, [r7, #4]
 2562 0064 9B69     		ldr	r3, [r3, #24]
 2563              		.loc 1 1244 11
 2564 0066 B3F5005F 		cmp	r3, #8192
 2565 006a 26D1     		bne	.L128
1245:Drivers/STM32F4xx_HAL_Driver/Src/stm32f4xx_hal_dma.c ****   {
1246:Drivers/STM32F4xx_HAL_Driver/Src/stm32f4xx_hal_dma.c ****     switch (tmp)
 2566              		.loc 1 1246 5
 2567 006c BB68     		ldr	r3, [r7, #8]
 2568 006e 032B     		cmp	r3, #3
 2569 0070 1BD0     		beq	.L129
 2570 0072 BB68     		ldr	r3, [r7, #8]
ARM GAS  /tmp/ccGoskYi.s 			page 68


 2571 0074 032B     		cmp	r3, #3
 2572 0076 3BD8     		bhi	.L145
 2573 0078 BB68     		ldr	r3, [r7, #8]
 2574 007a 022B     		cmp	r3, #2
 2575 007c 09D0     		beq	.L131
 2576 007e BB68     		ldr	r3, [r7, #8]
 2577 0080 022B     		cmp	r3, #2
 2578 0082 35D8     		bhi	.L145
 2579 0084 BB68     		ldr	r3, [r7, #8]
 2580 0086 002B     		cmp	r3, #0
 2581 0088 03D0     		beq	.L131
 2582 008a BB68     		ldr	r3, [r7, #8]
 2583 008c 012B     		cmp	r3, #1
 2584 008e 03D0     		beq	.L132
1247:Drivers/STM32F4xx_HAL_Driver/Src/stm32f4xx_hal_dma.c ****     {
1248:Drivers/STM32F4xx_HAL_Driver/Src/stm32f4xx_hal_dma.c ****     case DMA_FIFO_THRESHOLD_1QUARTERFULL:
1249:Drivers/STM32F4xx_HAL_Driver/Src/stm32f4xx_hal_dma.c ****     case DMA_FIFO_THRESHOLD_3QUARTERSFULL:
1250:Drivers/STM32F4xx_HAL_Driver/Src/stm32f4xx_hal_dma.c ****       status = HAL_ERROR;
1251:Drivers/STM32F4xx_HAL_Driver/Src/stm32f4xx_hal_dma.c ****       break;
1252:Drivers/STM32F4xx_HAL_Driver/Src/stm32f4xx_hal_dma.c ****     case DMA_FIFO_THRESHOLD_HALFFULL:
1253:Drivers/STM32F4xx_HAL_Driver/Src/stm32f4xx_hal_dma.c ****       if ((hdma->Init.MemBurst & DMA_SxCR_MBURST_1) == DMA_SxCR_MBURST_1)
1254:Drivers/STM32F4xx_HAL_Driver/Src/stm32f4xx_hal_dma.c ****       {
1255:Drivers/STM32F4xx_HAL_Driver/Src/stm32f4xx_hal_dma.c ****         status = HAL_ERROR;
1256:Drivers/STM32F4xx_HAL_Driver/Src/stm32f4xx_hal_dma.c ****       }
1257:Drivers/STM32F4xx_HAL_Driver/Src/stm32f4xx_hal_dma.c ****       break;
1258:Drivers/STM32F4xx_HAL_Driver/Src/stm32f4xx_hal_dma.c ****     case DMA_FIFO_THRESHOLD_FULL:
1259:Drivers/STM32F4xx_HAL_Driver/Src/stm32f4xx_hal_dma.c ****       if (hdma->Init.MemBurst == DMA_MBURST_INC16)
1260:Drivers/STM32F4xx_HAL_Driver/Src/stm32f4xx_hal_dma.c ****       {
1261:Drivers/STM32F4xx_HAL_Driver/Src/stm32f4xx_hal_dma.c ****         status = HAL_ERROR;
1262:Drivers/STM32F4xx_HAL_Driver/Src/stm32f4xx_hal_dma.c ****       }
1263:Drivers/STM32F4xx_HAL_Driver/Src/stm32f4xx_hal_dma.c ****       break;   
1264:Drivers/STM32F4xx_HAL_Driver/Src/stm32f4xx_hal_dma.c ****     default:
1265:Drivers/STM32F4xx_HAL_Driver/Src/stm32f4xx_hal_dma.c ****       break;
 2585              		.loc 1 1265 7
 2586 0090 2EE0     		b	.L145
 2587              	.L131:
1250:Drivers/STM32F4xx_HAL_Driver/Src/stm32f4xx_hal_dma.c ****       break;
 2588              		.loc 1 1250 14
 2589 0092 0123     		movs	r3, #1
 2590 0094 FB73     		strb	r3, [r7, #15]
1251:Drivers/STM32F4xx_HAL_Driver/Src/stm32f4xx_hal_dma.c ****     case DMA_FIFO_THRESHOLD_HALFFULL:
 2591              		.loc 1 1251 7
 2592 0096 32E0     		b	.L127
 2593              	.L132:
1253:Drivers/STM32F4xx_HAL_Driver/Src/stm32f4xx_hal_dma.c ****       {
 2594              		.loc 1 1253 22
 2595 0098 7B68     		ldr	r3, [r7, #4]
 2596 009a DB6A     		ldr	r3, [r3, #44]
1253:Drivers/STM32F4xx_HAL_Driver/Src/stm32f4xx_hal_dma.c ****       {
 2597              		.loc 1 1253 32
 2598 009c 03F08073 		and	r3, r3, #16777216
1253:Drivers/STM32F4xx_HAL_Driver/Src/stm32f4xx_hal_dma.c ****       {
 2599              		.loc 1 1253 10
 2600 00a0 002B     		cmp	r3, #0
 2601 00a2 27D0     		beq	.L146
1255:Drivers/STM32F4xx_HAL_Driver/Src/stm32f4xx_hal_dma.c ****       }
 2602              		.loc 1 1255 16
ARM GAS  /tmp/ccGoskYi.s 			page 69


 2603 00a4 0123     		movs	r3, #1
 2604 00a6 FB73     		strb	r3, [r7, #15]
1257:Drivers/STM32F4xx_HAL_Driver/Src/stm32f4xx_hal_dma.c ****     case DMA_FIFO_THRESHOLD_FULL:
 2605              		.loc 1 1257 7
 2606 00a8 24E0     		b	.L146
 2607              	.L129:
1259:Drivers/STM32F4xx_HAL_Driver/Src/stm32f4xx_hal_dma.c ****       {
 2608              		.loc 1 1259 21
 2609 00aa 7B68     		ldr	r3, [r7, #4]
 2610 00ac DB6A     		ldr	r3, [r3, #44]
1259:Drivers/STM32F4xx_HAL_Driver/Src/stm32f4xx_hal_dma.c ****       {
 2611              		.loc 1 1259 10
 2612 00ae B3F1C07F 		cmp	r3, #25165824
 2613 00b2 21D1     		bne	.L147
1261:Drivers/STM32F4xx_HAL_Driver/Src/stm32f4xx_hal_dma.c ****       }
 2614              		.loc 1 1261 16
 2615 00b4 0123     		movs	r3, #1
 2616 00b6 FB73     		strb	r3, [r7, #15]
1263:Drivers/STM32F4xx_HAL_Driver/Src/stm32f4xx_hal_dma.c ****     default:
 2617              		.loc 1 1263 7
 2618 00b8 1EE0     		b	.L147
 2619              	.L128:
1266:Drivers/STM32F4xx_HAL_Driver/Src/stm32f4xx_hal_dma.c ****     }
1267:Drivers/STM32F4xx_HAL_Driver/Src/stm32f4xx_hal_dma.c ****   }
1268:Drivers/STM32F4xx_HAL_Driver/Src/stm32f4xx_hal_dma.c ****   
1269:Drivers/STM32F4xx_HAL_Driver/Src/stm32f4xx_hal_dma.c ****   /* Memory Data size equal to Word */
1270:Drivers/STM32F4xx_HAL_Driver/Src/stm32f4xx_hal_dma.c ****   else
1271:Drivers/STM32F4xx_HAL_Driver/Src/stm32f4xx_hal_dma.c ****   {
1272:Drivers/STM32F4xx_HAL_Driver/Src/stm32f4xx_hal_dma.c ****     switch (tmp)
 2620              		.loc 1 1272 5
 2621 00ba BB68     		ldr	r3, [r7, #8]
 2622 00bc 022B     		cmp	r3, #2
 2623 00be 03D9     		bls	.L136
 2624 00c0 BB68     		ldr	r3, [r7, #8]
 2625 00c2 032B     		cmp	r3, #3
 2626 00c4 03D0     		beq	.L137
1273:Drivers/STM32F4xx_HAL_Driver/Src/stm32f4xx_hal_dma.c ****     {
1274:Drivers/STM32F4xx_HAL_Driver/Src/stm32f4xx_hal_dma.c ****     case DMA_FIFO_THRESHOLD_1QUARTERFULL:
1275:Drivers/STM32F4xx_HAL_Driver/Src/stm32f4xx_hal_dma.c ****     case DMA_FIFO_THRESHOLD_HALFFULL:
1276:Drivers/STM32F4xx_HAL_Driver/Src/stm32f4xx_hal_dma.c ****     case DMA_FIFO_THRESHOLD_3QUARTERSFULL:
1277:Drivers/STM32F4xx_HAL_Driver/Src/stm32f4xx_hal_dma.c ****       status = HAL_ERROR;
1278:Drivers/STM32F4xx_HAL_Driver/Src/stm32f4xx_hal_dma.c ****       break;
1279:Drivers/STM32F4xx_HAL_Driver/Src/stm32f4xx_hal_dma.c ****     case DMA_FIFO_THRESHOLD_FULL:
1280:Drivers/STM32F4xx_HAL_Driver/Src/stm32f4xx_hal_dma.c ****       if ((hdma->Init.MemBurst & DMA_SxCR_MBURST_1) == DMA_SxCR_MBURST_1)
1281:Drivers/STM32F4xx_HAL_Driver/Src/stm32f4xx_hal_dma.c ****       {
1282:Drivers/STM32F4xx_HAL_Driver/Src/stm32f4xx_hal_dma.c ****         status = HAL_ERROR;
1283:Drivers/STM32F4xx_HAL_Driver/Src/stm32f4xx_hal_dma.c ****       }
1284:Drivers/STM32F4xx_HAL_Driver/Src/stm32f4xx_hal_dma.c ****       break;
1285:Drivers/STM32F4xx_HAL_Driver/Src/stm32f4xx_hal_dma.c ****     default:
1286:Drivers/STM32F4xx_HAL_Driver/Src/stm32f4xx_hal_dma.c ****       break;
 2627              		.loc 1 1286 7
 2628 00c6 1AE0     		b	.L127
 2629              	.L136:
1277:Drivers/STM32F4xx_HAL_Driver/Src/stm32f4xx_hal_dma.c ****       break;
 2630              		.loc 1 1277 14
 2631 00c8 0123     		movs	r3, #1
 2632 00ca FB73     		strb	r3, [r7, #15]
ARM GAS  /tmp/ccGoskYi.s 			page 70


1278:Drivers/STM32F4xx_HAL_Driver/Src/stm32f4xx_hal_dma.c ****     case DMA_FIFO_THRESHOLD_FULL:
 2633              		.loc 1 1278 7
 2634 00cc 17E0     		b	.L127
 2635              	.L137:
1280:Drivers/STM32F4xx_HAL_Driver/Src/stm32f4xx_hal_dma.c ****       {
 2636              		.loc 1 1280 22
 2637 00ce 7B68     		ldr	r3, [r7, #4]
 2638 00d0 DB6A     		ldr	r3, [r3, #44]
1280:Drivers/STM32F4xx_HAL_Driver/Src/stm32f4xx_hal_dma.c ****       {
 2639              		.loc 1 1280 32
 2640 00d2 03F08073 		and	r3, r3, #16777216
1280:Drivers/STM32F4xx_HAL_Driver/Src/stm32f4xx_hal_dma.c ****       {
 2641              		.loc 1 1280 10
 2642 00d6 002B     		cmp	r3, #0
 2643 00d8 10D0     		beq	.L148
1282:Drivers/STM32F4xx_HAL_Driver/Src/stm32f4xx_hal_dma.c ****       }
 2644              		.loc 1 1282 16
 2645 00da 0123     		movs	r3, #1
 2646 00dc FB73     		strb	r3, [r7, #15]
1284:Drivers/STM32F4xx_HAL_Driver/Src/stm32f4xx_hal_dma.c ****     default:
 2647              		.loc 1 1284 7
 2648 00de 0DE0     		b	.L148
 2649              	.L141:
1237:Drivers/STM32F4xx_HAL_Driver/Src/stm32f4xx_hal_dma.c ****     default:
 2650              		.loc 1 1237 7
 2651 00e0 00BF     		nop
 2652 00e2 0CE0     		b	.L127
 2653              	.L142:
1239:Drivers/STM32F4xx_HAL_Driver/Src/stm32f4xx_hal_dma.c ****     }
 2654              		.loc 1 1239 7
 2655 00e4 00BF     		nop
 2656 00e6 0AE0     		b	.L127
 2657              	.L143:
1229:Drivers/STM32F4xx_HAL_Driver/Src/stm32f4xx_hal_dma.c ****     case DMA_FIFO_THRESHOLD_HALFFULL:
 2658              		.loc 1 1229 7
 2659 00e8 00BF     		nop
 2660 00ea 08E0     		b	.L127
 2661              	.L144:
1235:Drivers/STM32F4xx_HAL_Driver/Src/stm32f4xx_hal_dma.c ****     case DMA_FIFO_THRESHOLD_FULL:
 2662              		.loc 1 1235 7
 2663 00ec 00BF     		nop
 2664 00ee 06E0     		b	.L127
 2665              	.L145:
1265:Drivers/STM32F4xx_HAL_Driver/Src/stm32f4xx_hal_dma.c ****     }
 2666              		.loc 1 1265 7
 2667 00f0 00BF     		nop
 2668 00f2 04E0     		b	.L127
 2669              	.L146:
1257:Drivers/STM32F4xx_HAL_Driver/Src/stm32f4xx_hal_dma.c ****     case DMA_FIFO_THRESHOLD_FULL:
 2670              		.loc 1 1257 7
 2671 00f4 00BF     		nop
 2672 00f6 02E0     		b	.L127
 2673              	.L147:
1263:Drivers/STM32F4xx_HAL_Driver/Src/stm32f4xx_hal_dma.c ****     default:
 2674              		.loc 1 1263 7
 2675 00f8 00BF     		nop
 2676 00fa 00E0     		b	.L127
ARM GAS  /tmp/ccGoskYi.s 			page 71


 2677              	.L148:
1284:Drivers/STM32F4xx_HAL_Driver/Src/stm32f4xx_hal_dma.c ****     default:
 2678              		.loc 1 1284 7
 2679 00fc 00BF     		nop
 2680              	.L127:
1287:Drivers/STM32F4xx_HAL_Driver/Src/stm32f4xx_hal_dma.c ****     }
1288:Drivers/STM32F4xx_HAL_Driver/Src/stm32f4xx_hal_dma.c ****   } 
1289:Drivers/STM32F4xx_HAL_Driver/Src/stm32f4xx_hal_dma.c ****   
1290:Drivers/STM32F4xx_HAL_Driver/Src/stm32f4xx_hal_dma.c ****   return status; 
 2681              		.loc 1 1290 10
 2682 00fe FB7B     		ldrb	r3, [r7, #15]	@ zero_extendqisi2
1291:Drivers/STM32F4xx_HAL_Driver/Src/stm32f4xx_hal_dma.c **** }
 2683              		.loc 1 1291 1
 2684 0100 1846     		mov	r0, r3
 2685 0102 1437     		adds	r7, r7, #20
 2686              	.LCFI80:
 2687              		.cfi_def_cfa_offset 4
 2688 0104 BD46     		mov	sp, r7
 2689              	.LCFI81:
 2690              		.cfi_def_cfa_register 13
 2691              		@ sp needed
 2692 0106 80BC     		pop	{r7}
 2693              	.LCFI82:
 2694              		.cfi_restore 7
 2695              		.cfi_def_cfa_offset 0
 2696 0108 7047     		bx	lr
 2697              		.cfi_endproc
 2698              	.LFE234:
 2700              		.section	.rodata.flagBitshiftOffset.0,"a"
 2701              		.align	2
 2704              	flagBitshiftOffset.0:
 2705 0000 00061016 		.ascii	"\000\006\020\026\000\006\020\026"
 2705      00061016 
 2706              		.text
 2707              	.Letext0:
 2708              		.file 2 "/home/fabio/arm-gnu-toolchain-15.2.rel1-x86_64-arm-none-eabi/arm-none-eabi/include/machin
 2709              		.file 3 "/home/fabio/arm-gnu-toolchain-15.2.rel1-x86_64-arm-none-eabi/arm-none-eabi/include/sys/_s
 2710              		.file 4 "Drivers/CMSIS/Device/ST/STM32F4xx/Include/stm32f411xe.h"
 2711              		.file 5 "Drivers/CMSIS/Device/ST/STM32F4xx/Include/stm32f4xx.h"
 2712              		.file 6 "Drivers/STM32F4xx_HAL_Driver/Inc/stm32f4xx_hal_def.h"
 2713              		.file 7 "Drivers/STM32F4xx_HAL_Driver/Inc/stm32f4xx_hal_dma.h"
 2714              		.file 8 "Drivers/CMSIS/Device/ST/STM32F4xx/Include/system_stm32f4xx.h"
 2715              		.file 9 "Drivers/STM32F4xx_HAL_Driver/Inc/stm32f4xx_hal.h"
ARM GAS  /tmp/ccGoskYi.s 			page 72


DEFINED SYMBOLS
                            *ABS*:00000000 stm32f4xx_hal_dma.c
     /tmp/ccGoskYi.s:21     .text.HAL_DMA_Init:00000000 $t
     /tmp/ccGoskYi.s:27     .text.HAL_DMA_Init:00000000 HAL_DMA_Init
     /tmp/ccGoskYi.s:2481   .text.DMA_CheckFifoParam:00000000 DMA_CheckFifoParam
     /tmp/ccGoskYi.s:2384   .text.DMA_CalcBaseAndBitshift:00000000 DMA_CalcBaseAndBitshift
     /tmp/ccGoskYi.s:287    .text.HAL_DMA_Init:00000158 $d
     /tmp/ccGoskYi.s:292    .text.HAL_DMA_DeInit:00000000 $t
     /tmp/ccGoskYi.s:298    .text.HAL_DMA_DeInit:00000000 HAL_DMA_DeInit
     /tmp/ccGoskYi.s:447    .text.HAL_DMA_Start:00000000 $t
     /tmp/ccGoskYi.s:453    .text.HAL_DMA_Start:00000000 HAL_DMA_Start
     /tmp/ccGoskYi.s:2289   .text.DMA_SetConfig:00000000 DMA_SetConfig
     /tmp/ccGoskYi.s:547    .text.HAL_DMA_Start_IT:00000000 $t
     /tmp/ccGoskYi.s:553    .text.HAL_DMA_Start_IT:00000000 HAL_DMA_Start_IT
     /tmp/ccGoskYi.s:690    .text.HAL_DMA_Abort:00000000 $t
     /tmp/ccGoskYi.s:696    .text.HAL_DMA_Abort:00000000 HAL_DMA_Abort
     /tmp/ccGoskYi.s:868    .text.HAL_DMA_Abort_IT:00000000 $t
     /tmp/ccGoskYi.s:874    .text.HAL_DMA_Abort_IT:00000000 HAL_DMA_Abort_IT
     /tmp/ccGoskYi.s:940    .text.HAL_DMA_PollForTransfer:00000000 $t
     /tmp/ccGoskYi.s:946    .text.HAL_DMA_PollForTransfer:00000000 HAL_DMA_PollForTransfer
     /tmp/ccGoskYi.s:1273   .text.HAL_DMA_IRQHandler:00000000 $t
     /tmp/ccGoskYi.s:1279   .text.HAL_DMA_IRQHandler:00000000 HAL_DMA_IRQHandler
     /tmp/ccGoskYi.s:1707   .text.HAL_DMA_IRQHandler:00000248 $d
     /tmp/ccGoskYi.s:1711   .text.HAL_DMA_IRQHandler:00000250 $t
     /tmp/ccGoskYi.s:1859   .text.HAL_DMA_RegisterCallback:00000000 $t
     /tmp/ccGoskYi.s:1865   .text.HAL_DMA_RegisterCallback:00000000 HAL_DMA_RegisterCallback
     /tmp/ccGoskYi.s:2011   .text.HAL_DMA_UnRegisterCallback:00000000 $t
     /tmp/ccGoskYi.s:2017   .text.HAL_DMA_UnRegisterCallback:00000000 HAL_DMA_UnRegisterCallback
     /tmp/ccGoskYi.s:2193   .text.HAL_DMA_GetState:00000000 $t
     /tmp/ccGoskYi.s:2199   .text.HAL_DMA_GetState:00000000 HAL_DMA_GetState
     /tmp/ccGoskYi.s:2239   .text.HAL_DMA_GetError:00000000 $t
     /tmp/ccGoskYi.s:2245   .text.HAL_DMA_GetError:00000000 HAL_DMA_GetError
     /tmp/ccGoskYi.s:2284   .text.DMA_SetConfig:00000000 $t
     /tmp/ccGoskYi.s:2379   .text.DMA_CalcBaseAndBitshift:00000000 $t
     /tmp/ccGoskYi.s:2470   .text.DMA_CalcBaseAndBitshift:00000060 $d
     /tmp/ccGoskYi.s:2704   .rodata.flagBitshiftOffset.0:00000000 flagBitshiftOffset.0
     /tmp/ccGoskYi.s:2476   .text.DMA_CheckFifoParam:00000000 $t
     /tmp/ccGoskYi.s:2701   .rodata.flagBitshiftOffset.0:00000000 $d

UNDEFINED SYMBOLS
HAL_GetTick
SystemCoreClock
