ARM GAS  /tmp/ccrcKv2T.s 			page 1


   1              		.cpu cortex-m4
   2              		.arch armv7e-m
   3              		.fpu fpv4-sp-d16
   4              		.eabi_attribute 27, 1
   5              		.eabi_attribute 28, 1
   6              		.eabi_attribute 20, 1
   7              		.eabi_attribute 21, 1
   8              		.eabi_attribute 23, 3
   9              		.eabi_attribute 24, 1
  10              		.eabi_attribute 25, 1
  11              		.eabi_attribute 26, 1
  12              		.eabi_attribute 30, 6
  13              		.eabi_attribute 34, 1
  14              		.eabi_attribute 18, 4
  15              		.file	"stm32f4xx_hal_adc_ex.c"
  16              		.text
  17              	.Ltext0:
  18              		.cfi_sections	.debug_frame
  19              		.file 1 "Drivers/STM32F4xx_HAL_Driver/Src/stm32f4xx_hal_adc_ex.c"
  20              		.section	.text.HAL_ADCEx_InjectedStart,"ax",%progbits
  21              		.align	1
  22              		.global	HAL_ADCEx_InjectedStart
  23              		.syntax unified
  24              		.thumb
  25              		.thumb_func
  27              	HAL_ADCEx_InjectedStart:
  28              	.LFB220:
   1:Drivers/STM32F4xx_HAL_Driver/Src/stm32f4xx_hal_adc_ex.c **** /**
   2:Drivers/STM32F4xx_HAL_Driver/Src/stm32f4xx_hal_adc_ex.c ****   ******************************************************************************
   3:Drivers/STM32F4xx_HAL_Driver/Src/stm32f4xx_hal_adc_ex.c ****   * @file    stm32f4xx_hal_adc_ex.c
   4:Drivers/STM32F4xx_HAL_Driver/Src/stm32f4xx_hal_adc_ex.c ****   * @author  MCD Application Team
   5:Drivers/STM32F4xx_HAL_Driver/Src/stm32f4xx_hal_adc_ex.c ****   * @brief   This file provides firmware functions to manage the following
   6:Drivers/STM32F4xx_HAL_Driver/Src/stm32f4xx_hal_adc_ex.c ****   *          functionalities of the ADC extension peripheral:
   7:Drivers/STM32F4xx_HAL_Driver/Src/stm32f4xx_hal_adc_ex.c ****   *           + Extended features functions
   8:Drivers/STM32F4xx_HAL_Driver/Src/stm32f4xx_hal_adc_ex.c ****   *
   9:Drivers/STM32F4xx_HAL_Driver/Src/stm32f4xx_hal_adc_ex.c ****   ******************************************************************************
  10:Drivers/STM32F4xx_HAL_Driver/Src/stm32f4xx_hal_adc_ex.c ****   * @attention
  11:Drivers/STM32F4xx_HAL_Driver/Src/stm32f4xx_hal_adc_ex.c ****   *
  12:Drivers/STM32F4xx_HAL_Driver/Src/stm32f4xx_hal_adc_ex.c ****   * Copyright (c) 2017 STMicroelectronics.
  13:Drivers/STM32F4xx_HAL_Driver/Src/stm32f4xx_hal_adc_ex.c ****   * All rights reserved.
  14:Drivers/STM32F4xx_HAL_Driver/Src/stm32f4xx_hal_adc_ex.c ****   *
  15:Drivers/STM32F4xx_HAL_Driver/Src/stm32f4xx_hal_adc_ex.c ****   * This software is licensed under terms that can be found in the LICENSE file
  16:Drivers/STM32F4xx_HAL_Driver/Src/stm32f4xx_hal_adc_ex.c ****   * in the root directory of this software component.
  17:Drivers/STM32F4xx_HAL_Driver/Src/stm32f4xx_hal_adc_ex.c ****   * If no LICENSE file comes with this software, it is provided AS-IS.
  18:Drivers/STM32F4xx_HAL_Driver/Src/stm32f4xx_hal_adc_ex.c ****   *
  19:Drivers/STM32F4xx_HAL_Driver/Src/stm32f4xx_hal_adc_ex.c ****   ******************************************************************************
  20:Drivers/STM32F4xx_HAL_Driver/Src/stm32f4xx_hal_adc_ex.c ****   @verbatim
  21:Drivers/STM32F4xx_HAL_Driver/Src/stm32f4xx_hal_adc_ex.c ****   ==============================================================================
  22:Drivers/STM32F4xx_HAL_Driver/Src/stm32f4xx_hal_adc_ex.c ****                     ##### How to use this driver #####
  23:Drivers/STM32F4xx_HAL_Driver/Src/stm32f4xx_hal_adc_ex.c ****   ==============================================================================
  24:Drivers/STM32F4xx_HAL_Driver/Src/stm32f4xx_hal_adc_ex.c ****     [..]
  25:Drivers/STM32F4xx_HAL_Driver/Src/stm32f4xx_hal_adc_ex.c ****     (#)Initialize the ADC low level resources by implementing the HAL_ADC_MspInit():
  26:Drivers/STM32F4xx_HAL_Driver/Src/stm32f4xx_hal_adc_ex.c ****        (##) Enable the ADC interface clock using __HAL_RCC_ADC_CLK_ENABLE()
  27:Drivers/STM32F4xx_HAL_Driver/Src/stm32f4xx_hal_adc_ex.c ****        (##) ADC pins configuration
  28:Drivers/STM32F4xx_HAL_Driver/Src/stm32f4xx_hal_adc_ex.c ****              (+++) Enable the clock for the ADC GPIOs using the following function:
  29:Drivers/STM32F4xx_HAL_Driver/Src/stm32f4xx_hal_adc_ex.c ****                    __HAL_RCC_GPIOx_CLK_ENABLE()
  30:Drivers/STM32F4xx_HAL_Driver/Src/stm32f4xx_hal_adc_ex.c ****              (+++) Configure these ADC pins in analog mode using HAL_GPIO_Init()
ARM GAS  /tmp/ccrcKv2T.s 			page 2


  31:Drivers/STM32F4xx_HAL_Driver/Src/stm32f4xx_hal_adc_ex.c ****        (##) In case of using interrupts (e.g. HAL_ADC_Start_IT())
  32:Drivers/STM32F4xx_HAL_Driver/Src/stm32f4xx_hal_adc_ex.c ****              (+++) Configure the ADC interrupt priority using HAL_NVIC_SetPriority()
  33:Drivers/STM32F4xx_HAL_Driver/Src/stm32f4xx_hal_adc_ex.c ****              (+++) Enable the ADC IRQ handler using HAL_NVIC_EnableIRQ()
  34:Drivers/STM32F4xx_HAL_Driver/Src/stm32f4xx_hal_adc_ex.c ****              (+++) In ADC IRQ handler, call HAL_ADC_IRQHandler()
  35:Drivers/STM32F4xx_HAL_Driver/Src/stm32f4xx_hal_adc_ex.c ****       (##) In case of using DMA to control data transfer (e.g. HAL_ADC_Start_DMA())
  36:Drivers/STM32F4xx_HAL_Driver/Src/stm32f4xx_hal_adc_ex.c ****              (+++) Enable the DMAx interface clock using __HAL_RCC_DMAx_CLK_ENABLE()
  37:Drivers/STM32F4xx_HAL_Driver/Src/stm32f4xx_hal_adc_ex.c ****              (+++) Configure and enable two DMA streams stream for managing data
  38:Drivers/STM32F4xx_HAL_Driver/Src/stm32f4xx_hal_adc_ex.c ****                  transfer from peripheral to memory (output stream)
  39:Drivers/STM32F4xx_HAL_Driver/Src/stm32f4xx_hal_adc_ex.c ****              (+++) Associate the initialized DMA handle to the ADC DMA handle
  40:Drivers/STM32F4xx_HAL_Driver/Src/stm32f4xx_hal_adc_ex.c ****                  using  __HAL_LINKDMA()
  41:Drivers/STM32F4xx_HAL_Driver/Src/stm32f4xx_hal_adc_ex.c ****              (+++) Configure the priority and enable the NVIC for the transfer complete
  42:Drivers/STM32F4xx_HAL_Driver/Src/stm32f4xx_hal_adc_ex.c ****                  interrupt on the two DMA Streams. The output stream should have higher
  43:Drivers/STM32F4xx_HAL_Driver/Src/stm32f4xx_hal_adc_ex.c ****                  priority than the input stream.
  44:Drivers/STM32F4xx_HAL_Driver/Src/stm32f4xx_hal_adc_ex.c ****      (#) Configure the ADC Prescaler, conversion resolution and data alignment
  45:Drivers/STM32F4xx_HAL_Driver/Src/stm32f4xx_hal_adc_ex.c ****          using the HAL_ADC_Init() function.
  46:Drivers/STM32F4xx_HAL_Driver/Src/stm32f4xx_hal_adc_ex.c **** 
  47:Drivers/STM32F4xx_HAL_Driver/Src/stm32f4xx_hal_adc_ex.c ****      (#) Configure the ADC Injected channels group features, use HAL_ADC_Init()
  48:Drivers/STM32F4xx_HAL_Driver/Src/stm32f4xx_hal_adc_ex.c ****          and HAL_ADC_ConfigChannel() functions.
  49:Drivers/STM32F4xx_HAL_Driver/Src/stm32f4xx_hal_adc_ex.c **** 
  50:Drivers/STM32F4xx_HAL_Driver/Src/stm32f4xx_hal_adc_ex.c ****      (#) Three operation modes are available within this driver:
  51:Drivers/STM32F4xx_HAL_Driver/Src/stm32f4xx_hal_adc_ex.c **** 
  52:Drivers/STM32F4xx_HAL_Driver/Src/stm32f4xx_hal_adc_ex.c ****      *** Polling mode IO operation ***
  53:Drivers/STM32F4xx_HAL_Driver/Src/stm32f4xx_hal_adc_ex.c ****      =================================
  54:Drivers/STM32F4xx_HAL_Driver/Src/stm32f4xx_hal_adc_ex.c ****      [..]
  55:Drivers/STM32F4xx_HAL_Driver/Src/stm32f4xx_hal_adc_ex.c ****        (+) Start the ADC peripheral using HAL_ADCEx_InjectedStart()
  56:Drivers/STM32F4xx_HAL_Driver/Src/stm32f4xx_hal_adc_ex.c ****        (+) Wait for end of conversion using HAL_ADC_PollForConversion(), at this stage
  57:Drivers/STM32F4xx_HAL_Driver/Src/stm32f4xx_hal_adc_ex.c ****            user can specify the value of timeout according to his end application
  58:Drivers/STM32F4xx_HAL_Driver/Src/stm32f4xx_hal_adc_ex.c ****        (+) To read the ADC converted values, use the HAL_ADCEx_InjectedGetValue() function.
  59:Drivers/STM32F4xx_HAL_Driver/Src/stm32f4xx_hal_adc_ex.c ****        (+) Stop the ADC peripheral using HAL_ADCEx_InjectedStop()
  60:Drivers/STM32F4xx_HAL_Driver/Src/stm32f4xx_hal_adc_ex.c **** 
  61:Drivers/STM32F4xx_HAL_Driver/Src/stm32f4xx_hal_adc_ex.c ****      *** Interrupt mode IO operation ***
  62:Drivers/STM32F4xx_HAL_Driver/Src/stm32f4xx_hal_adc_ex.c ****      ===================================
  63:Drivers/STM32F4xx_HAL_Driver/Src/stm32f4xx_hal_adc_ex.c ****      [..]
  64:Drivers/STM32F4xx_HAL_Driver/Src/stm32f4xx_hal_adc_ex.c ****        (+) Start the ADC peripheral using HAL_ADCEx_InjectedStart_IT()
  65:Drivers/STM32F4xx_HAL_Driver/Src/stm32f4xx_hal_adc_ex.c ****        (+) Use HAL_ADC_IRQHandler() called under ADC_IRQHandler() Interrupt subroutine
  66:Drivers/STM32F4xx_HAL_Driver/Src/stm32f4xx_hal_adc_ex.c ****        (+) At ADC end of conversion HAL_ADCEx_InjectedConvCpltCallback() function is executed and u
  67:Drivers/STM32F4xx_HAL_Driver/Src/stm32f4xx_hal_adc_ex.c ****             add his own code by customization of function pointer HAL_ADCEx_InjectedConvCpltCallbac
  68:Drivers/STM32F4xx_HAL_Driver/Src/stm32f4xx_hal_adc_ex.c ****        (+) In case of ADC Error, HAL_ADCEx_InjectedErrorCallback() function is executed and user ca
  69:Drivers/STM32F4xx_HAL_Driver/Src/stm32f4xx_hal_adc_ex.c ****             add his own code by customization of function pointer HAL_ADCEx_InjectedErrorCallback
  70:Drivers/STM32F4xx_HAL_Driver/Src/stm32f4xx_hal_adc_ex.c ****        (+) Stop the ADC peripheral using HAL_ADCEx_InjectedStop_IT()
  71:Drivers/STM32F4xx_HAL_Driver/Src/stm32f4xx_hal_adc_ex.c **** 
  72:Drivers/STM32F4xx_HAL_Driver/Src/stm32f4xx_hal_adc_ex.c ****      *** Multi mode ADCs Regular channels configuration ***
  73:Drivers/STM32F4xx_HAL_Driver/Src/stm32f4xx_hal_adc_ex.c ****      ======================================================
  74:Drivers/STM32F4xx_HAL_Driver/Src/stm32f4xx_hal_adc_ex.c ****      [..]
  75:Drivers/STM32F4xx_HAL_Driver/Src/stm32f4xx_hal_adc_ex.c ****        (+) Select the Multi mode ADC regular channels features (dual or triple mode)
  76:Drivers/STM32F4xx_HAL_Driver/Src/stm32f4xx_hal_adc_ex.c ****           and configure the DMA mode using HAL_ADCEx_MultiModeConfigChannel() functions.
  77:Drivers/STM32F4xx_HAL_Driver/Src/stm32f4xx_hal_adc_ex.c ****        (+) Start the ADC peripheral using HAL_ADCEx_MultiModeStart_DMA(), at this stage the user sp
  78:Drivers/STM32F4xx_HAL_Driver/Src/stm32f4xx_hal_adc_ex.c ****            of data to be transferred at each end of conversion
  79:Drivers/STM32F4xx_HAL_Driver/Src/stm32f4xx_hal_adc_ex.c ****        (+) Read the ADCs converted values using the HAL_ADCEx_MultiModeGetValue() function.
  80:Drivers/STM32F4xx_HAL_Driver/Src/stm32f4xx_hal_adc_ex.c **** 
  81:Drivers/STM32F4xx_HAL_Driver/Src/stm32f4xx_hal_adc_ex.c **** 
  82:Drivers/STM32F4xx_HAL_Driver/Src/stm32f4xx_hal_adc_ex.c ****     @endverbatim
  83:Drivers/STM32F4xx_HAL_Driver/Src/stm32f4xx_hal_adc_ex.c ****   */
  84:Drivers/STM32F4xx_HAL_Driver/Src/stm32f4xx_hal_adc_ex.c **** 
  85:Drivers/STM32F4xx_HAL_Driver/Src/stm32f4xx_hal_adc_ex.c **** /* Includes ------------------------------------------------------------------*/
  86:Drivers/STM32F4xx_HAL_Driver/Src/stm32f4xx_hal_adc_ex.c **** #include "stm32f4xx_hal.h"
  87:Drivers/STM32F4xx_HAL_Driver/Src/stm32f4xx_hal_adc_ex.c **** 
ARM GAS  /tmp/ccrcKv2T.s 			page 3


  88:Drivers/STM32F4xx_HAL_Driver/Src/stm32f4xx_hal_adc_ex.c **** /** @addtogroup STM32F4xx_HAL_Driver
  89:Drivers/STM32F4xx_HAL_Driver/Src/stm32f4xx_hal_adc_ex.c ****   * @{
  90:Drivers/STM32F4xx_HAL_Driver/Src/stm32f4xx_hal_adc_ex.c ****   */
  91:Drivers/STM32F4xx_HAL_Driver/Src/stm32f4xx_hal_adc_ex.c **** 
  92:Drivers/STM32F4xx_HAL_Driver/Src/stm32f4xx_hal_adc_ex.c **** /** @defgroup ADCEx ADCEx
  93:Drivers/STM32F4xx_HAL_Driver/Src/stm32f4xx_hal_adc_ex.c ****   * @brief ADC Extended driver modules
  94:Drivers/STM32F4xx_HAL_Driver/Src/stm32f4xx_hal_adc_ex.c ****   * @{
  95:Drivers/STM32F4xx_HAL_Driver/Src/stm32f4xx_hal_adc_ex.c ****   */
  96:Drivers/STM32F4xx_HAL_Driver/Src/stm32f4xx_hal_adc_ex.c **** 
  97:Drivers/STM32F4xx_HAL_Driver/Src/stm32f4xx_hal_adc_ex.c **** #ifdef HAL_ADC_MODULE_ENABLED
  98:Drivers/STM32F4xx_HAL_Driver/Src/stm32f4xx_hal_adc_ex.c **** 
  99:Drivers/STM32F4xx_HAL_Driver/Src/stm32f4xx_hal_adc_ex.c **** /* Private typedef -----------------------------------------------------------*/
 100:Drivers/STM32F4xx_HAL_Driver/Src/stm32f4xx_hal_adc_ex.c **** /* Private define ------------------------------------------------------------*/
 101:Drivers/STM32F4xx_HAL_Driver/Src/stm32f4xx_hal_adc_ex.c **** /* Private macro -------------------------------------------------------------*/
 102:Drivers/STM32F4xx_HAL_Driver/Src/stm32f4xx_hal_adc_ex.c **** /* Private variables ---------------------------------------------------------*/
 103:Drivers/STM32F4xx_HAL_Driver/Src/stm32f4xx_hal_adc_ex.c **** /** @addtogroup ADCEx_Private_Functions
 104:Drivers/STM32F4xx_HAL_Driver/Src/stm32f4xx_hal_adc_ex.c ****   * @{
 105:Drivers/STM32F4xx_HAL_Driver/Src/stm32f4xx_hal_adc_ex.c ****   */
 106:Drivers/STM32F4xx_HAL_Driver/Src/stm32f4xx_hal_adc_ex.c **** /* Private function prototypes -----------------------------------------------*/
 107:Drivers/STM32F4xx_HAL_Driver/Src/stm32f4xx_hal_adc_ex.c **** static void ADC_MultiModeDMAConvCplt(DMA_HandleTypeDef *hdma);
 108:Drivers/STM32F4xx_HAL_Driver/Src/stm32f4xx_hal_adc_ex.c **** static void ADC_MultiModeDMAError(DMA_HandleTypeDef *hdma);
 109:Drivers/STM32F4xx_HAL_Driver/Src/stm32f4xx_hal_adc_ex.c **** static void ADC_MultiModeDMAHalfConvCplt(DMA_HandleTypeDef *hdma);
 110:Drivers/STM32F4xx_HAL_Driver/Src/stm32f4xx_hal_adc_ex.c **** /**
 111:Drivers/STM32F4xx_HAL_Driver/Src/stm32f4xx_hal_adc_ex.c ****   * @}
 112:Drivers/STM32F4xx_HAL_Driver/Src/stm32f4xx_hal_adc_ex.c ****   */
 113:Drivers/STM32F4xx_HAL_Driver/Src/stm32f4xx_hal_adc_ex.c **** 
 114:Drivers/STM32F4xx_HAL_Driver/Src/stm32f4xx_hal_adc_ex.c **** /* Exported functions --------------------------------------------------------*/
 115:Drivers/STM32F4xx_HAL_Driver/Src/stm32f4xx_hal_adc_ex.c **** /** @defgroup ADCEx_Exported_Functions ADC Exported Functions
 116:Drivers/STM32F4xx_HAL_Driver/Src/stm32f4xx_hal_adc_ex.c ****   * @{
 117:Drivers/STM32F4xx_HAL_Driver/Src/stm32f4xx_hal_adc_ex.c ****   */
 118:Drivers/STM32F4xx_HAL_Driver/Src/stm32f4xx_hal_adc_ex.c **** 
 119:Drivers/STM32F4xx_HAL_Driver/Src/stm32f4xx_hal_adc_ex.c **** /** @defgroup ADCEx_Exported_Functions_Group1  Extended features functions
 120:Drivers/STM32F4xx_HAL_Driver/Src/stm32f4xx_hal_adc_ex.c ****   *  @brief    Extended features functions
 121:Drivers/STM32F4xx_HAL_Driver/Src/stm32f4xx_hal_adc_ex.c ****   *
 122:Drivers/STM32F4xx_HAL_Driver/Src/stm32f4xx_hal_adc_ex.c **** @verbatim
 123:Drivers/STM32F4xx_HAL_Driver/Src/stm32f4xx_hal_adc_ex.c ****  ===============================================================================
 124:Drivers/STM32F4xx_HAL_Driver/Src/stm32f4xx_hal_adc_ex.c ****                  ##### Extended features functions #####
 125:Drivers/STM32F4xx_HAL_Driver/Src/stm32f4xx_hal_adc_ex.c ****  ===============================================================================
 126:Drivers/STM32F4xx_HAL_Driver/Src/stm32f4xx_hal_adc_ex.c ****     [..]  This section provides functions allowing to:
 127:Drivers/STM32F4xx_HAL_Driver/Src/stm32f4xx_hal_adc_ex.c ****       (+) Start conversion of injected channel.
 128:Drivers/STM32F4xx_HAL_Driver/Src/stm32f4xx_hal_adc_ex.c ****       (+) Stop conversion of injected channel.
 129:Drivers/STM32F4xx_HAL_Driver/Src/stm32f4xx_hal_adc_ex.c ****       (+) Start multimode and enable DMA transfer.
 130:Drivers/STM32F4xx_HAL_Driver/Src/stm32f4xx_hal_adc_ex.c ****       (+) Stop multimode and disable DMA transfer.
 131:Drivers/STM32F4xx_HAL_Driver/Src/stm32f4xx_hal_adc_ex.c ****       (+) Get result of injected channel conversion.
 132:Drivers/STM32F4xx_HAL_Driver/Src/stm32f4xx_hal_adc_ex.c ****       (+) Get result of multimode conversion.
 133:Drivers/STM32F4xx_HAL_Driver/Src/stm32f4xx_hal_adc_ex.c ****       (+) Configure injected channels.
 134:Drivers/STM32F4xx_HAL_Driver/Src/stm32f4xx_hal_adc_ex.c ****       (+) Configure multimode.
 135:Drivers/STM32F4xx_HAL_Driver/Src/stm32f4xx_hal_adc_ex.c **** 
 136:Drivers/STM32F4xx_HAL_Driver/Src/stm32f4xx_hal_adc_ex.c **** @endverbatim
 137:Drivers/STM32F4xx_HAL_Driver/Src/stm32f4xx_hal_adc_ex.c ****   * @{
 138:Drivers/STM32F4xx_HAL_Driver/Src/stm32f4xx_hal_adc_ex.c ****   */
 139:Drivers/STM32F4xx_HAL_Driver/Src/stm32f4xx_hal_adc_ex.c **** 
 140:Drivers/STM32F4xx_HAL_Driver/Src/stm32f4xx_hal_adc_ex.c **** /**
 141:Drivers/STM32F4xx_HAL_Driver/Src/stm32f4xx_hal_adc_ex.c ****   * @brief  Enables the selected ADC software start conversion of the injected channels.
 142:Drivers/STM32F4xx_HAL_Driver/Src/stm32f4xx_hal_adc_ex.c ****   * @param  hadc pointer to a ADC_HandleTypeDef structure that contains
 143:Drivers/STM32F4xx_HAL_Driver/Src/stm32f4xx_hal_adc_ex.c ****   *         the configuration information for the specified ADC.
 144:Drivers/STM32F4xx_HAL_Driver/Src/stm32f4xx_hal_adc_ex.c ****   * @retval HAL status
ARM GAS  /tmp/ccrcKv2T.s 			page 4


 145:Drivers/STM32F4xx_HAL_Driver/Src/stm32f4xx_hal_adc_ex.c ****   */
 146:Drivers/STM32F4xx_HAL_Driver/Src/stm32f4xx_hal_adc_ex.c **** HAL_StatusTypeDef HAL_ADCEx_InjectedStart(ADC_HandleTypeDef *hadc)
 147:Drivers/STM32F4xx_HAL_Driver/Src/stm32f4xx_hal_adc_ex.c **** {
  29              		.loc 1 147 1
  30              		.cfi_startproc
  31              		@ args = 0, pretend = 0, frame = 24
  32              		@ frame_needed = 1, uses_anonymous_args = 0
  33              		@ link register save eliminated.
  34 0000 80B4     		push	{r7}
  35              	.LCFI0:
  36              		.cfi_def_cfa_offset 4
  37              		.cfi_offset 7, -4
  38 0002 87B0     		sub	sp, sp, #28
  39              	.LCFI1:
  40              		.cfi_def_cfa_offset 32
  41 0004 00AF     		add	r7, sp, #0
  42              	.LCFI2:
  43              		.cfi_def_cfa_register 7
  44 0006 7860     		str	r0, [r7, #4]
 148:Drivers/STM32F4xx_HAL_Driver/Src/stm32f4xx_hal_adc_ex.c ****   __IO uint32_t counter = 0U;
  45              		.loc 1 148 17
  46 0008 0023     		movs	r3, #0
  47 000a BB60     		str	r3, [r7, #8]
 149:Drivers/STM32F4xx_HAL_Driver/Src/stm32f4xx_hal_adc_ex.c ****   uint32_t tmp1 = 0U, tmp2 = 0U;
  48              		.loc 1 149 12
  49 000c 0023     		movs	r3, #0
  50 000e 7B61     		str	r3, [r7, #20]
  51              		.loc 1 149 23
  52 0010 0023     		movs	r3, #0
  53 0012 3B61     		str	r3, [r7, #16]
 150:Drivers/STM32F4xx_HAL_Driver/Src/stm32f4xx_hal_adc_ex.c ****   ADC_Common_TypeDef *tmpADC_Common;
 151:Drivers/STM32F4xx_HAL_Driver/Src/stm32f4xx_hal_adc_ex.c **** 
 152:Drivers/STM32F4xx_HAL_Driver/Src/stm32f4xx_hal_adc_ex.c ****   /* Process locked */
 153:Drivers/STM32F4xx_HAL_Driver/Src/stm32f4xx_hal_adc_ex.c ****   __HAL_LOCK(hadc);
  54              		.loc 1 153 3
  55 0014 7B68     		ldr	r3, [r7, #4]
  56 0016 93F83C30 		ldrb	r3, [r3, #60]	@ zero_extendqisi2
  57 001a 012B     		cmp	r3, #1
  58 001c 01D1     		bne	.L2
  59              		.loc 1 153 3 is_stmt 0 discriminator 1
  60 001e 0223     		movs	r3, #2
  61              		.loc 1 153 3
  62 0020 AAE0     		b	.L3
  63              	.L2:
  64              		.loc 1 153 3 discriminator 2
  65 0022 7B68     		ldr	r3, [r7, #4]
  66 0024 0122     		movs	r2, #1
  67 0026 83F83C20 		strb	r2, [r3, #60]
 154:Drivers/STM32F4xx_HAL_Driver/Src/stm32f4xx_hal_adc_ex.c **** 
 155:Drivers/STM32F4xx_HAL_Driver/Src/stm32f4xx_hal_adc_ex.c ****   /* Enable the ADC peripheral */
 156:Drivers/STM32F4xx_HAL_Driver/Src/stm32f4xx_hal_adc_ex.c **** 
 157:Drivers/STM32F4xx_HAL_Driver/Src/stm32f4xx_hal_adc_ex.c ****   /* Check if ADC peripheral is disabled in order to enable it and wait during
 158:Drivers/STM32F4xx_HAL_Driver/Src/stm32f4xx_hal_adc_ex.c ****      Tstab time the ADC's stabilization */
 159:Drivers/STM32F4xx_HAL_Driver/Src/stm32f4xx_hal_adc_ex.c ****   if ((hadc->Instance->CR2 & ADC_CR2_ADON) != ADC_CR2_ADON)
  68              		.loc 1 159 12 is_stmt 1
  69 002a 7B68     		ldr	r3, [r7, #4]
  70 002c 1B68     		ldr	r3, [r3]
ARM GAS  /tmp/ccrcKv2T.s 			page 5


  71              		.loc 1 159 22
  72 002e 9B68     		ldr	r3, [r3, #8]
  73              		.loc 1 159 28
  74 0030 03F00103 		and	r3, r3, #1
  75              		.loc 1 159 6
  76 0034 012B     		cmp	r3, #1
  77 0036 18D0     		beq	.L4
 160:Drivers/STM32F4xx_HAL_Driver/Src/stm32f4xx_hal_adc_ex.c ****   {
 161:Drivers/STM32F4xx_HAL_Driver/Src/stm32f4xx_hal_adc_ex.c ****     /* Enable the Peripheral */
 162:Drivers/STM32F4xx_HAL_Driver/Src/stm32f4xx_hal_adc_ex.c ****     __HAL_ADC_ENABLE(hadc);
  78              		.loc 1 162 5
  79 0038 7B68     		ldr	r3, [r7, #4]
  80 003a 1B68     		ldr	r3, [r3]
  81 003c 9A68     		ldr	r2, [r3, #8]
  82 003e 7B68     		ldr	r3, [r7, #4]
  83 0040 1B68     		ldr	r3, [r3]
  84 0042 42F00102 		orr	r2, r2, #1
  85 0046 9A60     		str	r2, [r3, #8]
 163:Drivers/STM32F4xx_HAL_Driver/Src/stm32f4xx_hal_adc_ex.c **** 
 164:Drivers/STM32F4xx_HAL_Driver/Src/stm32f4xx_hal_adc_ex.c ****     /* Delay for ADC stabilization time */
 165:Drivers/STM32F4xx_HAL_Driver/Src/stm32f4xx_hal_adc_ex.c ****     /* Compute number of CPU cycles to wait for */
 166:Drivers/STM32F4xx_HAL_Driver/Src/stm32f4xx_hal_adc_ex.c ****     counter = (ADC_STAB_DELAY_US * (SystemCoreClock / 1000000U));
  86              		.loc 1 166 53
  87 0048 4E4B     		ldr	r3, .L11
  88 004a 1B68     		ldr	r3, [r3]
  89 004c 4E4A     		ldr	r2, .L11+4
  90 004e A2FB0323 		umull	r2, r3, r2, r3
  91 0052 9A0C     		lsrs	r2, r3, #18
  92              		.loc 1 166 34
  93 0054 1346     		mov	r3, r2
  94 0056 5B00     		lsls	r3, r3, #1
  95 0058 1344     		add	r3, r3, r2
  96              		.loc 1 166 13
  97 005a BB60     		str	r3, [r7, #8]
 167:Drivers/STM32F4xx_HAL_Driver/Src/stm32f4xx_hal_adc_ex.c ****     while (counter != 0U)
  98              		.loc 1 167 11
  99 005c 02E0     		b	.L5
 100              	.L6:
 168:Drivers/STM32F4xx_HAL_Driver/Src/stm32f4xx_hal_adc_ex.c ****     {
 169:Drivers/STM32F4xx_HAL_Driver/Src/stm32f4xx_hal_adc_ex.c ****       counter--;
 101              		.loc 1 169 14
 102 005e BB68     		ldr	r3, [r7, #8]
 103 0060 013B     		subs	r3, r3, #1
 104 0062 BB60     		str	r3, [r7, #8]
 105              	.L5:
 167:Drivers/STM32F4xx_HAL_Driver/Src/stm32f4xx_hal_adc_ex.c ****     while (counter != 0U)
 106              		.loc 1 167 20
 107 0064 BB68     		ldr	r3, [r7, #8]
 108 0066 002B     		cmp	r3, #0
 109 0068 F9D1     		bne	.L6
 110              	.L4:
 170:Drivers/STM32F4xx_HAL_Driver/Src/stm32f4xx_hal_adc_ex.c ****     }
 171:Drivers/STM32F4xx_HAL_Driver/Src/stm32f4xx_hal_adc_ex.c ****   }
 172:Drivers/STM32F4xx_HAL_Driver/Src/stm32f4xx_hal_adc_ex.c **** 
 173:Drivers/STM32F4xx_HAL_Driver/Src/stm32f4xx_hal_adc_ex.c ****   /* Start conversion if ADC is effectively enabled */
 174:Drivers/STM32F4xx_HAL_Driver/Src/stm32f4xx_hal_adc_ex.c ****   if (HAL_IS_BIT_SET(hadc->Instance->CR2, ADC_CR2_ADON))
 111              		.loc 1 174 7
ARM GAS  /tmp/ccrcKv2T.s 			page 6


 112 006a 7B68     		ldr	r3, [r7, #4]
 113 006c 1B68     		ldr	r3, [r3]
 114 006e 9B68     		ldr	r3, [r3, #8]
 115 0070 03F00103 		and	r3, r3, #1
 116              		.loc 1 174 6
 117 0074 012B     		cmp	r3, #1
 118 0076 72D1     		bne	.L7
 175:Drivers/STM32F4xx_HAL_Driver/Src/stm32f4xx_hal_adc_ex.c ****   {
 176:Drivers/STM32F4xx_HAL_Driver/Src/stm32f4xx_hal_adc_ex.c ****     /* Set ADC state                                                          */
 177:Drivers/STM32F4xx_HAL_Driver/Src/stm32f4xx_hal_adc_ex.c ****     /* - Clear state bitfield related to injected group conversion results    */
 178:Drivers/STM32F4xx_HAL_Driver/Src/stm32f4xx_hal_adc_ex.c ****     /* - Set state bitfield related to injected operation                     */
 179:Drivers/STM32F4xx_HAL_Driver/Src/stm32f4xx_hal_adc_ex.c ****     ADC_STATE_CLR_SET(hadc->State,
 119              		.loc 1 179 5
 120 0078 7B68     		ldr	r3, [r7, #4]
 121 007a 1B6C     		ldr	r3, [r3, #64]
 122 007c 23F44053 		bic	r3, r3, #12288
 123 0080 23F00103 		bic	r3, r3, #1
 124 0084 43F48052 		orr	r2, r3, #4096
 125 0088 7B68     		ldr	r3, [r7, #4]
 126 008a 1A64     		str	r2, [r3, #64]
 180:Drivers/STM32F4xx_HAL_Driver/Src/stm32f4xx_hal_adc_ex.c ****                       HAL_ADC_STATE_READY | HAL_ADC_STATE_INJ_EOC,
 181:Drivers/STM32F4xx_HAL_Driver/Src/stm32f4xx_hal_adc_ex.c ****                       HAL_ADC_STATE_INJ_BUSY);
 182:Drivers/STM32F4xx_HAL_Driver/Src/stm32f4xx_hal_adc_ex.c **** 
 183:Drivers/STM32F4xx_HAL_Driver/Src/stm32f4xx_hal_adc_ex.c ****     /* Check if a regular conversion is ongoing */
 184:Drivers/STM32F4xx_HAL_Driver/Src/stm32f4xx_hal_adc_ex.c ****     /* Note: On this device, there is no ADC error code fields related to     */
 185:Drivers/STM32F4xx_HAL_Driver/Src/stm32f4xx_hal_adc_ex.c ****     /*       conversions on group injected only. In case of conversion on     */
 186:Drivers/STM32F4xx_HAL_Driver/Src/stm32f4xx_hal_adc_ex.c ****     /*       going on group regular, no error code is reset.                  */
 187:Drivers/STM32F4xx_HAL_Driver/Src/stm32f4xx_hal_adc_ex.c ****     if (HAL_IS_BIT_CLR(hadc->State, HAL_ADC_STATE_REG_BUSY))
 127              		.loc 1 187 9
 128 008c 7B68     		ldr	r3, [r7, #4]
 129 008e 1B6C     		ldr	r3, [r3, #64]
 130 0090 03F48073 		and	r3, r3, #256
 131              		.loc 1 187 8
 132 0094 002B     		cmp	r3, #0
 133 0096 02D1     		bne	.L8
 188:Drivers/STM32F4xx_HAL_Driver/Src/stm32f4xx_hal_adc_ex.c ****     {
 189:Drivers/STM32F4xx_HAL_Driver/Src/stm32f4xx_hal_adc_ex.c ****       /* Reset ADC all error code fields */
 190:Drivers/STM32F4xx_HAL_Driver/Src/stm32f4xx_hal_adc_ex.c ****       ADC_CLEAR_ERRORCODE(hadc);
 134              		.loc 1 190 7
 135 0098 7B68     		ldr	r3, [r7, #4]
 136 009a 0022     		movs	r2, #0
 137 009c 5A64     		str	r2, [r3, #68]
 138              	.L8:
 191:Drivers/STM32F4xx_HAL_Driver/Src/stm32f4xx_hal_adc_ex.c ****     }
 192:Drivers/STM32F4xx_HAL_Driver/Src/stm32f4xx_hal_adc_ex.c **** 
 193:Drivers/STM32F4xx_HAL_Driver/Src/stm32f4xx_hal_adc_ex.c ****     /* Process unlocked */
 194:Drivers/STM32F4xx_HAL_Driver/Src/stm32f4xx_hal_adc_ex.c ****     /* Unlock before starting ADC conversions: in case of potential           */
 195:Drivers/STM32F4xx_HAL_Driver/Src/stm32f4xx_hal_adc_ex.c ****     /* interruption, to let the process to ADC IRQ Handler.                   */
 196:Drivers/STM32F4xx_HAL_Driver/Src/stm32f4xx_hal_adc_ex.c ****     __HAL_UNLOCK(hadc);
 139              		.loc 1 196 5
 140 009e 7B68     		ldr	r3, [r7, #4]
 141 00a0 0022     		movs	r2, #0
 142 00a2 83F83C20 		strb	r2, [r3, #60]
 197:Drivers/STM32F4xx_HAL_Driver/Src/stm32f4xx_hal_adc_ex.c **** 
 198:Drivers/STM32F4xx_HAL_Driver/Src/stm32f4xx_hal_adc_ex.c ****     /* Clear injected group conversion flag */
 199:Drivers/STM32F4xx_HAL_Driver/Src/stm32f4xx_hal_adc_ex.c ****     /* (To ensure of no unknown state from potential previous ADC operations) */
 200:Drivers/STM32F4xx_HAL_Driver/Src/stm32f4xx_hal_adc_ex.c ****     __HAL_ADC_CLEAR_FLAG(hadc, ADC_FLAG_JEOC);
ARM GAS  /tmp/ccrcKv2T.s 			page 7


 143              		.loc 1 200 5
 144 00a6 7B68     		ldr	r3, [r7, #4]
 145 00a8 1B68     		ldr	r3, [r3]
 146 00aa 6FF00402 		mvn	r2, #4
 147 00ae 1A60     		str	r2, [r3]
 201:Drivers/STM32F4xx_HAL_Driver/Src/stm32f4xx_hal_adc_ex.c **** 
 202:Drivers/STM32F4xx_HAL_Driver/Src/stm32f4xx_hal_adc_ex.c ****     /* Pointer to the common control register to which is belonging hadc    */
 203:Drivers/STM32F4xx_HAL_Driver/Src/stm32f4xx_hal_adc_ex.c ****     /* (Depending on STM32F4 product, there may be up to 3 ADC and 1 common */
 204:Drivers/STM32F4xx_HAL_Driver/Src/stm32f4xx_hal_adc_ex.c ****     /* control register)                                                    */
 205:Drivers/STM32F4xx_HAL_Driver/Src/stm32f4xx_hal_adc_ex.c ****     tmpADC_Common = ADC_COMMON_REGISTER(hadc);
 148              		.loc 1 205 19
 149 00b0 364B     		ldr	r3, .L11+8
 150 00b2 FB60     		str	r3, [r7, #12]
 206:Drivers/STM32F4xx_HAL_Driver/Src/stm32f4xx_hal_adc_ex.c **** 
 207:Drivers/STM32F4xx_HAL_Driver/Src/stm32f4xx_hal_adc_ex.c ****     /* Check if Multimode enabled */
 208:Drivers/STM32F4xx_HAL_Driver/Src/stm32f4xx_hal_adc_ex.c ****     if (HAL_IS_BIT_CLR(tmpADC_Common->CCR, ADC_CCR_MULTI))
 151              		.loc 1 208 9
 152 00b4 FB68     		ldr	r3, [r7, #12]
 153 00b6 5B68     		ldr	r3, [r3, #4]
 154 00b8 03F01F03 		and	r3, r3, #31
 155              		.loc 1 208 8
 156 00bc 002B     		cmp	r3, #0
 157 00be 24D1     		bne	.L9
 209:Drivers/STM32F4xx_HAL_Driver/Src/stm32f4xx_hal_adc_ex.c ****     {
 210:Drivers/STM32F4xx_HAL_Driver/Src/stm32f4xx_hal_adc_ex.c ****       tmp1 = HAL_IS_BIT_CLR(hadc->Instance->CR2, ADC_CR2_JEXTEN);
 158              		.loc 1 210 14
 159 00c0 7B68     		ldr	r3, [r7, #4]
 160 00c2 1B68     		ldr	r3, [r3]
 161 00c4 9B68     		ldr	r3, [r3, #8]
 162 00c6 03F44013 		and	r3, r3, #3145728
 163 00ca 002B     		cmp	r3, #0
 164 00cc 0CBF     		ite	eq
 165 00ce 0123     		moveq	r3, #1
 166 00d0 0023     		movne	r3, #0
 167 00d2 DBB2     		uxtb	r3, r3
 168              		.loc 1 210 12
 169 00d4 7B61     		str	r3, [r7, #20]
 211:Drivers/STM32F4xx_HAL_Driver/Src/stm32f4xx_hal_adc_ex.c ****       tmp2 = HAL_IS_BIT_CLR(hadc->Instance->CR1, ADC_CR1_JAUTO);
 170              		.loc 1 211 14
 171 00d6 7B68     		ldr	r3, [r7, #4]
 172 00d8 1B68     		ldr	r3, [r3]
 173 00da 5B68     		ldr	r3, [r3, #4]
 174 00dc 03F48063 		and	r3, r3, #1024
 175 00e0 C3F38023 		ubfx	r3, r3, #10, #1
 176 00e4 83F00103 		eor	r3, r3, #1
 177 00e8 DBB2     		uxtb	r3, r3
 178              		.loc 1 211 12
 179 00ea 3B61     		str	r3, [r7, #16]
 212:Drivers/STM32F4xx_HAL_Driver/Src/stm32f4xx_hal_adc_ex.c ****       if (tmp1 && tmp2)
 180              		.loc 1 212 10
 181 00ec 7B69     		ldr	r3, [r7, #20]
 182 00ee 002B     		cmp	r3, #0
 183 00f0 41D0     		beq	.L10
 184              		.loc 1 212 16 discriminator 1
 185 00f2 3B69     		ldr	r3, [r7, #16]
 186 00f4 002B     		cmp	r3, #0
 187 00f6 3ED0     		beq	.L10
ARM GAS  /tmp/ccrcKv2T.s 			page 8


 213:Drivers/STM32F4xx_HAL_Driver/Src/stm32f4xx_hal_adc_ex.c ****       {
 214:Drivers/STM32F4xx_HAL_Driver/Src/stm32f4xx_hal_adc_ex.c ****         /* Enable the selected ADC software conversion for injected group */
 215:Drivers/STM32F4xx_HAL_Driver/Src/stm32f4xx_hal_adc_ex.c ****         hadc->Instance->CR2 |= ADC_CR2_JSWSTART;
 188              		.loc 1 215 13
 189 00f8 7B68     		ldr	r3, [r7, #4]
 190 00fa 1B68     		ldr	r3, [r3]
 191              		.loc 1 215 23
 192 00fc 9A68     		ldr	r2, [r3, #8]
 193              		.loc 1 215 13
 194 00fe 7B68     		ldr	r3, [r7, #4]
 195 0100 1B68     		ldr	r3, [r3]
 196              		.loc 1 215 29
 197 0102 42F48002 		orr	r2, r2, #4194304
 198 0106 9A60     		str	r2, [r3, #8]
 199 0108 35E0     		b	.L10
 200              	.L9:
 216:Drivers/STM32F4xx_HAL_Driver/Src/stm32f4xx_hal_adc_ex.c ****       }
 217:Drivers/STM32F4xx_HAL_Driver/Src/stm32f4xx_hal_adc_ex.c ****     }
 218:Drivers/STM32F4xx_HAL_Driver/Src/stm32f4xx_hal_adc_ex.c ****     else
 219:Drivers/STM32F4xx_HAL_Driver/Src/stm32f4xx_hal_adc_ex.c ****     {
 220:Drivers/STM32F4xx_HAL_Driver/Src/stm32f4xx_hal_adc_ex.c ****       tmp1 = HAL_IS_BIT_CLR(hadc->Instance->CR2, ADC_CR2_JEXTEN);
 201              		.loc 1 220 14
 202 010a 7B68     		ldr	r3, [r7, #4]
 203 010c 1B68     		ldr	r3, [r3]
 204 010e 9B68     		ldr	r3, [r3, #8]
 205 0110 03F44013 		and	r3, r3, #3145728
 206 0114 002B     		cmp	r3, #0
 207 0116 0CBF     		ite	eq
 208 0118 0123     		moveq	r3, #1
 209 011a 0023     		movne	r3, #0
 210 011c DBB2     		uxtb	r3, r3
 211              		.loc 1 220 12
 212 011e 7B61     		str	r3, [r7, #20]
 221:Drivers/STM32F4xx_HAL_Driver/Src/stm32f4xx_hal_adc_ex.c ****       tmp2 = HAL_IS_BIT_CLR(hadc->Instance->CR1, ADC_CR1_JAUTO);
 213              		.loc 1 221 14
 214 0120 7B68     		ldr	r3, [r7, #4]
 215 0122 1B68     		ldr	r3, [r3]
 216 0124 5B68     		ldr	r3, [r3, #4]
 217 0126 03F48063 		and	r3, r3, #1024
 218 012a C3F38023 		ubfx	r3, r3, #10, #1
 219 012e 83F00103 		eor	r3, r3, #1
 220 0132 DBB2     		uxtb	r3, r3
 221              		.loc 1 221 12
 222 0134 3B61     		str	r3, [r7, #16]
 222:Drivers/STM32F4xx_HAL_Driver/Src/stm32f4xx_hal_adc_ex.c ****       if ((hadc->Instance == ADC1) && tmp1 && tmp2)
 223              		.loc 1 222 16
 224 0136 7B68     		ldr	r3, [r7, #4]
 225 0138 1B68     		ldr	r3, [r3]
 226              		.loc 1 222 10
 227 013a 154A     		ldr	r2, .L11+12
 228 013c 9342     		cmp	r3, r2
 229 013e 1AD1     		bne	.L10
 230              		.loc 1 222 36 discriminator 1
 231 0140 7B69     		ldr	r3, [r7, #20]
 232 0142 002B     		cmp	r3, #0
 233 0144 17D0     		beq	.L10
 234              		.loc 1 222 44 discriminator 2
ARM GAS  /tmp/ccrcKv2T.s 			page 9


 235 0146 3B69     		ldr	r3, [r7, #16]
 236 0148 002B     		cmp	r3, #0
 237 014a 14D0     		beq	.L10
 223:Drivers/STM32F4xx_HAL_Driver/Src/stm32f4xx_hal_adc_ex.c ****       {
 224:Drivers/STM32F4xx_HAL_Driver/Src/stm32f4xx_hal_adc_ex.c ****         /* Enable the selected ADC software conversion for injected group */
 225:Drivers/STM32F4xx_HAL_Driver/Src/stm32f4xx_hal_adc_ex.c ****         hadc->Instance->CR2 |= ADC_CR2_JSWSTART;
 238              		.loc 1 225 13
 239 014c 7B68     		ldr	r3, [r7, #4]
 240 014e 1B68     		ldr	r3, [r3]
 241              		.loc 1 225 23
 242 0150 9A68     		ldr	r2, [r3, #8]
 243              		.loc 1 225 13
 244 0152 7B68     		ldr	r3, [r7, #4]
 245 0154 1B68     		ldr	r3, [r3]
 246              		.loc 1 225 29
 247 0156 42F48002 		orr	r2, r2, #4194304
 248 015a 9A60     		str	r2, [r3, #8]
 249 015c 0BE0     		b	.L10
 250              	.L7:
 226:Drivers/STM32F4xx_HAL_Driver/Src/stm32f4xx_hal_adc_ex.c ****       }
 227:Drivers/STM32F4xx_HAL_Driver/Src/stm32f4xx_hal_adc_ex.c ****     }
 228:Drivers/STM32F4xx_HAL_Driver/Src/stm32f4xx_hal_adc_ex.c ****   }
 229:Drivers/STM32F4xx_HAL_Driver/Src/stm32f4xx_hal_adc_ex.c ****   else
 230:Drivers/STM32F4xx_HAL_Driver/Src/stm32f4xx_hal_adc_ex.c ****   {
 231:Drivers/STM32F4xx_HAL_Driver/Src/stm32f4xx_hal_adc_ex.c ****     /* Update ADC state machine to error */
 232:Drivers/STM32F4xx_HAL_Driver/Src/stm32f4xx_hal_adc_ex.c ****     SET_BIT(hadc->State, HAL_ADC_STATE_ERROR_INTERNAL);
 251              		.loc 1 232 5
 252 015e 7B68     		ldr	r3, [r7, #4]
 253 0160 1B6C     		ldr	r3, [r3, #64]
 254 0162 43F01002 		orr	r2, r3, #16
 255 0166 7B68     		ldr	r3, [r7, #4]
 256 0168 1A64     		str	r2, [r3, #64]
 233:Drivers/STM32F4xx_HAL_Driver/Src/stm32f4xx_hal_adc_ex.c **** 
 234:Drivers/STM32F4xx_HAL_Driver/Src/stm32f4xx_hal_adc_ex.c ****     /* Set ADC error code to ADC IP internal error */
 235:Drivers/STM32F4xx_HAL_Driver/Src/stm32f4xx_hal_adc_ex.c ****     SET_BIT(hadc->ErrorCode, HAL_ADC_ERROR_INTERNAL);
 257              		.loc 1 235 5
 258 016a 7B68     		ldr	r3, [r7, #4]
 259 016c 5B6C     		ldr	r3, [r3, #68]
 260 016e 43F00102 		orr	r2, r3, #1
 261 0172 7B68     		ldr	r3, [r7, #4]
 262 0174 5A64     		str	r2, [r3, #68]
 263              	.L10:
 236:Drivers/STM32F4xx_HAL_Driver/Src/stm32f4xx_hal_adc_ex.c ****   }
 237:Drivers/STM32F4xx_HAL_Driver/Src/stm32f4xx_hal_adc_ex.c **** 
 238:Drivers/STM32F4xx_HAL_Driver/Src/stm32f4xx_hal_adc_ex.c ****   /* Return function status */
 239:Drivers/STM32F4xx_HAL_Driver/Src/stm32f4xx_hal_adc_ex.c ****   return HAL_OK;
 264              		.loc 1 239 10
 265 0176 0023     		movs	r3, #0
 266              	.L3:
 240:Drivers/STM32F4xx_HAL_Driver/Src/stm32f4xx_hal_adc_ex.c **** }
 267              		.loc 1 240 1
 268 0178 1846     		mov	r0, r3
 269 017a 1C37     		adds	r7, r7, #28
 270              	.LCFI3:
 271              		.cfi_def_cfa_offset 4
 272 017c BD46     		mov	sp, r7
 273              	.LCFI4:
ARM GAS  /tmp/ccrcKv2T.s 			page 10


 274              		.cfi_def_cfa_register 13
 275              		@ sp needed
 276 017e 80BC     		pop	{r7}
 277              	.LCFI5:
 278              		.cfi_restore 7
 279              		.cfi_def_cfa_offset 0
 280 0180 7047     		bx	lr
 281              	.L12:
 282 0182 00BF     		.align	2
 283              	.L11:
 284 0184 00000000 		.word	SystemCoreClock
 285 0188 83DE1B43 		.word	1125899907
 286 018c 00230140 		.word	1073816320
 287 0190 00200140 		.word	1073815552
 288              		.cfi_endproc
 289              	.LFE220:
 291              		.section	.text.HAL_ADCEx_InjectedStart_IT,"ax",%progbits
 292              		.align	1
 293              		.global	HAL_ADCEx_InjectedStart_IT
 294              		.syntax unified
 295              		.thumb
 296              		.thumb_func
 298              	HAL_ADCEx_InjectedStart_IT:
 299              	.LFB221:
 241:Drivers/STM32F4xx_HAL_Driver/Src/stm32f4xx_hal_adc_ex.c **** 
 242:Drivers/STM32F4xx_HAL_Driver/Src/stm32f4xx_hal_adc_ex.c **** /**
 243:Drivers/STM32F4xx_HAL_Driver/Src/stm32f4xx_hal_adc_ex.c ****   * @brief  Enables the interrupt and starts ADC conversion of injected channels.
 244:Drivers/STM32F4xx_HAL_Driver/Src/stm32f4xx_hal_adc_ex.c ****   * @param  hadc pointer to a ADC_HandleTypeDef structure that contains
 245:Drivers/STM32F4xx_HAL_Driver/Src/stm32f4xx_hal_adc_ex.c ****   *         the configuration information for the specified ADC.
 246:Drivers/STM32F4xx_HAL_Driver/Src/stm32f4xx_hal_adc_ex.c ****   *
 247:Drivers/STM32F4xx_HAL_Driver/Src/stm32f4xx_hal_adc_ex.c ****   * @retval HAL status.
 248:Drivers/STM32F4xx_HAL_Driver/Src/stm32f4xx_hal_adc_ex.c ****   */
 249:Drivers/STM32F4xx_HAL_Driver/Src/stm32f4xx_hal_adc_ex.c **** HAL_StatusTypeDef HAL_ADCEx_InjectedStart_IT(ADC_HandleTypeDef *hadc)
 250:Drivers/STM32F4xx_HAL_Driver/Src/stm32f4xx_hal_adc_ex.c **** {
 300              		.loc 1 250 1
 301              		.cfi_startproc
 302              		@ args = 0, pretend = 0, frame = 24
 303              		@ frame_needed = 1, uses_anonymous_args = 0
 304              		@ link register save eliminated.
 305 0000 80B4     		push	{r7}
 306              	.LCFI6:
 307              		.cfi_def_cfa_offset 4
 308              		.cfi_offset 7, -4
 309 0002 87B0     		sub	sp, sp, #28
 310              	.LCFI7:
 311              		.cfi_def_cfa_offset 32
 312 0004 00AF     		add	r7, sp, #0
 313              	.LCFI8:
 314              		.cfi_def_cfa_register 7
 315 0006 7860     		str	r0, [r7, #4]
 251:Drivers/STM32F4xx_HAL_Driver/Src/stm32f4xx_hal_adc_ex.c ****   __IO uint32_t counter = 0U;
 316              		.loc 1 251 17
 317 0008 0023     		movs	r3, #0
 318 000a BB60     		str	r3, [r7, #8]
 252:Drivers/STM32F4xx_HAL_Driver/Src/stm32f4xx_hal_adc_ex.c ****   uint32_t tmp1 = 0U, tmp2 = 0U;
 319              		.loc 1 252 12
 320 000c 0023     		movs	r3, #0
ARM GAS  /tmp/ccrcKv2T.s 			page 11


 321 000e 7B61     		str	r3, [r7, #20]
 322              		.loc 1 252 23
 323 0010 0023     		movs	r3, #0
 324 0012 3B61     		str	r3, [r7, #16]
 253:Drivers/STM32F4xx_HAL_Driver/Src/stm32f4xx_hal_adc_ex.c ****   ADC_Common_TypeDef *tmpADC_Common;
 254:Drivers/STM32F4xx_HAL_Driver/Src/stm32f4xx_hal_adc_ex.c **** 
 255:Drivers/STM32F4xx_HAL_Driver/Src/stm32f4xx_hal_adc_ex.c ****   /* Process locked */
 256:Drivers/STM32F4xx_HAL_Driver/Src/stm32f4xx_hal_adc_ex.c ****   __HAL_LOCK(hadc);
 325              		.loc 1 256 3
 326 0014 7B68     		ldr	r3, [r7, #4]
 327 0016 93F83C30 		ldrb	r3, [r3, #60]	@ zero_extendqisi2
 328 001a 012B     		cmp	r3, #1
 329 001c 01D1     		bne	.L14
 330              		.loc 1 256 3 is_stmt 0 discriminator 1
 331 001e 0223     		movs	r3, #2
 332              		.loc 1 256 3
 333 0020 B2E0     		b	.L15
 334              	.L14:
 335              		.loc 1 256 3 discriminator 2
 336 0022 7B68     		ldr	r3, [r7, #4]
 337 0024 0122     		movs	r2, #1
 338 0026 83F83C20 		strb	r2, [r3, #60]
 257:Drivers/STM32F4xx_HAL_Driver/Src/stm32f4xx_hal_adc_ex.c **** 
 258:Drivers/STM32F4xx_HAL_Driver/Src/stm32f4xx_hal_adc_ex.c ****   /* Enable the ADC peripheral */
 259:Drivers/STM32F4xx_HAL_Driver/Src/stm32f4xx_hal_adc_ex.c **** 
 260:Drivers/STM32F4xx_HAL_Driver/Src/stm32f4xx_hal_adc_ex.c ****   /* Check if ADC peripheral is disabled in order to enable it and wait during
 261:Drivers/STM32F4xx_HAL_Driver/Src/stm32f4xx_hal_adc_ex.c ****      Tstab time the ADC's stabilization */
 262:Drivers/STM32F4xx_HAL_Driver/Src/stm32f4xx_hal_adc_ex.c ****   if ((hadc->Instance->CR2 & ADC_CR2_ADON) != ADC_CR2_ADON)
 339              		.loc 1 262 12 is_stmt 1
 340 002a 7B68     		ldr	r3, [r7, #4]
 341 002c 1B68     		ldr	r3, [r3]
 342              		.loc 1 262 22
 343 002e 9B68     		ldr	r3, [r3, #8]
 344              		.loc 1 262 28
 345 0030 03F00103 		and	r3, r3, #1
 346              		.loc 1 262 6
 347 0034 012B     		cmp	r3, #1
 348 0036 18D0     		beq	.L16
 263:Drivers/STM32F4xx_HAL_Driver/Src/stm32f4xx_hal_adc_ex.c ****   {
 264:Drivers/STM32F4xx_HAL_Driver/Src/stm32f4xx_hal_adc_ex.c ****     /* Enable the Peripheral */
 265:Drivers/STM32F4xx_HAL_Driver/Src/stm32f4xx_hal_adc_ex.c ****     __HAL_ADC_ENABLE(hadc);
 349              		.loc 1 265 5
 350 0038 7B68     		ldr	r3, [r7, #4]
 351 003a 1B68     		ldr	r3, [r3]
 352 003c 9A68     		ldr	r2, [r3, #8]
 353 003e 7B68     		ldr	r3, [r7, #4]
 354 0040 1B68     		ldr	r3, [r3]
 355 0042 42F00102 		orr	r2, r2, #1
 356 0046 9A60     		str	r2, [r3, #8]
 266:Drivers/STM32F4xx_HAL_Driver/Src/stm32f4xx_hal_adc_ex.c **** 
 267:Drivers/STM32F4xx_HAL_Driver/Src/stm32f4xx_hal_adc_ex.c ****     /* Delay for ADC stabilization time */
 268:Drivers/STM32F4xx_HAL_Driver/Src/stm32f4xx_hal_adc_ex.c ****     /* Compute number of CPU cycles to wait for */
 269:Drivers/STM32F4xx_HAL_Driver/Src/stm32f4xx_hal_adc_ex.c ****     counter = (ADC_STAB_DELAY_US * (SystemCoreClock / 1000000U));
 357              		.loc 1 269 53
 358 0048 524B     		ldr	r3, .L23
 359 004a 1B68     		ldr	r3, [r3]
 360 004c 524A     		ldr	r2, .L23+4
ARM GAS  /tmp/ccrcKv2T.s 			page 12


 361 004e A2FB0323 		umull	r2, r3, r2, r3
 362 0052 9A0C     		lsrs	r2, r3, #18
 363              		.loc 1 269 34
 364 0054 1346     		mov	r3, r2
 365 0056 5B00     		lsls	r3, r3, #1
 366 0058 1344     		add	r3, r3, r2
 367              		.loc 1 269 13
 368 005a BB60     		str	r3, [r7, #8]
 270:Drivers/STM32F4xx_HAL_Driver/Src/stm32f4xx_hal_adc_ex.c ****     while (counter != 0U)
 369              		.loc 1 270 11
 370 005c 02E0     		b	.L17
 371              	.L18:
 271:Drivers/STM32F4xx_HAL_Driver/Src/stm32f4xx_hal_adc_ex.c ****     {
 272:Drivers/STM32F4xx_HAL_Driver/Src/stm32f4xx_hal_adc_ex.c ****       counter--;
 372              		.loc 1 272 14
 373 005e BB68     		ldr	r3, [r7, #8]
 374 0060 013B     		subs	r3, r3, #1
 375 0062 BB60     		str	r3, [r7, #8]
 376              	.L17:
 270:Drivers/STM32F4xx_HAL_Driver/Src/stm32f4xx_hal_adc_ex.c ****     while (counter != 0U)
 377              		.loc 1 270 20
 378 0064 BB68     		ldr	r3, [r7, #8]
 379 0066 002B     		cmp	r3, #0
 380 0068 F9D1     		bne	.L18
 381              	.L16:
 273:Drivers/STM32F4xx_HAL_Driver/Src/stm32f4xx_hal_adc_ex.c ****     }
 274:Drivers/STM32F4xx_HAL_Driver/Src/stm32f4xx_hal_adc_ex.c ****   }
 275:Drivers/STM32F4xx_HAL_Driver/Src/stm32f4xx_hal_adc_ex.c **** 
 276:Drivers/STM32F4xx_HAL_Driver/Src/stm32f4xx_hal_adc_ex.c ****   /* Start conversion if ADC is effectively enabled */
 277:Drivers/STM32F4xx_HAL_Driver/Src/stm32f4xx_hal_adc_ex.c ****   if (HAL_IS_BIT_SET(hadc->Instance->CR2, ADC_CR2_ADON))
 382              		.loc 1 277 7
 383 006a 7B68     		ldr	r3, [r7, #4]
 384 006c 1B68     		ldr	r3, [r3]
 385 006e 9B68     		ldr	r3, [r3, #8]
 386 0070 03F00103 		and	r3, r3, #1
 387              		.loc 1 277 6
 388 0074 012B     		cmp	r3, #1
 389 0076 7AD1     		bne	.L19
 278:Drivers/STM32F4xx_HAL_Driver/Src/stm32f4xx_hal_adc_ex.c ****   {
 279:Drivers/STM32F4xx_HAL_Driver/Src/stm32f4xx_hal_adc_ex.c ****     /* Set ADC state                                                          */
 280:Drivers/STM32F4xx_HAL_Driver/Src/stm32f4xx_hal_adc_ex.c ****     /* - Clear state bitfield related to injected group conversion results    */
 281:Drivers/STM32F4xx_HAL_Driver/Src/stm32f4xx_hal_adc_ex.c ****     /* - Set state bitfield related to injected operation                     */
 282:Drivers/STM32F4xx_HAL_Driver/Src/stm32f4xx_hal_adc_ex.c ****     ADC_STATE_CLR_SET(hadc->State,
 390              		.loc 1 282 5
 391 0078 7B68     		ldr	r3, [r7, #4]
 392 007a 1B6C     		ldr	r3, [r3, #64]
 393 007c 23F44053 		bic	r3, r3, #12288
 394 0080 23F00103 		bic	r3, r3, #1
 395 0084 43F48052 		orr	r2, r3, #4096
 396 0088 7B68     		ldr	r3, [r7, #4]
 397 008a 1A64     		str	r2, [r3, #64]
 283:Drivers/STM32F4xx_HAL_Driver/Src/stm32f4xx_hal_adc_ex.c ****                       HAL_ADC_STATE_READY | HAL_ADC_STATE_INJ_EOC,
 284:Drivers/STM32F4xx_HAL_Driver/Src/stm32f4xx_hal_adc_ex.c ****                       HAL_ADC_STATE_INJ_BUSY);
 285:Drivers/STM32F4xx_HAL_Driver/Src/stm32f4xx_hal_adc_ex.c **** 
 286:Drivers/STM32F4xx_HAL_Driver/Src/stm32f4xx_hal_adc_ex.c ****     /* Check if a regular conversion is ongoing */
 287:Drivers/STM32F4xx_HAL_Driver/Src/stm32f4xx_hal_adc_ex.c ****     /* Note: On this device, there is no ADC error code fields related to     */
 288:Drivers/STM32F4xx_HAL_Driver/Src/stm32f4xx_hal_adc_ex.c ****     /*       conversions on group injected only. In case of conversion on     */
ARM GAS  /tmp/ccrcKv2T.s 			page 13


 289:Drivers/STM32F4xx_HAL_Driver/Src/stm32f4xx_hal_adc_ex.c ****     /*       going on group regular, no error code is reset.                  */
 290:Drivers/STM32F4xx_HAL_Driver/Src/stm32f4xx_hal_adc_ex.c ****     if (HAL_IS_BIT_CLR(hadc->State, HAL_ADC_STATE_REG_BUSY))
 398              		.loc 1 290 9
 399 008c 7B68     		ldr	r3, [r7, #4]
 400 008e 1B6C     		ldr	r3, [r3, #64]
 401 0090 03F48073 		and	r3, r3, #256
 402              		.loc 1 290 8
 403 0094 002B     		cmp	r3, #0
 404 0096 02D1     		bne	.L20
 291:Drivers/STM32F4xx_HAL_Driver/Src/stm32f4xx_hal_adc_ex.c ****     {
 292:Drivers/STM32F4xx_HAL_Driver/Src/stm32f4xx_hal_adc_ex.c ****       /* Reset ADC all error code fields */
 293:Drivers/STM32F4xx_HAL_Driver/Src/stm32f4xx_hal_adc_ex.c ****       ADC_CLEAR_ERRORCODE(hadc);
 405              		.loc 1 293 7
 406 0098 7B68     		ldr	r3, [r7, #4]
 407 009a 0022     		movs	r2, #0
 408 009c 5A64     		str	r2, [r3, #68]
 409              	.L20:
 294:Drivers/STM32F4xx_HAL_Driver/Src/stm32f4xx_hal_adc_ex.c ****     }
 295:Drivers/STM32F4xx_HAL_Driver/Src/stm32f4xx_hal_adc_ex.c **** 
 296:Drivers/STM32F4xx_HAL_Driver/Src/stm32f4xx_hal_adc_ex.c ****     /* Process unlocked */
 297:Drivers/STM32F4xx_HAL_Driver/Src/stm32f4xx_hal_adc_ex.c ****     /* Unlock before starting ADC conversions: in case of potential           */
 298:Drivers/STM32F4xx_HAL_Driver/Src/stm32f4xx_hal_adc_ex.c ****     /* interruption, to let the process to ADC IRQ Handler.                   */
 299:Drivers/STM32F4xx_HAL_Driver/Src/stm32f4xx_hal_adc_ex.c ****     __HAL_UNLOCK(hadc);
 410              		.loc 1 299 5
 411 009e 7B68     		ldr	r3, [r7, #4]
 412 00a0 0022     		movs	r2, #0
 413 00a2 83F83C20 		strb	r2, [r3, #60]
 300:Drivers/STM32F4xx_HAL_Driver/Src/stm32f4xx_hal_adc_ex.c **** 
 301:Drivers/STM32F4xx_HAL_Driver/Src/stm32f4xx_hal_adc_ex.c ****     /* Clear injected group conversion flag */
 302:Drivers/STM32F4xx_HAL_Driver/Src/stm32f4xx_hal_adc_ex.c ****     /* (To ensure of no unknown state from potential previous ADC operations) */
 303:Drivers/STM32F4xx_HAL_Driver/Src/stm32f4xx_hal_adc_ex.c ****     __HAL_ADC_CLEAR_FLAG(hadc, ADC_FLAG_JEOC);
 414              		.loc 1 303 5
 415 00a6 7B68     		ldr	r3, [r7, #4]
 416 00a8 1B68     		ldr	r3, [r3]
 417 00aa 6FF00402 		mvn	r2, #4
 418 00ae 1A60     		str	r2, [r3]
 304:Drivers/STM32F4xx_HAL_Driver/Src/stm32f4xx_hal_adc_ex.c **** 
 305:Drivers/STM32F4xx_HAL_Driver/Src/stm32f4xx_hal_adc_ex.c ****     /* Enable end of conversion interrupt for injected channels */
 306:Drivers/STM32F4xx_HAL_Driver/Src/stm32f4xx_hal_adc_ex.c ****     __HAL_ADC_ENABLE_IT(hadc, ADC_IT_JEOC);
 419              		.loc 1 306 5
 420 00b0 7B68     		ldr	r3, [r7, #4]
 421 00b2 1B68     		ldr	r3, [r3]
 422 00b4 5A68     		ldr	r2, [r3, #4]
 423 00b6 7B68     		ldr	r3, [r7, #4]
 424 00b8 1B68     		ldr	r3, [r3]
 425 00ba 42F08002 		orr	r2, r2, #128
 426 00be 5A60     		str	r2, [r3, #4]
 307:Drivers/STM32F4xx_HAL_Driver/Src/stm32f4xx_hal_adc_ex.c **** 
 308:Drivers/STM32F4xx_HAL_Driver/Src/stm32f4xx_hal_adc_ex.c ****     /* Pointer to the common control register to which is belonging hadc    */
 309:Drivers/STM32F4xx_HAL_Driver/Src/stm32f4xx_hal_adc_ex.c ****     /* (Depending on STM32F4 product, there may be up to 3 ADC and 1 common */
 310:Drivers/STM32F4xx_HAL_Driver/Src/stm32f4xx_hal_adc_ex.c ****     /* control register)                                                    */
 311:Drivers/STM32F4xx_HAL_Driver/Src/stm32f4xx_hal_adc_ex.c ****     tmpADC_Common = ADC_COMMON_REGISTER(hadc);
 427              		.loc 1 311 19
 428 00c0 364B     		ldr	r3, .L23+8
 429 00c2 FB60     		str	r3, [r7, #12]
 312:Drivers/STM32F4xx_HAL_Driver/Src/stm32f4xx_hal_adc_ex.c **** 
 313:Drivers/STM32F4xx_HAL_Driver/Src/stm32f4xx_hal_adc_ex.c ****     /* Check if Multimode enabled */
ARM GAS  /tmp/ccrcKv2T.s 			page 14


 314:Drivers/STM32F4xx_HAL_Driver/Src/stm32f4xx_hal_adc_ex.c ****     if (HAL_IS_BIT_CLR(tmpADC_Common->CCR, ADC_CCR_MULTI))
 430              		.loc 1 314 9
 431 00c4 FB68     		ldr	r3, [r7, #12]
 432 00c6 5B68     		ldr	r3, [r3, #4]
 433 00c8 03F01F03 		and	r3, r3, #31
 434              		.loc 1 314 8
 435 00cc 002B     		cmp	r3, #0
 436 00ce 24D1     		bne	.L21
 315:Drivers/STM32F4xx_HAL_Driver/Src/stm32f4xx_hal_adc_ex.c ****     {
 316:Drivers/STM32F4xx_HAL_Driver/Src/stm32f4xx_hal_adc_ex.c ****       tmp1 = HAL_IS_BIT_CLR(hadc->Instance->CR2, ADC_CR2_JEXTEN);
 437              		.loc 1 316 14
 438 00d0 7B68     		ldr	r3, [r7, #4]
 439 00d2 1B68     		ldr	r3, [r3]
 440 00d4 9B68     		ldr	r3, [r3, #8]
 441 00d6 03F44013 		and	r3, r3, #3145728
 442 00da 002B     		cmp	r3, #0
 443 00dc 0CBF     		ite	eq
 444 00de 0123     		moveq	r3, #1
 445 00e0 0023     		movne	r3, #0
 446 00e2 DBB2     		uxtb	r3, r3
 447              		.loc 1 316 12
 448 00e4 7B61     		str	r3, [r7, #20]
 317:Drivers/STM32F4xx_HAL_Driver/Src/stm32f4xx_hal_adc_ex.c ****       tmp2 = HAL_IS_BIT_CLR(hadc->Instance->CR1, ADC_CR1_JAUTO);
 449              		.loc 1 317 14
 450 00e6 7B68     		ldr	r3, [r7, #4]
 451 00e8 1B68     		ldr	r3, [r3]
 452 00ea 5B68     		ldr	r3, [r3, #4]
 453 00ec 03F48063 		and	r3, r3, #1024
 454 00f0 C3F38023 		ubfx	r3, r3, #10, #1
 455 00f4 83F00103 		eor	r3, r3, #1
 456 00f8 DBB2     		uxtb	r3, r3
 457              		.loc 1 317 12
 458 00fa 3B61     		str	r3, [r7, #16]
 318:Drivers/STM32F4xx_HAL_Driver/Src/stm32f4xx_hal_adc_ex.c ****       if (tmp1 && tmp2)
 459              		.loc 1 318 10
 460 00fc 7B69     		ldr	r3, [r7, #20]
 461 00fe 002B     		cmp	r3, #0
 462 0100 41D0     		beq	.L22
 463              		.loc 1 318 16 discriminator 1
 464 0102 3B69     		ldr	r3, [r7, #16]
 465 0104 002B     		cmp	r3, #0
 466 0106 3ED0     		beq	.L22
 319:Drivers/STM32F4xx_HAL_Driver/Src/stm32f4xx_hal_adc_ex.c ****       {
 320:Drivers/STM32F4xx_HAL_Driver/Src/stm32f4xx_hal_adc_ex.c ****         /* Enable the selected ADC software conversion for injected group */
 321:Drivers/STM32F4xx_HAL_Driver/Src/stm32f4xx_hal_adc_ex.c ****         hadc->Instance->CR2 |= ADC_CR2_JSWSTART;
 467              		.loc 1 321 13
 468 0108 7B68     		ldr	r3, [r7, #4]
 469 010a 1B68     		ldr	r3, [r3]
 470              		.loc 1 321 23
 471 010c 9A68     		ldr	r2, [r3, #8]
 472              		.loc 1 321 13
 473 010e 7B68     		ldr	r3, [r7, #4]
 474 0110 1B68     		ldr	r3, [r3]
 475              		.loc 1 321 29
 476 0112 42F48002 		orr	r2, r2, #4194304
 477 0116 9A60     		str	r2, [r3, #8]
 478 0118 35E0     		b	.L22
ARM GAS  /tmp/ccrcKv2T.s 			page 15


 479              	.L21:
 322:Drivers/STM32F4xx_HAL_Driver/Src/stm32f4xx_hal_adc_ex.c ****       }
 323:Drivers/STM32F4xx_HAL_Driver/Src/stm32f4xx_hal_adc_ex.c ****     }
 324:Drivers/STM32F4xx_HAL_Driver/Src/stm32f4xx_hal_adc_ex.c ****     else
 325:Drivers/STM32F4xx_HAL_Driver/Src/stm32f4xx_hal_adc_ex.c ****     {
 326:Drivers/STM32F4xx_HAL_Driver/Src/stm32f4xx_hal_adc_ex.c ****       tmp1 = HAL_IS_BIT_CLR(hadc->Instance->CR2, ADC_CR2_JEXTEN);
 480              		.loc 1 326 14
 481 011a 7B68     		ldr	r3, [r7, #4]
 482 011c 1B68     		ldr	r3, [r3]
 483 011e 9B68     		ldr	r3, [r3, #8]
 484 0120 03F44013 		and	r3, r3, #3145728
 485 0124 002B     		cmp	r3, #0
 486 0126 0CBF     		ite	eq
 487 0128 0123     		moveq	r3, #1
 488 012a 0023     		movne	r3, #0
 489 012c DBB2     		uxtb	r3, r3
 490              		.loc 1 326 12
 491 012e 7B61     		str	r3, [r7, #20]
 327:Drivers/STM32F4xx_HAL_Driver/Src/stm32f4xx_hal_adc_ex.c ****       tmp2 = HAL_IS_BIT_CLR(hadc->Instance->CR1, ADC_CR1_JAUTO);
 492              		.loc 1 327 14
 493 0130 7B68     		ldr	r3, [r7, #4]
 494 0132 1B68     		ldr	r3, [r3]
 495 0134 5B68     		ldr	r3, [r3, #4]
 496 0136 03F48063 		and	r3, r3, #1024
 497 013a C3F38023 		ubfx	r3, r3, #10, #1
 498 013e 83F00103 		eor	r3, r3, #1
 499 0142 DBB2     		uxtb	r3, r3
 500              		.loc 1 327 12
 501 0144 3B61     		str	r3, [r7, #16]
 328:Drivers/STM32F4xx_HAL_Driver/Src/stm32f4xx_hal_adc_ex.c ****       if ((hadc->Instance == ADC1) && tmp1 && tmp2)
 502              		.loc 1 328 16
 503 0146 7B68     		ldr	r3, [r7, #4]
 504 0148 1B68     		ldr	r3, [r3]
 505              		.loc 1 328 10
 506 014a 154A     		ldr	r2, .L23+12
 507 014c 9342     		cmp	r3, r2
 508 014e 1AD1     		bne	.L22
 509              		.loc 1 328 36 discriminator 1
 510 0150 7B69     		ldr	r3, [r7, #20]
 511 0152 002B     		cmp	r3, #0
 512 0154 17D0     		beq	.L22
 513              		.loc 1 328 44 discriminator 2
 514 0156 3B69     		ldr	r3, [r7, #16]
 515 0158 002B     		cmp	r3, #0
 516 015a 14D0     		beq	.L22
 329:Drivers/STM32F4xx_HAL_Driver/Src/stm32f4xx_hal_adc_ex.c ****       {
 330:Drivers/STM32F4xx_HAL_Driver/Src/stm32f4xx_hal_adc_ex.c ****         /* Enable the selected ADC software conversion for injected group */
 331:Drivers/STM32F4xx_HAL_Driver/Src/stm32f4xx_hal_adc_ex.c ****         hadc->Instance->CR2 |= ADC_CR2_JSWSTART;
 517              		.loc 1 331 13
 518 015c 7B68     		ldr	r3, [r7, #4]
 519 015e 1B68     		ldr	r3, [r3]
 520              		.loc 1 331 23
 521 0160 9A68     		ldr	r2, [r3, #8]
 522              		.loc 1 331 13
 523 0162 7B68     		ldr	r3, [r7, #4]
 524 0164 1B68     		ldr	r3, [r3]
 525              		.loc 1 331 29
ARM GAS  /tmp/ccrcKv2T.s 			page 16


 526 0166 42F48002 		orr	r2, r2, #4194304
 527 016a 9A60     		str	r2, [r3, #8]
 528 016c 0BE0     		b	.L22
 529              	.L19:
 332:Drivers/STM32F4xx_HAL_Driver/Src/stm32f4xx_hal_adc_ex.c ****       }
 333:Drivers/STM32F4xx_HAL_Driver/Src/stm32f4xx_hal_adc_ex.c ****     }
 334:Drivers/STM32F4xx_HAL_Driver/Src/stm32f4xx_hal_adc_ex.c ****   }
 335:Drivers/STM32F4xx_HAL_Driver/Src/stm32f4xx_hal_adc_ex.c ****   else
 336:Drivers/STM32F4xx_HAL_Driver/Src/stm32f4xx_hal_adc_ex.c ****   {
 337:Drivers/STM32F4xx_HAL_Driver/Src/stm32f4xx_hal_adc_ex.c ****     /* Update ADC state machine to error */
 338:Drivers/STM32F4xx_HAL_Driver/Src/stm32f4xx_hal_adc_ex.c ****     SET_BIT(hadc->State, HAL_ADC_STATE_ERROR_INTERNAL);
 530              		.loc 1 338 5
 531 016e 7B68     		ldr	r3, [r7, #4]
 532 0170 1B6C     		ldr	r3, [r3, #64]
 533 0172 43F01002 		orr	r2, r3, #16
 534 0176 7B68     		ldr	r3, [r7, #4]
 535 0178 1A64     		str	r2, [r3, #64]
 339:Drivers/STM32F4xx_HAL_Driver/Src/stm32f4xx_hal_adc_ex.c **** 
 340:Drivers/STM32F4xx_HAL_Driver/Src/stm32f4xx_hal_adc_ex.c ****     /* Set ADC error code to ADC IP internal error */
 341:Drivers/STM32F4xx_HAL_Driver/Src/stm32f4xx_hal_adc_ex.c ****     SET_BIT(hadc->ErrorCode, HAL_ADC_ERROR_INTERNAL);
 536              		.loc 1 341 5
 537 017a 7B68     		ldr	r3, [r7, #4]
 538 017c 5B6C     		ldr	r3, [r3, #68]
 539 017e 43F00102 		orr	r2, r3, #1
 540 0182 7B68     		ldr	r3, [r7, #4]
 541 0184 5A64     		str	r2, [r3, #68]
 542              	.L22:
 342:Drivers/STM32F4xx_HAL_Driver/Src/stm32f4xx_hal_adc_ex.c ****   }
 343:Drivers/STM32F4xx_HAL_Driver/Src/stm32f4xx_hal_adc_ex.c **** 
 344:Drivers/STM32F4xx_HAL_Driver/Src/stm32f4xx_hal_adc_ex.c ****   /* Return function status */
 345:Drivers/STM32F4xx_HAL_Driver/Src/stm32f4xx_hal_adc_ex.c ****   return HAL_OK;
 543              		.loc 1 345 10
 544 0186 0023     		movs	r3, #0
 545              	.L15:
 346:Drivers/STM32F4xx_HAL_Driver/Src/stm32f4xx_hal_adc_ex.c **** }
 546              		.loc 1 346 1
 547 0188 1846     		mov	r0, r3
 548 018a 1C37     		adds	r7, r7, #28
 549              	.LCFI9:
 550              		.cfi_def_cfa_offset 4
 551 018c BD46     		mov	sp, r7
 552              	.LCFI10:
 553              		.cfi_def_cfa_register 13
 554              		@ sp needed
 555 018e 80BC     		pop	{r7}
 556              	.LCFI11:
 557              		.cfi_restore 7
 558              		.cfi_def_cfa_offset 0
 559 0190 7047     		bx	lr
 560              	.L24:
 561 0192 00BF     		.align	2
 562              	.L23:
 563 0194 00000000 		.word	SystemCoreClock
 564 0198 83DE1B43 		.word	1125899907
 565 019c 00230140 		.word	1073816320
 566 01a0 00200140 		.word	1073815552
 567              		.cfi_endproc
ARM GAS  /tmp/ccrcKv2T.s 			page 17


 568              	.LFE221:
 570              		.section	.text.HAL_ADCEx_InjectedStop,"ax",%progbits
 571              		.align	1
 572              		.global	HAL_ADCEx_InjectedStop
 573              		.syntax unified
 574              		.thumb
 575              		.thumb_func
 577              	HAL_ADCEx_InjectedStop:
 578              	.LFB222:
 347:Drivers/STM32F4xx_HAL_Driver/Src/stm32f4xx_hal_adc_ex.c **** 
 348:Drivers/STM32F4xx_HAL_Driver/Src/stm32f4xx_hal_adc_ex.c **** /**
 349:Drivers/STM32F4xx_HAL_Driver/Src/stm32f4xx_hal_adc_ex.c ****   * @brief  Stop conversion of injected channels. Disable ADC peripheral if
 350:Drivers/STM32F4xx_HAL_Driver/Src/stm32f4xx_hal_adc_ex.c ****   *         no regular conversion is on going.
 351:Drivers/STM32F4xx_HAL_Driver/Src/stm32f4xx_hal_adc_ex.c ****   * @note   If ADC must be disabled and if conversion is on going on
 352:Drivers/STM32F4xx_HAL_Driver/Src/stm32f4xx_hal_adc_ex.c ****   *         regular group, function HAL_ADC_Stop must be used to stop both
 353:Drivers/STM32F4xx_HAL_Driver/Src/stm32f4xx_hal_adc_ex.c ****   *         injected and regular groups, and disable the ADC.
 354:Drivers/STM32F4xx_HAL_Driver/Src/stm32f4xx_hal_adc_ex.c ****   * @note   If injected group mode auto-injection is enabled,
 355:Drivers/STM32F4xx_HAL_Driver/Src/stm32f4xx_hal_adc_ex.c ****   *         function HAL_ADC_Stop must be used.
 356:Drivers/STM32F4xx_HAL_Driver/Src/stm32f4xx_hal_adc_ex.c ****   * @note   In case of auto-injection mode, HAL_ADC_Stop must be used.
 357:Drivers/STM32F4xx_HAL_Driver/Src/stm32f4xx_hal_adc_ex.c ****   * @param  hadc ADC handle
 358:Drivers/STM32F4xx_HAL_Driver/Src/stm32f4xx_hal_adc_ex.c ****   * @retval None
 359:Drivers/STM32F4xx_HAL_Driver/Src/stm32f4xx_hal_adc_ex.c ****   */
 360:Drivers/STM32F4xx_HAL_Driver/Src/stm32f4xx_hal_adc_ex.c **** HAL_StatusTypeDef HAL_ADCEx_InjectedStop(ADC_HandleTypeDef *hadc)
 361:Drivers/STM32F4xx_HAL_Driver/Src/stm32f4xx_hal_adc_ex.c **** {
 579              		.loc 1 361 1
 580              		.cfi_startproc
 581              		@ args = 0, pretend = 0, frame = 16
 582              		@ frame_needed = 1, uses_anonymous_args = 0
 583              		@ link register save eliminated.
 584 0000 80B4     		push	{r7}
 585              	.LCFI12:
 586              		.cfi_def_cfa_offset 4
 587              		.cfi_offset 7, -4
 588 0002 85B0     		sub	sp, sp, #20
 589              	.LCFI13:
 590              		.cfi_def_cfa_offset 24
 591 0004 00AF     		add	r7, sp, #0
 592              	.LCFI14:
 593              		.cfi_def_cfa_register 7
 594 0006 7860     		str	r0, [r7, #4]
 362:Drivers/STM32F4xx_HAL_Driver/Src/stm32f4xx_hal_adc_ex.c ****   HAL_StatusTypeDef tmp_hal_status = HAL_OK;
 595              		.loc 1 362 21
 596 0008 0023     		movs	r3, #0
 597 000a FB73     		strb	r3, [r7, #15]
 363:Drivers/STM32F4xx_HAL_Driver/Src/stm32f4xx_hal_adc_ex.c **** 
 364:Drivers/STM32F4xx_HAL_Driver/Src/stm32f4xx_hal_adc_ex.c ****   /* Check the parameters */
 365:Drivers/STM32F4xx_HAL_Driver/Src/stm32f4xx_hal_adc_ex.c ****   assert_param(IS_ADC_ALL_INSTANCE(hadc->Instance));
 366:Drivers/STM32F4xx_HAL_Driver/Src/stm32f4xx_hal_adc_ex.c **** 
 367:Drivers/STM32F4xx_HAL_Driver/Src/stm32f4xx_hal_adc_ex.c ****   /* Process locked */
 368:Drivers/STM32F4xx_HAL_Driver/Src/stm32f4xx_hal_adc_ex.c ****   __HAL_LOCK(hadc);
 598              		.loc 1 368 3
 599 000c 7B68     		ldr	r3, [r7, #4]
 600 000e 93F83C30 		ldrb	r3, [r3, #60]	@ zero_extendqisi2
 601 0012 012B     		cmp	r3, #1
 602 0014 01D1     		bne	.L26
 603              		.loc 1 368 3 is_stmt 0 discriminator 1
 604 0016 0223     		movs	r3, #2
ARM GAS  /tmp/ccrcKv2T.s 			page 18


 605              		.loc 1 368 3
 606 0018 37E0     		b	.L27
 607              	.L26:
 608              		.loc 1 368 3 discriminator 2
 609 001a 7B68     		ldr	r3, [r7, #4]
 610 001c 0122     		movs	r2, #1
 611 001e 83F83C20 		strb	r2, [r3, #60]
 369:Drivers/STM32F4xx_HAL_Driver/Src/stm32f4xx_hal_adc_ex.c **** 
 370:Drivers/STM32F4xx_HAL_Driver/Src/stm32f4xx_hal_adc_ex.c ****   /* Stop potential conversion and disable ADC peripheral                     */
 371:Drivers/STM32F4xx_HAL_Driver/Src/stm32f4xx_hal_adc_ex.c ****   /* Conditioned to:                                                          */
 372:Drivers/STM32F4xx_HAL_Driver/Src/stm32f4xx_hal_adc_ex.c ****   /* - No conversion on the other group (regular group) is intended to        */
 373:Drivers/STM32F4xx_HAL_Driver/Src/stm32f4xx_hal_adc_ex.c ****   /*   continue (injected and regular groups stop conversion and ADC disable  */
 374:Drivers/STM32F4xx_HAL_Driver/Src/stm32f4xx_hal_adc_ex.c ****   /*   are common)                                                            */
 375:Drivers/STM32F4xx_HAL_Driver/Src/stm32f4xx_hal_adc_ex.c ****   /* - In case of auto-injection mode, HAL_ADC_Stop must be used.             */
 376:Drivers/STM32F4xx_HAL_Driver/Src/stm32f4xx_hal_adc_ex.c ****   if (((hadc->State & HAL_ADC_STATE_REG_BUSY) == RESET)  &&
 612              		.loc 1 376 13 is_stmt 1
 613 0022 7B68     		ldr	r3, [r7, #4]
 614 0024 1B6C     		ldr	r3, [r3, #64]
 615              		.loc 1 376 21
 616 0026 03F48073 		and	r3, r3, #256
 617              		.loc 1 376 6
 618 002a 002B     		cmp	r3, #0
 619 002c 20D1     		bne	.L28
 377:Drivers/STM32F4xx_HAL_Driver/Src/stm32f4xx_hal_adc_ex.c ****       HAL_IS_BIT_CLR(hadc->Instance->CR1, ADC_CR1_JAUTO))
 620              		.loc 1 377 7
 621 002e 7B68     		ldr	r3, [r7, #4]
 622 0030 1B68     		ldr	r3, [r3]
 623 0032 5B68     		ldr	r3, [r3, #4]
 624 0034 03F48063 		and	r3, r3, #1024
 376:Drivers/STM32F4xx_HAL_Driver/Src/stm32f4xx_hal_adc_ex.c ****       HAL_IS_BIT_CLR(hadc->Instance->CR1, ADC_CR1_JAUTO))
 625              		.loc 1 376 58 discriminator 1
 626 0038 002B     		cmp	r3, #0
 627 003a 19D1     		bne	.L28
 378:Drivers/STM32F4xx_HAL_Driver/Src/stm32f4xx_hal_adc_ex.c ****   {
 379:Drivers/STM32F4xx_HAL_Driver/Src/stm32f4xx_hal_adc_ex.c ****     /* Stop potential conversion on going, on regular and injected groups */
 380:Drivers/STM32F4xx_HAL_Driver/Src/stm32f4xx_hal_adc_ex.c ****     /* Disable ADC peripheral */
 381:Drivers/STM32F4xx_HAL_Driver/Src/stm32f4xx_hal_adc_ex.c ****     __HAL_ADC_DISABLE(hadc);
 628              		.loc 1 381 5
 629 003c 7B68     		ldr	r3, [r7, #4]
 630 003e 1B68     		ldr	r3, [r3]
 631 0040 9A68     		ldr	r2, [r3, #8]
 632 0042 7B68     		ldr	r3, [r7, #4]
 633 0044 1B68     		ldr	r3, [r3]
 634 0046 22F00102 		bic	r2, r2, #1
 635 004a 9A60     		str	r2, [r3, #8]
 382:Drivers/STM32F4xx_HAL_Driver/Src/stm32f4xx_hal_adc_ex.c **** 
 383:Drivers/STM32F4xx_HAL_Driver/Src/stm32f4xx_hal_adc_ex.c ****     /* Check if ADC is effectively disabled */
 384:Drivers/STM32F4xx_HAL_Driver/Src/stm32f4xx_hal_adc_ex.c ****     if (HAL_IS_BIT_CLR(hadc->Instance->CR2, ADC_CR2_ADON))
 636              		.loc 1 384 9
 637 004c 7B68     		ldr	r3, [r7, #4]
 638 004e 1B68     		ldr	r3, [r3]
 639 0050 9B68     		ldr	r3, [r3, #8]
 640 0052 03F00103 		and	r3, r3, #1
 641              		.loc 1 384 8
 642 0056 002B     		cmp	r3, #0
 643 0058 12D1     		bne	.L30
 385:Drivers/STM32F4xx_HAL_Driver/Src/stm32f4xx_hal_adc_ex.c ****     {
ARM GAS  /tmp/ccrcKv2T.s 			page 19


 386:Drivers/STM32F4xx_HAL_Driver/Src/stm32f4xx_hal_adc_ex.c ****       /* Set ADC state */
 387:Drivers/STM32F4xx_HAL_Driver/Src/stm32f4xx_hal_adc_ex.c ****       ADC_STATE_CLR_SET(hadc->State,
 644              		.loc 1 387 7
 645 005a 7B68     		ldr	r3, [r7, #4]
 646 005c 1B6C     		ldr	r3, [r3, #64]
 647 005e 23F48853 		bic	r3, r3, #4352
 648 0062 23F00103 		bic	r3, r3, #1
 649 0066 43F00102 		orr	r2, r3, #1
 650 006a 7B68     		ldr	r3, [r7, #4]
 651 006c 1A64     		str	r2, [r3, #64]
 384:Drivers/STM32F4xx_HAL_Driver/Src/stm32f4xx_hal_adc_ex.c ****     {
 652              		.loc 1 384 8
 653 006e 07E0     		b	.L30
 654              	.L28:
 388:Drivers/STM32F4xx_HAL_Driver/Src/stm32f4xx_hal_adc_ex.c ****                         HAL_ADC_STATE_REG_BUSY | HAL_ADC_STATE_INJ_BUSY,
 389:Drivers/STM32F4xx_HAL_Driver/Src/stm32f4xx_hal_adc_ex.c ****                         HAL_ADC_STATE_READY);
 390:Drivers/STM32F4xx_HAL_Driver/Src/stm32f4xx_hal_adc_ex.c ****     }
 391:Drivers/STM32F4xx_HAL_Driver/Src/stm32f4xx_hal_adc_ex.c ****   }
 392:Drivers/STM32F4xx_HAL_Driver/Src/stm32f4xx_hal_adc_ex.c ****   else
 393:Drivers/STM32F4xx_HAL_Driver/Src/stm32f4xx_hal_adc_ex.c ****   {
 394:Drivers/STM32F4xx_HAL_Driver/Src/stm32f4xx_hal_adc_ex.c ****     /* Update ADC state machine to error */
 395:Drivers/STM32F4xx_HAL_Driver/Src/stm32f4xx_hal_adc_ex.c ****     SET_BIT(hadc->State, HAL_ADC_STATE_ERROR_CONFIG);
 655              		.loc 1 395 5
 656 0070 7B68     		ldr	r3, [r7, #4]
 657 0072 1B6C     		ldr	r3, [r3, #64]
 658 0074 43F02002 		orr	r2, r3, #32
 659 0078 7B68     		ldr	r3, [r7, #4]
 660 007a 1A64     		str	r2, [r3, #64]
 396:Drivers/STM32F4xx_HAL_Driver/Src/stm32f4xx_hal_adc_ex.c **** 
 397:Drivers/STM32F4xx_HAL_Driver/Src/stm32f4xx_hal_adc_ex.c ****     tmp_hal_status = HAL_ERROR;
 661              		.loc 1 397 20
 662 007c 0123     		movs	r3, #1
 663 007e FB73     		strb	r3, [r7, #15]
 664              	.L30:
 398:Drivers/STM32F4xx_HAL_Driver/Src/stm32f4xx_hal_adc_ex.c ****   }
 399:Drivers/STM32F4xx_HAL_Driver/Src/stm32f4xx_hal_adc_ex.c **** 
 400:Drivers/STM32F4xx_HAL_Driver/Src/stm32f4xx_hal_adc_ex.c ****   /* Process unlocked */
 401:Drivers/STM32F4xx_HAL_Driver/Src/stm32f4xx_hal_adc_ex.c ****   __HAL_UNLOCK(hadc);
 665              		.loc 1 401 3
 666 0080 7B68     		ldr	r3, [r7, #4]
 667 0082 0022     		movs	r2, #0
 668 0084 83F83C20 		strb	r2, [r3, #60]
 402:Drivers/STM32F4xx_HAL_Driver/Src/stm32f4xx_hal_adc_ex.c **** 
 403:Drivers/STM32F4xx_HAL_Driver/Src/stm32f4xx_hal_adc_ex.c ****   /* Return function status */
 404:Drivers/STM32F4xx_HAL_Driver/Src/stm32f4xx_hal_adc_ex.c ****   return tmp_hal_status;
 669              		.loc 1 404 10
 670 0088 FB7B     		ldrb	r3, [r7, #15]	@ zero_extendqisi2
 671              	.L27:
 405:Drivers/STM32F4xx_HAL_Driver/Src/stm32f4xx_hal_adc_ex.c **** }
 672              		.loc 1 405 1
 673 008a 1846     		mov	r0, r3
 674 008c 1437     		adds	r7, r7, #20
 675              	.LCFI15:
 676              		.cfi_def_cfa_offset 4
 677 008e BD46     		mov	sp, r7
 678              	.LCFI16:
 679              		.cfi_def_cfa_register 13
ARM GAS  /tmp/ccrcKv2T.s 			page 20


 680              		@ sp needed
 681 0090 80BC     		pop	{r7}
 682              	.LCFI17:
 683              		.cfi_restore 7
 684              		.cfi_def_cfa_offset 0
 685 0092 7047     		bx	lr
 686              		.cfi_endproc
 687              	.LFE222:
 689              		.section	.text.HAL_ADCEx_InjectedPollForConversion,"ax",%progbits
 690              		.align	1
 691              		.global	HAL_ADCEx_InjectedPollForConversion
 692              		.syntax unified
 693              		.thumb
 694              		.thumb_func
 696              	HAL_ADCEx_InjectedPollForConversion:
 697              	.LFB223:
 406:Drivers/STM32F4xx_HAL_Driver/Src/stm32f4xx_hal_adc_ex.c **** 
 407:Drivers/STM32F4xx_HAL_Driver/Src/stm32f4xx_hal_adc_ex.c **** /**
 408:Drivers/STM32F4xx_HAL_Driver/Src/stm32f4xx_hal_adc_ex.c ****   * @brief  Poll for injected conversion complete
 409:Drivers/STM32F4xx_HAL_Driver/Src/stm32f4xx_hal_adc_ex.c ****   * @param  hadc pointer to a ADC_HandleTypeDef structure that contains
 410:Drivers/STM32F4xx_HAL_Driver/Src/stm32f4xx_hal_adc_ex.c ****   *         the configuration information for the specified ADC.
 411:Drivers/STM32F4xx_HAL_Driver/Src/stm32f4xx_hal_adc_ex.c ****   * @param  Timeout Timeout value in millisecond.
 412:Drivers/STM32F4xx_HAL_Driver/Src/stm32f4xx_hal_adc_ex.c ****   * @retval HAL status
 413:Drivers/STM32F4xx_HAL_Driver/Src/stm32f4xx_hal_adc_ex.c ****   */
 414:Drivers/STM32F4xx_HAL_Driver/Src/stm32f4xx_hal_adc_ex.c **** HAL_StatusTypeDef HAL_ADCEx_InjectedPollForConversion(ADC_HandleTypeDef *hadc, uint32_t Timeout)
 415:Drivers/STM32F4xx_HAL_Driver/Src/stm32f4xx_hal_adc_ex.c **** {
 698              		.loc 1 415 1
 699              		.cfi_startproc
 700              		@ args = 0, pretend = 0, frame = 16
 701              		@ frame_needed = 1, uses_anonymous_args = 0
 702 0000 80B5     		push	{r7, lr}
 703              	.LCFI18:
 704              		.cfi_def_cfa_offset 8
 705              		.cfi_offset 7, -8
 706              		.cfi_offset 14, -4
 707 0002 84B0     		sub	sp, sp, #16
 708              	.LCFI19:
 709              		.cfi_def_cfa_offset 24
 710 0004 00AF     		add	r7, sp, #0
 711              	.LCFI20:
 712              		.cfi_def_cfa_register 7
 713 0006 7860     		str	r0, [r7, #4]
 714 0008 3960     		str	r1, [r7]
 416:Drivers/STM32F4xx_HAL_Driver/Src/stm32f4xx_hal_adc_ex.c ****   uint32_t tickstart = 0U;
 715              		.loc 1 416 12
 716 000a 0023     		movs	r3, #0
 717 000c FB60     		str	r3, [r7, #12]
 417:Drivers/STM32F4xx_HAL_Driver/Src/stm32f4xx_hal_adc_ex.c **** 
 418:Drivers/STM32F4xx_HAL_Driver/Src/stm32f4xx_hal_adc_ex.c ****   /* Get tick */
 419:Drivers/STM32F4xx_HAL_Driver/Src/stm32f4xx_hal_adc_ex.c ****   tickstart = HAL_GetTick();
 718              		.loc 1 419 15
 719 000e FFF7FEFF 		bl	HAL_GetTick
 720 0012 F860     		str	r0, [r7, #12]
 420:Drivers/STM32F4xx_HAL_Driver/Src/stm32f4xx_hal_adc_ex.c **** 
 421:Drivers/STM32F4xx_HAL_Driver/Src/stm32f4xx_hal_adc_ex.c ****   /* Check End of conversion flag */
 422:Drivers/STM32F4xx_HAL_Driver/Src/stm32f4xx_hal_adc_ex.c ****   while (!(__HAL_ADC_GET_FLAG(hadc, ADC_FLAG_JEOC)))
 721              		.loc 1 422 9
ARM GAS  /tmp/ccrcKv2T.s 			page 21


 722 0014 1EE0     		b	.L33
 723              	.L37:
 423:Drivers/STM32F4xx_HAL_Driver/Src/stm32f4xx_hal_adc_ex.c ****   {
 424:Drivers/STM32F4xx_HAL_Driver/Src/stm32f4xx_hal_adc_ex.c ****     /* Check for the Timeout */
 425:Drivers/STM32F4xx_HAL_Driver/Src/stm32f4xx_hal_adc_ex.c ****     if (Timeout != HAL_MAX_DELAY)
 724              		.loc 1 425 8
 725 0016 3B68     		ldr	r3, [r7]
 726 0018 B3F1FF3F 		cmp	r3, #-1
 727 001c 1AD0     		beq	.L33
 426:Drivers/STM32F4xx_HAL_Driver/Src/stm32f4xx_hal_adc_ex.c ****     {
 427:Drivers/STM32F4xx_HAL_Driver/Src/stm32f4xx_hal_adc_ex.c ****       if ((Timeout == 0U) || ((HAL_GetTick() - tickstart) > Timeout))
 728              		.loc 1 427 10
 729 001e 3B68     		ldr	r3, [r7]
 730 0020 002B     		cmp	r3, #0
 731 0022 07D0     		beq	.L34
 732              		.loc 1 427 32 discriminator 1
 733 0024 FFF7FEFF 		bl	HAL_GetTick
 734 0028 0246     		mov	r2, r0
 735              		.loc 1 427 46 discriminator 2
 736 002a FB68     		ldr	r3, [r7, #12]
 737 002c D31A     		subs	r3, r2, r3
 738              		.loc 1 427 27 discriminator 2
 739 002e 3A68     		ldr	r2, [r7]
 740 0030 9A42     		cmp	r2, r3
 741 0032 0FD2     		bcs	.L33
 742              	.L34:
 428:Drivers/STM32F4xx_HAL_Driver/Src/stm32f4xx_hal_adc_ex.c ****       {
 429:Drivers/STM32F4xx_HAL_Driver/Src/stm32f4xx_hal_adc_ex.c ****         /* New check to avoid false timeout detection in case of preemption */
 430:Drivers/STM32F4xx_HAL_Driver/Src/stm32f4xx_hal_adc_ex.c ****         if (!(__HAL_ADC_GET_FLAG(hadc, ADC_FLAG_JEOC)))
 743              		.loc 1 430 15
 744 0034 7B68     		ldr	r3, [r7, #4]
 745 0036 1B68     		ldr	r3, [r3]
 746 0038 1B68     		ldr	r3, [r3]
 747 003a 03F00403 		and	r3, r3, #4
 748              		.loc 1 430 12
 749 003e 042B     		cmp	r3, #4
 750 0040 08D0     		beq	.L33
 431:Drivers/STM32F4xx_HAL_Driver/Src/stm32f4xx_hal_adc_ex.c ****         {
 432:Drivers/STM32F4xx_HAL_Driver/Src/stm32f4xx_hal_adc_ex.c ****           hadc->State = HAL_ADC_STATE_TIMEOUT;
 751              		.loc 1 432 23
 752 0042 7B68     		ldr	r3, [r7, #4]
 753 0044 0422     		movs	r2, #4
 754 0046 1A64     		str	r2, [r3, #64]
 433:Drivers/STM32F4xx_HAL_Driver/Src/stm32f4xx_hal_adc_ex.c ****           /* Process unlocked */
 434:Drivers/STM32F4xx_HAL_Driver/Src/stm32f4xx_hal_adc_ex.c ****           __HAL_UNLOCK(hadc);
 755              		.loc 1 434 11
 756 0048 7B68     		ldr	r3, [r7, #4]
 757 004a 0022     		movs	r2, #0
 758 004c 83F83C20 		strb	r2, [r3, #60]
 435:Drivers/STM32F4xx_HAL_Driver/Src/stm32f4xx_hal_adc_ex.c ****           return HAL_TIMEOUT;
 759              		.loc 1 435 18
 760 0050 0323     		movs	r3, #3
 761 0052 4BE0     		b	.L36
 762              	.L33:
 422:Drivers/STM32F4xx_HAL_Driver/Src/stm32f4xx_hal_adc_ex.c ****   {
 763              		.loc 1 422 12
 764 0054 7B68     		ldr	r3, [r7, #4]
ARM GAS  /tmp/ccrcKv2T.s 			page 22


 765 0056 1B68     		ldr	r3, [r3]
 766 0058 1B68     		ldr	r3, [r3]
 767 005a 03F00403 		and	r3, r3, #4
 422:Drivers/STM32F4xx_HAL_Driver/Src/stm32f4xx_hal_adc_ex.c ****   {
 768              		.loc 1 422 10
 769 005e 042B     		cmp	r3, #4
 770 0060 D9D1     		bne	.L37
 436:Drivers/STM32F4xx_HAL_Driver/Src/stm32f4xx_hal_adc_ex.c ****         }
 437:Drivers/STM32F4xx_HAL_Driver/Src/stm32f4xx_hal_adc_ex.c ****       }
 438:Drivers/STM32F4xx_HAL_Driver/Src/stm32f4xx_hal_adc_ex.c ****     }
 439:Drivers/STM32F4xx_HAL_Driver/Src/stm32f4xx_hal_adc_ex.c ****   }
 440:Drivers/STM32F4xx_HAL_Driver/Src/stm32f4xx_hal_adc_ex.c **** 
 441:Drivers/STM32F4xx_HAL_Driver/Src/stm32f4xx_hal_adc_ex.c ****   /* Clear injected group conversion flag */
 442:Drivers/STM32F4xx_HAL_Driver/Src/stm32f4xx_hal_adc_ex.c ****   __HAL_ADC_CLEAR_FLAG(hadc, ADC_FLAG_JSTRT | ADC_FLAG_JEOC);
 771              		.loc 1 442 3
 772 0062 7B68     		ldr	r3, [r7, #4]
 773 0064 1B68     		ldr	r3, [r3]
 774 0066 6FF00C02 		mvn	r2, #12
 775 006a 1A60     		str	r2, [r3]
 443:Drivers/STM32F4xx_HAL_Driver/Src/stm32f4xx_hal_adc_ex.c **** 
 444:Drivers/STM32F4xx_HAL_Driver/Src/stm32f4xx_hal_adc_ex.c ****   /* Update ADC state machine */
 445:Drivers/STM32F4xx_HAL_Driver/Src/stm32f4xx_hal_adc_ex.c ****   SET_BIT(hadc->State, HAL_ADC_STATE_INJ_EOC);
 776              		.loc 1 445 3
 777 006c 7B68     		ldr	r3, [r7, #4]
 778 006e 1B6C     		ldr	r3, [r3, #64]
 779 0070 43F40052 		orr	r2, r3, #8192
 780 0074 7B68     		ldr	r3, [r7, #4]
 781 0076 1A64     		str	r2, [r3, #64]
 446:Drivers/STM32F4xx_HAL_Driver/Src/stm32f4xx_hal_adc_ex.c **** 
 447:Drivers/STM32F4xx_HAL_Driver/Src/stm32f4xx_hal_adc_ex.c ****   /* Determine whether any further conversion upcoming on group injected      */
 448:Drivers/STM32F4xx_HAL_Driver/Src/stm32f4xx_hal_adc_ex.c ****   /* by external trigger, continuous mode or scan sequence on going.          */
 449:Drivers/STM32F4xx_HAL_Driver/Src/stm32f4xx_hal_adc_ex.c ****   /* Note: On STM32F4, there is no independent flag of end of sequence.       */
 450:Drivers/STM32F4xx_HAL_Driver/Src/stm32f4xx_hal_adc_ex.c ****   /*       The test of scan sequence on going is done either with scan        */
 451:Drivers/STM32F4xx_HAL_Driver/Src/stm32f4xx_hal_adc_ex.c ****   /*       sequence disabled or with end of conversion flag set to            */
 452:Drivers/STM32F4xx_HAL_Driver/Src/stm32f4xx_hal_adc_ex.c ****   /*       of end of sequence.                                                */
 453:Drivers/STM32F4xx_HAL_Driver/Src/stm32f4xx_hal_adc_ex.c ****   if (ADC_IS_SOFTWARE_START_INJECTED(hadc)                    &&
 782              		.loc 1 453 7
 783 0078 7B68     		ldr	r3, [r7, #4]
 784 007a 1B68     		ldr	r3, [r3]
 785 007c 9B68     		ldr	r3, [r3, #8]
 786 007e 03F44013 		and	r3, r3, #3145728
 787              		.loc 1 453 6
 788 0082 002B     		cmp	r3, #0
 789 0084 31D1     		bne	.L38
 454:Drivers/STM32F4xx_HAL_Driver/Src/stm32f4xx_hal_adc_ex.c ****       (HAL_IS_BIT_CLR(hadc->Instance->JSQR, ADC_JSQR_JL)  ||
 790              		.loc 1 454 8
 791 0086 7B68     		ldr	r3, [r7, #4]
 792 0088 1B68     		ldr	r3, [r3]
 793 008a 9B6B     		ldr	r3, [r3, #56]
 794 008c 03F44013 		and	r3, r3, #3145728
 453:Drivers/STM32F4xx_HAL_Driver/Src/stm32f4xx_hal_adc_ex.c ****       (HAL_IS_BIT_CLR(hadc->Instance->JSQR, ADC_JSQR_JL)  ||
 795              		.loc 1 453 63 discriminator 1
 796 0090 002B     		cmp	r3, #0
 797 0092 06D0     		beq	.L39
 455:Drivers/STM32F4xx_HAL_Driver/Src/stm32f4xx_hal_adc_ex.c ****        HAL_IS_BIT_CLR(hadc->Instance->CR2, ADC_CR2_EOCS)) &&
 798              		.loc 1 455 8
 799 0094 7B68     		ldr	r3, [r7, #4]
ARM GAS  /tmp/ccrcKv2T.s 			page 23


 800 0096 1B68     		ldr	r3, [r3]
 801 0098 9B68     		ldr	r3, [r3, #8]
 802 009a 03F48063 		and	r3, r3, #1024
 454:Drivers/STM32F4xx_HAL_Driver/Src/stm32f4xx_hal_adc_ex.c ****       (HAL_IS_BIT_CLR(hadc->Instance->JSQR, ADC_JSQR_JL)  ||
 803              		.loc 1 454 59
 804 009e 002B     		cmp	r3, #0
 805 00a0 23D1     		bne	.L38
 806              	.L39:
 456:Drivers/STM32F4xx_HAL_Driver/Src/stm32f4xx_hal_adc_ex.c ****       (HAL_IS_BIT_CLR(hadc->Instance->CR1, ADC_CR1_JAUTO) &&
 807              		.loc 1 456 8
 808 00a2 7B68     		ldr	r3, [r7, #4]
 809 00a4 1B68     		ldr	r3, [r3]
 810 00a6 5B68     		ldr	r3, [r3, #4]
 811 00a8 03F48063 		and	r3, r3, #1024
 455:Drivers/STM32F4xx_HAL_Driver/Src/stm32f4xx_hal_adc_ex.c ****        HAL_IS_BIT_CLR(hadc->Instance->CR2, ADC_CR2_EOCS)) &&
 812              		.loc 1 455 59
 813 00ac 002B     		cmp	r3, #0
 814 00ae 1CD1     		bne	.L38
 457:Drivers/STM32F4xx_HAL_Driver/Src/stm32f4xx_hal_adc_ex.c ****        (ADC_IS_SOFTWARE_START_REGULAR(hadc)       &&
 815              		.loc 1 457 9
 816 00b0 7B68     		ldr	r3, [r7, #4]
 817 00b2 1B68     		ldr	r3, [r3]
 818 00b4 9B68     		ldr	r3, [r3, #8]
 819 00b6 03F04053 		and	r3, r3, #805306368
 456:Drivers/STM32F4xx_HAL_Driver/Src/stm32f4xx_hal_adc_ex.c ****       (HAL_IS_BIT_CLR(hadc->Instance->CR1, ADC_CR1_JAUTO) &&
 820              		.loc 1 456 59
 821 00ba 002B     		cmp	r3, #0
 822 00bc 15D1     		bne	.L38
 458:Drivers/STM32F4xx_HAL_Driver/Src/stm32f4xx_hal_adc_ex.c ****         (hadc->Init.ContinuousConvMode == DISABLE))))
 823              		.loc 1 458 20
 824 00be 7B68     		ldr	r3, [r7, #4]
 825 00c0 1B7E     		ldrb	r3, [r3, #24]	@ zero_extendqisi2
 457:Drivers/STM32F4xx_HAL_Driver/Src/stm32f4xx_hal_adc_ex.c ****        (ADC_IS_SOFTWARE_START_REGULAR(hadc)       &&
 826              		.loc 1 457 51
 827 00c2 002B     		cmp	r3, #0
 828 00c4 11D1     		bne	.L38
 459:Drivers/STM32F4xx_HAL_Driver/Src/stm32f4xx_hal_adc_ex.c ****   {
 460:Drivers/STM32F4xx_HAL_Driver/Src/stm32f4xx_hal_adc_ex.c ****     /* Set ADC state */
 461:Drivers/STM32F4xx_HAL_Driver/Src/stm32f4xx_hal_adc_ex.c ****     CLEAR_BIT(hadc->State, HAL_ADC_STATE_INJ_BUSY);
 829              		.loc 1 461 5
 830 00c6 7B68     		ldr	r3, [r7, #4]
 831 00c8 1B6C     		ldr	r3, [r3, #64]
 832 00ca 23F48052 		bic	r2, r3, #4096
 833 00ce 7B68     		ldr	r3, [r7, #4]
 834 00d0 1A64     		str	r2, [r3, #64]
 462:Drivers/STM32F4xx_HAL_Driver/Src/stm32f4xx_hal_adc_ex.c **** 
 463:Drivers/STM32F4xx_HAL_Driver/Src/stm32f4xx_hal_adc_ex.c ****     if (HAL_IS_BIT_CLR(hadc->State, HAL_ADC_STATE_REG_BUSY))
 835              		.loc 1 463 9
 836 00d2 7B68     		ldr	r3, [r7, #4]
 837 00d4 1B6C     		ldr	r3, [r3, #64]
 838 00d6 03F48073 		and	r3, r3, #256
 839              		.loc 1 463 8
 840 00da 002B     		cmp	r3, #0
 841 00dc 05D1     		bne	.L38
 464:Drivers/STM32F4xx_HAL_Driver/Src/stm32f4xx_hal_adc_ex.c ****     {
 465:Drivers/STM32F4xx_HAL_Driver/Src/stm32f4xx_hal_adc_ex.c ****       SET_BIT(hadc->State, HAL_ADC_STATE_READY);
 842              		.loc 1 465 7
ARM GAS  /tmp/ccrcKv2T.s 			page 24


 843 00de 7B68     		ldr	r3, [r7, #4]
 844 00e0 1B6C     		ldr	r3, [r3, #64]
 845 00e2 43F00102 		orr	r2, r3, #1
 846 00e6 7B68     		ldr	r3, [r7, #4]
 847 00e8 1A64     		str	r2, [r3, #64]
 848              	.L38:
 466:Drivers/STM32F4xx_HAL_Driver/Src/stm32f4xx_hal_adc_ex.c ****     }
 467:Drivers/STM32F4xx_HAL_Driver/Src/stm32f4xx_hal_adc_ex.c ****   }
 468:Drivers/STM32F4xx_HAL_Driver/Src/stm32f4xx_hal_adc_ex.c **** 
 469:Drivers/STM32F4xx_HAL_Driver/Src/stm32f4xx_hal_adc_ex.c ****   /* Return ADC state */
 470:Drivers/STM32F4xx_HAL_Driver/Src/stm32f4xx_hal_adc_ex.c ****   return HAL_OK;
 849              		.loc 1 470 10
 850 00ea 0023     		movs	r3, #0
 851              	.L36:
 471:Drivers/STM32F4xx_HAL_Driver/Src/stm32f4xx_hal_adc_ex.c **** }
 852              		.loc 1 471 1
 853 00ec 1846     		mov	r0, r3
 854 00ee 1037     		adds	r7, r7, #16
 855              	.LCFI21:
 856              		.cfi_def_cfa_offset 8
 857 00f0 BD46     		mov	sp, r7
 858              	.LCFI22:
 859              		.cfi_def_cfa_register 13
 860              		@ sp needed
 861 00f2 80BD     		pop	{r7, pc}
 862              		.cfi_endproc
 863              	.LFE223:
 865              		.section	.text.HAL_ADCEx_InjectedStop_IT,"ax",%progbits
 866              		.align	1
 867              		.global	HAL_ADCEx_InjectedStop_IT
 868              		.syntax unified
 869              		.thumb
 870              		.thumb_func
 872              	HAL_ADCEx_InjectedStop_IT:
 873              	.LFB224:
 472:Drivers/STM32F4xx_HAL_Driver/Src/stm32f4xx_hal_adc_ex.c **** 
 473:Drivers/STM32F4xx_HAL_Driver/Src/stm32f4xx_hal_adc_ex.c **** /**
 474:Drivers/STM32F4xx_HAL_Driver/Src/stm32f4xx_hal_adc_ex.c ****   * @brief  Stop conversion of injected channels, disable interruption of
 475:Drivers/STM32F4xx_HAL_Driver/Src/stm32f4xx_hal_adc_ex.c ****   *         end-of-conversion. Disable ADC peripheral if no regular conversion
 476:Drivers/STM32F4xx_HAL_Driver/Src/stm32f4xx_hal_adc_ex.c ****   *         is on going.
 477:Drivers/STM32F4xx_HAL_Driver/Src/stm32f4xx_hal_adc_ex.c ****   * @note   If ADC must be disabled and if conversion is on going on
 478:Drivers/STM32F4xx_HAL_Driver/Src/stm32f4xx_hal_adc_ex.c ****   *         regular group, function HAL_ADC_Stop must be used to stop both
 479:Drivers/STM32F4xx_HAL_Driver/Src/stm32f4xx_hal_adc_ex.c ****   *         injected and regular groups, and disable the ADC.
 480:Drivers/STM32F4xx_HAL_Driver/Src/stm32f4xx_hal_adc_ex.c ****   * @note   If injected group mode auto-injection is enabled,
 481:Drivers/STM32F4xx_HAL_Driver/Src/stm32f4xx_hal_adc_ex.c ****   *         function HAL_ADC_Stop must be used.
 482:Drivers/STM32F4xx_HAL_Driver/Src/stm32f4xx_hal_adc_ex.c ****   * @param  hadc ADC handle
 483:Drivers/STM32F4xx_HAL_Driver/Src/stm32f4xx_hal_adc_ex.c ****   * @retval None
 484:Drivers/STM32F4xx_HAL_Driver/Src/stm32f4xx_hal_adc_ex.c ****   */
 485:Drivers/STM32F4xx_HAL_Driver/Src/stm32f4xx_hal_adc_ex.c **** HAL_StatusTypeDef HAL_ADCEx_InjectedStop_IT(ADC_HandleTypeDef *hadc)
 486:Drivers/STM32F4xx_HAL_Driver/Src/stm32f4xx_hal_adc_ex.c **** {
 874              		.loc 1 486 1
 875              		.cfi_startproc
 876              		@ args = 0, pretend = 0, frame = 16
 877              		@ frame_needed = 1, uses_anonymous_args = 0
 878              		@ link register save eliminated.
 879 0000 80B4     		push	{r7}
 880              	.LCFI23:
ARM GAS  /tmp/ccrcKv2T.s 			page 25


 881              		.cfi_def_cfa_offset 4
 882              		.cfi_offset 7, -4
 883 0002 85B0     		sub	sp, sp, #20
 884              	.LCFI24:
 885              		.cfi_def_cfa_offset 24
 886 0004 00AF     		add	r7, sp, #0
 887              	.LCFI25:
 888              		.cfi_def_cfa_register 7
 889 0006 7860     		str	r0, [r7, #4]
 487:Drivers/STM32F4xx_HAL_Driver/Src/stm32f4xx_hal_adc_ex.c ****   HAL_StatusTypeDef tmp_hal_status = HAL_OK;
 890              		.loc 1 487 21
 891 0008 0023     		movs	r3, #0
 892 000a FB73     		strb	r3, [r7, #15]
 488:Drivers/STM32F4xx_HAL_Driver/Src/stm32f4xx_hal_adc_ex.c **** 
 489:Drivers/STM32F4xx_HAL_Driver/Src/stm32f4xx_hal_adc_ex.c ****   /* Check the parameters */
 490:Drivers/STM32F4xx_HAL_Driver/Src/stm32f4xx_hal_adc_ex.c ****   assert_param(IS_ADC_ALL_INSTANCE(hadc->Instance));
 491:Drivers/STM32F4xx_HAL_Driver/Src/stm32f4xx_hal_adc_ex.c **** 
 492:Drivers/STM32F4xx_HAL_Driver/Src/stm32f4xx_hal_adc_ex.c ****   /* Process locked */
 493:Drivers/STM32F4xx_HAL_Driver/Src/stm32f4xx_hal_adc_ex.c ****   __HAL_LOCK(hadc);
 893              		.loc 1 493 3
 894 000c 7B68     		ldr	r3, [r7, #4]
 895 000e 93F83C30 		ldrb	r3, [r3, #60]	@ zero_extendqisi2
 896 0012 012B     		cmp	r3, #1
 897 0014 01D1     		bne	.L41
 898              		.loc 1 493 3 is_stmt 0 discriminator 1
 899 0016 0223     		movs	r3, #2
 900              		.loc 1 493 3
 901 0018 3FE0     		b	.L42
 902              	.L41:
 903              		.loc 1 493 3 discriminator 2
 904 001a 7B68     		ldr	r3, [r7, #4]
 905 001c 0122     		movs	r2, #1
 906 001e 83F83C20 		strb	r2, [r3, #60]
 494:Drivers/STM32F4xx_HAL_Driver/Src/stm32f4xx_hal_adc_ex.c **** 
 495:Drivers/STM32F4xx_HAL_Driver/Src/stm32f4xx_hal_adc_ex.c ****   /* Stop potential conversion and disable ADC peripheral                     */
 496:Drivers/STM32F4xx_HAL_Driver/Src/stm32f4xx_hal_adc_ex.c ****   /* Conditioned to:                                                          */
 497:Drivers/STM32F4xx_HAL_Driver/Src/stm32f4xx_hal_adc_ex.c ****   /* - No conversion on the other group (regular group) is intended to        */
 498:Drivers/STM32F4xx_HAL_Driver/Src/stm32f4xx_hal_adc_ex.c ****   /*   continue (injected and regular groups stop conversion and ADC disable  */
 499:Drivers/STM32F4xx_HAL_Driver/Src/stm32f4xx_hal_adc_ex.c ****   /*   are common)                                                            */
 500:Drivers/STM32F4xx_HAL_Driver/Src/stm32f4xx_hal_adc_ex.c ****   /* - In case of auto-injection mode, HAL_ADC_Stop must be used.             */
 501:Drivers/STM32F4xx_HAL_Driver/Src/stm32f4xx_hal_adc_ex.c ****   if (((hadc->State & HAL_ADC_STATE_REG_BUSY) == RESET)  &&
 907              		.loc 1 501 13 is_stmt 1
 908 0022 7B68     		ldr	r3, [r7, #4]
 909 0024 1B6C     		ldr	r3, [r3, #64]
 910              		.loc 1 501 21
 911 0026 03F48073 		and	r3, r3, #256
 912              		.loc 1 501 6
 913 002a 002B     		cmp	r3, #0
 914 002c 28D1     		bne	.L43
 502:Drivers/STM32F4xx_HAL_Driver/Src/stm32f4xx_hal_adc_ex.c ****       HAL_IS_BIT_CLR(hadc->Instance->CR1, ADC_CR1_JAUTO))
 915              		.loc 1 502 7
 916 002e 7B68     		ldr	r3, [r7, #4]
 917 0030 1B68     		ldr	r3, [r3]
 918 0032 5B68     		ldr	r3, [r3, #4]
 919 0034 03F48063 		and	r3, r3, #1024
 501:Drivers/STM32F4xx_HAL_Driver/Src/stm32f4xx_hal_adc_ex.c ****       HAL_IS_BIT_CLR(hadc->Instance->CR1, ADC_CR1_JAUTO))
 920              		.loc 1 501 58 discriminator 1
ARM GAS  /tmp/ccrcKv2T.s 			page 26


 921 0038 002B     		cmp	r3, #0
 922 003a 21D1     		bne	.L43
 503:Drivers/STM32F4xx_HAL_Driver/Src/stm32f4xx_hal_adc_ex.c ****   {
 504:Drivers/STM32F4xx_HAL_Driver/Src/stm32f4xx_hal_adc_ex.c ****     /* Stop potential conversion on going, on regular and injected groups */
 505:Drivers/STM32F4xx_HAL_Driver/Src/stm32f4xx_hal_adc_ex.c ****     /* Disable ADC peripheral */
 506:Drivers/STM32F4xx_HAL_Driver/Src/stm32f4xx_hal_adc_ex.c ****     __HAL_ADC_DISABLE(hadc);
 923              		.loc 1 506 5
 924 003c 7B68     		ldr	r3, [r7, #4]
 925 003e 1B68     		ldr	r3, [r3]
 926 0040 9A68     		ldr	r2, [r3, #8]
 927 0042 7B68     		ldr	r3, [r7, #4]
 928 0044 1B68     		ldr	r3, [r3]
 929 0046 22F00102 		bic	r2, r2, #1
 930 004a 9A60     		str	r2, [r3, #8]
 507:Drivers/STM32F4xx_HAL_Driver/Src/stm32f4xx_hal_adc_ex.c **** 
 508:Drivers/STM32F4xx_HAL_Driver/Src/stm32f4xx_hal_adc_ex.c ****     /* Check if ADC is effectively disabled */
 509:Drivers/STM32F4xx_HAL_Driver/Src/stm32f4xx_hal_adc_ex.c ****     if (HAL_IS_BIT_CLR(hadc->Instance->CR2, ADC_CR2_ADON))
 931              		.loc 1 509 9
 932 004c 7B68     		ldr	r3, [r7, #4]
 933 004e 1B68     		ldr	r3, [r3]
 934 0050 9B68     		ldr	r3, [r3, #8]
 935 0052 03F00103 		and	r3, r3, #1
 936              		.loc 1 509 8
 937 0056 002B     		cmp	r3, #0
 938 0058 1AD1     		bne	.L45
 510:Drivers/STM32F4xx_HAL_Driver/Src/stm32f4xx_hal_adc_ex.c ****     {
 511:Drivers/STM32F4xx_HAL_Driver/Src/stm32f4xx_hal_adc_ex.c ****       /* Disable ADC end of conversion interrupt for injected channels */
 512:Drivers/STM32F4xx_HAL_Driver/Src/stm32f4xx_hal_adc_ex.c ****       __HAL_ADC_DISABLE_IT(hadc, ADC_IT_JEOC);
 939              		.loc 1 512 7
 940 005a 7B68     		ldr	r3, [r7, #4]
 941 005c 1B68     		ldr	r3, [r3]
 942 005e 5A68     		ldr	r2, [r3, #4]
 943 0060 7B68     		ldr	r3, [r7, #4]
 944 0062 1B68     		ldr	r3, [r3]
 945 0064 22F08002 		bic	r2, r2, #128
 946 0068 5A60     		str	r2, [r3, #4]
 513:Drivers/STM32F4xx_HAL_Driver/Src/stm32f4xx_hal_adc_ex.c **** 
 514:Drivers/STM32F4xx_HAL_Driver/Src/stm32f4xx_hal_adc_ex.c ****       /* Set ADC state */
 515:Drivers/STM32F4xx_HAL_Driver/Src/stm32f4xx_hal_adc_ex.c ****       ADC_STATE_CLR_SET(hadc->State,
 947              		.loc 1 515 7
 948 006a 7B68     		ldr	r3, [r7, #4]
 949 006c 1B6C     		ldr	r3, [r3, #64]
 950 006e 23F48853 		bic	r3, r3, #4352
 951 0072 23F00103 		bic	r3, r3, #1
 952 0076 43F00102 		orr	r2, r3, #1
 953 007a 7B68     		ldr	r3, [r7, #4]
 954 007c 1A64     		str	r2, [r3, #64]
 509:Drivers/STM32F4xx_HAL_Driver/Src/stm32f4xx_hal_adc_ex.c ****     {
 955              		.loc 1 509 8
 956 007e 07E0     		b	.L45
 957              	.L43:
 516:Drivers/STM32F4xx_HAL_Driver/Src/stm32f4xx_hal_adc_ex.c ****                         HAL_ADC_STATE_REG_BUSY | HAL_ADC_STATE_INJ_BUSY,
 517:Drivers/STM32F4xx_HAL_Driver/Src/stm32f4xx_hal_adc_ex.c ****                         HAL_ADC_STATE_READY);
 518:Drivers/STM32F4xx_HAL_Driver/Src/stm32f4xx_hal_adc_ex.c ****     }
 519:Drivers/STM32F4xx_HAL_Driver/Src/stm32f4xx_hal_adc_ex.c ****   }
 520:Drivers/STM32F4xx_HAL_Driver/Src/stm32f4xx_hal_adc_ex.c ****   else
 521:Drivers/STM32F4xx_HAL_Driver/Src/stm32f4xx_hal_adc_ex.c ****   {
ARM GAS  /tmp/ccrcKv2T.s 			page 27


 522:Drivers/STM32F4xx_HAL_Driver/Src/stm32f4xx_hal_adc_ex.c ****     /* Update ADC state machine to error */
 523:Drivers/STM32F4xx_HAL_Driver/Src/stm32f4xx_hal_adc_ex.c ****     SET_BIT(hadc->State, HAL_ADC_STATE_ERROR_CONFIG);
 958              		.loc 1 523 5
 959 0080 7B68     		ldr	r3, [r7, #4]
 960 0082 1B6C     		ldr	r3, [r3, #64]
 961 0084 43F02002 		orr	r2, r3, #32
 962 0088 7B68     		ldr	r3, [r7, #4]
 963 008a 1A64     		str	r2, [r3, #64]
 524:Drivers/STM32F4xx_HAL_Driver/Src/stm32f4xx_hal_adc_ex.c **** 
 525:Drivers/STM32F4xx_HAL_Driver/Src/stm32f4xx_hal_adc_ex.c ****     tmp_hal_status = HAL_ERROR;
 964              		.loc 1 525 20
 965 008c 0123     		movs	r3, #1
 966 008e FB73     		strb	r3, [r7, #15]
 967              	.L45:
 526:Drivers/STM32F4xx_HAL_Driver/Src/stm32f4xx_hal_adc_ex.c ****   }
 527:Drivers/STM32F4xx_HAL_Driver/Src/stm32f4xx_hal_adc_ex.c **** 
 528:Drivers/STM32F4xx_HAL_Driver/Src/stm32f4xx_hal_adc_ex.c ****   /* Process unlocked */
 529:Drivers/STM32F4xx_HAL_Driver/Src/stm32f4xx_hal_adc_ex.c ****   __HAL_UNLOCK(hadc);
 968              		.loc 1 529 3
 969 0090 7B68     		ldr	r3, [r7, #4]
 970 0092 0022     		movs	r2, #0
 971 0094 83F83C20 		strb	r2, [r3, #60]
 530:Drivers/STM32F4xx_HAL_Driver/Src/stm32f4xx_hal_adc_ex.c **** 
 531:Drivers/STM32F4xx_HAL_Driver/Src/stm32f4xx_hal_adc_ex.c ****   /* Return function status */
 532:Drivers/STM32F4xx_HAL_Driver/Src/stm32f4xx_hal_adc_ex.c ****   return tmp_hal_status;
 972              		.loc 1 532 10
 973 0098 FB7B     		ldrb	r3, [r7, #15]	@ zero_extendqisi2
 974              	.L42:
 533:Drivers/STM32F4xx_HAL_Driver/Src/stm32f4xx_hal_adc_ex.c **** }
 975              		.loc 1 533 1
 976 009a 1846     		mov	r0, r3
 977 009c 1437     		adds	r7, r7, #20
 978              	.LCFI26:
 979              		.cfi_def_cfa_offset 4
 980 009e BD46     		mov	sp, r7
 981              	.LCFI27:
 982              		.cfi_def_cfa_register 13
 983              		@ sp needed
 984 00a0 80BC     		pop	{r7}
 985              	.LCFI28:
 986              		.cfi_restore 7
 987              		.cfi_def_cfa_offset 0
 988 00a2 7047     		bx	lr
 989              		.cfi_endproc
 990              	.LFE224:
 992              		.section	.text.HAL_ADCEx_InjectedGetValue,"ax",%progbits
 993              		.align	1
 994              		.global	HAL_ADCEx_InjectedGetValue
 995              		.syntax unified
 996              		.thumb
 997              		.thumb_func
 999              	HAL_ADCEx_InjectedGetValue:
 1000              	.LFB225:
 534:Drivers/STM32F4xx_HAL_Driver/Src/stm32f4xx_hal_adc_ex.c **** 
 535:Drivers/STM32F4xx_HAL_Driver/Src/stm32f4xx_hal_adc_ex.c **** /**
 536:Drivers/STM32F4xx_HAL_Driver/Src/stm32f4xx_hal_adc_ex.c ****   * @brief  Gets the converted value from data register of injected channel.
 537:Drivers/STM32F4xx_HAL_Driver/Src/stm32f4xx_hal_adc_ex.c ****   * @param  hadc pointer to a ADC_HandleTypeDef structure that contains
ARM GAS  /tmp/ccrcKv2T.s 			page 28


 538:Drivers/STM32F4xx_HAL_Driver/Src/stm32f4xx_hal_adc_ex.c ****   *         the configuration information for the specified ADC.
 539:Drivers/STM32F4xx_HAL_Driver/Src/stm32f4xx_hal_adc_ex.c ****   * @param  InjectedRank the ADC injected rank.
 540:Drivers/STM32F4xx_HAL_Driver/Src/stm32f4xx_hal_adc_ex.c ****   *          This parameter can be one of the following values:
 541:Drivers/STM32F4xx_HAL_Driver/Src/stm32f4xx_hal_adc_ex.c ****   *            @arg ADC_INJECTED_RANK_1: Injected Channel1 selected
 542:Drivers/STM32F4xx_HAL_Driver/Src/stm32f4xx_hal_adc_ex.c ****   *            @arg ADC_INJECTED_RANK_2: Injected Channel2 selected
 543:Drivers/STM32F4xx_HAL_Driver/Src/stm32f4xx_hal_adc_ex.c ****   *            @arg ADC_INJECTED_RANK_3: Injected Channel3 selected
 544:Drivers/STM32F4xx_HAL_Driver/Src/stm32f4xx_hal_adc_ex.c ****   *            @arg ADC_INJECTED_RANK_4: Injected Channel4 selected
 545:Drivers/STM32F4xx_HAL_Driver/Src/stm32f4xx_hal_adc_ex.c ****   * @retval None
 546:Drivers/STM32F4xx_HAL_Driver/Src/stm32f4xx_hal_adc_ex.c ****   */
 547:Drivers/STM32F4xx_HAL_Driver/Src/stm32f4xx_hal_adc_ex.c **** uint32_t HAL_ADCEx_InjectedGetValue(ADC_HandleTypeDef *hadc, uint32_t InjectedRank)
 548:Drivers/STM32F4xx_HAL_Driver/Src/stm32f4xx_hal_adc_ex.c **** {
 1001              		.loc 1 548 1
 1002              		.cfi_startproc
 1003              		@ args = 0, pretend = 0, frame = 16
 1004              		@ frame_needed = 1, uses_anonymous_args = 0
 1005              		@ link register save eliminated.
 1006 0000 80B4     		push	{r7}
 1007              	.LCFI29:
 1008              		.cfi_def_cfa_offset 4
 1009              		.cfi_offset 7, -4
 1010 0002 85B0     		sub	sp, sp, #20
 1011              	.LCFI30:
 1012              		.cfi_def_cfa_offset 24
 1013 0004 00AF     		add	r7, sp, #0
 1014              	.LCFI31:
 1015              		.cfi_def_cfa_register 7
 1016 0006 7860     		str	r0, [r7, #4]
 1017 0008 3960     		str	r1, [r7]
 549:Drivers/STM32F4xx_HAL_Driver/Src/stm32f4xx_hal_adc_ex.c ****   __IO uint32_t tmp = 0U;
 1018              		.loc 1 549 17
 1019 000a 0023     		movs	r3, #0
 1020 000c FB60     		str	r3, [r7, #12]
 550:Drivers/STM32F4xx_HAL_Driver/Src/stm32f4xx_hal_adc_ex.c **** 
 551:Drivers/STM32F4xx_HAL_Driver/Src/stm32f4xx_hal_adc_ex.c ****   /* Check the parameters */
 552:Drivers/STM32F4xx_HAL_Driver/Src/stm32f4xx_hal_adc_ex.c ****   assert_param(IS_ADC_INJECTED_RANK(InjectedRank));
 553:Drivers/STM32F4xx_HAL_Driver/Src/stm32f4xx_hal_adc_ex.c **** 
 554:Drivers/STM32F4xx_HAL_Driver/Src/stm32f4xx_hal_adc_ex.c ****   /* Clear injected group conversion flag to have similar behaviour as        */
 555:Drivers/STM32F4xx_HAL_Driver/Src/stm32f4xx_hal_adc_ex.c ****   /* regular group: reading data register also clears end of conversion flag. */
 556:Drivers/STM32F4xx_HAL_Driver/Src/stm32f4xx_hal_adc_ex.c ****   __HAL_ADC_CLEAR_FLAG(hadc, ADC_FLAG_JEOC);
 1021              		.loc 1 556 3
 1022 000e 7B68     		ldr	r3, [r7, #4]
 1023 0010 1B68     		ldr	r3, [r3]
 1024 0012 6FF00402 		mvn	r2, #4
 1025 0016 1A60     		str	r2, [r3]
 557:Drivers/STM32F4xx_HAL_Driver/Src/stm32f4xx_hal_adc_ex.c **** 
 558:Drivers/STM32F4xx_HAL_Driver/Src/stm32f4xx_hal_adc_ex.c ****   /* Return the selected ADC converted value */
 559:Drivers/STM32F4xx_HAL_Driver/Src/stm32f4xx_hal_adc_ex.c ****   switch (InjectedRank)
 1026              		.loc 1 559 3
 1027 0018 3B68     		ldr	r3, [r7]
 1028 001a 042B     		cmp	r3, #4
 1029 001c 0FD0     		beq	.L47
 1030 001e 3B68     		ldr	r3, [r7]
 1031 0020 042B     		cmp	r3, #4
 1032 0022 20D8     		bhi	.L54
 1033 0024 3B68     		ldr	r3, [r7]
 1034 0026 032B     		cmp	r3, #3
 1035 0028 0ED0     		beq	.L49
ARM GAS  /tmp/ccrcKv2T.s 			page 29


 1036 002a 3B68     		ldr	r3, [r7]
 1037 002c 032B     		cmp	r3, #3
 1038 002e 1AD8     		bhi	.L54
 1039 0030 3B68     		ldr	r3, [r7]
 1040 0032 012B     		cmp	r3, #1
 1041 0034 12D0     		beq	.L50
 1042 0036 3B68     		ldr	r3, [r7]
 1043 0038 022B     		cmp	r3, #2
 1044 003a 0AD0     		beq	.L51
 560:Drivers/STM32F4xx_HAL_Driver/Src/stm32f4xx_hal_adc_ex.c ****   {
 561:Drivers/STM32F4xx_HAL_Driver/Src/stm32f4xx_hal_adc_ex.c ****     case ADC_INJECTED_RANK_4:
 562:Drivers/STM32F4xx_HAL_Driver/Src/stm32f4xx_hal_adc_ex.c ****     {
 563:Drivers/STM32F4xx_HAL_Driver/Src/stm32f4xx_hal_adc_ex.c ****       tmp =  hadc->Instance->JDR4;
 564:Drivers/STM32F4xx_HAL_Driver/Src/stm32f4xx_hal_adc_ex.c ****     }
 565:Drivers/STM32F4xx_HAL_Driver/Src/stm32f4xx_hal_adc_ex.c ****     break;
 566:Drivers/STM32F4xx_HAL_Driver/Src/stm32f4xx_hal_adc_ex.c ****     case ADC_INJECTED_RANK_3:
 567:Drivers/STM32F4xx_HAL_Driver/Src/stm32f4xx_hal_adc_ex.c ****     {
 568:Drivers/STM32F4xx_HAL_Driver/Src/stm32f4xx_hal_adc_ex.c ****       tmp =  hadc->Instance->JDR3;
 569:Drivers/STM32F4xx_HAL_Driver/Src/stm32f4xx_hal_adc_ex.c ****     }
 570:Drivers/STM32F4xx_HAL_Driver/Src/stm32f4xx_hal_adc_ex.c ****     break;
 571:Drivers/STM32F4xx_HAL_Driver/Src/stm32f4xx_hal_adc_ex.c ****     case ADC_INJECTED_RANK_2:
 572:Drivers/STM32F4xx_HAL_Driver/Src/stm32f4xx_hal_adc_ex.c ****     {
 573:Drivers/STM32F4xx_HAL_Driver/Src/stm32f4xx_hal_adc_ex.c ****       tmp =  hadc->Instance->JDR2;
 574:Drivers/STM32F4xx_HAL_Driver/Src/stm32f4xx_hal_adc_ex.c ****     }
 575:Drivers/STM32F4xx_HAL_Driver/Src/stm32f4xx_hal_adc_ex.c ****     break;
 576:Drivers/STM32F4xx_HAL_Driver/Src/stm32f4xx_hal_adc_ex.c ****     case ADC_INJECTED_RANK_1:
 577:Drivers/STM32F4xx_HAL_Driver/Src/stm32f4xx_hal_adc_ex.c ****     {
 578:Drivers/STM32F4xx_HAL_Driver/Src/stm32f4xx_hal_adc_ex.c ****       tmp =  hadc->Instance->JDR1;
 579:Drivers/STM32F4xx_HAL_Driver/Src/stm32f4xx_hal_adc_ex.c ****     }
 580:Drivers/STM32F4xx_HAL_Driver/Src/stm32f4xx_hal_adc_ex.c ****     break;
 581:Drivers/STM32F4xx_HAL_Driver/Src/stm32f4xx_hal_adc_ex.c ****     default:
 582:Drivers/STM32F4xx_HAL_Driver/Src/stm32f4xx_hal_adc_ex.c ****       break;
 1045              		.loc 1 582 7
 1046 003c 13E0     		b	.L54
 1047              	.L47:
 563:Drivers/STM32F4xx_HAL_Driver/Src/stm32f4xx_hal_adc_ex.c ****     }
 1048              		.loc 1 563 18
 1049 003e 7B68     		ldr	r3, [r7, #4]
 1050 0040 1B68     		ldr	r3, [r3]
 563:Drivers/STM32F4xx_HAL_Driver/Src/stm32f4xx_hal_adc_ex.c ****     }
 1051              		.loc 1 563 28
 1052 0042 9B6C     		ldr	r3, [r3, #72]
 563:Drivers/STM32F4xx_HAL_Driver/Src/stm32f4xx_hal_adc_ex.c ****     }
 1053              		.loc 1 563 11
 1054 0044 FB60     		str	r3, [r7, #12]
 565:Drivers/STM32F4xx_HAL_Driver/Src/stm32f4xx_hal_adc_ex.c ****     case ADC_INJECTED_RANK_3:
 1055              		.loc 1 565 5
 1056 0046 0FE0     		b	.L52
 1057              	.L49:
 568:Drivers/STM32F4xx_HAL_Driver/Src/stm32f4xx_hal_adc_ex.c ****     }
 1058              		.loc 1 568 18
 1059 0048 7B68     		ldr	r3, [r7, #4]
 1060 004a 1B68     		ldr	r3, [r3]
 568:Drivers/STM32F4xx_HAL_Driver/Src/stm32f4xx_hal_adc_ex.c ****     }
 1061              		.loc 1 568 28
 1062 004c 5B6C     		ldr	r3, [r3, #68]
 568:Drivers/STM32F4xx_HAL_Driver/Src/stm32f4xx_hal_adc_ex.c ****     }
ARM GAS  /tmp/ccrcKv2T.s 			page 30


 1063              		.loc 1 568 11
 1064 004e FB60     		str	r3, [r7, #12]
 570:Drivers/STM32F4xx_HAL_Driver/Src/stm32f4xx_hal_adc_ex.c ****     case ADC_INJECTED_RANK_2:
 1065              		.loc 1 570 5
 1066 0050 0AE0     		b	.L52
 1067              	.L51:
 573:Drivers/STM32F4xx_HAL_Driver/Src/stm32f4xx_hal_adc_ex.c ****     }
 1068              		.loc 1 573 18
 1069 0052 7B68     		ldr	r3, [r7, #4]
 1070 0054 1B68     		ldr	r3, [r3]
 573:Drivers/STM32F4xx_HAL_Driver/Src/stm32f4xx_hal_adc_ex.c ****     }
 1071              		.loc 1 573 28
 1072 0056 1B6C     		ldr	r3, [r3, #64]
 573:Drivers/STM32F4xx_HAL_Driver/Src/stm32f4xx_hal_adc_ex.c ****     }
 1073              		.loc 1 573 11
 1074 0058 FB60     		str	r3, [r7, #12]
 575:Drivers/STM32F4xx_HAL_Driver/Src/stm32f4xx_hal_adc_ex.c ****     case ADC_INJECTED_RANK_1:
 1075              		.loc 1 575 5
 1076 005a 05E0     		b	.L52
 1077              	.L50:
 578:Drivers/STM32F4xx_HAL_Driver/Src/stm32f4xx_hal_adc_ex.c ****     }
 1078              		.loc 1 578 18
 1079 005c 7B68     		ldr	r3, [r7, #4]
 1080 005e 1B68     		ldr	r3, [r3]
 578:Drivers/STM32F4xx_HAL_Driver/Src/stm32f4xx_hal_adc_ex.c ****     }
 1081              		.loc 1 578 28
 1082 0060 DB6B     		ldr	r3, [r3, #60]
 578:Drivers/STM32F4xx_HAL_Driver/Src/stm32f4xx_hal_adc_ex.c ****     }
 1083              		.loc 1 578 11
 1084 0062 FB60     		str	r3, [r7, #12]
 580:Drivers/STM32F4xx_HAL_Driver/Src/stm32f4xx_hal_adc_ex.c ****     default:
 1085              		.loc 1 580 5
 1086 0064 00E0     		b	.L52
 1087              	.L54:
 1088              		.loc 1 582 7
 1089 0066 00BF     		nop
 1090              	.L52:
 583:Drivers/STM32F4xx_HAL_Driver/Src/stm32f4xx_hal_adc_ex.c ****   }
 584:Drivers/STM32F4xx_HAL_Driver/Src/stm32f4xx_hal_adc_ex.c ****   return tmp;
 1091              		.loc 1 584 10
 1092 0068 FB68     		ldr	r3, [r7, #12]
 585:Drivers/STM32F4xx_HAL_Driver/Src/stm32f4xx_hal_adc_ex.c **** }
 1093              		.loc 1 585 1
 1094 006a 1846     		mov	r0, r3
 1095 006c 1437     		adds	r7, r7, #20
 1096              	.LCFI32:
 1097              		.cfi_def_cfa_offset 4
 1098 006e BD46     		mov	sp, r7
 1099              	.LCFI33:
 1100              		.cfi_def_cfa_register 13
 1101              		@ sp needed
 1102 0070 80BC     		pop	{r7}
 1103              	.LCFI34:
 1104              		.cfi_restore 7
 1105              		.cfi_def_cfa_offset 0
 1106 0072 7047     		bx	lr
 1107              		.cfi_endproc
ARM GAS  /tmp/ccrcKv2T.s 			page 31


 1108              	.LFE225:
 1110              		.section	.text.HAL_ADCEx_MultiModeStart_DMA,"ax",%progbits
 1111              		.align	1
 1112              		.global	HAL_ADCEx_MultiModeStart_DMA
 1113              		.syntax unified
 1114              		.thumb
 1115              		.thumb_func
 1117              	HAL_ADCEx_MultiModeStart_DMA:
 1118              	.LFB226:
 586:Drivers/STM32F4xx_HAL_Driver/Src/stm32f4xx_hal_adc_ex.c **** 
 587:Drivers/STM32F4xx_HAL_Driver/Src/stm32f4xx_hal_adc_ex.c **** /**
 588:Drivers/STM32F4xx_HAL_Driver/Src/stm32f4xx_hal_adc_ex.c ****   * @brief  Enables ADC DMA request after last transfer (Multi-ADC mode) and enables ADC peripheral
 589:Drivers/STM32F4xx_HAL_Driver/Src/stm32f4xx_hal_adc_ex.c ****   *
 590:Drivers/STM32F4xx_HAL_Driver/Src/stm32f4xx_hal_adc_ex.c ****   * @note   Caution: This function must be used only with the ADC master.
 591:Drivers/STM32F4xx_HAL_Driver/Src/stm32f4xx_hal_adc_ex.c ****   *
 592:Drivers/STM32F4xx_HAL_Driver/Src/stm32f4xx_hal_adc_ex.c ****   * @param  hadc pointer to a ADC_HandleTypeDef structure that contains
 593:Drivers/STM32F4xx_HAL_Driver/Src/stm32f4xx_hal_adc_ex.c ****   *         the configuration information for the specified ADC.
 594:Drivers/STM32F4xx_HAL_Driver/Src/stm32f4xx_hal_adc_ex.c ****   * @param  pData   Pointer to buffer in which transferred from ADC peripheral to memory will be st
 595:Drivers/STM32F4xx_HAL_Driver/Src/stm32f4xx_hal_adc_ex.c ****   * @param  Length  The length of data to be transferred from ADC peripheral to memory.
 596:Drivers/STM32F4xx_HAL_Driver/Src/stm32f4xx_hal_adc_ex.c ****   * @retval HAL status
 597:Drivers/STM32F4xx_HAL_Driver/Src/stm32f4xx_hal_adc_ex.c ****   */
 598:Drivers/STM32F4xx_HAL_Driver/Src/stm32f4xx_hal_adc_ex.c **** HAL_StatusTypeDef HAL_ADCEx_MultiModeStart_DMA(ADC_HandleTypeDef *hadc, uint32_t *pData, uint32_t L
 599:Drivers/STM32F4xx_HAL_Driver/Src/stm32f4xx_hal_adc_ex.c **** {
 1119              		.loc 1 599 1
 1120              		.cfi_startproc
 1121              		@ args = 0, pretend = 0, frame = 24
 1122              		@ frame_needed = 1, uses_anonymous_args = 0
 1123 0000 80B5     		push	{r7, lr}
 1124              	.LCFI35:
 1125              		.cfi_def_cfa_offset 8
 1126              		.cfi_offset 7, -8
 1127              		.cfi_offset 14, -4
 1128 0002 86B0     		sub	sp, sp, #24
 1129              	.LCFI36:
 1130              		.cfi_def_cfa_offset 32
 1131 0004 00AF     		add	r7, sp, #0
 1132              	.LCFI37:
 1133              		.cfi_def_cfa_register 7
 1134 0006 F860     		str	r0, [r7, #12]
 1135 0008 B960     		str	r1, [r7, #8]
 1136 000a 7A60     		str	r2, [r7, #4]
 600:Drivers/STM32F4xx_HAL_Driver/Src/stm32f4xx_hal_adc_ex.c ****   __IO uint32_t counter = 0U;
 1137              		.loc 1 600 17
 1138 000c 0023     		movs	r3, #0
 1139 000e 3B61     		str	r3, [r7, #16]
 601:Drivers/STM32F4xx_HAL_Driver/Src/stm32f4xx_hal_adc_ex.c ****   ADC_Common_TypeDef *tmpADC_Common;
 602:Drivers/STM32F4xx_HAL_Driver/Src/stm32f4xx_hal_adc_ex.c **** 
 603:Drivers/STM32F4xx_HAL_Driver/Src/stm32f4xx_hal_adc_ex.c ****   /* Check the parameters */
 604:Drivers/STM32F4xx_HAL_Driver/Src/stm32f4xx_hal_adc_ex.c ****   assert_param(IS_FUNCTIONAL_STATE(hadc->Init.ContinuousConvMode));
 605:Drivers/STM32F4xx_HAL_Driver/Src/stm32f4xx_hal_adc_ex.c ****   assert_param(IS_ADC_EXT_TRIG_EDGE(hadc->Init.ExternalTrigConvEdge));
 606:Drivers/STM32F4xx_HAL_Driver/Src/stm32f4xx_hal_adc_ex.c ****   assert_param(IS_FUNCTIONAL_STATE(hadc->Init.DMAContinuousRequests));
 607:Drivers/STM32F4xx_HAL_Driver/Src/stm32f4xx_hal_adc_ex.c **** 
 608:Drivers/STM32F4xx_HAL_Driver/Src/stm32f4xx_hal_adc_ex.c ****   /* Process locked */
 609:Drivers/STM32F4xx_HAL_Driver/Src/stm32f4xx_hal_adc_ex.c ****   __HAL_LOCK(hadc);
 1140              		.loc 1 609 3
 1141 0010 FB68     		ldr	r3, [r7, #12]
 1142 0012 93F83C30 		ldrb	r3, [r3, #60]	@ zero_extendqisi2
ARM GAS  /tmp/ccrcKv2T.s 			page 32


 1143 0016 012B     		cmp	r3, #1
 1144 0018 01D1     		bne	.L56
 1145              		.loc 1 609 3 is_stmt 0 discriminator 1
 1146 001a 0223     		movs	r3, #2
 1147              		.loc 1 609 3
 1148 001c ABE0     		b	.L57
 1149              	.L56:
 1150              		.loc 1 609 3 discriminator 2
 1151 001e FB68     		ldr	r3, [r7, #12]
 1152 0020 0122     		movs	r2, #1
 1153 0022 83F83C20 		strb	r2, [r3, #60]
 610:Drivers/STM32F4xx_HAL_Driver/Src/stm32f4xx_hal_adc_ex.c **** 
 611:Drivers/STM32F4xx_HAL_Driver/Src/stm32f4xx_hal_adc_ex.c ****   /* Check if ADC peripheral is disabled in order to enable it and wait during
 612:Drivers/STM32F4xx_HAL_Driver/Src/stm32f4xx_hal_adc_ex.c ****      Tstab time the ADC's stabilization */
 613:Drivers/STM32F4xx_HAL_Driver/Src/stm32f4xx_hal_adc_ex.c ****   if ((hadc->Instance->CR2 & ADC_CR2_ADON) != ADC_CR2_ADON)
 1154              		.loc 1 613 12 is_stmt 1
 1155 0026 FB68     		ldr	r3, [r7, #12]
 1156 0028 1B68     		ldr	r3, [r3]
 1157              		.loc 1 613 22
 1158 002a 9B68     		ldr	r3, [r3, #8]
 1159              		.loc 1 613 28
 1160 002c 03F00103 		and	r3, r3, #1
 1161              		.loc 1 613 6
 1162 0030 012B     		cmp	r3, #1
 1163 0032 18D0     		beq	.L58
 614:Drivers/STM32F4xx_HAL_Driver/Src/stm32f4xx_hal_adc_ex.c ****   {
 615:Drivers/STM32F4xx_HAL_Driver/Src/stm32f4xx_hal_adc_ex.c ****     /* Enable the Peripheral */
 616:Drivers/STM32F4xx_HAL_Driver/Src/stm32f4xx_hal_adc_ex.c ****     __HAL_ADC_ENABLE(hadc);
 1164              		.loc 1 616 5
 1165 0034 FB68     		ldr	r3, [r7, #12]
 1166 0036 1B68     		ldr	r3, [r3]
 1167 0038 9A68     		ldr	r2, [r3, #8]
 1168 003a FB68     		ldr	r3, [r7, #12]
 1169 003c 1B68     		ldr	r3, [r3]
 1170 003e 42F00102 		orr	r2, r2, #1
 1171 0042 9A60     		str	r2, [r3, #8]
 617:Drivers/STM32F4xx_HAL_Driver/Src/stm32f4xx_hal_adc_ex.c **** 
 618:Drivers/STM32F4xx_HAL_Driver/Src/stm32f4xx_hal_adc_ex.c ****     /* Delay for temperature sensor stabilization time */
 619:Drivers/STM32F4xx_HAL_Driver/Src/stm32f4xx_hal_adc_ex.c ****     /* Compute number of CPU cycles to wait for */
 620:Drivers/STM32F4xx_HAL_Driver/Src/stm32f4xx_hal_adc_ex.c ****     counter = (ADC_STAB_DELAY_US * (SystemCoreClock / 1000000U));
 1172              		.loc 1 620 53
 1173 0044 4E4B     		ldr	r3, .L68
 1174 0046 1B68     		ldr	r3, [r3]
 1175 0048 4E4A     		ldr	r2, .L68+4
 1176 004a A2FB0323 		umull	r2, r3, r2, r3
 1177 004e 9A0C     		lsrs	r2, r3, #18
 1178              		.loc 1 620 34
 1179 0050 1346     		mov	r3, r2
 1180 0052 5B00     		lsls	r3, r3, #1
 1181 0054 1344     		add	r3, r3, r2
 1182              		.loc 1 620 13
 1183 0056 3B61     		str	r3, [r7, #16]
 621:Drivers/STM32F4xx_HAL_Driver/Src/stm32f4xx_hal_adc_ex.c ****     while (counter != 0U)
 1184              		.loc 1 621 11
 1185 0058 02E0     		b	.L59
 1186              	.L60:
 622:Drivers/STM32F4xx_HAL_Driver/Src/stm32f4xx_hal_adc_ex.c ****     {
ARM GAS  /tmp/ccrcKv2T.s 			page 33


 623:Drivers/STM32F4xx_HAL_Driver/Src/stm32f4xx_hal_adc_ex.c ****       counter--;
 1187              		.loc 1 623 14
 1188 005a 3B69     		ldr	r3, [r7, #16]
 1189 005c 013B     		subs	r3, r3, #1
 1190 005e 3B61     		str	r3, [r7, #16]
 1191              	.L59:
 621:Drivers/STM32F4xx_HAL_Driver/Src/stm32f4xx_hal_adc_ex.c ****     while (counter != 0U)
 1192              		.loc 1 621 20
 1193 0060 3B69     		ldr	r3, [r7, #16]
 1194 0062 002B     		cmp	r3, #0
 1195 0064 F9D1     		bne	.L60
 1196              	.L58:
 624:Drivers/STM32F4xx_HAL_Driver/Src/stm32f4xx_hal_adc_ex.c ****     }
 625:Drivers/STM32F4xx_HAL_Driver/Src/stm32f4xx_hal_adc_ex.c ****   }
 626:Drivers/STM32F4xx_HAL_Driver/Src/stm32f4xx_hal_adc_ex.c **** 
 627:Drivers/STM32F4xx_HAL_Driver/Src/stm32f4xx_hal_adc_ex.c ****   /* Start conversion if ADC is effectively enabled */
 628:Drivers/STM32F4xx_HAL_Driver/Src/stm32f4xx_hal_adc_ex.c ****   if (HAL_IS_BIT_SET(hadc->Instance->CR2, ADC_CR2_ADON))
 1197              		.loc 1 628 7
 1198 0066 FB68     		ldr	r3, [r7, #12]
 1199 0068 1B68     		ldr	r3, [r3]
 1200 006a 9B68     		ldr	r3, [r3, #8]
 1201 006c 03F00103 		and	r3, r3, #1
 1202              		.loc 1 628 6
 1203 0070 012B     		cmp	r3, #1
 1204 0072 73D1     		bne	.L61
 629:Drivers/STM32F4xx_HAL_Driver/Src/stm32f4xx_hal_adc_ex.c ****   {
 630:Drivers/STM32F4xx_HAL_Driver/Src/stm32f4xx_hal_adc_ex.c ****     /* Set ADC state                                                          */
 631:Drivers/STM32F4xx_HAL_Driver/Src/stm32f4xx_hal_adc_ex.c ****     /* - Clear state bitfield related to regular group conversion results     */
 632:Drivers/STM32F4xx_HAL_Driver/Src/stm32f4xx_hal_adc_ex.c ****     /* - Set state bitfield related to regular group operation                */
 633:Drivers/STM32F4xx_HAL_Driver/Src/stm32f4xx_hal_adc_ex.c ****     ADC_STATE_CLR_SET(hadc->State,
 1205              		.loc 1 633 5
 1206 0074 FB68     		ldr	r3, [r7, #12]
 1207 0076 1B6C     		ldr	r3, [r3, #64]
 1208 0078 23F4E063 		bic	r3, r3, #1792
 1209 007c 23F00103 		bic	r3, r3, #1
 1210 0080 43F48072 		orr	r2, r3, #256
 1211 0084 FB68     		ldr	r3, [r7, #12]
 1212 0086 1A64     		str	r2, [r3, #64]
 634:Drivers/STM32F4xx_HAL_Driver/Src/stm32f4xx_hal_adc_ex.c ****                       HAL_ADC_STATE_READY | HAL_ADC_STATE_REG_EOC | HAL_ADC_STATE_REG_OVR,
 635:Drivers/STM32F4xx_HAL_Driver/Src/stm32f4xx_hal_adc_ex.c ****                       HAL_ADC_STATE_REG_BUSY);
 636:Drivers/STM32F4xx_HAL_Driver/Src/stm32f4xx_hal_adc_ex.c **** 
 637:Drivers/STM32F4xx_HAL_Driver/Src/stm32f4xx_hal_adc_ex.c ****     /* If conversions on group regular are also triggering group injected,    */
 638:Drivers/STM32F4xx_HAL_Driver/Src/stm32f4xx_hal_adc_ex.c ****     /* update ADC state.                                                      */
 639:Drivers/STM32F4xx_HAL_Driver/Src/stm32f4xx_hal_adc_ex.c ****     if (READ_BIT(hadc->Instance->CR1, ADC_CR1_JAUTO) != RESET)
 1213              		.loc 1 639 9
 1214 0088 FB68     		ldr	r3, [r7, #12]
 1215 008a 1B68     		ldr	r3, [r3]
 1216 008c 5B68     		ldr	r3, [r3, #4]
 1217 008e 03F48063 		and	r3, r3, #1024
 1218              		.loc 1 639 8
 1219 0092 002B     		cmp	r3, #0
 1220 0094 07D0     		beq	.L62
 640:Drivers/STM32F4xx_HAL_Driver/Src/stm32f4xx_hal_adc_ex.c ****     {
 641:Drivers/STM32F4xx_HAL_Driver/Src/stm32f4xx_hal_adc_ex.c ****       ADC_STATE_CLR_SET(hadc->State, HAL_ADC_STATE_INJ_EOC, HAL_ADC_STATE_INJ_BUSY);
 1221              		.loc 1 641 7
 1222 0096 FB68     		ldr	r3, [r7, #12]
 1223 0098 1B6C     		ldr	r3, [r3, #64]
ARM GAS  /tmp/ccrcKv2T.s 			page 34


 1224 009a 23F44053 		bic	r3, r3, #12288
 1225 009e 43F48052 		orr	r2, r3, #4096
 1226 00a2 FB68     		ldr	r3, [r7, #12]
 1227 00a4 1A64     		str	r2, [r3, #64]
 1228              	.L62:
 642:Drivers/STM32F4xx_HAL_Driver/Src/stm32f4xx_hal_adc_ex.c ****     }
 643:Drivers/STM32F4xx_HAL_Driver/Src/stm32f4xx_hal_adc_ex.c **** 
 644:Drivers/STM32F4xx_HAL_Driver/Src/stm32f4xx_hal_adc_ex.c ****     /* State machine update: Check if an injected conversion is ongoing */
 645:Drivers/STM32F4xx_HAL_Driver/Src/stm32f4xx_hal_adc_ex.c ****     if (HAL_IS_BIT_SET(hadc->State, HAL_ADC_STATE_INJ_BUSY))
 1229              		.loc 1 645 9
 1230 00a6 FB68     		ldr	r3, [r7, #12]
 1231 00a8 1B6C     		ldr	r3, [r3, #64]
 1232 00aa 03F48053 		and	r3, r3, #4096
 1233              		.loc 1 645 8
 1234 00ae B3F5805F 		cmp	r3, #4096
 1235 00b2 06D1     		bne	.L63
 646:Drivers/STM32F4xx_HAL_Driver/Src/stm32f4xx_hal_adc_ex.c ****     {
 647:Drivers/STM32F4xx_HAL_Driver/Src/stm32f4xx_hal_adc_ex.c ****       /* Reset ADC error code fields related to conversions on group regular */
 648:Drivers/STM32F4xx_HAL_Driver/Src/stm32f4xx_hal_adc_ex.c ****       CLEAR_BIT(hadc->ErrorCode, (HAL_ADC_ERROR_OVR | HAL_ADC_ERROR_DMA));
 1236              		.loc 1 648 7
 1237 00b4 FB68     		ldr	r3, [r7, #12]
 1238 00b6 5B6C     		ldr	r3, [r3, #68]
 1239 00b8 23F00602 		bic	r2, r3, #6
 1240 00bc FB68     		ldr	r3, [r7, #12]
 1241 00be 5A64     		str	r2, [r3, #68]
 1242 00c0 02E0     		b	.L64
 1243              	.L63:
 649:Drivers/STM32F4xx_HAL_Driver/Src/stm32f4xx_hal_adc_ex.c ****     }
 650:Drivers/STM32F4xx_HAL_Driver/Src/stm32f4xx_hal_adc_ex.c ****     else
 651:Drivers/STM32F4xx_HAL_Driver/Src/stm32f4xx_hal_adc_ex.c ****     {
 652:Drivers/STM32F4xx_HAL_Driver/Src/stm32f4xx_hal_adc_ex.c ****       /* Reset ADC all error code fields */
 653:Drivers/STM32F4xx_HAL_Driver/Src/stm32f4xx_hal_adc_ex.c ****       ADC_CLEAR_ERRORCODE(hadc);
 1244              		.loc 1 653 7
 1245 00c2 FB68     		ldr	r3, [r7, #12]
 1246 00c4 0022     		movs	r2, #0
 1247 00c6 5A64     		str	r2, [r3, #68]
 1248              	.L64:
 654:Drivers/STM32F4xx_HAL_Driver/Src/stm32f4xx_hal_adc_ex.c ****     }
 655:Drivers/STM32F4xx_HAL_Driver/Src/stm32f4xx_hal_adc_ex.c **** 
 656:Drivers/STM32F4xx_HAL_Driver/Src/stm32f4xx_hal_adc_ex.c ****     /* Process unlocked */
 657:Drivers/STM32F4xx_HAL_Driver/Src/stm32f4xx_hal_adc_ex.c ****     /* Unlock before starting ADC conversions: in case of potential           */
 658:Drivers/STM32F4xx_HAL_Driver/Src/stm32f4xx_hal_adc_ex.c ****     /* interruption, to let the process to ADC IRQ Handler.                   */
 659:Drivers/STM32F4xx_HAL_Driver/Src/stm32f4xx_hal_adc_ex.c ****     __HAL_UNLOCK(hadc);
 1249              		.loc 1 659 5
 1250 00c8 FB68     		ldr	r3, [r7, #12]
 1251 00ca 0022     		movs	r2, #0
 1252 00cc 83F83C20 		strb	r2, [r3, #60]
 660:Drivers/STM32F4xx_HAL_Driver/Src/stm32f4xx_hal_adc_ex.c **** 
 661:Drivers/STM32F4xx_HAL_Driver/Src/stm32f4xx_hal_adc_ex.c ****     /* Set the DMA transfer complete callback */
 662:Drivers/STM32F4xx_HAL_Driver/Src/stm32f4xx_hal_adc_ex.c ****     hadc->DMA_Handle->XferCpltCallback = ADC_MultiModeDMAConvCplt;
 1253              		.loc 1 662 9
 1254 00d0 FB68     		ldr	r3, [r7, #12]
 1255 00d2 9B6B     		ldr	r3, [r3, #56]
 1256              		.loc 1 662 40
 1257 00d4 2C4A     		ldr	r2, .L68+8
 1258 00d6 DA63     		str	r2, [r3, #60]
 663:Drivers/STM32F4xx_HAL_Driver/Src/stm32f4xx_hal_adc_ex.c **** 
ARM GAS  /tmp/ccrcKv2T.s 			page 35


 664:Drivers/STM32F4xx_HAL_Driver/Src/stm32f4xx_hal_adc_ex.c ****     /* Set the DMA half transfer complete callback */
 665:Drivers/STM32F4xx_HAL_Driver/Src/stm32f4xx_hal_adc_ex.c ****     hadc->DMA_Handle->XferHalfCpltCallback = ADC_MultiModeDMAHalfConvCplt;
 1259              		.loc 1 665 9
 1260 00d8 FB68     		ldr	r3, [r7, #12]
 1261 00da 9B6B     		ldr	r3, [r3, #56]
 1262              		.loc 1 665 44
 1263 00dc 2B4A     		ldr	r2, .L68+12
 1264 00de 1A64     		str	r2, [r3, #64]
 666:Drivers/STM32F4xx_HAL_Driver/Src/stm32f4xx_hal_adc_ex.c **** 
 667:Drivers/STM32F4xx_HAL_Driver/Src/stm32f4xx_hal_adc_ex.c ****     /* Set the DMA error callback */
 668:Drivers/STM32F4xx_HAL_Driver/Src/stm32f4xx_hal_adc_ex.c ****     hadc->DMA_Handle->XferErrorCallback = ADC_MultiModeDMAError ;
 1265              		.loc 1 668 9
 1266 00e0 FB68     		ldr	r3, [r7, #12]
 1267 00e2 9B6B     		ldr	r3, [r3, #56]
 1268              		.loc 1 668 41
 1269 00e4 2A4A     		ldr	r2, .L68+16
 1270 00e6 DA64     		str	r2, [r3, #76]
 669:Drivers/STM32F4xx_HAL_Driver/Src/stm32f4xx_hal_adc_ex.c **** 
 670:Drivers/STM32F4xx_HAL_Driver/Src/stm32f4xx_hal_adc_ex.c ****     /* Manage ADC and DMA start: ADC overrun interruption, DMA start, ADC     */
 671:Drivers/STM32F4xx_HAL_Driver/Src/stm32f4xx_hal_adc_ex.c ****     /* start (in case of SW start):                                           */
 672:Drivers/STM32F4xx_HAL_Driver/Src/stm32f4xx_hal_adc_ex.c **** 
 673:Drivers/STM32F4xx_HAL_Driver/Src/stm32f4xx_hal_adc_ex.c ****     /* Clear regular group conversion flag and overrun flag */
 674:Drivers/STM32F4xx_HAL_Driver/Src/stm32f4xx_hal_adc_ex.c ****     /* (To ensure of no unknown state from potential previous ADC operations) */
 675:Drivers/STM32F4xx_HAL_Driver/Src/stm32f4xx_hal_adc_ex.c ****     __HAL_ADC_CLEAR_FLAG(hadc, ADC_FLAG_EOC);
 1271              		.loc 1 675 5
 1272 00e8 FB68     		ldr	r3, [r7, #12]
 1273 00ea 1B68     		ldr	r3, [r3]
 1274 00ec 6FF00202 		mvn	r2, #2
 1275 00f0 1A60     		str	r2, [r3]
 676:Drivers/STM32F4xx_HAL_Driver/Src/stm32f4xx_hal_adc_ex.c **** 
 677:Drivers/STM32F4xx_HAL_Driver/Src/stm32f4xx_hal_adc_ex.c ****     /* Enable ADC overrun interrupt */
 678:Drivers/STM32F4xx_HAL_Driver/Src/stm32f4xx_hal_adc_ex.c ****     __HAL_ADC_ENABLE_IT(hadc, ADC_IT_OVR);
 1276              		.loc 1 678 5
 1277 00f2 FB68     		ldr	r3, [r7, #12]
 1278 00f4 1B68     		ldr	r3, [r3]
 1279 00f6 5A68     		ldr	r2, [r3, #4]
 1280 00f8 FB68     		ldr	r3, [r7, #12]
 1281 00fa 1B68     		ldr	r3, [r3]
 1282 00fc 42F08062 		orr	r2, r2, #67108864
 1283 0100 5A60     		str	r2, [r3, #4]
 679:Drivers/STM32F4xx_HAL_Driver/Src/stm32f4xx_hal_adc_ex.c **** 
 680:Drivers/STM32F4xx_HAL_Driver/Src/stm32f4xx_hal_adc_ex.c ****     /* Pointer to the common control register to which is belonging hadc    */
 681:Drivers/STM32F4xx_HAL_Driver/Src/stm32f4xx_hal_adc_ex.c ****     /* (Depending on STM32F4 product, there may be up to 3 ADC and 1 common */
 682:Drivers/STM32F4xx_HAL_Driver/Src/stm32f4xx_hal_adc_ex.c ****     /* control register)                                                    */
 683:Drivers/STM32F4xx_HAL_Driver/Src/stm32f4xx_hal_adc_ex.c ****     tmpADC_Common = ADC_COMMON_REGISTER(hadc);
 1284              		.loc 1 683 19
 1285 0102 244B     		ldr	r3, .L68+20
 1286 0104 7B61     		str	r3, [r7, #20]
 684:Drivers/STM32F4xx_HAL_Driver/Src/stm32f4xx_hal_adc_ex.c **** 
 685:Drivers/STM32F4xx_HAL_Driver/Src/stm32f4xx_hal_adc_ex.c ****     if (hadc->Init.DMAContinuousRequests != DISABLE)
 1287              		.loc 1 685 19
 1288 0106 FB68     		ldr	r3, [r7, #12]
 1289 0108 93F83030 		ldrb	r3, [r3, #48]	@ zero_extendqisi2
 1290              		.loc 1 685 8
 1291 010c 002B     		cmp	r3, #0
 1292 010e 06D0     		beq	.L65
 686:Drivers/STM32F4xx_HAL_Driver/Src/stm32f4xx_hal_adc_ex.c ****     {
ARM GAS  /tmp/ccrcKv2T.s 			page 36


 687:Drivers/STM32F4xx_HAL_Driver/Src/stm32f4xx_hal_adc_ex.c ****       /* Enable the selected ADC DMA request after last transfer */
 688:Drivers/STM32F4xx_HAL_Driver/Src/stm32f4xx_hal_adc_ex.c ****       tmpADC_Common->CCR |= ADC_CCR_DDS;
 1293              		.loc 1 688 20
 1294 0110 7B69     		ldr	r3, [r7, #20]
 1295 0112 5B68     		ldr	r3, [r3, #4]
 1296              		.loc 1 688 26
 1297 0114 43F40052 		orr	r2, r3, #8192
 1298 0118 7B69     		ldr	r3, [r7, #20]
 1299 011a 5A60     		str	r2, [r3, #4]
 1300 011c 05E0     		b	.L66
 1301              	.L65:
 689:Drivers/STM32F4xx_HAL_Driver/Src/stm32f4xx_hal_adc_ex.c ****     }
 690:Drivers/STM32F4xx_HAL_Driver/Src/stm32f4xx_hal_adc_ex.c ****     else
 691:Drivers/STM32F4xx_HAL_Driver/Src/stm32f4xx_hal_adc_ex.c ****     {
 692:Drivers/STM32F4xx_HAL_Driver/Src/stm32f4xx_hal_adc_ex.c ****       /* Disable the selected ADC EOC rising on each regular channel conversion */
 693:Drivers/STM32F4xx_HAL_Driver/Src/stm32f4xx_hal_adc_ex.c ****       tmpADC_Common->CCR &= ~ADC_CCR_DDS;
 1302              		.loc 1 693 20
 1303 011e 7B69     		ldr	r3, [r7, #20]
 1304 0120 5B68     		ldr	r3, [r3, #4]
 1305              		.loc 1 693 26
 1306 0122 23F40052 		bic	r2, r3, #8192
 1307 0126 7B69     		ldr	r3, [r7, #20]
 1308 0128 5A60     		str	r2, [r3, #4]
 1309              	.L66:
 694:Drivers/STM32F4xx_HAL_Driver/Src/stm32f4xx_hal_adc_ex.c ****     }
 695:Drivers/STM32F4xx_HAL_Driver/Src/stm32f4xx_hal_adc_ex.c **** 
 696:Drivers/STM32F4xx_HAL_Driver/Src/stm32f4xx_hal_adc_ex.c ****     /* Enable the DMA Stream */
 697:Drivers/STM32F4xx_HAL_Driver/Src/stm32f4xx_hal_adc_ex.c ****     HAL_DMA_Start_IT(hadc->DMA_Handle, (uint32_t)&tmpADC_Common->CDR, (uint32_t)pData, Length);
 1310              		.loc 1 697 5
 1311 012a FB68     		ldr	r3, [r7, #12]
 1312 012c 986B     		ldr	r0, [r3, #56]
 1313              		.loc 1 697 50
 1314 012e 7B69     		ldr	r3, [r7, #20]
 1315 0130 0833     		adds	r3, r3, #8
 1316              		.loc 1 697 5
 1317 0132 1946     		mov	r1, r3
 1318 0134 BA68     		ldr	r2, [r7, #8]
 1319 0136 7B68     		ldr	r3, [r7, #4]
 1320 0138 FFF7FEFF 		bl	HAL_DMA_Start_IT
 698:Drivers/STM32F4xx_HAL_Driver/Src/stm32f4xx_hal_adc_ex.c **** 
 699:Drivers/STM32F4xx_HAL_Driver/Src/stm32f4xx_hal_adc_ex.c ****     /* if no external trigger present enable software conversion of regular channels */
 700:Drivers/STM32F4xx_HAL_Driver/Src/stm32f4xx_hal_adc_ex.c ****     if ((hadc->Instance->CR2 & ADC_CR2_EXTEN) == RESET)
 1321              		.loc 1 700 14
 1322 013c FB68     		ldr	r3, [r7, #12]
 1323 013e 1B68     		ldr	r3, [r3]
 1324              		.loc 1 700 24
 1325 0140 9B68     		ldr	r3, [r3, #8]
 1326              		.loc 1 700 30
 1327 0142 03F04053 		and	r3, r3, #805306368
 1328              		.loc 1 700 8
 1329 0146 002B     		cmp	r3, #0
 1330 0148 14D1     		bne	.L67
 701:Drivers/STM32F4xx_HAL_Driver/Src/stm32f4xx_hal_adc_ex.c ****     {
 702:Drivers/STM32F4xx_HAL_Driver/Src/stm32f4xx_hal_adc_ex.c ****       /* Enable the selected ADC software conversion for regular group */
 703:Drivers/STM32F4xx_HAL_Driver/Src/stm32f4xx_hal_adc_ex.c ****       hadc->Instance->CR2 |= (uint32_t)ADC_CR2_SWSTART;
 1331              		.loc 1 703 11
 1332 014a FB68     		ldr	r3, [r7, #12]
ARM GAS  /tmp/ccrcKv2T.s 			page 37


 1333 014c 1B68     		ldr	r3, [r3]
 1334              		.loc 1 703 21
 1335 014e 9A68     		ldr	r2, [r3, #8]
 1336              		.loc 1 703 11
 1337 0150 FB68     		ldr	r3, [r7, #12]
 1338 0152 1B68     		ldr	r3, [r3]
 1339              		.loc 1 703 27
 1340 0154 42F08042 		orr	r2, r2, #1073741824
 1341 0158 9A60     		str	r2, [r3, #8]
 1342 015a 0BE0     		b	.L67
 1343              	.L61:
 704:Drivers/STM32F4xx_HAL_Driver/Src/stm32f4xx_hal_adc_ex.c ****     }
 705:Drivers/STM32F4xx_HAL_Driver/Src/stm32f4xx_hal_adc_ex.c ****   }
 706:Drivers/STM32F4xx_HAL_Driver/Src/stm32f4xx_hal_adc_ex.c ****   else
 707:Drivers/STM32F4xx_HAL_Driver/Src/stm32f4xx_hal_adc_ex.c ****   {
 708:Drivers/STM32F4xx_HAL_Driver/Src/stm32f4xx_hal_adc_ex.c ****     /* Update ADC state machine to error */
 709:Drivers/STM32F4xx_HAL_Driver/Src/stm32f4xx_hal_adc_ex.c ****     SET_BIT(hadc->State, HAL_ADC_STATE_ERROR_INTERNAL);
 1344              		.loc 1 709 5
 1345 015c FB68     		ldr	r3, [r7, #12]
 1346 015e 1B6C     		ldr	r3, [r3, #64]
 1347 0160 43F01002 		orr	r2, r3, #16
 1348 0164 FB68     		ldr	r3, [r7, #12]
 1349 0166 1A64     		str	r2, [r3, #64]
 710:Drivers/STM32F4xx_HAL_Driver/Src/stm32f4xx_hal_adc_ex.c **** 
 711:Drivers/STM32F4xx_HAL_Driver/Src/stm32f4xx_hal_adc_ex.c ****     /* Set ADC error code to ADC IP internal error */
 712:Drivers/STM32F4xx_HAL_Driver/Src/stm32f4xx_hal_adc_ex.c ****     SET_BIT(hadc->ErrorCode, HAL_ADC_ERROR_INTERNAL);
 1350              		.loc 1 712 5
 1351 0168 FB68     		ldr	r3, [r7, #12]
 1352 016a 5B6C     		ldr	r3, [r3, #68]
 1353 016c 43F00102 		orr	r2, r3, #1
 1354 0170 FB68     		ldr	r3, [r7, #12]
 1355 0172 5A64     		str	r2, [r3, #68]
 1356              	.L67:
 713:Drivers/STM32F4xx_HAL_Driver/Src/stm32f4xx_hal_adc_ex.c ****   }
 714:Drivers/STM32F4xx_HAL_Driver/Src/stm32f4xx_hal_adc_ex.c **** 
 715:Drivers/STM32F4xx_HAL_Driver/Src/stm32f4xx_hal_adc_ex.c ****   /* Return function status */
 716:Drivers/STM32F4xx_HAL_Driver/Src/stm32f4xx_hal_adc_ex.c ****   return HAL_OK;
 1357              		.loc 1 716 10
 1358 0174 0023     		movs	r3, #0
 1359              	.L57:
 717:Drivers/STM32F4xx_HAL_Driver/Src/stm32f4xx_hal_adc_ex.c **** }
 1360              		.loc 1 717 1
 1361 0176 1846     		mov	r0, r3
 1362 0178 1837     		adds	r7, r7, #24
 1363              	.LCFI38:
 1364              		.cfi_def_cfa_offset 8
 1365 017a BD46     		mov	sp, r7
 1366              	.LCFI39:
 1367              		.cfi_def_cfa_register 13
 1368              		@ sp needed
 1369 017c 80BD     		pop	{r7, pc}
 1370              	.L69:
 1371 017e 00BF     		.align	2
 1372              	.L68:
 1373 0180 00000000 		.word	SystemCoreClock
 1374 0184 83DE1B43 		.word	1125899907
 1375 0188 00000000 		.word	ADC_MultiModeDMAConvCplt
ARM GAS  /tmp/ccrcKv2T.s 			page 38


 1376 018c 00000000 		.word	ADC_MultiModeDMAHalfConvCplt
 1377 0190 00000000 		.word	ADC_MultiModeDMAError
 1378 0194 00230140 		.word	1073816320
 1379              		.cfi_endproc
 1380              	.LFE226:
 1382              		.section	.text.HAL_ADCEx_MultiModeStop_DMA,"ax",%progbits
 1383              		.align	1
 1384              		.global	HAL_ADCEx_MultiModeStop_DMA
 1385              		.syntax unified
 1386              		.thumb
 1387              		.thumb_func
 1389              	HAL_ADCEx_MultiModeStop_DMA:
 1390              	.LFB227:
 718:Drivers/STM32F4xx_HAL_Driver/Src/stm32f4xx_hal_adc_ex.c **** 
 719:Drivers/STM32F4xx_HAL_Driver/Src/stm32f4xx_hal_adc_ex.c **** /**
 720:Drivers/STM32F4xx_HAL_Driver/Src/stm32f4xx_hal_adc_ex.c ****   * @brief  Disables ADC DMA (multi-ADC mode) and disables ADC peripheral
 721:Drivers/STM32F4xx_HAL_Driver/Src/stm32f4xx_hal_adc_ex.c ****   * @param  hadc pointer to a ADC_HandleTypeDef structure that contains
 722:Drivers/STM32F4xx_HAL_Driver/Src/stm32f4xx_hal_adc_ex.c ****   *         the configuration information for the specified ADC.
 723:Drivers/STM32F4xx_HAL_Driver/Src/stm32f4xx_hal_adc_ex.c ****   * @retval HAL status
 724:Drivers/STM32F4xx_HAL_Driver/Src/stm32f4xx_hal_adc_ex.c ****   */
 725:Drivers/STM32F4xx_HAL_Driver/Src/stm32f4xx_hal_adc_ex.c **** HAL_StatusTypeDef HAL_ADCEx_MultiModeStop_DMA(ADC_HandleTypeDef *hadc)
 726:Drivers/STM32F4xx_HAL_Driver/Src/stm32f4xx_hal_adc_ex.c **** {
 1391              		.loc 1 726 1
 1392              		.cfi_startproc
 1393              		@ args = 0, pretend = 0, frame = 16
 1394              		@ frame_needed = 1, uses_anonymous_args = 0
 1395 0000 80B5     		push	{r7, lr}
 1396              	.LCFI40:
 1397              		.cfi_def_cfa_offset 8
 1398              		.cfi_offset 7, -8
 1399              		.cfi_offset 14, -4
 1400 0002 84B0     		sub	sp, sp, #16
 1401              	.LCFI41:
 1402              		.cfi_def_cfa_offset 24
 1403 0004 00AF     		add	r7, sp, #0
 1404              	.LCFI42:
 1405              		.cfi_def_cfa_register 7
 1406 0006 7860     		str	r0, [r7, #4]
 727:Drivers/STM32F4xx_HAL_Driver/Src/stm32f4xx_hal_adc_ex.c ****   HAL_StatusTypeDef tmp_hal_status = HAL_OK;
 1407              		.loc 1 727 21
 1408 0008 0023     		movs	r3, #0
 1409 000a FB73     		strb	r3, [r7, #15]
 728:Drivers/STM32F4xx_HAL_Driver/Src/stm32f4xx_hal_adc_ex.c ****   ADC_Common_TypeDef *tmpADC_Common;
 729:Drivers/STM32F4xx_HAL_Driver/Src/stm32f4xx_hal_adc_ex.c **** 
 730:Drivers/STM32F4xx_HAL_Driver/Src/stm32f4xx_hal_adc_ex.c ****   /* Check the parameters */
 731:Drivers/STM32F4xx_HAL_Driver/Src/stm32f4xx_hal_adc_ex.c ****   assert_param(IS_ADC_ALL_INSTANCE(hadc->Instance));
 732:Drivers/STM32F4xx_HAL_Driver/Src/stm32f4xx_hal_adc_ex.c **** 
 733:Drivers/STM32F4xx_HAL_Driver/Src/stm32f4xx_hal_adc_ex.c ****   /* Process locked */
 734:Drivers/STM32F4xx_HAL_Driver/Src/stm32f4xx_hal_adc_ex.c ****   __HAL_LOCK(hadc);
 1410              		.loc 1 734 3
 1411 000c 7B68     		ldr	r3, [r7, #4]
 1412 000e 93F83C30 		ldrb	r3, [r3, #60]	@ zero_extendqisi2
 1413 0012 012B     		cmp	r3, #1
 1414 0014 01D1     		bne	.L71
 1415              		.loc 1 734 3 is_stmt 0 discriminator 1
 1416 0016 0223     		movs	r3, #2
 1417              		.loc 1 734 3
ARM GAS  /tmp/ccrcKv2T.s 			page 39


 1418 0018 38E0     		b	.L72
 1419              	.L71:
 1420              		.loc 1 734 3 discriminator 2
 1421 001a 7B68     		ldr	r3, [r7, #4]
 1422 001c 0122     		movs	r2, #1
 1423 001e 83F83C20 		strb	r2, [r3, #60]
 735:Drivers/STM32F4xx_HAL_Driver/Src/stm32f4xx_hal_adc_ex.c **** 
 736:Drivers/STM32F4xx_HAL_Driver/Src/stm32f4xx_hal_adc_ex.c ****   /* Stop potential conversion on going, on regular and injected groups */
 737:Drivers/STM32F4xx_HAL_Driver/Src/stm32f4xx_hal_adc_ex.c ****   /* Disable ADC peripheral */
 738:Drivers/STM32F4xx_HAL_Driver/Src/stm32f4xx_hal_adc_ex.c ****   __HAL_ADC_DISABLE(hadc);
 1424              		.loc 1 738 3 is_stmt 1
 1425 0022 7B68     		ldr	r3, [r7, #4]
 1426 0024 1B68     		ldr	r3, [r3]
 1427 0026 9A68     		ldr	r2, [r3, #8]
 1428 0028 7B68     		ldr	r3, [r7, #4]
 1429 002a 1B68     		ldr	r3, [r3]
 1430 002c 22F00102 		bic	r2, r2, #1
 1431 0030 9A60     		str	r2, [r3, #8]
 739:Drivers/STM32F4xx_HAL_Driver/Src/stm32f4xx_hal_adc_ex.c **** 
 740:Drivers/STM32F4xx_HAL_Driver/Src/stm32f4xx_hal_adc_ex.c ****   /* Pointer to the common control register to which is belonging hadc    */
 741:Drivers/STM32F4xx_HAL_Driver/Src/stm32f4xx_hal_adc_ex.c ****   /* (Depending on STM32F4 product, there may be up to 3 ADC and 1 common */
 742:Drivers/STM32F4xx_HAL_Driver/Src/stm32f4xx_hal_adc_ex.c ****   /* control register)                                                    */
 743:Drivers/STM32F4xx_HAL_Driver/Src/stm32f4xx_hal_adc_ex.c ****   tmpADC_Common = ADC_COMMON_REGISTER(hadc);
 1432              		.loc 1 743 17
 1433 0032 184B     		ldr	r3, .L74
 1434 0034 BB60     		str	r3, [r7, #8]
 744:Drivers/STM32F4xx_HAL_Driver/Src/stm32f4xx_hal_adc_ex.c **** 
 745:Drivers/STM32F4xx_HAL_Driver/Src/stm32f4xx_hal_adc_ex.c ****   /* Check if ADC is effectively disabled */
 746:Drivers/STM32F4xx_HAL_Driver/Src/stm32f4xx_hal_adc_ex.c ****   if (HAL_IS_BIT_CLR(hadc->Instance->CR2, ADC_CR2_ADON))
 1435              		.loc 1 746 7
 1436 0036 7B68     		ldr	r3, [r7, #4]
 1437 0038 1B68     		ldr	r3, [r3]
 1438 003a 9B68     		ldr	r3, [r3, #8]
 1439 003c 03F00103 		and	r3, r3, #1
 1440              		.loc 1 746 6
 1441 0040 002B     		cmp	r3, #0
 1442 0042 1ED1     		bne	.L73
 747:Drivers/STM32F4xx_HAL_Driver/Src/stm32f4xx_hal_adc_ex.c ****   {
 748:Drivers/STM32F4xx_HAL_Driver/Src/stm32f4xx_hal_adc_ex.c ****     /* Disable the selected ADC DMA mode for multimode */
 749:Drivers/STM32F4xx_HAL_Driver/Src/stm32f4xx_hal_adc_ex.c ****     tmpADC_Common->CCR &= ~ADC_CCR_DDS;
 1443              		.loc 1 749 18
 1444 0044 BB68     		ldr	r3, [r7, #8]
 1445 0046 5B68     		ldr	r3, [r3, #4]
 1446              		.loc 1 749 24
 1447 0048 23F40052 		bic	r2, r3, #8192
 1448 004c BB68     		ldr	r3, [r7, #8]
 1449 004e 5A60     		str	r2, [r3, #4]
 750:Drivers/STM32F4xx_HAL_Driver/Src/stm32f4xx_hal_adc_ex.c **** 
 751:Drivers/STM32F4xx_HAL_Driver/Src/stm32f4xx_hal_adc_ex.c ****     /* Disable the DMA channel (in case of DMA in circular mode or stop while */
 752:Drivers/STM32F4xx_HAL_Driver/Src/stm32f4xx_hal_adc_ex.c ****     /* DMA transfer is on going)                                              */
 753:Drivers/STM32F4xx_HAL_Driver/Src/stm32f4xx_hal_adc_ex.c ****     tmp_hal_status = HAL_DMA_Abort(hadc->DMA_Handle);
 1450              		.loc 1 753 22
 1451 0050 7B68     		ldr	r3, [r7, #4]
 1452 0052 9B6B     		ldr	r3, [r3, #56]
 1453 0054 1846     		mov	r0, r3
 1454 0056 FFF7FEFF 		bl	HAL_DMA_Abort
 1455 005a 0346     		mov	r3, r0
ARM GAS  /tmp/ccrcKv2T.s 			page 40


 1456 005c FB73     		strb	r3, [r7, #15]
 754:Drivers/STM32F4xx_HAL_Driver/Src/stm32f4xx_hal_adc_ex.c **** 
 755:Drivers/STM32F4xx_HAL_Driver/Src/stm32f4xx_hal_adc_ex.c ****     /* Disable ADC overrun interrupt */
 756:Drivers/STM32F4xx_HAL_Driver/Src/stm32f4xx_hal_adc_ex.c ****     __HAL_ADC_DISABLE_IT(hadc, ADC_IT_OVR);
 1457              		.loc 1 756 5
 1458 005e 7B68     		ldr	r3, [r7, #4]
 1459 0060 1B68     		ldr	r3, [r3]
 1460 0062 5A68     		ldr	r2, [r3, #4]
 1461 0064 7B68     		ldr	r3, [r7, #4]
 1462 0066 1B68     		ldr	r3, [r3]
 1463 0068 22F08062 		bic	r2, r2, #67108864
 1464 006c 5A60     		str	r2, [r3, #4]
 757:Drivers/STM32F4xx_HAL_Driver/Src/stm32f4xx_hal_adc_ex.c **** 
 758:Drivers/STM32F4xx_HAL_Driver/Src/stm32f4xx_hal_adc_ex.c ****     /* Set ADC state */
 759:Drivers/STM32F4xx_HAL_Driver/Src/stm32f4xx_hal_adc_ex.c ****     ADC_STATE_CLR_SET(hadc->State,
 1465              		.loc 1 759 5
 1466 006e 7B68     		ldr	r3, [r7, #4]
 1467 0070 1B6C     		ldr	r3, [r3, #64]
 1468 0072 23F48853 		bic	r3, r3, #4352
 1469 0076 23F00103 		bic	r3, r3, #1
 1470 007a 43F00102 		orr	r2, r3, #1
 1471 007e 7B68     		ldr	r3, [r7, #4]
 1472 0080 1A64     		str	r2, [r3, #64]
 1473              	.L73:
 760:Drivers/STM32F4xx_HAL_Driver/Src/stm32f4xx_hal_adc_ex.c ****                       HAL_ADC_STATE_REG_BUSY | HAL_ADC_STATE_INJ_BUSY,
 761:Drivers/STM32F4xx_HAL_Driver/Src/stm32f4xx_hal_adc_ex.c ****                       HAL_ADC_STATE_READY);
 762:Drivers/STM32F4xx_HAL_Driver/Src/stm32f4xx_hal_adc_ex.c ****   }
 763:Drivers/STM32F4xx_HAL_Driver/Src/stm32f4xx_hal_adc_ex.c **** 
 764:Drivers/STM32F4xx_HAL_Driver/Src/stm32f4xx_hal_adc_ex.c ****   /* Process unlocked */
 765:Drivers/STM32F4xx_HAL_Driver/Src/stm32f4xx_hal_adc_ex.c ****   __HAL_UNLOCK(hadc);
 1474              		.loc 1 765 3
 1475 0082 7B68     		ldr	r3, [r7, #4]
 1476 0084 0022     		movs	r2, #0
 1477 0086 83F83C20 		strb	r2, [r3, #60]
 766:Drivers/STM32F4xx_HAL_Driver/Src/stm32f4xx_hal_adc_ex.c **** 
 767:Drivers/STM32F4xx_HAL_Driver/Src/stm32f4xx_hal_adc_ex.c ****   /* Return function status */
 768:Drivers/STM32F4xx_HAL_Driver/Src/stm32f4xx_hal_adc_ex.c ****   return tmp_hal_status;
 1478              		.loc 1 768 10
 1479 008a FB7B     		ldrb	r3, [r7, #15]	@ zero_extendqisi2
 1480              	.L72:
 769:Drivers/STM32F4xx_HAL_Driver/Src/stm32f4xx_hal_adc_ex.c **** }
 1481              		.loc 1 769 1
 1482 008c 1846     		mov	r0, r3
 1483 008e 1037     		adds	r7, r7, #16
 1484              	.LCFI43:
 1485              		.cfi_def_cfa_offset 8
 1486 0090 BD46     		mov	sp, r7
 1487              	.LCFI44:
 1488              		.cfi_def_cfa_register 13
 1489              		@ sp needed
 1490 0092 80BD     		pop	{r7, pc}
 1491              	.L75:
 1492              		.align	2
 1493              	.L74:
 1494 0094 00230140 		.word	1073816320
 1495              		.cfi_endproc
 1496              	.LFE227:
ARM GAS  /tmp/ccrcKv2T.s 			page 41


 1498              		.section	.text.HAL_ADCEx_MultiModeGetValue,"ax",%progbits
 1499              		.align	1
 1500              		.global	HAL_ADCEx_MultiModeGetValue
 1501              		.syntax unified
 1502              		.thumb
 1503              		.thumb_func
 1505              	HAL_ADCEx_MultiModeGetValue:
 1506              	.LFB228:
 770:Drivers/STM32F4xx_HAL_Driver/Src/stm32f4xx_hal_adc_ex.c **** 
 771:Drivers/STM32F4xx_HAL_Driver/Src/stm32f4xx_hal_adc_ex.c **** /**
 772:Drivers/STM32F4xx_HAL_Driver/Src/stm32f4xx_hal_adc_ex.c ****   * @brief  Returns the last ADC1, ADC2 and ADC3 regular conversions results
 773:Drivers/STM32F4xx_HAL_Driver/Src/stm32f4xx_hal_adc_ex.c ****   *         data in the selected multi mode.
 774:Drivers/STM32F4xx_HAL_Driver/Src/stm32f4xx_hal_adc_ex.c ****   * @param  hadc pointer to a ADC_HandleTypeDef structure that contains
 775:Drivers/STM32F4xx_HAL_Driver/Src/stm32f4xx_hal_adc_ex.c ****   *         the configuration information for the specified ADC.
 776:Drivers/STM32F4xx_HAL_Driver/Src/stm32f4xx_hal_adc_ex.c ****   * @retval The converted data value.
 777:Drivers/STM32F4xx_HAL_Driver/Src/stm32f4xx_hal_adc_ex.c ****   */
 778:Drivers/STM32F4xx_HAL_Driver/Src/stm32f4xx_hal_adc_ex.c **** uint32_t HAL_ADCEx_MultiModeGetValue(ADC_HandleTypeDef *hadc)
 779:Drivers/STM32F4xx_HAL_Driver/Src/stm32f4xx_hal_adc_ex.c **** {
 1507              		.loc 1 779 1
 1508              		.cfi_startproc
 1509              		@ args = 0, pretend = 0, frame = 16
 1510              		@ frame_needed = 1, uses_anonymous_args = 0
 1511              		@ link register save eliminated.
 1512 0000 80B4     		push	{r7}
 1513              	.LCFI45:
 1514              		.cfi_def_cfa_offset 4
 1515              		.cfi_offset 7, -4
 1516 0002 85B0     		sub	sp, sp, #20
 1517              	.LCFI46:
 1518              		.cfi_def_cfa_offset 24
 1519 0004 00AF     		add	r7, sp, #0
 1520              	.LCFI47:
 1521              		.cfi_def_cfa_register 7
 1522 0006 7860     		str	r0, [r7, #4]
 780:Drivers/STM32F4xx_HAL_Driver/Src/stm32f4xx_hal_adc_ex.c ****   ADC_Common_TypeDef *tmpADC_Common;
 781:Drivers/STM32F4xx_HAL_Driver/Src/stm32f4xx_hal_adc_ex.c **** 
 782:Drivers/STM32F4xx_HAL_Driver/Src/stm32f4xx_hal_adc_ex.c ****   /* Prevent unused argument(s) compilation warning */
 783:Drivers/STM32F4xx_HAL_Driver/Src/stm32f4xx_hal_adc_ex.c ****   UNUSED(hadc);
 784:Drivers/STM32F4xx_HAL_Driver/Src/stm32f4xx_hal_adc_ex.c **** 
 785:Drivers/STM32F4xx_HAL_Driver/Src/stm32f4xx_hal_adc_ex.c ****   /* Pointer to the common control register to which is belonging hadc    */
 786:Drivers/STM32F4xx_HAL_Driver/Src/stm32f4xx_hal_adc_ex.c ****   /* (Depending on STM32F4 product, there may be up to 3 ADC and 1 common */
 787:Drivers/STM32F4xx_HAL_Driver/Src/stm32f4xx_hal_adc_ex.c ****   /* control register)                                                    */
 788:Drivers/STM32F4xx_HAL_Driver/Src/stm32f4xx_hal_adc_ex.c ****   tmpADC_Common = ADC_COMMON_REGISTER(hadc);
 1523              		.loc 1 788 17
 1524 0008 044B     		ldr	r3, .L78
 1525 000a FB60     		str	r3, [r7, #12]
 789:Drivers/STM32F4xx_HAL_Driver/Src/stm32f4xx_hal_adc_ex.c **** 
 790:Drivers/STM32F4xx_HAL_Driver/Src/stm32f4xx_hal_adc_ex.c ****   /* Return the multi mode conversion value */
 791:Drivers/STM32F4xx_HAL_Driver/Src/stm32f4xx_hal_adc_ex.c ****   return tmpADC_Common->CDR;
 1526              		.loc 1 791 23
 1527 000c FB68     		ldr	r3, [r7, #12]
 1528 000e 9B68     		ldr	r3, [r3, #8]
 792:Drivers/STM32F4xx_HAL_Driver/Src/stm32f4xx_hal_adc_ex.c **** }
 1529              		.loc 1 792 1
 1530 0010 1846     		mov	r0, r3
 1531 0012 1437     		adds	r7, r7, #20
 1532              	.LCFI48:
ARM GAS  /tmp/ccrcKv2T.s 			page 42


 1533              		.cfi_def_cfa_offset 4
 1534 0014 BD46     		mov	sp, r7
 1535              	.LCFI49:
 1536              		.cfi_def_cfa_register 13
 1537              		@ sp needed
 1538 0016 80BC     		pop	{r7}
 1539              	.LCFI50:
 1540              		.cfi_restore 7
 1541              		.cfi_def_cfa_offset 0
 1542 0018 7047     		bx	lr
 1543              	.L79:
 1544 001a 00BF     		.align	2
 1545              	.L78:
 1546 001c 00230140 		.word	1073816320
 1547              		.cfi_endproc
 1548              	.LFE228:
 1550              		.section	.text.HAL_ADCEx_InjectedConvCpltCallback,"ax",%progbits
 1551              		.align	1
 1552              		.weak	HAL_ADCEx_InjectedConvCpltCallback
 1553              		.syntax unified
 1554              		.thumb
 1555              		.thumb_func
 1557              	HAL_ADCEx_InjectedConvCpltCallback:
 1558              	.LFB229:
 793:Drivers/STM32F4xx_HAL_Driver/Src/stm32f4xx_hal_adc_ex.c **** 
 794:Drivers/STM32F4xx_HAL_Driver/Src/stm32f4xx_hal_adc_ex.c **** /**
 795:Drivers/STM32F4xx_HAL_Driver/Src/stm32f4xx_hal_adc_ex.c ****   * @brief  Injected conversion complete callback in non blocking mode
 796:Drivers/STM32F4xx_HAL_Driver/Src/stm32f4xx_hal_adc_ex.c ****   * @param  hadc pointer to a ADC_HandleTypeDef structure that contains
 797:Drivers/STM32F4xx_HAL_Driver/Src/stm32f4xx_hal_adc_ex.c ****   *         the configuration information for the specified ADC.
 798:Drivers/STM32F4xx_HAL_Driver/Src/stm32f4xx_hal_adc_ex.c ****   * @retval None
 799:Drivers/STM32F4xx_HAL_Driver/Src/stm32f4xx_hal_adc_ex.c ****   */
 800:Drivers/STM32F4xx_HAL_Driver/Src/stm32f4xx_hal_adc_ex.c **** __weak void HAL_ADCEx_InjectedConvCpltCallback(ADC_HandleTypeDef *hadc)
 801:Drivers/STM32F4xx_HAL_Driver/Src/stm32f4xx_hal_adc_ex.c **** {
 1559              		.loc 1 801 1
 1560              		.cfi_startproc
 1561              		@ args = 0, pretend = 0, frame = 8
 1562              		@ frame_needed = 1, uses_anonymous_args = 0
 1563              		@ link register save eliminated.
 1564 0000 80B4     		push	{r7}
 1565              	.LCFI51:
 1566              		.cfi_def_cfa_offset 4
 1567              		.cfi_offset 7, -4
 1568 0002 83B0     		sub	sp, sp, #12
 1569              	.LCFI52:
 1570              		.cfi_def_cfa_offset 16
 1571 0004 00AF     		add	r7, sp, #0
 1572              	.LCFI53:
 1573              		.cfi_def_cfa_register 7
 1574 0006 7860     		str	r0, [r7, #4]
 802:Drivers/STM32F4xx_HAL_Driver/Src/stm32f4xx_hal_adc_ex.c ****   /* Prevent unused argument(s) compilation warning */
 803:Drivers/STM32F4xx_HAL_Driver/Src/stm32f4xx_hal_adc_ex.c ****   UNUSED(hadc);
 804:Drivers/STM32F4xx_HAL_Driver/Src/stm32f4xx_hal_adc_ex.c ****   /* NOTE : This function Should not be modified, when the callback is needed,
 805:Drivers/STM32F4xx_HAL_Driver/Src/stm32f4xx_hal_adc_ex.c ****             the HAL_ADC_InjectedConvCpltCallback could be implemented in the user file
 806:Drivers/STM32F4xx_HAL_Driver/Src/stm32f4xx_hal_adc_ex.c ****    */
 807:Drivers/STM32F4xx_HAL_Driver/Src/stm32f4xx_hal_adc_ex.c **** }
 1575              		.loc 1 807 1
 1576 0008 00BF     		nop
ARM GAS  /tmp/ccrcKv2T.s 			page 43


 1577 000a 0C37     		adds	r7, r7, #12
 1578              	.LCFI54:
 1579              		.cfi_def_cfa_offset 4
 1580 000c BD46     		mov	sp, r7
 1581              	.LCFI55:
 1582              		.cfi_def_cfa_register 13
 1583              		@ sp needed
 1584 000e 80BC     		pop	{r7}
 1585              	.LCFI56:
 1586              		.cfi_restore 7
 1587              		.cfi_def_cfa_offset 0
 1588 0010 7047     		bx	lr
 1589              		.cfi_endproc
 1590              	.LFE229:
 1592              		.section	.text.HAL_ADCEx_InjectedConfigChannel,"ax",%progbits
 1593              		.align	1
 1594              		.global	HAL_ADCEx_InjectedConfigChannel
 1595              		.syntax unified
 1596              		.thumb
 1597              		.thumb_func
 1599              	HAL_ADCEx_InjectedConfigChannel:
 1600              	.LFB230:
 808:Drivers/STM32F4xx_HAL_Driver/Src/stm32f4xx_hal_adc_ex.c **** 
 809:Drivers/STM32F4xx_HAL_Driver/Src/stm32f4xx_hal_adc_ex.c **** /**
 810:Drivers/STM32F4xx_HAL_Driver/Src/stm32f4xx_hal_adc_ex.c ****   * @brief  Configures for the selected ADC injected channel its corresponding
 811:Drivers/STM32F4xx_HAL_Driver/Src/stm32f4xx_hal_adc_ex.c ****   *         rank in the sequencer and its sample time.
 812:Drivers/STM32F4xx_HAL_Driver/Src/stm32f4xx_hal_adc_ex.c ****   * @param  hadc pointer to a ADC_HandleTypeDef structure that contains
 813:Drivers/STM32F4xx_HAL_Driver/Src/stm32f4xx_hal_adc_ex.c ****   *         the configuration information for the specified ADC.
 814:Drivers/STM32F4xx_HAL_Driver/Src/stm32f4xx_hal_adc_ex.c ****   * @param  sConfigInjected ADC configuration structure for injected channel.
 815:Drivers/STM32F4xx_HAL_Driver/Src/stm32f4xx_hal_adc_ex.c ****   * @retval None
 816:Drivers/STM32F4xx_HAL_Driver/Src/stm32f4xx_hal_adc_ex.c ****   */
 817:Drivers/STM32F4xx_HAL_Driver/Src/stm32f4xx_hal_adc_ex.c **** HAL_StatusTypeDef HAL_ADCEx_InjectedConfigChannel(ADC_HandleTypeDef *hadc, ADC_InjectionConfTypeDef
 818:Drivers/STM32F4xx_HAL_Driver/Src/stm32f4xx_hal_adc_ex.c **** {
 1601              		.loc 1 818 1
 1602              		.cfi_startproc
 1603              		@ args = 0, pretend = 0, frame = 16
 1604              		@ frame_needed = 1, uses_anonymous_args = 0
 1605              		@ link register save eliminated.
 1606 0000 80B4     		push	{r7}
 1607              	.LCFI57:
 1608              		.cfi_def_cfa_offset 4
 1609              		.cfi_offset 7, -4
 1610 0002 85B0     		sub	sp, sp, #20
 1611              	.LCFI58:
 1612              		.cfi_def_cfa_offset 24
 1613 0004 00AF     		add	r7, sp, #0
 1614              	.LCFI59:
 1615              		.cfi_def_cfa_register 7
 1616 0006 7860     		str	r0, [r7, #4]
 1617 0008 3960     		str	r1, [r7]
 819:Drivers/STM32F4xx_HAL_Driver/Src/stm32f4xx_hal_adc_ex.c **** 
 820:Drivers/STM32F4xx_HAL_Driver/Src/stm32f4xx_hal_adc_ex.c **** #ifdef USE_FULL_ASSERT
 821:Drivers/STM32F4xx_HAL_Driver/Src/stm32f4xx_hal_adc_ex.c ****   uint32_t tmp = 0U;
 822:Drivers/STM32F4xx_HAL_Driver/Src/stm32f4xx_hal_adc_ex.c **** 
 823:Drivers/STM32F4xx_HAL_Driver/Src/stm32f4xx_hal_adc_ex.c **** #endif /* USE_FULL_ASSERT  */
 824:Drivers/STM32F4xx_HAL_Driver/Src/stm32f4xx_hal_adc_ex.c **** 
 825:Drivers/STM32F4xx_HAL_Driver/Src/stm32f4xx_hal_adc_ex.c ****   ADC_Common_TypeDef *tmpADC_Common;
ARM GAS  /tmp/ccrcKv2T.s 			page 44


 826:Drivers/STM32F4xx_HAL_Driver/Src/stm32f4xx_hal_adc_ex.c **** 
 827:Drivers/STM32F4xx_HAL_Driver/Src/stm32f4xx_hal_adc_ex.c ****   /* Check the parameters */
 828:Drivers/STM32F4xx_HAL_Driver/Src/stm32f4xx_hal_adc_ex.c ****   assert_param(IS_ADC_CHANNEL(sConfigInjected->InjectedChannel));
 829:Drivers/STM32F4xx_HAL_Driver/Src/stm32f4xx_hal_adc_ex.c ****   assert_param(IS_ADC_INJECTED_RANK(sConfigInjected->InjectedRank));
 830:Drivers/STM32F4xx_HAL_Driver/Src/stm32f4xx_hal_adc_ex.c ****   assert_param(IS_ADC_SAMPLE_TIME(sConfigInjected->InjectedSamplingTime));
 831:Drivers/STM32F4xx_HAL_Driver/Src/stm32f4xx_hal_adc_ex.c ****   assert_param(IS_ADC_EXT_INJEC_TRIG(sConfigInjected->ExternalTrigInjecConv));
 832:Drivers/STM32F4xx_HAL_Driver/Src/stm32f4xx_hal_adc_ex.c ****   assert_param(IS_ADC_INJECTED_LENGTH(sConfigInjected->InjectedNbrOfConversion));
 833:Drivers/STM32F4xx_HAL_Driver/Src/stm32f4xx_hal_adc_ex.c ****   assert_param(IS_FUNCTIONAL_STATE(sConfigInjected->AutoInjectedConv));
 834:Drivers/STM32F4xx_HAL_Driver/Src/stm32f4xx_hal_adc_ex.c ****   assert_param(IS_FUNCTIONAL_STATE(sConfigInjected->InjectedDiscontinuousConvMode));
 835:Drivers/STM32F4xx_HAL_Driver/Src/stm32f4xx_hal_adc_ex.c **** 
 836:Drivers/STM32F4xx_HAL_Driver/Src/stm32f4xx_hal_adc_ex.c **** #ifdef USE_FULL_ASSERT
 837:Drivers/STM32F4xx_HAL_Driver/Src/stm32f4xx_hal_adc_ex.c ****   tmp = ADC_GET_RESOLUTION(hadc);
 838:Drivers/STM32F4xx_HAL_Driver/Src/stm32f4xx_hal_adc_ex.c ****   assert_param(IS_ADC_RANGE(tmp, sConfigInjected->InjectedOffset));
 839:Drivers/STM32F4xx_HAL_Driver/Src/stm32f4xx_hal_adc_ex.c **** #endif /* USE_FULL_ASSERT  */
 840:Drivers/STM32F4xx_HAL_Driver/Src/stm32f4xx_hal_adc_ex.c **** 
 841:Drivers/STM32F4xx_HAL_Driver/Src/stm32f4xx_hal_adc_ex.c ****   if (sConfigInjected->ExternalTrigInjecConv != ADC_INJECTED_SOFTWARE_START)
 842:Drivers/STM32F4xx_HAL_Driver/Src/stm32f4xx_hal_adc_ex.c ****   {
 843:Drivers/STM32F4xx_HAL_Driver/Src/stm32f4xx_hal_adc_ex.c ****     assert_param(IS_ADC_EXT_INJEC_TRIG_EDGE(sConfigInjected->ExternalTrigInjecConvEdge));
 844:Drivers/STM32F4xx_HAL_Driver/Src/stm32f4xx_hal_adc_ex.c ****   }
 845:Drivers/STM32F4xx_HAL_Driver/Src/stm32f4xx_hal_adc_ex.c **** 
 846:Drivers/STM32F4xx_HAL_Driver/Src/stm32f4xx_hal_adc_ex.c ****   /* Process locked */
 847:Drivers/STM32F4xx_HAL_Driver/Src/stm32f4xx_hal_adc_ex.c ****   __HAL_LOCK(hadc);
 1618              		.loc 1 847 3
 1619 000a 7B68     		ldr	r3, [r7, #4]
 1620 000c 93F83C30 		ldrb	r3, [r3, #60]	@ zero_extendqisi2
 1621 0010 012B     		cmp	r3, #1
 1622 0012 01D1     		bne	.L82
 1623              		.loc 1 847 3 is_stmt 0 discriminator 1
 1624 0014 0223     		movs	r3, #2
 1625              		.loc 1 847 3
 1626 0016 7FE1     		b	.L83
 1627              	.L82:
 1628              		.loc 1 847 3 discriminator 2
 1629 0018 7B68     		ldr	r3, [r7, #4]
 1630 001a 0122     		movs	r2, #1
 1631 001c 83F83C20 		strb	r2, [r3, #60]
 848:Drivers/STM32F4xx_HAL_Driver/Src/stm32f4xx_hal_adc_ex.c **** 
 849:Drivers/STM32F4xx_HAL_Driver/Src/stm32f4xx_hal_adc_ex.c ****   /* if ADC_Channel_10 ... ADC_Channel_18 is selected */
 850:Drivers/STM32F4xx_HAL_Driver/Src/stm32f4xx_hal_adc_ex.c ****   if (sConfigInjected->InjectedChannel > ADC_CHANNEL_9)
 1632              		.loc 1 850 22 is_stmt 1
 1633 0020 3B68     		ldr	r3, [r7]
 1634 0022 1B68     		ldr	r3, [r3]
 1635              		.loc 1 850 6
 1636 0024 092B     		cmp	r3, #9
 1637 0026 26D9     		bls	.L84
 851:Drivers/STM32F4xx_HAL_Driver/Src/stm32f4xx_hal_adc_ex.c ****   {
 852:Drivers/STM32F4xx_HAL_Driver/Src/stm32f4xx_hal_adc_ex.c ****     /* Clear the old sample time */
 853:Drivers/STM32F4xx_HAL_Driver/Src/stm32f4xx_hal_adc_ex.c ****     hadc->Instance->SMPR1 &= ~ADC_SMPR1(ADC_SMPR1_SMP10, sConfigInjected->InjectedChannel);
 1638              		.loc 1 853 9
 1639 0028 7B68     		ldr	r3, [r7, #4]
 1640 002a 1B68     		ldr	r3, [r3]
 1641              		.loc 1 853 19
 1642 002c D968     		ldr	r1, [r3, #12]
 1643              		.loc 1 853 31
 1644 002e 3B68     		ldr	r3, [r7]
 1645 0030 1B68     		ldr	r3, [r3]
 1646 0032 9BB2     		uxth	r3, r3
ARM GAS  /tmp/ccrcKv2T.s 			page 45


 1647 0034 A3F10A02 		sub	r2, r3, #10
 1648 0038 1346     		mov	r3, r2
 1649 003a 5B00     		lsls	r3, r3, #1
 1650 003c 1344     		add	r3, r3, r2
 1651 003e 0722     		movs	r2, #7
 1652 0040 02FA03F3 		lsl	r3, r2, r3
 1653              		.loc 1 853 30
 1654 0044 DA43     		mvns	r2, r3
 1655              		.loc 1 853 9
 1656 0046 7B68     		ldr	r3, [r7, #4]
 1657 0048 1B68     		ldr	r3, [r3]
 1658              		.loc 1 853 27
 1659 004a 0A40     		ands	r2, r2, r1
 1660 004c DA60     		str	r2, [r3, #12]
 854:Drivers/STM32F4xx_HAL_Driver/Src/stm32f4xx_hal_adc_ex.c **** 
 855:Drivers/STM32F4xx_HAL_Driver/Src/stm32f4xx_hal_adc_ex.c ****     /* Set the new sample time */
 856:Drivers/STM32F4xx_HAL_Driver/Src/stm32f4xx_hal_adc_ex.c ****     hadc->Instance->SMPR1 |= ADC_SMPR1(sConfigInjected->InjectedSamplingTime, sConfigInjected->Inje
 1661              		.loc 1 856 9
 1662 004e 7B68     		ldr	r3, [r7, #4]
 1663 0050 1B68     		ldr	r3, [r3]
 1664              		.loc 1 856 19
 1665 0052 D968     		ldr	r1, [r3, #12]
 1666              		.loc 1 856 30
 1667 0054 3B68     		ldr	r3, [r7]
 1668 0056 9868     		ldr	r0, [r3, #8]
 1669 0058 3B68     		ldr	r3, [r7]
 1670 005a 1B68     		ldr	r3, [r3]
 1671 005c 9BB2     		uxth	r3, r3
 1672 005e A3F10A02 		sub	r2, r3, #10
 1673 0062 1346     		mov	r3, r2
 1674 0064 5B00     		lsls	r3, r3, #1
 1675 0066 1344     		add	r3, r3, r2
 1676 0068 00FA03F2 		lsl	r2, r0, r3
 1677              		.loc 1 856 9
 1678 006c 7B68     		ldr	r3, [r7, #4]
 1679 006e 1B68     		ldr	r3, [r3]
 1680              		.loc 1 856 27
 1681 0070 0A43     		orrs	r2, r2, r1
 1682 0072 DA60     		str	r2, [r3, #12]
 1683 0074 22E0     		b	.L85
 1684              	.L84:
 857:Drivers/STM32F4xx_HAL_Driver/Src/stm32f4xx_hal_adc_ex.c ****   }
 858:Drivers/STM32F4xx_HAL_Driver/Src/stm32f4xx_hal_adc_ex.c ****   else /* ADC_Channel include in ADC_Channel_[0..9] */
 859:Drivers/STM32F4xx_HAL_Driver/Src/stm32f4xx_hal_adc_ex.c ****   {
 860:Drivers/STM32F4xx_HAL_Driver/Src/stm32f4xx_hal_adc_ex.c ****     /* Clear the old sample time */
 861:Drivers/STM32F4xx_HAL_Driver/Src/stm32f4xx_hal_adc_ex.c ****     hadc->Instance->SMPR2 &= ~ADC_SMPR2(ADC_SMPR2_SMP0, sConfigInjected->InjectedChannel);
 1685              		.loc 1 861 9
 1686 0076 7B68     		ldr	r3, [r7, #4]
 1687 0078 1B68     		ldr	r3, [r3]
 1688              		.loc 1 861 19
 1689 007a 1969     		ldr	r1, [r3, #16]
 1690              		.loc 1 861 31
 1691 007c 3B68     		ldr	r3, [r7]
 1692 007e 1B68     		ldr	r3, [r3]
 1693 0080 9BB2     		uxth	r3, r3
 1694 0082 1A46     		mov	r2, r3
 1695 0084 1346     		mov	r3, r2
ARM GAS  /tmp/ccrcKv2T.s 			page 46


 1696 0086 5B00     		lsls	r3, r3, #1
 1697 0088 1344     		add	r3, r3, r2
 1698 008a 0722     		movs	r2, #7
 1699 008c 02FA03F3 		lsl	r3, r2, r3
 1700              		.loc 1 861 30
 1701 0090 DA43     		mvns	r2, r3
 1702              		.loc 1 861 9
 1703 0092 7B68     		ldr	r3, [r7, #4]
 1704 0094 1B68     		ldr	r3, [r3]
 1705              		.loc 1 861 27
 1706 0096 0A40     		ands	r2, r2, r1
 1707 0098 1A61     		str	r2, [r3, #16]
 862:Drivers/STM32F4xx_HAL_Driver/Src/stm32f4xx_hal_adc_ex.c **** 
 863:Drivers/STM32F4xx_HAL_Driver/Src/stm32f4xx_hal_adc_ex.c ****     /* Set the new sample time */
 864:Drivers/STM32F4xx_HAL_Driver/Src/stm32f4xx_hal_adc_ex.c ****     hadc->Instance->SMPR2 |= ADC_SMPR2(sConfigInjected->InjectedSamplingTime, sConfigInjected->Inje
 1708              		.loc 1 864 9
 1709 009a 7B68     		ldr	r3, [r7, #4]
 1710 009c 1B68     		ldr	r3, [r3]
 1711              		.loc 1 864 19
 1712 009e 1969     		ldr	r1, [r3, #16]
 1713              		.loc 1 864 30
 1714 00a0 3B68     		ldr	r3, [r7]
 1715 00a2 9A68     		ldr	r2, [r3, #8]
 1716 00a4 3B68     		ldr	r3, [r7]
 1717 00a6 1B68     		ldr	r3, [r3]
 1718 00a8 9BB2     		uxth	r3, r3
 1719 00aa 1846     		mov	r0, r3
 1720 00ac 0346     		mov	r3, r0
 1721 00ae 5B00     		lsls	r3, r3, #1
 1722 00b0 0344     		add	r3, r3, r0
 1723 00b2 9A40     		lsls	r2, r2, r3
 1724              		.loc 1 864 9
 1725 00b4 7B68     		ldr	r3, [r7, #4]
 1726 00b6 1B68     		ldr	r3, [r3]
 1727              		.loc 1 864 27
 1728 00b8 0A43     		orrs	r2, r2, r1
 1729 00ba 1A61     		str	r2, [r3, #16]
 1730              	.L85:
 865:Drivers/STM32F4xx_HAL_Driver/Src/stm32f4xx_hal_adc_ex.c ****   }
 866:Drivers/STM32F4xx_HAL_Driver/Src/stm32f4xx_hal_adc_ex.c **** 
 867:Drivers/STM32F4xx_HAL_Driver/Src/stm32f4xx_hal_adc_ex.c ****   /*---------------------------- ADCx JSQR Configuration -----------------*/
 868:Drivers/STM32F4xx_HAL_Driver/Src/stm32f4xx_hal_adc_ex.c ****   hadc->Instance->JSQR &= ~(ADC_JSQR_JL);
 1731              		.loc 1 868 7
 1732 00bc 7B68     		ldr	r3, [r7, #4]
 1733 00be 1B68     		ldr	r3, [r3]
 1734              		.loc 1 868 17
 1735 00c0 9A6B     		ldr	r2, [r3, #56]
 1736              		.loc 1 868 7
 1737 00c2 7B68     		ldr	r3, [r7, #4]
 1738 00c4 1B68     		ldr	r3, [r3]
 1739              		.loc 1 868 24
 1740 00c6 22F44012 		bic	r2, r2, #3145728
 1741 00ca 9A63     		str	r2, [r3, #56]
 869:Drivers/STM32F4xx_HAL_Driver/Src/stm32f4xx_hal_adc_ex.c ****   hadc->Instance->JSQR |=  ADC_SQR1(sConfigInjected->InjectedNbrOfConversion);
 1742              		.loc 1 869 7
 1743 00cc 7B68     		ldr	r3, [r7, #4]
 1744 00ce 1B68     		ldr	r3, [r3]
ARM GAS  /tmp/ccrcKv2T.s 			page 47


 1745              		.loc 1 869 17
 1746 00d0 996B     		ldr	r1, [r3, #56]
 1747              		.loc 1 869 28
 1748 00d2 3B68     		ldr	r3, [r7]
 1749 00d4 1B69     		ldr	r3, [r3, #16]
 1750 00d6 013B     		subs	r3, r3, #1
 1751 00d8 1A05     		lsls	r2, r3, #20
 1752              		.loc 1 869 7
 1753 00da 7B68     		ldr	r3, [r7, #4]
 1754 00dc 1B68     		ldr	r3, [r3]
 1755              		.loc 1 869 24
 1756 00de 0A43     		orrs	r2, r2, r1
 1757 00e0 9A63     		str	r2, [r3, #56]
 870:Drivers/STM32F4xx_HAL_Driver/Src/stm32f4xx_hal_adc_ex.c **** 
 871:Drivers/STM32F4xx_HAL_Driver/Src/stm32f4xx_hal_adc_ex.c ****   /* Rank configuration */
 872:Drivers/STM32F4xx_HAL_Driver/Src/stm32f4xx_hal_adc_ex.c **** 
 873:Drivers/STM32F4xx_HAL_Driver/Src/stm32f4xx_hal_adc_ex.c ****   /* Clear the old SQx bits for the selected rank */
 874:Drivers/STM32F4xx_HAL_Driver/Src/stm32f4xx_hal_adc_ex.c ****   hadc->Instance->JSQR &= ~ADC_JSQR(ADC_JSQR_JSQ1, sConfigInjected->InjectedRank, sConfigInjected->
 1758              		.loc 1 874 7
 1759 00e2 7B68     		ldr	r3, [r7, #4]
 1760 00e4 1B68     		ldr	r3, [r3]
 1761              		.loc 1 874 17
 1762 00e6 996B     		ldr	r1, [r3, #56]
 1763              		.loc 1 874 28
 1764 00e8 3B68     		ldr	r3, [r7]
 1765 00ea 5B68     		ldr	r3, [r3, #4]
 1766 00ec DAB2     		uxtb	r2, r3
 1767 00ee 3B68     		ldr	r3, [r7]
 1768 00f0 1B69     		ldr	r3, [r3, #16]
 1769 00f2 DBB2     		uxtb	r3, r3
 1770 00f4 D31A     		subs	r3, r2, r3
 1771 00f6 DBB2     		uxtb	r3, r3
 1772 00f8 0333     		adds	r3, r3, #3
 1773 00fa DBB2     		uxtb	r3, r3
 1774 00fc 1A46     		mov	r2, r3
 1775 00fe 1346     		mov	r3, r2
 1776 0100 9B00     		lsls	r3, r3, #2
 1777 0102 1344     		add	r3, r3, r2
 1778 0104 1F22     		movs	r2, #31
 1779 0106 02FA03F3 		lsl	r3, r2, r3
 1780              		.loc 1 874 27
 1781 010a DA43     		mvns	r2, r3
 1782              		.loc 1 874 7
 1783 010c 7B68     		ldr	r3, [r7, #4]
 1784 010e 1B68     		ldr	r3, [r3]
 1785              		.loc 1 874 24
 1786 0110 0A40     		ands	r2, r2, r1
 1787 0112 9A63     		str	r2, [r3, #56]
 875:Drivers/STM32F4xx_HAL_Driver/Src/stm32f4xx_hal_adc_ex.c **** 
 876:Drivers/STM32F4xx_HAL_Driver/Src/stm32f4xx_hal_adc_ex.c ****   /* Set the SQx bits for the selected rank */
 877:Drivers/STM32F4xx_HAL_Driver/Src/stm32f4xx_hal_adc_ex.c ****   hadc->Instance->JSQR |= ADC_JSQR(sConfigInjected->InjectedChannel, sConfigInjected->InjectedRank,
 1788              		.loc 1 877 7
 1789 0114 7B68     		ldr	r3, [r7, #4]
 1790 0116 1B68     		ldr	r3, [r3]
 1791              		.loc 1 877 17
 1792 0118 996B     		ldr	r1, [r3, #56]
 1793              		.loc 1 877 27
ARM GAS  /tmp/ccrcKv2T.s 			page 48


 1794 011a 3B68     		ldr	r3, [r7]
 1795 011c 1B68     		ldr	r3, [r3]
 1796 011e 9BB2     		uxth	r3, r3
 1797 0120 1846     		mov	r0, r3
 1798 0122 3B68     		ldr	r3, [r7]
 1799 0124 5B68     		ldr	r3, [r3, #4]
 1800 0126 DAB2     		uxtb	r2, r3
 1801 0128 3B68     		ldr	r3, [r7]
 1802 012a 1B69     		ldr	r3, [r3, #16]
 1803 012c DBB2     		uxtb	r3, r3
 1804 012e D31A     		subs	r3, r2, r3
 1805 0130 DBB2     		uxtb	r3, r3
 1806 0132 0333     		adds	r3, r3, #3
 1807 0134 DBB2     		uxtb	r3, r3
 1808 0136 1A46     		mov	r2, r3
 1809 0138 1346     		mov	r3, r2
 1810 013a 9B00     		lsls	r3, r3, #2
 1811 013c 1344     		add	r3, r3, r2
 1812 013e 00FA03F2 		lsl	r2, r0, r3
 1813              		.loc 1 877 7
 1814 0142 7B68     		ldr	r3, [r7, #4]
 1815 0144 1B68     		ldr	r3, [r3]
 1816              		.loc 1 877 24
 1817 0146 0A43     		orrs	r2, r2, r1
 1818 0148 9A63     		str	r2, [r3, #56]
 878:Drivers/STM32F4xx_HAL_Driver/Src/stm32f4xx_hal_adc_ex.c **** 
 879:Drivers/STM32F4xx_HAL_Driver/Src/stm32f4xx_hal_adc_ex.c ****   /* Enable external trigger if trigger selection is different of software  */
 880:Drivers/STM32F4xx_HAL_Driver/Src/stm32f4xx_hal_adc_ex.c ****   /* start.                                                                 */
 881:Drivers/STM32F4xx_HAL_Driver/Src/stm32f4xx_hal_adc_ex.c ****   /* Note: This configuration keeps the hardware feature of parameter       */
 882:Drivers/STM32F4xx_HAL_Driver/Src/stm32f4xx_hal_adc_ex.c ****   /*       ExternalTrigConvEdge "trigger edge none" equivalent to           */
 883:Drivers/STM32F4xx_HAL_Driver/Src/stm32f4xx_hal_adc_ex.c ****   /*       software start.                                                  */
 884:Drivers/STM32F4xx_HAL_Driver/Src/stm32f4xx_hal_adc_ex.c ****   if (sConfigInjected->ExternalTrigInjecConv != ADC_INJECTED_SOFTWARE_START)
 1819              		.loc 1 884 22
 1820 014a 3B68     		ldr	r3, [r7]
 1821 014c 9B69     		ldr	r3, [r3, #24]
 1822              		.loc 1 884 6
 1823 014e 754A     		ldr	r2, .L100
 1824 0150 9342     		cmp	r3, r2
 1825 0152 22D0     		beq	.L86
 885:Drivers/STM32F4xx_HAL_Driver/Src/stm32f4xx_hal_adc_ex.c ****   {
 886:Drivers/STM32F4xx_HAL_Driver/Src/stm32f4xx_hal_adc_ex.c ****     /* Select external trigger to start conversion */
 887:Drivers/STM32F4xx_HAL_Driver/Src/stm32f4xx_hal_adc_ex.c ****     hadc->Instance->CR2 &= ~(ADC_CR2_JEXTSEL);
 1826              		.loc 1 887 9
 1827 0154 7B68     		ldr	r3, [r7, #4]
 1828 0156 1B68     		ldr	r3, [r3]
 1829              		.loc 1 887 19
 1830 0158 9A68     		ldr	r2, [r3, #8]
 1831              		.loc 1 887 9
 1832 015a 7B68     		ldr	r3, [r7, #4]
 1833 015c 1B68     		ldr	r3, [r3]
 1834              		.loc 1 887 25
 1835 015e 22F47022 		bic	r2, r2, #983040
 1836 0162 9A60     		str	r2, [r3, #8]
 888:Drivers/STM32F4xx_HAL_Driver/Src/stm32f4xx_hal_adc_ex.c ****     hadc->Instance->CR2 |=  sConfigInjected->ExternalTrigInjecConv;
 1837              		.loc 1 888 9
 1838 0164 7B68     		ldr	r3, [r7, #4]
 1839 0166 1B68     		ldr	r3, [r3]
ARM GAS  /tmp/ccrcKv2T.s 			page 49


 1840              		.loc 1 888 19
 1841 0168 9968     		ldr	r1, [r3, #8]
 1842              		.loc 1 888 44
 1843 016a 3B68     		ldr	r3, [r7]
 1844 016c 9A69     		ldr	r2, [r3, #24]
 1845              		.loc 1 888 9
 1846 016e 7B68     		ldr	r3, [r7, #4]
 1847 0170 1B68     		ldr	r3, [r3]
 1848              		.loc 1 888 25
 1849 0172 0A43     		orrs	r2, r2, r1
 1850 0174 9A60     		str	r2, [r3, #8]
 889:Drivers/STM32F4xx_HAL_Driver/Src/stm32f4xx_hal_adc_ex.c **** 
 890:Drivers/STM32F4xx_HAL_Driver/Src/stm32f4xx_hal_adc_ex.c ****     /* Select external trigger polarity */
 891:Drivers/STM32F4xx_HAL_Driver/Src/stm32f4xx_hal_adc_ex.c ****     hadc->Instance->CR2 &= ~(ADC_CR2_JEXTEN);
 1851              		.loc 1 891 9
 1852 0176 7B68     		ldr	r3, [r7, #4]
 1853 0178 1B68     		ldr	r3, [r3]
 1854              		.loc 1 891 19
 1855 017a 9A68     		ldr	r2, [r3, #8]
 1856              		.loc 1 891 9
 1857 017c 7B68     		ldr	r3, [r7, #4]
 1858 017e 1B68     		ldr	r3, [r3]
 1859              		.loc 1 891 25
 1860 0180 22F44012 		bic	r2, r2, #3145728
 1861 0184 9A60     		str	r2, [r3, #8]
 892:Drivers/STM32F4xx_HAL_Driver/Src/stm32f4xx_hal_adc_ex.c ****     hadc->Instance->CR2 |= sConfigInjected->ExternalTrigInjecConvEdge;
 1862              		.loc 1 892 9
 1863 0186 7B68     		ldr	r3, [r7, #4]
 1864 0188 1B68     		ldr	r3, [r3]
 1865              		.loc 1 892 19
 1866 018a 9968     		ldr	r1, [r3, #8]
 1867              		.loc 1 892 43
 1868 018c 3B68     		ldr	r3, [r7]
 1869 018e DA69     		ldr	r2, [r3, #28]
 1870              		.loc 1 892 9
 1871 0190 7B68     		ldr	r3, [r7, #4]
 1872 0192 1B68     		ldr	r3, [r3]
 1873              		.loc 1 892 25
 1874 0194 0A43     		orrs	r2, r2, r1
 1875 0196 9A60     		str	r2, [r3, #8]
 1876 0198 0FE0     		b	.L87
 1877              	.L86:
 893:Drivers/STM32F4xx_HAL_Driver/Src/stm32f4xx_hal_adc_ex.c ****   }
 894:Drivers/STM32F4xx_HAL_Driver/Src/stm32f4xx_hal_adc_ex.c ****   else
 895:Drivers/STM32F4xx_HAL_Driver/Src/stm32f4xx_hal_adc_ex.c ****   {
 896:Drivers/STM32F4xx_HAL_Driver/Src/stm32f4xx_hal_adc_ex.c ****     /* Reset the external trigger */
 897:Drivers/STM32F4xx_HAL_Driver/Src/stm32f4xx_hal_adc_ex.c ****     hadc->Instance->CR2 &= ~(ADC_CR2_JEXTSEL);
 1878              		.loc 1 897 9
 1879 019a 7B68     		ldr	r3, [r7, #4]
 1880 019c 1B68     		ldr	r3, [r3]
 1881              		.loc 1 897 19
 1882 019e 9A68     		ldr	r2, [r3, #8]
 1883              		.loc 1 897 9
 1884 01a0 7B68     		ldr	r3, [r7, #4]
 1885 01a2 1B68     		ldr	r3, [r3]
 1886              		.loc 1 897 25
 1887 01a4 22F47022 		bic	r2, r2, #983040
ARM GAS  /tmp/ccrcKv2T.s 			page 50


 1888 01a8 9A60     		str	r2, [r3, #8]
 898:Drivers/STM32F4xx_HAL_Driver/Src/stm32f4xx_hal_adc_ex.c ****     hadc->Instance->CR2 &= ~(ADC_CR2_JEXTEN);
 1889              		.loc 1 898 9
 1890 01aa 7B68     		ldr	r3, [r7, #4]
 1891 01ac 1B68     		ldr	r3, [r3]
 1892              		.loc 1 898 19
 1893 01ae 9A68     		ldr	r2, [r3, #8]
 1894              		.loc 1 898 9
 1895 01b0 7B68     		ldr	r3, [r7, #4]
 1896 01b2 1B68     		ldr	r3, [r3]
 1897              		.loc 1 898 25
 1898 01b4 22F44012 		bic	r2, r2, #3145728
 1899 01b8 9A60     		str	r2, [r3, #8]
 1900              	.L87:
 899:Drivers/STM32F4xx_HAL_Driver/Src/stm32f4xx_hal_adc_ex.c ****   }
 900:Drivers/STM32F4xx_HAL_Driver/Src/stm32f4xx_hal_adc_ex.c **** 
 901:Drivers/STM32F4xx_HAL_Driver/Src/stm32f4xx_hal_adc_ex.c ****   if (sConfigInjected->AutoInjectedConv != DISABLE)
 1901              		.loc 1 901 22
 1902 01ba 3B68     		ldr	r3, [r7]
 1903 01bc 5B7D     		ldrb	r3, [r3, #21]	@ zero_extendqisi2
 1904              		.loc 1 901 6
 1905 01be 002B     		cmp	r3, #0
 1906 01c0 08D0     		beq	.L88
 902:Drivers/STM32F4xx_HAL_Driver/Src/stm32f4xx_hal_adc_ex.c ****   {
 903:Drivers/STM32F4xx_HAL_Driver/Src/stm32f4xx_hal_adc_ex.c ****     /* Enable the selected ADC automatic injected group conversion */
 904:Drivers/STM32F4xx_HAL_Driver/Src/stm32f4xx_hal_adc_ex.c ****     hadc->Instance->CR1 |= ADC_CR1_JAUTO;
 1907              		.loc 1 904 9
 1908 01c2 7B68     		ldr	r3, [r7, #4]
 1909 01c4 1B68     		ldr	r3, [r3]
 1910              		.loc 1 904 19
 1911 01c6 5A68     		ldr	r2, [r3, #4]
 1912              		.loc 1 904 9
 1913 01c8 7B68     		ldr	r3, [r7, #4]
 1914 01ca 1B68     		ldr	r3, [r3]
 1915              		.loc 1 904 25
 1916 01cc 42F48062 		orr	r2, r2, #1024
 1917 01d0 5A60     		str	r2, [r3, #4]
 1918 01d2 07E0     		b	.L89
 1919              	.L88:
 905:Drivers/STM32F4xx_HAL_Driver/Src/stm32f4xx_hal_adc_ex.c ****   }
 906:Drivers/STM32F4xx_HAL_Driver/Src/stm32f4xx_hal_adc_ex.c ****   else
 907:Drivers/STM32F4xx_HAL_Driver/Src/stm32f4xx_hal_adc_ex.c ****   {
 908:Drivers/STM32F4xx_HAL_Driver/Src/stm32f4xx_hal_adc_ex.c ****     /* Disable the selected ADC automatic injected group conversion */
 909:Drivers/STM32F4xx_HAL_Driver/Src/stm32f4xx_hal_adc_ex.c ****     hadc->Instance->CR1 &= ~(ADC_CR1_JAUTO);
 1920              		.loc 1 909 9
 1921 01d4 7B68     		ldr	r3, [r7, #4]
 1922 01d6 1B68     		ldr	r3, [r3]
 1923              		.loc 1 909 19
 1924 01d8 5A68     		ldr	r2, [r3, #4]
 1925              		.loc 1 909 9
 1926 01da 7B68     		ldr	r3, [r7, #4]
 1927 01dc 1B68     		ldr	r3, [r3]
 1928              		.loc 1 909 25
 1929 01de 22F48062 		bic	r2, r2, #1024
 1930 01e2 5A60     		str	r2, [r3, #4]
 1931              	.L89:
 910:Drivers/STM32F4xx_HAL_Driver/Src/stm32f4xx_hal_adc_ex.c ****   }
ARM GAS  /tmp/ccrcKv2T.s 			page 51


 911:Drivers/STM32F4xx_HAL_Driver/Src/stm32f4xx_hal_adc_ex.c **** 
 912:Drivers/STM32F4xx_HAL_Driver/Src/stm32f4xx_hal_adc_ex.c ****   if (sConfigInjected->InjectedDiscontinuousConvMode != DISABLE)
 1932              		.loc 1 912 22
 1933 01e4 3B68     		ldr	r3, [r7]
 1934 01e6 1B7D     		ldrb	r3, [r3, #20]	@ zero_extendqisi2
 1935              		.loc 1 912 6
 1936 01e8 002B     		cmp	r3, #0
 1937 01ea 08D0     		beq	.L90
 913:Drivers/STM32F4xx_HAL_Driver/Src/stm32f4xx_hal_adc_ex.c ****   {
 914:Drivers/STM32F4xx_HAL_Driver/Src/stm32f4xx_hal_adc_ex.c ****     /* Enable the selected ADC injected discontinuous mode */
 915:Drivers/STM32F4xx_HAL_Driver/Src/stm32f4xx_hal_adc_ex.c ****     hadc->Instance->CR1 |= ADC_CR1_JDISCEN;
 1938              		.loc 1 915 9
 1939 01ec 7B68     		ldr	r3, [r7, #4]
 1940 01ee 1B68     		ldr	r3, [r3]
 1941              		.loc 1 915 19
 1942 01f0 5A68     		ldr	r2, [r3, #4]
 1943              		.loc 1 915 9
 1944 01f2 7B68     		ldr	r3, [r7, #4]
 1945 01f4 1B68     		ldr	r3, [r3]
 1946              		.loc 1 915 25
 1947 01f6 42F48052 		orr	r2, r2, #4096
 1948 01fa 5A60     		str	r2, [r3, #4]
 1949 01fc 07E0     		b	.L91
 1950              	.L90:
 916:Drivers/STM32F4xx_HAL_Driver/Src/stm32f4xx_hal_adc_ex.c ****   }
 917:Drivers/STM32F4xx_HAL_Driver/Src/stm32f4xx_hal_adc_ex.c ****   else
 918:Drivers/STM32F4xx_HAL_Driver/Src/stm32f4xx_hal_adc_ex.c ****   {
 919:Drivers/STM32F4xx_HAL_Driver/Src/stm32f4xx_hal_adc_ex.c ****     /* Disable the selected ADC injected discontinuous mode */
 920:Drivers/STM32F4xx_HAL_Driver/Src/stm32f4xx_hal_adc_ex.c ****     hadc->Instance->CR1 &= ~(ADC_CR1_JDISCEN);
 1951              		.loc 1 920 9
 1952 01fe 7B68     		ldr	r3, [r7, #4]
 1953 0200 1B68     		ldr	r3, [r3]
 1954              		.loc 1 920 19
 1955 0202 5A68     		ldr	r2, [r3, #4]
 1956              		.loc 1 920 9
 1957 0204 7B68     		ldr	r3, [r7, #4]
 1958 0206 1B68     		ldr	r3, [r3]
 1959              		.loc 1 920 25
 1960 0208 22F48052 		bic	r2, r2, #4096
 1961 020c 5A60     		str	r2, [r3, #4]
 1962              	.L91:
 921:Drivers/STM32F4xx_HAL_Driver/Src/stm32f4xx_hal_adc_ex.c ****   }
 922:Drivers/STM32F4xx_HAL_Driver/Src/stm32f4xx_hal_adc_ex.c **** 
 923:Drivers/STM32F4xx_HAL_Driver/Src/stm32f4xx_hal_adc_ex.c ****   switch (sConfigInjected->InjectedRank)
 1963              		.loc 1 923 26
 1964 020e 3B68     		ldr	r3, [r7]
 1965 0210 5B68     		ldr	r3, [r3, #4]
 1966              		.loc 1 923 3
 1967 0212 032B     		cmp	r3, #3
 1968 0214 2ED0     		beq	.L92
 1969 0216 032B     		cmp	r3, #3
 1970 0218 40D8     		bhi	.L93
 1971 021a 012B     		cmp	r3, #1
 1972 021c 02D0     		beq	.L94
 1973 021e 022B     		cmp	r3, #2
 1974 0220 14D0     		beq	.L95
 1975 0222 3BE0     		b	.L93
ARM GAS  /tmp/ccrcKv2T.s 			page 52


 1976              	.L94:
 924:Drivers/STM32F4xx_HAL_Driver/Src/stm32f4xx_hal_adc_ex.c ****   {
 925:Drivers/STM32F4xx_HAL_Driver/Src/stm32f4xx_hal_adc_ex.c ****     case 1U:
 926:Drivers/STM32F4xx_HAL_Driver/Src/stm32f4xx_hal_adc_ex.c ****       /* Set injected channel 1 offset */
 927:Drivers/STM32F4xx_HAL_Driver/Src/stm32f4xx_hal_adc_ex.c ****       hadc->Instance->JOFR1 &= ~(ADC_JOFR1_JOFFSET1);
 1977              		.loc 1 927 11
 1978 0224 7B68     		ldr	r3, [r7, #4]
 1979 0226 1B68     		ldr	r3, [r3]
 1980              		.loc 1 927 21
 1981 0228 5B69     		ldr	r3, [r3, #20]
 1982              		.loc 1 927 11
 1983 022a 7A68     		ldr	r2, [r7, #4]
 1984 022c 1268     		ldr	r2, [r2]
 1985              		.loc 1 927 29
 1986 022e 23F47F63 		bic	r3, r3, #4080
 1987 0232 23F00F03 		bic	r3, r3, #15
 1988 0236 5361     		str	r3, [r2, #20]
 928:Drivers/STM32F4xx_HAL_Driver/Src/stm32f4xx_hal_adc_ex.c ****       hadc->Instance->JOFR1 |= sConfigInjected->InjectedOffset;
 1989              		.loc 1 928 11
 1990 0238 7B68     		ldr	r3, [r7, #4]
 1991 023a 1B68     		ldr	r3, [r3]
 1992              		.loc 1 928 21
 1993 023c 5969     		ldr	r1, [r3, #20]
 1994              		.loc 1 928 47
 1995 023e 3B68     		ldr	r3, [r7]
 1996 0240 DA68     		ldr	r2, [r3, #12]
 1997              		.loc 1 928 11
 1998 0242 7B68     		ldr	r3, [r7, #4]
 1999 0244 1B68     		ldr	r3, [r3]
 2000              		.loc 1 928 29
 2001 0246 0A43     		orrs	r2, r2, r1
 2002 0248 5A61     		str	r2, [r3, #20]
 929:Drivers/STM32F4xx_HAL_Driver/Src/stm32f4xx_hal_adc_ex.c ****       break;
 2003              		.loc 1 929 7
 2004 024a 3BE0     		b	.L96
 2005              	.L95:
 930:Drivers/STM32F4xx_HAL_Driver/Src/stm32f4xx_hal_adc_ex.c ****     case 2U:
 931:Drivers/STM32F4xx_HAL_Driver/Src/stm32f4xx_hal_adc_ex.c ****       /* Set injected channel 2 offset */
 932:Drivers/STM32F4xx_HAL_Driver/Src/stm32f4xx_hal_adc_ex.c ****       hadc->Instance->JOFR2 &= ~(ADC_JOFR2_JOFFSET2);
 2006              		.loc 1 932 11
 2007 024c 7B68     		ldr	r3, [r7, #4]
 2008 024e 1B68     		ldr	r3, [r3]
 2009              		.loc 1 932 21
 2010 0250 9B69     		ldr	r3, [r3, #24]
 2011              		.loc 1 932 11
 2012 0252 7A68     		ldr	r2, [r7, #4]
 2013 0254 1268     		ldr	r2, [r2]
 2014              		.loc 1 932 29
 2015 0256 23F47F63 		bic	r3, r3, #4080
 2016 025a 23F00F03 		bic	r3, r3, #15
 2017 025e 9361     		str	r3, [r2, #24]
 933:Drivers/STM32F4xx_HAL_Driver/Src/stm32f4xx_hal_adc_ex.c ****       hadc->Instance->JOFR2 |= sConfigInjected->InjectedOffset;
 2018              		.loc 1 933 11
 2019 0260 7B68     		ldr	r3, [r7, #4]
 2020 0262 1B68     		ldr	r3, [r3]
 2021              		.loc 1 933 21
 2022 0264 9969     		ldr	r1, [r3, #24]
ARM GAS  /tmp/ccrcKv2T.s 			page 53


 2023              		.loc 1 933 47
 2024 0266 3B68     		ldr	r3, [r7]
 2025 0268 DA68     		ldr	r2, [r3, #12]
 2026              		.loc 1 933 11
 2027 026a 7B68     		ldr	r3, [r7, #4]
 2028 026c 1B68     		ldr	r3, [r3]
 2029              		.loc 1 933 29
 2030 026e 0A43     		orrs	r2, r2, r1
 2031 0270 9A61     		str	r2, [r3, #24]
 934:Drivers/STM32F4xx_HAL_Driver/Src/stm32f4xx_hal_adc_ex.c ****       break;
 2032              		.loc 1 934 7
 2033 0272 27E0     		b	.L96
 2034              	.L92:
 935:Drivers/STM32F4xx_HAL_Driver/Src/stm32f4xx_hal_adc_ex.c ****     case 3U:
 936:Drivers/STM32F4xx_HAL_Driver/Src/stm32f4xx_hal_adc_ex.c ****       /* Set injected channel 3 offset */
 937:Drivers/STM32F4xx_HAL_Driver/Src/stm32f4xx_hal_adc_ex.c ****       hadc->Instance->JOFR3 &= ~(ADC_JOFR3_JOFFSET3);
 2035              		.loc 1 937 11
 2036 0274 7B68     		ldr	r3, [r7, #4]
 2037 0276 1B68     		ldr	r3, [r3]
 2038              		.loc 1 937 21
 2039 0278 DB69     		ldr	r3, [r3, #28]
 2040              		.loc 1 937 11
 2041 027a 7A68     		ldr	r2, [r7, #4]
 2042 027c 1268     		ldr	r2, [r2]
 2043              		.loc 1 937 29
 2044 027e 23F47F63 		bic	r3, r3, #4080
 2045 0282 23F00F03 		bic	r3, r3, #15
 2046 0286 D361     		str	r3, [r2, #28]
 938:Drivers/STM32F4xx_HAL_Driver/Src/stm32f4xx_hal_adc_ex.c ****       hadc->Instance->JOFR3 |= sConfigInjected->InjectedOffset;
 2047              		.loc 1 938 11
 2048 0288 7B68     		ldr	r3, [r7, #4]
 2049 028a 1B68     		ldr	r3, [r3]
 2050              		.loc 1 938 21
 2051 028c D969     		ldr	r1, [r3, #28]
 2052              		.loc 1 938 47
 2053 028e 3B68     		ldr	r3, [r7]
 2054 0290 DA68     		ldr	r2, [r3, #12]
 2055              		.loc 1 938 11
 2056 0292 7B68     		ldr	r3, [r7, #4]
 2057 0294 1B68     		ldr	r3, [r3]
 2058              		.loc 1 938 29
 2059 0296 0A43     		orrs	r2, r2, r1
 2060 0298 DA61     		str	r2, [r3, #28]
 939:Drivers/STM32F4xx_HAL_Driver/Src/stm32f4xx_hal_adc_ex.c ****       break;
 2061              		.loc 1 939 7
 2062 029a 13E0     		b	.L96
 2063              	.L93:
 940:Drivers/STM32F4xx_HAL_Driver/Src/stm32f4xx_hal_adc_ex.c ****     default:
 941:Drivers/STM32F4xx_HAL_Driver/Src/stm32f4xx_hal_adc_ex.c ****       /* Set injected channel 4 offset */
 942:Drivers/STM32F4xx_HAL_Driver/Src/stm32f4xx_hal_adc_ex.c ****       hadc->Instance->JOFR4 &= ~(ADC_JOFR4_JOFFSET4);
 2064              		.loc 1 942 11
 2065 029c 7B68     		ldr	r3, [r7, #4]
 2066 029e 1B68     		ldr	r3, [r3]
 2067              		.loc 1 942 21
 2068 02a0 1B6A     		ldr	r3, [r3, #32]
 2069              		.loc 1 942 11
 2070 02a2 7A68     		ldr	r2, [r7, #4]
ARM GAS  /tmp/ccrcKv2T.s 			page 54


 2071 02a4 1268     		ldr	r2, [r2]
 2072              		.loc 1 942 29
 2073 02a6 23F47F63 		bic	r3, r3, #4080
 2074 02aa 23F00F03 		bic	r3, r3, #15
 2075 02ae 1362     		str	r3, [r2, #32]
 943:Drivers/STM32F4xx_HAL_Driver/Src/stm32f4xx_hal_adc_ex.c ****       hadc->Instance->JOFR4 |= sConfigInjected->InjectedOffset;
 2076              		.loc 1 943 11
 2077 02b0 7B68     		ldr	r3, [r7, #4]
 2078 02b2 1B68     		ldr	r3, [r3]
 2079              		.loc 1 943 21
 2080 02b4 196A     		ldr	r1, [r3, #32]
 2081              		.loc 1 943 47
 2082 02b6 3B68     		ldr	r3, [r7]
 2083 02b8 DA68     		ldr	r2, [r3, #12]
 2084              		.loc 1 943 11
 2085 02ba 7B68     		ldr	r3, [r7, #4]
 2086 02bc 1B68     		ldr	r3, [r3]
 2087              		.loc 1 943 29
 2088 02be 0A43     		orrs	r2, r2, r1
 2089 02c0 1A62     		str	r2, [r3, #32]
 944:Drivers/STM32F4xx_HAL_Driver/Src/stm32f4xx_hal_adc_ex.c ****       break;
 2090              		.loc 1 944 7
 2091 02c2 00BF     		nop
 2092              	.L96:
 945:Drivers/STM32F4xx_HAL_Driver/Src/stm32f4xx_hal_adc_ex.c ****   }
 946:Drivers/STM32F4xx_HAL_Driver/Src/stm32f4xx_hal_adc_ex.c **** 
 947:Drivers/STM32F4xx_HAL_Driver/Src/stm32f4xx_hal_adc_ex.c ****   /* Pointer to the common control register to which is belonging hadc    */
 948:Drivers/STM32F4xx_HAL_Driver/Src/stm32f4xx_hal_adc_ex.c ****   /* (Depending on STM32F4 product, there may be up to 3 ADC and 1 common */
 949:Drivers/STM32F4xx_HAL_Driver/Src/stm32f4xx_hal_adc_ex.c ****   /* control register)                                                    */
 950:Drivers/STM32F4xx_HAL_Driver/Src/stm32f4xx_hal_adc_ex.c ****   tmpADC_Common = ADC_COMMON_REGISTER(hadc);
 2093              		.loc 1 950 17
 2094 02c4 184B     		ldr	r3, .L100+4
 2095 02c6 FB60     		str	r3, [r7, #12]
 951:Drivers/STM32F4xx_HAL_Driver/Src/stm32f4xx_hal_adc_ex.c **** 
 952:Drivers/STM32F4xx_HAL_Driver/Src/stm32f4xx_hal_adc_ex.c ****   /* if ADC1 Channel_18 is selected enable VBAT Channel */
 953:Drivers/STM32F4xx_HAL_Driver/Src/stm32f4xx_hal_adc_ex.c ****   if ((hadc->Instance == ADC1) && (sConfigInjected->InjectedChannel == ADC_CHANNEL_VBAT))
 2096              		.loc 1 953 12
 2097 02c8 7B68     		ldr	r3, [r7, #4]
 2098 02ca 1B68     		ldr	r3, [r3]
 2099              		.loc 1 953 6
 2100 02cc 174A     		ldr	r2, .L100+8
 2101 02ce 9342     		cmp	r3, r2
 2102 02d0 09D1     		bne	.L97
 2103              		.loc 1 953 51 discriminator 1
 2104 02d2 3B68     		ldr	r3, [r7]
 2105 02d4 1B68     		ldr	r3, [r3]
 2106              		.loc 1 953 32 discriminator 1
 2107 02d6 122B     		cmp	r3, #18
 2108 02d8 05D1     		bne	.L97
 954:Drivers/STM32F4xx_HAL_Driver/Src/stm32f4xx_hal_adc_ex.c ****   {
 955:Drivers/STM32F4xx_HAL_Driver/Src/stm32f4xx_hal_adc_ex.c ****     /* Enable the VBAT channel*/
 956:Drivers/STM32F4xx_HAL_Driver/Src/stm32f4xx_hal_adc_ex.c ****     tmpADC_Common->CCR |= ADC_CCR_VBATE;
 2109              		.loc 1 956 18
 2110 02da FB68     		ldr	r3, [r7, #12]
 2111 02dc 5B68     		ldr	r3, [r3, #4]
 2112              		.loc 1 956 24
 2113 02de 43F48002 		orr	r2, r3, #4194304
ARM GAS  /tmp/ccrcKv2T.s 			page 55


 2114 02e2 FB68     		ldr	r3, [r7, #12]
 2115 02e4 5A60     		str	r2, [r3, #4]
 2116              	.L97:
 957:Drivers/STM32F4xx_HAL_Driver/Src/stm32f4xx_hal_adc_ex.c ****   }
 958:Drivers/STM32F4xx_HAL_Driver/Src/stm32f4xx_hal_adc_ex.c **** 
 959:Drivers/STM32F4xx_HAL_Driver/Src/stm32f4xx_hal_adc_ex.c ****   /* if ADC1 Channel_16 or Channel_17 is selected enable TSVREFE Channel(Temperature sensor and VRE
 960:Drivers/STM32F4xx_HAL_Driver/Src/stm32f4xx_hal_adc_ex.c ****   if ((hadc->Instance == ADC1) && ((sConfigInjected->InjectedChannel == ADC_CHANNEL_TEMPSENSOR) || 
 2117              		.loc 1 960 12
 2118 02e6 7B68     		ldr	r3, [r7, #4]
 2119 02e8 1B68     		ldr	r3, [r3]
 2120              		.loc 1 960 6
 2121 02ea 104A     		ldr	r2, .L100+8
 2122 02ec 9342     		cmp	r3, r2
 2123 02ee 0ED1     		bne	.L98
 2124              		.loc 1 960 52 discriminator 1
 2125 02f0 3B68     		ldr	r3, [r7]
 2126 02f2 1B68     		ldr	r3, [r3]
 2127              		.loc 1 960 32 discriminator 1
 2128 02f4 0E4A     		ldr	r2, .L100+12
 2129 02f6 9342     		cmp	r3, r2
 2130 02f8 03D0     		beq	.L99
 2131              		.loc 1 960 116 discriminator 2
 2132 02fa 3B68     		ldr	r3, [r7]
 2133 02fc 1B68     		ldr	r3, [r3]
 2134              		.loc 1 960 97 discriminator 2
 2135 02fe 112B     		cmp	r3, #17
 2136 0300 05D1     		bne	.L98
 2137              	.L99:
 961:Drivers/STM32F4xx_HAL_Driver/Src/stm32f4xx_hal_adc_ex.c ****   {
 962:Drivers/STM32F4xx_HAL_Driver/Src/stm32f4xx_hal_adc_ex.c ****     /* Enable the TSVREFE channel*/
 963:Drivers/STM32F4xx_HAL_Driver/Src/stm32f4xx_hal_adc_ex.c ****     tmpADC_Common->CCR |= ADC_CCR_TSVREFE;
 2138              		.loc 1 963 18
 2139 0302 FB68     		ldr	r3, [r7, #12]
 2140 0304 5B68     		ldr	r3, [r3, #4]
 2141              		.loc 1 963 24
 2142 0306 43F40002 		orr	r2, r3, #8388608
 2143 030a FB68     		ldr	r3, [r7, #12]
 2144 030c 5A60     		str	r2, [r3, #4]
 2145              	.L98:
 964:Drivers/STM32F4xx_HAL_Driver/Src/stm32f4xx_hal_adc_ex.c ****   }
 965:Drivers/STM32F4xx_HAL_Driver/Src/stm32f4xx_hal_adc_ex.c **** 
 966:Drivers/STM32F4xx_HAL_Driver/Src/stm32f4xx_hal_adc_ex.c ****   /* Process unlocked */
 967:Drivers/STM32F4xx_HAL_Driver/Src/stm32f4xx_hal_adc_ex.c ****   __HAL_UNLOCK(hadc);
 2146              		.loc 1 967 3
 2147 030e 7B68     		ldr	r3, [r7, #4]
 2148 0310 0022     		movs	r2, #0
 2149 0312 83F83C20 		strb	r2, [r3, #60]
 968:Drivers/STM32F4xx_HAL_Driver/Src/stm32f4xx_hal_adc_ex.c **** 
 969:Drivers/STM32F4xx_HAL_Driver/Src/stm32f4xx_hal_adc_ex.c ****   /* Return function status */
 970:Drivers/STM32F4xx_HAL_Driver/Src/stm32f4xx_hal_adc_ex.c ****   return HAL_OK;
 2150              		.loc 1 970 10
 2151 0316 0023     		movs	r3, #0
 2152              	.L83:
 971:Drivers/STM32F4xx_HAL_Driver/Src/stm32f4xx_hal_adc_ex.c **** }
 2153              		.loc 1 971 1
 2154 0318 1846     		mov	r0, r3
 2155 031a 1437     		adds	r7, r7, #20
ARM GAS  /tmp/ccrcKv2T.s 			page 56


 2156              	.LCFI60:
 2157              		.cfi_def_cfa_offset 4
 2158 031c BD46     		mov	sp, r7
 2159              	.LCFI61:
 2160              		.cfi_def_cfa_register 13
 2161              		@ sp needed
 2162 031e 80BC     		pop	{r7}
 2163              	.LCFI62:
 2164              		.cfi_restore 7
 2165              		.cfi_def_cfa_offset 0
 2166 0320 7047     		bx	lr
 2167              	.L101:
 2168 0322 00BF     		.align	2
 2169              	.L100:
 2170 0324 01000F00 		.word	983041
 2171 0328 00230140 		.word	1073816320
 2172 032c 00200140 		.word	1073815552
 2173 0330 12000010 		.word	268435474
 2174              		.cfi_endproc
 2175              	.LFE230:
 2177              		.section	.text.HAL_ADCEx_MultiModeConfigChannel,"ax",%progbits
 2178              		.align	1
 2179              		.global	HAL_ADCEx_MultiModeConfigChannel
 2180              		.syntax unified
 2181              		.thumb
 2182              		.thumb_func
 2184              	HAL_ADCEx_MultiModeConfigChannel:
 2185              	.LFB231:
 972:Drivers/STM32F4xx_HAL_Driver/Src/stm32f4xx_hal_adc_ex.c **** 
 973:Drivers/STM32F4xx_HAL_Driver/Src/stm32f4xx_hal_adc_ex.c **** /**
 974:Drivers/STM32F4xx_HAL_Driver/Src/stm32f4xx_hal_adc_ex.c ****   * @brief  Configures the ADC multi-mode
 975:Drivers/STM32F4xx_HAL_Driver/Src/stm32f4xx_hal_adc_ex.c ****   * @param  hadc       pointer to a ADC_HandleTypeDef structure that contains
 976:Drivers/STM32F4xx_HAL_Driver/Src/stm32f4xx_hal_adc_ex.c ****   *                     the configuration information for the specified ADC.
 977:Drivers/STM32F4xx_HAL_Driver/Src/stm32f4xx_hal_adc_ex.c ****   * @param  multimode  pointer to an ADC_MultiModeTypeDef structure that contains
 978:Drivers/STM32F4xx_HAL_Driver/Src/stm32f4xx_hal_adc_ex.c ****   *                     the configuration information for  multimode.
 979:Drivers/STM32F4xx_HAL_Driver/Src/stm32f4xx_hal_adc_ex.c ****   * @retval HAL status
 980:Drivers/STM32F4xx_HAL_Driver/Src/stm32f4xx_hal_adc_ex.c ****   */
 981:Drivers/STM32F4xx_HAL_Driver/Src/stm32f4xx_hal_adc_ex.c **** HAL_StatusTypeDef HAL_ADCEx_MultiModeConfigChannel(ADC_HandleTypeDef *hadc, ADC_MultiModeTypeDef *m
 982:Drivers/STM32F4xx_HAL_Driver/Src/stm32f4xx_hal_adc_ex.c **** {
 2186              		.loc 1 982 1
 2187              		.cfi_startproc
 2188              		@ args = 0, pretend = 0, frame = 16
 2189              		@ frame_needed = 1, uses_anonymous_args = 0
 2190              		@ link register save eliminated.
 2191 0000 80B4     		push	{r7}
 2192              	.LCFI63:
 2193              		.cfi_def_cfa_offset 4
 2194              		.cfi_offset 7, -4
 2195 0002 85B0     		sub	sp, sp, #20
 2196              	.LCFI64:
 2197              		.cfi_def_cfa_offset 24
 2198 0004 00AF     		add	r7, sp, #0
 2199              	.LCFI65:
 2200              		.cfi_def_cfa_register 7
 2201 0006 7860     		str	r0, [r7, #4]
 2202 0008 3960     		str	r1, [r7]
 983:Drivers/STM32F4xx_HAL_Driver/Src/stm32f4xx_hal_adc_ex.c **** 
ARM GAS  /tmp/ccrcKv2T.s 			page 57


 984:Drivers/STM32F4xx_HAL_Driver/Src/stm32f4xx_hal_adc_ex.c ****   ADC_Common_TypeDef *tmpADC_Common;
 985:Drivers/STM32F4xx_HAL_Driver/Src/stm32f4xx_hal_adc_ex.c **** 
 986:Drivers/STM32F4xx_HAL_Driver/Src/stm32f4xx_hal_adc_ex.c ****   /* Check the parameters */
 987:Drivers/STM32F4xx_HAL_Driver/Src/stm32f4xx_hal_adc_ex.c ****   assert_param(IS_ADC_MODE(multimode->Mode));
 988:Drivers/STM32F4xx_HAL_Driver/Src/stm32f4xx_hal_adc_ex.c ****   assert_param(IS_ADC_DMA_ACCESS_MODE(multimode->DMAAccessMode));
 989:Drivers/STM32F4xx_HAL_Driver/Src/stm32f4xx_hal_adc_ex.c ****   assert_param(IS_ADC_SAMPLING_DELAY(multimode->TwoSamplingDelay));
 990:Drivers/STM32F4xx_HAL_Driver/Src/stm32f4xx_hal_adc_ex.c **** 
 991:Drivers/STM32F4xx_HAL_Driver/Src/stm32f4xx_hal_adc_ex.c ****   /* Process locked */
 992:Drivers/STM32F4xx_HAL_Driver/Src/stm32f4xx_hal_adc_ex.c ****   __HAL_LOCK(hadc);
 2203              		.loc 1 992 3
 2204 000a 7B68     		ldr	r3, [r7, #4]
 2205 000c 93F83C30 		ldrb	r3, [r3, #60]	@ zero_extendqisi2
 2206 0010 012B     		cmp	r3, #1
 2207 0012 01D1     		bne	.L103
 2208              		.loc 1 992 3 is_stmt 0 discriminator 1
 2209 0014 0223     		movs	r3, #2
 2210              		.loc 1 992 3
 2211 0016 31E0     		b	.L104
 2212              	.L103:
 2213              		.loc 1 992 3 discriminator 2
 2214 0018 7B68     		ldr	r3, [r7, #4]
 2215 001a 0122     		movs	r2, #1
 2216 001c 83F83C20 		strb	r2, [r3, #60]
 993:Drivers/STM32F4xx_HAL_Driver/Src/stm32f4xx_hal_adc_ex.c **** 
 994:Drivers/STM32F4xx_HAL_Driver/Src/stm32f4xx_hal_adc_ex.c ****   /* Pointer to the common control register to which is belonging hadc    */
 995:Drivers/STM32F4xx_HAL_Driver/Src/stm32f4xx_hal_adc_ex.c ****   /* (Depending on STM32F4 product, there may be up to 3 ADC and 1 common */
 996:Drivers/STM32F4xx_HAL_Driver/Src/stm32f4xx_hal_adc_ex.c ****   /* control register)                                                    */
 997:Drivers/STM32F4xx_HAL_Driver/Src/stm32f4xx_hal_adc_ex.c ****   tmpADC_Common = ADC_COMMON_REGISTER(hadc);
 2217              		.loc 1 997 17 is_stmt 1
 2218 0020 194B     		ldr	r3, .L105
 2219 0022 FB60     		str	r3, [r7, #12]
 998:Drivers/STM32F4xx_HAL_Driver/Src/stm32f4xx_hal_adc_ex.c **** 
 999:Drivers/STM32F4xx_HAL_Driver/Src/stm32f4xx_hal_adc_ex.c ****   /* Set ADC mode */
1000:Drivers/STM32F4xx_HAL_Driver/Src/stm32f4xx_hal_adc_ex.c ****   tmpADC_Common->CCR &= ~(ADC_CCR_MULTI);
 2220              		.loc 1 1000 16
 2221 0024 FB68     		ldr	r3, [r7, #12]
 2222 0026 5B68     		ldr	r3, [r3, #4]
 2223              		.loc 1 1000 22
 2224 0028 23F01F02 		bic	r2, r3, #31
 2225 002c FB68     		ldr	r3, [r7, #12]
 2226 002e 5A60     		str	r2, [r3, #4]
1001:Drivers/STM32F4xx_HAL_Driver/Src/stm32f4xx_hal_adc_ex.c ****   tmpADC_Common->CCR |= multimode->Mode;
 2227              		.loc 1 1001 16
 2228 0030 FB68     		ldr	r3, [r7, #12]
 2229 0032 5A68     		ldr	r2, [r3, #4]
 2230              		.loc 1 1001 34
 2231 0034 3B68     		ldr	r3, [r7]
 2232 0036 1B68     		ldr	r3, [r3]
 2233              		.loc 1 1001 22
 2234 0038 1A43     		orrs	r2, r2, r3
 2235 003a FB68     		ldr	r3, [r7, #12]
 2236 003c 5A60     		str	r2, [r3, #4]
1002:Drivers/STM32F4xx_HAL_Driver/Src/stm32f4xx_hal_adc_ex.c **** 
1003:Drivers/STM32F4xx_HAL_Driver/Src/stm32f4xx_hal_adc_ex.c ****   /* Set the ADC DMA access mode */
1004:Drivers/STM32F4xx_HAL_Driver/Src/stm32f4xx_hal_adc_ex.c ****   tmpADC_Common->CCR &= ~(ADC_CCR_DMA);
 2237              		.loc 1 1004 16
 2238 003e FB68     		ldr	r3, [r7, #12]
ARM GAS  /tmp/ccrcKv2T.s 			page 58


 2239 0040 5B68     		ldr	r3, [r3, #4]
 2240              		.loc 1 1004 22
 2241 0042 23F44042 		bic	r2, r3, #49152
 2242 0046 FB68     		ldr	r3, [r7, #12]
 2243 0048 5A60     		str	r2, [r3, #4]
1005:Drivers/STM32F4xx_HAL_Driver/Src/stm32f4xx_hal_adc_ex.c ****   tmpADC_Common->CCR |= multimode->DMAAccessMode;
 2244              		.loc 1 1005 16
 2245 004a FB68     		ldr	r3, [r7, #12]
 2246 004c 5A68     		ldr	r2, [r3, #4]
 2247              		.loc 1 1005 34
 2248 004e 3B68     		ldr	r3, [r7]
 2249 0050 5B68     		ldr	r3, [r3, #4]
 2250              		.loc 1 1005 22
 2251 0052 1A43     		orrs	r2, r2, r3
 2252 0054 FB68     		ldr	r3, [r7, #12]
 2253 0056 5A60     		str	r2, [r3, #4]
1006:Drivers/STM32F4xx_HAL_Driver/Src/stm32f4xx_hal_adc_ex.c **** 
1007:Drivers/STM32F4xx_HAL_Driver/Src/stm32f4xx_hal_adc_ex.c ****   /* Set delay between two sampling phases */
1008:Drivers/STM32F4xx_HAL_Driver/Src/stm32f4xx_hal_adc_ex.c ****   tmpADC_Common->CCR &= ~(ADC_CCR_DELAY);
 2254              		.loc 1 1008 16
 2255 0058 FB68     		ldr	r3, [r7, #12]
 2256 005a 5B68     		ldr	r3, [r3, #4]
 2257              		.loc 1 1008 22
 2258 005c 23F47062 		bic	r2, r3, #3840
 2259 0060 FB68     		ldr	r3, [r7, #12]
 2260 0062 5A60     		str	r2, [r3, #4]
1009:Drivers/STM32F4xx_HAL_Driver/Src/stm32f4xx_hal_adc_ex.c ****   tmpADC_Common->CCR |= multimode->TwoSamplingDelay;
 2261              		.loc 1 1009 16
 2262 0064 FB68     		ldr	r3, [r7, #12]
 2263 0066 5A68     		ldr	r2, [r3, #4]
 2264              		.loc 1 1009 34
 2265 0068 3B68     		ldr	r3, [r7]
 2266 006a 9B68     		ldr	r3, [r3, #8]
 2267              		.loc 1 1009 22
 2268 006c 1A43     		orrs	r2, r2, r3
 2269 006e FB68     		ldr	r3, [r7, #12]
 2270 0070 5A60     		str	r2, [r3, #4]
1010:Drivers/STM32F4xx_HAL_Driver/Src/stm32f4xx_hal_adc_ex.c **** 
1011:Drivers/STM32F4xx_HAL_Driver/Src/stm32f4xx_hal_adc_ex.c ****   /* Process unlocked */
1012:Drivers/STM32F4xx_HAL_Driver/Src/stm32f4xx_hal_adc_ex.c ****   __HAL_UNLOCK(hadc);
 2271              		.loc 1 1012 3
 2272 0072 7B68     		ldr	r3, [r7, #4]
 2273 0074 0022     		movs	r2, #0
 2274 0076 83F83C20 		strb	r2, [r3, #60]
1013:Drivers/STM32F4xx_HAL_Driver/Src/stm32f4xx_hal_adc_ex.c **** 
1014:Drivers/STM32F4xx_HAL_Driver/Src/stm32f4xx_hal_adc_ex.c ****   /* Return function status */
1015:Drivers/STM32F4xx_HAL_Driver/Src/stm32f4xx_hal_adc_ex.c ****   return HAL_OK;
 2275              		.loc 1 1015 10
 2276 007a 0023     		movs	r3, #0
 2277              	.L104:
1016:Drivers/STM32F4xx_HAL_Driver/Src/stm32f4xx_hal_adc_ex.c **** }
 2278              		.loc 1 1016 1
 2279 007c 1846     		mov	r0, r3
 2280 007e 1437     		adds	r7, r7, #20
 2281              	.LCFI66:
 2282              		.cfi_def_cfa_offset 4
 2283 0080 BD46     		mov	sp, r7
ARM GAS  /tmp/ccrcKv2T.s 			page 59


 2284              	.LCFI67:
 2285              		.cfi_def_cfa_register 13
 2286              		@ sp needed
 2287 0082 80BC     		pop	{r7}
 2288              	.LCFI68:
 2289              		.cfi_restore 7
 2290              		.cfi_def_cfa_offset 0
 2291 0084 7047     		bx	lr
 2292              	.L106:
 2293 0086 00BF     		.align	2
 2294              	.L105:
 2295 0088 00230140 		.word	1073816320
 2296              		.cfi_endproc
 2297              	.LFE231:
 2299              		.section	.text.ADC_MultiModeDMAConvCplt,"ax",%progbits
 2300              		.align	1
 2301              		.syntax unified
 2302              		.thumb
 2303              		.thumb_func
 2305              	ADC_MultiModeDMAConvCplt:
 2306              	.LFB232:
1017:Drivers/STM32F4xx_HAL_Driver/Src/stm32f4xx_hal_adc_ex.c **** 
1018:Drivers/STM32F4xx_HAL_Driver/Src/stm32f4xx_hal_adc_ex.c **** /**
1019:Drivers/STM32F4xx_HAL_Driver/Src/stm32f4xx_hal_adc_ex.c ****   * @}
1020:Drivers/STM32F4xx_HAL_Driver/Src/stm32f4xx_hal_adc_ex.c ****   */
1021:Drivers/STM32F4xx_HAL_Driver/Src/stm32f4xx_hal_adc_ex.c **** 
1022:Drivers/STM32F4xx_HAL_Driver/Src/stm32f4xx_hal_adc_ex.c **** /**
1023:Drivers/STM32F4xx_HAL_Driver/Src/stm32f4xx_hal_adc_ex.c ****   * @brief  DMA transfer complete callback.
1024:Drivers/STM32F4xx_HAL_Driver/Src/stm32f4xx_hal_adc_ex.c ****   * @param  hdma pointer to a DMA_HandleTypeDef structure that contains
1025:Drivers/STM32F4xx_HAL_Driver/Src/stm32f4xx_hal_adc_ex.c ****   *                the configuration information for the specified DMA module.
1026:Drivers/STM32F4xx_HAL_Driver/Src/stm32f4xx_hal_adc_ex.c ****   * @retval None
1027:Drivers/STM32F4xx_HAL_Driver/Src/stm32f4xx_hal_adc_ex.c ****   */
1028:Drivers/STM32F4xx_HAL_Driver/Src/stm32f4xx_hal_adc_ex.c **** static void ADC_MultiModeDMAConvCplt(DMA_HandleTypeDef *hdma)
1029:Drivers/STM32F4xx_HAL_Driver/Src/stm32f4xx_hal_adc_ex.c **** {
 2307              		.loc 1 1029 1
 2308              		.cfi_startproc
 2309              		@ args = 0, pretend = 0, frame = 16
 2310              		@ frame_needed = 1, uses_anonymous_args = 0
 2311 0000 80B5     		push	{r7, lr}
 2312              	.LCFI69:
 2313              		.cfi_def_cfa_offset 8
 2314              		.cfi_offset 7, -8
 2315              		.cfi_offset 14, -4
 2316 0002 84B0     		sub	sp, sp, #16
 2317              	.LCFI70:
 2318              		.cfi_def_cfa_offset 24
 2319 0004 00AF     		add	r7, sp, #0
 2320              	.LCFI71:
 2321              		.cfi_def_cfa_register 7
 2322 0006 7860     		str	r0, [r7, #4]
1030:Drivers/STM32F4xx_HAL_Driver/Src/stm32f4xx_hal_adc_ex.c ****   /* Retrieve ADC handle corresponding to current DMA handle */
1031:Drivers/STM32F4xx_HAL_Driver/Src/stm32f4xx_hal_adc_ex.c ****   ADC_HandleTypeDef *hadc = (ADC_HandleTypeDef *)((DMA_HandleTypeDef *)hdma)->Parent;
 2323              		.loc 1 1031 22
 2324 0008 7B68     		ldr	r3, [r7, #4]
 2325 000a 9B6B     		ldr	r3, [r3, #56]
 2326 000c FB60     		str	r3, [r7, #12]
1032:Drivers/STM32F4xx_HAL_Driver/Src/stm32f4xx_hal_adc_ex.c **** 
ARM GAS  /tmp/ccrcKv2T.s 			page 60


1033:Drivers/STM32F4xx_HAL_Driver/Src/stm32f4xx_hal_adc_ex.c ****   /* Update state machine on conversion status if not in error state */
1034:Drivers/STM32F4xx_HAL_Driver/Src/stm32f4xx_hal_adc_ex.c ****   if (HAL_IS_BIT_CLR(hadc->State, HAL_ADC_STATE_ERROR_INTERNAL | HAL_ADC_STATE_ERROR_DMA))
 2327              		.loc 1 1034 7
 2328 000e FB68     		ldr	r3, [r7, #12]
 2329 0010 1B6C     		ldr	r3, [r3, #64]
 2330 0012 03F05003 		and	r3, r3, #80
 2331              		.loc 1 1034 6
 2332 0016 002B     		cmp	r3, #0
 2333 0018 3CD1     		bne	.L108
1035:Drivers/STM32F4xx_HAL_Driver/Src/stm32f4xx_hal_adc_ex.c ****   {
1036:Drivers/STM32F4xx_HAL_Driver/Src/stm32f4xx_hal_adc_ex.c ****     /* Update ADC state machine */
1037:Drivers/STM32F4xx_HAL_Driver/Src/stm32f4xx_hal_adc_ex.c ****     SET_BIT(hadc->State, HAL_ADC_STATE_REG_EOC);
 2334              		.loc 1 1037 5
 2335 001a FB68     		ldr	r3, [r7, #12]
 2336 001c 1B6C     		ldr	r3, [r3, #64]
 2337 001e 43F40072 		orr	r2, r3, #512
 2338 0022 FB68     		ldr	r3, [r7, #12]
 2339 0024 1A64     		str	r2, [r3, #64]
1038:Drivers/STM32F4xx_HAL_Driver/Src/stm32f4xx_hal_adc_ex.c **** 
1039:Drivers/STM32F4xx_HAL_Driver/Src/stm32f4xx_hal_adc_ex.c ****     /* Determine whether any further conversion upcoming on group regular   */
1040:Drivers/STM32F4xx_HAL_Driver/Src/stm32f4xx_hal_adc_ex.c ****     /* by external trigger, continuous mode or scan sequence on going.      */
1041:Drivers/STM32F4xx_HAL_Driver/Src/stm32f4xx_hal_adc_ex.c ****     /* Note: On STM32F4, there is no independent flag of end of sequence.   */
1042:Drivers/STM32F4xx_HAL_Driver/Src/stm32f4xx_hal_adc_ex.c ****     /*       The test of scan sequence on going is done either with scan    */
1043:Drivers/STM32F4xx_HAL_Driver/Src/stm32f4xx_hal_adc_ex.c ****     /*       sequence disabled or with end of conversion flag set to        */
1044:Drivers/STM32F4xx_HAL_Driver/Src/stm32f4xx_hal_adc_ex.c ****     /*       of end of sequence.                                            */
1045:Drivers/STM32F4xx_HAL_Driver/Src/stm32f4xx_hal_adc_ex.c ****     if (ADC_IS_SOFTWARE_START_REGULAR(hadc)                   &&
 2340              		.loc 1 1045 9
 2341 0026 FB68     		ldr	r3, [r7, #12]
 2342 0028 1B68     		ldr	r3, [r3]
 2343 002a 9B68     		ldr	r3, [r3, #8]
 2344 002c 03F04053 		and	r3, r3, #805306368
 2345              		.loc 1 1045 8
 2346 0030 002B     		cmp	r3, #0
 2347 0032 2BD1     		bne	.L109
1046:Drivers/STM32F4xx_HAL_Driver/Src/stm32f4xx_hal_adc_ex.c ****         (hadc->Init.ContinuousConvMode == DISABLE)            &&
 2348              		.loc 1 1046 20
 2349 0034 FB68     		ldr	r3, [r7, #12]
 2350 0036 1B7E     		ldrb	r3, [r3, #24]	@ zero_extendqisi2
1045:Drivers/STM32F4xx_HAL_Driver/Src/stm32f4xx_hal_adc_ex.c ****         (hadc->Init.ContinuousConvMode == DISABLE)            &&
 2351              		.loc 1 1045 63 discriminator 1
 2352 0038 002B     		cmp	r3, #0
 2353 003a 27D1     		bne	.L109
1047:Drivers/STM32F4xx_HAL_Driver/Src/stm32f4xx_hal_adc_ex.c ****         (HAL_IS_BIT_CLR(hadc->Instance->SQR1, ADC_SQR1_L) ||
 2354              		.loc 1 1047 10
 2355 003c FB68     		ldr	r3, [r7, #12]
 2356 003e 1B68     		ldr	r3, [r3]
 2357 0040 DB6A     		ldr	r3, [r3, #44]
 2358 0042 03F47003 		and	r3, r3, #15728640
1046:Drivers/STM32F4xx_HAL_Driver/Src/stm32f4xx_hal_adc_ex.c ****         (hadc->Init.ContinuousConvMode == DISABLE)            &&
 2359              		.loc 1 1046 63
 2360 0046 002B     		cmp	r3, #0
 2361 0048 06D0     		beq	.L110
1048:Drivers/STM32F4xx_HAL_Driver/Src/stm32f4xx_hal_adc_ex.c ****          HAL_IS_BIT_CLR(hadc->Instance->CR2, ADC_CR2_EOCS)))
 2362              		.loc 1 1048 10
 2363 004a FB68     		ldr	r3, [r7, #12]
 2364 004c 1B68     		ldr	r3, [r3]
 2365 004e 9B68     		ldr	r3, [r3, #8]
ARM GAS  /tmp/ccrcKv2T.s 			page 61


 2366 0050 03F48063 		and	r3, r3, #1024
1047:Drivers/STM32F4xx_HAL_Driver/Src/stm32f4xx_hal_adc_ex.c ****         (HAL_IS_BIT_CLR(hadc->Instance->SQR1, ADC_SQR1_L) ||
 2367              		.loc 1 1047 59
 2368 0054 002B     		cmp	r3, #0
 2369 0056 19D1     		bne	.L109
 2370              	.L110:
1049:Drivers/STM32F4xx_HAL_Driver/Src/stm32f4xx_hal_adc_ex.c ****     {
1050:Drivers/STM32F4xx_HAL_Driver/Src/stm32f4xx_hal_adc_ex.c ****       /* Disable ADC end of single conversion interrupt on group regular */
1051:Drivers/STM32F4xx_HAL_Driver/Src/stm32f4xx_hal_adc_ex.c ****       /* Note: Overrun interrupt was enabled with EOC interrupt in          */
1052:Drivers/STM32F4xx_HAL_Driver/Src/stm32f4xx_hal_adc_ex.c ****       /* HAL_ADC_Start_IT(), but is not disabled here because can be used   */
1053:Drivers/STM32F4xx_HAL_Driver/Src/stm32f4xx_hal_adc_ex.c ****       /* by overrun IRQ process below.                                      */
1054:Drivers/STM32F4xx_HAL_Driver/Src/stm32f4xx_hal_adc_ex.c ****       __HAL_ADC_DISABLE_IT(hadc, ADC_IT_EOC);
 2371              		.loc 1 1054 7
 2372 0058 FB68     		ldr	r3, [r7, #12]
 2373 005a 1B68     		ldr	r3, [r3]
 2374 005c 5A68     		ldr	r2, [r3, #4]
 2375 005e FB68     		ldr	r3, [r7, #12]
 2376 0060 1B68     		ldr	r3, [r3]
 2377 0062 22F02002 		bic	r2, r2, #32
 2378 0066 5A60     		str	r2, [r3, #4]
1055:Drivers/STM32F4xx_HAL_Driver/Src/stm32f4xx_hal_adc_ex.c **** 
1056:Drivers/STM32F4xx_HAL_Driver/Src/stm32f4xx_hal_adc_ex.c ****       /* Set ADC state */
1057:Drivers/STM32F4xx_HAL_Driver/Src/stm32f4xx_hal_adc_ex.c ****       CLEAR_BIT(hadc->State, HAL_ADC_STATE_REG_BUSY);
 2379              		.loc 1 1057 7
 2380 0068 FB68     		ldr	r3, [r7, #12]
 2381 006a 1B6C     		ldr	r3, [r3, #64]
 2382 006c 23F48072 		bic	r2, r3, #256
 2383 0070 FB68     		ldr	r3, [r7, #12]
 2384 0072 1A64     		str	r2, [r3, #64]
1058:Drivers/STM32F4xx_HAL_Driver/Src/stm32f4xx_hal_adc_ex.c **** 
1059:Drivers/STM32F4xx_HAL_Driver/Src/stm32f4xx_hal_adc_ex.c ****       if (HAL_IS_BIT_CLR(hadc->State, HAL_ADC_STATE_INJ_BUSY))
 2385              		.loc 1 1059 11
 2386 0074 FB68     		ldr	r3, [r7, #12]
 2387 0076 1B6C     		ldr	r3, [r3, #64]
 2388 0078 03F48053 		and	r3, r3, #4096
 2389              		.loc 1 1059 10
 2390 007c 002B     		cmp	r3, #0
 2391 007e 05D1     		bne	.L109
1060:Drivers/STM32F4xx_HAL_Driver/Src/stm32f4xx_hal_adc_ex.c ****       {
1061:Drivers/STM32F4xx_HAL_Driver/Src/stm32f4xx_hal_adc_ex.c ****         SET_BIT(hadc->State, HAL_ADC_STATE_READY);
 2392              		.loc 1 1061 9
 2393 0080 FB68     		ldr	r3, [r7, #12]
 2394 0082 1B6C     		ldr	r3, [r3, #64]
 2395 0084 43F00102 		orr	r2, r3, #1
 2396 0088 FB68     		ldr	r3, [r7, #12]
 2397 008a 1A64     		str	r2, [r3, #64]
 2398              	.L109:
1062:Drivers/STM32F4xx_HAL_Driver/Src/stm32f4xx_hal_adc_ex.c ****       }
1063:Drivers/STM32F4xx_HAL_Driver/Src/stm32f4xx_hal_adc_ex.c ****     }
1064:Drivers/STM32F4xx_HAL_Driver/Src/stm32f4xx_hal_adc_ex.c **** 
1065:Drivers/STM32F4xx_HAL_Driver/Src/stm32f4xx_hal_adc_ex.c ****     /* Conversion complete callback */
1066:Drivers/STM32F4xx_HAL_Driver/Src/stm32f4xx_hal_adc_ex.c ****     HAL_ADC_ConvCpltCallback(hadc);
 2399              		.loc 1 1066 5
 2400 008c F868     		ldr	r0, [r7, #12]
 2401 008e FFF7FEFF 		bl	HAL_ADC_ConvCpltCallback
1067:Drivers/STM32F4xx_HAL_Driver/Src/stm32f4xx_hal_adc_ex.c ****   }
1068:Drivers/STM32F4xx_HAL_Driver/Src/stm32f4xx_hal_adc_ex.c ****   else
ARM GAS  /tmp/ccrcKv2T.s 			page 62


1069:Drivers/STM32F4xx_HAL_Driver/Src/stm32f4xx_hal_adc_ex.c ****   {
1070:Drivers/STM32F4xx_HAL_Driver/Src/stm32f4xx_hal_adc_ex.c ****     /* Call DMA error callback */
1071:Drivers/STM32F4xx_HAL_Driver/Src/stm32f4xx_hal_adc_ex.c ****     hadc->DMA_Handle->XferErrorCallback(hdma);
1072:Drivers/STM32F4xx_HAL_Driver/Src/stm32f4xx_hal_adc_ex.c ****   }
1073:Drivers/STM32F4xx_HAL_Driver/Src/stm32f4xx_hal_adc_ex.c **** }
 2402              		.loc 1 1073 1
 2403 0092 04E0     		b	.L112
 2404              	.L108:
1071:Drivers/STM32F4xx_HAL_Driver/Src/stm32f4xx_hal_adc_ex.c ****   }
 2405              		.loc 1 1071 9
 2406 0094 FB68     		ldr	r3, [r7, #12]
 2407 0096 9B6B     		ldr	r3, [r3, #56]
1071:Drivers/STM32F4xx_HAL_Driver/Src/stm32f4xx_hal_adc_ex.c ****   }
 2408              		.loc 1 1071 21
 2409 0098 DB6C     		ldr	r3, [r3, #76]
1071:Drivers/STM32F4xx_HAL_Driver/Src/stm32f4xx_hal_adc_ex.c ****   }
 2410              		.loc 1 1071 5
 2411 009a 7868     		ldr	r0, [r7, #4]
 2412 009c 9847     		blx	r3
 2413              	.LVL0:
 2414              	.L112:
 2415              		.loc 1 1073 1
 2416 009e 00BF     		nop
 2417 00a0 1037     		adds	r7, r7, #16
 2418              	.LCFI72:
 2419              		.cfi_def_cfa_offset 8
 2420 00a2 BD46     		mov	sp, r7
 2421              	.LCFI73:
 2422              		.cfi_def_cfa_register 13
 2423              		@ sp needed
 2424 00a4 80BD     		pop	{r7, pc}
 2425              		.cfi_endproc
 2426              	.LFE232:
 2428              		.section	.text.ADC_MultiModeDMAHalfConvCplt,"ax",%progbits
 2429              		.align	1
 2430              		.syntax unified
 2431              		.thumb
 2432              		.thumb_func
 2434              	ADC_MultiModeDMAHalfConvCplt:
 2435              	.LFB233:
1074:Drivers/STM32F4xx_HAL_Driver/Src/stm32f4xx_hal_adc_ex.c **** 
1075:Drivers/STM32F4xx_HAL_Driver/Src/stm32f4xx_hal_adc_ex.c **** /**
1076:Drivers/STM32F4xx_HAL_Driver/Src/stm32f4xx_hal_adc_ex.c ****   * @brief  DMA half transfer complete callback.
1077:Drivers/STM32F4xx_HAL_Driver/Src/stm32f4xx_hal_adc_ex.c ****   * @param  hdma pointer to a DMA_HandleTypeDef structure that contains
1078:Drivers/STM32F4xx_HAL_Driver/Src/stm32f4xx_hal_adc_ex.c ****   *                the configuration information for the specified DMA module.
1079:Drivers/STM32F4xx_HAL_Driver/Src/stm32f4xx_hal_adc_ex.c ****   * @retval None
1080:Drivers/STM32F4xx_HAL_Driver/Src/stm32f4xx_hal_adc_ex.c ****   */
1081:Drivers/STM32F4xx_HAL_Driver/Src/stm32f4xx_hal_adc_ex.c **** static void ADC_MultiModeDMAHalfConvCplt(DMA_HandleTypeDef *hdma)
1082:Drivers/STM32F4xx_HAL_Driver/Src/stm32f4xx_hal_adc_ex.c **** {
 2436              		.loc 1 1082 1
 2437              		.cfi_startproc
 2438              		@ args = 0, pretend = 0, frame = 16
 2439              		@ frame_needed = 1, uses_anonymous_args = 0
 2440 0000 80B5     		push	{r7, lr}
 2441              	.LCFI74:
 2442              		.cfi_def_cfa_offset 8
 2443              		.cfi_offset 7, -8
ARM GAS  /tmp/ccrcKv2T.s 			page 63


 2444              		.cfi_offset 14, -4
 2445 0002 84B0     		sub	sp, sp, #16
 2446              	.LCFI75:
 2447              		.cfi_def_cfa_offset 24
 2448 0004 00AF     		add	r7, sp, #0
 2449              	.LCFI76:
 2450              		.cfi_def_cfa_register 7
 2451 0006 7860     		str	r0, [r7, #4]
1083:Drivers/STM32F4xx_HAL_Driver/Src/stm32f4xx_hal_adc_ex.c ****   ADC_HandleTypeDef *hadc = (ADC_HandleTypeDef *)((DMA_HandleTypeDef *)hdma)->Parent;
 2452              		.loc 1 1083 22
 2453 0008 7B68     		ldr	r3, [r7, #4]
 2454 000a 9B6B     		ldr	r3, [r3, #56]
 2455 000c FB60     		str	r3, [r7, #12]
1084:Drivers/STM32F4xx_HAL_Driver/Src/stm32f4xx_hal_adc_ex.c ****   /* Conversion complete callback */
1085:Drivers/STM32F4xx_HAL_Driver/Src/stm32f4xx_hal_adc_ex.c ****   HAL_ADC_ConvHalfCpltCallback(hadc);
 2456              		.loc 1 1085 3
 2457 000e F868     		ldr	r0, [r7, #12]
 2458 0010 FFF7FEFF 		bl	HAL_ADC_ConvHalfCpltCallback
1086:Drivers/STM32F4xx_HAL_Driver/Src/stm32f4xx_hal_adc_ex.c **** }
 2459              		.loc 1 1086 1
 2460 0014 00BF     		nop
 2461 0016 1037     		adds	r7, r7, #16
 2462              	.LCFI77:
 2463              		.cfi_def_cfa_offset 8
 2464 0018 BD46     		mov	sp, r7
 2465              	.LCFI78:
 2466              		.cfi_def_cfa_register 13
 2467              		@ sp needed
 2468 001a 80BD     		pop	{r7, pc}
 2469              		.cfi_endproc
 2470              	.LFE233:
 2472              		.section	.text.ADC_MultiModeDMAError,"ax",%progbits
 2473              		.align	1
 2474              		.syntax unified
 2475              		.thumb
 2476              		.thumb_func
 2478              	ADC_MultiModeDMAError:
 2479              	.LFB234:
1087:Drivers/STM32F4xx_HAL_Driver/Src/stm32f4xx_hal_adc_ex.c **** 
1088:Drivers/STM32F4xx_HAL_Driver/Src/stm32f4xx_hal_adc_ex.c **** /**
1089:Drivers/STM32F4xx_HAL_Driver/Src/stm32f4xx_hal_adc_ex.c ****   * @brief  DMA error callback
1090:Drivers/STM32F4xx_HAL_Driver/Src/stm32f4xx_hal_adc_ex.c ****   * @param  hdma pointer to a DMA_HandleTypeDef structure that contains
1091:Drivers/STM32F4xx_HAL_Driver/Src/stm32f4xx_hal_adc_ex.c ****   *                the configuration information for the specified DMA module.
1092:Drivers/STM32F4xx_HAL_Driver/Src/stm32f4xx_hal_adc_ex.c ****   * @retval None
1093:Drivers/STM32F4xx_HAL_Driver/Src/stm32f4xx_hal_adc_ex.c ****   */
1094:Drivers/STM32F4xx_HAL_Driver/Src/stm32f4xx_hal_adc_ex.c **** static void ADC_MultiModeDMAError(DMA_HandleTypeDef *hdma)
1095:Drivers/STM32F4xx_HAL_Driver/Src/stm32f4xx_hal_adc_ex.c **** {
 2480              		.loc 1 1095 1
 2481              		.cfi_startproc
 2482              		@ args = 0, pretend = 0, frame = 16
 2483              		@ frame_needed = 1, uses_anonymous_args = 0
 2484 0000 80B5     		push	{r7, lr}
 2485              	.LCFI79:
 2486              		.cfi_def_cfa_offset 8
 2487              		.cfi_offset 7, -8
 2488              		.cfi_offset 14, -4
 2489 0002 84B0     		sub	sp, sp, #16
ARM GAS  /tmp/ccrcKv2T.s 			page 64


 2490              	.LCFI80:
 2491              		.cfi_def_cfa_offset 24
 2492 0004 00AF     		add	r7, sp, #0
 2493              	.LCFI81:
 2494              		.cfi_def_cfa_register 7
 2495 0006 7860     		str	r0, [r7, #4]
1096:Drivers/STM32F4xx_HAL_Driver/Src/stm32f4xx_hal_adc_ex.c ****   ADC_HandleTypeDef *hadc = (ADC_HandleTypeDef *)((DMA_HandleTypeDef *)hdma)->Parent;
 2496              		.loc 1 1096 22
 2497 0008 7B68     		ldr	r3, [r7, #4]
 2498 000a 9B6B     		ldr	r3, [r3, #56]
 2499 000c FB60     		str	r3, [r7, #12]
1097:Drivers/STM32F4xx_HAL_Driver/Src/stm32f4xx_hal_adc_ex.c ****   hadc->State = HAL_ADC_STATE_ERROR_DMA;
 2500              		.loc 1 1097 15
 2501 000e FB68     		ldr	r3, [r7, #12]
 2502 0010 4022     		movs	r2, #64
 2503 0012 1A64     		str	r2, [r3, #64]
1098:Drivers/STM32F4xx_HAL_Driver/Src/stm32f4xx_hal_adc_ex.c ****   /* Set ADC error code to DMA error */
1099:Drivers/STM32F4xx_HAL_Driver/Src/stm32f4xx_hal_adc_ex.c ****   hadc->ErrorCode |= HAL_ADC_ERROR_DMA;
 2504              		.loc 1 1099 7
 2505 0014 FB68     		ldr	r3, [r7, #12]
 2506 0016 5B6C     		ldr	r3, [r3, #68]
 2507              		.loc 1 1099 19
 2508 0018 43F00402 		orr	r2, r3, #4
 2509 001c FB68     		ldr	r3, [r7, #12]
 2510 001e 5A64     		str	r2, [r3, #68]
1100:Drivers/STM32F4xx_HAL_Driver/Src/stm32f4xx_hal_adc_ex.c ****   HAL_ADC_ErrorCallback(hadc);
 2511              		.loc 1 1100 3
 2512 0020 F868     		ldr	r0, [r7, #12]
 2513 0022 FFF7FEFF 		bl	HAL_ADC_ErrorCallback
1101:Drivers/STM32F4xx_HAL_Driver/Src/stm32f4xx_hal_adc_ex.c **** }
 2514              		.loc 1 1101 1
 2515 0026 00BF     		nop
 2516 0028 1037     		adds	r7, r7, #16
 2517              	.LCFI82:
 2518              		.cfi_def_cfa_offset 8
 2519 002a BD46     		mov	sp, r7
 2520              	.LCFI83:
 2521              		.cfi_def_cfa_register 13
 2522              		@ sp needed
 2523 002c 80BD     		pop	{r7, pc}
 2524              		.cfi_endproc
 2525              	.LFE234:
 2527              		.text
 2528              	.Letext0:
 2529              		.file 2 "/home/fabio/arm-gnu-toolchain-15.2.rel1-x86_64-arm-none-eabi/arm-none-eabi/include/machin
 2530              		.file 3 "/home/fabio/arm-gnu-toolchain-15.2.rel1-x86_64-arm-none-eabi/arm-none-eabi/include/sys/_s
 2531              		.file 4 "Drivers/CMSIS/Device/ST/STM32F4xx/Include/stm32f411xe.h"
 2532              		.file 5 "Drivers/CMSIS/Device/ST/STM32F4xx/Include/stm32f4xx.h"
 2533              		.file 6 "Drivers/STM32F4xx_HAL_Driver/Inc/stm32f4xx_hal_def.h"
 2534              		.file 7 "Drivers/STM32F4xx_HAL_Driver/Inc/stm32f4xx_hal_dma.h"
 2535              		.file 8 "Drivers/STM32F4xx_HAL_Driver/Inc/stm32f4xx_hal_adc.h"
 2536              		.file 9 "Drivers/STM32F4xx_HAL_Driver/Inc/stm32f4xx_hal_adc_ex.h"
 2537              		.file 10 "Drivers/CMSIS/Device/ST/STM32F4xx/Include/system_stm32f4xx.h"
 2538              		.file 11 "Drivers/STM32F4xx_HAL_Driver/Inc/stm32f4xx_hal.h"
ARM GAS  /tmp/ccrcKv2T.s 			page 65


DEFINED SYMBOLS
                            *ABS*:00000000 stm32f4xx_hal_adc_ex.c
     /tmp/ccrcKv2T.s:21     .text.HAL_ADCEx_InjectedStart:00000000 $t
     /tmp/ccrcKv2T.s:27     .text.HAL_ADCEx_InjectedStart:00000000 HAL_ADCEx_InjectedStart
     /tmp/ccrcKv2T.s:284    .text.HAL_ADCEx_InjectedStart:00000184 $d
     /tmp/ccrcKv2T.s:292    .text.HAL_ADCEx_InjectedStart_IT:00000000 $t
     /tmp/ccrcKv2T.s:298    .text.HAL_ADCEx_InjectedStart_IT:00000000 HAL_ADCEx_InjectedStart_IT
     /tmp/ccrcKv2T.s:563    .text.HAL_ADCEx_InjectedStart_IT:00000194 $d
     /tmp/ccrcKv2T.s:571    .text.HAL_ADCEx_InjectedStop:00000000 $t
     /tmp/ccrcKv2T.s:577    .text.HAL_ADCEx_InjectedStop:00000000 HAL_ADCEx_InjectedStop
     /tmp/ccrcKv2T.s:690    .text.HAL_ADCEx_InjectedPollForConversion:00000000 $t
     /tmp/ccrcKv2T.s:696    .text.HAL_ADCEx_InjectedPollForConversion:00000000 HAL_ADCEx_InjectedPollForConversion
     /tmp/ccrcKv2T.s:866    .text.HAL_ADCEx_InjectedStop_IT:00000000 $t
     /tmp/ccrcKv2T.s:872    .text.HAL_ADCEx_InjectedStop_IT:00000000 HAL_ADCEx_InjectedStop_IT
     /tmp/ccrcKv2T.s:993    .text.HAL_ADCEx_InjectedGetValue:00000000 $t
     /tmp/ccrcKv2T.s:999    .text.HAL_ADCEx_InjectedGetValue:00000000 HAL_ADCEx_InjectedGetValue
     /tmp/ccrcKv2T.s:1111   .text.HAL_ADCEx_MultiModeStart_DMA:00000000 $t
     /tmp/ccrcKv2T.s:1117   .text.HAL_ADCEx_MultiModeStart_DMA:00000000 HAL_ADCEx_MultiModeStart_DMA
     /tmp/ccrcKv2T.s:1373   .text.HAL_ADCEx_MultiModeStart_DMA:00000180 $d
     /tmp/ccrcKv2T.s:2305   .text.ADC_MultiModeDMAConvCplt:00000000 ADC_MultiModeDMAConvCplt
     /tmp/ccrcKv2T.s:2434   .text.ADC_MultiModeDMAHalfConvCplt:00000000 ADC_MultiModeDMAHalfConvCplt
     /tmp/ccrcKv2T.s:2478   .text.ADC_MultiModeDMAError:00000000 ADC_MultiModeDMAError
     /tmp/ccrcKv2T.s:1383   .text.HAL_ADCEx_MultiModeStop_DMA:00000000 $t
     /tmp/ccrcKv2T.s:1389   .text.HAL_ADCEx_MultiModeStop_DMA:00000000 HAL_ADCEx_MultiModeStop_DMA
     /tmp/ccrcKv2T.s:1494   .text.HAL_ADCEx_MultiModeStop_DMA:00000094 $d
     /tmp/ccrcKv2T.s:1499   .text.HAL_ADCEx_MultiModeGetValue:00000000 $t
     /tmp/ccrcKv2T.s:1505   .text.HAL_ADCEx_MultiModeGetValue:00000000 HAL_ADCEx_MultiModeGetValue
     /tmp/ccrcKv2T.s:1546   .text.HAL_ADCEx_MultiModeGetValue:0000001c $d
     /tmp/ccrcKv2T.s:1551   .text.HAL_ADCEx_InjectedConvCpltCallback:00000000 $t
     /tmp/ccrcKv2T.s:1557   .text.HAL_ADCEx_InjectedConvCpltCallback:00000000 HAL_ADCEx_InjectedConvCpltCallback
     /tmp/ccrcKv2T.s:1593   .text.HAL_ADCEx_InjectedConfigChannel:00000000 $t
     /tmp/ccrcKv2T.s:1599   .text.HAL_ADCEx_InjectedConfigChannel:00000000 HAL_ADCEx_InjectedConfigChannel
     /tmp/ccrcKv2T.s:2170   .text.HAL_ADCEx_InjectedConfigChannel:00000324 $d
     /tmp/ccrcKv2T.s:2178   .text.HAL_ADCEx_MultiModeConfigChannel:00000000 $t
     /tmp/ccrcKv2T.s:2184   .text.HAL_ADCEx_MultiModeConfigChannel:00000000 HAL_ADCEx_MultiModeConfigChannel
     /tmp/ccrcKv2T.s:2295   .text.HAL_ADCEx_MultiModeConfigChannel:00000088 $d
     /tmp/ccrcKv2T.s:2300   .text.ADC_MultiModeDMAConvCplt:00000000 $t
     /tmp/ccrcKv2T.s:2429   .text.ADC_MultiModeDMAHalfConvCplt:00000000 $t
     /tmp/ccrcKv2T.s:2473   .text.ADC_MultiModeDMAError:00000000 $t

UNDEFINED SYMBOLS
SystemCoreClock
HAL_GetTick
HAL_DMA_Start_IT
HAL_DMA_Abort
HAL_ADC_ConvCpltCallback
HAL_ADC_ConvHalfCpltCallback
HAL_ADC_ErrorCallback
