ARM GAS  /tmp/cctTQbgI.s 			page 1


   1              		.cpu cortex-m4
   2              		.arch armv7e-m
   3              		.fpu fpv4-sp-d16
   4              		.eabi_attribute 27, 1
   5              		.eabi_attribute 28, 1
   6              		.eabi_attribute 20, 1
   7              		.eabi_attribute 21, 1
   8              		.eabi_attribute 23, 3
   9              		.eabi_attribute 24, 1
  10              		.eabi_attribute 25, 1
  11              		.eabi_attribute 26, 1
  12              		.eabi_attribute 30, 6
  13              		.eabi_attribute 34, 1
  14              		.eabi_attribute 18, 4
  15              		.file	"stm32f4xx_hal.c"
  16              		.text
  17              	.Ltext0:
  18              		.cfi_sections	.debug_frame
  19              		.file 1 "Drivers/STM32F4xx_HAL_Driver/Src/stm32f4xx_hal.c"
  20              		.global	uwTick
  21              		.section	.bss.uwTick,"aw",%nobits
  22              		.align	2
  25              	uwTick:
  26 0000 00000000 		.space	4
  27              		.global	uwTickPrio
  28              		.section	.data.uwTickPrio,"aw"
  29              		.align	2
  32              	uwTickPrio:
  33 0000 10000000 		.word	16
  34              		.global	uwTickFreq
  35              		.section	.data.uwTickFreq,"aw"
  38              	uwTickFreq:
  39 0000 01       		.byte	1
  40              		.section	.text.HAL_Init,"ax",%progbits
  41              		.align	1
  42              		.global	HAL_Init
  43              		.syntax unified
  44              		.thumb
  45              		.thumb_func
  47              	HAL_Init:
  48              	.LFB220:
   1:Drivers/STM32F4xx_HAL_Driver/Src/stm32f4xx_hal.c **** /**
   2:Drivers/STM32F4xx_HAL_Driver/Src/stm32f4xx_hal.c ****   ******************************************************************************
   3:Drivers/STM32F4xx_HAL_Driver/Src/stm32f4xx_hal.c ****   * @file    stm32f4xx_hal.c
   4:Drivers/STM32F4xx_HAL_Driver/Src/stm32f4xx_hal.c ****   * @author  MCD Application Team
   5:Drivers/STM32F4xx_HAL_Driver/Src/stm32f4xx_hal.c ****   * @brief   HAL module driver.
   6:Drivers/STM32F4xx_HAL_Driver/Src/stm32f4xx_hal.c ****   *          This is the common part of the HAL initialization
   7:Drivers/STM32F4xx_HAL_Driver/Src/stm32f4xx_hal.c ****   *
   8:Drivers/STM32F4xx_HAL_Driver/Src/stm32f4xx_hal.c ****   ******************************************************************************
   9:Drivers/STM32F4xx_HAL_Driver/Src/stm32f4xx_hal.c ****   * @attention
  10:Drivers/STM32F4xx_HAL_Driver/Src/stm32f4xx_hal.c ****   *
  11:Drivers/STM32F4xx_HAL_Driver/Src/stm32f4xx_hal.c ****   * Copyright (c) 2017 STMicroelectronics.
  12:Drivers/STM32F4xx_HAL_Driver/Src/stm32f4xx_hal.c ****   * All rights reserved.
  13:Drivers/STM32F4xx_HAL_Driver/Src/stm32f4xx_hal.c ****   *
  14:Drivers/STM32F4xx_HAL_Driver/Src/stm32f4xx_hal.c ****   * This software is licensed under terms that can be found in the LICENSE file
  15:Drivers/STM32F4xx_HAL_Driver/Src/stm32f4xx_hal.c ****   * in the root directory of this software component.
  16:Drivers/STM32F4xx_HAL_Driver/Src/stm32f4xx_hal.c ****   * If no LICENSE file comes with this software, it is provided AS-IS.
ARM GAS  /tmp/cctTQbgI.s 			page 2


  17:Drivers/STM32F4xx_HAL_Driver/Src/stm32f4xx_hal.c ****   *
  18:Drivers/STM32F4xx_HAL_Driver/Src/stm32f4xx_hal.c ****   ******************************************************************************
  19:Drivers/STM32F4xx_HAL_Driver/Src/stm32f4xx_hal.c ****   @verbatim
  20:Drivers/STM32F4xx_HAL_Driver/Src/stm32f4xx_hal.c ****   ==============================================================================
  21:Drivers/STM32F4xx_HAL_Driver/Src/stm32f4xx_hal.c ****                      ##### How to use this driver #####
  22:Drivers/STM32F4xx_HAL_Driver/Src/stm32f4xx_hal.c ****   ==============================================================================
  23:Drivers/STM32F4xx_HAL_Driver/Src/stm32f4xx_hal.c ****     [..]
  24:Drivers/STM32F4xx_HAL_Driver/Src/stm32f4xx_hal.c ****     The common HAL driver contains a set of generic and common APIs that can be
  25:Drivers/STM32F4xx_HAL_Driver/Src/stm32f4xx_hal.c ****     used by the PPP peripheral drivers and the user to start using the HAL. 
  26:Drivers/STM32F4xx_HAL_Driver/Src/stm32f4xx_hal.c ****     [..]
  27:Drivers/STM32F4xx_HAL_Driver/Src/stm32f4xx_hal.c ****     The HAL contains two APIs' categories: 
  28:Drivers/STM32F4xx_HAL_Driver/Src/stm32f4xx_hal.c ****          (+) Common HAL APIs
  29:Drivers/STM32F4xx_HAL_Driver/Src/stm32f4xx_hal.c ****          (+) Services HAL APIs
  30:Drivers/STM32F4xx_HAL_Driver/Src/stm32f4xx_hal.c **** 
  31:Drivers/STM32F4xx_HAL_Driver/Src/stm32f4xx_hal.c ****   @endverbatim
  32:Drivers/STM32F4xx_HAL_Driver/Src/stm32f4xx_hal.c ****   ******************************************************************************
  33:Drivers/STM32F4xx_HAL_Driver/Src/stm32f4xx_hal.c ****   */ 
  34:Drivers/STM32F4xx_HAL_Driver/Src/stm32f4xx_hal.c **** 
  35:Drivers/STM32F4xx_HAL_Driver/Src/stm32f4xx_hal.c **** /* Includes ------------------------------------------------------------------*/
  36:Drivers/STM32F4xx_HAL_Driver/Src/stm32f4xx_hal.c **** #include "stm32f4xx_hal.h"
  37:Drivers/STM32F4xx_HAL_Driver/Src/stm32f4xx_hal.c **** 
  38:Drivers/STM32F4xx_HAL_Driver/Src/stm32f4xx_hal.c **** /** @addtogroup STM32F4xx_HAL_Driver
  39:Drivers/STM32F4xx_HAL_Driver/Src/stm32f4xx_hal.c ****   * @{
  40:Drivers/STM32F4xx_HAL_Driver/Src/stm32f4xx_hal.c ****   */
  41:Drivers/STM32F4xx_HAL_Driver/Src/stm32f4xx_hal.c **** 
  42:Drivers/STM32F4xx_HAL_Driver/Src/stm32f4xx_hal.c **** /** @defgroup HAL HAL
  43:Drivers/STM32F4xx_HAL_Driver/Src/stm32f4xx_hal.c ****   * @brief HAL module driver.
  44:Drivers/STM32F4xx_HAL_Driver/Src/stm32f4xx_hal.c ****   * @{
  45:Drivers/STM32F4xx_HAL_Driver/Src/stm32f4xx_hal.c ****   */
  46:Drivers/STM32F4xx_HAL_Driver/Src/stm32f4xx_hal.c **** 
  47:Drivers/STM32F4xx_HAL_Driver/Src/stm32f4xx_hal.c **** /* Private typedef -----------------------------------------------------------*/
  48:Drivers/STM32F4xx_HAL_Driver/Src/stm32f4xx_hal.c **** /* Private define ------------------------------------------------------------*/
  49:Drivers/STM32F4xx_HAL_Driver/Src/stm32f4xx_hal.c **** /** @addtogroup HAL_Private_Constants
  50:Drivers/STM32F4xx_HAL_Driver/Src/stm32f4xx_hal.c ****   * @{
  51:Drivers/STM32F4xx_HAL_Driver/Src/stm32f4xx_hal.c ****   */
  52:Drivers/STM32F4xx_HAL_Driver/Src/stm32f4xx_hal.c **** /**
  53:Drivers/STM32F4xx_HAL_Driver/Src/stm32f4xx_hal.c ****   * @brief STM32F4xx HAL Driver version number V1.8.3
  54:Drivers/STM32F4xx_HAL_Driver/Src/stm32f4xx_hal.c ****   */
  55:Drivers/STM32F4xx_HAL_Driver/Src/stm32f4xx_hal.c **** #define __STM32F4xx_HAL_VERSION_MAIN   (0x01U) /*!< [31:24] main version */
  56:Drivers/STM32F4xx_HAL_Driver/Src/stm32f4xx_hal.c **** #define __STM32F4xx_HAL_VERSION_SUB1   (0x08U) /*!< [23:16] sub1 version */
  57:Drivers/STM32F4xx_HAL_Driver/Src/stm32f4xx_hal.c **** #define __STM32F4xx_HAL_VERSION_SUB2   (0x03U) /*!< [15:8]  sub2 version */
  58:Drivers/STM32F4xx_HAL_Driver/Src/stm32f4xx_hal.c **** #define __STM32F4xx_HAL_VERSION_RC     (0x00U) /*!< [7:0]  release candidate */ 
  59:Drivers/STM32F4xx_HAL_Driver/Src/stm32f4xx_hal.c **** #define __STM32F4xx_HAL_VERSION         ((__STM32F4xx_HAL_VERSION_MAIN << 24U)\
  60:Drivers/STM32F4xx_HAL_Driver/Src/stm32f4xx_hal.c ****                                         |(__STM32F4xx_HAL_VERSION_SUB1 << 16U)\
  61:Drivers/STM32F4xx_HAL_Driver/Src/stm32f4xx_hal.c ****                                         |(__STM32F4xx_HAL_VERSION_SUB2 << 8U )\
  62:Drivers/STM32F4xx_HAL_Driver/Src/stm32f4xx_hal.c ****                                         |(__STM32F4xx_HAL_VERSION_RC))
  63:Drivers/STM32F4xx_HAL_Driver/Src/stm32f4xx_hal.c ****                                         
  64:Drivers/STM32F4xx_HAL_Driver/Src/stm32f4xx_hal.c **** #define IDCODE_DEVID_MASK    0x00000FFFU
  65:Drivers/STM32F4xx_HAL_Driver/Src/stm32f4xx_hal.c **** 
  66:Drivers/STM32F4xx_HAL_Driver/Src/stm32f4xx_hal.c **** /* ------------ RCC registers bit address in the alias region ----------- */
  67:Drivers/STM32F4xx_HAL_Driver/Src/stm32f4xx_hal.c **** #define SYSCFG_OFFSET             (SYSCFG_BASE - PERIPH_BASE)
  68:Drivers/STM32F4xx_HAL_Driver/Src/stm32f4xx_hal.c **** /* ---  MEMRMP Register ---*/ 
  69:Drivers/STM32F4xx_HAL_Driver/Src/stm32f4xx_hal.c **** /* Alias word address of UFB_MODE bit */ 
  70:Drivers/STM32F4xx_HAL_Driver/Src/stm32f4xx_hal.c **** #define MEMRMP_OFFSET             SYSCFG_OFFSET 
  71:Drivers/STM32F4xx_HAL_Driver/Src/stm32f4xx_hal.c **** #define UFB_MODE_BIT_NUMBER       SYSCFG_MEMRMP_UFB_MODE_Pos
  72:Drivers/STM32F4xx_HAL_Driver/Src/stm32f4xx_hal.c **** #define UFB_MODE_BB               (uint32_t)(PERIPH_BB_BASE + (MEMRMP_OFFSET * 32U) + (UFB_MODE_BIT
  73:Drivers/STM32F4xx_HAL_Driver/Src/stm32f4xx_hal.c **** 
ARM GAS  /tmp/cctTQbgI.s 			page 3


  74:Drivers/STM32F4xx_HAL_Driver/Src/stm32f4xx_hal.c **** /* ---  CMPCR Register ---*/ 
  75:Drivers/STM32F4xx_HAL_Driver/Src/stm32f4xx_hal.c **** /* Alias word address of CMP_PD bit */ 
  76:Drivers/STM32F4xx_HAL_Driver/Src/stm32f4xx_hal.c **** #define CMPCR_OFFSET              (SYSCFG_OFFSET + 0x20U) 
  77:Drivers/STM32F4xx_HAL_Driver/Src/stm32f4xx_hal.c **** #define CMP_PD_BIT_NUMBER         SYSCFG_CMPCR_CMP_PD_Pos
  78:Drivers/STM32F4xx_HAL_Driver/Src/stm32f4xx_hal.c **** #define CMPCR_CMP_PD_BB           (uint32_t)(PERIPH_BB_BASE + (CMPCR_OFFSET * 32U) + (CMP_PD_BIT_NU
  79:Drivers/STM32F4xx_HAL_Driver/Src/stm32f4xx_hal.c **** 
  80:Drivers/STM32F4xx_HAL_Driver/Src/stm32f4xx_hal.c **** /* ---  MCHDLYCR Register ---*/ 
  81:Drivers/STM32F4xx_HAL_Driver/Src/stm32f4xx_hal.c **** /* Alias word address of BSCKSEL bit */ 
  82:Drivers/STM32F4xx_HAL_Driver/Src/stm32f4xx_hal.c **** #define MCHDLYCR_OFFSET            (SYSCFG_OFFSET + 0x30U) 
  83:Drivers/STM32F4xx_HAL_Driver/Src/stm32f4xx_hal.c **** #define BSCKSEL_BIT_NUMBER         SYSCFG_MCHDLYCR_BSCKSEL_Pos
  84:Drivers/STM32F4xx_HAL_Driver/Src/stm32f4xx_hal.c **** #define MCHDLYCR_BSCKSEL_BB        (uint32_t)(PERIPH_BB_BASE + (MCHDLYCR_OFFSET * 32U) + (BSCKSEL_B
  85:Drivers/STM32F4xx_HAL_Driver/Src/stm32f4xx_hal.c **** /**
  86:Drivers/STM32F4xx_HAL_Driver/Src/stm32f4xx_hal.c ****   * @}
  87:Drivers/STM32F4xx_HAL_Driver/Src/stm32f4xx_hal.c ****   */
  88:Drivers/STM32F4xx_HAL_Driver/Src/stm32f4xx_hal.c **** 
  89:Drivers/STM32F4xx_HAL_Driver/Src/stm32f4xx_hal.c **** /* Private macro -------------------------------------------------------------*/
  90:Drivers/STM32F4xx_HAL_Driver/Src/stm32f4xx_hal.c **** /* Private variables ---------------------------------------------------------*/
  91:Drivers/STM32F4xx_HAL_Driver/Src/stm32f4xx_hal.c **** /** @addtogroup HAL_Private_Variables
  92:Drivers/STM32F4xx_HAL_Driver/Src/stm32f4xx_hal.c ****   * @{
  93:Drivers/STM32F4xx_HAL_Driver/Src/stm32f4xx_hal.c ****   */
  94:Drivers/STM32F4xx_HAL_Driver/Src/stm32f4xx_hal.c **** __IO uint32_t uwTick;
  95:Drivers/STM32F4xx_HAL_Driver/Src/stm32f4xx_hal.c **** uint32_t uwTickPrio   = (1UL << __NVIC_PRIO_BITS); /* Invalid PRIO */
  96:Drivers/STM32F4xx_HAL_Driver/Src/stm32f4xx_hal.c **** HAL_TickFreqTypeDef uwTickFreq = HAL_TICK_FREQ_DEFAULT;  /* 1KHz */
  97:Drivers/STM32F4xx_HAL_Driver/Src/stm32f4xx_hal.c **** /**
  98:Drivers/STM32F4xx_HAL_Driver/Src/stm32f4xx_hal.c ****   * @}
  99:Drivers/STM32F4xx_HAL_Driver/Src/stm32f4xx_hal.c ****   */
 100:Drivers/STM32F4xx_HAL_Driver/Src/stm32f4xx_hal.c **** /* Private function prototypes -----------------------------------------------*/
 101:Drivers/STM32F4xx_HAL_Driver/Src/stm32f4xx_hal.c **** /* Private functions ---------------------------------------------------------*/
 102:Drivers/STM32F4xx_HAL_Driver/Src/stm32f4xx_hal.c **** 
 103:Drivers/STM32F4xx_HAL_Driver/Src/stm32f4xx_hal.c **** /** @defgroup HAL_Exported_Functions HAL Exported Functions
 104:Drivers/STM32F4xx_HAL_Driver/Src/stm32f4xx_hal.c ****   * @{
 105:Drivers/STM32F4xx_HAL_Driver/Src/stm32f4xx_hal.c ****   */
 106:Drivers/STM32F4xx_HAL_Driver/Src/stm32f4xx_hal.c **** 
 107:Drivers/STM32F4xx_HAL_Driver/Src/stm32f4xx_hal.c **** /** @defgroup HAL_Exported_Functions_Group1 Initialization and de-initialization Functions 
 108:Drivers/STM32F4xx_HAL_Driver/Src/stm32f4xx_hal.c ****  *  @brief    Initialization and de-initialization functions
 109:Drivers/STM32F4xx_HAL_Driver/Src/stm32f4xx_hal.c ****  *
 110:Drivers/STM32F4xx_HAL_Driver/Src/stm32f4xx_hal.c **** @verbatim    
 111:Drivers/STM32F4xx_HAL_Driver/Src/stm32f4xx_hal.c ****  ===============================================================================
 112:Drivers/STM32F4xx_HAL_Driver/Src/stm32f4xx_hal.c ****               ##### Initialization and Configuration functions #####
 113:Drivers/STM32F4xx_HAL_Driver/Src/stm32f4xx_hal.c ****  ===============================================================================
 114:Drivers/STM32F4xx_HAL_Driver/Src/stm32f4xx_hal.c ****     [..]  This section provides functions allowing to:
 115:Drivers/STM32F4xx_HAL_Driver/Src/stm32f4xx_hal.c ****       (+) Initializes the Flash interface the NVIC allocation and initial clock 
 116:Drivers/STM32F4xx_HAL_Driver/Src/stm32f4xx_hal.c ****           configuration. It initializes the systick also when timeout is needed 
 117:Drivers/STM32F4xx_HAL_Driver/Src/stm32f4xx_hal.c ****           and the backup domain when enabled.
 118:Drivers/STM32F4xx_HAL_Driver/Src/stm32f4xx_hal.c ****       (+) De-Initializes common part of the HAL.
 119:Drivers/STM32F4xx_HAL_Driver/Src/stm32f4xx_hal.c ****       (+) Configure the time base source to have 1ms time base with a dedicated 
 120:Drivers/STM32F4xx_HAL_Driver/Src/stm32f4xx_hal.c ****           Tick interrupt priority. 
 121:Drivers/STM32F4xx_HAL_Driver/Src/stm32f4xx_hal.c ****         (++) SysTick timer is used by default as source of time base, but user
 122:Drivers/STM32F4xx_HAL_Driver/Src/stm32f4xx_hal.c ****              can eventually implement his proper time base source (a general purpose 
 123:Drivers/STM32F4xx_HAL_Driver/Src/stm32f4xx_hal.c ****              timer for example or other time source), keeping in mind that Time base 
 124:Drivers/STM32F4xx_HAL_Driver/Src/stm32f4xx_hal.c ****              duration should be kept 1ms since PPP_TIMEOUT_VALUEs are defined and 
 125:Drivers/STM32F4xx_HAL_Driver/Src/stm32f4xx_hal.c ****              handled in milliseconds basis.
 126:Drivers/STM32F4xx_HAL_Driver/Src/stm32f4xx_hal.c ****         (++) Time base configuration function (HAL_InitTick ()) is called automatically 
 127:Drivers/STM32F4xx_HAL_Driver/Src/stm32f4xx_hal.c ****              at the beginning of the program after reset by HAL_Init() or at any time 
 128:Drivers/STM32F4xx_HAL_Driver/Src/stm32f4xx_hal.c ****              when clock is configured, by HAL_RCC_ClockConfig(). 
 129:Drivers/STM32F4xx_HAL_Driver/Src/stm32f4xx_hal.c ****         (++) Source of time base is configured  to generate interrupts at regular 
 130:Drivers/STM32F4xx_HAL_Driver/Src/stm32f4xx_hal.c ****              time intervals. Care must be taken if HAL_Delay() is called from a 
ARM GAS  /tmp/cctTQbgI.s 			page 4


 131:Drivers/STM32F4xx_HAL_Driver/Src/stm32f4xx_hal.c ****              peripheral ISR process, the Tick interrupt line must have higher priority 
 132:Drivers/STM32F4xx_HAL_Driver/Src/stm32f4xx_hal.c ****             (numerically lower) than the peripheral interrupt. Otherwise the caller 
 133:Drivers/STM32F4xx_HAL_Driver/Src/stm32f4xx_hal.c ****             ISR process will be blocked. 
 134:Drivers/STM32F4xx_HAL_Driver/Src/stm32f4xx_hal.c ****        (++) functions affecting time base configurations are declared as __weak  
 135:Drivers/STM32F4xx_HAL_Driver/Src/stm32f4xx_hal.c ****              to make  override possible  in case of other  implementations in user file.
 136:Drivers/STM32F4xx_HAL_Driver/Src/stm32f4xx_hal.c **** @endverbatim
 137:Drivers/STM32F4xx_HAL_Driver/Src/stm32f4xx_hal.c ****   * @{
 138:Drivers/STM32F4xx_HAL_Driver/Src/stm32f4xx_hal.c ****   */
 139:Drivers/STM32F4xx_HAL_Driver/Src/stm32f4xx_hal.c **** 
 140:Drivers/STM32F4xx_HAL_Driver/Src/stm32f4xx_hal.c **** /**
 141:Drivers/STM32F4xx_HAL_Driver/Src/stm32f4xx_hal.c ****   * @brief  This function is used to initialize the HAL Library; it must be the first 
 142:Drivers/STM32F4xx_HAL_Driver/Src/stm32f4xx_hal.c ****   *         instruction to be executed in the main program (before to call any other
 143:Drivers/STM32F4xx_HAL_Driver/Src/stm32f4xx_hal.c ****   *         HAL function), it performs the following:
 144:Drivers/STM32F4xx_HAL_Driver/Src/stm32f4xx_hal.c ****   *           Configure the Flash prefetch, instruction and Data caches.
 145:Drivers/STM32F4xx_HAL_Driver/Src/stm32f4xx_hal.c ****   *           Configures the SysTick to generate an interrupt each 1 millisecond,
 146:Drivers/STM32F4xx_HAL_Driver/Src/stm32f4xx_hal.c ****   *           which is clocked by the HSI (at this stage, the clock is not yet
 147:Drivers/STM32F4xx_HAL_Driver/Src/stm32f4xx_hal.c ****   *           configured and thus the system is running from the internal HSI at 16 MHz).
 148:Drivers/STM32F4xx_HAL_Driver/Src/stm32f4xx_hal.c ****   *           Set NVIC Group Priority to 4.
 149:Drivers/STM32F4xx_HAL_Driver/Src/stm32f4xx_hal.c ****   *           Calls the HAL_MspInit() callback function defined in user file 
 150:Drivers/STM32F4xx_HAL_Driver/Src/stm32f4xx_hal.c ****   *           "stm32f4xx_hal_msp.c" to do the global low level hardware initialization 
 151:Drivers/STM32F4xx_HAL_Driver/Src/stm32f4xx_hal.c ****   *            
 152:Drivers/STM32F4xx_HAL_Driver/Src/stm32f4xx_hal.c ****   * @note   SysTick is used as time base for the HAL_Delay() function, the application
 153:Drivers/STM32F4xx_HAL_Driver/Src/stm32f4xx_hal.c ****   *         need to ensure that the SysTick time base is always set to 1 millisecond
 154:Drivers/STM32F4xx_HAL_Driver/Src/stm32f4xx_hal.c ****   *         to have correct HAL operation.
 155:Drivers/STM32F4xx_HAL_Driver/Src/stm32f4xx_hal.c ****   * @retval HAL status
 156:Drivers/STM32F4xx_HAL_Driver/Src/stm32f4xx_hal.c ****   */
 157:Drivers/STM32F4xx_HAL_Driver/Src/stm32f4xx_hal.c **** HAL_StatusTypeDef HAL_Init(void)
 158:Drivers/STM32F4xx_HAL_Driver/Src/stm32f4xx_hal.c **** {
  49              		.loc 1 158 1
  50              		.cfi_startproc
  51              		@ args = 0, pretend = 0, frame = 0
  52              		@ frame_needed = 1, uses_anonymous_args = 0
  53 0000 80B5     		push	{r7, lr}
  54              	.LCFI0:
  55              		.cfi_def_cfa_offset 8
  56              		.cfi_offset 7, -8
  57              		.cfi_offset 14, -4
  58 0002 00AF     		add	r7, sp, #0
  59              	.LCFI1:
  60              		.cfi_def_cfa_register 7
 159:Drivers/STM32F4xx_HAL_Driver/Src/stm32f4xx_hal.c ****   /* Configure Flash prefetch, Instruction cache, Data cache */ 
 160:Drivers/STM32F4xx_HAL_Driver/Src/stm32f4xx_hal.c **** #if (INSTRUCTION_CACHE_ENABLE != 0U)
 161:Drivers/STM32F4xx_HAL_Driver/Src/stm32f4xx_hal.c ****   __HAL_FLASH_INSTRUCTION_CACHE_ENABLE();
  61              		.loc 1 161 3
  62 0004 0E4B     		ldr	r3, .L3
  63 0006 1B68     		ldr	r3, [r3]
  64 0008 0D4A     		ldr	r2, .L3
  65 000a 43F40073 		orr	r3, r3, #512
  66 000e 1360     		str	r3, [r2]
 162:Drivers/STM32F4xx_HAL_Driver/Src/stm32f4xx_hal.c **** #endif /* INSTRUCTION_CACHE_ENABLE */
 163:Drivers/STM32F4xx_HAL_Driver/Src/stm32f4xx_hal.c **** 
 164:Drivers/STM32F4xx_HAL_Driver/Src/stm32f4xx_hal.c **** #if (DATA_CACHE_ENABLE != 0U)
 165:Drivers/STM32F4xx_HAL_Driver/Src/stm32f4xx_hal.c ****   __HAL_FLASH_DATA_CACHE_ENABLE();
  67              		.loc 1 165 3
  68 0010 0B4B     		ldr	r3, .L3
  69 0012 1B68     		ldr	r3, [r3]
  70 0014 0A4A     		ldr	r2, .L3
ARM GAS  /tmp/cctTQbgI.s 			page 5


  71 0016 43F48063 		orr	r3, r3, #1024
  72 001a 1360     		str	r3, [r2]
 166:Drivers/STM32F4xx_HAL_Driver/Src/stm32f4xx_hal.c **** #endif /* DATA_CACHE_ENABLE */
 167:Drivers/STM32F4xx_HAL_Driver/Src/stm32f4xx_hal.c **** 
 168:Drivers/STM32F4xx_HAL_Driver/Src/stm32f4xx_hal.c **** #if (PREFETCH_ENABLE != 0U)
 169:Drivers/STM32F4xx_HAL_Driver/Src/stm32f4xx_hal.c ****   __HAL_FLASH_PREFETCH_BUFFER_ENABLE();
  73              		.loc 1 169 3
  74 001c 084B     		ldr	r3, .L3
  75 001e 1B68     		ldr	r3, [r3]
  76 0020 074A     		ldr	r2, .L3
  77 0022 43F48073 		orr	r3, r3, #256
  78 0026 1360     		str	r3, [r2]
 170:Drivers/STM32F4xx_HAL_Driver/Src/stm32f4xx_hal.c **** #endif /* PREFETCH_ENABLE */
 171:Drivers/STM32F4xx_HAL_Driver/Src/stm32f4xx_hal.c **** 
 172:Drivers/STM32F4xx_HAL_Driver/Src/stm32f4xx_hal.c ****   /* Set Interrupt Group Priority */
 173:Drivers/STM32F4xx_HAL_Driver/Src/stm32f4xx_hal.c ****   HAL_NVIC_SetPriorityGrouping(NVIC_PRIORITYGROUP_4);
  79              		.loc 1 173 3
  80 0028 0320     		movs	r0, #3
  81 002a FFF7FEFF 		bl	HAL_NVIC_SetPriorityGrouping
 174:Drivers/STM32F4xx_HAL_Driver/Src/stm32f4xx_hal.c **** 
 175:Drivers/STM32F4xx_HAL_Driver/Src/stm32f4xx_hal.c ****   /* Use systick as time base source and configure 1ms tick (default clock after Reset is HSI) */
 176:Drivers/STM32F4xx_HAL_Driver/Src/stm32f4xx_hal.c ****   HAL_InitTick(TICK_INT_PRIORITY);
  82              		.loc 1 176 3
  83 002e 0520     		movs	r0, #5
  84 0030 FFF7FEFF 		bl	HAL_InitTick
 177:Drivers/STM32F4xx_HAL_Driver/Src/stm32f4xx_hal.c **** 
 178:Drivers/STM32F4xx_HAL_Driver/Src/stm32f4xx_hal.c ****   /* Init the low level hardware */
 179:Drivers/STM32F4xx_HAL_Driver/Src/stm32f4xx_hal.c ****   HAL_MspInit();
  85              		.loc 1 179 3
  86 0034 FFF7FEFF 		bl	HAL_MspInit
 180:Drivers/STM32F4xx_HAL_Driver/Src/stm32f4xx_hal.c **** 
 181:Drivers/STM32F4xx_HAL_Driver/Src/stm32f4xx_hal.c ****   /* Return function status */
 182:Drivers/STM32F4xx_HAL_Driver/Src/stm32f4xx_hal.c ****   return HAL_OK;
  87              		.loc 1 182 10
  88 0038 0023     		movs	r3, #0
 183:Drivers/STM32F4xx_HAL_Driver/Src/stm32f4xx_hal.c **** }
  89              		.loc 1 183 1
  90 003a 1846     		mov	r0, r3
  91 003c 80BD     		pop	{r7, pc}
  92              	.L4:
  93 003e 00BF     		.align	2
  94              	.L3:
  95 0040 003C0240 		.word	1073888256
  96              		.cfi_endproc
  97              	.LFE220:
  99              		.section	.text.HAL_DeInit,"ax",%progbits
 100              		.align	1
 101              		.global	HAL_DeInit
 102              		.syntax unified
 103              		.thumb
 104              		.thumb_func
 106              	HAL_DeInit:
 107              	.LFB221:
 184:Drivers/STM32F4xx_HAL_Driver/Src/stm32f4xx_hal.c **** 
 185:Drivers/STM32F4xx_HAL_Driver/Src/stm32f4xx_hal.c **** /**
 186:Drivers/STM32F4xx_HAL_Driver/Src/stm32f4xx_hal.c ****   * @brief  This function de-Initializes common part of the HAL and stops the systick.
 187:Drivers/STM32F4xx_HAL_Driver/Src/stm32f4xx_hal.c ****   *         This function is optional.   
ARM GAS  /tmp/cctTQbgI.s 			page 6


 188:Drivers/STM32F4xx_HAL_Driver/Src/stm32f4xx_hal.c ****   * @retval HAL status
 189:Drivers/STM32F4xx_HAL_Driver/Src/stm32f4xx_hal.c ****   */
 190:Drivers/STM32F4xx_HAL_Driver/Src/stm32f4xx_hal.c **** HAL_StatusTypeDef HAL_DeInit(void)
 191:Drivers/STM32F4xx_HAL_Driver/Src/stm32f4xx_hal.c **** {
 108              		.loc 1 191 1
 109              		.cfi_startproc
 110              		@ args = 0, pretend = 0, frame = 0
 111              		@ frame_needed = 1, uses_anonymous_args = 0
 112 0000 80B5     		push	{r7, lr}
 113              	.LCFI2:
 114              		.cfi_def_cfa_offset 8
 115              		.cfi_offset 7, -8
 116              		.cfi_offset 14, -4
 117 0002 00AF     		add	r7, sp, #0
 118              	.LCFI3:
 119              		.cfi_def_cfa_register 7
 192:Drivers/STM32F4xx_HAL_Driver/Src/stm32f4xx_hal.c ****   /* Reset of all peripherals */
 193:Drivers/STM32F4xx_HAL_Driver/Src/stm32f4xx_hal.c ****   __HAL_RCC_APB1_FORCE_RESET();
 120              		.loc 1 193 3
 121 0004 114B     		ldr	r3, .L7
 122 0006 124A     		ldr	r2, .L7+4
 123 0008 1A62     		str	r2, [r3, #32]
 194:Drivers/STM32F4xx_HAL_Driver/Src/stm32f4xx_hal.c ****   __HAL_RCC_APB1_RELEASE_RESET();
 124              		.loc 1 194 3
 125 000a 104B     		ldr	r3, .L7
 126 000c 0022     		movs	r2, #0
 127 000e 1A62     		str	r2, [r3, #32]
 195:Drivers/STM32F4xx_HAL_Driver/Src/stm32f4xx_hal.c **** 
 196:Drivers/STM32F4xx_HAL_Driver/Src/stm32f4xx_hal.c ****   __HAL_RCC_APB2_FORCE_RESET();
 128              		.loc 1 196 3
 129 0010 0E4B     		ldr	r3, .L7
 130 0012 104A     		ldr	r2, .L7+8
 131 0014 5A62     		str	r2, [r3, #36]
 197:Drivers/STM32F4xx_HAL_Driver/Src/stm32f4xx_hal.c ****   __HAL_RCC_APB2_RELEASE_RESET();
 132              		.loc 1 197 3
 133 0016 0D4B     		ldr	r3, .L7
 134 0018 0022     		movs	r2, #0
 135 001a 5A62     		str	r2, [r3, #36]
 198:Drivers/STM32F4xx_HAL_Driver/Src/stm32f4xx_hal.c **** 
 199:Drivers/STM32F4xx_HAL_Driver/Src/stm32f4xx_hal.c ****   __HAL_RCC_AHB1_FORCE_RESET();
 136              		.loc 1 199 3
 137 001c 0B4B     		ldr	r3, .L7
 138 001e 0E4A     		ldr	r2, .L7+12
 139 0020 1A61     		str	r2, [r3, #16]
 200:Drivers/STM32F4xx_HAL_Driver/Src/stm32f4xx_hal.c ****   __HAL_RCC_AHB1_RELEASE_RESET();
 140              		.loc 1 200 3
 141 0022 0A4B     		ldr	r3, .L7
 142 0024 0022     		movs	r2, #0
 143 0026 1A61     		str	r2, [r3, #16]
 201:Drivers/STM32F4xx_HAL_Driver/Src/stm32f4xx_hal.c **** 
 202:Drivers/STM32F4xx_HAL_Driver/Src/stm32f4xx_hal.c ****   __HAL_RCC_AHB2_FORCE_RESET();
 144              		.loc 1 202 3
 145 0028 084B     		ldr	r3, .L7
 146 002a 8022     		movs	r2, #128
 147 002c 5A61     		str	r2, [r3, #20]
 203:Drivers/STM32F4xx_HAL_Driver/Src/stm32f4xx_hal.c ****   __HAL_RCC_AHB2_RELEASE_RESET();
 148              		.loc 1 203 3
ARM GAS  /tmp/cctTQbgI.s 			page 7


 149 002e 074B     		ldr	r3, .L7
 150 0030 0022     		movs	r2, #0
 151 0032 5A61     		str	r2, [r3, #20]
 204:Drivers/STM32F4xx_HAL_Driver/Src/stm32f4xx_hal.c **** 
 205:Drivers/STM32F4xx_HAL_Driver/Src/stm32f4xx_hal.c ****   __HAL_RCC_AHB3_FORCE_RESET();
 152              		.loc 1 205 3
 153 0034 054B     		ldr	r3, .L7
 154 0036 4FF0FF32 		mov	r2, #-1
 155 003a 9A61     		str	r2, [r3, #24]
 206:Drivers/STM32F4xx_HAL_Driver/Src/stm32f4xx_hal.c ****   __HAL_RCC_AHB3_RELEASE_RESET();
 156              		.loc 1 206 3
 157 003c 034B     		ldr	r3, .L7
 158 003e 0022     		movs	r2, #0
 159 0040 9A61     		str	r2, [r3, #24]
 207:Drivers/STM32F4xx_HAL_Driver/Src/stm32f4xx_hal.c **** 
 208:Drivers/STM32F4xx_HAL_Driver/Src/stm32f4xx_hal.c ****   /* De-Init the low level hardware */
 209:Drivers/STM32F4xx_HAL_Driver/Src/stm32f4xx_hal.c ****   HAL_MspDeInit();
 160              		.loc 1 209 3
 161 0042 FFF7FEFF 		bl	HAL_MspDeInit
 210:Drivers/STM32F4xx_HAL_Driver/Src/stm32f4xx_hal.c ****     
 211:Drivers/STM32F4xx_HAL_Driver/Src/stm32f4xx_hal.c ****   /* Return function status */
 212:Drivers/STM32F4xx_HAL_Driver/Src/stm32f4xx_hal.c ****   return HAL_OK;
 162              		.loc 1 212 10
 163 0046 0023     		movs	r3, #0
 213:Drivers/STM32F4xx_HAL_Driver/Src/stm32f4xx_hal.c **** }
 164              		.loc 1 213 1
 165 0048 1846     		mov	r0, r3
 166 004a 80BD     		pop	{r7, pc}
 167              	.L8:
 168              		.align	2
 169              	.L7:
 170 004c 00380240 		.word	1073887232
 171 0050 0FC8E210 		.word	283297807
 172 0054 31791700 		.word	1538353
 173 0058 9F106000 		.word	6295711
 174              		.cfi_endproc
 175              	.LFE221:
 177              		.section	.text.HAL_MspInit,"ax",%progbits
 178              		.align	1
 179              		.weak	HAL_MspInit
 180              		.syntax unified
 181              		.thumb
 182              		.thumb_func
 184              	HAL_MspInit:
 185              	.LFB222:
 214:Drivers/STM32F4xx_HAL_Driver/Src/stm32f4xx_hal.c **** 
 215:Drivers/STM32F4xx_HAL_Driver/Src/stm32f4xx_hal.c **** /**
 216:Drivers/STM32F4xx_HAL_Driver/Src/stm32f4xx_hal.c ****   * @brief  Initialize the MSP.
 217:Drivers/STM32F4xx_HAL_Driver/Src/stm32f4xx_hal.c ****   * @retval None
 218:Drivers/STM32F4xx_HAL_Driver/Src/stm32f4xx_hal.c ****   */
 219:Drivers/STM32F4xx_HAL_Driver/Src/stm32f4xx_hal.c **** __weak void HAL_MspInit(void)
 220:Drivers/STM32F4xx_HAL_Driver/Src/stm32f4xx_hal.c **** {
 186              		.loc 1 220 1
 187              		.cfi_startproc
 188              		@ args = 0, pretend = 0, frame = 0
 189              		@ frame_needed = 1, uses_anonymous_args = 0
 190              		@ link register save eliminated.
ARM GAS  /tmp/cctTQbgI.s 			page 8


 191 0000 80B4     		push	{r7}
 192              	.LCFI4:
 193              		.cfi_def_cfa_offset 4
 194              		.cfi_offset 7, -4
 195 0002 00AF     		add	r7, sp, #0
 196              	.LCFI5:
 197              		.cfi_def_cfa_register 7
 221:Drivers/STM32F4xx_HAL_Driver/Src/stm32f4xx_hal.c ****   /* NOTE : This function should not be modified, when the callback is needed,
 222:Drivers/STM32F4xx_HAL_Driver/Src/stm32f4xx_hal.c ****             the HAL_MspInit could be implemented in the user file
 223:Drivers/STM32F4xx_HAL_Driver/Src/stm32f4xx_hal.c ****    */
 224:Drivers/STM32F4xx_HAL_Driver/Src/stm32f4xx_hal.c **** }
 198              		.loc 1 224 1
 199 0004 00BF     		nop
 200 0006 BD46     		mov	sp, r7
 201              	.LCFI6:
 202              		.cfi_def_cfa_register 13
 203              		@ sp needed
 204 0008 80BC     		pop	{r7}
 205              	.LCFI7:
 206              		.cfi_restore 7
 207              		.cfi_def_cfa_offset 0
 208 000a 7047     		bx	lr
 209              		.cfi_endproc
 210              	.LFE222:
 212              		.section	.text.HAL_MspDeInit,"ax",%progbits
 213              		.align	1
 214              		.weak	HAL_MspDeInit
 215              		.syntax unified
 216              		.thumb
 217              		.thumb_func
 219              	HAL_MspDeInit:
 220              	.LFB223:
 225:Drivers/STM32F4xx_HAL_Driver/Src/stm32f4xx_hal.c **** 
 226:Drivers/STM32F4xx_HAL_Driver/Src/stm32f4xx_hal.c **** /**
 227:Drivers/STM32F4xx_HAL_Driver/Src/stm32f4xx_hal.c ****   * @brief  DeInitializes the MSP.
 228:Drivers/STM32F4xx_HAL_Driver/Src/stm32f4xx_hal.c ****   * @retval None
 229:Drivers/STM32F4xx_HAL_Driver/Src/stm32f4xx_hal.c ****   */
 230:Drivers/STM32F4xx_HAL_Driver/Src/stm32f4xx_hal.c **** __weak void HAL_MspDeInit(void)
 231:Drivers/STM32F4xx_HAL_Driver/Src/stm32f4xx_hal.c **** {
 221              		.loc 1 231 1
 222              		.cfi_startproc
 223              		@ args = 0, pretend = 0, frame = 0
 224              		@ frame_needed = 1, uses_anonymous_args = 0
 225              		@ link register save eliminated.
 226 0000 80B4     		push	{r7}
 227              	.LCFI8:
 228              		.cfi_def_cfa_offset 4
 229              		.cfi_offset 7, -4
 230 0002 00AF     		add	r7, sp, #0
 231              	.LCFI9:
 232              		.cfi_def_cfa_register 7
 232:Drivers/STM32F4xx_HAL_Driver/Src/stm32f4xx_hal.c ****   /* NOTE : This function should not be modified, when the callback is needed,
 233:Drivers/STM32F4xx_HAL_Driver/Src/stm32f4xx_hal.c ****             the HAL_MspDeInit could be implemented in the user file
 234:Drivers/STM32F4xx_HAL_Driver/Src/stm32f4xx_hal.c ****    */ 
 235:Drivers/STM32F4xx_HAL_Driver/Src/stm32f4xx_hal.c **** }
 233              		.loc 1 235 1
 234 0004 00BF     		nop
ARM GAS  /tmp/cctTQbgI.s 			page 9


 235 0006 BD46     		mov	sp, r7
 236              	.LCFI10:
 237              		.cfi_def_cfa_register 13
 238              		@ sp needed
 239 0008 80BC     		pop	{r7}
 240              	.LCFI11:
 241              		.cfi_restore 7
 242              		.cfi_def_cfa_offset 0
 243 000a 7047     		bx	lr
 244              		.cfi_endproc
 245              	.LFE223:
 247              		.section	.text.HAL_InitTick,"ax",%progbits
 248              		.align	1
 249              		.weak	HAL_InitTick
 250              		.syntax unified
 251              		.thumb
 252              		.thumb_func
 254              	HAL_InitTick:
 255              	.LFB224:
 236:Drivers/STM32F4xx_HAL_Driver/Src/stm32f4xx_hal.c **** 
 237:Drivers/STM32F4xx_HAL_Driver/Src/stm32f4xx_hal.c **** /**
 238:Drivers/STM32F4xx_HAL_Driver/Src/stm32f4xx_hal.c ****   * @brief This function configures the source of the time base.
 239:Drivers/STM32F4xx_HAL_Driver/Src/stm32f4xx_hal.c ****   *        The time source is configured  to have 1ms time base with a dedicated 
 240:Drivers/STM32F4xx_HAL_Driver/Src/stm32f4xx_hal.c ****   *        Tick interrupt priority.
 241:Drivers/STM32F4xx_HAL_Driver/Src/stm32f4xx_hal.c ****   * @note This function is called  automatically at the beginning of program after
 242:Drivers/STM32F4xx_HAL_Driver/Src/stm32f4xx_hal.c ****   *       reset by HAL_Init() or at any time when clock is reconfigured  by HAL_RCC_ClockConfig().
 243:Drivers/STM32F4xx_HAL_Driver/Src/stm32f4xx_hal.c ****   * @note In the default implementation, SysTick timer is the source of time base. 
 244:Drivers/STM32F4xx_HAL_Driver/Src/stm32f4xx_hal.c ****   *       It is used to generate interrupts at regular time intervals. 
 245:Drivers/STM32F4xx_HAL_Driver/Src/stm32f4xx_hal.c ****   *       Care must be taken if HAL_Delay() is called from a peripheral ISR process, 
 246:Drivers/STM32F4xx_HAL_Driver/Src/stm32f4xx_hal.c ****   *       The SysTick interrupt must have higher priority (numerically lower)
 247:Drivers/STM32F4xx_HAL_Driver/Src/stm32f4xx_hal.c ****   *       than the peripheral interrupt. Otherwise the caller ISR process will be blocked.
 248:Drivers/STM32F4xx_HAL_Driver/Src/stm32f4xx_hal.c ****   *       The function is declared as __weak  to be overwritten  in case of other
 249:Drivers/STM32F4xx_HAL_Driver/Src/stm32f4xx_hal.c ****   *       implementation  in user file.
 250:Drivers/STM32F4xx_HAL_Driver/Src/stm32f4xx_hal.c ****   * @param TickPriority Tick interrupt priority.
 251:Drivers/STM32F4xx_HAL_Driver/Src/stm32f4xx_hal.c ****   * @retval HAL status
 252:Drivers/STM32F4xx_HAL_Driver/Src/stm32f4xx_hal.c ****   */
 253:Drivers/STM32F4xx_HAL_Driver/Src/stm32f4xx_hal.c **** __weak HAL_StatusTypeDef HAL_InitTick(uint32_t TickPriority)
 254:Drivers/STM32F4xx_HAL_Driver/Src/stm32f4xx_hal.c **** {
 256              		.loc 1 254 1
 257              		.cfi_startproc
 258              		@ args = 0, pretend = 0, frame = 8
 259              		@ frame_needed = 1, uses_anonymous_args = 0
 260 0000 80B5     		push	{r7, lr}
 261              	.LCFI12:
 262              		.cfi_def_cfa_offset 8
 263              		.cfi_offset 7, -8
 264              		.cfi_offset 14, -4
 265 0002 82B0     		sub	sp, sp, #8
 266              	.LCFI13:
 267              		.cfi_def_cfa_offset 16
 268 0004 00AF     		add	r7, sp, #0
 269              	.LCFI14:
 270              		.cfi_def_cfa_register 7
 271 0006 7860     		str	r0, [r7, #4]
 255:Drivers/STM32F4xx_HAL_Driver/Src/stm32f4xx_hal.c ****   /* Configure the SysTick to have interrupt in 1ms time basis*/
 256:Drivers/STM32F4xx_HAL_Driver/Src/stm32f4xx_hal.c ****   if (HAL_SYSTICK_Config(SystemCoreClock / (1000U / uwTickFreq)) > 0U)
 272              		.loc 1 256 7
ARM GAS  /tmp/cctTQbgI.s 			page 10


 273 0008 124B     		ldr	r3, .L16
 274 000a 1A68     		ldr	r2, [r3]
 275              		.loc 1 256 51
 276 000c 124B     		ldr	r3, .L16+4
 277 000e 1B78     		ldrb	r3, [r3]	@ zero_extendqisi2
 278 0010 1946     		mov	r1, r3
 279 0012 4FF47A73 		mov	r3, #1000
 280 0016 B3FBF1F3 		udiv	r3, r3, r1
 281              		.loc 1 256 42
 282 001a B2FBF3F3 		udiv	r3, r2, r3
 283              		.loc 1 256 7
 284 001e 1846     		mov	r0, r3
 285 0020 FFF7FEFF 		bl	HAL_SYSTICK_Config
 286 0024 0346     		mov	r3, r0
 287              		.loc 1 256 6 discriminator 1
 288 0026 002B     		cmp	r3, #0
 289 0028 01D0     		beq	.L12
 257:Drivers/STM32F4xx_HAL_Driver/Src/stm32f4xx_hal.c ****   {
 258:Drivers/STM32F4xx_HAL_Driver/Src/stm32f4xx_hal.c ****     return HAL_ERROR;
 290              		.loc 1 258 12
 291 002a 0123     		movs	r3, #1
 292 002c 0EE0     		b	.L13
 293              	.L12:
 259:Drivers/STM32F4xx_HAL_Driver/Src/stm32f4xx_hal.c ****   }
 260:Drivers/STM32F4xx_HAL_Driver/Src/stm32f4xx_hal.c **** 
 261:Drivers/STM32F4xx_HAL_Driver/Src/stm32f4xx_hal.c ****   /* Configure the SysTick IRQ priority */
 262:Drivers/STM32F4xx_HAL_Driver/Src/stm32f4xx_hal.c ****   if (TickPriority < (1UL << __NVIC_PRIO_BITS))
 294              		.loc 1 262 6
 295 002e 7B68     		ldr	r3, [r7, #4]
 296 0030 0F2B     		cmp	r3, #15
 297 0032 0AD8     		bhi	.L14
 263:Drivers/STM32F4xx_HAL_Driver/Src/stm32f4xx_hal.c ****   {
 264:Drivers/STM32F4xx_HAL_Driver/Src/stm32f4xx_hal.c ****     HAL_NVIC_SetPriority(SysTick_IRQn, TickPriority, 0U);
 298              		.loc 1 264 5
 299 0034 0022     		movs	r2, #0
 300 0036 7968     		ldr	r1, [r7, #4]
 301 0038 4FF0FF30 		mov	r0, #-1
 302 003c FFF7FEFF 		bl	HAL_NVIC_SetPriority
 265:Drivers/STM32F4xx_HAL_Driver/Src/stm32f4xx_hal.c ****     uwTickPrio = TickPriority;
 303              		.loc 1 265 16
 304 0040 064A     		ldr	r2, .L16+8
 305 0042 7B68     		ldr	r3, [r7, #4]
 306 0044 1360     		str	r3, [r2]
 266:Drivers/STM32F4xx_HAL_Driver/Src/stm32f4xx_hal.c ****   }
 267:Drivers/STM32F4xx_HAL_Driver/Src/stm32f4xx_hal.c ****   else
 268:Drivers/STM32F4xx_HAL_Driver/Src/stm32f4xx_hal.c ****   {
 269:Drivers/STM32F4xx_HAL_Driver/Src/stm32f4xx_hal.c ****     return HAL_ERROR;
 270:Drivers/STM32F4xx_HAL_Driver/Src/stm32f4xx_hal.c ****   }
 271:Drivers/STM32F4xx_HAL_Driver/Src/stm32f4xx_hal.c **** 
 272:Drivers/STM32F4xx_HAL_Driver/Src/stm32f4xx_hal.c ****   /* Return function status */
 273:Drivers/STM32F4xx_HAL_Driver/Src/stm32f4xx_hal.c ****   return HAL_OK;
 307              		.loc 1 273 10
 308 0046 0023     		movs	r3, #0
 309 0048 00E0     		b	.L13
 310              	.L14:
 269:Drivers/STM32F4xx_HAL_Driver/Src/stm32f4xx_hal.c ****   }
 311              		.loc 1 269 12
ARM GAS  /tmp/cctTQbgI.s 			page 11


 312 004a 0123     		movs	r3, #1
 313              	.L13:
 274:Drivers/STM32F4xx_HAL_Driver/Src/stm32f4xx_hal.c **** }
 314              		.loc 1 274 1
 315 004c 1846     		mov	r0, r3
 316 004e 0837     		adds	r7, r7, #8
 317              	.LCFI15:
 318              		.cfi_def_cfa_offset 8
 319 0050 BD46     		mov	sp, r7
 320              	.LCFI16:
 321              		.cfi_def_cfa_register 13
 322              		@ sp needed
 323 0052 80BD     		pop	{r7, pc}
 324              	.L17:
 325              		.align	2
 326              	.L16:
 327 0054 00000000 		.word	SystemCoreClock
 328 0058 00000000 		.word	uwTickFreq
 329 005c 00000000 		.word	uwTickPrio
 330              		.cfi_endproc
 331              	.LFE224:
 333              		.section	.text.HAL_IncTick,"ax",%progbits
 334              		.align	1
 335              		.weak	HAL_IncTick
 336              		.syntax unified
 337              		.thumb
 338              		.thumb_func
 340              	HAL_IncTick:
 341              	.LFB225:
 275:Drivers/STM32F4xx_HAL_Driver/Src/stm32f4xx_hal.c **** 
 276:Drivers/STM32F4xx_HAL_Driver/Src/stm32f4xx_hal.c **** /**
 277:Drivers/STM32F4xx_HAL_Driver/Src/stm32f4xx_hal.c ****   * @}
 278:Drivers/STM32F4xx_HAL_Driver/Src/stm32f4xx_hal.c ****   */
 279:Drivers/STM32F4xx_HAL_Driver/Src/stm32f4xx_hal.c **** 
 280:Drivers/STM32F4xx_HAL_Driver/Src/stm32f4xx_hal.c **** /** @defgroup HAL_Exported_Functions_Group2 HAL Control functions 
 281:Drivers/STM32F4xx_HAL_Driver/Src/stm32f4xx_hal.c ****  *  @brief    HAL Control functions
 282:Drivers/STM32F4xx_HAL_Driver/Src/stm32f4xx_hal.c ****  *
 283:Drivers/STM32F4xx_HAL_Driver/Src/stm32f4xx_hal.c **** @verbatim
 284:Drivers/STM32F4xx_HAL_Driver/Src/stm32f4xx_hal.c ****  ===============================================================================
 285:Drivers/STM32F4xx_HAL_Driver/Src/stm32f4xx_hal.c ****                       ##### HAL Control functions #####
 286:Drivers/STM32F4xx_HAL_Driver/Src/stm32f4xx_hal.c ****  ===============================================================================
 287:Drivers/STM32F4xx_HAL_Driver/Src/stm32f4xx_hal.c ****     [..]  This section provides functions allowing to:
 288:Drivers/STM32F4xx_HAL_Driver/Src/stm32f4xx_hal.c ****       (+) Provide a tick value in millisecond
 289:Drivers/STM32F4xx_HAL_Driver/Src/stm32f4xx_hal.c ****       (+) Provide a blocking delay in millisecond
 290:Drivers/STM32F4xx_HAL_Driver/Src/stm32f4xx_hal.c ****       (+) Suspend the time base source interrupt
 291:Drivers/STM32F4xx_HAL_Driver/Src/stm32f4xx_hal.c ****       (+) Resume the time base source interrupt
 292:Drivers/STM32F4xx_HAL_Driver/Src/stm32f4xx_hal.c ****       (+) Get the HAL API driver version
 293:Drivers/STM32F4xx_HAL_Driver/Src/stm32f4xx_hal.c ****       (+) Get the device identifier
 294:Drivers/STM32F4xx_HAL_Driver/Src/stm32f4xx_hal.c ****       (+) Get the device revision identifier
 295:Drivers/STM32F4xx_HAL_Driver/Src/stm32f4xx_hal.c ****       (+) Enable/Disable Debug module during SLEEP mode
 296:Drivers/STM32F4xx_HAL_Driver/Src/stm32f4xx_hal.c ****       (+) Enable/Disable Debug module during STOP mode
 297:Drivers/STM32F4xx_HAL_Driver/Src/stm32f4xx_hal.c ****       (+) Enable/Disable Debug module during STANDBY mode
 298:Drivers/STM32F4xx_HAL_Driver/Src/stm32f4xx_hal.c **** 
 299:Drivers/STM32F4xx_HAL_Driver/Src/stm32f4xx_hal.c **** @endverbatim
 300:Drivers/STM32F4xx_HAL_Driver/Src/stm32f4xx_hal.c ****   * @{
 301:Drivers/STM32F4xx_HAL_Driver/Src/stm32f4xx_hal.c ****   */
 302:Drivers/STM32F4xx_HAL_Driver/Src/stm32f4xx_hal.c **** 
ARM GAS  /tmp/cctTQbgI.s 			page 12


 303:Drivers/STM32F4xx_HAL_Driver/Src/stm32f4xx_hal.c **** /**
 304:Drivers/STM32F4xx_HAL_Driver/Src/stm32f4xx_hal.c ****   * @brief This function is called to increment  a global variable "uwTick"
 305:Drivers/STM32F4xx_HAL_Driver/Src/stm32f4xx_hal.c ****   *        used as application time base.
 306:Drivers/STM32F4xx_HAL_Driver/Src/stm32f4xx_hal.c ****   * @note In the default implementation, this variable is incremented each 1ms
 307:Drivers/STM32F4xx_HAL_Driver/Src/stm32f4xx_hal.c ****   *       in SysTick ISR.
 308:Drivers/STM32F4xx_HAL_Driver/Src/stm32f4xx_hal.c ****  * @note This function is declared as __weak to be overwritten in case of other 
 309:Drivers/STM32F4xx_HAL_Driver/Src/stm32f4xx_hal.c ****   *      implementations in user file.
 310:Drivers/STM32F4xx_HAL_Driver/Src/stm32f4xx_hal.c ****   * @retval None
 311:Drivers/STM32F4xx_HAL_Driver/Src/stm32f4xx_hal.c ****   */
 312:Drivers/STM32F4xx_HAL_Driver/Src/stm32f4xx_hal.c **** __weak void HAL_IncTick(void)
 313:Drivers/STM32F4xx_HAL_Driver/Src/stm32f4xx_hal.c **** {
 342              		.loc 1 313 1
 343              		.cfi_startproc
 344              		@ args = 0, pretend = 0, frame = 0
 345              		@ frame_needed = 1, uses_anonymous_args = 0
 346              		@ link register save eliminated.
 347 0000 80B4     		push	{r7}
 348              	.LCFI17:
 349              		.cfi_def_cfa_offset 4
 350              		.cfi_offset 7, -4
 351 0002 00AF     		add	r7, sp, #0
 352              	.LCFI18:
 353              		.cfi_def_cfa_register 7
 314:Drivers/STM32F4xx_HAL_Driver/Src/stm32f4xx_hal.c ****   uwTick += uwTickFreq;
 354              		.loc 1 314 10
 355 0004 054B     		ldr	r3, .L19
 356 0006 1B78     		ldrb	r3, [r3]	@ zero_extendqisi2
 357 0008 1A46     		mov	r2, r3
 358 000a 054B     		ldr	r3, .L19+4
 359 000c 1B68     		ldr	r3, [r3]
 360 000e 1344     		add	r3, r3, r2
 361 0010 034A     		ldr	r2, .L19+4
 362 0012 1360     		str	r3, [r2]
 315:Drivers/STM32F4xx_HAL_Driver/Src/stm32f4xx_hal.c **** }
 363              		.loc 1 315 1
 364 0014 00BF     		nop
 365 0016 BD46     		mov	sp, r7
 366              	.LCFI19:
 367              		.cfi_def_cfa_register 13
 368              		@ sp needed
 369 0018 80BC     		pop	{r7}
 370              	.LCFI20:
 371              		.cfi_restore 7
 372              		.cfi_def_cfa_offset 0
 373 001a 7047     		bx	lr
 374              	.L20:
 375              		.align	2
 376              	.L19:
 377 001c 00000000 		.word	uwTickFreq
 378 0020 00000000 		.word	uwTick
 379              		.cfi_endproc
 380              	.LFE225:
 382              		.section	.text.HAL_GetTick,"ax",%progbits
 383              		.align	1
 384              		.weak	HAL_GetTick
 385              		.syntax unified
 386              		.thumb
ARM GAS  /tmp/cctTQbgI.s 			page 13


 387              		.thumb_func
 389              	HAL_GetTick:
 390              	.LFB226:
 316:Drivers/STM32F4xx_HAL_Driver/Src/stm32f4xx_hal.c **** 
 317:Drivers/STM32F4xx_HAL_Driver/Src/stm32f4xx_hal.c **** /**
 318:Drivers/STM32F4xx_HAL_Driver/Src/stm32f4xx_hal.c ****   * @brief Provides a tick value in millisecond.
 319:Drivers/STM32F4xx_HAL_Driver/Src/stm32f4xx_hal.c ****   * @note This function is declared as __weak to be overwritten in case of other 
 320:Drivers/STM32F4xx_HAL_Driver/Src/stm32f4xx_hal.c ****   *       implementations in user file.
 321:Drivers/STM32F4xx_HAL_Driver/Src/stm32f4xx_hal.c ****   * @retval tick value
 322:Drivers/STM32F4xx_HAL_Driver/Src/stm32f4xx_hal.c ****   */
 323:Drivers/STM32F4xx_HAL_Driver/Src/stm32f4xx_hal.c **** __weak uint32_t HAL_GetTick(void)
 324:Drivers/STM32F4xx_HAL_Driver/Src/stm32f4xx_hal.c **** {
 391              		.loc 1 324 1
 392              		.cfi_startproc
 393              		@ args = 0, pretend = 0, frame = 0
 394              		@ frame_needed = 1, uses_anonymous_args = 0
 395              		@ link register save eliminated.
 396 0000 80B4     		push	{r7}
 397              	.LCFI21:
 398              		.cfi_def_cfa_offset 4
 399              		.cfi_offset 7, -4
 400 0002 00AF     		add	r7, sp, #0
 401              	.LCFI22:
 402              		.cfi_def_cfa_register 7
 325:Drivers/STM32F4xx_HAL_Driver/Src/stm32f4xx_hal.c ****   return uwTick;
 403              		.loc 1 325 10
 404 0004 024B     		ldr	r3, .L23
 405 0006 1B68     		ldr	r3, [r3]
 326:Drivers/STM32F4xx_HAL_Driver/Src/stm32f4xx_hal.c **** }
 406              		.loc 1 326 1
 407 0008 1846     		mov	r0, r3
 408 000a BD46     		mov	sp, r7
 409              	.LCFI23:
 410              		.cfi_def_cfa_register 13
 411              		@ sp needed
 412 000c 80BC     		pop	{r7}
 413              	.LCFI24:
 414              		.cfi_restore 7
 415              		.cfi_def_cfa_offset 0
 416 000e 7047     		bx	lr
 417              	.L24:
 418              		.align	2
 419              	.L23:
 420 0010 00000000 		.word	uwTick
 421              		.cfi_endproc
 422              	.LFE226:
 424              		.section	.text.HAL_GetTickPrio,"ax",%progbits
 425              		.align	1
 426              		.global	HAL_GetTickPrio
 427              		.syntax unified
 428              		.thumb
 429              		.thumb_func
 431              	HAL_GetTickPrio:
 432              	.LFB227:
 327:Drivers/STM32F4xx_HAL_Driver/Src/stm32f4xx_hal.c **** 
 328:Drivers/STM32F4xx_HAL_Driver/Src/stm32f4xx_hal.c **** /**
 329:Drivers/STM32F4xx_HAL_Driver/Src/stm32f4xx_hal.c ****   * @brief This function returns a tick priority.
ARM GAS  /tmp/cctTQbgI.s 			page 14


 330:Drivers/STM32F4xx_HAL_Driver/Src/stm32f4xx_hal.c ****   * @retval tick priority
 331:Drivers/STM32F4xx_HAL_Driver/Src/stm32f4xx_hal.c ****   */
 332:Drivers/STM32F4xx_HAL_Driver/Src/stm32f4xx_hal.c **** uint32_t HAL_GetTickPrio(void)
 333:Drivers/STM32F4xx_HAL_Driver/Src/stm32f4xx_hal.c **** {
 433              		.loc 1 333 1
 434              		.cfi_startproc
 435              		@ args = 0, pretend = 0, frame = 0
 436              		@ frame_needed = 1, uses_anonymous_args = 0
 437              		@ link register save eliminated.
 438 0000 80B4     		push	{r7}
 439              	.LCFI25:
 440              		.cfi_def_cfa_offset 4
 441              		.cfi_offset 7, -4
 442 0002 00AF     		add	r7, sp, #0
 443              	.LCFI26:
 444              		.cfi_def_cfa_register 7
 334:Drivers/STM32F4xx_HAL_Driver/Src/stm32f4xx_hal.c ****   return uwTickPrio;
 445              		.loc 1 334 10
 446 0004 024B     		ldr	r3, .L27
 447 0006 1B68     		ldr	r3, [r3]
 335:Drivers/STM32F4xx_HAL_Driver/Src/stm32f4xx_hal.c **** }
 448              		.loc 1 335 1
 449 0008 1846     		mov	r0, r3
 450 000a BD46     		mov	sp, r7
 451              	.LCFI27:
 452              		.cfi_def_cfa_register 13
 453              		@ sp needed
 454 000c 80BC     		pop	{r7}
 455              	.LCFI28:
 456              		.cfi_restore 7
 457              		.cfi_def_cfa_offset 0
 458 000e 7047     		bx	lr
 459              	.L28:
 460              		.align	2
 461              	.L27:
 462 0010 00000000 		.word	uwTickPrio
 463              		.cfi_endproc
 464              	.LFE227:
 466              		.section	.text.HAL_SetTickFreq,"ax",%progbits
 467              		.align	1
 468              		.global	HAL_SetTickFreq
 469              		.syntax unified
 470              		.thumb
 471              		.thumb_func
 473              	HAL_SetTickFreq:
 474              	.LFB228:
 336:Drivers/STM32F4xx_HAL_Driver/Src/stm32f4xx_hal.c **** 
 337:Drivers/STM32F4xx_HAL_Driver/Src/stm32f4xx_hal.c **** /**
 338:Drivers/STM32F4xx_HAL_Driver/Src/stm32f4xx_hal.c ****   * @brief Set new tick Freq.
 339:Drivers/STM32F4xx_HAL_Driver/Src/stm32f4xx_hal.c ****   * @retval Status
 340:Drivers/STM32F4xx_HAL_Driver/Src/stm32f4xx_hal.c ****   */
 341:Drivers/STM32F4xx_HAL_Driver/Src/stm32f4xx_hal.c **** HAL_StatusTypeDef HAL_SetTickFreq(HAL_TickFreqTypeDef Freq)
 342:Drivers/STM32F4xx_HAL_Driver/Src/stm32f4xx_hal.c **** {
 475              		.loc 1 342 1
 476              		.cfi_startproc
 477              		@ args = 0, pretend = 0, frame = 16
 478              		@ frame_needed = 1, uses_anonymous_args = 0
ARM GAS  /tmp/cctTQbgI.s 			page 15


 479 0000 80B5     		push	{r7, lr}
 480              	.LCFI29:
 481              		.cfi_def_cfa_offset 8
 482              		.cfi_offset 7, -8
 483              		.cfi_offset 14, -4
 484 0002 84B0     		sub	sp, sp, #16
 485              	.LCFI30:
 486              		.cfi_def_cfa_offset 24
 487 0004 00AF     		add	r7, sp, #0
 488              	.LCFI31:
 489              		.cfi_def_cfa_register 7
 490 0006 0346     		mov	r3, r0
 491 0008 FB71     		strb	r3, [r7, #7]
 343:Drivers/STM32F4xx_HAL_Driver/Src/stm32f4xx_hal.c ****   HAL_StatusTypeDef status  = HAL_OK;
 492              		.loc 1 343 21
 493 000a 0023     		movs	r3, #0
 494 000c FB73     		strb	r3, [r7, #15]
 344:Drivers/STM32F4xx_HAL_Driver/Src/stm32f4xx_hal.c ****   HAL_TickFreqTypeDef prevTickFreq;
 345:Drivers/STM32F4xx_HAL_Driver/Src/stm32f4xx_hal.c **** 
 346:Drivers/STM32F4xx_HAL_Driver/Src/stm32f4xx_hal.c ****   assert_param(IS_TICKFREQ(Freq));
 347:Drivers/STM32F4xx_HAL_Driver/Src/stm32f4xx_hal.c **** 
 348:Drivers/STM32F4xx_HAL_Driver/Src/stm32f4xx_hal.c ****   if (uwTickFreq != Freq)
 495              		.loc 1 348 18
 496 000e 0E4B     		ldr	r3, .L32
 497 0010 1B78     		ldrb	r3, [r3]	@ zero_extendqisi2
 498              		.loc 1 348 6
 499 0012 FA79     		ldrb	r2, [r7, #7]	@ zero_extendqisi2
 500 0014 9A42     		cmp	r2, r3
 501 0016 12D0     		beq	.L30
 349:Drivers/STM32F4xx_HAL_Driver/Src/stm32f4xx_hal.c ****   {
 350:Drivers/STM32F4xx_HAL_Driver/Src/stm32f4xx_hal.c ****     /* Back up uwTickFreq frequency */
 351:Drivers/STM32F4xx_HAL_Driver/Src/stm32f4xx_hal.c ****     prevTickFreq = uwTickFreq;
 502              		.loc 1 351 18
 503 0018 0B4B     		ldr	r3, .L32
 504 001a 1B78     		ldrb	r3, [r3]
 505 001c BB73     		strb	r3, [r7, #14]
 352:Drivers/STM32F4xx_HAL_Driver/Src/stm32f4xx_hal.c **** 
 353:Drivers/STM32F4xx_HAL_Driver/Src/stm32f4xx_hal.c ****     /* Update uwTickFreq global variable used by HAL_InitTick() */
 354:Drivers/STM32F4xx_HAL_Driver/Src/stm32f4xx_hal.c ****     uwTickFreq = Freq;
 506              		.loc 1 354 16
 507 001e 0A4A     		ldr	r2, .L32
 508 0020 FB79     		ldrb	r3, [r7, #7]
 509 0022 1370     		strb	r3, [r2]
 355:Drivers/STM32F4xx_HAL_Driver/Src/stm32f4xx_hal.c **** 
 356:Drivers/STM32F4xx_HAL_Driver/Src/stm32f4xx_hal.c ****     /* Apply the new tick Freq  */
 357:Drivers/STM32F4xx_HAL_Driver/Src/stm32f4xx_hal.c ****     status = HAL_InitTick(uwTickPrio);
 510              		.loc 1 357 14
 511 0024 094B     		ldr	r3, .L32+4
 512 0026 1B68     		ldr	r3, [r3]
 513 0028 1846     		mov	r0, r3
 514 002a FFF7FEFF 		bl	HAL_InitTick
 515 002e 0346     		mov	r3, r0
 516 0030 FB73     		strb	r3, [r7, #15]
 358:Drivers/STM32F4xx_HAL_Driver/Src/stm32f4xx_hal.c **** 
 359:Drivers/STM32F4xx_HAL_Driver/Src/stm32f4xx_hal.c ****     if (status != HAL_OK)
 517              		.loc 1 359 8
 518 0032 FB7B     		ldrb	r3, [r7, #15]	@ zero_extendqisi2
ARM GAS  /tmp/cctTQbgI.s 			page 16


 519 0034 002B     		cmp	r3, #0
 520 0036 02D0     		beq	.L30
 360:Drivers/STM32F4xx_HAL_Driver/Src/stm32f4xx_hal.c ****     {
 361:Drivers/STM32F4xx_HAL_Driver/Src/stm32f4xx_hal.c ****       /* Restore previous tick frequency */
 362:Drivers/STM32F4xx_HAL_Driver/Src/stm32f4xx_hal.c ****       uwTickFreq = prevTickFreq;
 521              		.loc 1 362 18
 522 0038 034A     		ldr	r2, .L32
 523 003a BB7B     		ldrb	r3, [r7, #14]
 524 003c 1370     		strb	r3, [r2]
 525              	.L30:
 363:Drivers/STM32F4xx_HAL_Driver/Src/stm32f4xx_hal.c ****     }
 364:Drivers/STM32F4xx_HAL_Driver/Src/stm32f4xx_hal.c ****   }
 365:Drivers/STM32F4xx_HAL_Driver/Src/stm32f4xx_hal.c **** 
 366:Drivers/STM32F4xx_HAL_Driver/Src/stm32f4xx_hal.c ****   return status;
 526              		.loc 1 366 10
 527 003e FB7B     		ldrb	r3, [r7, #15]	@ zero_extendqisi2
 367:Drivers/STM32F4xx_HAL_Driver/Src/stm32f4xx_hal.c **** }
 528              		.loc 1 367 1
 529 0040 1846     		mov	r0, r3
 530 0042 1037     		adds	r7, r7, #16
 531              	.LCFI32:
 532              		.cfi_def_cfa_offset 8
 533 0044 BD46     		mov	sp, r7
 534              	.LCFI33:
 535              		.cfi_def_cfa_register 13
 536              		@ sp needed
 537 0046 80BD     		pop	{r7, pc}
 538              	.L33:
 539              		.align	2
 540              	.L32:
 541 0048 00000000 		.word	uwTickFreq
 542 004c 00000000 		.word	uwTickPrio
 543              		.cfi_endproc
 544              	.LFE228:
 546              		.section	.text.HAL_GetTickFreq,"ax",%progbits
 547              		.align	1
 548              		.global	HAL_GetTickFreq
 549              		.syntax unified
 550              		.thumb
 551              		.thumb_func
 553              	HAL_GetTickFreq:
 554              	.LFB229:
 368:Drivers/STM32F4xx_HAL_Driver/Src/stm32f4xx_hal.c **** 
 369:Drivers/STM32F4xx_HAL_Driver/Src/stm32f4xx_hal.c **** /**
 370:Drivers/STM32F4xx_HAL_Driver/Src/stm32f4xx_hal.c ****   * @brief Return tick frequency.
 371:Drivers/STM32F4xx_HAL_Driver/Src/stm32f4xx_hal.c ****   * @retval Tick frequency.
 372:Drivers/STM32F4xx_HAL_Driver/Src/stm32f4xx_hal.c ****   *         Value of @ref HAL_TickFreqTypeDef.
 373:Drivers/STM32F4xx_HAL_Driver/Src/stm32f4xx_hal.c ****   */
 374:Drivers/STM32F4xx_HAL_Driver/Src/stm32f4xx_hal.c **** HAL_TickFreqTypeDef HAL_GetTickFreq(void)
 375:Drivers/STM32F4xx_HAL_Driver/Src/stm32f4xx_hal.c **** {
 555              		.loc 1 375 1
 556              		.cfi_startproc
 557              		@ args = 0, pretend = 0, frame = 0
 558              		@ frame_needed = 1, uses_anonymous_args = 0
 559              		@ link register save eliminated.
 560 0000 80B4     		push	{r7}
 561              	.LCFI34:
ARM GAS  /tmp/cctTQbgI.s 			page 17


 562              		.cfi_def_cfa_offset 4
 563              		.cfi_offset 7, -4
 564 0002 00AF     		add	r7, sp, #0
 565              	.LCFI35:
 566              		.cfi_def_cfa_register 7
 376:Drivers/STM32F4xx_HAL_Driver/Src/stm32f4xx_hal.c ****   return uwTickFreq;
 567              		.loc 1 376 10
 568 0004 024B     		ldr	r3, .L36
 569 0006 1B78     		ldrb	r3, [r3]	@ zero_extendqisi2
 377:Drivers/STM32F4xx_HAL_Driver/Src/stm32f4xx_hal.c **** }
 570              		.loc 1 377 1
 571 0008 1846     		mov	r0, r3
 572 000a BD46     		mov	sp, r7
 573              	.LCFI36:
 574              		.cfi_def_cfa_register 13
 575              		@ sp needed
 576 000c 80BC     		pop	{r7}
 577              	.LCFI37:
 578              		.cfi_restore 7
 579              		.cfi_def_cfa_offset 0
 580 000e 7047     		bx	lr
 581              	.L37:
 582              		.align	2
 583              	.L36:
 584 0010 00000000 		.word	uwTickFreq
 585              		.cfi_endproc
 586              	.LFE229:
 588              		.section	.text.HAL_Delay,"ax",%progbits
 589              		.align	1
 590              		.weak	HAL_Delay
 591              		.syntax unified
 592              		.thumb
 593              		.thumb_func
 595              	HAL_Delay:
 596              	.LFB230:
 378:Drivers/STM32F4xx_HAL_Driver/Src/stm32f4xx_hal.c **** 
 379:Drivers/STM32F4xx_HAL_Driver/Src/stm32f4xx_hal.c **** /**
 380:Drivers/STM32F4xx_HAL_Driver/Src/stm32f4xx_hal.c ****   * @brief This function provides minimum delay (in milliseconds) based 
 381:Drivers/STM32F4xx_HAL_Driver/Src/stm32f4xx_hal.c ****   *        on variable incremented.
 382:Drivers/STM32F4xx_HAL_Driver/Src/stm32f4xx_hal.c ****   * @note In the default implementation , SysTick timer is the source of time base.
 383:Drivers/STM32F4xx_HAL_Driver/Src/stm32f4xx_hal.c ****   *       It is used to generate interrupts at regular time intervals where uwTick
 384:Drivers/STM32F4xx_HAL_Driver/Src/stm32f4xx_hal.c ****   *       is incremented.
 385:Drivers/STM32F4xx_HAL_Driver/Src/stm32f4xx_hal.c ****   * @note This function is declared as __weak to be overwritten in case of other
 386:Drivers/STM32F4xx_HAL_Driver/Src/stm32f4xx_hal.c ****   *       implementations in user file.
 387:Drivers/STM32F4xx_HAL_Driver/Src/stm32f4xx_hal.c ****   * @param Delay specifies the delay time length, in milliseconds.
 388:Drivers/STM32F4xx_HAL_Driver/Src/stm32f4xx_hal.c ****   * @retval None
 389:Drivers/STM32F4xx_HAL_Driver/Src/stm32f4xx_hal.c ****   */
 390:Drivers/STM32F4xx_HAL_Driver/Src/stm32f4xx_hal.c **** __weak void HAL_Delay(uint32_t Delay)
 391:Drivers/STM32F4xx_HAL_Driver/Src/stm32f4xx_hal.c **** {
 597              		.loc 1 391 1
 598              		.cfi_startproc
 599              		@ args = 0, pretend = 0, frame = 16
 600              		@ frame_needed = 1, uses_anonymous_args = 0
 601 0000 80B5     		push	{r7, lr}
 602              	.LCFI38:
 603              		.cfi_def_cfa_offset 8
 604              		.cfi_offset 7, -8
ARM GAS  /tmp/cctTQbgI.s 			page 18


 605              		.cfi_offset 14, -4
 606 0002 84B0     		sub	sp, sp, #16
 607              	.LCFI39:
 608              		.cfi_def_cfa_offset 24
 609 0004 00AF     		add	r7, sp, #0
 610              	.LCFI40:
 611              		.cfi_def_cfa_register 7
 612 0006 7860     		str	r0, [r7, #4]
 392:Drivers/STM32F4xx_HAL_Driver/Src/stm32f4xx_hal.c ****   uint32_t tickstart = HAL_GetTick();
 613              		.loc 1 392 24
 614 0008 FFF7FEFF 		bl	HAL_GetTick
 615 000c B860     		str	r0, [r7, #8]
 393:Drivers/STM32F4xx_HAL_Driver/Src/stm32f4xx_hal.c ****   uint32_t wait = Delay;
 616              		.loc 1 393 12
 617 000e 7B68     		ldr	r3, [r7, #4]
 618 0010 FB60     		str	r3, [r7, #12]
 394:Drivers/STM32F4xx_HAL_Driver/Src/stm32f4xx_hal.c **** 
 395:Drivers/STM32F4xx_HAL_Driver/Src/stm32f4xx_hal.c ****   /* Add a freq to guarantee minimum wait */
 396:Drivers/STM32F4xx_HAL_Driver/Src/stm32f4xx_hal.c ****   if (wait < HAL_MAX_DELAY)
 619              		.loc 1 396 6
 620 0012 FB68     		ldr	r3, [r7, #12]
 621 0014 B3F1FF3F 		cmp	r3, #-1
 622 0018 05D0     		beq	.L41
 397:Drivers/STM32F4xx_HAL_Driver/Src/stm32f4xx_hal.c ****   {
 398:Drivers/STM32F4xx_HAL_Driver/Src/stm32f4xx_hal.c ****     wait += (uint32_t)(uwTickFreq);
 623              		.loc 1 398 13
 624 001a 0A4B     		ldr	r3, .L42
 625 001c 1B78     		ldrb	r3, [r3]	@ zero_extendqisi2
 626 001e 1A46     		mov	r2, r3
 627              		.loc 1 398 10
 628 0020 FB68     		ldr	r3, [r7, #12]
 629 0022 1344     		add	r3, r3, r2
 630 0024 FB60     		str	r3, [r7, #12]
 631              	.L41:
 399:Drivers/STM32F4xx_HAL_Driver/Src/stm32f4xx_hal.c ****   }
 400:Drivers/STM32F4xx_HAL_Driver/Src/stm32f4xx_hal.c **** 
 401:Drivers/STM32F4xx_HAL_Driver/Src/stm32f4xx_hal.c ****   while((HAL_GetTick() - tickstart) < wait)
 632              		.loc 1 401 8
 633 0026 00BF     		nop
 634              	.L40:
 635              		.loc 1 401 10 discriminator 2
 636 0028 FFF7FEFF 		bl	HAL_GetTick
 637 002c 0246     		mov	r2, r0
 638              		.loc 1 401 24 discriminator 2
 639 002e BB68     		ldr	r3, [r7, #8]
 640 0030 D31A     		subs	r3, r2, r3
 641              		.loc 1 401 37 discriminator 2
 642 0032 FA68     		ldr	r2, [r7, #12]
 643 0034 9A42     		cmp	r2, r3
 644 0036 F7D8     		bhi	.L40
 402:Drivers/STM32F4xx_HAL_Driver/Src/stm32f4xx_hal.c ****   {
 403:Drivers/STM32F4xx_HAL_Driver/Src/stm32f4xx_hal.c ****   }
 404:Drivers/STM32F4xx_HAL_Driver/Src/stm32f4xx_hal.c **** }
 645              		.loc 1 404 1
 646 0038 00BF     		nop
 647 003a 00BF     		nop
 648 003c 1037     		adds	r7, r7, #16
ARM GAS  /tmp/cctTQbgI.s 			page 19


 649              	.LCFI41:
 650              		.cfi_def_cfa_offset 8
 651 003e BD46     		mov	sp, r7
 652              	.LCFI42:
 653              		.cfi_def_cfa_register 13
 654              		@ sp needed
 655 0040 80BD     		pop	{r7, pc}
 656              	.L43:
 657 0042 00BF     		.align	2
 658              	.L42:
 659 0044 00000000 		.word	uwTickFreq
 660              		.cfi_endproc
 661              	.LFE230:
 663              		.section	.text.HAL_SuspendTick,"ax",%progbits
 664              		.align	1
 665              		.weak	HAL_SuspendTick
 666              		.syntax unified
 667              		.thumb
 668              		.thumb_func
 670              	HAL_SuspendTick:
 671              	.LFB231:
 405:Drivers/STM32F4xx_HAL_Driver/Src/stm32f4xx_hal.c **** 
 406:Drivers/STM32F4xx_HAL_Driver/Src/stm32f4xx_hal.c **** /**
 407:Drivers/STM32F4xx_HAL_Driver/Src/stm32f4xx_hal.c ****   * @brief Suspend Tick increment.
 408:Drivers/STM32F4xx_HAL_Driver/Src/stm32f4xx_hal.c ****   * @note In the default implementation , SysTick timer is the source of time base. It is
 409:Drivers/STM32F4xx_HAL_Driver/Src/stm32f4xx_hal.c ****   *       used to generate interrupts at regular time intervals. Once HAL_SuspendTick()
 410:Drivers/STM32F4xx_HAL_Driver/Src/stm32f4xx_hal.c ****   *       is called, the SysTick interrupt will be disabled and so Tick increment 
 411:Drivers/STM32F4xx_HAL_Driver/Src/stm32f4xx_hal.c ****   *       is suspended.
 412:Drivers/STM32F4xx_HAL_Driver/Src/stm32f4xx_hal.c ****   * @note This function is declared as __weak to be overwritten in case of other
 413:Drivers/STM32F4xx_HAL_Driver/Src/stm32f4xx_hal.c ****   *       implementations in user file.
 414:Drivers/STM32F4xx_HAL_Driver/Src/stm32f4xx_hal.c ****   * @retval None
 415:Drivers/STM32F4xx_HAL_Driver/Src/stm32f4xx_hal.c ****   */
 416:Drivers/STM32F4xx_HAL_Driver/Src/stm32f4xx_hal.c **** __weak void HAL_SuspendTick(void)
 417:Drivers/STM32F4xx_HAL_Driver/Src/stm32f4xx_hal.c **** {
 672              		.loc 1 417 1
 673              		.cfi_startproc
 674              		@ args = 0, pretend = 0, frame = 0
 675              		@ frame_needed = 1, uses_anonymous_args = 0
 676              		@ link register save eliminated.
 677 0000 80B4     		push	{r7}
 678              	.LCFI43:
 679              		.cfi_def_cfa_offset 4
 680              		.cfi_offset 7, -4
 681 0002 00AF     		add	r7, sp, #0
 682              	.LCFI44:
 683              		.cfi_def_cfa_register 7
 418:Drivers/STM32F4xx_HAL_Driver/Src/stm32f4xx_hal.c ****   /* Disable SysTick Interrupt */
 419:Drivers/STM32F4xx_HAL_Driver/Src/stm32f4xx_hal.c ****   SysTick->CTRL &= ~SysTick_CTRL_TICKINT_Msk;
 684              		.loc 1 419 10
 685 0004 044B     		ldr	r3, .L45
 686 0006 1B68     		ldr	r3, [r3]
 687 0008 034A     		ldr	r2, .L45
 688              		.loc 1 419 17
 689 000a 23F00203 		bic	r3, r3, #2
 690 000e 1360     		str	r3, [r2]
 420:Drivers/STM32F4xx_HAL_Driver/Src/stm32f4xx_hal.c **** }
 691              		.loc 1 420 1
ARM GAS  /tmp/cctTQbgI.s 			page 20


 692 0010 00BF     		nop
 693 0012 BD46     		mov	sp, r7
 694              	.LCFI45:
 695              		.cfi_def_cfa_register 13
 696              		@ sp needed
 697 0014 80BC     		pop	{r7}
 698              	.LCFI46:
 699              		.cfi_restore 7
 700              		.cfi_def_cfa_offset 0
 701 0016 7047     		bx	lr
 702              	.L46:
 703              		.align	2
 704              	.L45:
 705 0018 10E000E0 		.word	-536813552
 706              		.cfi_endproc
 707              	.LFE231:
 709              		.section	.text.HAL_ResumeTick,"ax",%progbits
 710              		.align	1
 711              		.weak	HAL_ResumeTick
 712              		.syntax unified
 713              		.thumb
 714              		.thumb_func
 716              	HAL_ResumeTick:
 717              	.LFB232:
 421:Drivers/STM32F4xx_HAL_Driver/Src/stm32f4xx_hal.c **** 
 422:Drivers/STM32F4xx_HAL_Driver/Src/stm32f4xx_hal.c **** /**
 423:Drivers/STM32F4xx_HAL_Driver/Src/stm32f4xx_hal.c ****   * @brief Resume Tick increment.
 424:Drivers/STM32F4xx_HAL_Driver/Src/stm32f4xx_hal.c ****   * @note In the default implementation , SysTick timer is the source of time base. It is
 425:Drivers/STM32F4xx_HAL_Driver/Src/stm32f4xx_hal.c ****   *       used to generate interrupts at regular time intervals. Once HAL_ResumeTick()
 426:Drivers/STM32F4xx_HAL_Driver/Src/stm32f4xx_hal.c ****   *       is called, the SysTick interrupt will be enabled and so Tick increment 
 427:Drivers/STM32F4xx_HAL_Driver/Src/stm32f4xx_hal.c ****   *       is resumed.
 428:Drivers/STM32F4xx_HAL_Driver/Src/stm32f4xx_hal.c ****   * @note This function is declared as __weak to be overwritten in case of other
 429:Drivers/STM32F4xx_HAL_Driver/Src/stm32f4xx_hal.c ****   *       implementations in user file.
 430:Drivers/STM32F4xx_HAL_Driver/Src/stm32f4xx_hal.c ****   * @retval None
 431:Drivers/STM32F4xx_HAL_Driver/Src/stm32f4xx_hal.c ****   */
 432:Drivers/STM32F4xx_HAL_Driver/Src/stm32f4xx_hal.c **** __weak void HAL_ResumeTick(void)
 433:Drivers/STM32F4xx_HAL_Driver/Src/stm32f4xx_hal.c **** {
 718              		.loc 1 433 1
 719              		.cfi_startproc
 720              		@ args = 0, pretend = 0, frame = 0
 721              		@ frame_needed = 1, uses_anonymous_args = 0
 722              		@ link register save eliminated.
 723 0000 80B4     		push	{r7}
 724              	.LCFI47:
 725              		.cfi_def_cfa_offset 4
 726              		.cfi_offset 7, -4
 727 0002 00AF     		add	r7, sp, #0
 728              	.LCFI48:
 729              		.cfi_def_cfa_register 7
 434:Drivers/STM32F4xx_HAL_Driver/Src/stm32f4xx_hal.c ****   /* Enable SysTick Interrupt */
 435:Drivers/STM32F4xx_HAL_Driver/Src/stm32f4xx_hal.c ****   SysTick->CTRL  |= SysTick_CTRL_TICKINT_Msk;
 730              		.loc 1 435 10
 731 0004 044B     		ldr	r3, .L48
 732 0006 1B68     		ldr	r3, [r3]
 733 0008 034A     		ldr	r2, .L48
 734              		.loc 1 435 18
 735 000a 43F00203 		orr	r3, r3, #2
ARM GAS  /tmp/cctTQbgI.s 			page 21


 736 000e 1360     		str	r3, [r2]
 436:Drivers/STM32F4xx_HAL_Driver/Src/stm32f4xx_hal.c **** }
 737              		.loc 1 436 1
 738 0010 00BF     		nop
 739 0012 BD46     		mov	sp, r7
 740              	.LCFI49:
 741              		.cfi_def_cfa_register 13
 742              		@ sp needed
 743 0014 80BC     		pop	{r7}
 744              	.LCFI50:
 745              		.cfi_restore 7
 746              		.cfi_def_cfa_offset 0
 747 0016 7047     		bx	lr
 748              	.L49:
 749              		.align	2
 750              	.L48:
 751 0018 10E000E0 		.word	-536813552
 752              		.cfi_endproc
 753              	.LFE232:
 755              		.section	.text.HAL_GetHalVersion,"ax",%progbits
 756              		.align	1
 757              		.global	HAL_GetHalVersion
 758              		.syntax unified
 759              		.thumb
 760              		.thumb_func
 762              	HAL_GetHalVersion:
 763              	.LFB233:
 437:Drivers/STM32F4xx_HAL_Driver/Src/stm32f4xx_hal.c **** 
 438:Drivers/STM32F4xx_HAL_Driver/Src/stm32f4xx_hal.c **** /**
 439:Drivers/STM32F4xx_HAL_Driver/Src/stm32f4xx_hal.c ****   * @brief  Returns the HAL revision
 440:Drivers/STM32F4xx_HAL_Driver/Src/stm32f4xx_hal.c ****   * @retval version : 0xXYZR (8bits for each decimal, R for RC)
 441:Drivers/STM32F4xx_HAL_Driver/Src/stm32f4xx_hal.c ****   */
 442:Drivers/STM32F4xx_HAL_Driver/Src/stm32f4xx_hal.c **** uint32_t HAL_GetHalVersion(void)
 443:Drivers/STM32F4xx_HAL_Driver/Src/stm32f4xx_hal.c **** {
 764              		.loc 1 443 1
 765              		.cfi_startproc
 766              		@ args = 0, pretend = 0, frame = 0
 767              		@ frame_needed = 1, uses_anonymous_args = 0
 768              		@ link register save eliminated.
 769 0000 80B4     		push	{r7}
 770              	.LCFI51:
 771              		.cfi_def_cfa_offset 4
 772              		.cfi_offset 7, -4
 773 0002 00AF     		add	r7, sp, #0
 774              	.LCFI52:
 775              		.cfi_def_cfa_register 7
 444:Drivers/STM32F4xx_HAL_Driver/Src/stm32f4xx_hal.c ****   return __STM32F4xx_HAL_VERSION;
 776              		.loc 1 444 10
 777 0004 024B     		ldr	r3, .L52
 445:Drivers/STM32F4xx_HAL_Driver/Src/stm32f4xx_hal.c **** }
 778              		.loc 1 445 1
 779 0006 1846     		mov	r0, r3
 780 0008 BD46     		mov	sp, r7
 781              	.LCFI53:
 782              		.cfi_def_cfa_register 13
 783              		@ sp needed
 784 000a 80BC     		pop	{r7}
ARM GAS  /tmp/cctTQbgI.s 			page 22


 785              	.LCFI54:
 786              		.cfi_restore 7
 787              		.cfi_def_cfa_offset 0
 788 000c 7047     		bx	lr
 789              	.L53:
 790 000e 00BF     		.align	2
 791              	.L52:
 792 0010 00030801 		.word	17302272
 793              		.cfi_endproc
 794              	.LFE233:
 796              		.section	.text.HAL_GetREVID,"ax",%progbits
 797              		.align	1
 798              		.global	HAL_GetREVID
 799              		.syntax unified
 800              		.thumb
 801              		.thumb_func
 803              	HAL_GetREVID:
 804              	.LFB234:
 446:Drivers/STM32F4xx_HAL_Driver/Src/stm32f4xx_hal.c **** 
 447:Drivers/STM32F4xx_HAL_Driver/Src/stm32f4xx_hal.c **** /**
 448:Drivers/STM32F4xx_HAL_Driver/Src/stm32f4xx_hal.c ****   * @brief  Returns the device revision identifier.
 449:Drivers/STM32F4xx_HAL_Driver/Src/stm32f4xx_hal.c ****   * @retval Device revision identifier
 450:Drivers/STM32F4xx_HAL_Driver/Src/stm32f4xx_hal.c ****   */
 451:Drivers/STM32F4xx_HAL_Driver/Src/stm32f4xx_hal.c **** uint32_t HAL_GetREVID(void)
 452:Drivers/STM32F4xx_HAL_Driver/Src/stm32f4xx_hal.c **** {
 805              		.loc 1 452 1
 806              		.cfi_startproc
 807              		@ args = 0, pretend = 0, frame = 0
 808              		@ frame_needed = 1, uses_anonymous_args = 0
 809              		@ link register save eliminated.
 810 0000 80B4     		push	{r7}
 811              	.LCFI55:
 812              		.cfi_def_cfa_offset 4
 813              		.cfi_offset 7, -4
 814 0002 00AF     		add	r7, sp, #0
 815              	.LCFI56:
 816              		.cfi_def_cfa_register 7
 453:Drivers/STM32F4xx_HAL_Driver/Src/stm32f4xx_hal.c ****   return((DBGMCU->IDCODE) >> 16U);
 817              		.loc 1 453 17
 818 0004 034B     		ldr	r3, .L56
 819 0006 1B68     		ldr	r3, [r3]
 820              		.loc 1 453 27
 821 0008 1B0C     		lsrs	r3, r3, #16
 454:Drivers/STM32F4xx_HAL_Driver/Src/stm32f4xx_hal.c **** }
 822              		.loc 1 454 1
 823 000a 1846     		mov	r0, r3
 824 000c BD46     		mov	sp, r7
 825              	.LCFI57:
 826              		.cfi_def_cfa_register 13
 827              		@ sp needed
 828 000e 80BC     		pop	{r7}
 829              	.LCFI58:
 830              		.cfi_restore 7
 831              		.cfi_def_cfa_offset 0
 832 0010 7047     		bx	lr
 833              	.L57:
 834 0012 00BF     		.align	2
ARM GAS  /tmp/cctTQbgI.s 			page 23


 835              	.L56:
 836 0014 002004E0 		.word	-536600576
 837              		.cfi_endproc
 838              	.LFE234:
 840              		.section	.text.HAL_GetDEVID,"ax",%progbits
 841              		.align	1
 842              		.global	HAL_GetDEVID
 843              		.syntax unified
 844              		.thumb
 845              		.thumb_func
 847              	HAL_GetDEVID:
 848              	.LFB235:
 455:Drivers/STM32F4xx_HAL_Driver/Src/stm32f4xx_hal.c **** 
 456:Drivers/STM32F4xx_HAL_Driver/Src/stm32f4xx_hal.c **** /**
 457:Drivers/STM32F4xx_HAL_Driver/Src/stm32f4xx_hal.c ****   * @brief  Returns the device identifier.
 458:Drivers/STM32F4xx_HAL_Driver/Src/stm32f4xx_hal.c ****   * @retval Device identifier
 459:Drivers/STM32F4xx_HAL_Driver/Src/stm32f4xx_hal.c ****   */
 460:Drivers/STM32F4xx_HAL_Driver/Src/stm32f4xx_hal.c **** uint32_t HAL_GetDEVID(void)
 461:Drivers/STM32F4xx_HAL_Driver/Src/stm32f4xx_hal.c **** {
 849              		.loc 1 461 1
 850              		.cfi_startproc
 851              		@ args = 0, pretend = 0, frame = 0
 852              		@ frame_needed = 1, uses_anonymous_args = 0
 853              		@ link register save eliminated.
 854 0000 80B4     		push	{r7}
 855              	.LCFI59:
 856              		.cfi_def_cfa_offset 4
 857              		.cfi_offset 7, -4
 858 0002 00AF     		add	r7, sp, #0
 859              	.LCFI60:
 860              		.cfi_def_cfa_register 7
 462:Drivers/STM32F4xx_HAL_Driver/Src/stm32f4xx_hal.c ****   return((DBGMCU->IDCODE) & IDCODE_DEVID_MASK);
 861              		.loc 1 462 17
 862 0004 034B     		ldr	r3, .L60
 863 0006 1B68     		ldr	r3, [r3]
 864              		.loc 1 462 27
 865 0008 C3F30B03 		ubfx	r3, r3, #0, #12
 463:Drivers/STM32F4xx_HAL_Driver/Src/stm32f4xx_hal.c **** }
 866              		.loc 1 463 1
 867 000c 1846     		mov	r0, r3
 868 000e BD46     		mov	sp, r7
 869              	.LCFI61:
 870              		.cfi_def_cfa_register 13
 871              		@ sp needed
 872 0010 80BC     		pop	{r7}
 873              	.LCFI62:
 874              		.cfi_restore 7
 875              		.cfi_def_cfa_offset 0
 876 0012 7047     		bx	lr
 877              	.L61:
 878              		.align	2
 879              	.L60:
 880 0014 002004E0 		.word	-536600576
 881              		.cfi_endproc
 882              	.LFE235:
 884              		.section	.text.HAL_DBGMCU_EnableDBGSleepMode,"ax",%progbits
 885              		.align	1
ARM GAS  /tmp/cctTQbgI.s 			page 24


 886              		.global	HAL_DBGMCU_EnableDBGSleepMode
 887              		.syntax unified
 888              		.thumb
 889              		.thumb_func
 891              	HAL_DBGMCU_EnableDBGSleepMode:
 892              	.LFB236:
 464:Drivers/STM32F4xx_HAL_Driver/Src/stm32f4xx_hal.c **** 
 465:Drivers/STM32F4xx_HAL_Driver/Src/stm32f4xx_hal.c **** /**
 466:Drivers/STM32F4xx_HAL_Driver/Src/stm32f4xx_hal.c ****   * @brief  Enable the Debug Module during SLEEP mode
 467:Drivers/STM32F4xx_HAL_Driver/Src/stm32f4xx_hal.c ****   * @retval None
 468:Drivers/STM32F4xx_HAL_Driver/Src/stm32f4xx_hal.c ****   */
 469:Drivers/STM32F4xx_HAL_Driver/Src/stm32f4xx_hal.c **** void HAL_DBGMCU_EnableDBGSleepMode(void)
 470:Drivers/STM32F4xx_HAL_Driver/Src/stm32f4xx_hal.c **** {
 893              		.loc 1 470 1
 894              		.cfi_startproc
 895              		@ args = 0, pretend = 0, frame = 0
 896              		@ frame_needed = 1, uses_anonymous_args = 0
 897              		@ link register save eliminated.
 898 0000 80B4     		push	{r7}
 899              	.LCFI63:
 900              		.cfi_def_cfa_offset 4
 901              		.cfi_offset 7, -4
 902 0002 00AF     		add	r7, sp, #0
 903              	.LCFI64:
 904              		.cfi_def_cfa_register 7
 471:Drivers/STM32F4xx_HAL_Driver/Src/stm32f4xx_hal.c ****   SET_BIT(DBGMCU->CR, DBGMCU_CR_DBG_SLEEP);
 905              		.loc 1 471 3
 906 0004 044B     		ldr	r3, .L63
 907 0006 5B68     		ldr	r3, [r3, #4]
 908 0008 034A     		ldr	r2, .L63
 909 000a 43F00103 		orr	r3, r3, #1
 910 000e 5360     		str	r3, [r2, #4]
 472:Drivers/STM32F4xx_HAL_Driver/Src/stm32f4xx_hal.c **** }
 911              		.loc 1 472 1
 912 0010 00BF     		nop
 913 0012 BD46     		mov	sp, r7
 914              	.LCFI65:
 915              		.cfi_def_cfa_register 13
 916              		@ sp needed
 917 0014 80BC     		pop	{r7}
 918              	.LCFI66:
 919              		.cfi_restore 7
 920              		.cfi_def_cfa_offset 0
 921 0016 7047     		bx	lr
 922              	.L64:
 923              		.align	2
 924              	.L63:
 925 0018 002004E0 		.word	-536600576
 926              		.cfi_endproc
 927              	.LFE236:
 929              		.section	.text.HAL_DBGMCU_DisableDBGSleepMode,"ax",%progbits
 930              		.align	1
 931              		.global	HAL_DBGMCU_DisableDBGSleepMode
 932              		.syntax unified
 933              		.thumb
 934              		.thumb_func
 936              	HAL_DBGMCU_DisableDBGSleepMode:
ARM GAS  /tmp/cctTQbgI.s 			page 25


 937              	.LFB237:
 473:Drivers/STM32F4xx_HAL_Driver/Src/stm32f4xx_hal.c **** 
 474:Drivers/STM32F4xx_HAL_Driver/Src/stm32f4xx_hal.c **** /**
 475:Drivers/STM32F4xx_HAL_Driver/Src/stm32f4xx_hal.c ****   * @brief  Disable the Debug Module during SLEEP mode
 476:Drivers/STM32F4xx_HAL_Driver/Src/stm32f4xx_hal.c ****   * @retval None
 477:Drivers/STM32F4xx_HAL_Driver/Src/stm32f4xx_hal.c ****   */
 478:Drivers/STM32F4xx_HAL_Driver/Src/stm32f4xx_hal.c **** void HAL_DBGMCU_DisableDBGSleepMode(void)
 479:Drivers/STM32F4xx_HAL_Driver/Src/stm32f4xx_hal.c **** {
 938              		.loc 1 479 1
 939              		.cfi_startproc
 940              		@ args = 0, pretend = 0, frame = 0
 941              		@ frame_needed = 1, uses_anonymous_args = 0
 942              		@ link register save eliminated.
 943 0000 80B4     		push	{r7}
 944              	.LCFI67:
 945              		.cfi_def_cfa_offset 4
 946              		.cfi_offset 7, -4
 947 0002 00AF     		add	r7, sp, #0
 948              	.LCFI68:
 949              		.cfi_def_cfa_register 7
 480:Drivers/STM32F4xx_HAL_Driver/Src/stm32f4xx_hal.c ****   CLEAR_BIT(DBGMCU->CR, DBGMCU_CR_DBG_SLEEP);
 950              		.loc 1 480 3
 951 0004 044B     		ldr	r3, .L66
 952 0006 5B68     		ldr	r3, [r3, #4]
 953 0008 034A     		ldr	r2, .L66
 954 000a 23F00103 		bic	r3, r3, #1
 955 000e 5360     		str	r3, [r2, #4]
 481:Drivers/STM32F4xx_HAL_Driver/Src/stm32f4xx_hal.c **** }
 956              		.loc 1 481 1
 957 0010 00BF     		nop
 958 0012 BD46     		mov	sp, r7
 959              	.LCFI69:
 960              		.cfi_def_cfa_register 13
 961              		@ sp needed
 962 0014 80BC     		pop	{r7}
 963              	.LCFI70:
 964              		.cfi_restore 7
 965              		.cfi_def_cfa_offset 0
 966 0016 7047     		bx	lr
 967              	.L67:
 968              		.align	2
 969              	.L66:
 970 0018 002004E0 		.word	-536600576
 971              		.cfi_endproc
 972              	.LFE237:
 974              		.section	.text.HAL_DBGMCU_EnableDBGStopMode,"ax",%progbits
 975              		.align	1
 976              		.global	HAL_DBGMCU_EnableDBGStopMode
 977              		.syntax unified
 978              		.thumb
 979              		.thumb_func
 981              	HAL_DBGMCU_EnableDBGStopMode:
 982              	.LFB238:
 482:Drivers/STM32F4xx_HAL_Driver/Src/stm32f4xx_hal.c **** 
 483:Drivers/STM32F4xx_HAL_Driver/Src/stm32f4xx_hal.c **** /**
 484:Drivers/STM32F4xx_HAL_Driver/Src/stm32f4xx_hal.c ****   * @brief  Enable the Debug Module during STOP mode
 485:Drivers/STM32F4xx_HAL_Driver/Src/stm32f4xx_hal.c ****   * @retval None
ARM GAS  /tmp/cctTQbgI.s 			page 26


 486:Drivers/STM32F4xx_HAL_Driver/Src/stm32f4xx_hal.c ****   */
 487:Drivers/STM32F4xx_HAL_Driver/Src/stm32f4xx_hal.c **** void HAL_DBGMCU_EnableDBGStopMode(void)
 488:Drivers/STM32F4xx_HAL_Driver/Src/stm32f4xx_hal.c **** {
 983              		.loc 1 488 1
 984              		.cfi_startproc
 985              		@ args = 0, pretend = 0, frame = 0
 986              		@ frame_needed = 1, uses_anonymous_args = 0
 987              		@ link register save eliminated.
 988 0000 80B4     		push	{r7}
 989              	.LCFI71:
 990              		.cfi_def_cfa_offset 4
 991              		.cfi_offset 7, -4
 992 0002 00AF     		add	r7, sp, #0
 993              	.LCFI72:
 994              		.cfi_def_cfa_register 7
 489:Drivers/STM32F4xx_HAL_Driver/Src/stm32f4xx_hal.c ****   SET_BIT(DBGMCU->CR, DBGMCU_CR_DBG_STOP);
 995              		.loc 1 489 3
 996 0004 044B     		ldr	r3, .L69
 997 0006 5B68     		ldr	r3, [r3, #4]
 998 0008 034A     		ldr	r2, .L69
 999 000a 43F00203 		orr	r3, r3, #2
 1000 000e 5360     		str	r3, [r2, #4]
 490:Drivers/STM32F4xx_HAL_Driver/Src/stm32f4xx_hal.c **** }
 1001              		.loc 1 490 1
 1002 0010 00BF     		nop
 1003 0012 BD46     		mov	sp, r7
 1004              	.LCFI73:
 1005              		.cfi_def_cfa_register 13
 1006              		@ sp needed
 1007 0014 80BC     		pop	{r7}
 1008              	.LCFI74:
 1009              		.cfi_restore 7
 1010              		.cfi_def_cfa_offset 0
 1011 0016 7047     		bx	lr
 1012              	.L70:
 1013              		.align	2
 1014              	.L69:
 1015 0018 002004E0 		.word	-536600576
 1016              		.cfi_endproc
 1017              	.LFE238:
 1019              		.section	.text.HAL_DBGMCU_DisableDBGStopMode,"ax",%progbits
 1020              		.align	1
 1021              		.global	HAL_DBGMCU_DisableDBGStopMode
 1022              		.syntax unified
 1023              		.thumb
 1024              		.thumb_func
 1026              	HAL_DBGMCU_DisableDBGStopMode:
 1027              	.LFB239:
 491:Drivers/STM32F4xx_HAL_Driver/Src/stm32f4xx_hal.c **** 
 492:Drivers/STM32F4xx_HAL_Driver/Src/stm32f4xx_hal.c **** /**
 493:Drivers/STM32F4xx_HAL_Driver/Src/stm32f4xx_hal.c ****   * @brief  Disable the Debug Module during STOP mode
 494:Drivers/STM32F4xx_HAL_Driver/Src/stm32f4xx_hal.c ****   * @retval None
 495:Drivers/STM32F4xx_HAL_Driver/Src/stm32f4xx_hal.c ****   */
 496:Drivers/STM32F4xx_HAL_Driver/Src/stm32f4xx_hal.c **** void HAL_DBGMCU_DisableDBGStopMode(void)
 497:Drivers/STM32F4xx_HAL_Driver/Src/stm32f4xx_hal.c **** {
 1028              		.loc 1 497 1
 1029              		.cfi_startproc
ARM GAS  /tmp/cctTQbgI.s 			page 27


 1030              		@ args = 0, pretend = 0, frame = 0
 1031              		@ frame_needed = 1, uses_anonymous_args = 0
 1032              		@ link register save eliminated.
 1033 0000 80B4     		push	{r7}
 1034              	.LCFI75:
 1035              		.cfi_def_cfa_offset 4
 1036              		.cfi_offset 7, -4
 1037 0002 00AF     		add	r7, sp, #0
 1038              	.LCFI76:
 1039              		.cfi_def_cfa_register 7
 498:Drivers/STM32F4xx_HAL_Driver/Src/stm32f4xx_hal.c ****   CLEAR_BIT(DBGMCU->CR, DBGMCU_CR_DBG_STOP);
 1040              		.loc 1 498 3
 1041 0004 044B     		ldr	r3, .L72
 1042 0006 5B68     		ldr	r3, [r3, #4]
 1043 0008 034A     		ldr	r2, .L72
 1044 000a 23F00203 		bic	r3, r3, #2
 1045 000e 5360     		str	r3, [r2, #4]
 499:Drivers/STM32F4xx_HAL_Driver/Src/stm32f4xx_hal.c **** }
 1046              		.loc 1 499 1
 1047 0010 00BF     		nop
 1048 0012 BD46     		mov	sp, r7
 1049              	.LCFI77:
 1050              		.cfi_def_cfa_register 13
 1051              		@ sp needed
 1052 0014 80BC     		pop	{r7}
 1053              	.LCFI78:
 1054              		.cfi_restore 7
 1055              		.cfi_def_cfa_offset 0
 1056 0016 7047     		bx	lr
 1057              	.L73:
 1058              		.align	2
 1059              	.L72:
 1060 0018 002004E0 		.word	-536600576
 1061              		.cfi_endproc
 1062              	.LFE239:
 1064              		.section	.text.HAL_DBGMCU_EnableDBGStandbyMode,"ax",%progbits
 1065              		.align	1
 1066              		.global	HAL_DBGMCU_EnableDBGStandbyMode
 1067              		.syntax unified
 1068              		.thumb
 1069              		.thumb_func
 1071              	HAL_DBGMCU_EnableDBGStandbyMode:
 1072              	.LFB240:
 500:Drivers/STM32F4xx_HAL_Driver/Src/stm32f4xx_hal.c **** 
 501:Drivers/STM32F4xx_HAL_Driver/Src/stm32f4xx_hal.c **** /**
 502:Drivers/STM32F4xx_HAL_Driver/Src/stm32f4xx_hal.c ****   * @brief  Enable the Debug Module during STANDBY mode
 503:Drivers/STM32F4xx_HAL_Driver/Src/stm32f4xx_hal.c ****   * @retval None
 504:Drivers/STM32F4xx_HAL_Driver/Src/stm32f4xx_hal.c ****   */
 505:Drivers/STM32F4xx_HAL_Driver/Src/stm32f4xx_hal.c **** void HAL_DBGMCU_EnableDBGStandbyMode(void)
 506:Drivers/STM32F4xx_HAL_Driver/Src/stm32f4xx_hal.c **** {
 1073              		.loc 1 506 1
 1074              		.cfi_startproc
 1075              		@ args = 0, pretend = 0, frame = 0
 1076              		@ frame_needed = 1, uses_anonymous_args = 0
 1077              		@ link register save eliminated.
 1078 0000 80B4     		push	{r7}
 1079              	.LCFI79:
ARM GAS  /tmp/cctTQbgI.s 			page 28


 1080              		.cfi_def_cfa_offset 4
 1081              		.cfi_offset 7, -4
 1082 0002 00AF     		add	r7, sp, #0
 1083              	.LCFI80:
 1084              		.cfi_def_cfa_register 7
 507:Drivers/STM32F4xx_HAL_Driver/Src/stm32f4xx_hal.c ****   SET_BIT(DBGMCU->CR, DBGMCU_CR_DBG_STANDBY);
 1085              		.loc 1 507 3
 1086 0004 044B     		ldr	r3, .L75
 1087 0006 5B68     		ldr	r3, [r3, #4]
 1088 0008 034A     		ldr	r2, .L75
 1089 000a 43F00403 		orr	r3, r3, #4
 1090 000e 5360     		str	r3, [r2, #4]
 508:Drivers/STM32F4xx_HAL_Driver/Src/stm32f4xx_hal.c **** }
 1091              		.loc 1 508 1
 1092 0010 00BF     		nop
 1093 0012 BD46     		mov	sp, r7
 1094              	.LCFI81:
 1095              		.cfi_def_cfa_register 13
 1096              		@ sp needed
 1097 0014 80BC     		pop	{r7}
 1098              	.LCFI82:
 1099              		.cfi_restore 7
 1100              		.cfi_def_cfa_offset 0
 1101 0016 7047     		bx	lr
 1102              	.L76:
 1103              		.align	2
 1104              	.L75:
 1105 0018 002004E0 		.word	-536600576
 1106              		.cfi_endproc
 1107              	.LFE240:
 1109              		.section	.text.HAL_DBGMCU_DisableDBGStandbyMode,"ax",%progbits
 1110              		.align	1
 1111              		.global	HAL_DBGMCU_DisableDBGStandbyMode
 1112              		.syntax unified
 1113              		.thumb
 1114              		.thumb_func
 1116              	HAL_DBGMCU_DisableDBGStandbyMode:
 1117              	.LFB241:
 509:Drivers/STM32F4xx_HAL_Driver/Src/stm32f4xx_hal.c **** 
 510:Drivers/STM32F4xx_HAL_Driver/Src/stm32f4xx_hal.c **** /**
 511:Drivers/STM32F4xx_HAL_Driver/Src/stm32f4xx_hal.c ****   * @brief  Disable the Debug Module during STANDBY mode
 512:Drivers/STM32F4xx_HAL_Driver/Src/stm32f4xx_hal.c ****   * @retval None
 513:Drivers/STM32F4xx_HAL_Driver/Src/stm32f4xx_hal.c ****   */
 514:Drivers/STM32F4xx_HAL_Driver/Src/stm32f4xx_hal.c **** void HAL_DBGMCU_DisableDBGStandbyMode(void)
 515:Drivers/STM32F4xx_HAL_Driver/Src/stm32f4xx_hal.c **** {
 1118              		.loc 1 515 1
 1119              		.cfi_startproc
 1120              		@ args = 0, pretend = 0, frame = 0
 1121              		@ frame_needed = 1, uses_anonymous_args = 0
 1122              		@ link register save eliminated.
 1123 0000 80B4     		push	{r7}
 1124              	.LCFI83:
 1125              		.cfi_def_cfa_offset 4
 1126              		.cfi_offset 7, -4
 1127 0002 00AF     		add	r7, sp, #0
 1128              	.LCFI84:
 1129              		.cfi_def_cfa_register 7
ARM GAS  /tmp/cctTQbgI.s 			page 29


 516:Drivers/STM32F4xx_HAL_Driver/Src/stm32f4xx_hal.c ****   CLEAR_BIT(DBGMCU->CR, DBGMCU_CR_DBG_STANDBY);
 1130              		.loc 1 516 3
 1131 0004 044B     		ldr	r3, .L78
 1132 0006 5B68     		ldr	r3, [r3, #4]
 1133 0008 034A     		ldr	r2, .L78
 1134 000a 23F00403 		bic	r3, r3, #4
 1135 000e 5360     		str	r3, [r2, #4]
 517:Drivers/STM32F4xx_HAL_Driver/Src/stm32f4xx_hal.c **** }
 1136              		.loc 1 517 1
 1137 0010 00BF     		nop
 1138 0012 BD46     		mov	sp, r7
 1139              	.LCFI85:
 1140              		.cfi_def_cfa_register 13
 1141              		@ sp needed
 1142 0014 80BC     		pop	{r7}
 1143              	.LCFI86:
 1144              		.cfi_restore 7
 1145              		.cfi_def_cfa_offset 0
 1146 0016 7047     		bx	lr
 1147              	.L79:
 1148              		.align	2
 1149              	.L78:
 1150 0018 002004E0 		.word	-536600576
 1151              		.cfi_endproc
 1152              	.LFE241:
 1154              		.section	.text.HAL_EnableCompensationCell,"ax",%progbits
 1155              		.align	1
 1156              		.global	HAL_EnableCompensationCell
 1157              		.syntax unified
 1158              		.thumb
 1159              		.thumb_func
 1161              	HAL_EnableCompensationCell:
 1162              	.LFB242:
 518:Drivers/STM32F4xx_HAL_Driver/Src/stm32f4xx_hal.c **** 
 519:Drivers/STM32F4xx_HAL_Driver/Src/stm32f4xx_hal.c **** /**
 520:Drivers/STM32F4xx_HAL_Driver/Src/stm32f4xx_hal.c ****   * @brief  Enables the I/O Compensation Cell.
 521:Drivers/STM32F4xx_HAL_Driver/Src/stm32f4xx_hal.c ****   * @note   The I/O compensation cell can be used only when the device supply
 522:Drivers/STM32F4xx_HAL_Driver/Src/stm32f4xx_hal.c ****   *         voltage ranges from 2.4 to 3.6 V.  
 523:Drivers/STM32F4xx_HAL_Driver/Src/stm32f4xx_hal.c ****   * @retval None
 524:Drivers/STM32F4xx_HAL_Driver/Src/stm32f4xx_hal.c ****   */
 525:Drivers/STM32F4xx_HAL_Driver/Src/stm32f4xx_hal.c **** void HAL_EnableCompensationCell(void)
 526:Drivers/STM32F4xx_HAL_Driver/Src/stm32f4xx_hal.c **** {
 1163              		.loc 1 526 1
 1164              		.cfi_startproc
 1165              		@ args = 0, pretend = 0, frame = 0
 1166              		@ frame_needed = 1, uses_anonymous_args = 0
 1167              		@ link register save eliminated.
 1168 0000 80B4     		push	{r7}
 1169              	.LCFI87:
 1170              		.cfi_def_cfa_offset 4
 1171              		.cfi_offset 7, -4
 1172 0002 00AF     		add	r7, sp, #0
 1173              	.LCFI88:
 1174              		.cfi_def_cfa_register 7
 527:Drivers/STM32F4xx_HAL_Driver/Src/stm32f4xx_hal.c ****   *(__IO uint32_t *)CMPCR_CMP_PD_BB = (uint32_t)ENABLE;
 1175              		.loc 1 527 3
 1176 0004 034B     		ldr	r3, .L81
ARM GAS  /tmp/cctTQbgI.s 			page 30


 1177              		.loc 1 527 37
 1178 0006 0122     		movs	r2, #1
 1179 0008 1A60     		str	r2, [r3]
 528:Drivers/STM32F4xx_HAL_Driver/Src/stm32f4xx_hal.c **** }
 1180              		.loc 1 528 1
 1181 000a 00BF     		nop
 1182 000c BD46     		mov	sp, r7
 1183              	.LCFI89:
 1184              		.cfi_def_cfa_register 13
 1185              		@ sp needed
 1186 000e 80BC     		pop	{r7}
 1187              	.LCFI90:
 1188              		.cfi_restore 7
 1189              		.cfi_def_cfa_offset 0
 1190 0010 7047     		bx	lr
 1191              	.L82:
 1192 0012 00BF     		.align	2
 1193              	.L81:
 1194 0014 00042742 		.word	1109853184
 1195              		.cfi_endproc
 1196              	.LFE242:
 1198              		.section	.text.HAL_DisableCompensationCell,"ax",%progbits
 1199              		.align	1
 1200              		.global	HAL_DisableCompensationCell
 1201              		.syntax unified
 1202              		.thumb
 1203              		.thumb_func
 1205              	HAL_DisableCompensationCell:
 1206              	.LFB243:
 529:Drivers/STM32F4xx_HAL_Driver/Src/stm32f4xx_hal.c **** 
 530:Drivers/STM32F4xx_HAL_Driver/Src/stm32f4xx_hal.c **** /**
 531:Drivers/STM32F4xx_HAL_Driver/Src/stm32f4xx_hal.c ****   * @brief  Power-down the I/O Compensation Cell.
 532:Drivers/STM32F4xx_HAL_Driver/Src/stm32f4xx_hal.c ****   * @note   The I/O compensation cell can be used only when the device supply
 533:Drivers/STM32F4xx_HAL_Driver/Src/stm32f4xx_hal.c ****   *         voltage ranges from 2.4 to 3.6 V.  
 534:Drivers/STM32F4xx_HAL_Driver/Src/stm32f4xx_hal.c ****   * @retval None
 535:Drivers/STM32F4xx_HAL_Driver/Src/stm32f4xx_hal.c ****   */
 536:Drivers/STM32F4xx_HAL_Driver/Src/stm32f4xx_hal.c **** void HAL_DisableCompensationCell(void)
 537:Drivers/STM32F4xx_HAL_Driver/Src/stm32f4xx_hal.c **** {
 1207              		.loc 1 537 1
 1208              		.cfi_startproc
 1209              		@ args = 0, pretend = 0, frame = 0
 1210              		@ frame_needed = 1, uses_anonymous_args = 0
 1211              		@ link register save eliminated.
 1212 0000 80B4     		push	{r7}
 1213              	.LCFI91:
 1214              		.cfi_def_cfa_offset 4
 1215              		.cfi_offset 7, -4
 1216 0002 00AF     		add	r7, sp, #0
 1217              	.LCFI92:
 1218              		.cfi_def_cfa_register 7
 538:Drivers/STM32F4xx_HAL_Driver/Src/stm32f4xx_hal.c ****   *(__IO uint32_t *)CMPCR_CMP_PD_BB = (uint32_t)DISABLE;
 1219              		.loc 1 538 3
 1220 0004 034B     		ldr	r3, .L84
 1221              		.loc 1 538 37
 1222 0006 0022     		movs	r2, #0
 1223 0008 1A60     		str	r2, [r3]
 539:Drivers/STM32F4xx_HAL_Driver/Src/stm32f4xx_hal.c **** }
ARM GAS  /tmp/cctTQbgI.s 			page 31


 1224              		.loc 1 539 1
 1225 000a 00BF     		nop
 1226 000c BD46     		mov	sp, r7
 1227              	.LCFI93:
 1228              		.cfi_def_cfa_register 13
 1229              		@ sp needed
 1230 000e 80BC     		pop	{r7}
 1231              	.LCFI94:
 1232              		.cfi_restore 7
 1233              		.cfi_def_cfa_offset 0
 1234 0010 7047     		bx	lr
 1235              	.L85:
 1236 0012 00BF     		.align	2
 1237              	.L84:
 1238 0014 00042742 		.word	1109853184
 1239              		.cfi_endproc
 1240              	.LFE243:
 1242              		.section	.text.HAL_GetUIDw0,"ax",%progbits
 1243              		.align	1
 1244              		.global	HAL_GetUIDw0
 1245              		.syntax unified
 1246              		.thumb
 1247              		.thumb_func
 1249              	HAL_GetUIDw0:
 1250              	.LFB244:
 540:Drivers/STM32F4xx_HAL_Driver/Src/stm32f4xx_hal.c **** 
 541:Drivers/STM32F4xx_HAL_Driver/Src/stm32f4xx_hal.c **** /**
 542:Drivers/STM32F4xx_HAL_Driver/Src/stm32f4xx_hal.c ****   * @brief  Returns first word of the unique device identifier (UID based on 96 bits)
 543:Drivers/STM32F4xx_HAL_Driver/Src/stm32f4xx_hal.c ****   * @retval Device identifier
 544:Drivers/STM32F4xx_HAL_Driver/Src/stm32f4xx_hal.c ****   */
 545:Drivers/STM32F4xx_HAL_Driver/Src/stm32f4xx_hal.c **** uint32_t HAL_GetUIDw0(void)
 546:Drivers/STM32F4xx_HAL_Driver/Src/stm32f4xx_hal.c **** {
 1251              		.loc 1 546 1
 1252              		.cfi_startproc
 1253              		@ args = 0, pretend = 0, frame = 0
 1254              		@ frame_needed = 1, uses_anonymous_args = 0
 1255              		@ link register save eliminated.
 1256 0000 80B4     		push	{r7}
 1257              	.LCFI95:
 1258              		.cfi_def_cfa_offset 4
 1259              		.cfi_offset 7, -4
 1260 0002 00AF     		add	r7, sp, #0
 1261              	.LCFI96:
 1262              		.cfi_def_cfa_register 7
 547:Drivers/STM32F4xx_HAL_Driver/Src/stm32f4xx_hal.c ****   return (READ_REG(*((uint32_t *)UID_BASE)));
 1263              		.loc 1 547 11
 1264 0004 024B     		ldr	r3, .L88
 1265 0006 1B68     		ldr	r3, [r3]
 548:Drivers/STM32F4xx_HAL_Driver/Src/stm32f4xx_hal.c **** }
 1266              		.loc 1 548 1
 1267 0008 1846     		mov	r0, r3
 1268 000a BD46     		mov	sp, r7
 1269              	.LCFI97:
 1270              		.cfi_def_cfa_register 13
 1271              		@ sp needed
 1272 000c 80BC     		pop	{r7}
 1273              	.LCFI98:
ARM GAS  /tmp/cctTQbgI.s 			page 32


 1274              		.cfi_restore 7
 1275              		.cfi_def_cfa_offset 0
 1276 000e 7047     		bx	lr
 1277              	.L89:
 1278              		.align	2
 1279              	.L88:
 1280 0010 107AFF1F 		.word	536836624
 1281              		.cfi_endproc
 1282              	.LFE244:
 1284              		.section	.text.HAL_GetUIDw1,"ax",%progbits
 1285              		.align	1
 1286              		.global	HAL_GetUIDw1
 1287              		.syntax unified
 1288              		.thumb
 1289              		.thumb_func
 1291              	HAL_GetUIDw1:
 1292              	.LFB245:
 549:Drivers/STM32F4xx_HAL_Driver/Src/stm32f4xx_hal.c **** 
 550:Drivers/STM32F4xx_HAL_Driver/Src/stm32f4xx_hal.c **** /**
 551:Drivers/STM32F4xx_HAL_Driver/Src/stm32f4xx_hal.c ****   * @brief  Returns second word of the unique device identifier (UID based on 96 bits)
 552:Drivers/STM32F4xx_HAL_Driver/Src/stm32f4xx_hal.c ****   * @retval Device identifier
 553:Drivers/STM32F4xx_HAL_Driver/Src/stm32f4xx_hal.c ****   */
 554:Drivers/STM32F4xx_HAL_Driver/Src/stm32f4xx_hal.c **** uint32_t HAL_GetUIDw1(void)
 555:Drivers/STM32F4xx_HAL_Driver/Src/stm32f4xx_hal.c **** {
 1293              		.loc 1 555 1
 1294              		.cfi_startproc
 1295              		@ args = 0, pretend = 0, frame = 0
 1296              		@ frame_needed = 1, uses_anonymous_args = 0
 1297              		@ link register save eliminated.
 1298 0000 80B4     		push	{r7}
 1299              	.LCFI99:
 1300              		.cfi_def_cfa_offset 4
 1301              		.cfi_offset 7, -4
 1302 0002 00AF     		add	r7, sp, #0
 1303              	.LCFI100:
 1304              		.cfi_def_cfa_register 7
 556:Drivers/STM32F4xx_HAL_Driver/Src/stm32f4xx_hal.c ****   return (READ_REG(*((uint32_t *)(UID_BASE + 4U))));
 1305              		.loc 1 556 11
 1306 0004 024B     		ldr	r3, .L92
 1307 0006 1B68     		ldr	r3, [r3]
 557:Drivers/STM32F4xx_HAL_Driver/Src/stm32f4xx_hal.c **** }
 1308              		.loc 1 557 1
 1309 0008 1846     		mov	r0, r3
 1310 000a BD46     		mov	sp, r7
 1311              	.LCFI101:
 1312              		.cfi_def_cfa_register 13
 1313              		@ sp needed
 1314 000c 80BC     		pop	{r7}
 1315              	.LCFI102:
 1316              		.cfi_restore 7
 1317              		.cfi_def_cfa_offset 0
 1318 000e 7047     		bx	lr
 1319              	.L93:
 1320              		.align	2
 1321              	.L92:
 1322 0010 147AFF1F 		.word	536836628
 1323              		.cfi_endproc
ARM GAS  /tmp/cctTQbgI.s 			page 33


 1324              	.LFE245:
 1326              		.section	.text.HAL_GetUIDw2,"ax",%progbits
 1327              		.align	1
 1328              		.global	HAL_GetUIDw2
 1329              		.syntax unified
 1330              		.thumb
 1331              		.thumb_func
 1333              	HAL_GetUIDw2:
 1334              	.LFB246:
 558:Drivers/STM32F4xx_HAL_Driver/Src/stm32f4xx_hal.c **** 
 559:Drivers/STM32F4xx_HAL_Driver/Src/stm32f4xx_hal.c **** /**
 560:Drivers/STM32F4xx_HAL_Driver/Src/stm32f4xx_hal.c ****   * @brief  Returns third word of the unique device identifier (UID based on 96 bits)
 561:Drivers/STM32F4xx_HAL_Driver/Src/stm32f4xx_hal.c ****   * @retval Device identifier
 562:Drivers/STM32F4xx_HAL_Driver/Src/stm32f4xx_hal.c ****   */
 563:Drivers/STM32F4xx_HAL_Driver/Src/stm32f4xx_hal.c **** uint32_t HAL_GetUIDw2(void)
 564:Drivers/STM32F4xx_HAL_Driver/Src/stm32f4xx_hal.c **** {
 1335              		.loc 1 564 1
 1336              		.cfi_startproc
 1337              		@ args = 0, pretend = 0, frame = 0
 1338              		@ frame_needed = 1, uses_anonymous_args = 0
 1339              		@ link register save eliminated.
 1340 0000 80B4     		push	{r7}
 1341              	.LCFI103:
 1342              		.cfi_def_cfa_offset 4
 1343              		.cfi_offset 7, -4
 1344 0002 00AF     		add	r7, sp, #0
 1345              	.LCFI104:
 1346              		.cfi_def_cfa_register 7
 565:Drivers/STM32F4xx_HAL_Driver/Src/stm32f4xx_hal.c ****   return (READ_REG(*((uint32_t *)(UID_BASE + 8U))));
 1347              		.loc 1 565 11
 1348 0004 024B     		ldr	r3, .L96
 1349 0006 1B68     		ldr	r3, [r3]
 566:Drivers/STM32F4xx_HAL_Driver/Src/stm32f4xx_hal.c **** }
 1350              		.loc 1 566 1
 1351 0008 1846     		mov	r0, r3
 1352 000a BD46     		mov	sp, r7
 1353              	.LCFI105:
 1354              		.cfi_def_cfa_register 13
 1355              		@ sp needed
 1356 000c 80BC     		pop	{r7}
 1357              	.LCFI106:
 1358              		.cfi_restore 7
 1359              		.cfi_def_cfa_offset 0
 1360 000e 7047     		bx	lr
 1361              	.L97:
 1362              		.align	2
 1363              	.L96:
 1364 0010 187AFF1F 		.word	536836632
 1365              		.cfi_endproc
 1366              	.LFE246:
 1368              		.text
 1369              	.Letext0:
 1370              		.file 2 "Drivers/CMSIS/Device/ST/STM32F4xx/Include/stm32f411xe.h"
 1371              		.file 3 "/home/fabio/arm-gnu-toolchain-15.2.rel1-x86_64-arm-none-eabi/arm-none-eabi/include/machin
 1372              		.file 4 "/home/fabio/arm-gnu-toolchain-15.2.rel1-x86_64-arm-none-eabi/arm-none-eabi/include/sys/_s
 1373              		.file 5 "Drivers/CMSIS/Include/core_cm4.h"
 1374              		.file 6 "Drivers/CMSIS/Device/ST/STM32F4xx/Include/stm32f4xx.h"
ARM GAS  /tmp/cctTQbgI.s 			page 34


 1375              		.file 7 "Drivers/STM32F4xx_HAL_Driver/Inc/stm32f4xx_hal_def.h"
 1376              		.file 8 "Drivers/STM32F4xx_HAL_Driver/Inc/stm32f4xx_hal.h"
 1377              		.file 9 "Drivers/CMSIS/Device/ST/STM32F4xx/Include/system_stm32f4xx.h"
 1378              		.file 10 "Drivers/STM32F4xx_HAL_Driver/Inc/stm32f4xx_hal_cortex.h"
ARM GAS  /tmp/cctTQbgI.s 			page 35


DEFINED SYMBOLS
                            *ABS*:00000000 stm32f4xx_hal.c
     /tmp/cctTQbgI.s:25     .bss.uwTick:00000000 uwTick
     /tmp/cctTQbgI.s:22     .bss.uwTick:00000000 $d
     /tmp/cctTQbgI.s:32     .data.uwTickPrio:00000000 uwTickPrio
     /tmp/cctTQbgI.s:29     .data.uwTickPrio:00000000 $d
     /tmp/cctTQbgI.s:38     .data.uwTickFreq:00000000 uwTickFreq
     /tmp/cctTQbgI.s:41     .text.HAL_Init:00000000 $t
     /tmp/cctTQbgI.s:47     .text.HAL_Init:00000000 HAL_Init
     /tmp/cctTQbgI.s:254    .text.HAL_InitTick:00000000 HAL_InitTick
     /tmp/cctTQbgI.s:184    .text.HAL_MspInit:00000000 HAL_MspInit
     /tmp/cctTQbgI.s:95     .text.HAL_Init:00000040 $d
     /tmp/cctTQbgI.s:100    .text.HAL_DeInit:00000000 $t
     /tmp/cctTQbgI.s:106    .text.HAL_DeInit:00000000 HAL_DeInit
     /tmp/cctTQbgI.s:219    .text.HAL_MspDeInit:00000000 HAL_MspDeInit
     /tmp/cctTQbgI.s:170    .text.HAL_DeInit:0000004c $d
     /tmp/cctTQbgI.s:178    .text.HAL_MspInit:00000000 $t
     /tmp/cctTQbgI.s:213    .text.HAL_MspDeInit:00000000 $t
     /tmp/cctTQbgI.s:248    .text.HAL_InitTick:00000000 $t
     /tmp/cctTQbgI.s:327    .text.HAL_InitTick:00000054 $d
     /tmp/cctTQbgI.s:334    .text.HAL_IncTick:00000000 $t
     /tmp/cctTQbgI.s:340    .text.HAL_IncTick:00000000 HAL_IncTick
     /tmp/cctTQbgI.s:377    .text.HAL_IncTick:0000001c $d
     /tmp/cctTQbgI.s:383    .text.HAL_GetTick:00000000 $t
     /tmp/cctTQbgI.s:389    .text.HAL_GetTick:00000000 HAL_GetTick
     /tmp/cctTQbgI.s:420    .text.HAL_GetTick:00000010 $d
     /tmp/cctTQbgI.s:425    .text.HAL_GetTickPrio:00000000 $t
     /tmp/cctTQbgI.s:431    .text.HAL_GetTickPrio:00000000 HAL_GetTickPrio
     /tmp/cctTQbgI.s:462    .text.HAL_GetTickPrio:00000010 $d
     /tmp/cctTQbgI.s:467    .text.HAL_SetTickFreq:00000000 $t
     /tmp/cctTQbgI.s:473    .text.HAL_SetTickFreq:00000000 HAL_SetTickFreq
     /tmp/cctTQbgI.s:541    .text.HAL_SetTickFreq:00000048 $d
     /tmp/cctTQbgI.s:547    .text.HAL_GetTickFreq:00000000 $t
     /tmp/cctTQbgI.s:553    .text.HAL_GetTickFreq:00000000 HAL_GetTickFreq
     /tmp/cctTQbgI.s:584    .text.HAL_GetTickFreq:00000010 $d
     /tmp/cctTQbgI.s:589    .text.HAL_Delay:00000000 $t
     /tmp/cctTQbgI.s:595    .text.HAL_Delay:00000000 HAL_Delay
     /tmp/cctTQbgI.s:659    .text.HAL_Delay:00000044 $d
     /tmp/cctTQbgI.s:664    .text.HAL_SuspendTick:00000000 $t
     /tmp/cctTQbgI.s:670    .text.HAL_SuspendTick:00000000 HAL_SuspendTick
     /tmp/cctTQbgI.s:705    .text.HAL_SuspendTick:00000018 $d
     /tmp/cctTQbgI.s:710    .text.HAL_ResumeTick:00000000 $t
     /tmp/cctTQbgI.s:716    .text.HAL_ResumeTick:00000000 HAL_ResumeTick
     /tmp/cctTQbgI.s:751    .text.HAL_ResumeTick:00000018 $d
     /tmp/cctTQbgI.s:756    .text.HAL_GetHalVersion:00000000 $t
     /tmp/cctTQbgI.s:762    .text.HAL_GetHalVersion:00000000 HAL_GetHalVersion
     /tmp/cctTQbgI.s:792    .text.HAL_GetHalVersion:00000010 $d
     /tmp/cctTQbgI.s:797    .text.HAL_GetREVID:00000000 $t
     /tmp/cctTQbgI.s:803    .text.HAL_GetREVID:00000000 HAL_GetREVID
     /tmp/cctTQbgI.s:836    .text.HAL_GetREVID:00000014 $d
     /tmp/cctTQbgI.s:841    .text.HAL_GetDEVID:00000000 $t
     /tmp/cctTQbgI.s:847    .text.HAL_GetDEVID:00000000 HAL_GetDEVID
     /tmp/cctTQbgI.s:880    .text.HAL_GetDEVID:00000014 $d
     /tmp/cctTQbgI.s:885    .text.HAL_DBGMCU_EnableDBGSleepMode:00000000 $t
     /tmp/cctTQbgI.s:891    .text.HAL_DBGMCU_EnableDBGSleepMode:00000000 HAL_DBGMCU_EnableDBGSleepMode
     /tmp/cctTQbgI.s:925    .text.HAL_DBGMCU_EnableDBGSleepMode:00000018 $d
     /tmp/cctTQbgI.s:930    .text.HAL_DBGMCU_DisableDBGSleepMode:00000000 $t
ARM GAS  /tmp/cctTQbgI.s 			page 36


     /tmp/cctTQbgI.s:936    .text.HAL_DBGMCU_DisableDBGSleepMode:00000000 HAL_DBGMCU_DisableDBGSleepMode
     /tmp/cctTQbgI.s:970    .text.HAL_DBGMCU_DisableDBGSleepMode:00000018 $d
     /tmp/cctTQbgI.s:975    .text.HAL_DBGMCU_EnableDBGStopMode:00000000 $t
     /tmp/cctTQbgI.s:981    .text.HAL_DBGMCU_EnableDBGStopMode:00000000 HAL_DBGMCU_EnableDBGStopMode
     /tmp/cctTQbgI.s:1015   .text.HAL_DBGMCU_EnableDBGStopMode:00000018 $d
     /tmp/cctTQbgI.s:1020   .text.HAL_DBGMCU_DisableDBGStopMode:00000000 $t
     /tmp/cctTQbgI.s:1026   .text.HAL_DBGMCU_DisableDBGStopMode:00000000 HAL_DBGMCU_DisableDBGStopMode
     /tmp/cctTQbgI.s:1060   .text.HAL_DBGMCU_DisableDBGStopMode:00000018 $d
     /tmp/cctTQbgI.s:1065   .text.HAL_DBGMCU_EnableDBGStandbyMode:00000000 $t
     /tmp/cctTQbgI.s:1071   .text.HAL_DBGMCU_EnableDBGStandbyMode:00000000 HAL_DBGMCU_EnableDBGStandbyMode
     /tmp/cctTQbgI.s:1105   .text.HAL_DBGMCU_EnableDBGStandbyMode:00000018 $d
     /tmp/cctTQbgI.s:1110   .text.HAL_DBGMCU_DisableDBGStandbyMode:00000000 $t
     /tmp/cctTQbgI.s:1116   .text.HAL_DBGMCU_DisableDBGStandbyMode:00000000 HAL_DBGMCU_DisableDBGStandbyMode
     /tmp/cctTQbgI.s:1150   .text.HAL_DBGMCU_DisableDBGStandbyMode:00000018 $d
     /tmp/cctTQbgI.s:1155   .text.HAL_EnableCompensationCell:00000000 $t
     /tmp/cctTQbgI.s:1161   .text.HAL_EnableCompensationCell:00000000 HAL_EnableCompensationCell
     /tmp/cctTQbgI.s:1194   .text.HAL_EnableCompensationCell:00000014 $d
     /tmp/cctTQbgI.s:1199   .text.HAL_DisableCompensationCell:00000000 $t
     /tmp/cctTQbgI.s:1205   .text.HAL_DisableCompensationCell:00000000 HAL_DisableCompensationCell
     /tmp/cctTQbgI.s:1238   .text.HAL_DisableCompensationCell:00000014 $d
     /tmp/cctTQbgI.s:1243   .text.HAL_GetUIDw0:00000000 $t
     /tmp/cctTQbgI.s:1249   .text.HAL_GetUIDw0:00000000 HAL_GetUIDw0
     /tmp/cctTQbgI.s:1280   .text.HAL_GetUIDw0:00000010 $d
     /tmp/cctTQbgI.s:1285   .text.HAL_GetUIDw1:00000000 $t
     /tmp/cctTQbgI.s:1291   .text.HAL_GetUIDw1:00000000 HAL_GetUIDw1
     /tmp/cctTQbgI.s:1322   .text.HAL_GetUIDw1:00000010 $d
     /tmp/cctTQbgI.s:1327   .text.HAL_GetUIDw2:00000000 $t
     /tmp/cctTQbgI.s:1333   .text.HAL_GetUIDw2:00000000 HAL_GetUIDw2
     /tmp/cctTQbgI.s:1364   .text.HAL_GetUIDw2:00000010 $d

UNDEFINED SYMBOLS
HAL_NVIC_SetPriorityGrouping
HAL_SYSTICK_Config
HAL_NVIC_SetPriority
SystemCoreClock
