ARM GAS  /tmp/ccnNlaVp.s 			page 1


   1              		.cpu cortex-m4
   2              		.arch armv7e-m
   3              		.fpu fpv4-sp-d16
   4              		.eabi_attribute 27, 1
   5              		.eabi_attribute 28, 1
   6              		.eabi_attribute 20, 1
   7              		.eabi_attribute 21, 1
   8              		.eabi_attribute 23, 3
   9              		.eabi_attribute 24, 1
  10              		.eabi_attribute 25, 1
  11              		.eabi_attribute 26, 1
  12              		.eabi_attribute 30, 6
  13              		.eabi_attribute 34, 1
  14              		.eabi_attribute 18, 4
  15              		.file	"stream_buffer.c"
  16              		.text
  17              	.Ltext0:
  18              		.cfi_sections	.debug_frame
  19              		.file 1 "Middlewares/Third_Party/FreeRTOS/Source/stream_buffer.c"
  20              		.section	.text.xStreamBufferGenericCreate,"ax",%progbits
  21              		.align	1
  22              		.global	xStreamBufferGenericCreate
  23              		.syntax unified
  24              		.thumb
  25              		.thumb_func
  27              	xStreamBufferGenericCreate:
  28              	.LFB4:
   1:Middlewares/Third_Party/FreeRTOS/Source/stream_buffer.c **** /*
   2:Middlewares/Third_Party/FreeRTOS/Source/stream_buffer.c ****  * FreeRTOS Kernel V10.3.1
   3:Middlewares/Third_Party/FreeRTOS/Source/stream_buffer.c ****  * Copyright (C) 2020 Amazon.com, Inc. or its affiliates.  All Rights Reserved.
   4:Middlewares/Third_Party/FreeRTOS/Source/stream_buffer.c ****  *
   5:Middlewares/Third_Party/FreeRTOS/Source/stream_buffer.c ****  * Permission is hereby granted, free of charge, to any person obtaining a copy of
   6:Middlewares/Third_Party/FreeRTOS/Source/stream_buffer.c ****  * this software and associated documentation files (the "Software"), to deal in
   7:Middlewares/Third_Party/FreeRTOS/Source/stream_buffer.c ****  * the Software without restriction, including without limitation the rights to
   8:Middlewares/Third_Party/FreeRTOS/Source/stream_buffer.c ****  * use, copy, modify, merge, publish, distribute, sublicense, and/or sell copies of
   9:Middlewares/Third_Party/FreeRTOS/Source/stream_buffer.c ****  * the Software, and to permit persons to whom the Software is furnished to do so,
  10:Middlewares/Third_Party/FreeRTOS/Source/stream_buffer.c ****  * subject to the following conditions:
  11:Middlewares/Third_Party/FreeRTOS/Source/stream_buffer.c ****  *
  12:Middlewares/Third_Party/FreeRTOS/Source/stream_buffer.c ****  * The above copyright notice and this permission notice shall be included in all
  13:Middlewares/Third_Party/FreeRTOS/Source/stream_buffer.c ****  * copies or substantial portions of the Software.
  14:Middlewares/Third_Party/FreeRTOS/Source/stream_buffer.c ****  *
  15:Middlewares/Third_Party/FreeRTOS/Source/stream_buffer.c ****  * THE SOFTWARE IS PROVIDED "AS IS", WITHOUT WARRANTY OF ANY KIND, EXPRESS OR
  16:Middlewares/Third_Party/FreeRTOS/Source/stream_buffer.c ****  * IMPLIED, INCLUDING BUT NOT LIMITED TO THE WARRANTIES OF MERCHANTABILITY, FITNESS
  17:Middlewares/Third_Party/FreeRTOS/Source/stream_buffer.c ****  * FOR A PARTICULAR PURPOSE AND NONINFRINGEMENT. IN NO EVENT SHALL THE AUTHORS OR
  18:Middlewares/Third_Party/FreeRTOS/Source/stream_buffer.c ****  * COPYRIGHT HOLDERS BE LIABLE FOR ANY CLAIM, DAMAGES OR OTHER LIABILITY, WHETHER
  19:Middlewares/Third_Party/FreeRTOS/Source/stream_buffer.c ****  * IN AN ACTION OF CONTRACT, TORT OR OTHERWISE, ARISING FROM, OUT OF OR IN
  20:Middlewares/Third_Party/FreeRTOS/Source/stream_buffer.c ****  * CONNECTION WITH THE SOFTWARE OR THE USE OR OTHER DEALINGS IN THE SOFTWARE.
  21:Middlewares/Third_Party/FreeRTOS/Source/stream_buffer.c ****  *
  22:Middlewares/Third_Party/FreeRTOS/Source/stream_buffer.c ****  * http://www.FreeRTOS.org
  23:Middlewares/Third_Party/FreeRTOS/Source/stream_buffer.c ****  * http://aws.amazon.com/freertos
  24:Middlewares/Third_Party/FreeRTOS/Source/stream_buffer.c ****  *
  25:Middlewares/Third_Party/FreeRTOS/Source/stream_buffer.c ****  * 1 tab == 4 spaces!
  26:Middlewares/Third_Party/FreeRTOS/Source/stream_buffer.c ****  */
  27:Middlewares/Third_Party/FreeRTOS/Source/stream_buffer.c **** 
  28:Middlewares/Third_Party/FreeRTOS/Source/stream_buffer.c **** /* Standard includes. */
  29:Middlewares/Third_Party/FreeRTOS/Source/stream_buffer.c **** #include <stdint.h>
  30:Middlewares/Third_Party/FreeRTOS/Source/stream_buffer.c **** #include <string.h>
ARM GAS  /tmp/ccnNlaVp.s 			page 2


  31:Middlewares/Third_Party/FreeRTOS/Source/stream_buffer.c **** 
  32:Middlewares/Third_Party/FreeRTOS/Source/stream_buffer.c **** /* Defining MPU_WRAPPERS_INCLUDED_FROM_API_FILE prevents task.h from redefining
  33:Middlewares/Third_Party/FreeRTOS/Source/stream_buffer.c **** all the API functions to use the MPU wrappers.  That should only be done when
  34:Middlewares/Third_Party/FreeRTOS/Source/stream_buffer.c **** task.h is included from an application file. */
  35:Middlewares/Third_Party/FreeRTOS/Source/stream_buffer.c **** #define MPU_WRAPPERS_INCLUDED_FROM_API_FILE
  36:Middlewares/Third_Party/FreeRTOS/Source/stream_buffer.c **** 
  37:Middlewares/Third_Party/FreeRTOS/Source/stream_buffer.c **** /* FreeRTOS includes. */
  38:Middlewares/Third_Party/FreeRTOS/Source/stream_buffer.c **** #include "FreeRTOS.h"
  39:Middlewares/Third_Party/FreeRTOS/Source/stream_buffer.c **** #include "task.h"
  40:Middlewares/Third_Party/FreeRTOS/Source/stream_buffer.c **** #include "stream_buffer.h"
  41:Middlewares/Third_Party/FreeRTOS/Source/stream_buffer.c **** 
  42:Middlewares/Third_Party/FreeRTOS/Source/stream_buffer.c **** #if( configUSE_TASK_NOTIFICATIONS != 1 )
  43:Middlewares/Third_Party/FreeRTOS/Source/stream_buffer.c **** 	#error configUSE_TASK_NOTIFICATIONS must be set to 1 to build stream_buffer.c
  44:Middlewares/Third_Party/FreeRTOS/Source/stream_buffer.c **** #endif
  45:Middlewares/Third_Party/FreeRTOS/Source/stream_buffer.c **** 
  46:Middlewares/Third_Party/FreeRTOS/Source/stream_buffer.c **** /* Lint e961, e9021 and e750 are suppressed as a MISRA exception justified
  47:Middlewares/Third_Party/FreeRTOS/Source/stream_buffer.c **** because the MPU ports require MPU_WRAPPERS_INCLUDED_FROM_API_FILE to be defined
  48:Middlewares/Third_Party/FreeRTOS/Source/stream_buffer.c **** for the header files above, but not in this file, in order to generate the
  49:Middlewares/Third_Party/FreeRTOS/Source/stream_buffer.c **** correct privileged Vs unprivileged linkage and placement. */
  50:Middlewares/Third_Party/FreeRTOS/Source/stream_buffer.c **** #undef MPU_WRAPPERS_INCLUDED_FROM_API_FILE /*lint !e961 !e750 !e9021. */
  51:Middlewares/Third_Party/FreeRTOS/Source/stream_buffer.c **** 
  52:Middlewares/Third_Party/FreeRTOS/Source/stream_buffer.c **** /* If the user has not provided application specific Rx notification macros,
  53:Middlewares/Third_Party/FreeRTOS/Source/stream_buffer.c **** or #defined the notification macros away, them provide default implementations
  54:Middlewares/Third_Party/FreeRTOS/Source/stream_buffer.c **** that uses task notifications. */
  55:Middlewares/Third_Party/FreeRTOS/Source/stream_buffer.c **** /*lint -save -e9026 Function like macros allowed and needed here so they can be overidden. */
  56:Middlewares/Third_Party/FreeRTOS/Source/stream_buffer.c **** #ifndef sbRECEIVE_COMPLETED
  57:Middlewares/Third_Party/FreeRTOS/Source/stream_buffer.c **** 	#define sbRECEIVE_COMPLETED( pxStreamBuffer )										\
  58:Middlewares/Third_Party/FreeRTOS/Source/stream_buffer.c **** 		vTaskSuspendAll();																\
  59:Middlewares/Third_Party/FreeRTOS/Source/stream_buffer.c **** 		{																				\
  60:Middlewares/Third_Party/FreeRTOS/Source/stream_buffer.c **** 			if( ( pxStreamBuffer )->xTaskWaitingToSend != NULL )						\
  61:Middlewares/Third_Party/FreeRTOS/Source/stream_buffer.c **** 			{																			\
  62:Middlewares/Third_Party/FreeRTOS/Source/stream_buffer.c **** 				( void ) xTaskNotify( ( pxStreamBuffer )->xTaskWaitingToSend,			\
  63:Middlewares/Third_Party/FreeRTOS/Source/stream_buffer.c **** 									  ( uint32_t ) 0,									\
  64:Middlewares/Third_Party/FreeRTOS/Source/stream_buffer.c **** 									  eNoAction );										\
  65:Middlewares/Third_Party/FreeRTOS/Source/stream_buffer.c **** 				( pxStreamBuffer )->xTaskWaitingToSend = NULL;							\
  66:Middlewares/Third_Party/FreeRTOS/Source/stream_buffer.c **** 			}																			\
  67:Middlewares/Third_Party/FreeRTOS/Source/stream_buffer.c **** 		}																				\
  68:Middlewares/Third_Party/FreeRTOS/Source/stream_buffer.c **** 		( void ) xTaskResumeAll();
  69:Middlewares/Third_Party/FreeRTOS/Source/stream_buffer.c **** #endif /* sbRECEIVE_COMPLETED */
  70:Middlewares/Third_Party/FreeRTOS/Source/stream_buffer.c **** 
  71:Middlewares/Third_Party/FreeRTOS/Source/stream_buffer.c **** #ifndef sbRECEIVE_COMPLETED_FROM_ISR
  72:Middlewares/Third_Party/FreeRTOS/Source/stream_buffer.c **** 	#define sbRECEIVE_COMPLETED_FROM_ISR( pxStreamBuffer,								\
  73:Middlewares/Third_Party/FreeRTOS/Source/stream_buffer.c **** 										  pxHigherPriorityTaskWoken )					\
  74:Middlewares/Third_Party/FreeRTOS/Source/stream_buffer.c **** 	{																					\
  75:Middlewares/Third_Party/FreeRTOS/Source/stream_buffer.c **** 	UBaseType_t uxSavedInterruptStatus;													\
  76:Middlewares/Third_Party/FreeRTOS/Source/stream_buffer.c **** 																						\
  77:Middlewares/Third_Party/FreeRTOS/Source/stream_buffer.c **** 		uxSavedInterruptStatus = ( UBaseType_t ) portSET_INTERRUPT_MASK_FROM_ISR();		\
  78:Middlewares/Third_Party/FreeRTOS/Source/stream_buffer.c **** 		{																				\
  79:Middlewares/Third_Party/FreeRTOS/Source/stream_buffer.c **** 			if( ( pxStreamBuffer )->xTaskWaitingToSend != NULL )						\
  80:Middlewares/Third_Party/FreeRTOS/Source/stream_buffer.c **** 			{																			\
  81:Middlewares/Third_Party/FreeRTOS/Source/stream_buffer.c **** 				( void ) xTaskNotifyFromISR( ( pxStreamBuffer )->xTaskWaitingToSend,	\
  82:Middlewares/Third_Party/FreeRTOS/Source/stream_buffer.c **** 											 ( uint32_t ) 0,							\
  83:Middlewares/Third_Party/FreeRTOS/Source/stream_buffer.c **** 											 eNoAction,									\
  84:Middlewares/Third_Party/FreeRTOS/Source/stream_buffer.c **** 											 pxHigherPriorityTaskWoken );				\
  85:Middlewares/Third_Party/FreeRTOS/Source/stream_buffer.c **** 				( pxStreamBuffer )->xTaskWaitingToSend = NULL;							\
  86:Middlewares/Third_Party/FreeRTOS/Source/stream_buffer.c **** 			}																			\
  87:Middlewares/Third_Party/FreeRTOS/Source/stream_buffer.c **** 		}																				\
ARM GAS  /tmp/ccnNlaVp.s 			page 3


  88:Middlewares/Third_Party/FreeRTOS/Source/stream_buffer.c **** 		portCLEAR_INTERRUPT_MASK_FROM_ISR( uxSavedInterruptStatus );					\
  89:Middlewares/Third_Party/FreeRTOS/Source/stream_buffer.c **** 	}
  90:Middlewares/Third_Party/FreeRTOS/Source/stream_buffer.c **** #endif /* sbRECEIVE_COMPLETED_FROM_ISR */
  91:Middlewares/Third_Party/FreeRTOS/Source/stream_buffer.c **** 
  92:Middlewares/Third_Party/FreeRTOS/Source/stream_buffer.c **** /* If the user has not provided an application specific Tx notification macro,
  93:Middlewares/Third_Party/FreeRTOS/Source/stream_buffer.c **** or #defined the notification macro away, them provide a default implementation
  94:Middlewares/Third_Party/FreeRTOS/Source/stream_buffer.c **** that uses task notifications. */
  95:Middlewares/Third_Party/FreeRTOS/Source/stream_buffer.c **** #ifndef sbSEND_COMPLETED
  96:Middlewares/Third_Party/FreeRTOS/Source/stream_buffer.c **** 	#define sbSEND_COMPLETED( pxStreamBuffer )											\
  97:Middlewares/Third_Party/FreeRTOS/Source/stream_buffer.c **** 		vTaskSuspendAll();																\
  98:Middlewares/Third_Party/FreeRTOS/Source/stream_buffer.c **** 		{																				\
  99:Middlewares/Third_Party/FreeRTOS/Source/stream_buffer.c **** 			if( ( pxStreamBuffer )->xTaskWaitingToReceive != NULL )						\
 100:Middlewares/Third_Party/FreeRTOS/Source/stream_buffer.c **** 			{																			\
 101:Middlewares/Third_Party/FreeRTOS/Source/stream_buffer.c **** 				( void ) xTaskNotify( ( pxStreamBuffer )->xTaskWaitingToReceive,		\
 102:Middlewares/Third_Party/FreeRTOS/Source/stream_buffer.c **** 									  ( uint32_t ) 0,									\
 103:Middlewares/Third_Party/FreeRTOS/Source/stream_buffer.c **** 									  eNoAction );										\
 104:Middlewares/Third_Party/FreeRTOS/Source/stream_buffer.c **** 				( pxStreamBuffer )->xTaskWaitingToReceive = NULL;						\
 105:Middlewares/Third_Party/FreeRTOS/Source/stream_buffer.c **** 			}																			\
 106:Middlewares/Third_Party/FreeRTOS/Source/stream_buffer.c **** 		}																				\
 107:Middlewares/Third_Party/FreeRTOS/Source/stream_buffer.c **** 		( void ) xTaskResumeAll();
 108:Middlewares/Third_Party/FreeRTOS/Source/stream_buffer.c **** #endif /* sbSEND_COMPLETED */
 109:Middlewares/Third_Party/FreeRTOS/Source/stream_buffer.c **** 
 110:Middlewares/Third_Party/FreeRTOS/Source/stream_buffer.c **** #ifndef sbSEND_COMPLETE_FROM_ISR
 111:Middlewares/Third_Party/FreeRTOS/Source/stream_buffer.c **** 	#define sbSEND_COMPLETE_FROM_ISR( pxStreamBuffer, pxHigherPriorityTaskWoken )		\
 112:Middlewares/Third_Party/FreeRTOS/Source/stream_buffer.c **** 	{																					\
 113:Middlewares/Third_Party/FreeRTOS/Source/stream_buffer.c **** 	UBaseType_t uxSavedInterruptStatus;													\
 114:Middlewares/Third_Party/FreeRTOS/Source/stream_buffer.c **** 																						\
 115:Middlewares/Third_Party/FreeRTOS/Source/stream_buffer.c **** 		uxSavedInterruptStatus = ( UBaseType_t ) portSET_INTERRUPT_MASK_FROM_ISR();		\
 116:Middlewares/Third_Party/FreeRTOS/Source/stream_buffer.c **** 		{																				\
 117:Middlewares/Third_Party/FreeRTOS/Source/stream_buffer.c **** 			if( ( pxStreamBuffer )->xTaskWaitingToReceive != NULL )						\
 118:Middlewares/Third_Party/FreeRTOS/Source/stream_buffer.c **** 			{																			\
 119:Middlewares/Third_Party/FreeRTOS/Source/stream_buffer.c **** 				( void ) xTaskNotifyFromISR( ( pxStreamBuffer )->xTaskWaitingToReceive,	\
 120:Middlewares/Third_Party/FreeRTOS/Source/stream_buffer.c **** 											 ( uint32_t ) 0,							\
 121:Middlewares/Third_Party/FreeRTOS/Source/stream_buffer.c **** 											 eNoAction,									\
 122:Middlewares/Third_Party/FreeRTOS/Source/stream_buffer.c **** 											 pxHigherPriorityTaskWoken );				\
 123:Middlewares/Third_Party/FreeRTOS/Source/stream_buffer.c **** 				( pxStreamBuffer )->xTaskWaitingToReceive = NULL;						\
 124:Middlewares/Third_Party/FreeRTOS/Source/stream_buffer.c **** 			}																			\
 125:Middlewares/Third_Party/FreeRTOS/Source/stream_buffer.c **** 		}																				\
 126:Middlewares/Third_Party/FreeRTOS/Source/stream_buffer.c **** 		portCLEAR_INTERRUPT_MASK_FROM_ISR( uxSavedInterruptStatus );					\
 127:Middlewares/Third_Party/FreeRTOS/Source/stream_buffer.c **** 	}
 128:Middlewares/Third_Party/FreeRTOS/Source/stream_buffer.c **** #endif /* sbSEND_COMPLETE_FROM_ISR */
 129:Middlewares/Third_Party/FreeRTOS/Source/stream_buffer.c **** /*lint -restore (9026) */
 130:Middlewares/Third_Party/FreeRTOS/Source/stream_buffer.c **** 
 131:Middlewares/Third_Party/FreeRTOS/Source/stream_buffer.c **** /* The number of bytes used to hold the length of a message in the buffer. */
 132:Middlewares/Third_Party/FreeRTOS/Source/stream_buffer.c **** #define sbBYTES_TO_STORE_MESSAGE_LENGTH ( sizeof( configMESSAGE_BUFFER_LENGTH_TYPE ) )
 133:Middlewares/Third_Party/FreeRTOS/Source/stream_buffer.c **** 
 134:Middlewares/Third_Party/FreeRTOS/Source/stream_buffer.c **** /* Bits stored in the ucFlags field of the stream buffer. */
 135:Middlewares/Third_Party/FreeRTOS/Source/stream_buffer.c **** #define sbFLAGS_IS_MESSAGE_BUFFER		( ( uint8_t ) 1 ) /* Set if the stream buffer was created as a m
 136:Middlewares/Third_Party/FreeRTOS/Source/stream_buffer.c **** #define sbFLAGS_IS_STATICALLY_ALLOCATED ( ( uint8_t ) 2 ) /* Set if the stream buffer was created u
 137:Middlewares/Third_Party/FreeRTOS/Source/stream_buffer.c **** 
 138:Middlewares/Third_Party/FreeRTOS/Source/stream_buffer.c **** /*-----------------------------------------------------------*/
 139:Middlewares/Third_Party/FreeRTOS/Source/stream_buffer.c **** 
 140:Middlewares/Third_Party/FreeRTOS/Source/stream_buffer.c **** /* Structure that hold state information on the buffer. */
 141:Middlewares/Third_Party/FreeRTOS/Source/stream_buffer.c **** typedef struct StreamBufferDef_t /*lint !e9058 Style convention uses tag. */
 142:Middlewares/Third_Party/FreeRTOS/Source/stream_buffer.c **** {
 143:Middlewares/Third_Party/FreeRTOS/Source/stream_buffer.c **** 	volatile size_t xTail;				/* Index to the next item to read within the buffer. */
 144:Middlewares/Third_Party/FreeRTOS/Source/stream_buffer.c **** 	volatile size_t xHead;				/* Index to the next item to write within the buffer. */
ARM GAS  /tmp/ccnNlaVp.s 			page 4


 145:Middlewares/Third_Party/FreeRTOS/Source/stream_buffer.c **** 	size_t xLength;						/* The length of the buffer pointed to by pucBuffer. */
 146:Middlewares/Third_Party/FreeRTOS/Source/stream_buffer.c **** 	size_t xTriggerLevelBytes;			/* The number of bytes that must be in the stream buffer before a tas
 147:Middlewares/Third_Party/FreeRTOS/Source/stream_buffer.c **** 	volatile TaskHandle_t xTaskWaitingToReceive; /* Holds the handle of a task waiting for data, or NU
 148:Middlewares/Third_Party/FreeRTOS/Source/stream_buffer.c **** 	volatile TaskHandle_t xTaskWaitingToSend;	/* Holds the handle of a task waiting to send data to a 
 149:Middlewares/Third_Party/FreeRTOS/Source/stream_buffer.c **** 	uint8_t *pucBuffer;					/* Points to the buffer itself - that is - the RAM that stores the data pa
 150:Middlewares/Third_Party/FreeRTOS/Source/stream_buffer.c **** 	uint8_t ucFlags;
 151:Middlewares/Third_Party/FreeRTOS/Source/stream_buffer.c **** 
 152:Middlewares/Third_Party/FreeRTOS/Source/stream_buffer.c **** 	#if ( configUSE_TRACE_FACILITY == 1 )
 153:Middlewares/Third_Party/FreeRTOS/Source/stream_buffer.c **** 		UBaseType_t uxStreamBufferNumber;		/* Used for tracing purposes. */
 154:Middlewares/Third_Party/FreeRTOS/Source/stream_buffer.c **** 	#endif
 155:Middlewares/Third_Party/FreeRTOS/Source/stream_buffer.c **** } StreamBuffer_t;
 156:Middlewares/Third_Party/FreeRTOS/Source/stream_buffer.c **** 
 157:Middlewares/Third_Party/FreeRTOS/Source/stream_buffer.c **** /*
 158:Middlewares/Third_Party/FreeRTOS/Source/stream_buffer.c ****  * The number of bytes available to be read from the buffer.
 159:Middlewares/Third_Party/FreeRTOS/Source/stream_buffer.c ****  */
 160:Middlewares/Third_Party/FreeRTOS/Source/stream_buffer.c **** static size_t prvBytesInBuffer( const StreamBuffer_t * const pxStreamBuffer ) PRIVILEGED_FUNCTION;
 161:Middlewares/Third_Party/FreeRTOS/Source/stream_buffer.c **** 
 162:Middlewares/Third_Party/FreeRTOS/Source/stream_buffer.c **** /*
 163:Middlewares/Third_Party/FreeRTOS/Source/stream_buffer.c ****  * Add xCount bytes from pucData into the pxStreamBuffer message buffer.
 164:Middlewares/Third_Party/FreeRTOS/Source/stream_buffer.c ****  * Returns the number of bytes written, which will either equal xCount in the
 165:Middlewares/Third_Party/FreeRTOS/Source/stream_buffer.c ****  * success case, or 0 if there was not enough space in the buffer (in which case
 166:Middlewares/Third_Party/FreeRTOS/Source/stream_buffer.c ****  * no data is written into the buffer).
 167:Middlewares/Third_Party/FreeRTOS/Source/stream_buffer.c ****  */
 168:Middlewares/Third_Party/FreeRTOS/Source/stream_buffer.c **** static size_t prvWriteBytesToBuffer( StreamBuffer_t * const pxStreamBuffer, const uint8_t *pucData,
 169:Middlewares/Third_Party/FreeRTOS/Source/stream_buffer.c **** 
 170:Middlewares/Third_Party/FreeRTOS/Source/stream_buffer.c **** /*
 171:Middlewares/Third_Party/FreeRTOS/Source/stream_buffer.c ****  * If the stream buffer is being used as a message buffer, then reads an entire
 172:Middlewares/Third_Party/FreeRTOS/Source/stream_buffer.c ****  * message out of the buffer.  If the stream buffer is being used as a stream
 173:Middlewares/Third_Party/FreeRTOS/Source/stream_buffer.c ****  * buffer then read as many bytes as possible from the buffer.
 174:Middlewares/Third_Party/FreeRTOS/Source/stream_buffer.c ****  * prvReadBytesFromBuffer() is called to actually extract the bytes from the
 175:Middlewares/Third_Party/FreeRTOS/Source/stream_buffer.c ****  * buffer's data storage area.
 176:Middlewares/Third_Party/FreeRTOS/Source/stream_buffer.c ****  */
 177:Middlewares/Third_Party/FreeRTOS/Source/stream_buffer.c **** static size_t prvReadMessageFromBuffer( StreamBuffer_t *pxStreamBuffer,
 178:Middlewares/Third_Party/FreeRTOS/Source/stream_buffer.c **** 										void *pvRxData,
 179:Middlewares/Third_Party/FreeRTOS/Source/stream_buffer.c **** 										size_t xBufferLengthBytes,
 180:Middlewares/Third_Party/FreeRTOS/Source/stream_buffer.c **** 										size_t xBytesAvailable,
 181:Middlewares/Third_Party/FreeRTOS/Source/stream_buffer.c **** 										size_t xBytesToStoreMessageLength ) PRIVILEGED_FUNCTION;
 182:Middlewares/Third_Party/FreeRTOS/Source/stream_buffer.c **** 
 183:Middlewares/Third_Party/FreeRTOS/Source/stream_buffer.c **** /*
 184:Middlewares/Third_Party/FreeRTOS/Source/stream_buffer.c ****  * If the stream buffer is being used as a message buffer, then writes an entire
 185:Middlewares/Third_Party/FreeRTOS/Source/stream_buffer.c ****  * message to the buffer.  If the stream buffer is being used as a stream
 186:Middlewares/Third_Party/FreeRTOS/Source/stream_buffer.c ****  * buffer then write as many bytes as possible to the buffer.
 187:Middlewares/Third_Party/FreeRTOS/Source/stream_buffer.c ****  * prvWriteBytestoBuffer() is called to actually send the bytes to the buffer's
 188:Middlewares/Third_Party/FreeRTOS/Source/stream_buffer.c ****  * data storage area.
 189:Middlewares/Third_Party/FreeRTOS/Source/stream_buffer.c ****  */
 190:Middlewares/Third_Party/FreeRTOS/Source/stream_buffer.c **** static size_t prvWriteMessageToBuffer(  StreamBuffer_t * const pxStreamBuffer,
 191:Middlewares/Third_Party/FreeRTOS/Source/stream_buffer.c **** 										const void * pvTxData,
 192:Middlewares/Third_Party/FreeRTOS/Source/stream_buffer.c **** 										size_t xDataLengthBytes,
 193:Middlewares/Third_Party/FreeRTOS/Source/stream_buffer.c **** 										size_t xSpace,
 194:Middlewares/Third_Party/FreeRTOS/Source/stream_buffer.c **** 										size_t xRequiredSpace ) PRIVILEGED_FUNCTION;
 195:Middlewares/Third_Party/FreeRTOS/Source/stream_buffer.c **** 
 196:Middlewares/Third_Party/FreeRTOS/Source/stream_buffer.c **** /*
 197:Middlewares/Third_Party/FreeRTOS/Source/stream_buffer.c ****  * Read xMaxCount bytes from the pxStreamBuffer message buffer and write them
 198:Middlewares/Third_Party/FreeRTOS/Source/stream_buffer.c ****  * to pucData.
 199:Middlewares/Third_Party/FreeRTOS/Source/stream_buffer.c ****  */
 200:Middlewares/Third_Party/FreeRTOS/Source/stream_buffer.c **** static size_t prvReadBytesFromBuffer( StreamBuffer_t *pxStreamBuffer,
 201:Middlewares/Third_Party/FreeRTOS/Source/stream_buffer.c **** 									  uint8_t *pucData,
ARM GAS  /tmp/ccnNlaVp.s 			page 5


 202:Middlewares/Third_Party/FreeRTOS/Source/stream_buffer.c **** 									  size_t xMaxCount,
 203:Middlewares/Third_Party/FreeRTOS/Source/stream_buffer.c **** 									  size_t xBytesAvailable ) PRIVILEGED_FUNCTION;
 204:Middlewares/Third_Party/FreeRTOS/Source/stream_buffer.c **** 
 205:Middlewares/Third_Party/FreeRTOS/Source/stream_buffer.c **** /*
 206:Middlewares/Third_Party/FreeRTOS/Source/stream_buffer.c ****  * Called by both pxStreamBufferCreate() and pxStreamBufferCreateStatic() to
 207:Middlewares/Third_Party/FreeRTOS/Source/stream_buffer.c ****  * initialise the members of the newly created stream buffer structure.
 208:Middlewares/Third_Party/FreeRTOS/Source/stream_buffer.c ****  */
 209:Middlewares/Third_Party/FreeRTOS/Source/stream_buffer.c **** static void prvInitialiseNewStreamBuffer( StreamBuffer_t * const pxStreamBuffer,
 210:Middlewares/Third_Party/FreeRTOS/Source/stream_buffer.c **** 										  uint8_t * const pucBuffer,
 211:Middlewares/Third_Party/FreeRTOS/Source/stream_buffer.c **** 										  size_t xBufferSizeBytes,
 212:Middlewares/Third_Party/FreeRTOS/Source/stream_buffer.c **** 										  size_t xTriggerLevelBytes,
 213:Middlewares/Third_Party/FreeRTOS/Source/stream_buffer.c **** 										  uint8_t ucFlags ) PRIVILEGED_FUNCTION;
 214:Middlewares/Third_Party/FreeRTOS/Source/stream_buffer.c **** 
 215:Middlewares/Third_Party/FreeRTOS/Source/stream_buffer.c **** /*-----------------------------------------------------------*/
 216:Middlewares/Third_Party/FreeRTOS/Source/stream_buffer.c **** 
 217:Middlewares/Third_Party/FreeRTOS/Source/stream_buffer.c **** #if( configSUPPORT_DYNAMIC_ALLOCATION == 1 )
 218:Middlewares/Third_Party/FreeRTOS/Source/stream_buffer.c **** 
 219:Middlewares/Third_Party/FreeRTOS/Source/stream_buffer.c **** 	StreamBufferHandle_t xStreamBufferGenericCreate( size_t xBufferSizeBytes, size_t xTriggerLevelByte
 220:Middlewares/Third_Party/FreeRTOS/Source/stream_buffer.c **** 	{
  29              		.loc 1 220 2
  30              		.cfi_startproc
  31              		@ args = 0, pretend = 0, frame = 40
  32              		@ frame_needed = 1, uses_anonymous_args = 0
  33 0000 80B5     		push	{r7, lr}
  34              	.LCFI0:
  35              		.cfi_def_cfa_offset 8
  36              		.cfi_offset 7, -8
  37              		.cfi_offset 14, -4
  38 0002 8CB0     		sub	sp, sp, #48
  39              	.LCFI1:
  40              		.cfi_def_cfa_offset 56
  41 0004 02AF     		add	r7, sp, #8
  42              	.LCFI2:
  43              		.cfi_def_cfa 7, 48
  44 0006 F860     		str	r0, [r7, #12]
  45 0008 B960     		str	r1, [r7, #8]
  46 000a 7A60     		str	r2, [r7, #4]
 221:Middlewares/Third_Party/FreeRTOS/Source/stream_buffer.c **** 	uint8_t *pucAllocatedMemory;
 222:Middlewares/Third_Party/FreeRTOS/Source/stream_buffer.c **** 	uint8_t ucFlags;
 223:Middlewares/Third_Party/FreeRTOS/Source/stream_buffer.c **** 
 224:Middlewares/Third_Party/FreeRTOS/Source/stream_buffer.c **** 		/* In case the stream buffer is going to be used as a message buffer
 225:Middlewares/Third_Party/FreeRTOS/Source/stream_buffer.c **** 		(that is, it will hold discrete messages with a little meta data that
 226:Middlewares/Third_Party/FreeRTOS/Source/stream_buffer.c **** 		says how big the next message is) check the buffer will be large enough
 227:Middlewares/Third_Party/FreeRTOS/Source/stream_buffer.c **** 		to hold at least one message. */
 228:Middlewares/Third_Party/FreeRTOS/Source/stream_buffer.c **** 		if( xIsMessageBuffer == pdTRUE )
  47              		.loc 1 228 5
  48 000c 7B68     		ldr	r3, [r7, #4]
  49 000e 012B     		cmp	r3, #1
  50 0010 11D1     		bne	.L2
 229:Middlewares/Third_Party/FreeRTOS/Source/stream_buffer.c **** 		{
 230:Middlewares/Third_Party/FreeRTOS/Source/stream_buffer.c **** 			/* Is a message buffer but not statically allocated. */
 231:Middlewares/Third_Party/FreeRTOS/Source/stream_buffer.c **** 			ucFlags = sbFLAGS_IS_MESSAGE_BUFFER;
  51              		.loc 1 231 12
  52 0012 0123     		movs	r3, #1
  53 0014 87F82730 		strb	r3, [r7, #39]
 232:Middlewares/Third_Party/FreeRTOS/Source/stream_buffer.c **** 			configASSERT( xBufferSizeBytes > sbBYTES_TO_STORE_MESSAGE_LENGTH );
  54              		.loc 1 232 4
ARM GAS  /tmp/ccnNlaVp.s 			page 6


  55 0018 FB68     		ldr	r3, [r7, #12]
  56 001a 042B     		cmp	r3, #4
  57 001c 1DD8     		bhi	.L3
  58              	.LBB96:
  59              	.LBB97:
  60              		.file 2 "Middlewares/Third_Party/FreeRTOS/Source/portable/GCC/ARM_CM4F/portmacro.h"
   1:Middlewares/Third_Party/FreeRTOS/Source/portable/GCC/ARM_CM4F/portmacro.h **** /*
   2:Middlewares/Third_Party/FreeRTOS/Source/portable/GCC/ARM_CM4F/portmacro.h ****  * FreeRTOS Kernel V10.3.1
   3:Middlewares/Third_Party/FreeRTOS/Source/portable/GCC/ARM_CM4F/portmacro.h ****  * Copyright (C) 2020 Amazon.com, Inc. or its affiliates.  All Rights Reserved.
   4:Middlewares/Third_Party/FreeRTOS/Source/portable/GCC/ARM_CM4F/portmacro.h ****  *
   5:Middlewares/Third_Party/FreeRTOS/Source/portable/GCC/ARM_CM4F/portmacro.h ****  * Permission is hereby granted, free of charge, to any person obtaining a copy of
   6:Middlewares/Third_Party/FreeRTOS/Source/portable/GCC/ARM_CM4F/portmacro.h ****  * this software and associated documentation files (the "Software"), to deal in
   7:Middlewares/Third_Party/FreeRTOS/Source/portable/GCC/ARM_CM4F/portmacro.h ****  * the Software without restriction, including without limitation the rights to
   8:Middlewares/Third_Party/FreeRTOS/Source/portable/GCC/ARM_CM4F/portmacro.h ****  * use, copy, modify, merge, publish, distribute, sublicense, and/or sell copies of
   9:Middlewares/Third_Party/FreeRTOS/Source/portable/GCC/ARM_CM4F/portmacro.h ****  * the Software, and to permit persons to whom the Software is furnished to do so,
  10:Middlewares/Third_Party/FreeRTOS/Source/portable/GCC/ARM_CM4F/portmacro.h ****  * subject to the following conditions:
  11:Middlewares/Third_Party/FreeRTOS/Source/portable/GCC/ARM_CM4F/portmacro.h ****  *
  12:Middlewares/Third_Party/FreeRTOS/Source/portable/GCC/ARM_CM4F/portmacro.h ****  * The above copyright notice and this permission notice shall be included in all
  13:Middlewares/Third_Party/FreeRTOS/Source/portable/GCC/ARM_CM4F/portmacro.h ****  * copies or substantial portions of the Software.
  14:Middlewares/Third_Party/FreeRTOS/Source/portable/GCC/ARM_CM4F/portmacro.h ****  *
  15:Middlewares/Third_Party/FreeRTOS/Source/portable/GCC/ARM_CM4F/portmacro.h ****  * THE SOFTWARE IS PROVIDED "AS IS", WITHOUT WARRANTY OF ANY KIND, EXPRESS OR
  16:Middlewares/Third_Party/FreeRTOS/Source/portable/GCC/ARM_CM4F/portmacro.h ****  * IMPLIED, INCLUDING BUT NOT LIMITED TO THE WARRANTIES OF MERCHANTABILITY, FITNESS
  17:Middlewares/Third_Party/FreeRTOS/Source/portable/GCC/ARM_CM4F/portmacro.h ****  * FOR A PARTICULAR PURPOSE AND NONINFRINGEMENT. IN NO EVENT SHALL THE AUTHORS OR
  18:Middlewares/Third_Party/FreeRTOS/Source/portable/GCC/ARM_CM4F/portmacro.h ****  * COPYRIGHT HOLDERS BE LIABLE FOR ANY CLAIM, DAMAGES OR OTHER LIABILITY, WHETHER
  19:Middlewares/Third_Party/FreeRTOS/Source/portable/GCC/ARM_CM4F/portmacro.h ****  * IN AN ACTION OF CONTRACT, TORT OR OTHERWISE, ARISING FROM, OUT OF OR IN
  20:Middlewares/Third_Party/FreeRTOS/Source/portable/GCC/ARM_CM4F/portmacro.h ****  * CONNECTION WITH THE SOFTWARE OR THE USE OR OTHER DEALINGS IN THE SOFTWARE.
  21:Middlewares/Third_Party/FreeRTOS/Source/portable/GCC/ARM_CM4F/portmacro.h ****  *
  22:Middlewares/Third_Party/FreeRTOS/Source/portable/GCC/ARM_CM4F/portmacro.h ****  * http://www.FreeRTOS.org
  23:Middlewares/Third_Party/FreeRTOS/Source/portable/GCC/ARM_CM4F/portmacro.h ****  * http://aws.amazon.com/freertos
  24:Middlewares/Third_Party/FreeRTOS/Source/portable/GCC/ARM_CM4F/portmacro.h ****  *
  25:Middlewares/Third_Party/FreeRTOS/Source/portable/GCC/ARM_CM4F/portmacro.h ****  * 1 tab == 4 spaces!
  26:Middlewares/Third_Party/FreeRTOS/Source/portable/GCC/ARM_CM4F/portmacro.h ****  */
  27:Middlewares/Third_Party/FreeRTOS/Source/portable/GCC/ARM_CM4F/portmacro.h **** 
  28:Middlewares/Third_Party/FreeRTOS/Source/portable/GCC/ARM_CM4F/portmacro.h **** 
  29:Middlewares/Third_Party/FreeRTOS/Source/portable/GCC/ARM_CM4F/portmacro.h **** #ifndef PORTMACRO_H
  30:Middlewares/Third_Party/FreeRTOS/Source/portable/GCC/ARM_CM4F/portmacro.h **** #define PORTMACRO_H
  31:Middlewares/Third_Party/FreeRTOS/Source/portable/GCC/ARM_CM4F/portmacro.h **** 
  32:Middlewares/Third_Party/FreeRTOS/Source/portable/GCC/ARM_CM4F/portmacro.h **** #ifdef __cplusplus
  33:Middlewares/Third_Party/FreeRTOS/Source/portable/GCC/ARM_CM4F/portmacro.h **** extern "C" {
  34:Middlewares/Third_Party/FreeRTOS/Source/portable/GCC/ARM_CM4F/portmacro.h **** #endif
  35:Middlewares/Third_Party/FreeRTOS/Source/portable/GCC/ARM_CM4F/portmacro.h **** 
  36:Middlewares/Third_Party/FreeRTOS/Source/portable/GCC/ARM_CM4F/portmacro.h **** /*-----------------------------------------------------------
  37:Middlewares/Third_Party/FreeRTOS/Source/portable/GCC/ARM_CM4F/portmacro.h ****  * Port specific definitions.
  38:Middlewares/Third_Party/FreeRTOS/Source/portable/GCC/ARM_CM4F/portmacro.h ****  *
  39:Middlewares/Third_Party/FreeRTOS/Source/portable/GCC/ARM_CM4F/portmacro.h ****  * The settings in this file configure FreeRTOS correctly for the
  40:Middlewares/Third_Party/FreeRTOS/Source/portable/GCC/ARM_CM4F/portmacro.h ****  * given hardware and compiler.
  41:Middlewares/Third_Party/FreeRTOS/Source/portable/GCC/ARM_CM4F/portmacro.h ****  *
  42:Middlewares/Third_Party/FreeRTOS/Source/portable/GCC/ARM_CM4F/portmacro.h ****  * These settings should not be altered.
  43:Middlewares/Third_Party/FreeRTOS/Source/portable/GCC/ARM_CM4F/portmacro.h ****  *-----------------------------------------------------------
  44:Middlewares/Third_Party/FreeRTOS/Source/portable/GCC/ARM_CM4F/portmacro.h ****  */
  45:Middlewares/Third_Party/FreeRTOS/Source/portable/GCC/ARM_CM4F/portmacro.h **** 
  46:Middlewares/Third_Party/FreeRTOS/Source/portable/GCC/ARM_CM4F/portmacro.h **** /* Type definitions. */
  47:Middlewares/Third_Party/FreeRTOS/Source/portable/GCC/ARM_CM4F/portmacro.h **** #define portCHAR		char
  48:Middlewares/Third_Party/FreeRTOS/Source/portable/GCC/ARM_CM4F/portmacro.h **** #define portFLOAT		float
  49:Middlewares/Third_Party/FreeRTOS/Source/portable/GCC/ARM_CM4F/portmacro.h **** #define portDOUBLE		double
  50:Middlewares/Third_Party/FreeRTOS/Source/portable/GCC/ARM_CM4F/portmacro.h **** #define portLONG		long
  51:Middlewares/Third_Party/FreeRTOS/Source/portable/GCC/ARM_CM4F/portmacro.h **** #define portSHORT		short
ARM GAS  /tmp/ccnNlaVp.s 			page 7


  52:Middlewares/Third_Party/FreeRTOS/Source/portable/GCC/ARM_CM4F/portmacro.h **** #define portSTACK_TYPE	uint32_t
  53:Middlewares/Third_Party/FreeRTOS/Source/portable/GCC/ARM_CM4F/portmacro.h **** #define portBASE_TYPE	long
  54:Middlewares/Third_Party/FreeRTOS/Source/portable/GCC/ARM_CM4F/portmacro.h **** 
  55:Middlewares/Third_Party/FreeRTOS/Source/portable/GCC/ARM_CM4F/portmacro.h **** typedef portSTACK_TYPE StackType_t;
  56:Middlewares/Third_Party/FreeRTOS/Source/portable/GCC/ARM_CM4F/portmacro.h **** typedef long BaseType_t;
  57:Middlewares/Third_Party/FreeRTOS/Source/portable/GCC/ARM_CM4F/portmacro.h **** typedef unsigned long UBaseType_t;
  58:Middlewares/Third_Party/FreeRTOS/Source/portable/GCC/ARM_CM4F/portmacro.h **** 
  59:Middlewares/Third_Party/FreeRTOS/Source/portable/GCC/ARM_CM4F/portmacro.h **** #if( configUSE_16_BIT_TICKS == 1 )
  60:Middlewares/Third_Party/FreeRTOS/Source/portable/GCC/ARM_CM4F/portmacro.h **** 	typedef uint16_t TickType_t;
  61:Middlewares/Third_Party/FreeRTOS/Source/portable/GCC/ARM_CM4F/portmacro.h **** 	#define portMAX_DELAY ( TickType_t ) 0xffff
  62:Middlewares/Third_Party/FreeRTOS/Source/portable/GCC/ARM_CM4F/portmacro.h **** #else
  63:Middlewares/Third_Party/FreeRTOS/Source/portable/GCC/ARM_CM4F/portmacro.h **** 	typedef uint32_t TickType_t;
  64:Middlewares/Third_Party/FreeRTOS/Source/portable/GCC/ARM_CM4F/portmacro.h **** 	#define portMAX_DELAY ( TickType_t ) 0xffffffffUL
  65:Middlewares/Third_Party/FreeRTOS/Source/portable/GCC/ARM_CM4F/portmacro.h **** 
  66:Middlewares/Third_Party/FreeRTOS/Source/portable/GCC/ARM_CM4F/portmacro.h **** 	/* 32-bit tick type on a 32-bit architecture, so reads of the tick count do
  67:Middlewares/Third_Party/FreeRTOS/Source/portable/GCC/ARM_CM4F/portmacro.h **** 	not need to be guarded with a critical section. */
  68:Middlewares/Third_Party/FreeRTOS/Source/portable/GCC/ARM_CM4F/portmacro.h **** 	#define portTICK_TYPE_IS_ATOMIC 1
  69:Middlewares/Third_Party/FreeRTOS/Source/portable/GCC/ARM_CM4F/portmacro.h **** #endif
  70:Middlewares/Third_Party/FreeRTOS/Source/portable/GCC/ARM_CM4F/portmacro.h **** /*-----------------------------------------------------------*/
  71:Middlewares/Third_Party/FreeRTOS/Source/portable/GCC/ARM_CM4F/portmacro.h **** 
  72:Middlewares/Third_Party/FreeRTOS/Source/portable/GCC/ARM_CM4F/portmacro.h **** /* Architecture specifics. */
  73:Middlewares/Third_Party/FreeRTOS/Source/portable/GCC/ARM_CM4F/portmacro.h **** #define portSTACK_GROWTH			( -1 )
  74:Middlewares/Third_Party/FreeRTOS/Source/portable/GCC/ARM_CM4F/portmacro.h **** #define portTICK_PERIOD_MS			( ( TickType_t ) 1000 / configTICK_RATE_HZ )
  75:Middlewares/Third_Party/FreeRTOS/Source/portable/GCC/ARM_CM4F/portmacro.h **** #define portBYTE_ALIGNMENT			8
  76:Middlewares/Third_Party/FreeRTOS/Source/portable/GCC/ARM_CM4F/portmacro.h **** /*-----------------------------------------------------------*/
  77:Middlewares/Third_Party/FreeRTOS/Source/portable/GCC/ARM_CM4F/portmacro.h **** 
  78:Middlewares/Third_Party/FreeRTOS/Source/portable/GCC/ARM_CM4F/portmacro.h **** /* Scheduler utilities. */
  79:Middlewares/Third_Party/FreeRTOS/Source/portable/GCC/ARM_CM4F/portmacro.h **** #define portYIELD() 															\
  80:Middlewares/Third_Party/FreeRTOS/Source/portable/GCC/ARM_CM4F/portmacro.h **** {																				\
  81:Middlewares/Third_Party/FreeRTOS/Source/portable/GCC/ARM_CM4F/portmacro.h **** 	/* Set a PendSV to request a context switch. */								\
  82:Middlewares/Third_Party/FreeRTOS/Source/portable/GCC/ARM_CM4F/portmacro.h **** 	portNVIC_INT_CTRL_REG = portNVIC_PENDSVSET_BIT;								\
  83:Middlewares/Third_Party/FreeRTOS/Source/portable/GCC/ARM_CM4F/portmacro.h **** 																				\
  84:Middlewares/Third_Party/FreeRTOS/Source/portable/GCC/ARM_CM4F/portmacro.h **** 	/* Barriers are normally not required but do ensure the code is completely	\
  85:Middlewares/Third_Party/FreeRTOS/Source/portable/GCC/ARM_CM4F/portmacro.h **** 	within the specified behaviour for the architecture. */						\
  86:Middlewares/Third_Party/FreeRTOS/Source/portable/GCC/ARM_CM4F/portmacro.h **** 	__asm volatile( "dsb" ::: "memory" );										\
  87:Middlewares/Third_Party/FreeRTOS/Source/portable/GCC/ARM_CM4F/portmacro.h **** 	__asm volatile( "isb" );													\
  88:Middlewares/Third_Party/FreeRTOS/Source/portable/GCC/ARM_CM4F/portmacro.h **** }
  89:Middlewares/Third_Party/FreeRTOS/Source/portable/GCC/ARM_CM4F/portmacro.h **** 
  90:Middlewares/Third_Party/FreeRTOS/Source/portable/GCC/ARM_CM4F/portmacro.h **** #define portNVIC_INT_CTRL_REG		( * ( ( volatile uint32_t * ) 0xe000ed04 ) )
  91:Middlewares/Third_Party/FreeRTOS/Source/portable/GCC/ARM_CM4F/portmacro.h **** #define portNVIC_PENDSVSET_BIT		( 1UL << 28UL )
  92:Middlewares/Third_Party/FreeRTOS/Source/portable/GCC/ARM_CM4F/portmacro.h **** #define portEND_SWITCHING_ISR( xSwitchRequired ) if( xSwitchRequired != pdFALSE ) portYIELD()
  93:Middlewares/Third_Party/FreeRTOS/Source/portable/GCC/ARM_CM4F/portmacro.h **** #define portYIELD_FROM_ISR( x ) portEND_SWITCHING_ISR( x )
  94:Middlewares/Third_Party/FreeRTOS/Source/portable/GCC/ARM_CM4F/portmacro.h **** /*-----------------------------------------------------------*/
  95:Middlewares/Third_Party/FreeRTOS/Source/portable/GCC/ARM_CM4F/portmacro.h **** 
  96:Middlewares/Third_Party/FreeRTOS/Source/portable/GCC/ARM_CM4F/portmacro.h **** /* Critical section management. */
  97:Middlewares/Third_Party/FreeRTOS/Source/portable/GCC/ARM_CM4F/portmacro.h **** extern void vPortEnterCritical( void );
  98:Middlewares/Third_Party/FreeRTOS/Source/portable/GCC/ARM_CM4F/portmacro.h **** extern void vPortExitCritical( void );
  99:Middlewares/Third_Party/FreeRTOS/Source/portable/GCC/ARM_CM4F/portmacro.h **** #define portSET_INTERRUPT_MASK_FROM_ISR()		ulPortRaiseBASEPRI()
 100:Middlewares/Third_Party/FreeRTOS/Source/portable/GCC/ARM_CM4F/portmacro.h **** #define portCLEAR_INTERRUPT_MASK_FROM_ISR(x)	vPortSetBASEPRI(x)
 101:Middlewares/Third_Party/FreeRTOS/Source/portable/GCC/ARM_CM4F/portmacro.h **** #define portDISABLE_INTERRUPTS()				vPortRaiseBASEPRI()
 102:Middlewares/Third_Party/FreeRTOS/Source/portable/GCC/ARM_CM4F/portmacro.h **** #define portENABLE_INTERRUPTS()					vPortSetBASEPRI(0)
 103:Middlewares/Third_Party/FreeRTOS/Source/portable/GCC/ARM_CM4F/portmacro.h **** #define portENTER_CRITICAL()					vPortEnterCritical()
 104:Middlewares/Third_Party/FreeRTOS/Source/portable/GCC/ARM_CM4F/portmacro.h **** #define portEXIT_CRITICAL()						vPortExitCritical()
 105:Middlewares/Third_Party/FreeRTOS/Source/portable/GCC/ARM_CM4F/portmacro.h **** 
 106:Middlewares/Third_Party/FreeRTOS/Source/portable/GCC/ARM_CM4F/portmacro.h **** /*-----------------------------------------------------------*/
 107:Middlewares/Third_Party/FreeRTOS/Source/portable/GCC/ARM_CM4F/portmacro.h **** 
 108:Middlewares/Third_Party/FreeRTOS/Source/portable/GCC/ARM_CM4F/portmacro.h **** /* Task function macros as described on the FreeRTOS.org WEB site.  These are
ARM GAS  /tmp/ccnNlaVp.s 			page 8


 109:Middlewares/Third_Party/FreeRTOS/Source/portable/GCC/ARM_CM4F/portmacro.h **** not necessary for to use this port.  They are defined so the common demo files
 110:Middlewares/Third_Party/FreeRTOS/Source/portable/GCC/ARM_CM4F/portmacro.h **** (which build with all the ports) will build. */
 111:Middlewares/Third_Party/FreeRTOS/Source/portable/GCC/ARM_CM4F/portmacro.h **** #define portTASK_FUNCTION_PROTO( vFunction, pvParameters ) void vFunction( void *pvParameters )
 112:Middlewares/Third_Party/FreeRTOS/Source/portable/GCC/ARM_CM4F/portmacro.h **** #define portTASK_FUNCTION( vFunction, pvParameters ) void vFunction( void *pvParameters )
 113:Middlewares/Third_Party/FreeRTOS/Source/portable/GCC/ARM_CM4F/portmacro.h **** /*-----------------------------------------------------------*/
 114:Middlewares/Third_Party/FreeRTOS/Source/portable/GCC/ARM_CM4F/portmacro.h **** 
 115:Middlewares/Third_Party/FreeRTOS/Source/portable/GCC/ARM_CM4F/portmacro.h **** /* Tickless idle/low power functionality. */
 116:Middlewares/Third_Party/FreeRTOS/Source/portable/GCC/ARM_CM4F/portmacro.h **** #ifndef portSUPPRESS_TICKS_AND_SLEEP
 117:Middlewares/Third_Party/FreeRTOS/Source/portable/GCC/ARM_CM4F/portmacro.h **** 	extern void vPortSuppressTicksAndSleep( TickType_t xExpectedIdleTime );
 118:Middlewares/Third_Party/FreeRTOS/Source/portable/GCC/ARM_CM4F/portmacro.h **** 	#define portSUPPRESS_TICKS_AND_SLEEP( xExpectedIdleTime ) vPortSuppressTicksAndSleep( xExpectedIdl
 119:Middlewares/Third_Party/FreeRTOS/Source/portable/GCC/ARM_CM4F/portmacro.h **** #endif
 120:Middlewares/Third_Party/FreeRTOS/Source/portable/GCC/ARM_CM4F/portmacro.h **** /*-----------------------------------------------------------*/
 121:Middlewares/Third_Party/FreeRTOS/Source/portable/GCC/ARM_CM4F/portmacro.h **** 
 122:Middlewares/Third_Party/FreeRTOS/Source/portable/GCC/ARM_CM4F/portmacro.h **** /* Architecture specific optimisations. */
 123:Middlewares/Third_Party/FreeRTOS/Source/portable/GCC/ARM_CM4F/portmacro.h **** #ifndef configUSE_PORT_OPTIMISED_TASK_SELECTION
 124:Middlewares/Third_Party/FreeRTOS/Source/portable/GCC/ARM_CM4F/portmacro.h **** 	#define configUSE_PORT_OPTIMISED_TASK_SELECTION 1
 125:Middlewares/Third_Party/FreeRTOS/Source/portable/GCC/ARM_CM4F/portmacro.h **** #endif
 126:Middlewares/Third_Party/FreeRTOS/Source/portable/GCC/ARM_CM4F/portmacro.h **** 
 127:Middlewares/Third_Party/FreeRTOS/Source/portable/GCC/ARM_CM4F/portmacro.h **** #if configUSE_PORT_OPTIMISED_TASK_SELECTION == 1
 128:Middlewares/Third_Party/FreeRTOS/Source/portable/GCC/ARM_CM4F/portmacro.h **** 
 129:Middlewares/Third_Party/FreeRTOS/Source/portable/GCC/ARM_CM4F/portmacro.h **** 	/* Generic helper function. */
 130:Middlewares/Third_Party/FreeRTOS/Source/portable/GCC/ARM_CM4F/portmacro.h **** 	__attribute__( ( always_inline ) ) static inline uint8_t ucPortCountLeadingZeros( uint32_t ulBitma
 131:Middlewares/Third_Party/FreeRTOS/Source/portable/GCC/ARM_CM4F/portmacro.h **** 	{
 132:Middlewares/Third_Party/FreeRTOS/Source/portable/GCC/ARM_CM4F/portmacro.h **** 	uint8_t ucReturn;
 133:Middlewares/Third_Party/FreeRTOS/Source/portable/GCC/ARM_CM4F/portmacro.h **** 
 134:Middlewares/Third_Party/FreeRTOS/Source/portable/GCC/ARM_CM4F/portmacro.h **** 		__asm volatile ( "clz %0, %1" : "=r" ( ucReturn ) : "r" ( ulBitmap ) : "memory" );
 135:Middlewares/Third_Party/FreeRTOS/Source/portable/GCC/ARM_CM4F/portmacro.h **** 		return ucReturn;
 136:Middlewares/Third_Party/FreeRTOS/Source/portable/GCC/ARM_CM4F/portmacro.h **** 	}
 137:Middlewares/Third_Party/FreeRTOS/Source/portable/GCC/ARM_CM4F/portmacro.h **** 
 138:Middlewares/Third_Party/FreeRTOS/Source/portable/GCC/ARM_CM4F/portmacro.h **** 	/* Check the configuration. */
 139:Middlewares/Third_Party/FreeRTOS/Source/portable/GCC/ARM_CM4F/portmacro.h **** 	#if( configMAX_PRIORITIES > 32 )
 140:Middlewares/Third_Party/FreeRTOS/Source/portable/GCC/ARM_CM4F/portmacro.h **** 		#error configUSE_PORT_OPTIMISED_TASK_SELECTION can only be set to 1 when configMAX_PRIORITIES is 
 141:Middlewares/Third_Party/FreeRTOS/Source/portable/GCC/ARM_CM4F/portmacro.h **** 	#endif
 142:Middlewares/Third_Party/FreeRTOS/Source/portable/GCC/ARM_CM4F/portmacro.h **** 
 143:Middlewares/Third_Party/FreeRTOS/Source/portable/GCC/ARM_CM4F/portmacro.h **** 	/* Store/clear the ready priorities in a bit map. */
 144:Middlewares/Third_Party/FreeRTOS/Source/portable/GCC/ARM_CM4F/portmacro.h **** 	#define portRECORD_READY_PRIORITY( uxPriority, uxReadyPriorities ) ( uxReadyPriorities ) |= ( 1UL 
 145:Middlewares/Third_Party/FreeRTOS/Source/portable/GCC/ARM_CM4F/portmacro.h **** 	#define portRESET_READY_PRIORITY( uxPriority, uxReadyPriorities ) ( uxReadyPriorities ) &= ~( 1UL 
 146:Middlewares/Third_Party/FreeRTOS/Source/portable/GCC/ARM_CM4F/portmacro.h **** 
 147:Middlewares/Third_Party/FreeRTOS/Source/portable/GCC/ARM_CM4F/portmacro.h **** 	/*-----------------------------------------------------------*/
 148:Middlewares/Third_Party/FreeRTOS/Source/portable/GCC/ARM_CM4F/portmacro.h **** 
 149:Middlewares/Third_Party/FreeRTOS/Source/portable/GCC/ARM_CM4F/portmacro.h **** 	#define portGET_HIGHEST_PRIORITY( uxTopPriority, uxReadyPriorities ) uxTopPriority = ( 31UL - ( ui
 150:Middlewares/Third_Party/FreeRTOS/Source/portable/GCC/ARM_CM4F/portmacro.h **** 
 151:Middlewares/Third_Party/FreeRTOS/Source/portable/GCC/ARM_CM4F/portmacro.h **** #endif /* configUSE_PORT_OPTIMISED_TASK_SELECTION */
 152:Middlewares/Third_Party/FreeRTOS/Source/portable/GCC/ARM_CM4F/portmacro.h **** 
 153:Middlewares/Third_Party/FreeRTOS/Source/portable/GCC/ARM_CM4F/portmacro.h **** /*-----------------------------------------------------------*/
 154:Middlewares/Third_Party/FreeRTOS/Source/portable/GCC/ARM_CM4F/portmacro.h **** 
 155:Middlewares/Third_Party/FreeRTOS/Source/portable/GCC/ARM_CM4F/portmacro.h **** #ifdef configASSERT
 156:Middlewares/Third_Party/FreeRTOS/Source/portable/GCC/ARM_CM4F/portmacro.h **** 	void vPortValidateInterruptPriority( void );
 157:Middlewares/Third_Party/FreeRTOS/Source/portable/GCC/ARM_CM4F/portmacro.h **** 	#define portASSERT_IF_INTERRUPT_PRIORITY_INVALID() 	vPortValidateInterruptPriority()
 158:Middlewares/Third_Party/FreeRTOS/Source/portable/GCC/ARM_CM4F/portmacro.h **** #endif
 159:Middlewares/Third_Party/FreeRTOS/Source/portable/GCC/ARM_CM4F/portmacro.h **** 
 160:Middlewares/Third_Party/FreeRTOS/Source/portable/GCC/ARM_CM4F/portmacro.h **** /* portNOP() is not required by this port. */
 161:Middlewares/Third_Party/FreeRTOS/Source/portable/GCC/ARM_CM4F/portmacro.h **** #define portNOP()
 162:Middlewares/Third_Party/FreeRTOS/Source/portable/GCC/ARM_CM4F/portmacro.h **** 
 163:Middlewares/Third_Party/FreeRTOS/Source/portable/GCC/ARM_CM4F/portmacro.h **** #define portINLINE	__inline
 164:Middlewares/Third_Party/FreeRTOS/Source/portable/GCC/ARM_CM4F/portmacro.h **** 
 165:Middlewares/Third_Party/FreeRTOS/Source/portable/GCC/ARM_CM4F/portmacro.h **** #ifndef portFORCE_INLINE
ARM GAS  /tmp/ccnNlaVp.s 			page 9


 166:Middlewares/Third_Party/FreeRTOS/Source/portable/GCC/ARM_CM4F/portmacro.h **** 	#define portFORCE_INLINE inline __attribute__(( always_inline))
 167:Middlewares/Third_Party/FreeRTOS/Source/portable/GCC/ARM_CM4F/portmacro.h **** #endif
 168:Middlewares/Third_Party/FreeRTOS/Source/portable/GCC/ARM_CM4F/portmacro.h **** 
 169:Middlewares/Third_Party/FreeRTOS/Source/portable/GCC/ARM_CM4F/portmacro.h **** portFORCE_INLINE static BaseType_t xPortIsInsideInterrupt( void )
 170:Middlewares/Third_Party/FreeRTOS/Source/portable/GCC/ARM_CM4F/portmacro.h **** {
 171:Middlewares/Third_Party/FreeRTOS/Source/portable/GCC/ARM_CM4F/portmacro.h **** uint32_t ulCurrentInterrupt;
 172:Middlewares/Third_Party/FreeRTOS/Source/portable/GCC/ARM_CM4F/portmacro.h **** BaseType_t xReturn;
 173:Middlewares/Third_Party/FreeRTOS/Source/portable/GCC/ARM_CM4F/portmacro.h **** 
 174:Middlewares/Third_Party/FreeRTOS/Source/portable/GCC/ARM_CM4F/portmacro.h **** 	/* Obtain the number of the currently executing interrupt. */
 175:Middlewares/Third_Party/FreeRTOS/Source/portable/GCC/ARM_CM4F/portmacro.h **** 	__asm volatile( "mrs %0, ipsr" : "=r"( ulCurrentInterrupt ) :: "memory" );
 176:Middlewares/Third_Party/FreeRTOS/Source/portable/GCC/ARM_CM4F/portmacro.h **** 
 177:Middlewares/Third_Party/FreeRTOS/Source/portable/GCC/ARM_CM4F/portmacro.h **** 	if( ulCurrentInterrupt == 0 )
 178:Middlewares/Third_Party/FreeRTOS/Source/portable/GCC/ARM_CM4F/portmacro.h **** 	{
 179:Middlewares/Third_Party/FreeRTOS/Source/portable/GCC/ARM_CM4F/portmacro.h **** 		xReturn = pdFALSE;
 180:Middlewares/Third_Party/FreeRTOS/Source/portable/GCC/ARM_CM4F/portmacro.h **** 	}
 181:Middlewares/Third_Party/FreeRTOS/Source/portable/GCC/ARM_CM4F/portmacro.h **** 	else
 182:Middlewares/Third_Party/FreeRTOS/Source/portable/GCC/ARM_CM4F/portmacro.h **** 	{
 183:Middlewares/Third_Party/FreeRTOS/Source/portable/GCC/ARM_CM4F/portmacro.h **** 		xReturn = pdTRUE;
 184:Middlewares/Third_Party/FreeRTOS/Source/portable/GCC/ARM_CM4F/portmacro.h **** 	}
 185:Middlewares/Third_Party/FreeRTOS/Source/portable/GCC/ARM_CM4F/portmacro.h **** 
 186:Middlewares/Third_Party/FreeRTOS/Source/portable/GCC/ARM_CM4F/portmacro.h **** 	return xReturn;
 187:Middlewares/Third_Party/FreeRTOS/Source/portable/GCC/ARM_CM4F/portmacro.h **** }
 188:Middlewares/Third_Party/FreeRTOS/Source/portable/GCC/ARM_CM4F/portmacro.h **** 
 189:Middlewares/Third_Party/FreeRTOS/Source/portable/GCC/ARM_CM4F/portmacro.h **** /*-----------------------------------------------------------*/
 190:Middlewares/Third_Party/FreeRTOS/Source/portable/GCC/ARM_CM4F/portmacro.h **** 
 191:Middlewares/Third_Party/FreeRTOS/Source/portable/GCC/ARM_CM4F/portmacro.h **** portFORCE_INLINE static void vPortRaiseBASEPRI( void )
 192:Middlewares/Third_Party/FreeRTOS/Source/portable/GCC/ARM_CM4F/portmacro.h **** {
 193:Middlewares/Third_Party/FreeRTOS/Source/portable/GCC/ARM_CM4F/portmacro.h **** uint32_t ulNewBASEPRI;
 194:Middlewares/Third_Party/FreeRTOS/Source/portable/GCC/ARM_CM4F/portmacro.h **** 
 195:Middlewares/Third_Party/FreeRTOS/Source/portable/GCC/ARM_CM4F/portmacro.h **** 	__asm volatile
  61              		.loc 2 195 2
  62              		.syntax unified
  63              	@ 195 "Middlewares/Third_Party/FreeRTOS/Source/portable/GCC/ARM_CM4F/portmacro.h" 1
  64 001e 4FF05003 			mov r3, #80												
  65 0022 83F31188 		msr basepri, r3											
  66 0026 BFF36F8F 		isb														
  67 002a BFF34F8F 		dsb														
  68              	
  69              	@ 0 "" 2
  70              		.thumb
  71              		.syntax unified
  72 002e FB61     		str	r3, [r7, #28]
 196:Middlewares/Third_Party/FreeRTOS/Source/portable/GCC/ARM_CM4F/portmacro.h **** 	(
 197:Middlewares/Third_Party/FreeRTOS/Source/portable/GCC/ARM_CM4F/portmacro.h **** 		"	mov %0, %1												\n"	\
 198:Middlewares/Third_Party/FreeRTOS/Source/portable/GCC/ARM_CM4F/portmacro.h **** 		"	msr basepri, %0											\n" \
 199:Middlewares/Third_Party/FreeRTOS/Source/portable/GCC/ARM_CM4F/portmacro.h **** 		"	isb														\n" \
 200:Middlewares/Third_Party/FreeRTOS/Source/portable/GCC/ARM_CM4F/portmacro.h **** 		"	dsb														\n" \
 201:Middlewares/Third_Party/FreeRTOS/Source/portable/GCC/ARM_CM4F/portmacro.h **** 		:"=r" (ulNewBASEPRI) : "i" ( configMAX_SYSCALL_INTERRUPT_PRIORITY ) : "memory"
 202:Middlewares/Third_Party/FreeRTOS/Source/portable/GCC/ARM_CM4F/portmacro.h **** 	);
 203:Middlewares/Third_Party/FreeRTOS/Source/portable/GCC/ARM_CM4F/portmacro.h **** }
  73              		.loc 2 203 1
  74 0030 00BF     		nop
  75              	.L4:
  76              	.LBE97:
  77              	.LBE96:
  78              		.loc 1 232 4
  79 0032 00BF     		nop
ARM GAS  /tmp/ccnNlaVp.s 			page 10


  80 0034 FDE7     		b	.L4
  81              	.L2:
 233:Middlewares/Third_Party/FreeRTOS/Source/stream_buffer.c **** 		}
 234:Middlewares/Third_Party/FreeRTOS/Source/stream_buffer.c **** 		else
 235:Middlewares/Third_Party/FreeRTOS/Source/stream_buffer.c **** 		{
 236:Middlewares/Third_Party/FreeRTOS/Source/stream_buffer.c **** 			/* Not a message buffer and not statically allocated. */
 237:Middlewares/Third_Party/FreeRTOS/Source/stream_buffer.c **** 			ucFlags = 0;
  82              		.loc 1 237 12
  83 0036 0023     		movs	r3, #0
  84 0038 87F82730 		strb	r3, [r7, #39]
 238:Middlewares/Third_Party/FreeRTOS/Source/stream_buffer.c **** 			configASSERT( xBufferSizeBytes > 0 );
  85              		.loc 1 238 4
  86 003c FB68     		ldr	r3, [r7, #12]
  87 003e 002B     		cmp	r3, #0
  88 0040 0BD1     		bne	.L3
  89              	.LBB98:
  90              	.LBB99:
 195:Middlewares/Third_Party/FreeRTOS/Source/portable/GCC/ARM_CM4F/portmacro.h **** 	(
  91              		.loc 2 195 2
  92              		.syntax unified
  93              	@ 195 "Middlewares/Third_Party/FreeRTOS/Source/portable/GCC/ARM_CM4F/portmacro.h" 1
  94 0042 4FF05003 			mov r3, #80												
  95 0046 83F31188 		msr basepri, r3											
  96 004a BFF36F8F 		isb														
  97 004e BFF34F8F 		dsb														
  98              	
  99              	@ 0 "" 2
 100              		.thumb
 101              		.syntax unified
 102 0052 BB61     		str	r3, [r7, #24]
 103              		.loc 2 203 1
 104 0054 00BF     		nop
 105              	.L5:
 106              	.LBE99:
 107              	.LBE98:
 108              		.loc 1 238 4
 109 0056 00BF     		nop
 110 0058 FDE7     		b	.L5
 111              	.L3:
 239:Middlewares/Third_Party/FreeRTOS/Source/stream_buffer.c **** 		}
 240:Middlewares/Third_Party/FreeRTOS/Source/stream_buffer.c **** 		configASSERT( xTriggerLevelBytes <= xBufferSizeBytes );
 112              		.loc 1 240 3
 113 005a BA68     		ldr	r2, [r7, #8]
 114 005c FB68     		ldr	r3, [r7, #12]
 115 005e 9A42     		cmp	r2, r3
 116 0060 0BD9     		bls	.L6
 117              	.LBB100:
 118              	.LBB101:
 195:Middlewares/Third_Party/FreeRTOS/Source/portable/GCC/ARM_CM4F/portmacro.h **** 	(
 119              		.loc 2 195 2
 120              		.syntax unified
 121              	@ 195 "Middlewares/Third_Party/FreeRTOS/Source/portable/GCC/ARM_CM4F/portmacro.h" 1
 122 0062 4FF05003 			mov r3, #80												
 123 0066 83F31188 		msr basepri, r3											
 124 006a BFF36F8F 		isb														
 125 006e BFF34F8F 		dsb														
 126              	
ARM GAS  /tmp/ccnNlaVp.s 			page 11


 127              	@ 0 "" 2
 128              		.thumb
 129              		.syntax unified
 130 0072 7B61     		str	r3, [r7, #20]
 131              		.loc 2 203 1
 132 0074 00BF     		nop
 133              	.L7:
 134              	.LBE101:
 135              	.LBE100:
 136              		.loc 1 240 3
 137 0076 00BF     		nop
 138 0078 FDE7     		b	.L7
 139              	.L6:
 241:Middlewares/Third_Party/FreeRTOS/Source/stream_buffer.c **** 
 242:Middlewares/Third_Party/FreeRTOS/Source/stream_buffer.c **** 		/* A trigger level of 0 would cause a waiting task to unblock even when
 243:Middlewares/Third_Party/FreeRTOS/Source/stream_buffer.c **** 		the buffer was empty. */
 244:Middlewares/Third_Party/FreeRTOS/Source/stream_buffer.c **** 		if( xTriggerLevelBytes == ( size_t ) 0 )
 140              		.loc 1 244 5
 141 007a BB68     		ldr	r3, [r7, #8]
 142 007c 002B     		cmp	r3, #0
 143 007e 01D1     		bne	.L8
 245:Middlewares/Third_Party/FreeRTOS/Source/stream_buffer.c **** 		{
 246:Middlewares/Third_Party/FreeRTOS/Source/stream_buffer.c **** 			xTriggerLevelBytes = ( size_t ) 1;
 144              		.loc 1 246 23
 145 0080 0123     		movs	r3, #1
 146 0082 BB60     		str	r3, [r7, #8]
 147              	.L8:
 247:Middlewares/Third_Party/FreeRTOS/Source/stream_buffer.c **** 		}
 248:Middlewares/Third_Party/FreeRTOS/Source/stream_buffer.c **** 
 249:Middlewares/Third_Party/FreeRTOS/Source/stream_buffer.c **** 		/* A stream buffer requires a StreamBuffer_t structure and a buffer.
 250:Middlewares/Third_Party/FreeRTOS/Source/stream_buffer.c **** 		Both are allocated in a single call to pvPortMalloc().  The
 251:Middlewares/Third_Party/FreeRTOS/Source/stream_buffer.c **** 		StreamBuffer_t structure is placed at the start of the allocated memory
 252:Middlewares/Third_Party/FreeRTOS/Source/stream_buffer.c **** 		and the buffer follows immediately after.  The requested size is
 253:Middlewares/Third_Party/FreeRTOS/Source/stream_buffer.c **** 		incremented so the free space is returned as the user would expect -
 254:Middlewares/Third_Party/FreeRTOS/Source/stream_buffer.c **** 		this is a quirk of the implementation that means otherwise the free
 255:Middlewares/Third_Party/FreeRTOS/Source/stream_buffer.c **** 		space would be reported as one byte smaller than would be logically
 256:Middlewares/Third_Party/FreeRTOS/Source/stream_buffer.c **** 		expected. */
 257:Middlewares/Third_Party/FreeRTOS/Source/stream_buffer.c **** 		xBufferSizeBytes++;
 148              		.loc 1 257 19
 149 0084 FB68     		ldr	r3, [r7, #12]
 150 0086 0133     		adds	r3, r3, #1
 151 0088 FB60     		str	r3, [r7, #12]
 258:Middlewares/Third_Party/FreeRTOS/Source/stream_buffer.c **** 		pucAllocatedMemory = ( uint8_t * ) pvPortMalloc( xBufferSizeBytes + sizeof( StreamBuffer_t ) ); /
 152              		.loc 1 258 38
 153 008a FB68     		ldr	r3, [r7, #12]
 154 008c 2433     		adds	r3, r3, #36
 155 008e 1846     		mov	r0, r3
 156 0090 FFF7FEFF 		bl	pvPortMalloc
 157 0094 3862     		str	r0, [r7, #32]
 259:Middlewares/Third_Party/FreeRTOS/Source/stream_buffer.c **** 
 260:Middlewares/Third_Party/FreeRTOS/Source/stream_buffer.c **** 		if( pucAllocatedMemory != NULL )
 158              		.loc 1 260 5
 159 0096 3B6A     		ldr	r3, [r7, #32]
 160 0098 002B     		cmp	r3, #0
 161 009a 0AD0     		beq	.L9
 261:Middlewares/Third_Party/FreeRTOS/Source/stream_buffer.c **** 		{
 262:Middlewares/Third_Party/FreeRTOS/Source/stream_buffer.c **** 			prvInitialiseNewStreamBuffer( ( StreamBuffer_t * ) pucAllocatedMemory, /* Structure at the start
ARM GAS  /tmp/ccnNlaVp.s 			page 12


 263:Middlewares/Third_Party/FreeRTOS/Source/stream_buffer.c **** 										   pucAllocatedMemory + sizeof( StreamBuffer_t ),  /* Storage area follows. */ /*lint !e9
 162              		.loc 1 263 33
 163 009c 3B6A     		ldr	r3, [r7, #32]
 164 009e 03F12401 		add	r1, r3, #36
 262:Middlewares/Third_Party/FreeRTOS/Source/stream_buffer.c **** 										   pucAllocatedMemory + sizeof( StreamBuffer_t ),  /* Storage area follows. */ /*lint !e9
 165              		.loc 1 262 4
 166 00a2 97F82730 		ldrb	r3, [r7, #39]	@ zero_extendqisi2
 167 00a6 0093     		str	r3, [sp]
 168 00a8 BB68     		ldr	r3, [r7, #8]
 169 00aa FA68     		ldr	r2, [r7, #12]
 170 00ac 386A     		ldr	r0, [r7, #32]
 171 00ae FFF7FEFF 		bl	prvInitialiseNewStreamBuffer
 172              	.L9:
 264:Middlewares/Third_Party/FreeRTOS/Source/stream_buffer.c **** 										   xBufferSizeBytes,
 265:Middlewares/Third_Party/FreeRTOS/Source/stream_buffer.c **** 										   xTriggerLevelBytes,
 266:Middlewares/Third_Party/FreeRTOS/Source/stream_buffer.c **** 										   ucFlags );
 267:Middlewares/Third_Party/FreeRTOS/Source/stream_buffer.c **** 
 268:Middlewares/Third_Party/FreeRTOS/Source/stream_buffer.c **** 			traceSTREAM_BUFFER_CREATE( ( ( StreamBuffer_t * ) pucAllocatedMemory ), xIsMessageBuffer );
 269:Middlewares/Third_Party/FreeRTOS/Source/stream_buffer.c **** 		}
 270:Middlewares/Third_Party/FreeRTOS/Source/stream_buffer.c **** 		else
 271:Middlewares/Third_Party/FreeRTOS/Source/stream_buffer.c **** 		{
 272:Middlewares/Third_Party/FreeRTOS/Source/stream_buffer.c **** 			traceSTREAM_BUFFER_CREATE_FAILED( xIsMessageBuffer );
 273:Middlewares/Third_Party/FreeRTOS/Source/stream_buffer.c **** 		}
 274:Middlewares/Third_Party/FreeRTOS/Source/stream_buffer.c **** 
 275:Middlewares/Third_Party/FreeRTOS/Source/stream_buffer.c **** 		return ( StreamBufferHandle_t ) pucAllocatedMemory; /*lint !e9087 !e826 Safe cast as allocated me
 173              		.loc 1 275 10
 174 00b2 3B6A     		ldr	r3, [r7, #32]
 276:Middlewares/Third_Party/FreeRTOS/Source/stream_buffer.c **** 	}
 175              		.loc 1 276 2
 176 00b4 1846     		mov	r0, r3
 177 00b6 2837     		adds	r7, r7, #40
 178              	.LCFI3:
 179              		.cfi_def_cfa_offset 8
 180 00b8 BD46     		mov	sp, r7
 181              	.LCFI4:
 182              		.cfi_def_cfa_register 13
 183              		@ sp needed
 184 00ba 80BD     		pop	{r7, pc}
 185              		.cfi_endproc
 186              	.LFE4:
 188              		.section	.text.xStreamBufferGenericCreateStatic,"ax",%progbits
 189              		.align	1
 190              		.global	xStreamBufferGenericCreateStatic
 191              		.syntax unified
 192              		.thumb
 193              		.thumb_func
 195              	xStreamBufferGenericCreateStatic:
 196              	.LFB5:
 277:Middlewares/Third_Party/FreeRTOS/Source/stream_buffer.c **** 
 278:Middlewares/Third_Party/FreeRTOS/Source/stream_buffer.c **** #endif /* configSUPPORT_DYNAMIC_ALLOCATION */
 279:Middlewares/Third_Party/FreeRTOS/Source/stream_buffer.c **** /*-----------------------------------------------------------*/
 280:Middlewares/Third_Party/FreeRTOS/Source/stream_buffer.c **** 
 281:Middlewares/Third_Party/FreeRTOS/Source/stream_buffer.c **** #if( configSUPPORT_STATIC_ALLOCATION == 1 )
 282:Middlewares/Third_Party/FreeRTOS/Source/stream_buffer.c **** 
 283:Middlewares/Third_Party/FreeRTOS/Source/stream_buffer.c **** 	StreamBufferHandle_t xStreamBufferGenericCreateStatic( size_t xBufferSizeBytes,
 284:Middlewares/Third_Party/FreeRTOS/Source/stream_buffer.c **** 														   size_t xTriggerLevelBytes,
 285:Middlewares/Third_Party/FreeRTOS/Source/stream_buffer.c **** 														   BaseType_t xIsMessageBuffer,
ARM GAS  /tmp/ccnNlaVp.s 			page 13


 286:Middlewares/Third_Party/FreeRTOS/Source/stream_buffer.c **** 														   uint8_t * const pucStreamBufferStorageArea,
 287:Middlewares/Third_Party/FreeRTOS/Source/stream_buffer.c **** 														   StaticStreamBuffer_t * const pxStaticStreamBuffer )
 288:Middlewares/Third_Party/FreeRTOS/Source/stream_buffer.c **** 	{
 197              		.loc 1 288 2
 198              		.cfi_startproc
 199              		@ args = 4, pretend = 0, frame = 56
 200              		@ frame_needed = 1, uses_anonymous_args = 0
 201 0000 80B5     		push	{r7, lr}
 202              	.LCFI5:
 203              		.cfi_def_cfa_offset 8
 204              		.cfi_offset 7, -8
 205              		.cfi_offset 14, -4
 206 0002 90B0     		sub	sp, sp, #64
 207              	.LCFI6:
 208              		.cfi_def_cfa_offset 72
 209 0004 02AF     		add	r7, sp, #8
 210              	.LCFI7:
 211              		.cfi_def_cfa 7, 64
 212 0006 F860     		str	r0, [r7, #12]
 213 0008 B960     		str	r1, [r7, #8]
 214 000a 7A60     		str	r2, [r7, #4]
 215 000c 3B60     		str	r3, [r7]
 289:Middlewares/Third_Party/FreeRTOS/Source/stream_buffer.c **** 	StreamBuffer_t * const pxStreamBuffer = ( StreamBuffer_t * ) pxStaticStreamBuffer; /*lint !e740 !e
 216              		.loc 1 289 25
 217 000e 3B6C     		ldr	r3, [r7, #64]
 218 0010 FB62     		str	r3, [r7, #44]
 290:Middlewares/Third_Party/FreeRTOS/Source/stream_buffer.c **** 	StreamBufferHandle_t xReturn;
 291:Middlewares/Third_Party/FreeRTOS/Source/stream_buffer.c **** 	uint8_t ucFlags;
 292:Middlewares/Third_Party/FreeRTOS/Source/stream_buffer.c **** 
 293:Middlewares/Third_Party/FreeRTOS/Source/stream_buffer.c **** 		configASSERT( pucStreamBufferStorageArea );
 219              		.loc 1 293 3
 220 0012 3B68     		ldr	r3, [r7]
 221 0014 002B     		cmp	r3, #0
 222 0016 0BD1     		bne	.L12
 223              	.LBB102:
 224              	.LBB103:
 195:Middlewares/Third_Party/FreeRTOS/Source/portable/GCC/ARM_CM4F/portmacro.h **** 	(
 225              		.loc 2 195 2
 226              		.syntax unified
 227              	@ 195 "Middlewares/Third_Party/FreeRTOS/Source/portable/GCC/ARM_CM4F/portmacro.h" 1
 228 0018 4FF05003 			mov r3, #80												
 229 001c 83F31188 		msr basepri, r3											
 230 0020 BFF36F8F 		isb														
 231 0024 BFF34F8F 		dsb														
 232              	
 233              	@ 0 "" 2
 234              		.thumb
 235              		.syntax unified
 236 0028 BB62     		str	r3, [r7, #40]
 237              		.loc 2 203 1
 238 002a 00BF     		nop
 239              	.L13:
 240              	.LBE103:
 241              	.LBE102:
 242              		.loc 1 293 3
 243 002c 00BF     		nop
 244 002e FDE7     		b	.L13
ARM GAS  /tmp/ccnNlaVp.s 			page 14


 245              	.L12:
 294:Middlewares/Third_Party/FreeRTOS/Source/stream_buffer.c **** 		configASSERT( pxStaticStreamBuffer );
 246              		.loc 1 294 3
 247 0030 3B6C     		ldr	r3, [r7, #64]
 248 0032 002B     		cmp	r3, #0
 249 0034 0BD1     		bne	.L14
 250              	.LBB104:
 251              	.LBB105:
 195:Middlewares/Third_Party/FreeRTOS/Source/portable/GCC/ARM_CM4F/portmacro.h **** 	(
 252              		.loc 2 195 2
 253              		.syntax unified
 254              	@ 195 "Middlewares/Third_Party/FreeRTOS/Source/portable/GCC/ARM_CM4F/portmacro.h" 1
 255 0036 4FF05003 			mov r3, #80												
 256 003a 83F31188 		msr basepri, r3											
 257 003e BFF36F8F 		isb														
 258 0042 BFF34F8F 		dsb														
 259              	
 260              	@ 0 "" 2
 261              		.thumb
 262              		.syntax unified
 263 0046 7B62     		str	r3, [r7, #36]
 264              		.loc 2 203 1
 265 0048 00BF     		nop
 266              	.L15:
 267              	.LBE105:
 268              	.LBE104:
 269              		.loc 1 294 3
 270 004a 00BF     		nop
 271 004c FDE7     		b	.L15
 272              	.L14:
 295:Middlewares/Third_Party/FreeRTOS/Source/stream_buffer.c **** 		configASSERT( xTriggerLevelBytes <= xBufferSizeBytes );
 273              		.loc 1 295 3
 274 004e BA68     		ldr	r2, [r7, #8]
 275 0050 FB68     		ldr	r3, [r7, #12]
 276 0052 9A42     		cmp	r2, r3
 277 0054 0BD9     		bls	.L16
 278              	.LBB106:
 279              	.LBB107:
 195:Middlewares/Third_Party/FreeRTOS/Source/portable/GCC/ARM_CM4F/portmacro.h **** 	(
 280              		.loc 2 195 2
 281              		.syntax unified
 282              	@ 195 "Middlewares/Third_Party/FreeRTOS/Source/portable/GCC/ARM_CM4F/portmacro.h" 1
 283 0056 4FF05003 			mov r3, #80												
 284 005a 83F31188 		msr basepri, r3											
 285 005e BFF36F8F 		isb														
 286 0062 BFF34F8F 		dsb														
 287              	
 288              	@ 0 "" 2
 289              		.thumb
 290              		.syntax unified
 291 0066 3B62     		str	r3, [r7, #32]
 292              		.loc 2 203 1
 293 0068 00BF     		nop
 294              	.L17:
 295              	.LBE107:
 296              	.LBE106:
 297              		.loc 1 295 3
ARM GAS  /tmp/ccnNlaVp.s 			page 15


 298 006a 00BF     		nop
 299 006c FDE7     		b	.L17
 300              	.L16:
 296:Middlewares/Third_Party/FreeRTOS/Source/stream_buffer.c **** 
 297:Middlewares/Third_Party/FreeRTOS/Source/stream_buffer.c **** 		/* A trigger level of 0 would cause a waiting task to unblock even when
 298:Middlewares/Third_Party/FreeRTOS/Source/stream_buffer.c **** 		the buffer was empty. */
 299:Middlewares/Third_Party/FreeRTOS/Source/stream_buffer.c **** 		if( xTriggerLevelBytes == ( size_t ) 0 )
 301              		.loc 1 299 5
 302 006e BB68     		ldr	r3, [r7, #8]
 303 0070 002B     		cmp	r3, #0
 304 0072 01D1     		bne	.L18
 300:Middlewares/Third_Party/FreeRTOS/Source/stream_buffer.c **** 		{
 301:Middlewares/Third_Party/FreeRTOS/Source/stream_buffer.c **** 			xTriggerLevelBytes = ( size_t ) 1;
 305              		.loc 1 301 23
 306 0074 0123     		movs	r3, #1
 307 0076 BB60     		str	r3, [r7, #8]
 308              	.L18:
 302:Middlewares/Third_Party/FreeRTOS/Source/stream_buffer.c **** 		}
 303:Middlewares/Third_Party/FreeRTOS/Source/stream_buffer.c **** 
 304:Middlewares/Third_Party/FreeRTOS/Source/stream_buffer.c **** 		if( xIsMessageBuffer != pdFALSE )
 309              		.loc 1 304 5
 310 0078 7B68     		ldr	r3, [r7, #4]
 311 007a 002B     		cmp	r3, #0
 312 007c 03D0     		beq	.L19
 305:Middlewares/Third_Party/FreeRTOS/Source/stream_buffer.c **** 		{
 306:Middlewares/Third_Party/FreeRTOS/Source/stream_buffer.c **** 			/* Statically allocated message buffer. */
 307:Middlewares/Third_Party/FreeRTOS/Source/stream_buffer.c **** 			ucFlags = sbFLAGS_IS_MESSAGE_BUFFER | sbFLAGS_IS_STATICALLY_ALLOCATED;
 313              		.loc 1 307 12
 314 007e 0323     		movs	r3, #3
 315 0080 87F83330 		strb	r3, [r7, #51]
 316 0084 02E0     		b	.L20
 317              	.L19:
 308:Middlewares/Third_Party/FreeRTOS/Source/stream_buffer.c **** 		}
 309:Middlewares/Third_Party/FreeRTOS/Source/stream_buffer.c **** 		else
 310:Middlewares/Third_Party/FreeRTOS/Source/stream_buffer.c **** 		{
 311:Middlewares/Third_Party/FreeRTOS/Source/stream_buffer.c **** 			/* Statically allocated stream buffer. */
 312:Middlewares/Third_Party/FreeRTOS/Source/stream_buffer.c **** 			ucFlags = sbFLAGS_IS_STATICALLY_ALLOCATED;
 318              		.loc 1 312 12
 319 0086 0223     		movs	r3, #2
 320 0088 87F83330 		strb	r3, [r7, #51]
 321              	.L20:
 313:Middlewares/Third_Party/FreeRTOS/Source/stream_buffer.c **** 		}
 314:Middlewares/Third_Party/FreeRTOS/Source/stream_buffer.c **** 
 315:Middlewares/Third_Party/FreeRTOS/Source/stream_buffer.c **** 		/* In case the stream buffer is going to be used as a message buffer
 316:Middlewares/Third_Party/FreeRTOS/Source/stream_buffer.c **** 		(that is, it will hold discrete messages with a little meta data that
 317:Middlewares/Third_Party/FreeRTOS/Source/stream_buffer.c **** 		says how big the next message is) check the buffer will be large enough
 318:Middlewares/Third_Party/FreeRTOS/Source/stream_buffer.c **** 		to hold at least one message. */
 319:Middlewares/Third_Party/FreeRTOS/Source/stream_buffer.c **** 		configASSERT( xBufferSizeBytes > sbBYTES_TO_STORE_MESSAGE_LENGTH );
 322              		.loc 1 319 3
 323 008c FB68     		ldr	r3, [r7, #12]
 324 008e 042B     		cmp	r3, #4
 325 0090 0BD8     		bhi	.L21
 326              	.LBB108:
 327              	.LBB109:
 195:Middlewares/Third_Party/FreeRTOS/Source/portable/GCC/ARM_CM4F/portmacro.h **** 	(
 328              		.loc 2 195 2
 329              		.syntax unified
ARM GAS  /tmp/ccnNlaVp.s 			page 16


 330              	@ 195 "Middlewares/Third_Party/FreeRTOS/Source/portable/GCC/ARM_CM4F/portmacro.h" 1
 331 0092 4FF05003 			mov r3, #80												
 332 0096 83F31188 		msr basepri, r3											
 333 009a BFF36F8F 		isb														
 334 009e BFF34F8F 		dsb														
 335              	
 336              	@ 0 "" 2
 337              		.thumb
 338              		.syntax unified
 339 00a2 FB61     		str	r3, [r7, #28]
 340              		.loc 2 203 1
 341 00a4 00BF     		nop
 342              	.L22:
 343              	.LBE109:
 344              	.LBE108:
 345              		.loc 1 319 3
 346 00a6 00BF     		nop
 347 00a8 FDE7     		b	.L22
 348              	.L21:
 349              	.LBB110:
 320:Middlewares/Third_Party/FreeRTOS/Source/stream_buffer.c **** 
 321:Middlewares/Third_Party/FreeRTOS/Source/stream_buffer.c **** 		#if( configASSERT_DEFINED == 1 )
 322:Middlewares/Third_Party/FreeRTOS/Source/stream_buffer.c **** 		{
 323:Middlewares/Third_Party/FreeRTOS/Source/stream_buffer.c **** 			/* Sanity check that the size of the structure used to declare a
 324:Middlewares/Third_Party/FreeRTOS/Source/stream_buffer.c **** 			variable of type StaticStreamBuffer_t equals the size of the real
 325:Middlewares/Third_Party/FreeRTOS/Source/stream_buffer.c **** 			message buffer structure. */
 326:Middlewares/Third_Party/FreeRTOS/Source/stream_buffer.c **** 			volatile size_t xSize = sizeof( StaticStreamBuffer_t );
 350              		.loc 1 326 20
 351 00aa 2423     		movs	r3, #36
 352 00ac 7B61     		str	r3, [r7, #20]
 327:Middlewares/Third_Party/FreeRTOS/Source/stream_buffer.c **** 			configASSERT( xSize == sizeof( StreamBuffer_t ) );
 353              		.loc 1 327 4
 354 00ae 7B69     		ldr	r3, [r7, #20]
 355 00b0 242B     		cmp	r3, #36
 356 00b2 0BD0     		beq	.L23
 357              	.LBB111:
 358              	.LBB112:
 195:Middlewares/Third_Party/FreeRTOS/Source/portable/GCC/ARM_CM4F/portmacro.h **** 	(
 359              		.loc 2 195 2
 360              		.syntax unified
 361              	@ 195 "Middlewares/Third_Party/FreeRTOS/Source/portable/GCC/ARM_CM4F/portmacro.h" 1
 362 00b4 4FF05003 			mov r3, #80												
 363 00b8 83F31188 		msr basepri, r3											
 364 00bc BFF36F8F 		isb														
 365 00c0 BFF34F8F 		dsb														
 366              	
 367              	@ 0 "" 2
 368              		.thumb
 369              		.syntax unified
 370 00c4 BB61     		str	r3, [r7, #24]
 371              		.loc 2 203 1
 372 00c6 00BF     		nop
 373              	.L24:
 374              	.LBE112:
 375              	.LBE111:
 376              		.loc 1 327 4
 377 00c8 00BF     		nop
ARM GAS  /tmp/ccnNlaVp.s 			page 17


 378 00ca FDE7     		b	.L24
 379              	.L23:
 380              	.LBE110:
 328:Middlewares/Third_Party/FreeRTOS/Source/stream_buffer.c **** 		} /*lint !e529 xSize is referenced is configASSERT() is defined. */
 329:Middlewares/Third_Party/FreeRTOS/Source/stream_buffer.c **** 		#endif /* configASSERT_DEFINED */
 330:Middlewares/Third_Party/FreeRTOS/Source/stream_buffer.c **** 
 331:Middlewares/Third_Party/FreeRTOS/Source/stream_buffer.c **** 		if( ( pucStreamBufferStorageArea != NULL ) && ( pxStaticStreamBuffer != NULL ) )
 381              		.loc 1 331 5
 382 00cc 3B68     		ldr	r3, [r7]
 383 00ce 002B     		cmp	r3, #0
 384 00d0 15D0     		beq	.L25
 385              		.loc 1 331 46 discriminator 1
 386 00d2 3B6C     		ldr	r3, [r7, #64]
 387 00d4 002B     		cmp	r3, #0
 388 00d6 12D0     		beq	.L25
 332:Middlewares/Third_Party/FreeRTOS/Source/stream_buffer.c **** 		{
 333:Middlewares/Third_Party/FreeRTOS/Source/stream_buffer.c **** 			prvInitialiseNewStreamBuffer( pxStreamBuffer,
 389              		.loc 1 333 4
 390 00d8 97F83330 		ldrb	r3, [r7, #51]	@ zero_extendqisi2
 391 00dc 0093     		str	r3, [sp]
 392 00de BB68     		ldr	r3, [r7, #8]
 393 00e0 FA68     		ldr	r2, [r7, #12]
 394 00e2 3968     		ldr	r1, [r7]
 395 00e4 F86A     		ldr	r0, [r7, #44]
 396 00e6 FFF7FEFF 		bl	prvInitialiseNewStreamBuffer
 334:Middlewares/Third_Party/FreeRTOS/Source/stream_buffer.c **** 										  pucStreamBufferStorageArea,
 335:Middlewares/Third_Party/FreeRTOS/Source/stream_buffer.c **** 										  xBufferSizeBytes,
 336:Middlewares/Third_Party/FreeRTOS/Source/stream_buffer.c **** 										  xTriggerLevelBytes,
 337:Middlewares/Third_Party/FreeRTOS/Source/stream_buffer.c **** 										  ucFlags );
 338:Middlewares/Third_Party/FreeRTOS/Source/stream_buffer.c **** 
 339:Middlewares/Third_Party/FreeRTOS/Source/stream_buffer.c **** 			/* Remember this was statically allocated in case it is ever deleted
 340:Middlewares/Third_Party/FreeRTOS/Source/stream_buffer.c **** 			again. */
 341:Middlewares/Third_Party/FreeRTOS/Source/stream_buffer.c **** 			pxStreamBuffer->ucFlags |= sbFLAGS_IS_STATICALLY_ALLOCATED;
 397              		.loc 1 341 18
 398 00ea FB6A     		ldr	r3, [r7, #44]
 399 00ec 1B7F     		ldrb	r3, [r3, #28]	@ zero_extendqisi2
 400              		.loc 1 341 28
 401 00ee 43F00203 		orr	r3, r3, #2
 402 00f2 DAB2     		uxtb	r2, r3
 403 00f4 FB6A     		ldr	r3, [r7, #44]
 404 00f6 1A77     		strb	r2, [r3, #28]
 342:Middlewares/Third_Party/FreeRTOS/Source/stream_buffer.c **** 
 343:Middlewares/Third_Party/FreeRTOS/Source/stream_buffer.c **** 			traceSTREAM_BUFFER_CREATE( pxStreamBuffer, xIsMessageBuffer );
 344:Middlewares/Third_Party/FreeRTOS/Source/stream_buffer.c **** 
 345:Middlewares/Third_Party/FreeRTOS/Source/stream_buffer.c **** 			xReturn = ( StreamBufferHandle_t ) pxStaticStreamBuffer; /*lint !e9087 Data hiding requires cast
 405              		.loc 1 345 12
 406 00f8 3B6C     		ldr	r3, [r7, #64]
 407 00fa 7B63     		str	r3, [r7, #52]
 408 00fc 01E0     		b	.L26
 409              	.L25:
 346:Middlewares/Third_Party/FreeRTOS/Source/stream_buffer.c **** 		}
 347:Middlewares/Third_Party/FreeRTOS/Source/stream_buffer.c **** 		else
 348:Middlewares/Third_Party/FreeRTOS/Source/stream_buffer.c **** 		{
 349:Middlewares/Third_Party/FreeRTOS/Source/stream_buffer.c **** 			xReturn = NULL;
 410              		.loc 1 349 12
 411 00fe 0023     		movs	r3, #0
 412 0100 7B63     		str	r3, [r7, #52]
ARM GAS  /tmp/ccnNlaVp.s 			page 18


 413              	.L26:
 350:Middlewares/Third_Party/FreeRTOS/Source/stream_buffer.c **** 			traceSTREAM_BUFFER_CREATE_STATIC_FAILED( xReturn, xIsMessageBuffer );
 351:Middlewares/Third_Party/FreeRTOS/Source/stream_buffer.c **** 		}
 352:Middlewares/Third_Party/FreeRTOS/Source/stream_buffer.c **** 
 353:Middlewares/Third_Party/FreeRTOS/Source/stream_buffer.c **** 		return xReturn;
 414              		.loc 1 353 10
 415 0102 7B6B     		ldr	r3, [r7, #52]
 354:Middlewares/Third_Party/FreeRTOS/Source/stream_buffer.c **** 	}
 416              		.loc 1 354 2
 417 0104 1846     		mov	r0, r3
 418 0106 3837     		adds	r7, r7, #56
 419              	.LCFI8:
 420              		.cfi_def_cfa_offset 8
 421 0108 BD46     		mov	sp, r7
 422              	.LCFI9:
 423              		.cfi_def_cfa_register 13
 424              		@ sp needed
 425 010a 80BD     		pop	{r7, pc}
 426              		.cfi_endproc
 427              	.LFE5:
 429              		.section	.text.vStreamBufferDelete,"ax",%progbits
 430              		.align	1
 431              		.global	vStreamBufferDelete
 432              		.syntax unified
 433              		.thumb
 434              		.thumb_func
 436              	vStreamBufferDelete:
 437              	.LFB6:
 355:Middlewares/Third_Party/FreeRTOS/Source/stream_buffer.c **** 
 356:Middlewares/Third_Party/FreeRTOS/Source/stream_buffer.c **** #endif /* ( configSUPPORT_STATIC_ALLOCATION == 1 ) */
 357:Middlewares/Third_Party/FreeRTOS/Source/stream_buffer.c **** /*-----------------------------------------------------------*/
 358:Middlewares/Third_Party/FreeRTOS/Source/stream_buffer.c **** 
 359:Middlewares/Third_Party/FreeRTOS/Source/stream_buffer.c **** void vStreamBufferDelete( StreamBufferHandle_t xStreamBuffer )
 360:Middlewares/Third_Party/FreeRTOS/Source/stream_buffer.c **** {
 438              		.loc 1 360 1
 439              		.cfi_startproc
 440              		@ args = 0, pretend = 0, frame = 16
 441              		@ frame_needed = 1, uses_anonymous_args = 0
 442 0000 80B5     		push	{r7, lr}
 443              	.LCFI10:
 444              		.cfi_def_cfa_offset 8
 445              		.cfi_offset 7, -8
 446              		.cfi_offset 14, -4
 447 0002 84B0     		sub	sp, sp, #16
 448              	.LCFI11:
 449              		.cfi_def_cfa_offset 24
 450 0004 00AF     		add	r7, sp, #0
 451              	.LCFI12:
 452              		.cfi_def_cfa_register 7
 453 0006 7860     		str	r0, [r7, #4]
 361:Middlewares/Third_Party/FreeRTOS/Source/stream_buffer.c **** StreamBuffer_t * pxStreamBuffer = xStreamBuffer;
 454              		.loc 1 361 18
 455 0008 7B68     		ldr	r3, [r7, #4]
 456 000a FB60     		str	r3, [r7, #12]
 362:Middlewares/Third_Party/FreeRTOS/Source/stream_buffer.c **** 
 363:Middlewares/Third_Party/FreeRTOS/Source/stream_buffer.c **** 	configASSERT( pxStreamBuffer );
 457              		.loc 1 363 2
ARM GAS  /tmp/ccnNlaVp.s 			page 19


 458 000c FB68     		ldr	r3, [r7, #12]
 459 000e 002B     		cmp	r3, #0
 460 0010 0BD1     		bne	.L29
 461              	.LBB113:
 462              	.LBB114:
 195:Middlewares/Third_Party/FreeRTOS/Source/portable/GCC/ARM_CM4F/portmacro.h **** 	(
 463              		.loc 2 195 2
 464              		.syntax unified
 465              	@ 195 "Middlewares/Third_Party/FreeRTOS/Source/portable/GCC/ARM_CM4F/portmacro.h" 1
 466 0012 4FF05003 			mov r3, #80												
 467 0016 83F31188 		msr basepri, r3											
 468 001a BFF36F8F 		isb														
 469 001e BFF34F8F 		dsb														
 470              	
 471              	@ 0 "" 2
 472              		.thumb
 473              		.syntax unified
 474 0022 BB60     		str	r3, [r7, #8]
 475              		.loc 2 203 1
 476 0024 00BF     		nop
 477              	.L30:
 478              	.LBE114:
 479              	.LBE113:
 480              		.loc 1 363 2
 481 0026 00BF     		nop
 482 0028 FDE7     		b	.L30
 483              	.L29:
 364:Middlewares/Third_Party/FreeRTOS/Source/stream_buffer.c **** 
 365:Middlewares/Third_Party/FreeRTOS/Source/stream_buffer.c **** 	traceSTREAM_BUFFER_DELETE( xStreamBuffer );
 366:Middlewares/Third_Party/FreeRTOS/Source/stream_buffer.c **** 
 367:Middlewares/Third_Party/FreeRTOS/Source/stream_buffer.c **** 	if( ( pxStreamBuffer->ucFlags & sbFLAGS_IS_STATICALLY_ALLOCATED ) == ( uint8_t ) pdFALSE )
 484              		.loc 1 367 22
 485 002a FB68     		ldr	r3, [r7, #12]
 486 002c 1B7F     		ldrb	r3, [r3, #28]	@ zero_extendqisi2
 487              		.loc 1 367 32
 488 002e 03F00203 		and	r3, r3, #2
 489              		.loc 1 367 4
 490 0032 002B     		cmp	r3, #0
 491 0034 03D1     		bne	.L31
 368:Middlewares/Third_Party/FreeRTOS/Source/stream_buffer.c **** 	{
 369:Middlewares/Third_Party/FreeRTOS/Source/stream_buffer.c **** 		#if( configSUPPORT_DYNAMIC_ALLOCATION == 1 )
 370:Middlewares/Third_Party/FreeRTOS/Source/stream_buffer.c **** 		{
 371:Middlewares/Third_Party/FreeRTOS/Source/stream_buffer.c **** 			/* Both the structure and the buffer were allocated using a single call
 372:Middlewares/Third_Party/FreeRTOS/Source/stream_buffer.c **** 			to pvPortMalloc(), hence only one call to vPortFree() is required. */
 373:Middlewares/Third_Party/FreeRTOS/Source/stream_buffer.c **** 			vPortFree( ( void * ) pxStreamBuffer ); /*lint !e9087 Standard free() semantics require void *, 
 492              		.loc 1 373 4
 493 0036 F868     		ldr	r0, [r7, #12]
 494 0038 FFF7FEFF 		bl	vPortFree
 374:Middlewares/Third_Party/FreeRTOS/Source/stream_buffer.c **** 		}
 375:Middlewares/Third_Party/FreeRTOS/Source/stream_buffer.c **** 		#else
 376:Middlewares/Third_Party/FreeRTOS/Source/stream_buffer.c **** 		{
 377:Middlewares/Third_Party/FreeRTOS/Source/stream_buffer.c **** 			/* Should not be possible to get here, ucFlags must be corrupt.
 378:Middlewares/Third_Party/FreeRTOS/Source/stream_buffer.c **** 			Force an assert. */
 379:Middlewares/Third_Party/FreeRTOS/Source/stream_buffer.c **** 			configASSERT( xStreamBuffer == ( StreamBufferHandle_t ) ~0 );
 380:Middlewares/Third_Party/FreeRTOS/Source/stream_buffer.c **** 		}
 381:Middlewares/Third_Party/FreeRTOS/Source/stream_buffer.c **** 		#endif
 382:Middlewares/Third_Party/FreeRTOS/Source/stream_buffer.c **** 	}
ARM GAS  /tmp/ccnNlaVp.s 			page 20


 383:Middlewares/Third_Party/FreeRTOS/Source/stream_buffer.c **** 	else
 384:Middlewares/Third_Party/FreeRTOS/Source/stream_buffer.c **** 	{
 385:Middlewares/Third_Party/FreeRTOS/Source/stream_buffer.c **** 		/* The structure and buffer were not allocated dynamically and cannot be
 386:Middlewares/Third_Party/FreeRTOS/Source/stream_buffer.c **** 		freed - just scrub the structure so future use will assert. */
 387:Middlewares/Third_Party/FreeRTOS/Source/stream_buffer.c **** 		( void ) memset( pxStreamBuffer, 0x00, sizeof( StreamBuffer_t ) );
 388:Middlewares/Third_Party/FreeRTOS/Source/stream_buffer.c **** 	}
 389:Middlewares/Third_Party/FreeRTOS/Source/stream_buffer.c **** }
 495              		.loc 1 389 1
 496 003c 04E0     		b	.L33
 497              	.L31:
 387:Middlewares/Third_Party/FreeRTOS/Source/stream_buffer.c **** 	}
 498              		.loc 1 387 12
 499 003e 2422     		movs	r2, #36
 500 0040 0021     		movs	r1, #0
 501 0042 F868     		ldr	r0, [r7, #12]
 502 0044 FFF7FEFF 		bl	memset
 503              	.L33:
 504              		.loc 1 389 1
 505 0048 00BF     		nop
 506 004a 1037     		adds	r7, r7, #16
 507              	.LCFI13:
 508              		.cfi_def_cfa_offset 8
 509 004c BD46     		mov	sp, r7
 510              	.LCFI14:
 511              		.cfi_def_cfa_register 13
 512              		@ sp needed
 513 004e 80BD     		pop	{r7, pc}
 514              		.cfi_endproc
 515              	.LFE6:
 517              		.section	.text.xStreamBufferReset,"ax",%progbits
 518              		.align	1
 519              		.global	xStreamBufferReset
 520              		.syntax unified
 521              		.thumb
 522              		.thumb_func
 524              	xStreamBufferReset:
 525              	.LFB7:
 390:Middlewares/Third_Party/FreeRTOS/Source/stream_buffer.c **** /*-----------------------------------------------------------*/
 391:Middlewares/Third_Party/FreeRTOS/Source/stream_buffer.c **** 
 392:Middlewares/Third_Party/FreeRTOS/Source/stream_buffer.c **** BaseType_t xStreamBufferReset( StreamBufferHandle_t xStreamBuffer )
 393:Middlewares/Third_Party/FreeRTOS/Source/stream_buffer.c **** {
 526              		.loc 1 393 1
 527              		.cfi_startproc
 528              		@ args = 0, pretend = 0, frame = 24
 529              		@ frame_needed = 1, uses_anonymous_args = 0
 530 0000 80B5     		push	{r7, lr}
 531              	.LCFI15:
 532              		.cfi_def_cfa_offset 8
 533              		.cfi_offset 7, -8
 534              		.cfi_offset 14, -4
 535 0002 88B0     		sub	sp, sp, #32
 536              	.LCFI16:
 537              		.cfi_def_cfa_offset 40
 538 0004 02AF     		add	r7, sp, #8
 539              	.LCFI17:
 540              		.cfi_def_cfa 7, 32
 541 0006 7860     		str	r0, [r7, #4]
ARM GAS  /tmp/ccnNlaVp.s 			page 21


 394:Middlewares/Third_Party/FreeRTOS/Source/stream_buffer.c **** StreamBuffer_t * const pxStreamBuffer = xStreamBuffer;
 542              		.loc 1 394 24
 543 0008 7B68     		ldr	r3, [r7, #4]
 544 000a 3B61     		str	r3, [r7, #16]
 395:Middlewares/Third_Party/FreeRTOS/Source/stream_buffer.c **** BaseType_t xReturn = pdFAIL;
 545              		.loc 1 395 12
 546 000c 0023     		movs	r3, #0
 547 000e 7B61     		str	r3, [r7, #20]
 396:Middlewares/Third_Party/FreeRTOS/Source/stream_buffer.c **** 
 397:Middlewares/Third_Party/FreeRTOS/Source/stream_buffer.c **** #if( configUSE_TRACE_FACILITY == 1 )
 398:Middlewares/Third_Party/FreeRTOS/Source/stream_buffer.c **** 	UBaseType_t uxStreamBufferNumber;
 399:Middlewares/Third_Party/FreeRTOS/Source/stream_buffer.c **** #endif
 400:Middlewares/Third_Party/FreeRTOS/Source/stream_buffer.c **** 
 401:Middlewares/Third_Party/FreeRTOS/Source/stream_buffer.c **** 	configASSERT( pxStreamBuffer );
 548              		.loc 1 401 2
 549 0010 3B69     		ldr	r3, [r7, #16]
 550 0012 002B     		cmp	r3, #0
 551 0014 0BD1     		bne	.L35
 552              	.LBB115:
 553              	.LBB116:
 195:Middlewares/Third_Party/FreeRTOS/Source/portable/GCC/ARM_CM4F/portmacro.h **** 	(
 554              		.loc 2 195 2
 555              		.syntax unified
 556              	@ 195 "Middlewares/Third_Party/FreeRTOS/Source/portable/GCC/ARM_CM4F/portmacro.h" 1
 557 0016 4FF05003 			mov r3, #80												
 558 001a 83F31188 		msr basepri, r3											
 559 001e BFF36F8F 		isb														
 560 0022 BFF34F8F 		dsb														
 561              	
 562              	@ 0 "" 2
 563              		.thumb
 564              		.syntax unified
 565 0026 BB60     		str	r3, [r7, #8]
 566              		.loc 2 203 1
 567 0028 00BF     		nop
 568              	.L36:
 569              	.LBE116:
 570              	.LBE115:
 571              		.loc 1 401 2
 572 002a 00BF     		nop
 573 002c FDE7     		b	.L36
 574              	.L35:
 402:Middlewares/Third_Party/FreeRTOS/Source/stream_buffer.c **** 
 403:Middlewares/Third_Party/FreeRTOS/Source/stream_buffer.c **** 	#if( configUSE_TRACE_FACILITY == 1 )
 404:Middlewares/Third_Party/FreeRTOS/Source/stream_buffer.c **** 	{
 405:Middlewares/Third_Party/FreeRTOS/Source/stream_buffer.c **** 		/* Store the stream buffer number so it can be restored after the
 406:Middlewares/Third_Party/FreeRTOS/Source/stream_buffer.c **** 		reset. */
 407:Middlewares/Third_Party/FreeRTOS/Source/stream_buffer.c **** 		uxStreamBufferNumber = pxStreamBuffer->uxStreamBufferNumber;
 575              		.loc 1 407 24
 576 002e 3B69     		ldr	r3, [r7, #16]
 577 0030 1B6A     		ldr	r3, [r3, #32]
 578 0032 FB60     		str	r3, [r7, #12]
 408:Middlewares/Third_Party/FreeRTOS/Source/stream_buffer.c **** 	}
 409:Middlewares/Third_Party/FreeRTOS/Source/stream_buffer.c **** 	#endif
 410:Middlewares/Third_Party/FreeRTOS/Source/stream_buffer.c **** 
 411:Middlewares/Third_Party/FreeRTOS/Source/stream_buffer.c **** 	/* Can only reset a message buffer if there are no tasks blocked on it. */
 412:Middlewares/Third_Party/FreeRTOS/Source/stream_buffer.c **** 	taskENTER_CRITICAL();
ARM GAS  /tmp/ccnNlaVp.s 			page 22


 579              		.loc 1 412 2
 580 0034 FFF7FEFF 		bl	vPortEnterCritical
 413:Middlewares/Third_Party/FreeRTOS/Source/stream_buffer.c **** 	{
 414:Middlewares/Third_Party/FreeRTOS/Source/stream_buffer.c **** 		if( pxStreamBuffer->xTaskWaitingToReceive == NULL )
 581              		.loc 1 414 21
 582 0038 3B69     		ldr	r3, [r7, #16]
 583 003a 1B69     		ldr	r3, [r3, #16]
 584              		.loc 1 414 5
 585 003c 002B     		cmp	r3, #0
 586 003e 15D1     		bne	.L37
 415:Middlewares/Third_Party/FreeRTOS/Source/stream_buffer.c **** 		{
 416:Middlewares/Third_Party/FreeRTOS/Source/stream_buffer.c **** 			if( pxStreamBuffer->xTaskWaitingToSend == NULL )
 587              		.loc 1 416 22
 588 0040 3B69     		ldr	r3, [r7, #16]
 589 0042 5B69     		ldr	r3, [r3, #20]
 590              		.loc 1 416 6
 591 0044 002B     		cmp	r3, #0
 592 0046 11D1     		bne	.L37
 417:Middlewares/Third_Party/FreeRTOS/Source/stream_buffer.c **** 			{
 418:Middlewares/Third_Party/FreeRTOS/Source/stream_buffer.c **** 				prvInitialiseNewStreamBuffer( pxStreamBuffer,
 419:Middlewares/Third_Party/FreeRTOS/Source/stream_buffer.c **** 											  pxStreamBuffer->pucBuffer,
 593              		.loc 1 419 28
 594 0048 3B69     		ldr	r3, [r7, #16]
 595 004a 9969     		ldr	r1, [r3, #24]
 418:Middlewares/Third_Party/FreeRTOS/Source/stream_buffer.c **** 											  pxStreamBuffer->pucBuffer,
 596              		.loc 1 418 5
 597 004c 3B69     		ldr	r3, [r7, #16]
 598 004e 9A68     		ldr	r2, [r3, #8]
 599 0050 3B69     		ldr	r3, [r7, #16]
 600 0052 D868     		ldr	r0, [r3, #12]
 601 0054 3B69     		ldr	r3, [r7, #16]
 602 0056 1B7F     		ldrb	r3, [r3, #28]	@ zero_extendqisi2
 603 0058 0093     		str	r3, [sp]
 604 005a 0346     		mov	r3, r0
 605 005c 3869     		ldr	r0, [r7, #16]
 606 005e FFF7FEFF 		bl	prvInitialiseNewStreamBuffer
 420:Middlewares/Third_Party/FreeRTOS/Source/stream_buffer.c **** 											  pxStreamBuffer->xLength,
 421:Middlewares/Third_Party/FreeRTOS/Source/stream_buffer.c **** 											  pxStreamBuffer->xTriggerLevelBytes,
 422:Middlewares/Third_Party/FreeRTOS/Source/stream_buffer.c **** 											  pxStreamBuffer->ucFlags );
 423:Middlewares/Third_Party/FreeRTOS/Source/stream_buffer.c **** 				xReturn = pdPASS;
 607              		.loc 1 423 13
 608 0062 0123     		movs	r3, #1
 609 0064 7B61     		str	r3, [r7, #20]
 424:Middlewares/Third_Party/FreeRTOS/Source/stream_buffer.c **** 
 425:Middlewares/Third_Party/FreeRTOS/Source/stream_buffer.c **** 				#if( configUSE_TRACE_FACILITY == 1 )
 426:Middlewares/Third_Party/FreeRTOS/Source/stream_buffer.c **** 				{
 427:Middlewares/Third_Party/FreeRTOS/Source/stream_buffer.c **** 					pxStreamBuffer->uxStreamBufferNumber = uxStreamBufferNumber;
 610              		.loc 1 427 43
 611 0066 3B69     		ldr	r3, [r7, #16]
 612 0068 FA68     		ldr	r2, [r7, #12]
 613 006a 1A62     		str	r2, [r3, #32]
 614              	.L37:
 428:Middlewares/Third_Party/FreeRTOS/Source/stream_buffer.c **** 				}
 429:Middlewares/Third_Party/FreeRTOS/Source/stream_buffer.c **** 				#endif
 430:Middlewares/Third_Party/FreeRTOS/Source/stream_buffer.c **** 
 431:Middlewares/Third_Party/FreeRTOS/Source/stream_buffer.c **** 				traceSTREAM_BUFFER_RESET( xStreamBuffer );
 432:Middlewares/Third_Party/FreeRTOS/Source/stream_buffer.c **** 			}
ARM GAS  /tmp/ccnNlaVp.s 			page 23


 433:Middlewares/Third_Party/FreeRTOS/Source/stream_buffer.c **** 		}
 434:Middlewares/Third_Party/FreeRTOS/Source/stream_buffer.c **** 	}
 435:Middlewares/Third_Party/FreeRTOS/Source/stream_buffer.c **** 	taskEXIT_CRITICAL();
 615              		.loc 1 435 2
 616 006c FFF7FEFF 		bl	vPortExitCritical
 436:Middlewares/Third_Party/FreeRTOS/Source/stream_buffer.c **** 
 437:Middlewares/Third_Party/FreeRTOS/Source/stream_buffer.c **** 	return xReturn;
 617              		.loc 1 437 9
 618 0070 7B69     		ldr	r3, [r7, #20]
 438:Middlewares/Third_Party/FreeRTOS/Source/stream_buffer.c **** }
 619              		.loc 1 438 1
 620 0072 1846     		mov	r0, r3
 621 0074 1837     		adds	r7, r7, #24
 622              	.LCFI18:
 623              		.cfi_def_cfa_offset 8
 624 0076 BD46     		mov	sp, r7
 625              	.LCFI19:
 626              		.cfi_def_cfa_register 13
 627              		@ sp needed
 628 0078 80BD     		pop	{r7, pc}
 629              		.cfi_endproc
 630              	.LFE7:
 632              		.section	.text.xStreamBufferSetTriggerLevel,"ax",%progbits
 633              		.align	1
 634              		.global	xStreamBufferSetTriggerLevel
 635              		.syntax unified
 636              		.thumb
 637              		.thumb_func
 639              	xStreamBufferSetTriggerLevel:
 640              	.LFB8:
 439:Middlewares/Third_Party/FreeRTOS/Source/stream_buffer.c **** /*-----------------------------------------------------------*/
 440:Middlewares/Third_Party/FreeRTOS/Source/stream_buffer.c **** 
 441:Middlewares/Third_Party/FreeRTOS/Source/stream_buffer.c **** BaseType_t xStreamBufferSetTriggerLevel( StreamBufferHandle_t xStreamBuffer, size_t xTriggerLevel )
 442:Middlewares/Third_Party/FreeRTOS/Source/stream_buffer.c **** {
 641              		.loc 1 442 1
 642              		.cfi_startproc
 643              		@ args = 0, pretend = 0, frame = 24
 644              		@ frame_needed = 1, uses_anonymous_args = 0
 645              		@ link register save eliminated.
 646 0000 80B4     		push	{r7}
 647              	.LCFI20:
 648              		.cfi_def_cfa_offset 4
 649              		.cfi_offset 7, -4
 650 0002 87B0     		sub	sp, sp, #28
 651              	.LCFI21:
 652              		.cfi_def_cfa_offset 32
 653 0004 00AF     		add	r7, sp, #0
 654              	.LCFI22:
 655              		.cfi_def_cfa_register 7
 656 0006 7860     		str	r0, [r7, #4]
 657 0008 3960     		str	r1, [r7]
 443:Middlewares/Third_Party/FreeRTOS/Source/stream_buffer.c **** StreamBuffer_t * const pxStreamBuffer = xStreamBuffer;
 658              		.loc 1 443 24
 659 000a 7B68     		ldr	r3, [r7, #4]
 660 000c 3B61     		str	r3, [r7, #16]
 444:Middlewares/Third_Party/FreeRTOS/Source/stream_buffer.c **** BaseType_t xReturn;
 445:Middlewares/Third_Party/FreeRTOS/Source/stream_buffer.c **** 
ARM GAS  /tmp/ccnNlaVp.s 			page 24


 446:Middlewares/Third_Party/FreeRTOS/Source/stream_buffer.c **** 	configASSERT( pxStreamBuffer );
 661              		.loc 1 446 2
 662 000e 3B69     		ldr	r3, [r7, #16]
 663 0010 002B     		cmp	r3, #0
 664 0012 0BD1     		bne	.L40
 665              	.LBB117:
 666              	.LBB118:
 195:Middlewares/Third_Party/FreeRTOS/Source/portable/GCC/ARM_CM4F/portmacro.h **** 	(
 667              		.loc 2 195 2
 668              		.syntax unified
 669              	@ 195 "Middlewares/Third_Party/FreeRTOS/Source/portable/GCC/ARM_CM4F/portmacro.h" 1
 670 0014 4FF05003 			mov r3, #80												
 671 0018 83F31188 		msr basepri, r3											
 672 001c BFF36F8F 		isb														
 673 0020 BFF34F8F 		dsb														
 674              	
 675              	@ 0 "" 2
 676              		.thumb
 677              		.syntax unified
 678 0024 FB60     		str	r3, [r7, #12]
 679              		.loc 2 203 1
 680 0026 00BF     		nop
 681              	.L41:
 682              	.LBE118:
 683              	.LBE117:
 684              		.loc 1 446 2
 685 0028 00BF     		nop
 686 002a FDE7     		b	.L41
 687              	.L40:
 447:Middlewares/Third_Party/FreeRTOS/Source/stream_buffer.c **** 
 448:Middlewares/Third_Party/FreeRTOS/Source/stream_buffer.c **** 	/* It is not valid for the trigger level to be 0. */
 449:Middlewares/Third_Party/FreeRTOS/Source/stream_buffer.c **** 	if( xTriggerLevel == ( size_t ) 0 )
 688              		.loc 1 449 4
 689 002c 3B68     		ldr	r3, [r7]
 690 002e 002B     		cmp	r3, #0
 691 0030 01D1     		bne	.L42
 450:Middlewares/Third_Party/FreeRTOS/Source/stream_buffer.c **** 	{
 451:Middlewares/Third_Party/FreeRTOS/Source/stream_buffer.c **** 		xTriggerLevel = ( size_t ) 1;
 692              		.loc 1 451 17
 693 0032 0123     		movs	r3, #1
 694 0034 3B60     		str	r3, [r7]
 695              	.L42:
 452:Middlewares/Third_Party/FreeRTOS/Source/stream_buffer.c **** 	}
 453:Middlewares/Third_Party/FreeRTOS/Source/stream_buffer.c **** 
 454:Middlewares/Third_Party/FreeRTOS/Source/stream_buffer.c **** 	/* The trigger level is the number of bytes that must be in the stream
 455:Middlewares/Third_Party/FreeRTOS/Source/stream_buffer.c **** 	buffer before a task that is waiting for data is unblocked. */
 456:Middlewares/Third_Party/FreeRTOS/Source/stream_buffer.c **** 	if( xTriggerLevel <= pxStreamBuffer->xLength )
 696              		.loc 1 456 37
 697 0036 3B69     		ldr	r3, [r7, #16]
 698 0038 9B68     		ldr	r3, [r3, #8]
 699              		.loc 1 456 4
 700 003a 3A68     		ldr	r2, [r7]
 701 003c 9A42     		cmp	r2, r3
 702 003e 05D8     		bhi	.L43
 457:Middlewares/Third_Party/FreeRTOS/Source/stream_buffer.c **** 	{
 458:Middlewares/Third_Party/FreeRTOS/Source/stream_buffer.c **** 		pxStreamBuffer->xTriggerLevelBytes = xTriggerLevel;
 703              		.loc 1 458 38
ARM GAS  /tmp/ccnNlaVp.s 			page 25


 704 0040 3B69     		ldr	r3, [r7, #16]
 705 0042 3A68     		ldr	r2, [r7]
 706 0044 DA60     		str	r2, [r3, #12]
 459:Middlewares/Third_Party/FreeRTOS/Source/stream_buffer.c **** 		xReturn = pdPASS;
 707              		.loc 1 459 11
 708 0046 0123     		movs	r3, #1
 709 0048 7B61     		str	r3, [r7, #20]
 710 004a 01E0     		b	.L44
 711              	.L43:
 460:Middlewares/Third_Party/FreeRTOS/Source/stream_buffer.c **** 	}
 461:Middlewares/Third_Party/FreeRTOS/Source/stream_buffer.c **** 	else
 462:Middlewares/Third_Party/FreeRTOS/Source/stream_buffer.c **** 	{
 463:Middlewares/Third_Party/FreeRTOS/Source/stream_buffer.c **** 		xReturn = pdFALSE;
 712              		.loc 1 463 11
 713 004c 0023     		movs	r3, #0
 714 004e 7B61     		str	r3, [r7, #20]
 715              	.L44:
 464:Middlewares/Third_Party/FreeRTOS/Source/stream_buffer.c **** 	}
 465:Middlewares/Third_Party/FreeRTOS/Source/stream_buffer.c **** 
 466:Middlewares/Third_Party/FreeRTOS/Source/stream_buffer.c **** 	return xReturn;
 716              		.loc 1 466 9
 717 0050 7B69     		ldr	r3, [r7, #20]
 467:Middlewares/Third_Party/FreeRTOS/Source/stream_buffer.c **** }
 718              		.loc 1 467 1
 719 0052 1846     		mov	r0, r3
 720 0054 1C37     		adds	r7, r7, #28
 721              	.LCFI23:
 722              		.cfi_def_cfa_offset 4
 723 0056 BD46     		mov	sp, r7
 724              	.LCFI24:
 725              		.cfi_def_cfa_register 13
 726              		@ sp needed
 727 0058 80BC     		pop	{r7}
 728              	.LCFI25:
 729              		.cfi_restore 7
 730              		.cfi_def_cfa_offset 0
 731 005a 7047     		bx	lr
 732              		.cfi_endproc
 733              	.LFE8:
 735              		.section	.text.xStreamBufferSpacesAvailable,"ax",%progbits
 736              		.align	1
 737              		.global	xStreamBufferSpacesAvailable
 738              		.syntax unified
 739              		.thumb
 740              		.thumb_func
 742              	xStreamBufferSpacesAvailable:
 743              	.LFB9:
 468:Middlewares/Third_Party/FreeRTOS/Source/stream_buffer.c **** /*-----------------------------------------------------------*/
 469:Middlewares/Third_Party/FreeRTOS/Source/stream_buffer.c **** 
 470:Middlewares/Third_Party/FreeRTOS/Source/stream_buffer.c **** size_t xStreamBufferSpacesAvailable( StreamBufferHandle_t xStreamBuffer )
 471:Middlewares/Third_Party/FreeRTOS/Source/stream_buffer.c **** {
 744              		.loc 1 471 1
 745              		.cfi_startproc
 746              		@ args = 0, pretend = 0, frame = 24
 747              		@ frame_needed = 1, uses_anonymous_args = 0
 748              		@ link register save eliminated.
 749 0000 80B4     		push	{r7}
ARM GAS  /tmp/ccnNlaVp.s 			page 26


 750              	.LCFI26:
 751              		.cfi_def_cfa_offset 4
 752              		.cfi_offset 7, -4
 753 0002 87B0     		sub	sp, sp, #28
 754              	.LCFI27:
 755              		.cfi_def_cfa_offset 32
 756 0004 00AF     		add	r7, sp, #0
 757              	.LCFI28:
 758              		.cfi_def_cfa_register 7
 759 0006 7860     		str	r0, [r7, #4]
 472:Middlewares/Third_Party/FreeRTOS/Source/stream_buffer.c **** const StreamBuffer_t * const pxStreamBuffer = xStreamBuffer;
 760              		.loc 1 472 30
 761 0008 7B68     		ldr	r3, [r7, #4]
 762 000a 3B61     		str	r3, [r7, #16]
 473:Middlewares/Third_Party/FreeRTOS/Source/stream_buffer.c **** size_t xSpace;
 474:Middlewares/Third_Party/FreeRTOS/Source/stream_buffer.c **** 
 475:Middlewares/Third_Party/FreeRTOS/Source/stream_buffer.c **** 	configASSERT( pxStreamBuffer );
 763              		.loc 1 475 2
 764 000c 3B69     		ldr	r3, [r7, #16]
 765 000e 002B     		cmp	r3, #0
 766 0010 0BD1     		bne	.L47
 767              	.LBB119:
 768              	.LBB120:
 195:Middlewares/Third_Party/FreeRTOS/Source/portable/GCC/ARM_CM4F/portmacro.h **** 	(
 769              		.loc 2 195 2
 770              		.syntax unified
 771              	@ 195 "Middlewares/Third_Party/FreeRTOS/Source/portable/GCC/ARM_CM4F/portmacro.h" 1
 772 0012 4FF05003 			mov r3, #80												
 773 0016 83F31188 		msr basepri, r3											
 774 001a BFF36F8F 		isb														
 775 001e BFF34F8F 		dsb														
 776              	
 777              	@ 0 "" 2
 778              		.thumb
 779              		.syntax unified
 780 0022 FB60     		str	r3, [r7, #12]
 781              		.loc 2 203 1
 782 0024 00BF     		nop
 783              	.L48:
 784              	.LBE120:
 785              	.LBE119:
 786              		.loc 1 475 2
 787 0026 00BF     		nop
 788 0028 FDE7     		b	.L48
 789              	.L47:
 476:Middlewares/Third_Party/FreeRTOS/Source/stream_buffer.c **** 
 477:Middlewares/Third_Party/FreeRTOS/Source/stream_buffer.c **** 	xSpace = pxStreamBuffer->xLength + pxStreamBuffer->xTail;
 790              		.loc 1 477 25
 791 002a 3B69     		ldr	r3, [r7, #16]
 792 002c 9A68     		ldr	r2, [r3, #8]
 793              		.loc 1 477 51
 794 002e 3B69     		ldr	r3, [r7, #16]
 795 0030 1B68     		ldr	r3, [r3]
 796              		.loc 1 477 9
 797 0032 1344     		add	r3, r3, r2
 798 0034 7B61     		str	r3, [r7, #20]
 478:Middlewares/Third_Party/FreeRTOS/Source/stream_buffer.c **** 	xSpace -= pxStreamBuffer->xHead;
ARM GAS  /tmp/ccnNlaVp.s 			page 27


 799              		.loc 1 478 26
 800 0036 3B69     		ldr	r3, [r7, #16]
 801 0038 5B68     		ldr	r3, [r3, #4]
 802              		.loc 1 478 9
 803 003a 7A69     		ldr	r2, [r7, #20]
 804 003c D31A     		subs	r3, r2, r3
 805 003e 7B61     		str	r3, [r7, #20]
 479:Middlewares/Third_Party/FreeRTOS/Source/stream_buffer.c **** 	xSpace -= ( size_t ) 1;
 806              		.loc 1 479 9
 807 0040 7B69     		ldr	r3, [r7, #20]
 808 0042 013B     		subs	r3, r3, #1
 809 0044 7B61     		str	r3, [r7, #20]
 480:Middlewares/Third_Party/FreeRTOS/Source/stream_buffer.c **** 
 481:Middlewares/Third_Party/FreeRTOS/Source/stream_buffer.c **** 	if( xSpace >= pxStreamBuffer->xLength )
 810              		.loc 1 481 30
 811 0046 3B69     		ldr	r3, [r7, #16]
 812 0048 9B68     		ldr	r3, [r3, #8]
 813              		.loc 1 481 4
 814 004a 7A69     		ldr	r2, [r7, #20]
 815 004c 9A42     		cmp	r2, r3
 816 004e 04D3     		bcc	.L49
 482:Middlewares/Third_Party/FreeRTOS/Source/stream_buffer.c **** 	{
 483:Middlewares/Third_Party/FreeRTOS/Source/stream_buffer.c **** 		xSpace -= pxStreamBuffer->xLength;
 817              		.loc 1 483 27
 818 0050 3B69     		ldr	r3, [r7, #16]
 819 0052 9B68     		ldr	r3, [r3, #8]
 820              		.loc 1 483 10
 821 0054 7A69     		ldr	r2, [r7, #20]
 822 0056 D31A     		subs	r3, r2, r3
 823 0058 7B61     		str	r3, [r7, #20]
 824              	.L49:
 484:Middlewares/Third_Party/FreeRTOS/Source/stream_buffer.c **** 	}
 485:Middlewares/Third_Party/FreeRTOS/Source/stream_buffer.c **** 	else
 486:Middlewares/Third_Party/FreeRTOS/Source/stream_buffer.c **** 	{
 487:Middlewares/Third_Party/FreeRTOS/Source/stream_buffer.c **** 		mtCOVERAGE_TEST_MARKER();
 488:Middlewares/Third_Party/FreeRTOS/Source/stream_buffer.c **** 	}
 489:Middlewares/Third_Party/FreeRTOS/Source/stream_buffer.c **** 
 490:Middlewares/Third_Party/FreeRTOS/Source/stream_buffer.c **** 	return xSpace;
 825              		.loc 1 490 9
 826 005a 7B69     		ldr	r3, [r7, #20]
 491:Middlewares/Third_Party/FreeRTOS/Source/stream_buffer.c **** }
 827              		.loc 1 491 1
 828 005c 1846     		mov	r0, r3
 829 005e 1C37     		adds	r7, r7, #28
 830              	.LCFI29:
 831              		.cfi_def_cfa_offset 4
 832 0060 BD46     		mov	sp, r7
 833              	.LCFI30:
 834              		.cfi_def_cfa_register 13
 835              		@ sp needed
 836 0062 80BC     		pop	{r7}
 837              	.LCFI31:
 838              		.cfi_restore 7
 839              		.cfi_def_cfa_offset 0
 840 0064 7047     		bx	lr
 841              		.cfi_endproc
 842              	.LFE9:
ARM GAS  /tmp/ccnNlaVp.s 			page 28


 844              		.section	.text.xStreamBufferBytesAvailable,"ax",%progbits
 845              		.align	1
 846              		.global	xStreamBufferBytesAvailable
 847              		.syntax unified
 848              		.thumb
 849              		.thumb_func
 851              	xStreamBufferBytesAvailable:
 852              	.LFB10:
 492:Middlewares/Third_Party/FreeRTOS/Source/stream_buffer.c **** /*-----------------------------------------------------------*/
 493:Middlewares/Third_Party/FreeRTOS/Source/stream_buffer.c **** 
 494:Middlewares/Third_Party/FreeRTOS/Source/stream_buffer.c **** size_t xStreamBufferBytesAvailable( StreamBufferHandle_t xStreamBuffer )
 495:Middlewares/Third_Party/FreeRTOS/Source/stream_buffer.c **** {
 853              		.loc 1 495 1
 854              		.cfi_startproc
 855              		@ args = 0, pretend = 0, frame = 24
 856              		@ frame_needed = 1, uses_anonymous_args = 0
 857 0000 80B5     		push	{r7, lr}
 858              	.LCFI32:
 859              		.cfi_def_cfa_offset 8
 860              		.cfi_offset 7, -8
 861              		.cfi_offset 14, -4
 862 0002 86B0     		sub	sp, sp, #24
 863              	.LCFI33:
 864              		.cfi_def_cfa_offset 32
 865 0004 00AF     		add	r7, sp, #0
 866              	.LCFI34:
 867              		.cfi_def_cfa_register 7
 868 0006 7860     		str	r0, [r7, #4]
 496:Middlewares/Third_Party/FreeRTOS/Source/stream_buffer.c **** const StreamBuffer_t * const pxStreamBuffer = xStreamBuffer;
 869              		.loc 1 496 30
 870 0008 7B68     		ldr	r3, [r7, #4]
 871 000a 7B61     		str	r3, [r7, #20]
 497:Middlewares/Third_Party/FreeRTOS/Source/stream_buffer.c **** size_t xReturn;
 498:Middlewares/Third_Party/FreeRTOS/Source/stream_buffer.c **** 
 499:Middlewares/Third_Party/FreeRTOS/Source/stream_buffer.c **** 	configASSERT( pxStreamBuffer );
 872              		.loc 1 499 2
 873 000c 7B69     		ldr	r3, [r7, #20]
 874 000e 002B     		cmp	r3, #0
 875 0010 0BD1     		bne	.L52
 876              	.LBB121:
 877              	.LBB122:
 195:Middlewares/Third_Party/FreeRTOS/Source/portable/GCC/ARM_CM4F/portmacro.h **** 	(
 878              		.loc 2 195 2
 879              		.syntax unified
 880              	@ 195 "Middlewares/Third_Party/FreeRTOS/Source/portable/GCC/ARM_CM4F/portmacro.h" 1
 881 0012 4FF05003 			mov r3, #80												
 882 0016 83F31188 		msr basepri, r3											
 883 001a BFF36F8F 		isb														
 884 001e BFF34F8F 		dsb														
 885              	
 886              	@ 0 "" 2
 887              		.thumb
 888              		.syntax unified
 889 0022 FB60     		str	r3, [r7, #12]
 890              		.loc 2 203 1
 891 0024 00BF     		nop
 892              	.L53:
ARM GAS  /tmp/ccnNlaVp.s 			page 29


 893              	.LBE122:
 894              	.LBE121:
 895              		.loc 1 499 2
 896 0026 00BF     		nop
 897 0028 FDE7     		b	.L53
 898              	.L52:
 500:Middlewares/Third_Party/FreeRTOS/Source/stream_buffer.c **** 
 501:Middlewares/Third_Party/FreeRTOS/Source/stream_buffer.c **** 	xReturn = prvBytesInBuffer( pxStreamBuffer );
 899              		.loc 1 501 12
 900 002a 7869     		ldr	r0, [r7, #20]
 901 002c FFF7FEFF 		bl	prvBytesInBuffer
 902 0030 3861     		str	r0, [r7, #16]
 502:Middlewares/Third_Party/FreeRTOS/Source/stream_buffer.c **** 	return xReturn;
 903              		.loc 1 502 9
 904 0032 3B69     		ldr	r3, [r7, #16]
 503:Middlewares/Third_Party/FreeRTOS/Source/stream_buffer.c **** }
 905              		.loc 1 503 1
 906 0034 1846     		mov	r0, r3
 907 0036 1837     		adds	r7, r7, #24
 908              	.LCFI35:
 909              		.cfi_def_cfa_offset 8
 910 0038 BD46     		mov	sp, r7
 911              	.LCFI36:
 912              		.cfi_def_cfa_register 13
 913              		@ sp needed
 914 003a 80BD     		pop	{r7, pc}
 915              		.cfi_endproc
 916              	.LFE10:
 918              		.section	.text.xStreamBufferSend,"ax",%progbits
 919              		.align	1
 920              		.global	xStreamBufferSend
 921              		.syntax unified
 922              		.thumb
 923              		.thumb_func
 925              	xStreamBufferSend:
 926              	.LFB11:
 504:Middlewares/Third_Party/FreeRTOS/Source/stream_buffer.c **** /*-----------------------------------------------------------*/
 505:Middlewares/Third_Party/FreeRTOS/Source/stream_buffer.c **** 
 506:Middlewares/Third_Party/FreeRTOS/Source/stream_buffer.c **** size_t xStreamBufferSend( StreamBufferHandle_t xStreamBuffer,
 507:Middlewares/Third_Party/FreeRTOS/Source/stream_buffer.c **** 						  const void *pvTxData,
 508:Middlewares/Third_Party/FreeRTOS/Source/stream_buffer.c **** 						  size_t xDataLengthBytes,
 509:Middlewares/Third_Party/FreeRTOS/Source/stream_buffer.c **** 						  TickType_t xTicksToWait )
 510:Middlewares/Third_Party/FreeRTOS/Source/stream_buffer.c **** {
 927              		.loc 1 510 1
 928              		.cfi_startproc
 929              		@ args = 0, pretend = 0, frame = 56
 930              		@ frame_needed = 1, uses_anonymous_args = 0
 931 0000 80B5     		push	{r7, lr}
 932              	.LCFI37:
 933              		.cfi_def_cfa_offset 8
 934              		.cfi_offset 7, -8
 935              		.cfi_offset 14, -4
 936 0002 90B0     		sub	sp, sp, #64
 937              	.LCFI38:
 938              		.cfi_def_cfa_offset 72
 939 0004 02AF     		add	r7, sp, #8
 940              	.LCFI39:
ARM GAS  /tmp/ccnNlaVp.s 			page 30


 941              		.cfi_def_cfa 7, 64
 942 0006 F860     		str	r0, [r7, #12]
 943 0008 B960     		str	r1, [r7, #8]
 944 000a 7A60     		str	r2, [r7, #4]
 945 000c 3B60     		str	r3, [r7]
 511:Middlewares/Third_Party/FreeRTOS/Source/stream_buffer.c **** StreamBuffer_t * const pxStreamBuffer = xStreamBuffer;
 946              		.loc 1 511 24
 947 000e FB68     		ldr	r3, [r7, #12]
 948 0010 FB62     		str	r3, [r7, #44]
 512:Middlewares/Third_Party/FreeRTOS/Source/stream_buffer.c **** size_t xReturn, xSpace = 0;
 949              		.loc 1 512 17
 950 0012 0023     		movs	r3, #0
 951 0014 7B63     		str	r3, [r7, #52]
 513:Middlewares/Third_Party/FreeRTOS/Source/stream_buffer.c **** size_t xRequiredSpace = xDataLengthBytes;
 952              		.loc 1 513 8
 953 0016 7B68     		ldr	r3, [r7, #4]
 954 0018 3B63     		str	r3, [r7, #48]
 514:Middlewares/Third_Party/FreeRTOS/Source/stream_buffer.c **** TimeOut_t xTimeOut;
 515:Middlewares/Third_Party/FreeRTOS/Source/stream_buffer.c **** 
 516:Middlewares/Third_Party/FreeRTOS/Source/stream_buffer.c **** 	configASSERT( pvTxData );
 955              		.loc 1 516 2
 956 001a BB68     		ldr	r3, [r7, #8]
 957 001c 002B     		cmp	r3, #0
 958 001e 0BD1     		bne	.L56
 959              	.LBB123:
 960              	.LBB124:
 195:Middlewares/Third_Party/FreeRTOS/Source/portable/GCC/ARM_CM4F/portmacro.h **** 	(
 961              		.loc 2 195 2
 962              		.syntax unified
 963              	@ 195 "Middlewares/Third_Party/FreeRTOS/Source/portable/GCC/ARM_CM4F/portmacro.h" 1
 964 0020 4FF05003 			mov r3, #80												
 965 0024 83F31188 		msr basepri, r3											
 966 0028 BFF36F8F 		isb														
 967 002c BFF34F8F 		dsb														
 968              	
 969              	@ 0 "" 2
 970              		.thumb
 971              		.syntax unified
 972 0030 7B62     		str	r3, [r7, #36]
 973              		.loc 2 203 1
 974 0032 00BF     		nop
 975              	.L57:
 976              	.LBE124:
 977              	.LBE123:
 978              		.loc 1 516 2
 979 0034 00BF     		nop
 980 0036 FDE7     		b	.L57
 981              	.L56:
 517:Middlewares/Third_Party/FreeRTOS/Source/stream_buffer.c **** 	configASSERT( pxStreamBuffer );
 982              		.loc 1 517 2
 983 0038 FB6A     		ldr	r3, [r7, #44]
 984 003a 002B     		cmp	r3, #0
 985 003c 0BD1     		bne	.L58
 986              	.LBB125:
 987              	.LBB126:
 195:Middlewares/Third_Party/FreeRTOS/Source/portable/GCC/ARM_CM4F/portmacro.h **** 	(
 988              		.loc 2 195 2
ARM GAS  /tmp/ccnNlaVp.s 			page 31


 989              		.syntax unified
 990              	@ 195 "Middlewares/Third_Party/FreeRTOS/Source/portable/GCC/ARM_CM4F/portmacro.h" 1
 991 003e 4FF05003 			mov r3, #80												
 992 0042 83F31188 		msr basepri, r3											
 993 0046 BFF36F8F 		isb														
 994 004a BFF34F8F 		dsb														
 995              	
 996              	@ 0 "" 2
 997              		.thumb
 998              		.syntax unified
 999 004e 3B62     		str	r3, [r7, #32]
 1000              		.loc 2 203 1
 1001 0050 00BF     		nop
 1002              	.L59:
 1003              	.LBE126:
 1004              	.LBE125:
 1005              		.loc 1 517 2
 1006 0052 00BF     		nop
 1007 0054 FDE7     		b	.L59
 1008              	.L58:
 518:Middlewares/Third_Party/FreeRTOS/Source/stream_buffer.c **** 
 519:Middlewares/Third_Party/FreeRTOS/Source/stream_buffer.c **** 	/* This send function is used to write to both message buffers and stream
 520:Middlewares/Third_Party/FreeRTOS/Source/stream_buffer.c **** 	buffers.  If this is a message buffer then the space needed must be
 521:Middlewares/Third_Party/FreeRTOS/Source/stream_buffer.c **** 	increased by the amount of bytes needed to store the length of the
 522:Middlewares/Third_Party/FreeRTOS/Source/stream_buffer.c **** 	message. */
 523:Middlewares/Third_Party/FreeRTOS/Source/stream_buffer.c **** 	if( ( pxStreamBuffer->ucFlags & sbFLAGS_IS_MESSAGE_BUFFER ) != ( uint8_t ) 0 )
 1009              		.loc 1 523 22
 1010 0056 FB6A     		ldr	r3, [r7, #44]
 1011 0058 1B7F     		ldrb	r3, [r3, #28]	@ zero_extendqisi2
 1012              		.loc 1 523 32
 1013 005a 03F00103 		and	r3, r3, #1
 1014              		.loc 1 523 4
 1015 005e 002B     		cmp	r3, #0
 1016 0060 12D0     		beq	.L60
 524:Middlewares/Third_Party/FreeRTOS/Source/stream_buffer.c **** 	{
 525:Middlewares/Third_Party/FreeRTOS/Source/stream_buffer.c **** 		xRequiredSpace += sbBYTES_TO_STORE_MESSAGE_LENGTH;
 1017              		.loc 1 525 18
 1018 0062 3B6B     		ldr	r3, [r7, #48]
 1019 0064 0433     		adds	r3, r3, #4
 1020 0066 3B63     		str	r3, [r7, #48]
 526:Middlewares/Third_Party/FreeRTOS/Source/stream_buffer.c **** 
 527:Middlewares/Third_Party/FreeRTOS/Source/stream_buffer.c **** 		/* Overflow? */
 528:Middlewares/Third_Party/FreeRTOS/Source/stream_buffer.c **** 		configASSERT( xRequiredSpace > xDataLengthBytes );
 1021              		.loc 1 528 3
 1022 0068 3A6B     		ldr	r2, [r7, #48]
 1023 006a 7B68     		ldr	r3, [r7, #4]
 1024 006c 9A42     		cmp	r2, r3
 1025 006e 0BD8     		bhi	.L60
 1026              	.LBB127:
 1027              	.LBB128:
 195:Middlewares/Third_Party/FreeRTOS/Source/portable/GCC/ARM_CM4F/portmacro.h **** 	(
 1028              		.loc 2 195 2
 1029              		.syntax unified
 1030              	@ 195 "Middlewares/Third_Party/FreeRTOS/Source/portable/GCC/ARM_CM4F/portmacro.h" 1
 1031 0070 4FF05003 			mov r3, #80												
 1032 0074 83F31188 		msr basepri, r3											
 1033 0078 BFF36F8F 		isb														
ARM GAS  /tmp/ccnNlaVp.s 			page 32


 1034 007c BFF34F8F 		dsb														
 1035              	
 1036              	@ 0 "" 2
 1037              		.thumb
 1038              		.syntax unified
 1039 0080 FB61     		str	r3, [r7, #28]
 1040              		.loc 2 203 1
 1041 0082 00BF     		nop
 1042              	.L61:
 1043              	.LBE128:
 1044              	.LBE127:
 1045              		.loc 1 528 3
 1046 0084 00BF     		nop
 1047 0086 FDE7     		b	.L61
 1048              	.L60:
 529:Middlewares/Third_Party/FreeRTOS/Source/stream_buffer.c **** 	}
 530:Middlewares/Third_Party/FreeRTOS/Source/stream_buffer.c **** 	else
 531:Middlewares/Third_Party/FreeRTOS/Source/stream_buffer.c **** 	{
 532:Middlewares/Third_Party/FreeRTOS/Source/stream_buffer.c **** 		mtCOVERAGE_TEST_MARKER();
 533:Middlewares/Third_Party/FreeRTOS/Source/stream_buffer.c **** 	}
 534:Middlewares/Third_Party/FreeRTOS/Source/stream_buffer.c **** 
 535:Middlewares/Third_Party/FreeRTOS/Source/stream_buffer.c **** 	if( xTicksToWait != ( TickType_t ) 0 )
 1049              		.loc 1 535 19
 1050 0088 3B68     		ldr	r3, [r7]
 1051              		.loc 1 535 4
 1052 008a 002B     		cmp	r3, #0
 1053 008c 3FD0     		beq	.L62
 536:Middlewares/Third_Party/FreeRTOS/Source/stream_buffer.c **** 	{
 537:Middlewares/Third_Party/FreeRTOS/Source/stream_buffer.c **** 		vTaskSetTimeOutState( &xTimeOut );
 1054              		.loc 1 537 3
 1055 008e 07F11003 		add	r3, r7, #16
 1056 0092 1846     		mov	r0, r3
 1057 0094 FFF7FEFF 		bl	vTaskSetTimeOutState
 1058              	.L68:
 538:Middlewares/Third_Party/FreeRTOS/Source/stream_buffer.c **** 
 539:Middlewares/Third_Party/FreeRTOS/Source/stream_buffer.c **** 		do
 540:Middlewares/Third_Party/FreeRTOS/Source/stream_buffer.c **** 		{
 541:Middlewares/Third_Party/FreeRTOS/Source/stream_buffer.c **** 			/* Wait until the required number of bytes are free in the message
 542:Middlewares/Third_Party/FreeRTOS/Source/stream_buffer.c **** 			buffer. */
 543:Middlewares/Third_Party/FreeRTOS/Source/stream_buffer.c **** 			taskENTER_CRITICAL();
 1059              		.loc 1 543 4
 1060 0098 FFF7FEFF 		bl	vPortEnterCritical
 544:Middlewares/Third_Party/FreeRTOS/Source/stream_buffer.c **** 			{
 545:Middlewares/Third_Party/FreeRTOS/Source/stream_buffer.c **** 				xSpace = xStreamBufferSpacesAvailable( pxStreamBuffer );
 1061              		.loc 1 545 14
 1062 009c F86A     		ldr	r0, [r7, #44]
 1063 009e FFF7FEFF 		bl	xStreamBufferSpacesAvailable
 1064 00a2 7863     		str	r0, [r7, #52]
 546:Middlewares/Third_Party/FreeRTOS/Source/stream_buffer.c **** 
 547:Middlewares/Third_Party/FreeRTOS/Source/stream_buffer.c **** 				if( xSpace < xRequiredSpace )
 1065              		.loc 1 547 7
 1066 00a4 7A6B     		ldr	r2, [r7, #52]
 1067 00a6 3B6B     		ldr	r3, [r7, #48]
 1068 00a8 9A42     		cmp	r2, r3
 1069 00aa 18D2     		bcs	.L63
 548:Middlewares/Third_Party/FreeRTOS/Source/stream_buffer.c **** 				{
 549:Middlewares/Third_Party/FreeRTOS/Source/stream_buffer.c **** 					/* Clear notification state as going to wait for space. */
ARM GAS  /tmp/ccnNlaVp.s 			page 33


 550:Middlewares/Third_Party/FreeRTOS/Source/stream_buffer.c **** 					( void ) xTaskNotifyStateClear( NULL );
 1070              		.loc 1 550 15
 1071 00ac 0020     		movs	r0, #0
 1072 00ae FFF7FEFF 		bl	xTaskNotifyStateClear
 551:Middlewares/Third_Party/FreeRTOS/Source/stream_buffer.c **** 
 552:Middlewares/Third_Party/FreeRTOS/Source/stream_buffer.c **** 					/* Should only be one writer. */
 553:Middlewares/Third_Party/FreeRTOS/Source/stream_buffer.c **** 					configASSERT( pxStreamBuffer->xTaskWaitingToSend == NULL );
 1073              		.loc 1 553 6
 1074 00b2 FB6A     		ldr	r3, [r7, #44]
 1075 00b4 5B69     		ldr	r3, [r3, #20]
 1076 00b6 002B     		cmp	r3, #0
 1077 00b8 0BD0     		beq	.L64
 1078              	.LBB129:
 1079              	.LBB130:
 195:Middlewares/Third_Party/FreeRTOS/Source/portable/GCC/ARM_CM4F/portmacro.h **** 	(
 1080              		.loc 2 195 2
 1081              		.syntax unified
 1082              	@ 195 "Middlewares/Third_Party/FreeRTOS/Source/portable/GCC/ARM_CM4F/portmacro.h" 1
 1083 00ba 4FF05003 			mov r3, #80												
 1084 00be 83F31188 		msr basepri, r3											
 1085 00c2 BFF36F8F 		isb														
 1086 00c6 BFF34F8F 		dsb														
 1087              	
 1088              	@ 0 "" 2
 1089              		.thumb
 1090              		.syntax unified
 1091 00ca BB61     		str	r3, [r7, #24]
 1092              		.loc 2 203 1
 1093 00cc 00BF     		nop
 1094              	.L65:
 1095              	.LBE130:
 1096              	.LBE129:
 1097              		.loc 1 553 6
 1098 00ce 00BF     		nop
 1099 00d0 FDE7     		b	.L65
 1100              	.L64:
 554:Middlewares/Third_Party/FreeRTOS/Source/stream_buffer.c **** 					pxStreamBuffer->xTaskWaitingToSend = xTaskGetCurrentTaskHandle();
 1101              		.loc 1 554 43
 1102 00d2 FFF7FEFF 		bl	xTaskGetCurrentTaskHandle
 1103 00d6 0246     		mov	r2, r0
 1104              		.loc 1 554 41 discriminator 1
 1105 00d8 FB6A     		ldr	r3, [r7, #44]
 1106 00da 5A61     		str	r2, [r3, #20]
 1107 00dc 02E0     		b	.L73
 1108              	.L63:
 555:Middlewares/Third_Party/FreeRTOS/Source/stream_buffer.c **** 				}
 556:Middlewares/Third_Party/FreeRTOS/Source/stream_buffer.c **** 				else
 557:Middlewares/Third_Party/FreeRTOS/Source/stream_buffer.c **** 				{
 558:Middlewares/Third_Party/FreeRTOS/Source/stream_buffer.c **** 					taskEXIT_CRITICAL();
 1109              		.loc 1 558 6
 1110 00de FFF7FEFF 		bl	vPortExitCritical
 559:Middlewares/Third_Party/FreeRTOS/Source/stream_buffer.c **** 					break;
 1111              		.loc 1 559 6
 1112 00e2 14E0     		b	.L62
 1113              	.L73:
 560:Middlewares/Third_Party/FreeRTOS/Source/stream_buffer.c **** 				}
 561:Middlewares/Third_Party/FreeRTOS/Source/stream_buffer.c **** 			}
ARM GAS  /tmp/ccnNlaVp.s 			page 34


 562:Middlewares/Third_Party/FreeRTOS/Source/stream_buffer.c **** 			taskEXIT_CRITICAL();
 1114              		.loc 1 562 4
 1115 00e4 FFF7FEFF 		bl	vPortExitCritical
 563:Middlewares/Third_Party/FreeRTOS/Source/stream_buffer.c **** 
 564:Middlewares/Third_Party/FreeRTOS/Source/stream_buffer.c **** 			traceBLOCKING_ON_STREAM_BUFFER_SEND( xStreamBuffer );
 565:Middlewares/Third_Party/FreeRTOS/Source/stream_buffer.c **** 			( void ) xTaskNotifyWait( ( uint32_t ) 0, ( uint32_t ) 0, NULL, xTicksToWait );
 1116              		.loc 1 565 4
 1117 00e8 3B68     		ldr	r3, [r7]
 1118              		.loc 1 565 13
 1119 00ea 0022     		movs	r2, #0
 1120 00ec 0021     		movs	r1, #0
 1121 00ee 0020     		movs	r0, #0
 1122 00f0 FFF7FEFF 		bl	xTaskNotifyWait
 566:Middlewares/Third_Party/FreeRTOS/Source/stream_buffer.c **** 			pxStreamBuffer->xTaskWaitingToSend = NULL;
 1123              		.loc 1 566 39
 1124 00f4 FB6A     		ldr	r3, [r7, #44]
 1125 00f6 0022     		movs	r2, #0
 1126 00f8 5A61     		str	r2, [r3, #20]
 567:Middlewares/Third_Party/FreeRTOS/Source/stream_buffer.c **** 
 568:Middlewares/Third_Party/FreeRTOS/Source/stream_buffer.c **** 		} while( xTaskCheckForTimeOut( &xTimeOut, &xTicksToWait ) == pdFALSE );
 1127              		.loc 1 568 12
 1128 00fa 3A46     		mov	r2, r7
 1129 00fc 07F11003 		add	r3, r7, #16
 1130 0100 1146     		mov	r1, r2
 1131 0102 1846     		mov	r0, r3
 1132 0104 FFF7FEFF 		bl	xTaskCheckForTimeOut
 1133 0108 0346     		mov	r3, r0
 1134              		.loc 1 568 61 discriminator 1
 1135 010a 002B     		cmp	r3, #0
 1136 010c C4D0     		beq	.L68
 1137              	.L62:
 569:Middlewares/Third_Party/FreeRTOS/Source/stream_buffer.c **** 	}
 570:Middlewares/Third_Party/FreeRTOS/Source/stream_buffer.c **** 	else
 571:Middlewares/Third_Party/FreeRTOS/Source/stream_buffer.c **** 	{
 572:Middlewares/Third_Party/FreeRTOS/Source/stream_buffer.c **** 		mtCOVERAGE_TEST_MARKER();
 573:Middlewares/Third_Party/FreeRTOS/Source/stream_buffer.c **** 	}
 574:Middlewares/Third_Party/FreeRTOS/Source/stream_buffer.c **** 
 575:Middlewares/Third_Party/FreeRTOS/Source/stream_buffer.c **** 	if( xSpace == ( size_t ) 0 )
 1138              		.loc 1 575 4
 1139 010e 7B6B     		ldr	r3, [r7, #52]
 1140 0110 002B     		cmp	r3, #0
 1141 0112 03D1     		bne	.L69
 576:Middlewares/Third_Party/FreeRTOS/Source/stream_buffer.c **** 	{
 577:Middlewares/Third_Party/FreeRTOS/Source/stream_buffer.c **** 		xSpace = xStreamBufferSpacesAvailable( pxStreamBuffer );
 1142              		.loc 1 577 12
 1143 0114 F86A     		ldr	r0, [r7, #44]
 1144 0116 FFF7FEFF 		bl	xStreamBufferSpacesAvailable
 1145 011a 7863     		str	r0, [r7, #52]
 1146              	.L69:
 578:Middlewares/Third_Party/FreeRTOS/Source/stream_buffer.c **** 	}
 579:Middlewares/Third_Party/FreeRTOS/Source/stream_buffer.c **** 	else
 580:Middlewares/Third_Party/FreeRTOS/Source/stream_buffer.c **** 	{
 581:Middlewares/Third_Party/FreeRTOS/Source/stream_buffer.c **** 		mtCOVERAGE_TEST_MARKER();
 582:Middlewares/Third_Party/FreeRTOS/Source/stream_buffer.c **** 	}
 583:Middlewares/Third_Party/FreeRTOS/Source/stream_buffer.c **** 
 584:Middlewares/Third_Party/FreeRTOS/Source/stream_buffer.c **** 	xReturn = prvWriteMessageToBuffer( pxStreamBuffer, pvTxData, xDataLengthBytes, xSpace, xRequiredSp
 1147              		.loc 1 584 12
ARM GAS  /tmp/ccnNlaVp.s 			page 35


 1148 011c 3B6B     		ldr	r3, [r7, #48]
 1149 011e 0093     		str	r3, [sp]
 1150 0120 7B6B     		ldr	r3, [r7, #52]
 1151 0122 7A68     		ldr	r2, [r7, #4]
 1152 0124 B968     		ldr	r1, [r7, #8]
 1153 0126 F86A     		ldr	r0, [r7, #44]
 1154 0128 FFF7FEFF 		bl	prvWriteMessageToBuffer
 1155 012c B862     		str	r0, [r7, #40]
 585:Middlewares/Third_Party/FreeRTOS/Source/stream_buffer.c **** 
 586:Middlewares/Third_Party/FreeRTOS/Source/stream_buffer.c **** 	if( xReturn > ( size_t ) 0 )
 1156              		.loc 1 586 4
 1157 012e BB6A     		ldr	r3, [r7, #40]
 1158 0130 002B     		cmp	r3, #0
 1159 0132 19D0     		beq	.L70
 587:Middlewares/Third_Party/FreeRTOS/Source/stream_buffer.c **** 	{
 588:Middlewares/Third_Party/FreeRTOS/Source/stream_buffer.c **** 		traceSTREAM_BUFFER_SEND( xStreamBuffer, xReturn );
 589:Middlewares/Third_Party/FreeRTOS/Source/stream_buffer.c **** 
 590:Middlewares/Third_Party/FreeRTOS/Source/stream_buffer.c **** 		/* Was a task waiting for the data? */
 591:Middlewares/Third_Party/FreeRTOS/Source/stream_buffer.c **** 		if( prvBytesInBuffer( pxStreamBuffer ) >= pxStreamBuffer->xTriggerLevelBytes )
 1160              		.loc 1 591 7
 1161 0134 F86A     		ldr	r0, [r7, #44]
 1162 0136 FFF7FEFF 		bl	prvBytesInBuffer
 1163 013a 0246     		mov	r2, r0
 1164              		.loc 1 591 59 discriminator 1
 1165 013c FB6A     		ldr	r3, [r7, #44]
 1166 013e DB68     		ldr	r3, [r3, #12]
 1167              		.loc 1 591 5 discriminator 1
 1168 0140 9A42     		cmp	r2, r3
 1169 0142 11D3     		bcc	.L70
 592:Middlewares/Third_Party/FreeRTOS/Source/stream_buffer.c **** 		{
 593:Middlewares/Third_Party/FreeRTOS/Source/stream_buffer.c **** 			sbSEND_COMPLETED( pxStreamBuffer );
 1170              		.loc 1 593 4
 1171 0144 FFF7FEFF 		bl	vTaskSuspendAll
 1172              		.loc 1 593 4 is_stmt 0 discriminator 1
 1173 0148 FB6A     		ldr	r3, [r7, #44]
 1174 014a 1B69     		ldr	r3, [r3, #16]
 1175 014c 002B     		cmp	r3, #0
 1176 014e 09D0     		beq	.L71
 1177              		.loc 1 593 4 discriminator 2
 1178 0150 FB6A     		ldr	r3, [r7, #44]
 1179 0152 1869     		ldr	r0, [r3, #16]
 1180 0154 0023     		movs	r3, #0
 1181 0156 0022     		movs	r2, #0
 1182 0158 0021     		movs	r1, #0
 1183 015a FFF7FEFF 		bl	xTaskGenericNotify
 1184              		.loc 1 593 4 discriminator 4
 1185 015e FB6A     		ldr	r3, [r7, #44]
 1186 0160 0022     		movs	r2, #0
 1187 0162 1A61     		str	r2, [r3, #16]
 1188              	.L71:
 1189              		.loc 1 593 4 discriminator 5
 1190 0164 FFF7FEFF 		bl	xTaskResumeAll
 1191              	.L70:
 594:Middlewares/Third_Party/FreeRTOS/Source/stream_buffer.c **** 		}
 595:Middlewares/Third_Party/FreeRTOS/Source/stream_buffer.c **** 		else
 596:Middlewares/Third_Party/FreeRTOS/Source/stream_buffer.c **** 		{
 597:Middlewares/Third_Party/FreeRTOS/Source/stream_buffer.c **** 			mtCOVERAGE_TEST_MARKER();
ARM GAS  /tmp/ccnNlaVp.s 			page 36


 598:Middlewares/Third_Party/FreeRTOS/Source/stream_buffer.c **** 		}
 599:Middlewares/Third_Party/FreeRTOS/Source/stream_buffer.c **** 	}
 600:Middlewares/Third_Party/FreeRTOS/Source/stream_buffer.c **** 	else
 601:Middlewares/Third_Party/FreeRTOS/Source/stream_buffer.c **** 	{
 602:Middlewares/Third_Party/FreeRTOS/Source/stream_buffer.c **** 		mtCOVERAGE_TEST_MARKER();
 603:Middlewares/Third_Party/FreeRTOS/Source/stream_buffer.c **** 		traceSTREAM_BUFFER_SEND_FAILED( xStreamBuffer );
 604:Middlewares/Third_Party/FreeRTOS/Source/stream_buffer.c **** 	}
 605:Middlewares/Third_Party/FreeRTOS/Source/stream_buffer.c **** 
 606:Middlewares/Third_Party/FreeRTOS/Source/stream_buffer.c **** 	return xReturn;
 1192              		.loc 1 606 9 is_stmt 1
 1193 0168 BB6A     		ldr	r3, [r7, #40]
 607:Middlewares/Third_Party/FreeRTOS/Source/stream_buffer.c **** }
 1194              		.loc 1 607 1
 1195 016a 1846     		mov	r0, r3
 1196 016c 3837     		adds	r7, r7, #56
 1197              	.LCFI40:
 1198              		.cfi_def_cfa_offset 8
 1199 016e BD46     		mov	sp, r7
 1200              	.LCFI41:
 1201              		.cfi_def_cfa_register 13
 1202              		@ sp needed
 1203 0170 80BD     		pop	{r7, pc}
 1204              		.cfi_endproc
 1205              	.LFE11:
 1207              		.section	.text.xStreamBufferSendFromISR,"ax",%progbits
 1208              		.align	1
 1209              		.global	xStreamBufferSendFromISR
 1210              		.syntax unified
 1211              		.thumb
 1212              		.thumb_func
 1214              	xStreamBufferSendFromISR:
 1215              	.LFB12:
 608:Middlewares/Third_Party/FreeRTOS/Source/stream_buffer.c **** /*-----------------------------------------------------------*/
 609:Middlewares/Third_Party/FreeRTOS/Source/stream_buffer.c **** 
 610:Middlewares/Third_Party/FreeRTOS/Source/stream_buffer.c **** size_t xStreamBufferSendFromISR( StreamBufferHandle_t xStreamBuffer,
 611:Middlewares/Third_Party/FreeRTOS/Source/stream_buffer.c **** 								 const void *pvTxData,
 612:Middlewares/Third_Party/FreeRTOS/Source/stream_buffer.c **** 								 size_t xDataLengthBytes,
 613:Middlewares/Third_Party/FreeRTOS/Source/stream_buffer.c **** 								 BaseType_t * const pxHigherPriorityTaskWoken )
 614:Middlewares/Third_Party/FreeRTOS/Source/stream_buffer.c **** {
 1216              		.loc 1 614 1
 1217              		.cfi_startproc
 1218              		@ args = 0, pretend = 0, frame = 56
 1219              		@ frame_needed = 1, uses_anonymous_args = 0
 1220 0000 80B5     		push	{r7, lr}
 1221              	.LCFI42:
 1222              		.cfi_def_cfa_offset 8
 1223              		.cfi_offset 7, -8
 1224              		.cfi_offset 14, -4
 1225 0002 90B0     		sub	sp, sp, #64
 1226              	.LCFI43:
 1227              		.cfi_def_cfa_offset 72
 1228 0004 02AF     		add	r7, sp, #8
 1229              	.LCFI44:
 1230              		.cfi_def_cfa 7, 64
 1231 0006 F860     		str	r0, [r7, #12]
 1232 0008 B960     		str	r1, [r7, #8]
 1233 000a 7A60     		str	r2, [r7, #4]
ARM GAS  /tmp/ccnNlaVp.s 			page 37


 1234 000c 3B60     		str	r3, [r7]
 615:Middlewares/Third_Party/FreeRTOS/Source/stream_buffer.c **** StreamBuffer_t * const pxStreamBuffer = xStreamBuffer;
 1235              		.loc 1 615 24
 1236 000e FB68     		ldr	r3, [r7, #12]
 1237 0010 3B63     		str	r3, [r7, #48]
 616:Middlewares/Third_Party/FreeRTOS/Source/stream_buffer.c **** size_t xReturn, xSpace;
 617:Middlewares/Third_Party/FreeRTOS/Source/stream_buffer.c **** size_t xRequiredSpace = xDataLengthBytes;
 1238              		.loc 1 617 8
 1239 0012 7B68     		ldr	r3, [r7, #4]
 1240 0014 7B63     		str	r3, [r7, #52]
 618:Middlewares/Third_Party/FreeRTOS/Source/stream_buffer.c **** 
 619:Middlewares/Third_Party/FreeRTOS/Source/stream_buffer.c **** 	configASSERT( pvTxData );
 1241              		.loc 1 619 2
 1242 0016 BB68     		ldr	r3, [r7, #8]
 1243 0018 002B     		cmp	r3, #0
 1244 001a 0BD1     		bne	.L75
 1245              	.LBB131:
 1246              	.LBB132:
 195:Middlewares/Third_Party/FreeRTOS/Source/portable/GCC/ARM_CM4F/portmacro.h **** 	(
 1247              		.loc 2 195 2
 1248              		.syntax unified
 1249              	@ 195 "Middlewares/Third_Party/FreeRTOS/Source/portable/GCC/ARM_CM4F/portmacro.h" 1
 1250 001c 4FF05003 			mov r3, #80												
 1251 0020 83F31188 		msr basepri, r3											
 1252 0024 BFF36F8F 		isb														
 1253 0028 BFF34F8F 		dsb														
 1254              	
 1255              	@ 0 "" 2
 1256              		.thumb
 1257              		.syntax unified
 1258 002c 3B62     		str	r3, [r7, #32]
 1259              		.loc 2 203 1
 1260 002e 00BF     		nop
 1261              	.L76:
 1262              	.LBE132:
 1263              	.LBE131:
 1264              		.loc 1 619 2
 1265 0030 00BF     		nop
 1266 0032 FDE7     		b	.L76
 1267              	.L75:
 620:Middlewares/Third_Party/FreeRTOS/Source/stream_buffer.c **** 	configASSERT( pxStreamBuffer );
 1268              		.loc 1 620 2
 1269 0034 3B6B     		ldr	r3, [r7, #48]
 1270 0036 002B     		cmp	r3, #0
 1271 0038 0BD1     		bne	.L77
 1272              	.LBB133:
 1273              	.LBB134:
 195:Middlewares/Third_Party/FreeRTOS/Source/portable/GCC/ARM_CM4F/portmacro.h **** 	(
 1274              		.loc 2 195 2
 1275              		.syntax unified
 1276              	@ 195 "Middlewares/Third_Party/FreeRTOS/Source/portable/GCC/ARM_CM4F/portmacro.h" 1
 1277 003a 4FF05003 			mov r3, #80												
 1278 003e 83F31188 		msr basepri, r3											
 1279 0042 BFF36F8F 		isb														
 1280 0046 BFF34F8F 		dsb														
 1281              	
 1282              	@ 0 "" 2
ARM GAS  /tmp/ccnNlaVp.s 			page 38


 1283              		.thumb
 1284              		.syntax unified
 1285 004a FB61     		str	r3, [r7, #28]
 1286              		.loc 2 203 1
 1287 004c 00BF     		nop
 1288              	.L78:
 1289              	.LBE134:
 1290              	.LBE133:
 1291              		.loc 1 620 2
 1292 004e 00BF     		nop
 1293 0050 FDE7     		b	.L78
 1294              	.L77:
 621:Middlewares/Third_Party/FreeRTOS/Source/stream_buffer.c **** 
 622:Middlewares/Third_Party/FreeRTOS/Source/stream_buffer.c **** 	/* This send function is used to write to both message buffers and stream
 623:Middlewares/Third_Party/FreeRTOS/Source/stream_buffer.c **** 	buffers.  If this is a message buffer then the space needed must be
 624:Middlewares/Third_Party/FreeRTOS/Source/stream_buffer.c **** 	increased by the amount of bytes needed to store the length of the
 625:Middlewares/Third_Party/FreeRTOS/Source/stream_buffer.c **** 	message. */
 626:Middlewares/Third_Party/FreeRTOS/Source/stream_buffer.c **** 	if( ( pxStreamBuffer->ucFlags & sbFLAGS_IS_MESSAGE_BUFFER ) != ( uint8_t ) 0 )
 1295              		.loc 1 626 22
 1296 0052 3B6B     		ldr	r3, [r7, #48]
 1297 0054 1B7F     		ldrb	r3, [r3, #28]	@ zero_extendqisi2
 1298              		.loc 1 626 32
 1299 0056 03F00103 		and	r3, r3, #1
 1300              		.loc 1 626 4
 1301 005a 002B     		cmp	r3, #0
 1302 005c 02D0     		beq	.L79
 627:Middlewares/Third_Party/FreeRTOS/Source/stream_buffer.c **** 	{
 628:Middlewares/Third_Party/FreeRTOS/Source/stream_buffer.c **** 		xRequiredSpace += sbBYTES_TO_STORE_MESSAGE_LENGTH;
 1303              		.loc 1 628 18
 1304 005e 7B6B     		ldr	r3, [r7, #52]
 1305 0060 0433     		adds	r3, r3, #4
 1306 0062 7B63     		str	r3, [r7, #52]
 1307              	.L79:
 629:Middlewares/Third_Party/FreeRTOS/Source/stream_buffer.c **** 	}
 630:Middlewares/Third_Party/FreeRTOS/Source/stream_buffer.c **** 	else
 631:Middlewares/Third_Party/FreeRTOS/Source/stream_buffer.c **** 	{
 632:Middlewares/Third_Party/FreeRTOS/Source/stream_buffer.c **** 		mtCOVERAGE_TEST_MARKER();
 633:Middlewares/Third_Party/FreeRTOS/Source/stream_buffer.c **** 	}
 634:Middlewares/Third_Party/FreeRTOS/Source/stream_buffer.c **** 
 635:Middlewares/Third_Party/FreeRTOS/Source/stream_buffer.c **** 	xSpace = xStreamBufferSpacesAvailable( pxStreamBuffer );
 1308              		.loc 1 635 11
 1309 0064 386B     		ldr	r0, [r7, #48]
 1310 0066 FFF7FEFF 		bl	xStreamBufferSpacesAvailable
 1311 006a F862     		str	r0, [r7, #44]
 636:Middlewares/Third_Party/FreeRTOS/Source/stream_buffer.c **** 	xReturn = prvWriteMessageToBuffer( pxStreamBuffer, pvTxData, xDataLengthBytes, xSpace, xRequiredSp
 1312              		.loc 1 636 12
 1313 006c 7B6B     		ldr	r3, [r7, #52]
 1314 006e 0093     		str	r3, [sp]
 1315 0070 FB6A     		ldr	r3, [r7, #44]
 1316 0072 7A68     		ldr	r2, [r7, #4]
 1317 0074 B968     		ldr	r1, [r7, #8]
 1318 0076 386B     		ldr	r0, [r7, #48]
 1319 0078 FFF7FEFF 		bl	prvWriteMessageToBuffer
 1320 007c B862     		str	r0, [r7, #40]
 637:Middlewares/Third_Party/FreeRTOS/Source/stream_buffer.c **** 
 638:Middlewares/Third_Party/FreeRTOS/Source/stream_buffer.c **** 	if( xReturn > ( size_t ) 0 )
 1321              		.loc 1 638 4
ARM GAS  /tmp/ccnNlaVp.s 			page 39


 1322 007e BB6A     		ldr	r3, [r7, #40]
 1323 0080 002B     		cmp	r3, #0
 1324 0082 2BD0     		beq	.L80
 639:Middlewares/Third_Party/FreeRTOS/Source/stream_buffer.c **** 	{
 640:Middlewares/Third_Party/FreeRTOS/Source/stream_buffer.c **** 		/* Was a task waiting for the data? */
 641:Middlewares/Third_Party/FreeRTOS/Source/stream_buffer.c **** 		if( prvBytesInBuffer( pxStreamBuffer ) >= pxStreamBuffer->xTriggerLevelBytes )
 1325              		.loc 1 641 7
 1326 0084 386B     		ldr	r0, [r7, #48]
 1327 0086 FFF7FEFF 		bl	prvBytesInBuffer
 1328 008a 0246     		mov	r2, r0
 1329              		.loc 1 641 59 discriminator 1
 1330 008c 3B6B     		ldr	r3, [r7, #48]
 1331 008e DB68     		ldr	r3, [r3, #12]
 1332              		.loc 1 641 5 discriminator 1
 1333 0090 9A42     		cmp	r2, r3
 1334 0092 23D3     		bcc	.L80
 1335              	.LBB135:
 1336              	.LBB136:
 1337              	.LBB137:
 204:Middlewares/Third_Party/FreeRTOS/Source/portable/GCC/ARM_CM4F/portmacro.h **** 
 205:Middlewares/Third_Party/FreeRTOS/Source/portable/GCC/ARM_CM4F/portmacro.h **** /*-----------------------------------------------------------*/
 206:Middlewares/Third_Party/FreeRTOS/Source/portable/GCC/ARM_CM4F/portmacro.h **** 
 207:Middlewares/Third_Party/FreeRTOS/Source/portable/GCC/ARM_CM4F/portmacro.h **** portFORCE_INLINE static uint32_t ulPortRaiseBASEPRI( void )
 208:Middlewares/Third_Party/FreeRTOS/Source/portable/GCC/ARM_CM4F/portmacro.h **** {
 209:Middlewares/Third_Party/FreeRTOS/Source/portable/GCC/ARM_CM4F/portmacro.h **** uint32_t ulOriginalBASEPRI, ulNewBASEPRI;
 210:Middlewares/Third_Party/FreeRTOS/Source/portable/GCC/ARM_CM4F/portmacro.h **** 
 211:Middlewares/Third_Party/FreeRTOS/Source/portable/GCC/ARM_CM4F/portmacro.h **** 	__asm volatile
 1338              		.loc 2 211 2
 1339              		.syntax unified
 1340              	@ 211 "Middlewares/Third_Party/FreeRTOS/Source/portable/GCC/ARM_CM4F/portmacro.h" 1
 1341 0094 EFF31182 			mrs r2, basepri											
 1342 0098 4FF05003 		mov r3, #80												
 1343 009c 83F31188 		msr basepri, r3											
 1344 00a0 BFF36F8F 		isb														
 1345 00a4 BFF34F8F 		dsb														
 1346              	
 1347              	@ 0 "" 2
 1348              		.thumb
 1349              		.syntax unified
 1350 00a8 BA61     		str	r2, [r7, #24]
 1351 00aa 7B61     		str	r3, [r7, #20]
 212:Middlewares/Third_Party/FreeRTOS/Source/portable/GCC/ARM_CM4F/portmacro.h **** 	(
 213:Middlewares/Third_Party/FreeRTOS/Source/portable/GCC/ARM_CM4F/portmacro.h **** 		"	mrs %0, basepri											\n" \
 214:Middlewares/Third_Party/FreeRTOS/Source/portable/GCC/ARM_CM4F/portmacro.h **** 		"	mov %1, %2												\n"	\
 215:Middlewares/Third_Party/FreeRTOS/Source/portable/GCC/ARM_CM4F/portmacro.h **** 		"	msr basepri, %1											\n" \
 216:Middlewares/Third_Party/FreeRTOS/Source/portable/GCC/ARM_CM4F/portmacro.h **** 		"	isb														\n" \
 217:Middlewares/Third_Party/FreeRTOS/Source/portable/GCC/ARM_CM4F/portmacro.h **** 		"	dsb														\n" \
 218:Middlewares/Third_Party/FreeRTOS/Source/portable/GCC/ARM_CM4F/portmacro.h **** 		:"=r" (ulOriginalBASEPRI), "=r" (ulNewBASEPRI) : "i" ( configMAX_SYSCALL_INTERRUPT_PRIORITY ) : "
 219:Middlewares/Third_Party/FreeRTOS/Source/portable/GCC/ARM_CM4F/portmacro.h **** 	);
 220:Middlewares/Third_Party/FreeRTOS/Source/portable/GCC/ARM_CM4F/portmacro.h **** 
 221:Middlewares/Third_Party/FreeRTOS/Source/portable/GCC/ARM_CM4F/portmacro.h **** 	/* This return will not be reached but is necessary to prevent compiler
 222:Middlewares/Third_Party/FreeRTOS/Source/portable/GCC/ARM_CM4F/portmacro.h **** 	warnings. */
 223:Middlewares/Third_Party/FreeRTOS/Source/portable/GCC/ARM_CM4F/portmacro.h **** 	return ulOriginalBASEPRI;
 1352              		.loc 2 223 9
 1353 00ac BB69     		ldr	r3, [r7, #24]
 1354              	.LBE137:
 1355              	.LBE136:
ARM GAS  /tmp/ccnNlaVp.s 			page 40


 642:Middlewares/Third_Party/FreeRTOS/Source/stream_buffer.c **** 		{
 643:Middlewares/Third_Party/FreeRTOS/Source/stream_buffer.c **** 			sbSEND_COMPLETE_FROM_ISR( pxStreamBuffer, pxHigherPriorityTaskWoken );
 1356              		.loc 1 643 4
 1357 00ae 7B62     		str	r3, [r7, #36]
 1358              		.loc 1 643 4 is_stmt 0 discriminator 1
 1359 00b0 3B6B     		ldr	r3, [r7, #48]
 1360 00b2 1B69     		ldr	r3, [r3, #16]
 1361 00b4 002B     		cmp	r3, #0
 1362 00b6 0BD0     		beq	.L82
 1363              		.loc 1 643 4 discriminator 2
 1364 00b8 3B6B     		ldr	r3, [r7, #48]
 1365 00ba 1869     		ldr	r0, [r3, #16]
 1366 00bc 3B68     		ldr	r3, [r7]
 1367 00be 0093     		str	r3, [sp]
 1368 00c0 0023     		movs	r3, #0
 1369 00c2 0022     		movs	r2, #0
 1370 00c4 0021     		movs	r1, #0
 1371 00c6 FFF7FEFF 		bl	xTaskGenericNotifyFromISR
 1372              		.loc 1 643 4 discriminator 4
 1373 00ca 3B6B     		ldr	r3, [r7, #48]
 1374 00cc 0022     		movs	r2, #0
 1375 00ce 1A61     		str	r2, [r3, #16]
 1376              	.L82:
 1377 00d0 7B6A     		ldr	r3, [r7, #36]
 1378 00d2 3B61     		str	r3, [r7, #16]
 1379              	.LBB138:
 1380              	.LBB139:
 224:Middlewares/Third_Party/FreeRTOS/Source/portable/GCC/ARM_CM4F/portmacro.h **** }
 225:Middlewares/Third_Party/FreeRTOS/Source/portable/GCC/ARM_CM4F/portmacro.h **** /*-----------------------------------------------------------*/
 226:Middlewares/Third_Party/FreeRTOS/Source/portable/GCC/ARM_CM4F/portmacro.h **** 
 227:Middlewares/Third_Party/FreeRTOS/Source/portable/GCC/ARM_CM4F/portmacro.h **** portFORCE_INLINE static void vPortSetBASEPRI( uint32_t ulNewMaskValue )
 228:Middlewares/Third_Party/FreeRTOS/Source/portable/GCC/ARM_CM4F/portmacro.h **** {
 229:Middlewares/Third_Party/FreeRTOS/Source/portable/GCC/ARM_CM4F/portmacro.h **** 	__asm volatile
 1381              		.loc 2 229 2 is_stmt 1
 1382 00d4 3B69     		ldr	r3, [r7, #16]
 1383              		.syntax unified
 1384              	@ 229 "Middlewares/Third_Party/FreeRTOS/Source/portable/GCC/ARM_CM4F/portmacro.h" 1
 1385 00d6 83F31188 			msr basepri, r3	
 1386              	@ 0 "" 2
 230:Middlewares/Third_Party/FreeRTOS/Source/portable/GCC/ARM_CM4F/portmacro.h **** 	(
 231:Middlewares/Third_Party/FreeRTOS/Source/portable/GCC/ARM_CM4F/portmacro.h **** 		"	msr basepri, %0	" :: "r" ( ulNewMaskValue ) : "memory"
 232:Middlewares/Third_Party/FreeRTOS/Source/portable/GCC/ARM_CM4F/portmacro.h **** 	);
 233:Middlewares/Third_Party/FreeRTOS/Source/portable/GCC/ARM_CM4F/portmacro.h **** }
 1387              		.loc 2 233 1
 1388              		.thumb
 1389              		.syntax unified
 1390 00da 00BF     		nop
 1391              	.L80:
 1392              	.LBE139:
 1393              	.LBE138:
 1394              	.LBE135:
 644:Middlewares/Third_Party/FreeRTOS/Source/stream_buffer.c **** 		}
 645:Middlewares/Third_Party/FreeRTOS/Source/stream_buffer.c **** 		else
 646:Middlewares/Third_Party/FreeRTOS/Source/stream_buffer.c **** 		{
 647:Middlewares/Third_Party/FreeRTOS/Source/stream_buffer.c **** 			mtCOVERAGE_TEST_MARKER();
 648:Middlewares/Third_Party/FreeRTOS/Source/stream_buffer.c **** 		}
 649:Middlewares/Third_Party/FreeRTOS/Source/stream_buffer.c **** 	}
ARM GAS  /tmp/ccnNlaVp.s 			page 41


 650:Middlewares/Third_Party/FreeRTOS/Source/stream_buffer.c **** 	else
 651:Middlewares/Third_Party/FreeRTOS/Source/stream_buffer.c **** 	{
 652:Middlewares/Third_Party/FreeRTOS/Source/stream_buffer.c **** 		mtCOVERAGE_TEST_MARKER();
 653:Middlewares/Third_Party/FreeRTOS/Source/stream_buffer.c **** 	}
 654:Middlewares/Third_Party/FreeRTOS/Source/stream_buffer.c **** 
 655:Middlewares/Third_Party/FreeRTOS/Source/stream_buffer.c **** 	traceSTREAM_BUFFER_SEND_FROM_ISR( xStreamBuffer, xReturn );
 656:Middlewares/Third_Party/FreeRTOS/Source/stream_buffer.c **** 
 657:Middlewares/Third_Party/FreeRTOS/Source/stream_buffer.c **** 	return xReturn;
 1395              		.loc 1 657 9
 1396 00dc BB6A     		ldr	r3, [r7, #40]
 658:Middlewares/Third_Party/FreeRTOS/Source/stream_buffer.c **** }
 1397              		.loc 1 658 1
 1398 00de 1846     		mov	r0, r3
 1399 00e0 3837     		adds	r7, r7, #56
 1400              	.LCFI45:
 1401              		.cfi_def_cfa_offset 8
 1402 00e2 BD46     		mov	sp, r7
 1403              	.LCFI46:
 1404              		.cfi_def_cfa_register 13
 1405              		@ sp needed
 1406 00e4 80BD     		pop	{r7, pc}
 1407              		.cfi_endproc
 1408              	.LFE12:
 1410              		.section	.text.prvWriteMessageToBuffer,"ax",%progbits
 1411              		.align	1
 1412              		.syntax unified
 1413              		.thumb
 1414              		.thumb_func
 1416              	prvWriteMessageToBuffer:
 1417              	.LFB13:
 659:Middlewares/Third_Party/FreeRTOS/Source/stream_buffer.c **** /*-----------------------------------------------------------*/
 660:Middlewares/Third_Party/FreeRTOS/Source/stream_buffer.c **** 
 661:Middlewares/Third_Party/FreeRTOS/Source/stream_buffer.c **** static size_t prvWriteMessageToBuffer( StreamBuffer_t * const pxStreamBuffer,
 662:Middlewares/Third_Party/FreeRTOS/Source/stream_buffer.c **** 									   const void * pvTxData,
 663:Middlewares/Third_Party/FreeRTOS/Source/stream_buffer.c **** 									   size_t xDataLengthBytes,
 664:Middlewares/Third_Party/FreeRTOS/Source/stream_buffer.c **** 									   size_t xSpace,
 665:Middlewares/Third_Party/FreeRTOS/Source/stream_buffer.c **** 									   size_t xRequiredSpace )
 666:Middlewares/Third_Party/FreeRTOS/Source/stream_buffer.c **** {
 1418              		.loc 1 666 1
 1419              		.cfi_startproc
 1420              		@ args = 4, pretend = 0, frame = 24
 1421              		@ frame_needed = 1, uses_anonymous_args = 0
 1422 0000 80B5     		push	{r7, lr}
 1423              	.LCFI47:
 1424              		.cfi_def_cfa_offset 8
 1425              		.cfi_offset 7, -8
 1426              		.cfi_offset 14, -4
 1427 0002 86B0     		sub	sp, sp, #24
 1428              	.LCFI48:
 1429              		.cfi_def_cfa_offset 32
 1430 0004 00AF     		add	r7, sp, #0
 1431              	.LCFI49:
 1432              		.cfi_def_cfa_register 7
 1433 0006 F860     		str	r0, [r7, #12]
 1434 0008 B960     		str	r1, [r7, #8]
 1435 000a 7A60     		str	r2, [r7, #4]
 1436 000c 3B60     		str	r3, [r7]
ARM GAS  /tmp/ccnNlaVp.s 			page 42


 667:Middlewares/Third_Party/FreeRTOS/Source/stream_buffer.c **** 	BaseType_t xShouldWrite;
 668:Middlewares/Third_Party/FreeRTOS/Source/stream_buffer.c **** 	size_t xReturn;
 669:Middlewares/Third_Party/FreeRTOS/Source/stream_buffer.c **** 
 670:Middlewares/Third_Party/FreeRTOS/Source/stream_buffer.c **** 	if( xSpace == ( size_t ) 0 )
 1437              		.loc 1 670 4
 1438 000e 3B68     		ldr	r3, [r7]
 1439 0010 002B     		cmp	r3, #0
 1440 0012 02D1     		bne	.L85
 671:Middlewares/Third_Party/FreeRTOS/Source/stream_buffer.c **** 	{
 672:Middlewares/Third_Party/FreeRTOS/Source/stream_buffer.c **** 		/* Doesn't matter if this is a stream buffer or a message buffer, there
 673:Middlewares/Third_Party/FreeRTOS/Source/stream_buffer.c **** 		is no space to write. */
 674:Middlewares/Third_Party/FreeRTOS/Source/stream_buffer.c **** 		xShouldWrite = pdFALSE;
 1441              		.loc 1 674 16
 1442 0014 0023     		movs	r3, #0
 1443 0016 7B61     		str	r3, [r7, #20]
 1444 0018 1DE0     		b	.L86
 1445              	.L85:
 675:Middlewares/Third_Party/FreeRTOS/Source/stream_buffer.c **** 	}
 676:Middlewares/Third_Party/FreeRTOS/Source/stream_buffer.c **** 	else if( ( pxStreamBuffer->ucFlags & sbFLAGS_IS_MESSAGE_BUFFER ) == ( uint8_t ) 0 )
 1446              		.loc 1 676 27
 1447 001a FB68     		ldr	r3, [r7, #12]
 1448 001c 1B7F     		ldrb	r3, [r3, #28]	@ zero_extendqisi2
 1449              		.loc 1 676 37
 1450 001e 03F00103 		and	r3, r3, #1
 1451              		.loc 1 676 9
 1452 0022 002B     		cmp	r3, #0
 1453 0024 08D1     		bne	.L87
 677:Middlewares/Third_Party/FreeRTOS/Source/stream_buffer.c **** 	{
 678:Middlewares/Third_Party/FreeRTOS/Source/stream_buffer.c **** 		/* This is a stream buffer, as opposed to a message buffer, so writing a
 679:Middlewares/Third_Party/FreeRTOS/Source/stream_buffer.c **** 		stream of bytes rather than discrete messages.  Write as many bytes as
 680:Middlewares/Third_Party/FreeRTOS/Source/stream_buffer.c **** 		possible. */
 681:Middlewares/Third_Party/FreeRTOS/Source/stream_buffer.c **** 		xShouldWrite = pdTRUE;
 1454              		.loc 1 681 16
 1455 0026 0123     		movs	r3, #1
 1456 0028 7B61     		str	r3, [r7, #20]
 682:Middlewares/Third_Party/FreeRTOS/Source/stream_buffer.c **** 		xDataLengthBytes = configMIN( xDataLengthBytes, xSpace );
 1457              		.loc 1 682 22
 1458 002a 7A68     		ldr	r2, [r7, #4]
 1459 002c 3B68     		ldr	r3, [r7]
 1460 002e 9342     		cmp	r3, r2
 1461 0030 28BF     		it	cs
 1462 0032 1346     		movcs	r3, r2
 1463              		.loc 1 682 20
 1464 0034 7B60     		str	r3, [r7, #4]
 1465 0036 0EE0     		b	.L86
 1466              	.L87:
 683:Middlewares/Third_Party/FreeRTOS/Source/stream_buffer.c **** 	}
 684:Middlewares/Third_Party/FreeRTOS/Source/stream_buffer.c **** 	else if( xSpace >= xRequiredSpace )
 1467              		.loc 1 684 9
 1468 0038 3A68     		ldr	r2, [r7]
 1469 003a 3B6A     		ldr	r3, [r7, #32]
 1470 003c 9A42     		cmp	r2, r3
 1471 003e 08D3     		bcc	.L88
 685:Middlewares/Third_Party/FreeRTOS/Source/stream_buffer.c **** 	{
 686:Middlewares/Third_Party/FreeRTOS/Source/stream_buffer.c **** 		/* This is a message buffer, as opposed to a stream buffer, and there
 687:Middlewares/Third_Party/FreeRTOS/Source/stream_buffer.c **** 		is enough space to write both the message length and the message itself
 688:Middlewares/Third_Party/FreeRTOS/Source/stream_buffer.c **** 		into the buffer.  Start by writing the length of the data, the data
ARM GAS  /tmp/ccnNlaVp.s 			page 43


 689:Middlewares/Third_Party/FreeRTOS/Source/stream_buffer.c **** 		itself will be written later in this function. */
 690:Middlewares/Third_Party/FreeRTOS/Source/stream_buffer.c **** 		xShouldWrite = pdTRUE;
 1472              		.loc 1 690 16
 1473 0040 0123     		movs	r3, #1
 1474 0042 7B61     		str	r3, [r7, #20]
 691:Middlewares/Third_Party/FreeRTOS/Source/stream_buffer.c **** 		( void ) prvWriteBytesToBuffer( pxStreamBuffer, ( const uint8_t * ) &( xDataLengthBytes ), sbBYTE
 1475              		.loc 1 691 12
 1476 0044 3B1D     		adds	r3, r7, #4
 1477 0046 0422     		movs	r2, #4
 1478 0048 1946     		mov	r1, r3
 1479 004a F868     		ldr	r0, [r7, #12]
 1480 004c FFF7FEFF 		bl	prvWriteBytesToBuffer
 1481 0050 01E0     		b	.L86
 1482              	.L88:
 692:Middlewares/Third_Party/FreeRTOS/Source/stream_buffer.c **** 	}
 693:Middlewares/Third_Party/FreeRTOS/Source/stream_buffer.c **** 	else
 694:Middlewares/Third_Party/FreeRTOS/Source/stream_buffer.c **** 	{
 695:Middlewares/Third_Party/FreeRTOS/Source/stream_buffer.c **** 		/* There is space available, but not enough space. */
 696:Middlewares/Third_Party/FreeRTOS/Source/stream_buffer.c **** 		xShouldWrite = pdFALSE;
 1483              		.loc 1 696 16
 1484 0052 0023     		movs	r3, #0
 1485 0054 7B61     		str	r3, [r7, #20]
 1486              	.L86:
 697:Middlewares/Third_Party/FreeRTOS/Source/stream_buffer.c **** 	}
 698:Middlewares/Third_Party/FreeRTOS/Source/stream_buffer.c **** 
 699:Middlewares/Third_Party/FreeRTOS/Source/stream_buffer.c **** 	if( xShouldWrite != pdFALSE )
 1487              		.loc 1 699 4
 1488 0056 7B69     		ldr	r3, [r7, #20]
 1489 0058 002B     		cmp	r3, #0
 1490 005a 07D0     		beq	.L89
 700:Middlewares/Third_Party/FreeRTOS/Source/stream_buffer.c **** 	{
 701:Middlewares/Third_Party/FreeRTOS/Source/stream_buffer.c **** 		/* Writes the data itself. */
 702:Middlewares/Third_Party/FreeRTOS/Source/stream_buffer.c **** 		xReturn = prvWriteBytesToBuffer( pxStreamBuffer, ( const uint8_t * ) pvTxData, xDataLengthBytes )
 1491              		.loc 1 702 13
 1492 005c 7B68     		ldr	r3, [r7, #4]
 1493 005e 1A46     		mov	r2, r3
 1494 0060 B968     		ldr	r1, [r7, #8]
 1495 0062 F868     		ldr	r0, [r7, #12]
 1496 0064 FFF7FEFF 		bl	prvWriteBytesToBuffer
 1497 0068 3861     		str	r0, [r7, #16]
 1498 006a 01E0     		b	.L90
 1499              	.L89:
 703:Middlewares/Third_Party/FreeRTOS/Source/stream_buffer.c **** 	}
 704:Middlewares/Third_Party/FreeRTOS/Source/stream_buffer.c **** 	else
 705:Middlewares/Third_Party/FreeRTOS/Source/stream_buffer.c **** 	{
 706:Middlewares/Third_Party/FreeRTOS/Source/stream_buffer.c **** 		xReturn = 0;
 1500              		.loc 1 706 11
 1501 006c 0023     		movs	r3, #0
 1502 006e 3B61     		str	r3, [r7, #16]
 1503              	.L90:
 707:Middlewares/Third_Party/FreeRTOS/Source/stream_buffer.c **** 	}
 708:Middlewares/Third_Party/FreeRTOS/Source/stream_buffer.c **** 
 709:Middlewares/Third_Party/FreeRTOS/Source/stream_buffer.c **** 	return xReturn;
 1504              		.loc 1 709 9
 1505 0070 3B69     		ldr	r3, [r7, #16]
 710:Middlewares/Third_Party/FreeRTOS/Source/stream_buffer.c **** }
 1506              		.loc 1 710 1
ARM GAS  /tmp/ccnNlaVp.s 			page 44


 1507 0072 1846     		mov	r0, r3
 1508 0074 1837     		adds	r7, r7, #24
 1509              	.LCFI50:
 1510              		.cfi_def_cfa_offset 8
 1511 0076 BD46     		mov	sp, r7
 1512              	.LCFI51:
 1513              		.cfi_def_cfa_register 13
 1514              		@ sp needed
 1515 0078 80BD     		pop	{r7, pc}
 1516              		.cfi_endproc
 1517              	.LFE13:
 1519              		.section	.text.xStreamBufferReceive,"ax",%progbits
 1520              		.align	1
 1521              		.global	xStreamBufferReceive
 1522              		.syntax unified
 1523              		.thumb
 1524              		.thumb_func
 1526              	xStreamBufferReceive:
 1527              	.LFB14:
 711:Middlewares/Third_Party/FreeRTOS/Source/stream_buffer.c **** /*-----------------------------------------------------------*/
 712:Middlewares/Third_Party/FreeRTOS/Source/stream_buffer.c **** 
 713:Middlewares/Third_Party/FreeRTOS/Source/stream_buffer.c **** size_t xStreamBufferReceive( StreamBufferHandle_t xStreamBuffer,
 714:Middlewares/Third_Party/FreeRTOS/Source/stream_buffer.c **** 							 void *pvRxData,
 715:Middlewares/Third_Party/FreeRTOS/Source/stream_buffer.c **** 							 size_t xBufferLengthBytes,
 716:Middlewares/Third_Party/FreeRTOS/Source/stream_buffer.c **** 							 TickType_t xTicksToWait )
 717:Middlewares/Third_Party/FreeRTOS/Source/stream_buffer.c **** {
 1528              		.loc 1 717 1
 1529              		.cfi_startproc
 1530              		@ args = 0, pretend = 0, frame = 48
 1531              		@ frame_needed = 1, uses_anonymous_args = 0
 1532 0000 80B5     		push	{r7, lr}
 1533              	.LCFI52:
 1534              		.cfi_def_cfa_offset 8
 1535              		.cfi_offset 7, -8
 1536              		.cfi_offset 14, -4
 1537 0002 8EB0     		sub	sp, sp, #56
 1538              	.LCFI53:
 1539              		.cfi_def_cfa_offset 64
 1540 0004 02AF     		add	r7, sp, #8
 1541              	.LCFI54:
 1542              		.cfi_def_cfa 7, 56
 1543 0006 F860     		str	r0, [r7, #12]
 1544 0008 B960     		str	r1, [r7, #8]
 1545 000a 7A60     		str	r2, [r7, #4]
 1546 000c 3B60     		str	r3, [r7]
 718:Middlewares/Third_Party/FreeRTOS/Source/stream_buffer.c **** StreamBuffer_t * const pxStreamBuffer = xStreamBuffer;
 1547              		.loc 1 718 24
 1548 000e FB68     		ldr	r3, [r7, #12]
 1549 0010 3B62     		str	r3, [r7, #32]
 719:Middlewares/Third_Party/FreeRTOS/Source/stream_buffer.c **** size_t xReceivedLength = 0, xBytesAvailable, xBytesToStoreMessageLength;
 1550              		.loc 1 719 8
 1551 0012 0023     		movs	r3, #0
 1552 0014 FB62     		str	r3, [r7, #44]
 720:Middlewares/Third_Party/FreeRTOS/Source/stream_buffer.c **** 
 721:Middlewares/Third_Party/FreeRTOS/Source/stream_buffer.c **** 	configASSERT( pvRxData );
 1553              		.loc 1 721 2
 1554 0016 BB68     		ldr	r3, [r7, #8]
ARM GAS  /tmp/ccnNlaVp.s 			page 45


 1555 0018 002B     		cmp	r3, #0
 1556 001a 0BD1     		bne	.L93
 1557              	.LBB140:
 1558              	.LBB141:
 195:Middlewares/Third_Party/FreeRTOS/Source/portable/GCC/ARM_CM4F/portmacro.h **** 	(
 1559              		.loc 2 195 2
 1560              		.syntax unified
 1561              	@ 195 "Middlewares/Third_Party/FreeRTOS/Source/portable/GCC/ARM_CM4F/portmacro.h" 1
 1562 001c 4FF05003 			mov r3, #80												
 1563 0020 83F31188 		msr basepri, r3											
 1564 0024 BFF36F8F 		isb														
 1565 0028 BFF34F8F 		dsb														
 1566              	
 1567              	@ 0 "" 2
 1568              		.thumb
 1569              		.syntax unified
 1570 002c FB61     		str	r3, [r7, #28]
 203:Middlewares/Third_Party/FreeRTOS/Source/portable/GCC/ARM_CM4F/portmacro.h **** 
 1571              		.loc 2 203 1
 1572 002e 00BF     		nop
 1573              	.L94:
 1574              	.LBE141:
 1575              	.LBE140:
 1576              		.loc 1 721 2
 1577 0030 00BF     		nop
 1578 0032 FDE7     		b	.L94
 1579              	.L93:
 722:Middlewares/Third_Party/FreeRTOS/Source/stream_buffer.c **** 	configASSERT( pxStreamBuffer );
 1580              		.loc 1 722 2
 1581 0034 3B6A     		ldr	r3, [r7, #32]
 1582 0036 002B     		cmp	r3, #0
 1583 0038 0BD1     		bne	.L95
 1584              	.LBB142:
 1585              	.LBB143:
 195:Middlewares/Third_Party/FreeRTOS/Source/portable/GCC/ARM_CM4F/portmacro.h **** 	(
 1586              		.loc 2 195 2
 1587              		.syntax unified
 1588              	@ 195 "Middlewares/Third_Party/FreeRTOS/Source/portable/GCC/ARM_CM4F/portmacro.h" 1
 1589 003a 4FF05003 			mov r3, #80												
 1590 003e 83F31188 		msr basepri, r3											
 1591 0042 BFF36F8F 		isb														
 1592 0046 BFF34F8F 		dsb														
 1593              	
 1594              	@ 0 "" 2
 1595              		.thumb
 1596              		.syntax unified
 1597 004a BB61     		str	r3, [r7, #24]
 203:Middlewares/Third_Party/FreeRTOS/Source/portable/GCC/ARM_CM4F/portmacro.h **** 
 1598              		.loc 2 203 1
 1599 004c 00BF     		nop
 1600              	.L96:
 1601              	.LBE143:
 1602              	.LBE142:
 1603              		.loc 1 722 2
 1604 004e 00BF     		nop
 1605 0050 FDE7     		b	.L96
 1606              	.L95:
ARM GAS  /tmp/ccnNlaVp.s 			page 46


 723:Middlewares/Third_Party/FreeRTOS/Source/stream_buffer.c **** 
 724:Middlewares/Third_Party/FreeRTOS/Source/stream_buffer.c **** 	/* This receive function is used by both message buffers, which store
 725:Middlewares/Third_Party/FreeRTOS/Source/stream_buffer.c **** 	discrete messages, and stream buffers, which store a continuous stream of
 726:Middlewares/Third_Party/FreeRTOS/Source/stream_buffer.c **** 	bytes.  Discrete messages include an additional
 727:Middlewares/Third_Party/FreeRTOS/Source/stream_buffer.c **** 	sbBYTES_TO_STORE_MESSAGE_LENGTH bytes that hold the length of the
 728:Middlewares/Third_Party/FreeRTOS/Source/stream_buffer.c **** 	message. */
 729:Middlewares/Third_Party/FreeRTOS/Source/stream_buffer.c **** 	if( ( pxStreamBuffer->ucFlags & sbFLAGS_IS_MESSAGE_BUFFER ) != ( uint8_t ) 0 )
 1607              		.loc 1 729 22
 1608 0052 3B6A     		ldr	r3, [r7, #32]
 1609 0054 1B7F     		ldrb	r3, [r3, #28]	@ zero_extendqisi2
 1610              		.loc 1 729 32
 1611 0056 03F00103 		and	r3, r3, #1
 1612              		.loc 1 729 4
 1613 005a 002B     		cmp	r3, #0
 1614 005c 02D0     		beq	.L97
 730:Middlewares/Third_Party/FreeRTOS/Source/stream_buffer.c **** 	{
 731:Middlewares/Third_Party/FreeRTOS/Source/stream_buffer.c **** 		xBytesToStoreMessageLength = sbBYTES_TO_STORE_MESSAGE_LENGTH;
 1615              		.loc 1 731 30
 1616 005e 0423     		movs	r3, #4
 1617 0060 7B62     		str	r3, [r7, #36]
 1618 0062 01E0     		b	.L98
 1619              	.L97:
 732:Middlewares/Third_Party/FreeRTOS/Source/stream_buffer.c **** 	}
 733:Middlewares/Third_Party/FreeRTOS/Source/stream_buffer.c **** 	else
 734:Middlewares/Third_Party/FreeRTOS/Source/stream_buffer.c **** 	{
 735:Middlewares/Third_Party/FreeRTOS/Source/stream_buffer.c **** 		xBytesToStoreMessageLength = 0;
 1620              		.loc 1 735 30
 1621 0064 0023     		movs	r3, #0
 1622 0066 7B62     		str	r3, [r7, #36]
 1623              	.L98:
 736:Middlewares/Third_Party/FreeRTOS/Source/stream_buffer.c **** 	}
 737:Middlewares/Third_Party/FreeRTOS/Source/stream_buffer.c **** 
 738:Middlewares/Third_Party/FreeRTOS/Source/stream_buffer.c **** 	if( xTicksToWait != ( TickType_t ) 0 )
 1624              		.loc 1 738 4
 1625 0068 3B68     		ldr	r3, [r7]
 1626 006a 002B     		cmp	r3, #0
 1627 006c 35D0     		beq	.L99
 739:Middlewares/Third_Party/FreeRTOS/Source/stream_buffer.c **** 	{
 740:Middlewares/Third_Party/FreeRTOS/Source/stream_buffer.c **** 		/* Checking if there is data and clearing the notification state must be
 741:Middlewares/Third_Party/FreeRTOS/Source/stream_buffer.c **** 		performed atomically. */
 742:Middlewares/Third_Party/FreeRTOS/Source/stream_buffer.c **** 		taskENTER_CRITICAL();
 1628              		.loc 1 742 3
 1629 006e FFF7FEFF 		bl	vPortEnterCritical
 743:Middlewares/Third_Party/FreeRTOS/Source/stream_buffer.c **** 		{
 744:Middlewares/Third_Party/FreeRTOS/Source/stream_buffer.c **** 			xBytesAvailable = prvBytesInBuffer( pxStreamBuffer );
 1630              		.loc 1 744 22
 1631 0072 386A     		ldr	r0, [r7, #32]
 1632 0074 FFF7FEFF 		bl	prvBytesInBuffer
 1633 0078 B862     		str	r0, [r7, #40]
 745:Middlewares/Third_Party/FreeRTOS/Source/stream_buffer.c **** 
 746:Middlewares/Third_Party/FreeRTOS/Source/stream_buffer.c **** 			/* If this function was invoked by a message buffer read then
 747:Middlewares/Third_Party/FreeRTOS/Source/stream_buffer.c **** 			xBytesToStoreMessageLength holds the number of bytes used to hold
 748:Middlewares/Third_Party/FreeRTOS/Source/stream_buffer.c **** 			the length of the next discrete message.  If this function was
 749:Middlewares/Third_Party/FreeRTOS/Source/stream_buffer.c **** 			invoked by a stream buffer read then xBytesToStoreMessageLength will
 750:Middlewares/Third_Party/FreeRTOS/Source/stream_buffer.c **** 			be 0. */
 751:Middlewares/Third_Party/FreeRTOS/Source/stream_buffer.c **** 			if( xBytesAvailable <= xBytesToStoreMessageLength )
 1634              		.loc 1 751 6
ARM GAS  /tmp/ccnNlaVp.s 			page 47


 1635 007a BA6A     		ldr	r2, [r7, #40]
 1636 007c 7B6A     		ldr	r3, [r7, #36]
 1637 007e 9A42     		cmp	r2, r3
 1638 0080 17D8     		bhi	.L100
 752:Middlewares/Third_Party/FreeRTOS/Source/stream_buffer.c **** 			{
 753:Middlewares/Third_Party/FreeRTOS/Source/stream_buffer.c **** 				/* Clear notification state as going to wait for data. */
 754:Middlewares/Third_Party/FreeRTOS/Source/stream_buffer.c **** 				( void ) xTaskNotifyStateClear( NULL );
 1639              		.loc 1 754 14
 1640 0082 0020     		movs	r0, #0
 1641 0084 FFF7FEFF 		bl	xTaskNotifyStateClear
 755:Middlewares/Third_Party/FreeRTOS/Source/stream_buffer.c **** 
 756:Middlewares/Third_Party/FreeRTOS/Source/stream_buffer.c **** 				/* Should only be one reader. */
 757:Middlewares/Third_Party/FreeRTOS/Source/stream_buffer.c **** 				configASSERT( pxStreamBuffer->xTaskWaitingToReceive == NULL );
 1642              		.loc 1 757 5
 1643 0088 3B6A     		ldr	r3, [r7, #32]
 1644 008a 1B69     		ldr	r3, [r3, #16]
 1645 008c 002B     		cmp	r3, #0
 1646 008e 0BD0     		beq	.L101
 1647              	.LBB144:
 1648              	.LBB145:
 195:Middlewares/Third_Party/FreeRTOS/Source/portable/GCC/ARM_CM4F/portmacro.h **** 	(
 1649              		.loc 2 195 2
 1650              		.syntax unified
 1651              	@ 195 "Middlewares/Third_Party/FreeRTOS/Source/portable/GCC/ARM_CM4F/portmacro.h" 1
 1652 0090 4FF05003 			mov r3, #80												
 1653 0094 83F31188 		msr basepri, r3											
 1654 0098 BFF36F8F 		isb														
 1655 009c BFF34F8F 		dsb														
 1656              	
 1657              	@ 0 "" 2
 1658              		.thumb
 1659              		.syntax unified
 1660 00a0 7B61     		str	r3, [r7, #20]
 203:Middlewares/Third_Party/FreeRTOS/Source/portable/GCC/ARM_CM4F/portmacro.h **** 
 1661              		.loc 2 203 1
 1662 00a2 00BF     		nop
 1663              	.L102:
 1664              	.LBE145:
 1665              	.LBE144:
 1666              		.loc 1 757 5
 1667 00a4 00BF     		nop
 1668 00a6 FDE7     		b	.L102
 1669              	.L101:
 758:Middlewares/Third_Party/FreeRTOS/Source/stream_buffer.c **** 				pxStreamBuffer->xTaskWaitingToReceive = xTaskGetCurrentTaskHandle();
 1670              		.loc 1 758 45
 1671 00a8 FFF7FEFF 		bl	xTaskGetCurrentTaskHandle
 1672 00ac 0246     		mov	r2, r0
 1673              		.loc 1 758 43 discriminator 1
 1674 00ae 3B6A     		ldr	r3, [r7, #32]
 1675 00b0 1A61     		str	r2, [r3, #16]
 1676              	.L100:
 759:Middlewares/Third_Party/FreeRTOS/Source/stream_buffer.c **** 			}
 760:Middlewares/Third_Party/FreeRTOS/Source/stream_buffer.c **** 			else
 761:Middlewares/Third_Party/FreeRTOS/Source/stream_buffer.c **** 			{
 762:Middlewares/Third_Party/FreeRTOS/Source/stream_buffer.c **** 				mtCOVERAGE_TEST_MARKER();
 763:Middlewares/Third_Party/FreeRTOS/Source/stream_buffer.c **** 			}
 764:Middlewares/Third_Party/FreeRTOS/Source/stream_buffer.c **** 		}
ARM GAS  /tmp/ccnNlaVp.s 			page 48


 765:Middlewares/Third_Party/FreeRTOS/Source/stream_buffer.c **** 		taskEXIT_CRITICAL();
 1677              		.loc 1 765 3
 1678 00b2 FFF7FEFF 		bl	vPortExitCritical
 766:Middlewares/Third_Party/FreeRTOS/Source/stream_buffer.c **** 
 767:Middlewares/Third_Party/FreeRTOS/Source/stream_buffer.c **** 		if( xBytesAvailable <= xBytesToStoreMessageLength )
 1679              		.loc 1 767 5
 1680 00b6 BA6A     		ldr	r2, [r7, #40]
 1681 00b8 7B6A     		ldr	r3, [r7, #36]
 1682 00ba 9A42     		cmp	r2, r3
 1683 00bc 11D8     		bhi	.L103
 768:Middlewares/Third_Party/FreeRTOS/Source/stream_buffer.c **** 		{
 769:Middlewares/Third_Party/FreeRTOS/Source/stream_buffer.c **** 			/* Wait for data to be available. */
 770:Middlewares/Third_Party/FreeRTOS/Source/stream_buffer.c **** 			traceBLOCKING_ON_STREAM_BUFFER_RECEIVE( xStreamBuffer );
 771:Middlewares/Third_Party/FreeRTOS/Source/stream_buffer.c **** 			( void ) xTaskNotifyWait( ( uint32_t ) 0, ( uint32_t ) 0, NULL, xTicksToWait );
 1684              		.loc 1 771 13
 1685 00be 3B68     		ldr	r3, [r7]
 1686 00c0 0022     		movs	r2, #0
 1687 00c2 0021     		movs	r1, #0
 1688 00c4 0020     		movs	r0, #0
 1689 00c6 FFF7FEFF 		bl	xTaskNotifyWait
 772:Middlewares/Third_Party/FreeRTOS/Source/stream_buffer.c **** 			pxStreamBuffer->xTaskWaitingToReceive = NULL;
 1690              		.loc 1 772 42
 1691 00ca 3B6A     		ldr	r3, [r7, #32]
 1692 00cc 0022     		movs	r2, #0
 1693 00ce 1A61     		str	r2, [r3, #16]
 773:Middlewares/Third_Party/FreeRTOS/Source/stream_buffer.c **** 
 774:Middlewares/Third_Party/FreeRTOS/Source/stream_buffer.c **** 			/* Recheck the data available after blocking. */
 775:Middlewares/Third_Party/FreeRTOS/Source/stream_buffer.c **** 			xBytesAvailable = prvBytesInBuffer( pxStreamBuffer );
 1694              		.loc 1 775 22
 1695 00d0 386A     		ldr	r0, [r7, #32]
 1696 00d2 FFF7FEFF 		bl	prvBytesInBuffer
 1697 00d6 B862     		str	r0, [r7, #40]
 1698 00d8 03E0     		b	.L103
 1699              	.L99:
 776:Middlewares/Third_Party/FreeRTOS/Source/stream_buffer.c **** 		}
 777:Middlewares/Third_Party/FreeRTOS/Source/stream_buffer.c **** 		else
 778:Middlewares/Third_Party/FreeRTOS/Source/stream_buffer.c **** 		{
 779:Middlewares/Third_Party/FreeRTOS/Source/stream_buffer.c **** 			mtCOVERAGE_TEST_MARKER();
 780:Middlewares/Third_Party/FreeRTOS/Source/stream_buffer.c **** 		}
 781:Middlewares/Third_Party/FreeRTOS/Source/stream_buffer.c **** 	}
 782:Middlewares/Third_Party/FreeRTOS/Source/stream_buffer.c **** 	else
 783:Middlewares/Third_Party/FreeRTOS/Source/stream_buffer.c **** 	{
 784:Middlewares/Third_Party/FreeRTOS/Source/stream_buffer.c **** 		xBytesAvailable = prvBytesInBuffer( pxStreamBuffer );
 1700              		.loc 1 784 21
 1701 00da 386A     		ldr	r0, [r7, #32]
 1702 00dc FFF7FEFF 		bl	prvBytesInBuffer
 1703 00e0 B862     		str	r0, [r7, #40]
 1704              	.L103:
 785:Middlewares/Third_Party/FreeRTOS/Source/stream_buffer.c **** 	}
 786:Middlewares/Third_Party/FreeRTOS/Source/stream_buffer.c **** 
 787:Middlewares/Third_Party/FreeRTOS/Source/stream_buffer.c **** 	/* Whether receiving a discrete message (where xBytesToStoreMessageLength
 788:Middlewares/Third_Party/FreeRTOS/Source/stream_buffer.c **** 	holds the number of bytes used to store the message length) or a stream of
 789:Middlewares/Third_Party/FreeRTOS/Source/stream_buffer.c **** 	bytes (where xBytesToStoreMessageLength is zero), the number of bytes
 790:Middlewares/Third_Party/FreeRTOS/Source/stream_buffer.c **** 	available must be greater than xBytesToStoreMessageLength to be able to
 791:Middlewares/Third_Party/FreeRTOS/Source/stream_buffer.c **** 	read bytes from the buffer. */
 792:Middlewares/Third_Party/FreeRTOS/Source/stream_buffer.c **** 	if( xBytesAvailable > xBytesToStoreMessageLength )
 1705              		.loc 1 792 4
ARM GAS  /tmp/ccnNlaVp.s 			page 49


 1706 00e2 BA6A     		ldr	r2, [r7, #40]
 1707 00e4 7B6A     		ldr	r3, [r7, #36]
 1708 00e6 9A42     		cmp	r2, r3
 1709 00e8 1DD9     		bls	.L104
 793:Middlewares/Third_Party/FreeRTOS/Source/stream_buffer.c **** 	{
 794:Middlewares/Third_Party/FreeRTOS/Source/stream_buffer.c **** 		xReceivedLength = prvReadMessageFromBuffer( pxStreamBuffer, pvRxData, xBufferLengthBytes, xBytesA
 1710              		.loc 1 794 21
 1711 00ea 7B6A     		ldr	r3, [r7, #36]
 1712 00ec 0093     		str	r3, [sp]
 1713 00ee BB6A     		ldr	r3, [r7, #40]
 1714 00f0 7A68     		ldr	r2, [r7, #4]
 1715 00f2 B968     		ldr	r1, [r7, #8]
 1716 00f4 386A     		ldr	r0, [r7, #32]
 1717 00f6 FFF7FEFF 		bl	prvReadMessageFromBuffer
 1718 00fa F862     		str	r0, [r7, #44]
 795:Middlewares/Third_Party/FreeRTOS/Source/stream_buffer.c **** 
 796:Middlewares/Third_Party/FreeRTOS/Source/stream_buffer.c **** 		/* Was a task waiting for space in the buffer? */
 797:Middlewares/Third_Party/FreeRTOS/Source/stream_buffer.c **** 		if( xReceivedLength != ( size_t ) 0 )
 1719              		.loc 1 797 5
 1720 00fc FB6A     		ldr	r3, [r7, #44]
 1721 00fe 002B     		cmp	r3, #0
 1722 0100 11D0     		beq	.L104
 798:Middlewares/Third_Party/FreeRTOS/Source/stream_buffer.c **** 		{
 799:Middlewares/Third_Party/FreeRTOS/Source/stream_buffer.c **** 			traceSTREAM_BUFFER_RECEIVE( xStreamBuffer, xReceivedLength );
 800:Middlewares/Third_Party/FreeRTOS/Source/stream_buffer.c **** 			sbRECEIVE_COMPLETED( pxStreamBuffer );
 1723              		.loc 1 800 4
 1724 0102 FFF7FEFF 		bl	vTaskSuspendAll
 1725              		.loc 1 800 4 is_stmt 0 discriminator 1
 1726 0106 3B6A     		ldr	r3, [r7, #32]
 1727 0108 5B69     		ldr	r3, [r3, #20]
 1728 010a 002B     		cmp	r3, #0
 1729 010c 09D0     		beq	.L105
 1730              		.loc 1 800 4 discriminator 2
 1731 010e 3B6A     		ldr	r3, [r7, #32]
 1732 0110 5869     		ldr	r0, [r3, #20]
 1733 0112 0023     		movs	r3, #0
 1734 0114 0022     		movs	r2, #0
 1735 0116 0021     		movs	r1, #0
 1736 0118 FFF7FEFF 		bl	xTaskGenericNotify
 1737              		.loc 1 800 4 discriminator 4
 1738 011c 3B6A     		ldr	r3, [r7, #32]
 1739 011e 0022     		movs	r2, #0
 1740 0120 5A61     		str	r2, [r3, #20]
 1741              	.L105:
 1742              		.loc 1 800 4 discriminator 5
 1743 0122 FFF7FEFF 		bl	xTaskResumeAll
 1744              	.L104:
 801:Middlewares/Third_Party/FreeRTOS/Source/stream_buffer.c **** 		}
 802:Middlewares/Third_Party/FreeRTOS/Source/stream_buffer.c **** 		else
 803:Middlewares/Third_Party/FreeRTOS/Source/stream_buffer.c **** 		{
 804:Middlewares/Third_Party/FreeRTOS/Source/stream_buffer.c **** 			mtCOVERAGE_TEST_MARKER();
 805:Middlewares/Third_Party/FreeRTOS/Source/stream_buffer.c **** 		}
 806:Middlewares/Third_Party/FreeRTOS/Source/stream_buffer.c **** 	}
 807:Middlewares/Third_Party/FreeRTOS/Source/stream_buffer.c **** 	else
 808:Middlewares/Third_Party/FreeRTOS/Source/stream_buffer.c **** 	{
 809:Middlewares/Third_Party/FreeRTOS/Source/stream_buffer.c **** 		traceSTREAM_BUFFER_RECEIVE_FAILED( xStreamBuffer );
 810:Middlewares/Third_Party/FreeRTOS/Source/stream_buffer.c **** 		mtCOVERAGE_TEST_MARKER();
ARM GAS  /tmp/ccnNlaVp.s 			page 50


 811:Middlewares/Third_Party/FreeRTOS/Source/stream_buffer.c **** 	}
 812:Middlewares/Third_Party/FreeRTOS/Source/stream_buffer.c **** 
 813:Middlewares/Third_Party/FreeRTOS/Source/stream_buffer.c **** 	return xReceivedLength;
 1745              		.loc 1 813 9 is_stmt 1
 1746 0126 FB6A     		ldr	r3, [r7, #44]
 814:Middlewares/Third_Party/FreeRTOS/Source/stream_buffer.c **** }
 1747              		.loc 1 814 1
 1748 0128 1846     		mov	r0, r3
 1749 012a 3037     		adds	r7, r7, #48
 1750              	.LCFI55:
 1751              		.cfi_def_cfa_offset 8
 1752 012c BD46     		mov	sp, r7
 1753              	.LCFI56:
 1754              		.cfi_def_cfa_register 13
 1755              		@ sp needed
 1756 012e 80BD     		pop	{r7, pc}
 1757              		.cfi_endproc
 1758              	.LFE14:
 1760              		.section	.text.xStreamBufferNextMessageLengthBytes,"ax",%progbits
 1761              		.align	1
 1762              		.global	xStreamBufferNextMessageLengthBytes
 1763              		.syntax unified
 1764              		.thumb
 1765              		.thumb_func
 1767              	xStreamBufferNextMessageLengthBytes:
 1768              	.LFB15:
 815:Middlewares/Third_Party/FreeRTOS/Source/stream_buffer.c **** /*-----------------------------------------------------------*/
 816:Middlewares/Third_Party/FreeRTOS/Source/stream_buffer.c **** 
 817:Middlewares/Third_Party/FreeRTOS/Source/stream_buffer.c **** size_t xStreamBufferNextMessageLengthBytes( StreamBufferHandle_t xStreamBuffer )
 818:Middlewares/Third_Party/FreeRTOS/Source/stream_buffer.c **** {
 1769              		.loc 1 818 1
 1770              		.cfi_startproc
 1771              		@ args = 0, pretend = 0, frame = 40
 1772              		@ frame_needed = 1, uses_anonymous_args = 0
 1773 0000 80B5     		push	{r7, lr}
 1774              	.LCFI57:
 1775              		.cfi_def_cfa_offset 8
 1776              		.cfi_offset 7, -8
 1777              		.cfi_offset 14, -4
 1778 0002 8AB0     		sub	sp, sp, #40
 1779              	.LCFI58:
 1780              		.cfi_def_cfa_offset 48
 1781 0004 00AF     		add	r7, sp, #0
 1782              	.LCFI59:
 1783              		.cfi_def_cfa_register 7
 1784 0006 7860     		str	r0, [r7, #4]
 819:Middlewares/Third_Party/FreeRTOS/Source/stream_buffer.c **** StreamBuffer_t * const pxStreamBuffer = xStreamBuffer;
 1785              		.loc 1 819 24
 1786 0008 7B68     		ldr	r3, [r7, #4]
 1787 000a 3B62     		str	r3, [r7, #32]
 820:Middlewares/Third_Party/FreeRTOS/Source/stream_buffer.c **** size_t xReturn, xBytesAvailable, xOriginalTail;
 821:Middlewares/Third_Party/FreeRTOS/Source/stream_buffer.c **** configMESSAGE_BUFFER_LENGTH_TYPE xTempReturn;
 822:Middlewares/Third_Party/FreeRTOS/Source/stream_buffer.c **** 
 823:Middlewares/Third_Party/FreeRTOS/Source/stream_buffer.c **** 	configASSERT( pxStreamBuffer );
 1788              		.loc 1 823 2
 1789 000c 3B6A     		ldr	r3, [r7, #32]
 1790 000e 002B     		cmp	r3, #0
ARM GAS  /tmp/ccnNlaVp.s 			page 51


 1791 0010 0BD1     		bne	.L108
 1792              	.LBB146:
 1793              	.LBB147:
 195:Middlewares/Third_Party/FreeRTOS/Source/portable/GCC/ARM_CM4F/portmacro.h **** 	(
 1794              		.loc 2 195 2
 1795              		.syntax unified
 1796              	@ 195 "Middlewares/Third_Party/FreeRTOS/Source/portable/GCC/ARM_CM4F/portmacro.h" 1
 1797 0012 4FF05003 			mov r3, #80												
 1798 0016 83F31188 		msr basepri, r3											
 1799 001a BFF36F8F 		isb														
 1800 001e BFF34F8F 		dsb														
 1801              	
 1802              	@ 0 "" 2
 1803              		.thumb
 1804              		.syntax unified
 1805 0022 7B61     		str	r3, [r7, #20]
 203:Middlewares/Third_Party/FreeRTOS/Source/portable/GCC/ARM_CM4F/portmacro.h **** 
 1806              		.loc 2 203 1
 1807 0024 00BF     		nop
 1808              	.L109:
 1809              	.LBE147:
 1810              	.LBE146:
 1811              		.loc 1 823 2
 1812 0026 00BF     		nop
 1813 0028 FDE7     		b	.L109
 1814              	.L108:
 824:Middlewares/Third_Party/FreeRTOS/Source/stream_buffer.c **** 
 825:Middlewares/Third_Party/FreeRTOS/Source/stream_buffer.c **** 	/* Ensure the stream buffer is being used as a message buffer. */
 826:Middlewares/Third_Party/FreeRTOS/Source/stream_buffer.c **** 	if( ( pxStreamBuffer->ucFlags & sbFLAGS_IS_MESSAGE_BUFFER ) != ( uint8_t ) 0 )
 1815              		.loc 1 826 22
 1816 002a 3B6A     		ldr	r3, [r7, #32]
 1817 002c 1B7F     		ldrb	r3, [r3, #28]	@ zero_extendqisi2
 1818              		.loc 1 826 32
 1819 002e 03F00103 		and	r3, r3, #1
 1820              		.loc 1 826 4
 1821 0032 002B     		cmp	r3, #0
 1822 0034 28D0     		beq	.L110
 827:Middlewares/Third_Party/FreeRTOS/Source/stream_buffer.c **** 	{
 828:Middlewares/Third_Party/FreeRTOS/Source/stream_buffer.c **** 		xBytesAvailable = prvBytesInBuffer( pxStreamBuffer );
 1823              		.loc 1 828 21
 1824 0036 386A     		ldr	r0, [r7, #32]
 1825 0038 FFF7FEFF 		bl	prvBytesInBuffer
 1826 003c F861     		str	r0, [r7, #28]
 829:Middlewares/Third_Party/FreeRTOS/Source/stream_buffer.c **** 		if( xBytesAvailable > sbBYTES_TO_STORE_MESSAGE_LENGTH )
 1827              		.loc 1 829 5
 1828 003e FB69     		ldr	r3, [r7, #28]
 1829 0040 042B     		cmp	r3, #4
 1830 0042 0FD9     		bls	.L111
 830:Middlewares/Third_Party/FreeRTOS/Source/stream_buffer.c **** 		{
 831:Middlewares/Third_Party/FreeRTOS/Source/stream_buffer.c **** 			/* The number of bytes available is greater than the number of bytes
 832:Middlewares/Third_Party/FreeRTOS/Source/stream_buffer.c **** 			required to hold the length of the next message, so another message
 833:Middlewares/Third_Party/FreeRTOS/Source/stream_buffer.c **** 			is available.  Return its length without removing the length bytes
 834:Middlewares/Third_Party/FreeRTOS/Source/stream_buffer.c **** 			from the buffer.  A copy of the tail is stored so the buffer can be
 835:Middlewares/Third_Party/FreeRTOS/Source/stream_buffer.c **** 			returned to its prior state as the message is not actually being
 836:Middlewares/Third_Party/FreeRTOS/Source/stream_buffer.c **** 			removed from the buffer. */
 837:Middlewares/Third_Party/FreeRTOS/Source/stream_buffer.c **** 			xOriginalTail = pxStreamBuffer->xTail;
 1831              		.loc 1 837 18
ARM GAS  /tmp/ccnNlaVp.s 			page 52


 1832 0044 3B6A     		ldr	r3, [r7, #32]
 1833 0046 1B68     		ldr	r3, [r3]
 1834 0048 BB61     		str	r3, [r7, #24]
 838:Middlewares/Third_Party/FreeRTOS/Source/stream_buffer.c **** 			( void ) prvReadBytesFromBuffer( pxStreamBuffer, ( uint8_t * ) &xTempReturn, sbBYTES_TO_STORE_ME
 1835              		.loc 1 838 13
 1836 004a 07F10C01 		add	r1, r7, #12
 1837 004e FB69     		ldr	r3, [r7, #28]
 1838 0050 0422     		movs	r2, #4
 1839 0052 386A     		ldr	r0, [r7, #32]
 1840 0054 FFF7FEFF 		bl	prvReadBytesFromBuffer
 839:Middlewares/Third_Party/FreeRTOS/Source/stream_buffer.c **** 			xReturn = ( size_t ) xTempReturn;
 1841              		.loc 1 839 12
 1842 0058 FB68     		ldr	r3, [r7, #12]
 1843 005a 7B62     		str	r3, [r7, #36]
 840:Middlewares/Third_Party/FreeRTOS/Source/stream_buffer.c **** 			pxStreamBuffer->xTail = xOriginalTail;
 1844              		.loc 1 840 26
 1845 005c 3B6A     		ldr	r3, [r7, #32]
 1846 005e BA69     		ldr	r2, [r7, #24]
 1847 0060 1A60     		str	r2, [r3]
 1848 0062 13E0     		b	.L112
 1849              	.L111:
 841:Middlewares/Third_Party/FreeRTOS/Source/stream_buffer.c **** 		}
 842:Middlewares/Third_Party/FreeRTOS/Source/stream_buffer.c **** 		else
 843:Middlewares/Third_Party/FreeRTOS/Source/stream_buffer.c **** 		{
 844:Middlewares/Third_Party/FreeRTOS/Source/stream_buffer.c **** 			/* The minimum amount of bytes in a message buffer is
 845:Middlewares/Third_Party/FreeRTOS/Source/stream_buffer.c **** 			( sbBYTES_TO_STORE_MESSAGE_LENGTH + 1 ), so if xBytesAvailable is
 846:Middlewares/Third_Party/FreeRTOS/Source/stream_buffer.c **** 			less than sbBYTES_TO_STORE_MESSAGE_LENGTH the only other valid
 847:Middlewares/Third_Party/FreeRTOS/Source/stream_buffer.c **** 			value is 0. */
 848:Middlewares/Third_Party/FreeRTOS/Source/stream_buffer.c **** 			configASSERT( xBytesAvailable == 0 );
 1850              		.loc 1 848 4
 1851 0064 FB69     		ldr	r3, [r7, #28]
 1852 0066 002B     		cmp	r3, #0
 1853 0068 0BD0     		beq	.L113
 1854              	.LBB148:
 1855              	.LBB149:
 195:Middlewares/Third_Party/FreeRTOS/Source/portable/GCC/ARM_CM4F/portmacro.h **** 	(
 1856              		.loc 2 195 2
 1857              		.syntax unified
 1858              	@ 195 "Middlewares/Third_Party/FreeRTOS/Source/portable/GCC/ARM_CM4F/portmacro.h" 1
 1859 006a 4FF05003 			mov r3, #80												
 1860 006e 83F31188 		msr basepri, r3											
 1861 0072 BFF36F8F 		isb														
 1862 0076 BFF34F8F 		dsb														
 1863              	
 1864              	@ 0 "" 2
 1865              		.thumb
 1866              		.syntax unified
 1867 007a 3B61     		str	r3, [r7, #16]
 203:Middlewares/Third_Party/FreeRTOS/Source/portable/GCC/ARM_CM4F/portmacro.h **** 
 1868              		.loc 2 203 1
 1869 007c 00BF     		nop
 1870              	.L114:
 1871              	.LBE149:
 1872              	.LBE148:
 1873              		.loc 1 848 4
 1874 007e 00BF     		nop
 1875 0080 FDE7     		b	.L114
ARM GAS  /tmp/ccnNlaVp.s 			page 53


 1876              	.L113:
 849:Middlewares/Third_Party/FreeRTOS/Source/stream_buffer.c **** 			xReturn = 0;
 1877              		.loc 1 849 12
 1878 0082 0023     		movs	r3, #0
 1879 0084 7B62     		str	r3, [r7, #36]
 1880 0086 01E0     		b	.L112
 1881              	.L110:
 850:Middlewares/Third_Party/FreeRTOS/Source/stream_buffer.c **** 		}
 851:Middlewares/Third_Party/FreeRTOS/Source/stream_buffer.c **** 	}
 852:Middlewares/Third_Party/FreeRTOS/Source/stream_buffer.c **** 	else
 853:Middlewares/Third_Party/FreeRTOS/Source/stream_buffer.c **** 	{
 854:Middlewares/Third_Party/FreeRTOS/Source/stream_buffer.c **** 		xReturn = 0;
 1882              		.loc 1 854 11
 1883 0088 0023     		movs	r3, #0
 1884 008a 7B62     		str	r3, [r7, #36]
 1885              	.L112:
 855:Middlewares/Third_Party/FreeRTOS/Source/stream_buffer.c **** 	}
 856:Middlewares/Third_Party/FreeRTOS/Source/stream_buffer.c **** 
 857:Middlewares/Third_Party/FreeRTOS/Source/stream_buffer.c **** 	return xReturn;
 1886              		.loc 1 857 9
 1887 008c 7B6A     		ldr	r3, [r7, #36]
 858:Middlewares/Third_Party/FreeRTOS/Source/stream_buffer.c **** }
 1888              		.loc 1 858 1
 1889 008e 1846     		mov	r0, r3
 1890 0090 2837     		adds	r7, r7, #40
 1891              	.LCFI60:
 1892              		.cfi_def_cfa_offset 8
 1893 0092 BD46     		mov	sp, r7
 1894              	.LCFI61:
 1895              		.cfi_def_cfa_register 13
 1896              		@ sp needed
 1897 0094 80BD     		pop	{r7, pc}
 1898              		.cfi_endproc
 1899              	.LFE15:
 1901              		.section	.text.xStreamBufferReceiveFromISR,"ax",%progbits
 1902              		.align	1
 1903              		.global	xStreamBufferReceiveFromISR
 1904              		.syntax unified
 1905              		.thumb
 1906              		.thumb_func
 1908              	xStreamBufferReceiveFromISR:
 1909              	.LFB16:
 859:Middlewares/Third_Party/FreeRTOS/Source/stream_buffer.c **** /*-----------------------------------------------------------*/
 860:Middlewares/Third_Party/FreeRTOS/Source/stream_buffer.c **** 
 861:Middlewares/Third_Party/FreeRTOS/Source/stream_buffer.c **** size_t xStreamBufferReceiveFromISR( StreamBufferHandle_t xStreamBuffer,
 862:Middlewares/Third_Party/FreeRTOS/Source/stream_buffer.c **** 									void *pvRxData,
 863:Middlewares/Third_Party/FreeRTOS/Source/stream_buffer.c **** 									size_t xBufferLengthBytes,
 864:Middlewares/Third_Party/FreeRTOS/Source/stream_buffer.c **** 									BaseType_t * const pxHigherPriorityTaskWoken )
 865:Middlewares/Third_Party/FreeRTOS/Source/stream_buffer.c **** {
 1910              		.loc 1 865 1
 1911              		.cfi_startproc
 1912              		@ args = 0, pretend = 0, frame = 56
 1913              		@ frame_needed = 1, uses_anonymous_args = 0
 1914 0000 80B5     		push	{r7, lr}
 1915              	.LCFI62:
 1916              		.cfi_def_cfa_offset 8
 1917              		.cfi_offset 7, -8
ARM GAS  /tmp/ccnNlaVp.s 			page 54


 1918              		.cfi_offset 14, -4
 1919 0002 90B0     		sub	sp, sp, #64
 1920              	.LCFI63:
 1921              		.cfi_def_cfa_offset 72
 1922 0004 02AF     		add	r7, sp, #8
 1923              	.LCFI64:
 1924              		.cfi_def_cfa 7, 64
 1925 0006 F860     		str	r0, [r7, #12]
 1926 0008 B960     		str	r1, [r7, #8]
 1927 000a 7A60     		str	r2, [r7, #4]
 1928 000c 3B60     		str	r3, [r7]
 866:Middlewares/Third_Party/FreeRTOS/Source/stream_buffer.c **** StreamBuffer_t * const pxStreamBuffer = xStreamBuffer;
 1929              		.loc 1 866 24
 1930 000e FB68     		ldr	r3, [r7, #12]
 1931 0010 FB62     		str	r3, [r7, #44]
 867:Middlewares/Third_Party/FreeRTOS/Source/stream_buffer.c **** size_t xReceivedLength = 0, xBytesAvailable, xBytesToStoreMessageLength;
 1932              		.loc 1 867 8
 1933 0012 0023     		movs	r3, #0
 1934 0014 7B63     		str	r3, [r7, #52]
 868:Middlewares/Third_Party/FreeRTOS/Source/stream_buffer.c **** 
 869:Middlewares/Third_Party/FreeRTOS/Source/stream_buffer.c **** 	configASSERT( pvRxData );
 1935              		.loc 1 869 2
 1936 0016 BB68     		ldr	r3, [r7, #8]
 1937 0018 002B     		cmp	r3, #0
 1938 001a 0BD1     		bne	.L117
 1939              	.LBB150:
 1940              	.LBB151:
 195:Middlewares/Third_Party/FreeRTOS/Source/portable/GCC/ARM_CM4F/portmacro.h **** 	(
 1941              		.loc 2 195 2
 1942              		.syntax unified
 1943              	@ 195 "Middlewares/Third_Party/FreeRTOS/Source/portable/GCC/ARM_CM4F/portmacro.h" 1
 1944 001c 4FF05003 			mov r3, #80												
 1945 0020 83F31188 		msr basepri, r3											
 1946 0024 BFF36F8F 		isb														
 1947 0028 BFF34F8F 		dsb														
 1948              	
 1949              	@ 0 "" 2
 1950              		.thumb
 1951              		.syntax unified
 1952 002c 3B62     		str	r3, [r7, #32]
 203:Middlewares/Third_Party/FreeRTOS/Source/portable/GCC/ARM_CM4F/portmacro.h **** 
 1953              		.loc 2 203 1
 1954 002e 00BF     		nop
 1955              	.L118:
 1956              	.LBE151:
 1957              	.LBE150:
 1958              		.loc 1 869 2
 1959 0030 00BF     		nop
 1960 0032 FDE7     		b	.L118
 1961              	.L117:
 870:Middlewares/Third_Party/FreeRTOS/Source/stream_buffer.c **** 	configASSERT( pxStreamBuffer );
 1962              		.loc 1 870 2
 1963 0034 FB6A     		ldr	r3, [r7, #44]
 1964 0036 002B     		cmp	r3, #0
 1965 0038 0BD1     		bne	.L119
 1966              	.LBB152:
 1967              	.LBB153:
ARM GAS  /tmp/ccnNlaVp.s 			page 55


 195:Middlewares/Third_Party/FreeRTOS/Source/portable/GCC/ARM_CM4F/portmacro.h **** 	(
 1968              		.loc 2 195 2
 1969              		.syntax unified
 1970              	@ 195 "Middlewares/Third_Party/FreeRTOS/Source/portable/GCC/ARM_CM4F/portmacro.h" 1
 1971 003a 4FF05003 			mov r3, #80												
 1972 003e 83F31188 		msr basepri, r3											
 1973 0042 BFF36F8F 		isb														
 1974 0046 BFF34F8F 		dsb														
 1975              	
 1976              	@ 0 "" 2
 1977              		.thumb
 1978              		.syntax unified
 1979 004a FB61     		str	r3, [r7, #28]
 203:Middlewares/Third_Party/FreeRTOS/Source/portable/GCC/ARM_CM4F/portmacro.h **** 
 1980              		.loc 2 203 1
 1981 004c 00BF     		nop
 1982              	.L120:
 1983              	.LBE153:
 1984              	.LBE152:
 1985              		.loc 1 870 2
 1986 004e 00BF     		nop
 1987 0050 FDE7     		b	.L120
 1988              	.L119:
 871:Middlewares/Third_Party/FreeRTOS/Source/stream_buffer.c **** 
 872:Middlewares/Third_Party/FreeRTOS/Source/stream_buffer.c **** 	/* This receive function is used by both message buffers, which store
 873:Middlewares/Third_Party/FreeRTOS/Source/stream_buffer.c **** 	discrete messages, and stream buffers, which store a continuous stream of
 874:Middlewares/Third_Party/FreeRTOS/Source/stream_buffer.c **** 	bytes.  Discrete messages include an additional
 875:Middlewares/Third_Party/FreeRTOS/Source/stream_buffer.c **** 	sbBYTES_TO_STORE_MESSAGE_LENGTH bytes that hold the length of the
 876:Middlewares/Third_Party/FreeRTOS/Source/stream_buffer.c **** 	message. */
 877:Middlewares/Third_Party/FreeRTOS/Source/stream_buffer.c **** 	if( ( pxStreamBuffer->ucFlags & sbFLAGS_IS_MESSAGE_BUFFER ) != ( uint8_t ) 0 )
 1989              		.loc 1 877 22
 1990 0052 FB6A     		ldr	r3, [r7, #44]
 1991 0054 1B7F     		ldrb	r3, [r3, #28]	@ zero_extendqisi2
 1992              		.loc 1 877 32
 1993 0056 03F00103 		and	r3, r3, #1
 1994              		.loc 1 877 4
 1995 005a 002B     		cmp	r3, #0
 1996 005c 02D0     		beq	.L121
 878:Middlewares/Third_Party/FreeRTOS/Source/stream_buffer.c **** 	{
 879:Middlewares/Third_Party/FreeRTOS/Source/stream_buffer.c **** 		xBytesToStoreMessageLength = sbBYTES_TO_STORE_MESSAGE_LENGTH;
 1997              		.loc 1 879 30
 1998 005e 0423     		movs	r3, #4
 1999 0060 3B63     		str	r3, [r7, #48]
 2000 0062 01E0     		b	.L122
 2001              	.L121:
 880:Middlewares/Third_Party/FreeRTOS/Source/stream_buffer.c **** 	}
 881:Middlewares/Third_Party/FreeRTOS/Source/stream_buffer.c **** 	else
 882:Middlewares/Third_Party/FreeRTOS/Source/stream_buffer.c **** 	{
 883:Middlewares/Third_Party/FreeRTOS/Source/stream_buffer.c **** 		xBytesToStoreMessageLength = 0;
 2002              		.loc 1 883 30
 2003 0064 0023     		movs	r3, #0
 2004 0066 3B63     		str	r3, [r7, #48]
 2005              	.L122:
 884:Middlewares/Third_Party/FreeRTOS/Source/stream_buffer.c **** 	}
 885:Middlewares/Third_Party/FreeRTOS/Source/stream_buffer.c **** 
 886:Middlewares/Third_Party/FreeRTOS/Source/stream_buffer.c **** 	xBytesAvailable = prvBytesInBuffer( pxStreamBuffer );
 2006              		.loc 1 886 20
ARM GAS  /tmp/ccnNlaVp.s 			page 56


 2007 0068 F86A     		ldr	r0, [r7, #44]
 2008 006a FFF7FEFF 		bl	prvBytesInBuffer
 2009 006e B862     		str	r0, [r7, #40]
 887:Middlewares/Third_Party/FreeRTOS/Source/stream_buffer.c **** 
 888:Middlewares/Third_Party/FreeRTOS/Source/stream_buffer.c **** 	/* Whether receiving a discrete message (where xBytesToStoreMessageLength
 889:Middlewares/Third_Party/FreeRTOS/Source/stream_buffer.c **** 	holds the number of bytes used to store the message length) or a stream of
 890:Middlewares/Third_Party/FreeRTOS/Source/stream_buffer.c **** 	bytes (where xBytesToStoreMessageLength is zero), the number of bytes
 891:Middlewares/Third_Party/FreeRTOS/Source/stream_buffer.c **** 	available must be greater than xBytesToStoreMessageLength to be able to
 892:Middlewares/Third_Party/FreeRTOS/Source/stream_buffer.c **** 	read bytes from the buffer. */
 893:Middlewares/Third_Party/FreeRTOS/Source/stream_buffer.c **** 	if( xBytesAvailable > xBytesToStoreMessageLength )
 2010              		.loc 1 893 4
 2011 0070 BA6A     		ldr	r2, [r7, #40]
 2012 0072 3B6B     		ldr	r3, [r7, #48]
 2013 0074 9A42     		cmp	r2, r3
 2014 0076 2FD9     		bls	.L123
 894:Middlewares/Third_Party/FreeRTOS/Source/stream_buffer.c **** 	{
 895:Middlewares/Third_Party/FreeRTOS/Source/stream_buffer.c **** 		xReceivedLength = prvReadMessageFromBuffer( pxStreamBuffer, pvRxData, xBufferLengthBytes, xBytesA
 2015              		.loc 1 895 21
 2016 0078 3B6B     		ldr	r3, [r7, #48]
 2017 007a 0093     		str	r3, [sp]
 2018 007c BB6A     		ldr	r3, [r7, #40]
 2019 007e 7A68     		ldr	r2, [r7, #4]
 2020 0080 B968     		ldr	r1, [r7, #8]
 2021 0082 F86A     		ldr	r0, [r7, #44]
 2022 0084 FFF7FEFF 		bl	prvReadMessageFromBuffer
 2023 0088 7863     		str	r0, [r7, #52]
 896:Middlewares/Third_Party/FreeRTOS/Source/stream_buffer.c **** 
 897:Middlewares/Third_Party/FreeRTOS/Source/stream_buffer.c **** 		/* Was a task waiting for space in the buffer? */
 898:Middlewares/Third_Party/FreeRTOS/Source/stream_buffer.c **** 		if( xReceivedLength != ( size_t ) 0 )
 2024              		.loc 1 898 5
 2025 008a 7B6B     		ldr	r3, [r7, #52]
 2026 008c 002B     		cmp	r3, #0
 2027 008e 23D0     		beq	.L123
 2028              	.LBB154:
 2029              	.LBB155:
 2030              	.LBB156:
 211:Middlewares/Third_Party/FreeRTOS/Source/portable/GCC/ARM_CM4F/portmacro.h **** 	(
 2031              		.loc 2 211 2
 2032              		.syntax unified
 2033              	@ 211 "Middlewares/Third_Party/FreeRTOS/Source/portable/GCC/ARM_CM4F/portmacro.h" 1
 2034 0090 EFF31182 			mrs r2, basepri											
 2035 0094 4FF05003 		mov r3, #80												
 2036 0098 83F31188 		msr basepri, r3											
 2037 009c BFF36F8F 		isb														
 2038 00a0 BFF34F8F 		dsb														
 2039              	
 2040              	@ 0 "" 2
 2041              		.thumb
 2042              		.syntax unified
 2043 00a4 BA61     		str	r2, [r7, #24]
 2044 00a6 7B61     		str	r3, [r7, #20]
 223:Middlewares/Third_Party/FreeRTOS/Source/portable/GCC/ARM_CM4F/portmacro.h **** }
 2045              		.loc 2 223 9
 2046 00a8 BB69     		ldr	r3, [r7, #24]
 2047              	.LBE156:
 2048              	.LBE155:
 899:Middlewares/Third_Party/FreeRTOS/Source/stream_buffer.c **** 		{
ARM GAS  /tmp/ccnNlaVp.s 			page 57


 900:Middlewares/Third_Party/FreeRTOS/Source/stream_buffer.c **** 			sbRECEIVE_COMPLETED_FROM_ISR( pxStreamBuffer, pxHigherPriorityTaskWoken );
 2049              		.loc 1 900 4
 2050 00aa 7B62     		str	r3, [r7, #36]
 2051              		.loc 1 900 4 is_stmt 0 discriminator 1
 2052 00ac FB6A     		ldr	r3, [r7, #44]
 2053 00ae 5B69     		ldr	r3, [r3, #20]
 2054 00b0 002B     		cmp	r3, #0
 2055 00b2 0BD0     		beq	.L125
 2056              		.loc 1 900 4 discriminator 2
 2057 00b4 FB6A     		ldr	r3, [r7, #44]
 2058 00b6 5869     		ldr	r0, [r3, #20]
 2059 00b8 3B68     		ldr	r3, [r7]
 2060 00ba 0093     		str	r3, [sp]
 2061 00bc 0023     		movs	r3, #0
 2062 00be 0022     		movs	r2, #0
 2063 00c0 0021     		movs	r1, #0
 2064 00c2 FFF7FEFF 		bl	xTaskGenericNotifyFromISR
 2065              		.loc 1 900 4 discriminator 4
 2066 00c6 FB6A     		ldr	r3, [r7, #44]
 2067 00c8 0022     		movs	r2, #0
 2068 00ca 5A61     		str	r2, [r3, #20]
 2069              	.L125:
 2070 00cc 7B6A     		ldr	r3, [r7, #36]
 2071 00ce 3B61     		str	r3, [r7, #16]
 2072              	.LBB157:
 2073              	.LBB158:
 229:Middlewares/Third_Party/FreeRTOS/Source/portable/GCC/ARM_CM4F/portmacro.h **** 	(
 2074              		.loc 2 229 2 is_stmt 1
 2075 00d0 3B69     		ldr	r3, [r7, #16]
 2076              		.syntax unified
 2077              	@ 229 "Middlewares/Third_Party/FreeRTOS/Source/portable/GCC/ARM_CM4F/portmacro.h" 1
 2078 00d2 83F31188 			msr basepri, r3	
 2079              	@ 0 "" 2
 2080              		.loc 2 233 1
 2081              		.thumb
 2082              		.syntax unified
 2083 00d6 00BF     		nop
 2084              	.L123:
 2085              	.LBE158:
 2086              	.LBE157:
 2087              	.LBE154:
 901:Middlewares/Third_Party/FreeRTOS/Source/stream_buffer.c **** 		}
 902:Middlewares/Third_Party/FreeRTOS/Source/stream_buffer.c **** 		else
 903:Middlewares/Third_Party/FreeRTOS/Source/stream_buffer.c **** 		{
 904:Middlewares/Third_Party/FreeRTOS/Source/stream_buffer.c **** 			mtCOVERAGE_TEST_MARKER();
 905:Middlewares/Third_Party/FreeRTOS/Source/stream_buffer.c **** 		}
 906:Middlewares/Third_Party/FreeRTOS/Source/stream_buffer.c **** 	}
 907:Middlewares/Third_Party/FreeRTOS/Source/stream_buffer.c **** 	else
 908:Middlewares/Third_Party/FreeRTOS/Source/stream_buffer.c **** 	{
 909:Middlewares/Third_Party/FreeRTOS/Source/stream_buffer.c **** 		mtCOVERAGE_TEST_MARKER();
 910:Middlewares/Third_Party/FreeRTOS/Source/stream_buffer.c **** 	}
 911:Middlewares/Third_Party/FreeRTOS/Source/stream_buffer.c **** 
 912:Middlewares/Third_Party/FreeRTOS/Source/stream_buffer.c **** 	traceSTREAM_BUFFER_RECEIVE_FROM_ISR( xStreamBuffer, xReceivedLength );
 913:Middlewares/Third_Party/FreeRTOS/Source/stream_buffer.c **** 
 914:Middlewares/Third_Party/FreeRTOS/Source/stream_buffer.c **** 	return xReceivedLength;
 2088              		.loc 1 914 9
 2089 00d8 7B6B     		ldr	r3, [r7, #52]
ARM GAS  /tmp/ccnNlaVp.s 			page 58


 915:Middlewares/Third_Party/FreeRTOS/Source/stream_buffer.c **** }
 2090              		.loc 1 915 1
 2091 00da 1846     		mov	r0, r3
 2092 00dc 3837     		adds	r7, r7, #56
 2093              	.LCFI65:
 2094              		.cfi_def_cfa_offset 8
 2095 00de BD46     		mov	sp, r7
 2096              	.LCFI66:
 2097              		.cfi_def_cfa_register 13
 2098              		@ sp needed
 2099 00e0 80BD     		pop	{r7, pc}
 2100              		.cfi_endproc
 2101              	.LFE16:
 2103              		.section	.text.prvReadMessageFromBuffer,"ax",%progbits
 2104              		.align	1
 2105              		.syntax unified
 2106              		.thumb
 2107              		.thumb_func
 2109              	prvReadMessageFromBuffer:
 2110              	.LFB17:
 916:Middlewares/Third_Party/FreeRTOS/Source/stream_buffer.c **** /*-----------------------------------------------------------*/
 917:Middlewares/Third_Party/FreeRTOS/Source/stream_buffer.c **** 
 918:Middlewares/Third_Party/FreeRTOS/Source/stream_buffer.c **** static size_t prvReadMessageFromBuffer( StreamBuffer_t *pxStreamBuffer,
 919:Middlewares/Third_Party/FreeRTOS/Source/stream_buffer.c **** 										void *pvRxData,
 920:Middlewares/Third_Party/FreeRTOS/Source/stream_buffer.c **** 										size_t xBufferLengthBytes,
 921:Middlewares/Third_Party/FreeRTOS/Source/stream_buffer.c **** 										size_t xBytesAvailable,
 922:Middlewares/Third_Party/FreeRTOS/Source/stream_buffer.c **** 										size_t xBytesToStoreMessageLength )
 923:Middlewares/Third_Party/FreeRTOS/Source/stream_buffer.c **** {
 2111              		.loc 1 923 1
 2112              		.cfi_startproc
 2113              		@ args = 4, pretend = 0, frame = 32
 2114              		@ frame_needed = 1, uses_anonymous_args = 0
 2115 0000 80B5     		push	{r7, lr}
 2116              	.LCFI67:
 2117              		.cfi_def_cfa_offset 8
 2118              		.cfi_offset 7, -8
 2119              		.cfi_offset 14, -4
 2120 0002 88B0     		sub	sp, sp, #32
 2121              	.LCFI68:
 2122              		.cfi_def_cfa_offset 40
 2123 0004 00AF     		add	r7, sp, #0
 2124              	.LCFI69:
 2125              		.cfi_def_cfa_register 7
 2126 0006 F860     		str	r0, [r7, #12]
 2127 0008 B960     		str	r1, [r7, #8]
 2128 000a 7A60     		str	r2, [r7, #4]
 2129 000c 3B60     		str	r3, [r7]
 924:Middlewares/Third_Party/FreeRTOS/Source/stream_buffer.c **** size_t xOriginalTail, xReceivedLength, xNextMessageLength;
 925:Middlewares/Third_Party/FreeRTOS/Source/stream_buffer.c **** configMESSAGE_BUFFER_LENGTH_TYPE xTempNextMessageLength;
 926:Middlewares/Third_Party/FreeRTOS/Source/stream_buffer.c **** 
 927:Middlewares/Third_Party/FreeRTOS/Source/stream_buffer.c **** 	if( xBytesToStoreMessageLength != ( size_t ) 0 )
 2130              		.loc 1 927 4
 2131 000e BB6A     		ldr	r3, [r7, #40]
 2132 0010 002B     		cmp	r3, #0
 2133 0012 19D0     		beq	.L128
 928:Middlewares/Third_Party/FreeRTOS/Source/stream_buffer.c **** 	{
 929:Middlewares/Third_Party/FreeRTOS/Source/stream_buffer.c **** 		/* A discrete message is being received.  First receive the length
ARM GAS  /tmp/ccnNlaVp.s 			page 59


 930:Middlewares/Third_Party/FreeRTOS/Source/stream_buffer.c **** 		of the message.  A copy of the tail is stored so the buffer can be
 931:Middlewares/Third_Party/FreeRTOS/Source/stream_buffer.c **** 		returned to its prior state if the length of the message is too
 932:Middlewares/Third_Party/FreeRTOS/Source/stream_buffer.c **** 		large for the provided buffer. */
 933:Middlewares/Third_Party/FreeRTOS/Source/stream_buffer.c **** 		xOriginalTail = pxStreamBuffer->xTail;
 2134              		.loc 1 933 17
 2135 0014 FB68     		ldr	r3, [r7, #12]
 2136 0016 1B68     		ldr	r3, [r3]
 2137 0018 BB61     		str	r3, [r7, #24]
 934:Middlewares/Third_Party/FreeRTOS/Source/stream_buffer.c **** 		( void ) prvReadBytesFromBuffer( pxStreamBuffer, ( uint8_t * ) &xTempNextMessageLength, xBytesToS
 2138              		.loc 1 934 12
 2139 001a 07F11001 		add	r1, r7, #16
 2140 001e 3B68     		ldr	r3, [r7]
 2141 0020 BA6A     		ldr	r2, [r7, #40]
 2142 0022 F868     		ldr	r0, [r7, #12]
 2143 0024 FFF7FEFF 		bl	prvReadBytesFromBuffer
 935:Middlewares/Third_Party/FreeRTOS/Source/stream_buffer.c **** 		xNextMessageLength = ( size_t ) xTempNextMessageLength;
 2144              		.loc 1 935 22
 2145 0028 3B69     		ldr	r3, [r7, #16]
 2146 002a FB61     		str	r3, [r7, #28]
 936:Middlewares/Third_Party/FreeRTOS/Source/stream_buffer.c **** 
 937:Middlewares/Third_Party/FreeRTOS/Source/stream_buffer.c **** 		/* Reduce the number of bytes available by the number of bytes just
 938:Middlewares/Third_Party/FreeRTOS/Source/stream_buffer.c **** 		read out. */
 939:Middlewares/Third_Party/FreeRTOS/Source/stream_buffer.c **** 		xBytesAvailable -= xBytesToStoreMessageLength;
 2147              		.loc 1 939 19
 2148 002c 3A68     		ldr	r2, [r7]
 2149 002e BB6A     		ldr	r3, [r7, #40]
 2150 0030 D31A     		subs	r3, r2, r3
 2151 0032 3B60     		str	r3, [r7]
 940:Middlewares/Third_Party/FreeRTOS/Source/stream_buffer.c **** 
 941:Middlewares/Third_Party/FreeRTOS/Source/stream_buffer.c **** 		/* Check there is enough space in the buffer provided by the
 942:Middlewares/Third_Party/FreeRTOS/Source/stream_buffer.c **** 		user. */
 943:Middlewares/Third_Party/FreeRTOS/Source/stream_buffer.c **** 		if( xNextMessageLength > xBufferLengthBytes )
 2152              		.loc 1 943 5
 2153 0034 FA69     		ldr	r2, [r7, #28]
 2154 0036 7B68     		ldr	r3, [r7, #4]
 2155 0038 9A42     		cmp	r2, r3
 2156 003a 07D9     		bls	.L129
 944:Middlewares/Third_Party/FreeRTOS/Source/stream_buffer.c **** 		{
 945:Middlewares/Third_Party/FreeRTOS/Source/stream_buffer.c **** 			/* The user has provided insufficient space to read the message
 946:Middlewares/Third_Party/FreeRTOS/Source/stream_buffer.c **** 			so return the buffer to its previous state (so the length of
 947:Middlewares/Third_Party/FreeRTOS/Source/stream_buffer.c **** 			the message is in the buffer again). */
 948:Middlewares/Third_Party/FreeRTOS/Source/stream_buffer.c **** 			pxStreamBuffer->xTail = xOriginalTail;
 2157              		.loc 1 948 26
 2158 003c FB68     		ldr	r3, [r7, #12]
 2159 003e BA69     		ldr	r2, [r7, #24]
 2160 0040 1A60     		str	r2, [r3]
 949:Middlewares/Third_Party/FreeRTOS/Source/stream_buffer.c **** 			xNextMessageLength = 0;
 2161              		.loc 1 949 23
 2162 0042 0023     		movs	r3, #0
 2163 0044 FB61     		str	r3, [r7, #28]
 2164 0046 01E0     		b	.L129
 2165              	.L128:
 950:Middlewares/Third_Party/FreeRTOS/Source/stream_buffer.c **** 		}
 951:Middlewares/Third_Party/FreeRTOS/Source/stream_buffer.c **** 		else
 952:Middlewares/Third_Party/FreeRTOS/Source/stream_buffer.c **** 		{
 953:Middlewares/Third_Party/FreeRTOS/Source/stream_buffer.c **** 			mtCOVERAGE_TEST_MARKER();
 954:Middlewares/Third_Party/FreeRTOS/Source/stream_buffer.c **** 		}
ARM GAS  /tmp/ccnNlaVp.s 			page 60


 955:Middlewares/Third_Party/FreeRTOS/Source/stream_buffer.c **** 	}
 956:Middlewares/Third_Party/FreeRTOS/Source/stream_buffer.c **** 	else
 957:Middlewares/Third_Party/FreeRTOS/Source/stream_buffer.c **** 	{
 958:Middlewares/Third_Party/FreeRTOS/Source/stream_buffer.c **** 		/* A stream of bytes is being received (as opposed to a discrete
 959:Middlewares/Third_Party/FreeRTOS/Source/stream_buffer.c **** 		message), so read as many bytes as possible. */
 960:Middlewares/Third_Party/FreeRTOS/Source/stream_buffer.c **** 		xNextMessageLength = xBufferLengthBytes;
 2166              		.loc 1 960 22
 2167 0048 7B68     		ldr	r3, [r7, #4]
 2168 004a FB61     		str	r3, [r7, #28]
 2169              	.L129:
 961:Middlewares/Third_Party/FreeRTOS/Source/stream_buffer.c **** 	}
 962:Middlewares/Third_Party/FreeRTOS/Source/stream_buffer.c **** 
 963:Middlewares/Third_Party/FreeRTOS/Source/stream_buffer.c **** 	/* Read the actual data. */
 964:Middlewares/Third_Party/FreeRTOS/Source/stream_buffer.c **** 	xReceivedLength = prvReadBytesFromBuffer( pxStreamBuffer, ( uint8_t * ) pvRxData, xNextMessageLeng
 2170              		.loc 1 964 20
 2171 004c 3B68     		ldr	r3, [r7]
 2172 004e FA69     		ldr	r2, [r7, #28]
 2173 0050 B968     		ldr	r1, [r7, #8]
 2174 0052 F868     		ldr	r0, [r7, #12]
 2175 0054 FFF7FEFF 		bl	prvReadBytesFromBuffer
 2176 0058 7861     		str	r0, [r7, #20]
 965:Middlewares/Third_Party/FreeRTOS/Source/stream_buffer.c **** 
 966:Middlewares/Third_Party/FreeRTOS/Source/stream_buffer.c **** 	return xReceivedLength;
 2177              		.loc 1 966 9
 2178 005a 7B69     		ldr	r3, [r7, #20]
 967:Middlewares/Third_Party/FreeRTOS/Source/stream_buffer.c **** }
 2179              		.loc 1 967 1
 2180 005c 1846     		mov	r0, r3
 2181 005e 2037     		adds	r7, r7, #32
 2182              	.LCFI70:
 2183              		.cfi_def_cfa_offset 8
 2184 0060 BD46     		mov	sp, r7
 2185              	.LCFI71:
 2186              		.cfi_def_cfa_register 13
 2187              		@ sp needed
 2188 0062 80BD     		pop	{r7, pc}
 2189              		.cfi_endproc
 2190              	.LFE17:
 2192              		.section	.text.xStreamBufferIsEmpty,"ax",%progbits
 2193              		.align	1
 2194              		.global	xStreamBufferIsEmpty
 2195              		.syntax unified
 2196              		.thumb
 2197              		.thumb_func
 2199              	xStreamBufferIsEmpty:
 2200              	.LFB18:
 968:Middlewares/Third_Party/FreeRTOS/Source/stream_buffer.c **** /*-----------------------------------------------------------*/
 969:Middlewares/Third_Party/FreeRTOS/Source/stream_buffer.c **** 
 970:Middlewares/Third_Party/FreeRTOS/Source/stream_buffer.c **** BaseType_t xStreamBufferIsEmpty( StreamBufferHandle_t xStreamBuffer )
 971:Middlewares/Third_Party/FreeRTOS/Source/stream_buffer.c **** {
 2201              		.loc 1 971 1
 2202              		.cfi_startproc
 2203              		@ args = 0, pretend = 0, frame = 24
 2204              		@ frame_needed = 1, uses_anonymous_args = 0
 2205              		@ link register save eliminated.
 2206 0000 80B4     		push	{r7}
 2207              	.LCFI72:
ARM GAS  /tmp/ccnNlaVp.s 			page 61


 2208              		.cfi_def_cfa_offset 4
 2209              		.cfi_offset 7, -4
 2210 0002 87B0     		sub	sp, sp, #28
 2211              	.LCFI73:
 2212              		.cfi_def_cfa_offset 32
 2213 0004 00AF     		add	r7, sp, #0
 2214              	.LCFI74:
 2215              		.cfi_def_cfa_register 7
 2216 0006 7860     		str	r0, [r7, #4]
 972:Middlewares/Third_Party/FreeRTOS/Source/stream_buffer.c **** const StreamBuffer_t * const pxStreamBuffer = xStreamBuffer;
 2217              		.loc 1 972 30
 2218 0008 7B68     		ldr	r3, [r7, #4]
 2219 000a 3B61     		str	r3, [r7, #16]
 973:Middlewares/Third_Party/FreeRTOS/Source/stream_buffer.c **** BaseType_t xReturn;
 974:Middlewares/Third_Party/FreeRTOS/Source/stream_buffer.c **** size_t xTail;
 975:Middlewares/Third_Party/FreeRTOS/Source/stream_buffer.c **** 
 976:Middlewares/Third_Party/FreeRTOS/Source/stream_buffer.c **** 	configASSERT( pxStreamBuffer );
 2220              		.loc 1 976 2
 2221 000c 3B69     		ldr	r3, [r7, #16]
 2222 000e 002B     		cmp	r3, #0
 2223 0010 0BD1     		bne	.L132
 2224              	.LBB159:
 2225              	.LBB160:
 195:Middlewares/Third_Party/FreeRTOS/Source/portable/GCC/ARM_CM4F/portmacro.h **** 	(
 2226              		.loc 2 195 2
 2227              		.syntax unified
 2228              	@ 195 "Middlewares/Third_Party/FreeRTOS/Source/portable/GCC/ARM_CM4F/portmacro.h" 1
 2229 0012 4FF05003 			mov r3, #80												
 2230 0016 83F31188 		msr basepri, r3											
 2231 001a BFF36F8F 		isb														
 2232 001e BFF34F8F 		dsb														
 2233              	
 2234              	@ 0 "" 2
 2235              		.thumb
 2236              		.syntax unified
 2237 0022 BB60     		str	r3, [r7, #8]
 203:Middlewares/Third_Party/FreeRTOS/Source/portable/GCC/ARM_CM4F/portmacro.h **** 
 2238              		.loc 2 203 1
 2239 0024 00BF     		nop
 2240              	.L133:
 2241              	.LBE160:
 2242              	.LBE159:
 2243              		.loc 1 976 2
 2244 0026 00BF     		nop
 2245 0028 FDE7     		b	.L133
 2246              	.L132:
 977:Middlewares/Third_Party/FreeRTOS/Source/stream_buffer.c **** 
 978:Middlewares/Third_Party/FreeRTOS/Source/stream_buffer.c **** 	/* True if no bytes are available. */
 979:Middlewares/Third_Party/FreeRTOS/Source/stream_buffer.c **** 	xTail = pxStreamBuffer->xTail;
 2247              		.loc 1 979 8
 2248 002a 3B69     		ldr	r3, [r7, #16]
 2249 002c 1B68     		ldr	r3, [r3]
 2250 002e FB60     		str	r3, [r7, #12]
 980:Middlewares/Third_Party/FreeRTOS/Source/stream_buffer.c **** 	if( pxStreamBuffer->xHead == xTail )
 2251              		.loc 1 980 20
 2252 0030 3B69     		ldr	r3, [r7, #16]
 2253 0032 5B68     		ldr	r3, [r3, #4]
ARM GAS  /tmp/ccnNlaVp.s 			page 62


 2254              		.loc 1 980 4
 2255 0034 FA68     		ldr	r2, [r7, #12]
 2256 0036 9A42     		cmp	r2, r3
 2257 0038 02D1     		bne	.L134
 981:Middlewares/Third_Party/FreeRTOS/Source/stream_buffer.c **** 	{
 982:Middlewares/Third_Party/FreeRTOS/Source/stream_buffer.c **** 		xReturn = pdTRUE;
 2258              		.loc 1 982 11
 2259 003a 0123     		movs	r3, #1
 2260 003c 7B61     		str	r3, [r7, #20]
 2261 003e 01E0     		b	.L135
 2262              	.L134:
 983:Middlewares/Third_Party/FreeRTOS/Source/stream_buffer.c **** 	}
 984:Middlewares/Third_Party/FreeRTOS/Source/stream_buffer.c **** 	else
 985:Middlewares/Third_Party/FreeRTOS/Source/stream_buffer.c **** 	{
 986:Middlewares/Third_Party/FreeRTOS/Source/stream_buffer.c **** 		xReturn = pdFALSE;
 2263              		.loc 1 986 11
 2264 0040 0023     		movs	r3, #0
 2265 0042 7B61     		str	r3, [r7, #20]
 2266              	.L135:
 987:Middlewares/Third_Party/FreeRTOS/Source/stream_buffer.c **** 	}
 988:Middlewares/Third_Party/FreeRTOS/Source/stream_buffer.c **** 
 989:Middlewares/Third_Party/FreeRTOS/Source/stream_buffer.c **** 	return xReturn;
 2267              		.loc 1 989 9
 2268 0044 7B69     		ldr	r3, [r7, #20]
 990:Middlewares/Third_Party/FreeRTOS/Source/stream_buffer.c **** }
 2269              		.loc 1 990 1
 2270 0046 1846     		mov	r0, r3
 2271 0048 1C37     		adds	r7, r7, #28
 2272              	.LCFI75:
 2273              		.cfi_def_cfa_offset 4
 2274 004a BD46     		mov	sp, r7
 2275              	.LCFI76:
 2276              		.cfi_def_cfa_register 13
 2277              		@ sp needed
 2278 004c 80BC     		pop	{r7}
 2279              	.LCFI77:
 2280              		.cfi_restore 7
 2281              		.cfi_def_cfa_offset 0
 2282 004e 7047     		bx	lr
 2283              		.cfi_endproc
 2284              	.LFE18:
 2286              		.section	.text.xStreamBufferIsFull,"ax",%progbits
 2287              		.align	1
 2288              		.global	xStreamBufferIsFull
 2289              		.syntax unified
 2290              		.thumb
 2291              		.thumb_func
 2293              	xStreamBufferIsFull:
 2294              	.LFB19:
 991:Middlewares/Third_Party/FreeRTOS/Source/stream_buffer.c **** /*-----------------------------------------------------------*/
 992:Middlewares/Third_Party/FreeRTOS/Source/stream_buffer.c **** 
 993:Middlewares/Third_Party/FreeRTOS/Source/stream_buffer.c **** BaseType_t xStreamBufferIsFull( StreamBufferHandle_t xStreamBuffer )
 994:Middlewares/Third_Party/FreeRTOS/Source/stream_buffer.c **** {
 2295              		.loc 1 994 1
 2296              		.cfi_startproc
 2297              		@ args = 0, pretend = 0, frame = 24
 2298              		@ frame_needed = 1, uses_anonymous_args = 0
ARM GAS  /tmp/ccnNlaVp.s 			page 63


 2299 0000 80B5     		push	{r7, lr}
 2300              	.LCFI78:
 2301              		.cfi_def_cfa_offset 8
 2302              		.cfi_offset 7, -8
 2303              		.cfi_offset 14, -4
 2304 0002 86B0     		sub	sp, sp, #24
 2305              	.LCFI79:
 2306              		.cfi_def_cfa_offset 32
 2307 0004 00AF     		add	r7, sp, #0
 2308              	.LCFI80:
 2309              		.cfi_def_cfa_register 7
 2310 0006 7860     		str	r0, [r7, #4]
 995:Middlewares/Third_Party/FreeRTOS/Source/stream_buffer.c **** BaseType_t xReturn;
 996:Middlewares/Third_Party/FreeRTOS/Source/stream_buffer.c **** size_t xBytesToStoreMessageLength;
 997:Middlewares/Third_Party/FreeRTOS/Source/stream_buffer.c **** const StreamBuffer_t * const pxStreamBuffer = xStreamBuffer;
 2311              		.loc 1 997 30
 2312 0008 7B68     		ldr	r3, [r7, #4]
 2313 000a FB60     		str	r3, [r7, #12]
 998:Middlewares/Third_Party/FreeRTOS/Source/stream_buffer.c **** 
 999:Middlewares/Third_Party/FreeRTOS/Source/stream_buffer.c **** 	configASSERT( pxStreamBuffer );
 2314              		.loc 1 999 2
 2315 000c FB68     		ldr	r3, [r7, #12]
 2316 000e 002B     		cmp	r3, #0
 2317 0010 0BD1     		bne	.L138
 2318              	.LBB161:
 2319              	.LBB162:
 195:Middlewares/Third_Party/FreeRTOS/Source/portable/GCC/ARM_CM4F/portmacro.h **** 	(
 2320              		.loc 2 195 2
 2321              		.syntax unified
 2322              	@ 195 "Middlewares/Third_Party/FreeRTOS/Source/portable/GCC/ARM_CM4F/portmacro.h" 1
 2323 0012 4FF05003 			mov r3, #80												
 2324 0016 83F31188 		msr basepri, r3											
 2325 001a BFF36F8F 		isb														
 2326 001e BFF34F8F 		dsb														
 2327              	
 2328              	@ 0 "" 2
 2329              		.thumb
 2330              		.syntax unified
 2331 0022 BB60     		str	r3, [r7, #8]
 203:Middlewares/Third_Party/FreeRTOS/Source/portable/GCC/ARM_CM4F/portmacro.h **** 
 2332              		.loc 2 203 1
 2333 0024 00BF     		nop
 2334              	.L139:
 2335              	.LBE162:
 2336              	.LBE161:
 2337              		.loc 1 999 2
 2338 0026 00BF     		nop
 2339 0028 FDE7     		b	.L139
 2340              	.L138:
1000:Middlewares/Third_Party/FreeRTOS/Source/stream_buffer.c **** 
1001:Middlewares/Third_Party/FreeRTOS/Source/stream_buffer.c **** 	/* This generic version of the receive function is used by both message
1002:Middlewares/Third_Party/FreeRTOS/Source/stream_buffer.c **** 	buffers, which store discrete messages, and stream buffers, which store a
1003:Middlewares/Third_Party/FreeRTOS/Source/stream_buffer.c **** 	continuous stream of bytes.  Discrete messages include an additional
1004:Middlewares/Third_Party/FreeRTOS/Source/stream_buffer.c **** 	sbBYTES_TO_STORE_MESSAGE_LENGTH bytes that hold the length of the message. */
1005:Middlewares/Third_Party/FreeRTOS/Source/stream_buffer.c **** 	if( ( pxStreamBuffer->ucFlags & sbFLAGS_IS_MESSAGE_BUFFER ) != ( uint8_t ) 0 )
 2341              		.loc 1 1005 22
 2342 002a FB68     		ldr	r3, [r7, #12]
ARM GAS  /tmp/ccnNlaVp.s 			page 64


 2343 002c 1B7F     		ldrb	r3, [r3, #28]	@ zero_extendqisi2
 2344              		.loc 1 1005 32
 2345 002e 03F00103 		and	r3, r3, #1
 2346              		.loc 1 1005 4
 2347 0032 002B     		cmp	r3, #0
 2348 0034 02D0     		beq	.L140
1006:Middlewares/Third_Party/FreeRTOS/Source/stream_buffer.c **** 	{
1007:Middlewares/Third_Party/FreeRTOS/Source/stream_buffer.c **** 		xBytesToStoreMessageLength = sbBYTES_TO_STORE_MESSAGE_LENGTH;
 2349              		.loc 1 1007 30
 2350 0036 0423     		movs	r3, #4
 2351 0038 3B61     		str	r3, [r7, #16]
 2352 003a 01E0     		b	.L141
 2353              	.L140:
1008:Middlewares/Third_Party/FreeRTOS/Source/stream_buffer.c **** 	}
1009:Middlewares/Third_Party/FreeRTOS/Source/stream_buffer.c **** 	else
1010:Middlewares/Third_Party/FreeRTOS/Source/stream_buffer.c **** 	{
1011:Middlewares/Third_Party/FreeRTOS/Source/stream_buffer.c **** 		xBytesToStoreMessageLength = 0;
 2354              		.loc 1 1011 30
 2355 003c 0023     		movs	r3, #0
 2356 003e 3B61     		str	r3, [r7, #16]
 2357              	.L141:
1012:Middlewares/Third_Party/FreeRTOS/Source/stream_buffer.c **** 	}
1013:Middlewares/Third_Party/FreeRTOS/Source/stream_buffer.c **** 
1014:Middlewares/Third_Party/FreeRTOS/Source/stream_buffer.c **** 	/* True if the available space equals zero. */
1015:Middlewares/Third_Party/FreeRTOS/Source/stream_buffer.c **** 	if( xStreamBufferSpacesAvailable( xStreamBuffer ) <= xBytesToStoreMessageLength )
 2358              		.loc 1 1015 6
 2359 0040 7868     		ldr	r0, [r7, #4]
 2360 0042 FFF7FEFF 		bl	xStreamBufferSpacesAvailable
 2361 0046 0246     		mov	r2, r0
 2362              		.loc 1 1015 4 discriminator 1
 2363 0048 3B69     		ldr	r3, [r7, #16]
 2364 004a 9342     		cmp	r3, r2
 2365 004c 02D3     		bcc	.L142
1016:Middlewares/Third_Party/FreeRTOS/Source/stream_buffer.c **** 	{
1017:Middlewares/Third_Party/FreeRTOS/Source/stream_buffer.c **** 		xReturn = pdTRUE;
 2366              		.loc 1 1017 11
 2367 004e 0123     		movs	r3, #1
 2368 0050 7B61     		str	r3, [r7, #20]
 2369 0052 01E0     		b	.L143
 2370              	.L142:
1018:Middlewares/Third_Party/FreeRTOS/Source/stream_buffer.c **** 	}
1019:Middlewares/Third_Party/FreeRTOS/Source/stream_buffer.c **** 	else
1020:Middlewares/Third_Party/FreeRTOS/Source/stream_buffer.c **** 	{
1021:Middlewares/Third_Party/FreeRTOS/Source/stream_buffer.c **** 		xReturn = pdFALSE;
 2371              		.loc 1 1021 11
 2372 0054 0023     		movs	r3, #0
 2373 0056 7B61     		str	r3, [r7, #20]
 2374              	.L143:
1022:Middlewares/Third_Party/FreeRTOS/Source/stream_buffer.c **** 	}
1023:Middlewares/Third_Party/FreeRTOS/Source/stream_buffer.c **** 
1024:Middlewares/Third_Party/FreeRTOS/Source/stream_buffer.c **** 	return xReturn;
 2375              		.loc 1 1024 9
 2376 0058 7B69     		ldr	r3, [r7, #20]
1025:Middlewares/Third_Party/FreeRTOS/Source/stream_buffer.c **** }
 2377              		.loc 1 1025 1
 2378 005a 1846     		mov	r0, r3
 2379 005c 1837     		adds	r7, r7, #24
ARM GAS  /tmp/ccnNlaVp.s 			page 65


 2380              	.LCFI81:
 2381              		.cfi_def_cfa_offset 8
 2382 005e BD46     		mov	sp, r7
 2383              	.LCFI82:
 2384              		.cfi_def_cfa_register 13
 2385              		@ sp needed
 2386 0060 80BD     		pop	{r7, pc}
 2387              		.cfi_endproc
 2388              	.LFE19:
 2390              		.section	.text.xStreamBufferSendCompletedFromISR,"ax",%progbits
 2391              		.align	1
 2392              		.global	xStreamBufferSendCompletedFromISR
 2393              		.syntax unified
 2394              		.thumb
 2395              		.thumb_func
 2397              	xStreamBufferSendCompletedFromISR:
 2398              	.LFB20:
1026:Middlewares/Third_Party/FreeRTOS/Source/stream_buffer.c **** /*-----------------------------------------------------------*/
1027:Middlewares/Third_Party/FreeRTOS/Source/stream_buffer.c **** 
1028:Middlewares/Third_Party/FreeRTOS/Source/stream_buffer.c **** BaseType_t xStreamBufferSendCompletedFromISR( StreamBufferHandle_t xStreamBuffer, BaseType_t *pxHig
1029:Middlewares/Third_Party/FreeRTOS/Source/stream_buffer.c **** {
 2399              		.loc 1 1029 1
 2400              		.cfi_startproc
 2401              		@ args = 0, pretend = 0, frame = 40
 2402              		@ frame_needed = 1, uses_anonymous_args = 0
 2403 0000 80B5     		push	{r7, lr}
 2404              	.LCFI83:
 2405              		.cfi_def_cfa_offset 8
 2406              		.cfi_offset 7, -8
 2407              		.cfi_offset 14, -4
 2408 0002 8CB0     		sub	sp, sp, #48
 2409              	.LCFI84:
 2410              		.cfi_def_cfa_offset 56
 2411 0004 02AF     		add	r7, sp, #8
 2412              	.LCFI85:
 2413              		.cfi_def_cfa 7, 48
 2414 0006 7860     		str	r0, [r7, #4]
 2415 0008 3960     		str	r1, [r7]
1030:Middlewares/Third_Party/FreeRTOS/Source/stream_buffer.c **** StreamBuffer_t * const pxStreamBuffer = xStreamBuffer;
 2416              		.loc 1 1030 24
 2417 000a 7B68     		ldr	r3, [r7, #4]
 2418 000c 3B62     		str	r3, [r7, #32]
1031:Middlewares/Third_Party/FreeRTOS/Source/stream_buffer.c **** BaseType_t xReturn;
1032:Middlewares/Third_Party/FreeRTOS/Source/stream_buffer.c **** UBaseType_t uxSavedInterruptStatus;
1033:Middlewares/Third_Party/FreeRTOS/Source/stream_buffer.c **** 
1034:Middlewares/Third_Party/FreeRTOS/Source/stream_buffer.c **** 	configASSERT( pxStreamBuffer );
 2419              		.loc 1 1034 2
 2420 000e 3B6A     		ldr	r3, [r7, #32]
 2421 0010 002B     		cmp	r3, #0
 2422 0012 0BD1     		bne	.L146
 2423              	.LBB163:
 2424              	.LBB164:
 195:Middlewares/Third_Party/FreeRTOS/Source/portable/GCC/ARM_CM4F/portmacro.h **** 	(
 2425              		.loc 2 195 2
 2426              		.syntax unified
 2427              	@ 195 "Middlewares/Third_Party/FreeRTOS/Source/portable/GCC/ARM_CM4F/portmacro.h" 1
 2428 0014 4FF05003 			mov r3, #80												
ARM GAS  /tmp/ccnNlaVp.s 			page 66


 2429 0018 83F31188 		msr basepri, r3											
 2430 001c BFF36F8F 		isb														
 2431 0020 BFF34F8F 		dsb														
 2432              	
 2433              	@ 0 "" 2
 2434              		.thumb
 2435              		.syntax unified
 2436 0024 BB61     		str	r3, [r7, #24]
 203:Middlewares/Third_Party/FreeRTOS/Source/portable/GCC/ARM_CM4F/portmacro.h **** 
 2437              		.loc 2 203 1
 2438 0026 00BF     		nop
 2439              	.L147:
 2440              	.LBE164:
 2441              	.LBE163:
 2442              		.loc 1 1034 2
 2443 0028 00BF     		nop
 2444 002a FDE7     		b	.L147
 2445              	.L146:
 2446              	.LBB165:
 2447              	.LBB166:
 211:Middlewares/Third_Party/FreeRTOS/Source/portable/GCC/ARM_CM4F/portmacro.h **** 	(
 2448              		.loc 2 211 2
 2449              		.syntax unified
 2450              	@ 211 "Middlewares/Third_Party/FreeRTOS/Source/portable/GCC/ARM_CM4F/portmacro.h" 1
 2451 002c EFF31182 			mrs r2, basepri											
 2452 0030 4FF05003 		mov r3, #80												
 2453 0034 83F31188 		msr basepri, r3											
 2454 0038 BFF36F8F 		isb														
 2455 003c BFF34F8F 		dsb														
 2456              	
 2457              	@ 0 "" 2
 2458              		.thumb
 2459              		.syntax unified
 2460 0040 7A61     		str	r2, [r7, #20]
 2461 0042 3B61     		str	r3, [r7, #16]
 223:Middlewares/Third_Party/FreeRTOS/Source/portable/GCC/ARM_CM4F/portmacro.h **** }
 2462              		.loc 2 223 9
 2463 0044 7B69     		ldr	r3, [r7, #20]
 2464              	.LBE166:
 2465              	.LBE165:
1035:Middlewares/Third_Party/FreeRTOS/Source/stream_buffer.c **** 
1036:Middlewares/Third_Party/FreeRTOS/Source/stream_buffer.c **** 	uxSavedInterruptStatus = ( UBaseType_t ) portSET_INTERRUPT_MASK_FROM_ISR();
 2466              		.loc 1 1036 43
 2467 0046 FB61     		str	r3, [r7, #28]
1037:Middlewares/Third_Party/FreeRTOS/Source/stream_buffer.c **** 	{
1038:Middlewares/Third_Party/FreeRTOS/Source/stream_buffer.c **** 		if( ( pxStreamBuffer )->xTaskWaitingToReceive != NULL )
 2468              		.loc 1 1038 25
 2469 0048 3B6A     		ldr	r3, [r7, #32]
 2470 004a 1B69     		ldr	r3, [r3, #16]
 2471              		.loc 1 1038 5
 2472 004c 002B     		cmp	r3, #0
 2473 004e 0ED0     		beq	.L149
1039:Middlewares/Third_Party/FreeRTOS/Source/stream_buffer.c **** 		{
1040:Middlewares/Third_Party/FreeRTOS/Source/stream_buffer.c **** 			( void ) xTaskNotifyFromISR( ( pxStreamBuffer )->xTaskWaitingToReceive,
 2474              		.loc 1 1040 13
 2475 0050 3B6A     		ldr	r3, [r7, #32]
 2476 0052 1869     		ldr	r0, [r3, #16]
ARM GAS  /tmp/ccnNlaVp.s 			page 67


 2477 0054 3B68     		ldr	r3, [r7]
 2478 0056 0093     		str	r3, [sp]
 2479 0058 0023     		movs	r3, #0
 2480 005a 0022     		movs	r2, #0
 2481 005c 0021     		movs	r1, #0
 2482 005e FFF7FEFF 		bl	xTaskGenericNotifyFromISR
1041:Middlewares/Third_Party/FreeRTOS/Source/stream_buffer.c **** 										 ( uint32_t ) 0,
1042:Middlewares/Third_Party/FreeRTOS/Source/stream_buffer.c **** 										 eNoAction,
1043:Middlewares/Third_Party/FreeRTOS/Source/stream_buffer.c **** 										 pxHigherPriorityTaskWoken );
1044:Middlewares/Third_Party/FreeRTOS/Source/stream_buffer.c **** 			( pxStreamBuffer )->xTaskWaitingToReceive = NULL;
 2483              		.loc 1 1044 46
 2484 0062 3B6A     		ldr	r3, [r7, #32]
 2485 0064 0022     		movs	r2, #0
 2486 0066 1A61     		str	r2, [r3, #16]
1045:Middlewares/Third_Party/FreeRTOS/Source/stream_buffer.c **** 			xReturn = pdTRUE;
 2487              		.loc 1 1045 12
 2488 0068 0123     		movs	r3, #1
 2489 006a 7B62     		str	r3, [r7, #36]
 2490 006c 01E0     		b	.L150
 2491              	.L149:
1046:Middlewares/Third_Party/FreeRTOS/Source/stream_buffer.c **** 		}
1047:Middlewares/Third_Party/FreeRTOS/Source/stream_buffer.c **** 		else
1048:Middlewares/Third_Party/FreeRTOS/Source/stream_buffer.c **** 		{
1049:Middlewares/Third_Party/FreeRTOS/Source/stream_buffer.c **** 			xReturn = pdFALSE;
 2492              		.loc 1 1049 12
 2493 006e 0023     		movs	r3, #0
 2494 0070 7B62     		str	r3, [r7, #36]
 2495              	.L150:
 2496 0072 FB69     		ldr	r3, [r7, #28]
 2497 0074 FB60     		str	r3, [r7, #12]
 2498              	.LBB167:
 2499              	.LBB168:
 229:Middlewares/Third_Party/FreeRTOS/Source/portable/GCC/ARM_CM4F/portmacro.h **** 	(
 2500              		.loc 2 229 2
 2501 0076 FB68     		ldr	r3, [r7, #12]
 2502              		.syntax unified
 2503              	@ 229 "Middlewares/Third_Party/FreeRTOS/Source/portable/GCC/ARM_CM4F/portmacro.h" 1
 2504 0078 83F31188 			msr basepri, r3	
 2505              	@ 0 "" 2
 2506              		.loc 2 233 1
 2507              		.thumb
 2508              		.syntax unified
 2509 007c 00BF     		nop
 2510              	.LBE168:
 2511              	.LBE167:
1050:Middlewares/Third_Party/FreeRTOS/Source/stream_buffer.c **** 		}
1051:Middlewares/Third_Party/FreeRTOS/Source/stream_buffer.c **** 	}
1052:Middlewares/Third_Party/FreeRTOS/Source/stream_buffer.c **** 	portCLEAR_INTERRUPT_MASK_FROM_ISR( uxSavedInterruptStatus );
1053:Middlewares/Third_Party/FreeRTOS/Source/stream_buffer.c **** 
1054:Middlewares/Third_Party/FreeRTOS/Source/stream_buffer.c **** 	return xReturn;
 2512              		.loc 1 1054 9
 2513 007e 7B6A     		ldr	r3, [r7, #36]
1055:Middlewares/Third_Party/FreeRTOS/Source/stream_buffer.c **** }
 2514              		.loc 1 1055 1
 2515 0080 1846     		mov	r0, r3
 2516 0082 2837     		adds	r7, r7, #40
 2517              	.LCFI86:
ARM GAS  /tmp/ccnNlaVp.s 			page 68


 2518              		.cfi_def_cfa_offset 8
 2519 0084 BD46     		mov	sp, r7
 2520              	.LCFI87:
 2521              		.cfi_def_cfa_register 13
 2522              		@ sp needed
 2523 0086 80BD     		pop	{r7, pc}
 2524              		.cfi_endproc
 2525              	.LFE20:
 2527              		.section	.text.xStreamBufferReceiveCompletedFromISR,"ax",%progbits
 2528              		.align	1
 2529              		.global	xStreamBufferReceiveCompletedFromISR
 2530              		.syntax unified
 2531              		.thumb
 2532              		.thumb_func
 2534              	xStreamBufferReceiveCompletedFromISR:
 2535              	.LFB21:
1056:Middlewares/Third_Party/FreeRTOS/Source/stream_buffer.c **** /*-----------------------------------------------------------*/
1057:Middlewares/Third_Party/FreeRTOS/Source/stream_buffer.c **** 
1058:Middlewares/Third_Party/FreeRTOS/Source/stream_buffer.c **** BaseType_t xStreamBufferReceiveCompletedFromISR( StreamBufferHandle_t xStreamBuffer, BaseType_t *px
1059:Middlewares/Third_Party/FreeRTOS/Source/stream_buffer.c **** {
 2536              		.loc 1 1059 1
 2537              		.cfi_startproc
 2538              		@ args = 0, pretend = 0, frame = 40
 2539              		@ frame_needed = 1, uses_anonymous_args = 0
 2540 0000 80B5     		push	{r7, lr}
 2541              	.LCFI88:
 2542              		.cfi_def_cfa_offset 8
 2543              		.cfi_offset 7, -8
 2544              		.cfi_offset 14, -4
 2545 0002 8CB0     		sub	sp, sp, #48
 2546              	.LCFI89:
 2547              		.cfi_def_cfa_offset 56
 2548 0004 02AF     		add	r7, sp, #8
 2549              	.LCFI90:
 2550              		.cfi_def_cfa 7, 48
 2551 0006 7860     		str	r0, [r7, #4]
 2552 0008 3960     		str	r1, [r7]
1060:Middlewares/Third_Party/FreeRTOS/Source/stream_buffer.c **** StreamBuffer_t * const pxStreamBuffer = xStreamBuffer;
 2553              		.loc 1 1060 24
 2554 000a 7B68     		ldr	r3, [r7, #4]
 2555 000c 3B62     		str	r3, [r7, #32]
1061:Middlewares/Third_Party/FreeRTOS/Source/stream_buffer.c **** BaseType_t xReturn;
1062:Middlewares/Third_Party/FreeRTOS/Source/stream_buffer.c **** UBaseType_t uxSavedInterruptStatus;
1063:Middlewares/Third_Party/FreeRTOS/Source/stream_buffer.c **** 
1064:Middlewares/Third_Party/FreeRTOS/Source/stream_buffer.c **** 	configASSERT( pxStreamBuffer );
 2556              		.loc 1 1064 2
 2557 000e 3B6A     		ldr	r3, [r7, #32]
 2558 0010 002B     		cmp	r3, #0
 2559 0012 0BD1     		bne	.L153
 2560              	.LBB169:
 2561              	.LBB170:
 195:Middlewares/Third_Party/FreeRTOS/Source/portable/GCC/ARM_CM4F/portmacro.h **** 	(
 2562              		.loc 2 195 2
 2563              		.syntax unified
 2564              	@ 195 "Middlewares/Third_Party/FreeRTOS/Source/portable/GCC/ARM_CM4F/portmacro.h" 1
 2565 0014 4FF05003 			mov r3, #80												
 2566 0018 83F31188 		msr basepri, r3											
ARM GAS  /tmp/ccnNlaVp.s 			page 69


 2567 001c BFF36F8F 		isb														
 2568 0020 BFF34F8F 		dsb														
 2569              	
 2570              	@ 0 "" 2
 2571              		.thumb
 2572              		.syntax unified
 2573 0024 BB61     		str	r3, [r7, #24]
 203:Middlewares/Third_Party/FreeRTOS/Source/portable/GCC/ARM_CM4F/portmacro.h **** 
 2574              		.loc 2 203 1
 2575 0026 00BF     		nop
 2576              	.L154:
 2577              	.LBE170:
 2578              	.LBE169:
 2579              		.loc 1 1064 2
 2580 0028 00BF     		nop
 2581 002a FDE7     		b	.L154
 2582              	.L153:
 2583              	.LBB171:
 2584              	.LBB172:
 211:Middlewares/Third_Party/FreeRTOS/Source/portable/GCC/ARM_CM4F/portmacro.h **** 	(
 2585              		.loc 2 211 2
 2586              		.syntax unified
 2587              	@ 211 "Middlewares/Third_Party/FreeRTOS/Source/portable/GCC/ARM_CM4F/portmacro.h" 1
 2588 002c EFF31182 			mrs r2, basepri											
 2589 0030 4FF05003 		mov r3, #80												
 2590 0034 83F31188 		msr basepri, r3											
 2591 0038 BFF36F8F 		isb														
 2592 003c BFF34F8F 		dsb														
 2593              	
 2594              	@ 0 "" 2
 2595              		.thumb
 2596              		.syntax unified
 2597 0040 7A61     		str	r2, [r7, #20]
 2598 0042 3B61     		str	r3, [r7, #16]
 223:Middlewares/Third_Party/FreeRTOS/Source/portable/GCC/ARM_CM4F/portmacro.h **** }
 2599              		.loc 2 223 9
 2600 0044 7B69     		ldr	r3, [r7, #20]
 2601              	.LBE172:
 2602              	.LBE171:
1065:Middlewares/Third_Party/FreeRTOS/Source/stream_buffer.c **** 
1066:Middlewares/Third_Party/FreeRTOS/Source/stream_buffer.c **** 	uxSavedInterruptStatus = ( UBaseType_t ) portSET_INTERRUPT_MASK_FROM_ISR();
 2603              		.loc 1 1066 43
 2604 0046 FB61     		str	r3, [r7, #28]
1067:Middlewares/Third_Party/FreeRTOS/Source/stream_buffer.c **** 	{
1068:Middlewares/Third_Party/FreeRTOS/Source/stream_buffer.c **** 		if( ( pxStreamBuffer )->xTaskWaitingToSend != NULL )
 2605              		.loc 1 1068 25
 2606 0048 3B6A     		ldr	r3, [r7, #32]
 2607 004a 5B69     		ldr	r3, [r3, #20]
 2608              		.loc 1 1068 5
 2609 004c 002B     		cmp	r3, #0
 2610 004e 0ED0     		beq	.L156
1069:Middlewares/Third_Party/FreeRTOS/Source/stream_buffer.c **** 		{
1070:Middlewares/Third_Party/FreeRTOS/Source/stream_buffer.c **** 			( void ) xTaskNotifyFromISR( ( pxStreamBuffer )->xTaskWaitingToSend,
 2611              		.loc 1 1070 13
 2612 0050 3B6A     		ldr	r3, [r7, #32]
 2613 0052 5869     		ldr	r0, [r3, #20]
 2614 0054 3B68     		ldr	r3, [r7]
ARM GAS  /tmp/ccnNlaVp.s 			page 70


 2615 0056 0093     		str	r3, [sp]
 2616 0058 0023     		movs	r3, #0
 2617 005a 0022     		movs	r2, #0
 2618 005c 0021     		movs	r1, #0
 2619 005e FFF7FEFF 		bl	xTaskGenericNotifyFromISR
1071:Middlewares/Third_Party/FreeRTOS/Source/stream_buffer.c **** 										 ( uint32_t ) 0,
1072:Middlewares/Third_Party/FreeRTOS/Source/stream_buffer.c **** 										 eNoAction,
1073:Middlewares/Third_Party/FreeRTOS/Source/stream_buffer.c **** 										 pxHigherPriorityTaskWoken );
1074:Middlewares/Third_Party/FreeRTOS/Source/stream_buffer.c **** 			( pxStreamBuffer )->xTaskWaitingToSend = NULL;
 2620              		.loc 1 1074 43
 2621 0062 3B6A     		ldr	r3, [r7, #32]
 2622 0064 0022     		movs	r2, #0
 2623 0066 5A61     		str	r2, [r3, #20]
1075:Middlewares/Third_Party/FreeRTOS/Source/stream_buffer.c **** 			xReturn = pdTRUE;
 2624              		.loc 1 1075 12
 2625 0068 0123     		movs	r3, #1
 2626 006a 7B62     		str	r3, [r7, #36]
 2627 006c 01E0     		b	.L157
 2628              	.L156:
1076:Middlewares/Third_Party/FreeRTOS/Source/stream_buffer.c **** 		}
1077:Middlewares/Third_Party/FreeRTOS/Source/stream_buffer.c **** 		else
1078:Middlewares/Third_Party/FreeRTOS/Source/stream_buffer.c **** 		{
1079:Middlewares/Third_Party/FreeRTOS/Source/stream_buffer.c **** 			xReturn = pdFALSE;
 2629              		.loc 1 1079 12
 2630 006e 0023     		movs	r3, #0
 2631 0070 7B62     		str	r3, [r7, #36]
 2632              	.L157:
 2633 0072 FB69     		ldr	r3, [r7, #28]
 2634 0074 FB60     		str	r3, [r7, #12]
 2635              	.LBB173:
 2636              	.LBB174:
 229:Middlewares/Third_Party/FreeRTOS/Source/portable/GCC/ARM_CM4F/portmacro.h **** 	(
 2637              		.loc 2 229 2
 2638 0076 FB68     		ldr	r3, [r7, #12]
 2639              		.syntax unified
 2640              	@ 229 "Middlewares/Third_Party/FreeRTOS/Source/portable/GCC/ARM_CM4F/portmacro.h" 1
 2641 0078 83F31188 			msr basepri, r3	
 2642              	@ 0 "" 2
 2643              		.loc 2 233 1
 2644              		.thumb
 2645              		.syntax unified
 2646 007c 00BF     		nop
 2647              	.LBE174:
 2648              	.LBE173:
1080:Middlewares/Third_Party/FreeRTOS/Source/stream_buffer.c **** 		}
1081:Middlewares/Third_Party/FreeRTOS/Source/stream_buffer.c **** 	}
1082:Middlewares/Third_Party/FreeRTOS/Source/stream_buffer.c **** 	portCLEAR_INTERRUPT_MASK_FROM_ISR( uxSavedInterruptStatus );
1083:Middlewares/Third_Party/FreeRTOS/Source/stream_buffer.c **** 
1084:Middlewares/Third_Party/FreeRTOS/Source/stream_buffer.c **** 	return xReturn;
 2649              		.loc 1 1084 9
 2650 007e 7B6A     		ldr	r3, [r7, #36]
1085:Middlewares/Third_Party/FreeRTOS/Source/stream_buffer.c **** }
 2651              		.loc 1 1085 1
 2652 0080 1846     		mov	r0, r3
 2653 0082 2837     		adds	r7, r7, #40
 2654              	.LCFI91:
 2655              		.cfi_def_cfa_offset 8
ARM GAS  /tmp/ccnNlaVp.s 			page 71


 2656 0084 BD46     		mov	sp, r7
 2657              	.LCFI92:
 2658              		.cfi_def_cfa_register 13
 2659              		@ sp needed
 2660 0086 80BD     		pop	{r7, pc}
 2661              		.cfi_endproc
 2662              	.LFE21:
 2664              		.section	.text.prvWriteBytesToBuffer,"ax",%progbits
 2665              		.align	1
 2666              		.syntax unified
 2667              		.thumb
 2668              		.thumb_func
 2670              	prvWriteBytesToBuffer:
 2671              	.LFB22:
1086:Middlewares/Third_Party/FreeRTOS/Source/stream_buffer.c **** /*-----------------------------------------------------------*/
1087:Middlewares/Third_Party/FreeRTOS/Source/stream_buffer.c **** 
1088:Middlewares/Third_Party/FreeRTOS/Source/stream_buffer.c **** static size_t prvWriteBytesToBuffer( StreamBuffer_t * const pxStreamBuffer, const uint8_t *pucData,
1089:Middlewares/Third_Party/FreeRTOS/Source/stream_buffer.c **** {
 2672              		.loc 1 1089 1
 2673              		.cfi_startproc
 2674              		@ args = 0, pretend = 0, frame = 40
 2675              		@ frame_needed = 1, uses_anonymous_args = 0
 2676 0000 80B5     		push	{r7, lr}
 2677              	.LCFI93:
 2678              		.cfi_def_cfa_offset 8
 2679              		.cfi_offset 7, -8
 2680              		.cfi_offset 14, -4
 2681 0002 8AB0     		sub	sp, sp, #40
 2682              	.LCFI94:
 2683              		.cfi_def_cfa_offset 48
 2684 0004 00AF     		add	r7, sp, #0
 2685              	.LCFI95:
 2686              		.cfi_def_cfa_register 7
 2687 0006 F860     		str	r0, [r7, #12]
 2688 0008 B960     		str	r1, [r7, #8]
 2689 000a 7A60     		str	r2, [r7, #4]
1090:Middlewares/Third_Party/FreeRTOS/Source/stream_buffer.c **** size_t xNextHead, xFirstLength;
1091:Middlewares/Third_Party/FreeRTOS/Source/stream_buffer.c **** 
1092:Middlewares/Third_Party/FreeRTOS/Source/stream_buffer.c **** 	configASSERT( xCount > ( size_t ) 0 );
 2690              		.loc 1 1092 2
 2691 000c 7B68     		ldr	r3, [r7, #4]
 2692 000e 002B     		cmp	r3, #0
 2693 0010 0BD1     		bne	.L160
 2694              	.LBB175:
 2695              	.LBB176:
 195:Middlewares/Third_Party/FreeRTOS/Source/portable/GCC/ARM_CM4F/portmacro.h **** 	(
 2696              		.loc 2 195 2
 2697              		.syntax unified
 2698              	@ 195 "Middlewares/Third_Party/FreeRTOS/Source/portable/GCC/ARM_CM4F/portmacro.h" 1
 2699 0012 4FF05003 			mov r3, #80												
 2700 0016 83F31188 		msr basepri, r3											
 2701 001a BFF36F8F 		isb														
 2702 001e BFF34F8F 		dsb														
 2703              	
 2704              	@ 0 "" 2
 2705              		.thumb
 2706              		.syntax unified
ARM GAS  /tmp/ccnNlaVp.s 			page 72


 2707 0022 FB61     		str	r3, [r7, #28]
 203:Middlewares/Third_Party/FreeRTOS/Source/portable/GCC/ARM_CM4F/portmacro.h **** 
 2708              		.loc 2 203 1
 2709 0024 00BF     		nop
 2710              	.L161:
 2711              	.LBE176:
 2712              	.LBE175:
 2713              		.loc 1 1092 2
 2714 0026 00BF     		nop
 2715 0028 FDE7     		b	.L161
 2716              	.L160:
1093:Middlewares/Third_Party/FreeRTOS/Source/stream_buffer.c **** 
1094:Middlewares/Third_Party/FreeRTOS/Source/stream_buffer.c **** 	xNextHead = pxStreamBuffer->xHead;
 2717              		.loc 1 1094 12
 2718 002a FB68     		ldr	r3, [r7, #12]
 2719 002c 5B68     		ldr	r3, [r3, #4]
 2720 002e 7B62     		str	r3, [r7, #36]
1095:Middlewares/Third_Party/FreeRTOS/Source/stream_buffer.c **** 
1096:Middlewares/Third_Party/FreeRTOS/Source/stream_buffer.c **** 	/* Calculate the number of bytes that can be added in the first write -
1097:Middlewares/Third_Party/FreeRTOS/Source/stream_buffer.c **** 	which may be less than the total number of bytes that need to be added if
1098:Middlewares/Third_Party/FreeRTOS/Source/stream_buffer.c **** 	the buffer will wrap back to the beginning. */
1099:Middlewares/Third_Party/FreeRTOS/Source/stream_buffer.c **** 	xFirstLength = configMIN( pxStreamBuffer->xLength - xNextHead, xCount );
 2721              		.loc 1 1099 17
 2722 0030 FB68     		ldr	r3, [r7, #12]
 2723 0032 9A68     		ldr	r2, [r3, #8]
 2724 0034 7B6A     		ldr	r3, [r7, #36]
 2725 0036 D31A     		subs	r3, r2, r3
 2726              		.loc 1 1099 15
 2727 0038 7A68     		ldr	r2, [r7, #4]
 2728 003a 9342     		cmp	r3, r2
 2729 003c 28BF     		it	cs
 2730 003e 1346     		movcs	r3, r2
 2731 0040 3B62     		str	r3, [r7, #32]
1100:Middlewares/Third_Party/FreeRTOS/Source/stream_buffer.c **** 
1101:Middlewares/Third_Party/FreeRTOS/Source/stream_buffer.c **** 	/* Write as many bytes as can be written in the first write. */
1102:Middlewares/Third_Party/FreeRTOS/Source/stream_buffer.c **** 	configASSERT( ( xNextHead + xFirstLength ) <= pxStreamBuffer->xLength );
 2732              		.loc 1 1102 2
 2733 0042 7A6A     		ldr	r2, [r7, #36]
 2734 0044 3B6A     		ldr	r3, [r7, #32]
 2735 0046 1A44     		add	r2, r2, r3
 2736 0048 FB68     		ldr	r3, [r7, #12]
 2737 004a 9B68     		ldr	r3, [r3, #8]
 2738 004c 9A42     		cmp	r2, r3
 2739 004e 0BD9     		bls	.L162
 2740              	.LBB177:
 2741              	.LBB178:
 195:Middlewares/Third_Party/FreeRTOS/Source/portable/GCC/ARM_CM4F/portmacro.h **** 	(
 2742              		.loc 2 195 2
 2743              		.syntax unified
 2744              	@ 195 "Middlewares/Third_Party/FreeRTOS/Source/portable/GCC/ARM_CM4F/portmacro.h" 1
 2745 0050 4FF05003 			mov r3, #80												
 2746 0054 83F31188 		msr basepri, r3											
 2747 0058 BFF36F8F 		isb														
 2748 005c BFF34F8F 		dsb														
 2749              	
 2750              	@ 0 "" 2
 2751              		.thumb
ARM GAS  /tmp/ccnNlaVp.s 			page 73


 2752              		.syntax unified
 2753 0060 BB61     		str	r3, [r7, #24]
 203:Middlewares/Third_Party/FreeRTOS/Source/portable/GCC/ARM_CM4F/portmacro.h **** 
 2754              		.loc 2 203 1
 2755 0062 00BF     		nop
 2756              	.L163:
 2757              	.LBE178:
 2758              	.LBE177:
 2759              		.loc 1 1102 2
 2760 0064 00BF     		nop
 2761 0066 FDE7     		b	.L163
 2762              	.L162:
1103:Middlewares/Third_Party/FreeRTOS/Source/stream_buffer.c **** 	( void ) memcpy( ( void* ) ( &( pxStreamBuffer->pucBuffer[ xNextHead ] ) ), ( const void * ) pucDa
 2763              		.loc 1 1103 48
 2764 0068 FB68     		ldr	r3, [r7, #12]
 2765 006a 9A69     		ldr	r2, [r3, #24]
 2766              		.loc 1 1103 31
 2767 006c 7B6A     		ldr	r3, [r7, #36]
 2768 006e 1344     		add	r3, r3, r2
 2769              		.loc 1 1103 11
 2770 0070 3A6A     		ldr	r2, [r7, #32]
 2771 0072 B968     		ldr	r1, [r7, #8]
 2772 0074 1846     		mov	r0, r3
 2773 0076 FFF7FEFF 		bl	memcpy
1104:Middlewares/Third_Party/FreeRTOS/Source/stream_buffer.c **** 
1105:Middlewares/Third_Party/FreeRTOS/Source/stream_buffer.c **** 	/* If the number of bytes written was less than the number that could be
1106:Middlewares/Third_Party/FreeRTOS/Source/stream_buffer.c **** 	written in the first write... */
1107:Middlewares/Third_Party/FreeRTOS/Source/stream_buffer.c **** 	if( xCount > xFirstLength )
 2774              		.loc 1 1107 4
 2775 007a 7A68     		ldr	r2, [r7, #4]
 2776 007c 3B6A     		ldr	r3, [r7, #32]
 2777 007e 9A42     		cmp	r2, r3
 2778 0080 1DD9     		bls	.L164
1108:Middlewares/Third_Party/FreeRTOS/Source/stream_buffer.c **** 	{
1109:Middlewares/Third_Party/FreeRTOS/Source/stream_buffer.c **** 		/* ...then write the remaining bytes to the start of the buffer. */
1110:Middlewares/Third_Party/FreeRTOS/Source/stream_buffer.c **** 		configASSERT( ( xCount - xFirstLength ) <= pxStreamBuffer->xLength );
 2779              		.loc 1 1110 3
 2780 0082 7A68     		ldr	r2, [r7, #4]
 2781 0084 3B6A     		ldr	r3, [r7, #32]
 2782 0086 D21A     		subs	r2, r2, r3
 2783 0088 FB68     		ldr	r3, [r7, #12]
 2784 008a 9B68     		ldr	r3, [r3, #8]
 2785 008c 9A42     		cmp	r2, r3
 2786 008e 0BD9     		bls	.L165
 2787              	.LBB179:
 2788              	.LBB180:
 195:Middlewares/Third_Party/FreeRTOS/Source/portable/GCC/ARM_CM4F/portmacro.h **** 	(
 2789              		.loc 2 195 2
 2790              		.syntax unified
 2791              	@ 195 "Middlewares/Third_Party/FreeRTOS/Source/portable/GCC/ARM_CM4F/portmacro.h" 1
 2792 0090 4FF05003 			mov r3, #80												
 2793 0094 83F31188 		msr basepri, r3											
 2794 0098 BFF36F8F 		isb														
 2795 009c BFF34F8F 		dsb														
 2796              	
 2797              	@ 0 "" 2
 2798              		.thumb
ARM GAS  /tmp/ccnNlaVp.s 			page 74


 2799              		.syntax unified
 2800 00a0 7B61     		str	r3, [r7, #20]
 203:Middlewares/Third_Party/FreeRTOS/Source/portable/GCC/ARM_CM4F/portmacro.h **** 
 2801              		.loc 2 203 1
 2802 00a2 00BF     		nop
 2803              	.L166:
 2804              	.LBE180:
 2805              	.LBE179:
 2806              		.loc 1 1110 3
 2807 00a4 00BF     		nop
 2808 00a6 FDE7     		b	.L166
 2809              	.L165:
1111:Middlewares/Third_Party/FreeRTOS/Source/stream_buffer.c **** 		( void ) memcpy( ( void * ) pxStreamBuffer->pucBuffer, ( const void * ) &( pucData[ xFirstLength 
 2810              		.loc 1 1111 45
 2811 00a8 FB68     		ldr	r3, [r7, #12]
 2812 00aa 9869     		ldr	r0, [r3, #24]
 2813              		.loc 1 1111 75
 2814 00ac BA68     		ldr	r2, [r7, #8]
 2815 00ae 3B6A     		ldr	r3, [r7, #32]
 2816 00b0 D118     		adds	r1, r2, r3
 2817              		.loc 1 1111 12
 2818 00b2 7A68     		ldr	r2, [r7, #4]
 2819 00b4 3B6A     		ldr	r3, [r7, #32]
 2820 00b6 D31A     		subs	r3, r2, r3
 2821 00b8 1A46     		mov	r2, r3
 2822 00ba FFF7FEFF 		bl	memcpy
 2823              	.L164:
1112:Middlewares/Third_Party/FreeRTOS/Source/stream_buffer.c **** 	}
1113:Middlewares/Third_Party/FreeRTOS/Source/stream_buffer.c **** 	else
1114:Middlewares/Third_Party/FreeRTOS/Source/stream_buffer.c **** 	{
1115:Middlewares/Third_Party/FreeRTOS/Source/stream_buffer.c **** 		mtCOVERAGE_TEST_MARKER();
1116:Middlewares/Third_Party/FreeRTOS/Source/stream_buffer.c **** 	}
1117:Middlewares/Third_Party/FreeRTOS/Source/stream_buffer.c **** 
1118:Middlewares/Third_Party/FreeRTOS/Source/stream_buffer.c **** 	xNextHead += xCount;
 2824              		.loc 1 1118 12
 2825 00be 7A6A     		ldr	r2, [r7, #36]
 2826 00c0 7B68     		ldr	r3, [r7, #4]
 2827 00c2 1344     		add	r3, r3, r2
 2828 00c4 7B62     		str	r3, [r7, #36]
1119:Middlewares/Third_Party/FreeRTOS/Source/stream_buffer.c **** 	if( xNextHead >= pxStreamBuffer->xLength )
 2829              		.loc 1 1119 33
 2830 00c6 FB68     		ldr	r3, [r7, #12]
 2831 00c8 9B68     		ldr	r3, [r3, #8]
 2832              		.loc 1 1119 4
 2833 00ca 7A6A     		ldr	r2, [r7, #36]
 2834 00cc 9A42     		cmp	r2, r3
 2835 00ce 04D3     		bcc	.L167
1120:Middlewares/Third_Party/FreeRTOS/Source/stream_buffer.c **** 	{
1121:Middlewares/Third_Party/FreeRTOS/Source/stream_buffer.c **** 		xNextHead -= pxStreamBuffer->xLength;
 2836              		.loc 1 1121 30
 2837 00d0 FB68     		ldr	r3, [r7, #12]
 2838 00d2 9B68     		ldr	r3, [r3, #8]
 2839              		.loc 1 1121 13
 2840 00d4 7A6A     		ldr	r2, [r7, #36]
 2841 00d6 D31A     		subs	r3, r2, r3
 2842 00d8 7B62     		str	r3, [r7, #36]
 2843              	.L167:
ARM GAS  /tmp/ccnNlaVp.s 			page 75


1122:Middlewares/Third_Party/FreeRTOS/Source/stream_buffer.c **** 	}
1123:Middlewares/Third_Party/FreeRTOS/Source/stream_buffer.c **** 	else
1124:Middlewares/Third_Party/FreeRTOS/Source/stream_buffer.c **** 	{
1125:Middlewares/Third_Party/FreeRTOS/Source/stream_buffer.c **** 		mtCOVERAGE_TEST_MARKER();
1126:Middlewares/Third_Party/FreeRTOS/Source/stream_buffer.c **** 	}
1127:Middlewares/Third_Party/FreeRTOS/Source/stream_buffer.c **** 
1128:Middlewares/Third_Party/FreeRTOS/Source/stream_buffer.c **** 	pxStreamBuffer->xHead = xNextHead;
 2844              		.loc 1 1128 24
 2845 00da FB68     		ldr	r3, [r7, #12]
 2846 00dc 7A6A     		ldr	r2, [r7, #36]
 2847 00de 5A60     		str	r2, [r3, #4]
1129:Middlewares/Third_Party/FreeRTOS/Source/stream_buffer.c **** 
1130:Middlewares/Third_Party/FreeRTOS/Source/stream_buffer.c **** 	return xCount;
 2848              		.loc 1 1130 9
 2849 00e0 7B68     		ldr	r3, [r7, #4]
1131:Middlewares/Third_Party/FreeRTOS/Source/stream_buffer.c **** }
 2850              		.loc 1 1131 1
 2851 00e2 1846     		mov	r0, r3
 2852 00e4 2837     		adds	r7, r7, #40
 2853              	.LCFI96:
 2854              		.cfi_def_cfa_offset 8
 2855 00e6 BD46     		mov	sp, r7
 2856              	.LCFI97:
 2857              		.cfi_def_cfa_register 13
 2858              		@ sp needed
 2859 00e8 80BD     		pop	{r7, pc}
 2860              		.cfi_endproc
 2861              	.LFE22:
 2863              		.section	.text.prvReadBytesFromBuffer,"ax",%progbits
 2864              		.align	1
 2865              		.syntax unified
 2866              		.thumb
 2867              		.thumb_func
 2869              	prvReadBytesFromBuffer:
 2870              	.LFB23:
1132:Middlewares/Third_Party/FreeRTOS/Source/stream_buffer.c **** /*-----------------------------------------------------------*/
1133:Middlewares/Third_Party/FreeRTOS/Source/stream_buffer.c **** 
1134:Middlewares/Third_Party/FreeRTOS/Source/stream_buffer.c **** static size_t prvReadBytesFromBuffer( StreamBuffer_t *pxStreamBuffer, uint8_t *pucData, size_t xMax
1135:Middlewares/Third_Party/FreeRTOS/Source/stream_buffer.c **** {
 2871              		.loc 1 1135 1
 2872              		.cfi_startproc
 2873              		@ args = 0, pretend = 0, frame = 40
 2874              		@ frame_needed = 1, uses_anonymous_args = 0
 2875 0000 80B5     		push	{r7, lr}
 2876              	.LCFI98:
 2877              		.cfi_def_cfa_offset 8
 2878              		.cfi_offset 7, -8
 2879              		.cfi_offset 14, -4
 2880 0002 8AB0     		sub	sp, sp, #40
 2881              	.LCFI99:
 2882              		.cfi_def_cfa_offset 48
 2883 0004 00AF     		add	r7, sp, #0
 2884              	.LCFI100:
 2885              		.cfi_def_cfa_register 7
 2886 0006 F860     		str	r0, [r7, #12]
 2887 0008 B960     		str	r1, [r7, #8]
 2888 000a 7A60     		str	r2, [r7, #4]
ARM GAS  /tmp/ccnNlaVp.s 			page 76


 2889 000c 3B60     		str	r3, [r7]
1136:Middlewares/Third_Party/FreeRTOS/Source/stream_buffer.c **** size_t xCount, xFirstLength, xNextTail;
1137:Middlewares/Third_Party/FreeRTOS/Source/stream_buffer.c **** 
1138:Middlewares/Third_Party/FreeRTOS/Source/stream_buffer.c **** 	/* Use the minimum of the wanted bytes and the available bytes. */
1139:Middlewares/Third_Party/FreeRTOS/Source/stream_buffer.c **** 	xCount = configMIN( xBytesAvailable, xMaxCount );
 2890              		.loc 1 1139 9
 2891 000e 7A68     		ldr	r2, [r7, #4]
 2892 0010 3B68     		ldr	r3, [r7]
 2893 0012 9342     		cmp	r3, r2
 2894 0014 28BF     		it	cs
 2895 0016 1346     		movcs	r3, r2
 2896 0018 3B62     		str	r3, [r7, #32]
1140:Middlewares/Third_Party/FreeRTOS/Source/stream_buffer.c **** 
1141:Middlewares/Third_Party/FreeRTOS/Source/stream_buffer.c **** 	if( xCount > ( size_t ) 0 )
 2897              		.loc 1 1141 4
 2898 001a 3B6A     		ldr	r3, [r7, #32]
 2899 001c 002B     		cmp	r3, #0
 2900 001e 67D0     		beq	.L170
1142:Middlewares/Third_Party/FreeRTOS/Source/stream_buffer.c **** 	{
1143:Middlewares/Third_Party/FreeRTOS/Source/stream_buffer.c **** 		xNextTail = pxStreamBuffer->xTail;
 2901              		.loc 1 1143 13
 2902 0020 FB68     		ldr	r3, [r7, #12]
 2903 0022 1B68     		ldr	r3, [r3]
 2904 0024 7B62     		str	r3, [r7, #36]
1144:Middlewares/Third_Party/FreeRTOS/Source/stream_buffer.c **** 
1145:Middlewares/Third_Party/FreeRTOS/Source/stream_buffer.c **** 		/* Calculate the number of bytes that can be read - which may be
1146:Middlewares/Third_Party/FreeRTOS/Source/stream_buffer.c **** 		less than the number wanted if the data wraps around to the start of
1147:Middlewares/Third_Party/FreeRTOS/Source/stream_buffer.c **** 		the buffer. */
1148:Middlewares/Third_Party/FreeRTOS/Source/stream_buffer.c **** 		xFirstLength = configMIN( pxStreamBuffer->xLength - xNextTail, xCount );
 2905              		.loc 1 1148 18
 2906 0026 FB68     		ldr	r3, [r7, #12]
 2907 0028 9A68     		ldr	r2, [r3, #8]
 2908 002a 7B6A     		ldr	r3, [r7, #36]
 2909 002c D31A     		subs	r3, r2, r3
 2910              		.loc 1 1148 16
 2911 002e 3A6A     		ldr	r2, [r7, #32]
 2912 0030 9342     		cmp	r3, r2
 2913 0032 28BF     		it	cs
 2914 0034 1346     		movcs	r3, r2
 2915 0036 FB61     		str	r3, [r7, #28]
1149:Middlewares/Third_Party/FreeRTOS/Source/stream_buffer.c **** 
1150:Middlewares/Third_Party/FreeRTOS/Source/stream_buffer.c **** 		/* Obtain the number of bytes it is possible to obtain in the first
1151:Middlewares/Third_Party/FreeRTOS/Source/stream_buffer.c **** 		read.  Asserts check bounds of read and write. */
1152:Middlewares/Third_Party/FreeRTOS/Source/stream_buffer.c **** 		configASSERT( xFirstLength <= xMaxCount );
 2916              		.loc 1 1152 3
 2917 0038 FA69     		ldr	r2, [r7, #28]
 2918 003a 7B68     		ldr	r3, [r7, #4]
 2919 003c 9A42     		cmp	r2, r3
 2920 003e 0BD9     		bls	.L171
 2921              	.LBB181:
 2922              	.LBB182:
 195:Middlewares/Third_Party/FreeRTOS/Source/portable/GCC/ARM_CM4F/portmacro.h **** 	(
 2923              		.loc 2 195 2
 2924              		.syntax unified
 2925              	@ 195 "Middlewares/Third_Party/FreeRTOS/Source/portable/GCC/ARM_CM4F/portmacro.h" 1
 2926 0040 4FF05003 			mov r3, #80												
 2927 0044 83F31188 		msr basepri, r3											
ARM GAS  /tmp/ccnNlaVp.s 			page 77


 2928 0048 BFF36F8F 		isb														
 2929 004c BFF34F8F 		dsb														
 2930              	
 2931              	@ 0 "" 2
 2932              		.thumb
 2933              		.syntax unified
 2934 0050 BB61     		str	r3, [r7, #24]
 203:Middlewares/Third_Party/FreeRTOS/Source/portable/GCC/ARM_CM4F/portmacro.h **** 
 2935              		.loc 2 203 1
 2936 0052 00BF     		nop
 2937              	.L172:
 2938              	.LBE182:
 2939              	.LBE181:
 2940              		.loc 1 1152 3
 2941 0054 00BF     		nop
 2942 0056 FDE7     		b	.L172
 2943              	.L171:
1153:Middlewares/Third_Party/FreeRTOS/Source/stream_buffer.c **** 		configASSERT( ( xNextTail + xFirstLength ) <= pxStreamBuffer->xLength );
 2944              		.loc 1 1153 3
 2945 0058 7A6A     		ldr	r2, [r7, #36]
 2946 005a FB69     		ldr	r3, [r7, #28]
 2947 005c 1A44     		add	r2, r2, r3
 2948 005e FB68     		ldr	r3, [r7, #12]
 2949 0060 9B68     		ldr	r3, [r3, #8]
 2950 0062 9A42     		cmp	r2, r3
 2951 0064 0BD9     		bls	.L173
 2952              	.LBB183:
 2953              	.LBB184:
 195:Middlewares/Third_Party/FreeRTOS/Source/portable/GCC/ARM_CM4F/portmacro.h **** 	(
 2954              		.loc 2 195 2
 2955              		.syntax unified
 2956              	@ 195 "Middlewares/Third_Party/FreeRTOS/Source/portable/GCC/ARM_CM4F/portmacro.h" 1
 2957 0066 4FF05003 			mov r3, #80												
 2958 006a 83F31188 		msr basepri, r3											
 2959 006e BFF36F8F 		isb														
 2960 0072 BFF34F8F 		dsb														
 2961              	
 2962              	@ 0 "" 2
 2963              		.thumb
 2964              		.syntax unified
 2965 0076 7B61     		str	r3, [r7, #20]
 203:Middlewares/Third_Party/FreeRTOS/Source/portable/GCC/ARM_CM4F/portmacro.h **** 
 2966              		.loc 2 203 1
 2967 0078 00BF     		nop
 2968              	.L174:
 2969              	.LBE184:
 2970              	.LBE183:
 2971              		.loc 1 1153 3
 2972 007a 00BF     		nop
 2973 007c FDE7     		b	.L174
 2974              	.L173:
1154:Middlewares/Third_Party/FreeRTOS/Source/stream_buffer.c **** 		( void ) memcpy( ( void * ) pucData, ( const void * ) &( pxStreamBuffer->pucBuffer[ xNextTail ] )
 2975              		.loc 1 1154 74
 2976 007e FB68     		ldr	r3, [r7, #12]
 2977 0080 9A69     		ldr	r2, [r3, #24]
 2978              		.loc 1 1154 57
 2979 0082 7B6A     		ldr	r3, [r7, #36]
ARM GAS  /tmp/ccnNlaVp.s 			page 78


 2980 0084 1344     		add	r3, r3, r2
 2981              		.loc 1 1154 12
 2982 0086 FA69     		ldr	r2, [r7, #28]
 2983 0088 1946     		mov	r1, r3
 2984 008a B868     		ldr	r0, [r7, #8]
 2985 008c FFF7FEFF 		bl	memcpy
1155:Middlewares/Third_Party/FreeRTOS/Source/stream_buffer.c **** 
1156:Middlewares/Third_Party/FreeRTOS/Source/stream_buffer.c **** 		/* If the total number of wanted bytes is greater than the number
1157:Middlewares/Third_Party/FreeRTOS/Source/stream_buffer.c **** 		that could be read in the first read... */
1158:Middlewares/Third_Party/FreeRTOS/Source/stream_buffer.c **** 		if( xCount > xFirstLength )
 2986              		.loc 1 1158 5
 2987 0090 3A6A     		ldr	r2, [r7, #32]
 2988 0092 FB69     		ldr	r3, [r7, #28]
 2989 0094 9A42     		cmp	r2, r3
 2990 0096 1AD9     		bls	.L175
1159:Middlewares/Third_Party/FreeRTOS/Source/stream_buffer.c **** 		{
1160:Middlewares/Third_Party/FreeRTOS/Source/stream_buffer.c **** 			/*...then read the remaining bytes from the start of the buffer. */
1161:Middlewares/Third_Party/FreeRTOS/Source/stream_buffer.c **** 			configASSERT( xCount <= xMaxCount );
 2991              		.loc 1 1161 4
 2992 0098 3A6A     		ldr	r2, [r7, #32]
 2993 009a 7B68     		ldr	r3, [r7, #4]
 2994 009c 9A42     		cmp	r2, r3
 2995 009e 0BD9     		bls	.L176
 2996              	.LBB185:
 2997              	.LBB186:
 195:Middlewares/Third_Party/FreeRTOS/Source/portable/GCC/ARM_CM4F/portmacro.h **** 	(
 2998              		.loc 2 195 2
 2999              		.syntax unified
 3000              	@ 195 "Middlewares/Third_Party/FreeRTOS/Source/portable/GCC/ARM_CM4F/portmacro.h" 1
 3001 00a0 4FF05003 			mov r3, #80												
 3002 00a4 83F31188 		msr basepri, r3											
 3003 00a8 BFF36F8F 		isb														
 3004 00ac BFF34F8F 		dsb														
 3005              	
 3006              	@ 0 "" 2
 3007              		.thumb
 3008              		.syntax unified
 3009 00b0 3B61     		str	r3, [r7, #16]
 203:Middlewares/Third_Party/FreeRTOS/Source/portable/GCC/ARM_CM4F/portmacro.h **** 
 3010              		.loc 2 203 1
 3011 00b2 00BF     		nop
 3012              	.L177:
 3013              	.LBE186:
 3014              	.LBE185:
 3015              		.loc 1 1161 4
 3016 00b4 00BF     		nop
 3017 00b6 FDE7     		b	.L177
 3018              	.L176:
1162:Middlewares/Third_Party/FreeRTOS/Source/stream_buffer.c **** 			( void ) memcpy( ( void * ) &( pucData[ xFirstLength ] ), ( void * ) ( pxStreamBuffer->pucBuffer
 3019              		.loc 1 1162 32
 3020 00b8 BA68     		ldr	r2, [r7, #8]
 3021 00ba FB69     		ldr	r3, [r7, #28]
 3022 00bc D018     		adds	r0, r2, r3
 3023              		.loc 1 1162 89
 3024 00be FB68     		ldr	r3, [r7, #12]
 3025 00c0 9969     		ldr	r1, [r3, #24]
 3026              		.loc 1 1162 13
ARM GAS  /tmp/ccnNlaVp.s 			page 79


 3027 00c2 3A6A     		ldr	r2, [r7, #32]
 3028 00c4 FB69     		ldr	r3, [r7, #28]
 3029 00c6 D31A     		subs	r3, r2, r3
 3030 00c8 1A46     		mov	r2, r3
 3031 00ca FFF7FEFF 		bl	memcpy
 3032              	.L175:
1163:Middlewares/Third_Party/FreeRTOS/Source/stream_buffer.c **** 		}
1164:Middlewares/Third_Party/FreeRTOS/Source/stream_buffer.c **** 		else
1165:Middlewares/Third_Party/FreeRTOS/Source/stream_buffer.c **** 		{
1166:Middlewares/Third_Party/FreeRTOS/Source/stream_buffer.c **** 			mtCOVERAGE_TEST_MARKER();
1167:Middlewares/Third_Party/FreeRTOS/Source/stream_buffer.c **** 		}
1168:Middlewares/Third_Party/FreeRTOS/Source/stream_buffer.c **** 
1169:Middlewares/Third_Party/FreeRTOS/Source/stream_buffer.c **** 		/* Move the tail pointer to effectively remove the data read from
1170:Middlewares/Third_Party/FreeRTOS/Source/stream_buffer.c **** 		the buffer. */
1171:Middlewares/Third_Party/FreeRTOS/Source/stream_buffer.c **** 		xNextTail += xCount;
 3033              		.loc 1 1171 13
 3034 00ce 7A6A     		ldr	r2, [r7, #36]
 3035 00d0 3B6A     		ldr	r3, [r7, #32]
 3036 00d2 1344     		add	r3, r3, r2
 3037 00d4 7B62     		str	r3, [r7, #36]
1172:Middlewares/Third_Party/FreeRTOS/Source/stream_buffer.c **** 
1173:Middlewares/Third_Party/FreeRTOS/Source/stream_buffer.c **** 		if( xNextTail >= pxStreamBuffer->xLength )
 3038              		.loc 1 1173 34
 3039 00d6 FB68     		ldr	r3, [r7, #12]
 3040 00d8 9B68     		ldr	r3, [r3, #8]
 3041              		.loc 1 1173 5
 3042 00da 7A6A     		ldr	r2, [r7, #36]
 3043 00dc 9A42     		cmp	r2, r3
 3044 00de 04D3     		bcc	.L178
1174:Middlewares/Third_Party/FreeRTOS/Source/stream_buffer.c **** 		{
1175:Middlewares/Third_Party/FreeRTOS/Source/stream_buffer.c **** 			xNextTail -= pxStreamBuffer->xLength;
 3045              		.loc 1 1175 31
 3046 00e0 FB68     		ldr	r3, [r7, #12]
 3047 00e2 9B68     		ldr	r3, [r3, #8]
 3048              		.loc 1 1175 14
 3049 00e4 7A6A     		ldr	r2, [r7, #36]
 3050 00e6 D31A     		subs	r3, r2, r3
 3051 00e8 7B62     		str	r3, [r7, #36]
 3052              	.L178:
1176:Middlewares/Third_Party/FreeRTOS/Source/stream_buffer.c **** 		}
1177:Middlewares/Third_Party/FreeRTOS/Source/stream_buffer.c **** 
1178:Middlewares/Third_Party/FreeRTOS/Source/stream_buffer.c **** 		pxStreamBuffer->xTail = xNextTail;
 3053              		.loc 1 1178 25
 3054 00ea FB68     		ldr	r3, [r7, #12]
 3055 00ec 7A6A     		ldr	r2, [r7, #36]
 3056 00ee 1A60     		str	r2, [r3]
 3057              	.L170:
1179:Middlewares/Third_Party/FreeRTOS/Source/stream_buffer.c **** 	}
1180:Middlewares/Third_Party/FreeRTOS/Source/stream_buffer.c **** 	else
1181:Middlewares/Third_Party/FreeRTOS/Source/stream_buffer.c **** 	{
1182:Middlewares/Third_Party/FreeRTOS/Source/stream_buffer.c **** 		mtCOVERAGE_TEST_MARKER();
1183:Middlewares/Third_Party/FreeRTOS/Source/stream_buffer.c **** 	}
1184:Middlewares/Third_Party/FreeRTOS/Source/stream_buffer.c **** 
1185:Middlewares/Third_Party/FreeRTOS/Source/stream_buffer.c **** 	return xCount;
 3058              		.loc 1 1185 9
 3059 00f0 3B6A     		ldr	r3, [r7, #32]
1186:Middlewares/Third_Party/FreeRTOS/Source/stream_buffer.c **** }
ARM GAS  /tmp/ccnNlaVp.s 			page 80


 3060              		.loc 1 1186 1
 3061 00f2 1846     		mov	r0, r3
 3062 00f4 2837     		adds	r7, r7, #40
 3063              	.LCFI101:
 3064              		.cfi_def_cfa_offset 8
 3065 00f6 BD46     		mov	sp, r7
 3066              	.LCFI102:
 3067              		.cfi_def_cfa_register 13
 3068              		@ sp needed
 3069 00f8 80BD     		pop	{r7, pc}
 3070              		.cfi_endproc
 3071              	.LFE23:
 3073              		.section	.text.prvBytesInBuffer,"ax",%progbits
 3074              		.align	1
 3075              		.syntax unified
 3076              		.thumb
 3077              		.thumb_func
 3079              	prvBytesInBuffer:
 3080              	.LFB24:
1187:Middlewares/Third_Party/FreeRTOS/Source/stream_buffer.c **** /*-----------------------------------------------------------*/
1188:Middlewares/Third_Party/FreeRTOS/Source/stream_buffer.c **** 
1189:Middlewares/Third_Party/FreeRTOS/Source/stream_buffer.c **** static size_t prvBytesInBuffer( const StreamBuffer_t * const pxStreamBuffer )
1190:Middlewares/Third_Party/FreeRTOS/Source/stream_buffer.c **** {
 3081              		.loc 1 1190 1
 3082              		.cfi_startproc
 3083              		@ args = 0, pretend = 0, frame = 16
 3084              		@ frame_needed = 1, uses_anonymous_args = 0
 3085              		@ link register save eliminated.
 3086 0000 80B4     		push	{r7}
 3087              	.LCFI103:
 3088              		.cfi_def_cfa_offset 4
 3089              		.cfi_offset 7, -4
 3090 0002 85B0     		sub	sp, sp, #20
 3091              	.LCFI104:
 3092              		.cfi_def_cfa_offset 24
 3093 0004 00AF     		add	r7, sp, #0
 3094              	.LCFI105:
 3095              		.cfi_def_cfa_register 7
 3096 0006 7860     		str	r0, [r7, #4]
1191:Middlewares/Third_Party/FreeRTOS/Source/stream_buffer.c **** /* Returns the distance between xTail and xHead. */
1192:Middlewares/Third_Party/FreeRTOS/Source/stream_buffer.c **** size_t xCount;
1193:Middlewares/Third_Party/FreeRTOS/Source/stream_buffer.c **** 
1194:Middlewares/Third_Party/FreeRTOS/Source/stream_buffer.c **** 	xCount = pxStreamBuffer->xLength + pxStreamBuffer->xHead;
 3097              		.loc 1 1194 25
 3098 0008 7B68     		ldr	r3, [r7, #4]
 3099 000a 9A68     		ldr	r2, [r3, #8]
 3100              		.loc 1 1194 51
 3101 000c 7B68     		ldr	r3, [r7, #4]
 3102 000e 5B68     		ldr	r3, [r3, #4]
 3103              		.loc 1 1194 9
 3104 0010 1344     		add	r3, r3, r2
 3105 0012 FB60     		str	r3, [r7, #12]
1195:Middlewares/Third_Party/FreeRTOS/Source/stream_buffer.c **** 	xCount -= pxStreamBuffer->xTail;
 3106              		.loc 1 1195 26
 3107 0014 7B68     		ldr	r3, [r7, #4]
 3108 0016 1B68     		ldr	r3, [r3]
 3109              		.loc 1 1195 9
ARM GAS  /tmp/ccnNlaVp.s 			page 81


 3110 0018 FA68     		ldr	r2, [r7, #12]
 3111 001a D31A     		subs	r3, r2, r3
 3112 001c FB60     		str	r3, [r7, #12]
1196:Middlewares/Third_Party/FreeRTOS/Source/stream_buffer.c **** 	if ( xCount >= pxStreamBuffer->xLength )
 3113              		.loc 1 1196 31
 3114 001e 7B68     		ldr	r3, [r7, #4]
 3115 0020 9B68     		ldr	r3, [r3, #8]
 3116              		.loc 1 1196 5
 3117 0022 FA68     		ldr	r2, [r7, #12]
 3118 0024 9A42     		cmp	r2, r3
 3119 0026 04D3     		bcc	.L181
1197:Middlewares/Third_Party/FreeRTOS/Source/stream_buffer.c **** 	{
1198:Middlewares/Third_Party/FreeRTOS/Source/stream_buffer.c **** 		xCount -= pxStreamBuffer->xLength;
 3120              		.loc 1 1198 27
 3121 0028 7B68     		ldr	r3, [r7, #4]
 3122 002a 9B68     		ldr	r3, [r3, #8]
 3123              		.loc 1 1198 10
 3124 002c FA68     		ldr	r2, [r7, #12]
 3125 002e D31A     		subs	r3, r2, r3
 3126 0030 FB60     		str	r3, [r7, #12]
 3127              	.L181:
1199:Middlewares/Third_Party/FreeRTOS/Source/stream_buffer.c **** 	}
1200:Middlewares/Third_Party/FreeRTOS/Source/stream_buffer.c **** 	else
1201:Middlewares/Third_Party/FreeRTOS/Source/stream_buffer.c **** 	{
1202:Middlewares/Third_Party/FreeRTOS/Source/stream_buffer.c **** 		mtCOVERAGE_TEST_MARKER();
1203:Middlewares/Third_Party/FreeRTOS/Source/stream_buffer.c **** 	}
1204:Middlewares/Third_Party/FreeRTOS/Source/stream_buffer.c **** 
1205:Middlewares/Third_Party/FreeRTOS/Source/stream_buffer.c **** 	return xCount;
 3128              		.loc 1 1205 9
 3129 0032 FB68     		ldr	r3, [r7, #12]
1206:Middlewares/Third_Party/FreeRTOS/Source/stream_buffer.c **** }
 3130              		.loc 1 1206 1
 3131 0034 1846     		mov	r0, r3
 3132 0036 1437     		adds	r7, r7, #20
 3133              	.LCFI106:
 3134              		.cfi_def_cfa_offset 4
 3135 0038 BD46     		mov	sp, r7
 3136              	.LCFI107:
 3137              		.cfi_def_cfa_register 13
 3138              		@ sp needed
 3139 003a 80BC     		pop	{r7}
 3140              	.LCFI108:
 3141              		.cfi_restore 7
 3142              		.cfi_def_cfa_offset 0
 3143 003c 7047     		bx	lr
 3144              		.cfi_endproc
 3145              	.LFE24:
 3147              		.section	.text.prvInitialiseNewStreamBuffer,"ax",%progbits
 3148              		.align	1
 3149              		.syntax unified
 3150              		.thumb
 3151              		.thumb_func
 3153              	prvInitialiseNewStreamBuffer:
 3154              	.LFB25:
1207:Middlewares/Third_Party/FreeRTOS/Source/stream_buffer.c **** /*-----------------------------------------------------------*/
1208:Middlewares/Third_Party/FreeRTOS/Source/stream_buffer.c **** 
1209:Middlewares/Third_Party/FreeRTOS/Source/stream_buffer.c **** static void prvInitialiseNewStreamBuffer( StreamBuffer_t * const pxStreamBuffer,
ARM GAS  /tmp/ccnNlaVp.s 			page 82


1210:Middlewares/Third_Party/FreeRTOS/Source/stream_buffer.c **** 										  uint8_t * const pucBuffer,
1211:Middlewares/Third_Party/FreeRTOS/Source/stream_buffer.c **** 										  size_t xBufferSizeBytes,
1212:Middlewares/Third_Party/FreeRTOS/Source/stream_buffer.c **** 										  size_t xTriggerLevelBytes,
1213:Middlewares/Third_Party/FreeRTOS/Source/stream_buffer.c **** 										  uint8_t ucFlags )
1214:Middlewares/Third_Party/FreeRTOS/Source/stream_buffer.c **** {
 3155              		.loc 1 1214 1
 3156              		.cfi_startproc
 3157              		@ args = 4, pretend = 0, frame = 24
 3158              		@ frame_needed = 1, uses_anonymous_args = 0
 3159 0000 80B5     		push	{r7, lr}
 3160              	.LCFI109:
 3161              		.cfi_def_cfa_offset 8
 3162              		.cfi_offset 7, -8
 3163              		.cfi_offset 14, -4
 3164 0002 86B0     		sub	sp, sp, #24
 3165              	.LCFI110:
 3166              		.cfi_def_cfa_offset 32
 3167 0004 00AF     		add	r7, sp, #0
 3168              	.LCFI111:
 3169              		.cfi_def_cfa_register 7
 3170 0006 F860     		str	r0, [r7, #12]
 3171 0008 B960     		str	r1, [r7, #8]
 3172 000a 7A60     		str	r2, [r7, #4]
 3173 000c 3B60     		str	r3, [r7]
 3174              	.LBB187:
1215:Middlewares/Third_Party/FreeRTOS/Source/stream_buffer.c **** 	/* Assert here is deliberately writing to the entire buffer to ensure it can
1216:Middlewares/Third_Party/FreeRTOS/Source/stream_buffer.c **** 	be written to without generating exceptions, and is setting the buffer to a
1217:Middlewares/Third_Party/FreeRTOS/Source/stream_buffer.c **** 	known value to assist in development/debugging. */
1218:Middlewares/Third_Party/FreeRTOS/Source/stream_buffer.c **** 	#if( configASSERT_DEFINED == 1 )
1219:Middlewares/Third_Party/FreeRTOS/Source/stream_buffer.c **** 	{
1220:Middlewares/Third_Party/FreeRTOS/Source/stream_buffer.c **** 		/* The value written just has to be identifiable when looking at the
1221:Middlewares/Third_Party/FreeRTOS/Source/stream_buffer.c **** 		memory.  Don't use 0xA5 as that is the stack fill value and could
1222:Middlewares/Third_Party/FreeRTOS/Source/stream_buffer.c **** 		result in confusion as to what is actually being observed. */
1223:Middlewares/Third_Party/FreeRTOS/Source/stream_buffer.c **** 		const BaseType_t xWriteValue = 0x55;
 3175              		.loc 1 1223 20
 3176 000e 5523     		movs	r3, #85
 3177 0010 7B61     		str	r3, [r7, #20]
1224:Middlewares/Third_Party/FreeRTOS/Source/stream_buffer.c **** 		configASSERT( memset( pucBuffer, ( int ) xWriteValue, xBufferSizeBytes ) == pucBuffer );
 3178              		.loc 1 1224 3
 3179 0012 7A68     		ldr	r2, [r7, #4]
 3180 0014 7969     		ldr	r1, [r7, #20]
 3181 0016 B868     		ldr	r0, [r7, #8]
 3182 0018 FFF7FEFF 		bl	memset
 3183 001c 0246     		mov	r2, r0
 3184              		.loc 1 1224 3 is_stmt 0 discriminator 1
 3185 001e BB68     		ldr	r3, [r7, #8]
 3186 0020 9342     		cmp	r3, r2
 3187 0022 0BD0     		beq	.L184
 3188              	.LBB188:
 3189              	.LBB189:
 195:Middlewares/Third_Party/FreeRTOS/Source/portable/GCC/ARM_CM4F/portmacro.h **** 	(
 3190              		.loc 2 195 2 is_stmt 1
 3191              		.syntax unified
 3192              	@ 195 "Middlewares/Third_Party/FreeRTOS/Source/portable/GCC/ARM_CM4F/portmacro.h" 1
 3193 0024 4FF05003 			mov r3, #80												
 3194 0028 83F31188 		msr basepri, r3											
 3195 002c BFF36F8F 		isb														
ARM GAS  /tmp/ccnNlaVp.s 			page 83


 3196 0030 BFF34F8F 		dsb														
 3197              	
 3198              	@ 0 "" 2
 3199              		.thumb
 3200              		.syntax unified
 3201 0034 3B61     		str	r3, [r7, #16]
 203:Middlewares/Third_Party/FreeRTOS/Source/portable/GCC/ARM_CM4F/portmacro.h **** 
 3202              		.loc 2 203 1
 3203 0036 00BF     		nop
 3204              	.L185:
 3205              	.LBE189:
 3206              	.LBE188:
 3207              		.loc 1 1224 3
 3208 0038 00BF     		nop
 3209 003a FDE7     		b	.L185
 3210              	.L184:
 3211              	.LBE187:
1225:Middlewares/Third_Party/FreeRTOS/Source/stream_buffer.c **** 	} /*lint !e529 !e438 xWriteValue is only used if configASSERT() is defined. */
1226:Middlewares/Third_Party/FreeRTOS/Source/stream_buffer.c **** 	#endif
1227:Middlewares/Third_Party/FreeRTOS/Source/stream_buffer.c **** 
1228:Middlewares/Third_Party/FreeRTOS/Source/stream_buffer.c **** 	( void ) memset( ( void * ) pxStreamBuffer, 0x00, sizeof( StreamBuffer_t ) ); /*lint !e9087 memset
 3212              		.loc 1 1228 11
 3213 003c 2422     		movs	r2, #36
 3214 003e 0021     		movs	r1, #0
 3215 0040 F868     		ldr	r0, [r7, #12]
 3216 0042 FFF7FEFF 		bl	memset
1229:Middlewares/Third_Party/FreeRTOS/Source/stream_buffer.c **** 	pxStreamBuffer->pucBuffer = pucBuffer;
 3217              		.loc 1 1229 28
 3218 0046 FB68     		ldr	r3, [r7, #12]
 3219 0048 BA68     		ldr	r2, [r7, #8]
 3220 004a 9A61     		str	r2, [r3, #24]
1230:Middlewares/Third_Party/FreeRTOS/Source/stream_buffer.c **** 	pxStreamBuffer->xLength = xBufferSizeBytes;
 3221              		.loc 1 1230 26
 3222 004c FB68     		ldr	r3, [r7, #12]
 3223 004e 7A68     		ldr	r2, [r7, #4]
 3224 0050 9A60     		str	r2, [r3, #8]
1231:Middlewares/Third_Party/FreeRTOS/Source/stream_buffer.c **** 	pxStreamBuffer->xTriggerLevelBytes = xTriggerLevelBytes;
 3225              		.loc 1 1231 37
 3226 0052 FB68     		ldr	r3, [r7, #12]
 3227 0054 3A68     		ldr	r2, [r7]
 3228 0056 DA60     		str	r2, [r3, #12]
1232:Middlewares/Third_Party/FreeRTOS/Source/stream_buffer.c **** 	pxStreamBuffer->ucFlags = ucFlags;
 3229              		.loc 1 1232 26
 3230 0058 FB68     		ldr	r3, [r7, #12]
 3231 005a 97F82020 		ldrb	r2, [r7, #32]
 3232 005e 1A77     		strb	r2, [r3, #28]
1233:Middlewares/Third_Party/FreeRTOS/Source/stream_buffer.c **** }
 3233              		.loc 1 1233 1
 3234 0060 00BF     		nop
 3235 0062 1837     		adds	r7, r7, #24
 3236              	.LCFI112:
 3237              		.cfi_def_cfa_offset 8
 3238 0064 BD46     		mov	sp, r7
 3239              	.LCFI113:
 3240              		.cfi_def_cfa_register 13
 3241              		@ sp needed
 3242 0066 80BD     		pop	{r7, pc}
ARM GAS  /tmp/ccnNlaVp.s 			page 84


 3243              		.cfi_endproc
 3244              	.LFE25:
 3246              		.section	.text.uxStreamBufferGetStreamBufferNumber,"ax",%progbits
 3247              		.align	1
 3248              		.global	uxStreamBufferGetStreamBufferNumber
 3249              		.syntax unified
 3250              		.thumb
 3251              		.thumb_func
 3253              	uxStreamBufferGetStreamBufferNumber:
 3254              	.LFB26:
1234:Middlewares/Third_Party/FreeRTOS/Source/stream_buffer.c **** 
1235:Middlewares/Third_Party/FreeRTOS/Source/stream_buffer.c **** #if ( configUSE_TRACE_FACILITY == 1 )
1236:Middlewares/Third_Party/FreeRTOS/Source/stream_buffer.c **** 
1237:Middlewares/Third_Party/FreeRTOS/Source/stream_buffer.c **** 	UBaseType_t uxStreamBufferGetStreamBufferNumber( StreamBufferHandle_t xStreamBuffer )
1238:Middlewares/Third_Party/FreeRTOS/Source/stream_buffer.c **** 	{
 3255              		.loc 1 1238 2
 3256              		.cfi_startproc
 3257              		@ args = 0, pretend = 0, frame = 8
 3258              		@ frame_needed = 1, uses_anonymous_args = 0
 3259              		@ link register save eliminated.
 3260 0000 80B4     		push	{r7}
 3261              	.LCFI114:
 3262              		.cfi_def_cfa_offset 4
 3263              		.cfi_offset 7, -4
 3264 0002 83B0     		sub	sp, sp, #12
 3265              	.LCFI115:
 3266              		.cfi_def_cfa_offset 16
 3267 0004 00AF     		add	r7, sp, #0
 3268              	.LCFI116:
 3269              		.cfi_def_cfa_register 7
 3270 0006 7860     		str	r0, [r7, #4]
1239:Middlewares/Third_Party/FreeRTOS/Source/stream_buffer.c **** 		return xStreamBuffer->uxStreamBufferNumber;
 3271              		.loc 1 1239 23
 3272 0008 7B68     		ldr	r3, [r7, #4]
 3273 000a 1B6A     		ldr	r3, [r3, #32]
1240:Middlewares/Third_Party/FreeRTOS/Source/stream_buffer.c **** 	}
 3274              		.loc 1 1240 2
 3275 000c 1846     		mov	r0, r3
 3276 000e 0C37     		adds	r7, r7, #12
 3277              	.LCFI117:
 3278              		.cfi_def_cfa_offset 4
 3279 0010 BD46     		mov	sp, r7
 3280              	.LCFI118:
 3281              		.cfi_def_cfa_register 13
 3282              		@ sp needed
 3283 0012 80BC     		pop	{r7}
 3284              	.LCFI119:
 3285              		.cfi_restore 7
 3286              		.cfi_def_cfa_offset 0
 3287 0014 7047     		bx	lr
 3288              		.cfi_endproc
 3289              	.LFE26:
 3291              		.section	.text.vStreamBufferSetStreamBufferNumber,"ax",%progbits
 3292              		.align	1
 3293              		.global	vStreamBufferSetStreamBufferNumber
 3294              		.syntax unified
 3295              		.thumb
ARM GAS  /tmp/ccnNlaVp.s 			page 85


 3296              		.thumb_func
 3298              	vStreamBufferSetStreamBufferNumber:
 3299              	.LFB27:
1241:Middlewares/Third_Party/FreeRTOS/Source/stream_buffer.c **** 
1242:Middlewares/Third_Party/FreeRTOS/Source/stream_buffer.c **** #endif /* configUSE_TRACE_FACILITY */
1243:Middlewares/Third_Party/FreeRTOS/Source/stream_buffer.c **** /*-----------------------------------------------------------*/
1244:Middlewares/Third_Party/FreeRTOS/Source/stream_buffer.c **** 
1245:Middlewares/Third_Party/FreeRTOS/Source/stream_buffer.c **** #if ( configUSE_TRACE_FACILITY == 1 )
1246:Middlewares/Third_Party/FreeRTOS/Source/stream_buffer.c **** 
1247:Middlewares/Third_Party/FreeRTOS/Source/stream_buffer.c **** 	void vStreamBufferSetStreamBufferNumber( StreamBufferHandle_t xStreamBuffer, UBaseType_t uxStreamB
1248:Middlewares/Third_Party/FreeRTOS/Source/stream_buffer.c **** 	{
 3300              		.loc 1 1248 2
 3301              		.cfi_startproc
 3302              		@ args = 0, pretend = 0, frame = 8
 3303              		@ frame_needed = 1, uses_anonymous_args = 0
 3304              		@ link register save eliminated.
 3305 0000 80B4     		push	{r7}
 3306              	.LCFI120:
 3307              		.cfi_def_cfa_offset 4
 3308              		.cfi_offset 7, -4
 3309 0002 83B0     		sub	sp, sp, #12
 3310              	.LCFI121:
 3311              		.cfi_def_cfa_offset 16
 3312 0004 00AF     		add	r7, sp, #0
 3313              	.LCFI122:
 3314              		.cfi_def_cfa_register 7
 3315 0006 7860     		str	r0, [r7, #4]
 3316 0008 3960     		str	r1, [r7]
1249:Middlewares/Third_Party/FreeRTOS/Source/stream_buffer.c **** 		xStreamBuffer->uxStreamBufferNumber = uxStreamBufferNumber;
 3317              		.loc 1 1249 39
 3318 000a 7B68     		ldr	r3, [r7, #4]
 3319 000c 3A68     		ldr	r2, [r7]
 3320 000e 1A62     		str	r2, [r3, #32]
1250:Middlewares/Third_Party/FreeRTOS/Source/stream_buffer.c **** 	}
 3321              		.loc 1 1250 2
 3322 0010 00BF     		nop
 3323 0012 0C37     		adds	r7, r7, #12
 3324              	.LCFI123:
 3325              		.cfi_def_cfa_offset 4
 3326 0014 BD46     		mov	sp, r7
 3327              	.LCFI124:
 3328              		.cfi_def_cfa_register 13
 3329              		@ sp needed
 3330 0016 80BC     		pop	{r7}
 3331              	.LCFI125:
 3332              		.cfi_restore 7
 3333              		.cfi_def_cfa_offset 0
 3334 0018 7047     		bx	lr
 3335              		.cfi_endproc
 3336              	.LFE27:
 3338              		.section	.text.ucStreamBufferGetStreamBufferType,"ax",%progbits
 3339              		.align	1
 3340              		.global	ucStreamBufferGetStreamBufferType
 3341              		.syntax unified
 3342              		.thumb
 3343              		.thumb_func
 3345              	ucStreamBufferGetStreamBufferType:
ARM GAS  /tmp/ccnNlaVp.s 			page 86


 3346              	.LFB28:
1251:Middlewares/Third_Party/FreeRTOS/Source/stream_buffer.c **** 
1252:Middlewares/Third_Party/FreeRTOS/Source/stream_buffer.c **** #endif /* configUSE_TRACE_FACILITY */
1253:Middlewares/Third_Party/FreeRTOS/Source/stream_buffer.c **** /*-----------------------------------------------------------*/
1254:Middlewares/Third_Party/FreeRTOS/Source/stream_buffer.c **** 
1255:Middlewares/Third_Party/FreeRTOS/Source/stream_buffer.c **** #if ( configUSE_TRACE_FACILITY == 1 )
1256:Middlewares/Third_Party/FreeRTOS/Source/stream_buffer.c **** 
1257:Middlewares/Third_Party/FreeRTOS/Source/stream_buffer.c **** 	uint8_t ucStreamBufferGetStreamBufferType( StreamBufferHandle_t xStreamBuffer )
1258:Middlewares/Third_Party/FreeRTOS/Source/stream_buffer.c **** 	{
 3347              		.loc 1 1258 2
 3348              		.cfi_startproc
 3349              		@ args = 0, pretend = 0, frame = 8
 3350              		@ frame_needed = 1, uses_anonymous_args = 0
 3351              		@ link register save eliminated.
 3352 0000 80B4     		push	{r7}
 3353              	.LCFI126:
 3354              		.cfi_def_cfa_offset 4
 3355              		.cfi_offset 7, -4
 3356 0002 83B0     		sub	sp, sp, #12
 3357              	.LCFI127:
 3358              		.cfi_def_cfa_offset 16
 3359 0004 00AF     		add	r7, sp, #0
 3360              	.LCFI128:
 3361              		.cfi_def_cfa_register 7
 3362 0006 7860     		str	r0, [r7, #4]
1259:Middlewares/Third_Party/FreeRTOS/Source/stream_buffer.c **** 		return ( xStreamBuffer->ucFlags & sbFLAGS_IS_MESSAGE_BUFFER );
 3363              		.loc 1 1259 25
 3364 0008 7B68     		ldr	r3, [r7, #4]
 3365 000a 1B7F     		ldrb	r3, [r3, #28]	@ zero_extendqisi2
 3366              		.loc 1 1259 35
 3367 000c 03F00103 		and	r3, r3, #1
 3368 0010 DBB2     		uxtb	r3, r3
1260:Middlewares/Third_Party/FreeRTOS/Source/stream_buffer.c **** 	}
 3369              		.loc 1 1260 2
 3370 0012 1846     		mov	r0, r3
 3371 0014 0C37     		adds	r7, r7, #12
 3372              	.LCFI129:
 3373              		.cfi_def_cfa_offset 4
 3374 0016 BD46     		mov	sp, r7
 3375              	.LCFI130:
 3376              		.cfi_def_cfa_register 13
 3377              		@ sp needed
 3378 0018 80BC     		pop	{r7}
 3379              	.LCFI131:
 3380              		.cfi_restore 7
 3381              		.cfi_def_cfa_offset 0
 3382 001a 7047     		bx	lr
 3383              		.cfi_endproc
 3384              	.LFE28:
 3386              		.text
 3387              	.Letext0:
 3388              		.file 3 "/home/fabio/arm-gnu-toolchain-15.2.rel1-x86_64-arm-none-eabi/arm-none-eabi/include/machin
 3389              		.file 4 "/home/fabio/arm-gnu-toolchain-15.2.rel1-x86_64-arm-none-eabi/arm-none-eabi/include/sys/_s
 3390              		.file 5 "/home/fabio/arm-gnu-toolchain-15.2.rel1-x86_64-arm-none-eabi/lib/gcc/arm-none-eabi/15.2.1
 3391              		.file 6 "Middlewares/Third_Party/FreeRTOS/Source/include/FreeRTOS.h"
 3392              		.file 7 "Middlewares/Third_Party/FreeRTOS/Source/include/task.h"
 3393              		.file 8 "Middlewares/Third_Party/FreeRTOS/Source/include/stream_buffer.h"
ARM GAS  /tmp/ccnNlaVp.s 			page 87


 3394              		.file 9 "/home/fabio/arm-gnu-toolchain-15.2.rel1-x86_64-arm-none-eabi/arm-none-eabi/include/string
 3395              		.file 10 "Middlewares/Third_Party/FreeRTOS/Source/include/portable.h"
ARM GAS  /tmp/ccnNlaVp.s 			page 88


DEFINED SYMBOLS
                            *ABS*:00000000 stream_buffer.c
     /tmp/ccnNlaVp.s:21     .text.xStreamBufferGenericCreate:00000000 $t
     /tmp/ccnNlaVp.s:27     .text.xStreamBufferGenericCreate:00000000 xStreamBufferGenericCreate
     /tmp/ccnNlaVp.s:3153   .text.prvInitialiseNewStreamBuffer:00000000 prvInitialiseNewStreamBuffer
     /tmp/ccnNlaVp.s:189    .text.xStreamBufferGenericCreateStatic:00000000 $t
     /tmp/ccnNlaVp.s:195    .text.xStreamBufferGenericCreateStatic:00000000 xStreamBufferGenericCreateStatic
     /tmp/ccnNlaVp.s:430    .text.vStreamBufferDelete:00000000 $t
     /tmp/ccnNlaVp.s:436    .text.vStreamBufferDelete:00000000 vStreamBufferDelete
     /tmp/ccnNlaVp.s:518    .text.xStreamBufferReset:00000000 $t
     /tmp/ccnNlaVp.s:524    .text.xStreamBufferReset:00000000 xStreamBufferReset
     /tmp/ccnNlaVp.s:633    .text.xStreamBufferSetTriggerLevel:00000000 $t
     /tmp/ccnNlaVp.s:639    .text.xStreamBufferSetTriggerLevel:00000000 xStreamBufferSetTriggerLevel
     /tmp/ccnNlaVp.s:736    .text.xStreamBufferSpacesAvailable:00000000 $t
     /tmp/ccnNlaVp.s:742    .text.xStreamBufferSpacesAvailable:00000000 xStreamBufferSpacesAvailable
     /tmp/ccnNlaVp.s:845    .text.xStreamBufferBytesAvailable:00000000 $t
     /tmp/ccnNlaVp.s:851    .text.xStreamBufferBytesAvailable:00000000 xStreamBufferBytesAvailable
     /tmp/ccnNlaVp.s:3079   .text.prvBytesInBuffer:00000000 prvBytesInBuffer
     /tmp/ccnNlaVp.s:919    .text.xStreamBufferSend:00000000 $t
     /tmp/ccnNlaVp.s:925    .text.xStreamBufferSend:00000000 xStreamBufferSend
     /tmp/ccnNlaVp.s:1416   .text.prvWriteMessageToBuffer:00000000 prvWriteMessageToBuffer
     /tmp/ccnNlaVp.s:1208   .text.xStreamBufferSendFromISR:00000000 $t
     /tmp/ccnNlaVp.s:1214   .text.xStreamBufferSendFromISR:00000000 xStreamBufferSendFromISR
     /tmp/ccnNlaVp.s:1411   .text.prvWriteMessageToBuffer:00000000 $t
     /tmp/ccnNlaVp.s:2670   .text.prvWriteBytesToBuffer:00000000 prvWriteBytesToBuffer
     /tmp/ccnNlaVp.s:1520   .text.xStreamBufferReceive:00000000 $t
     /tmp/ccnNlaVp.s:1526   .text.xStreamBufferReceive:00000000 xStreamBufferReceive
     /tmp/ccnNlaVp.s:2109   .text.prvReadMessageFromBuffer:00000000 prvReadMessageFromBuffer
     /tmp/ccnNlaVp.s:1761   .text.xStreamBufferNextMessageLengthBytes:00000000 $t
     /tmp/ccnNlaVp.s:1767   .text.xStreamBufferNextMessageLengthBytes:00000000 xStreamBufferNextMessageLengthBytes
     /tmp/ccnNlaVp.s:2869   .text.prvReadBytesFromBuffer:00000000 prvReadBytesFromBuffer
     /tmp/ccnNlaVp.s:1902   .text.xStreamBufferReceiveFromISR:00000000 $t
     /tmp/ccnNlaVp.s:1908   .text.xStreamBufferReceiveFromISR:00000000 xStreamBufferReceiveFromISR
     /tmp/ccnNlaVp.s:2104   .text.prvReadMessageFromBuffer:00000000 $t
     /tmp/ccnNlaVp.s:2193   .text.xStreamBufferIsEmpty:00000000 $t
     /tmp/ccnNlaVp.s:2199   .text.xStreamBufferIsEmpty:00000000 xStreamBufferIsEmpty
     /tmp/ccnNlaVp.s:2287   .text.xStreamBufferIsFull:00000000 $t
     /tmp/ccnNlaVp.s:2293   .text.xStreamBufferIsFull:00000000 xStreamBufferIsFull
     /tmp/ccnNlaVp.s:2391   .text.xStreamBufferSendCompletedFromISR:00000000 $t
     /tmp/ccnNlaVp.s:2397   .text.xStreamBufferSendCompletedFromISR:00000000 xStreamBufferSendCompletedFromISR
     /tmp/ccnNlaVp.s:2528   .text.xStreamBufferReceiveCompletedFromISR:00000000 $t
     /tmp/ccnNlaVp.s:2534   .text.xStreamBufferReceiveCompletedFromISR:00000000 xStreamBufferReceiveCompletedFromISR
     /tmp/ccnNlaVp.s:2665   .text.prvWriteBytesToBuffer:00000000 $t
     /tmp/ccnNlaVp.s:2864   .text.prvReadBytesFromBuffer:00000000 $t
     /tmp/ccnNlaVp.s:3074   .text.prvBytesInBuffer:00000000 $t
     /tmp/ccnNlaVp.s:3148   .text.prvInitialiseNewStreamBuffer:00000000 $t
     /tmp/ccnNlaVp.s:3247   .text.uxStreamBufferGetStreamBufferNumber:00000000 $t
     /tmp/ccnNlaVp.s:3253   .text.uxStreamBufferGetStreamBufferNumber:00000000 uxStreamBufferGetStreamBufferNumber
     /tmp/ccnNlaVp.s:3292   .text.vStreamBufferSetStreamBufferNumber:00000000 $t
     /tmp/ccnNlaVp.s:3298   .text.vStreamBufferSetStreamBufferNumber:00000000 vStreamBufferSetStreamBufferNumber
     /tmp/ccnNlaVp.s:3339   .text.ucStreamBufferGetStreamBufferType:00000000 $t
     /tmp/ccnNlaVp.s:3345   .text.ucStreamBufferGetStreamBufferType:00000000 ucStreamBufferGetStreamBufferType

UNDEFINED SYMBOLS
pvPortMalloc
vPortFree
memset
ARM GAS  /tmp/ccnNlaVp.s 			page 89


vPortEnterCritical
vPortExitCritical
vTaskSetTimeOutState
xTaskNotifyStateClear
xTaskGetCurrentTaskHandle
xTaskNotifyWait
xTaskCheckForTimeOut
vTaskSuspendAll
xTaskGenericNotify
xTaskResumeAll
xTaskGenericNotifyFromISR
memcpy
