ARM GAS  /tmp/ccCB62sD.s 			page 1


   1              		.cpu cortex-m4
   2              		.arch armv7e-m
   3              		.fpu fpv4-sp-d16
   4              		.eabi_attribute 27, 1
   5              		.eabi_attribute 28, 1
   6              		.eabi_attribute 20, 1
   7              		.eabi_attribute 21, 1
   8              		.eabi_attribute 23, 3
   9              		.eabi_attribute 24, 1
  10              		.eabi_attribute 25, 1
  11              		.eabi_attribute 26, 1
  12              		.eabi_attribute 30, 6
  13              		.eabi_attribute 34, 1
  14              		.eabi_attribute 18, 4
  15              		.file	"timers.c"
  16              		.text
  17              	.Ltext0:
  18              		.cfi_sections	.debug_frame
  19              		.file 1 "Middlewares/Third_Party/FreeRTOS/Source/timers.c"
  20              		.section	.bss.xActiveTimerList1,"aw",%nobits
  21              		.align	2
  24              	xActiveTimerList1:
  25 0000 00000000 		.space	20
  25      00000000 
  25      00000000 
  25      00000000 
  25      00000000 
  26              		.section	.bss.xActiveTimerList2,"aw",%nobits
  27              		.align	2
  30              	xActiveTimerList2:
  31 0000 00000000 		.space	20
  31      00000000 
  31      00000000 
  31      00000000 
  31      00000000 
  32              		.section	.bss.pxCurrentTimerList,"aw",%nobits
  33              		.align	2
  36              	pxCurrentTimerList:
  37 0000 00000000 		.space	4
  38              		.section	.bss.pxOverflowTimerList,"aw",%nobits
  39              		.align	2
  42              	pxOverflowTimerList:
  43 0000 00000000 		.space	4
  44              		.section	.bss.xTimerQueue,"aw",%nobits
  45              		.align	2
  48              	xTimerQueue:
  49 0000 00000000 		.space	4
  50              		.section	.bss.xTimerTaskHandle,"aw",%nobits
  51              		.align	2
  54              	xTimerTaskHandle:
  55 0000 00000000 		.space	4
  56              		.section	.rodata
  57              		.align	2
  58              	.LC0:
  59 0000 546D7220 		.ascii	"Tmr Svc\000"
  59      53766300 
  60              		.section	.text.xTimerCreateTimerTask,"ax",%progbits
ARM GAS  /tmp/ccCB62sD.s 			page 2


  61              		.align	1
  62              		.global	xTimerCreateTimerTask
  63              		.syntax unified
  64              		.thumb
  65              		.thumb_func
  67              	xTimerCreateTimerTask:
  68              	.LFB4:
   1:Middlewares/Third_Party/FreeRTOS/Source/timers.c **** /*
   2:Middlewares/Third_Party/FreeRTOS/Source/timers.c ****  * FreeRTOS Kernel V10.3.1
   3:Middlewares/Third_Party/FreeRTOS/Source/timers.c ****  * Copyright (C) 2020 Amazon.com, Inc. or its affiliates.  All Rights Reserved.
   4:Middlewares/Third_Party/FreeRTOS/Source/timers.c ****  *
   5:Middlewares/Third_Party/FreeRTOS/Source/timers.c ****  * Permission is hereby granted, free of charge, to any person obtaining a copy of
   6:Middlewares/Third_Party/FreeRTOS/Source/timers.c ****  * this software and associated documentation files (the "Software"), to deal in
   7:Middlewares/Third_Party/FreeRTOS/Source/timers.c ****  * the Software without restriction, including without limitation the rights to
   8:Middlewares/Third_Party/FreeRTOS/Source/timers.c ****  * use, copy, modify, merge, publish, distribute, sublicense, and/or sell copies of
   9:Middlewares/Third_Party/FreeRTOS/Source/timers.c ****  * the Software, and to permit persons to whom the Software is furnished to do so,
  10:Middlewares/Third_Party/FreeRTOS/Source/timers.c ****  * subject to the following conditions:
  11:Middlewares/Third_Party/FreeRTOS/Source/timers.c ****  *
  12:Middlewares/Third_Party/FreeRTOS/Source/timers.c ****  * The above copyright notice and this permission notice shall be included in all
  13:Middlewares/Third_Party/FreeRTOS/Source/timers.c ****  * copies or substantial portions of the Software.
  14:Middlewares/Third_Party/FreeRTOS/Source/timers.c ****  *
  15:Middlewares/Third_Party/FreeRTOS/Source/timers.c ****  * THE SOFTWARE IS PROVIDED "AS IS", WITHOUT WARRANTY OF ANY KIND, EXPRESS OR
  16:Middlewares/Third_Party/FreeRTOS/Source/timers.c ****  * IMPLIED, INCLUDING BUT NOT LIMITED TO THE WARRANTIES OF MERCHANTABILITY, FITNESS
  17:Middlewares/Third_Party/FreeRTOS/Source/timers.c ****  * FOR A PARTICULAR PURPOSE AND NONINFRINGEMENT. IN NO EVENT SHALL THE AUTHORS OR
  18:Middlewares/Third_Party/FreeRTOS/Source/timers.c ****  * COPYRIGHT HOLDERS BE LIABLE FOR ANY CLAIM, DAMAGES OR OTHER LIABILITY, WHETHER
  19:Middlewares/Third_Party/FreeRTOS/Source/timers.c ****  * IN AN ACTION OF CONTRACT, TORT OR OTHERWISE, ARISING FROM, OUT OF OR IN
  20:Middlewares/Third_Party/FreeRTOS/Source/timers.c ****  * CONNECTION WITH THE SOFTWARE OR THE USE OR OTHER DEALINGS IN THE SOFTWARE.
  21:Middlewares/Third_Party/FreeRTOS/Source/timers.c ****  *
  22:Middlewares/Third_Party/FreeRTOS/Source/timers.c ****  * http://www.FreeRTOS.org
  23:Middlewares/Third_Party/FreeRTOS/Source/timers.c ****  * http://aws.amazon.com/freertos
  24:Middlewares/Third_Party/FreeRTOS/Source/timers.c ****  *
  25:Middlewares/Third_Party/FreeRTOS/Source/timers.c ****  * 1 tab == 4 spaces!
  26:Middlewares/Third_Party/FreeRTOS/Source/timers.c ****  */
  27:Middlewares/Third_Party/FreeRTOS/Source/timers.c **** 
  28:Middlewares/Third_Party/FreeRTOS/Source/timers.c **** /* Standard includes. */
  29:Middlewares/Third_Party/FreeRTOS/Source/timers.c **** #include <stdlib.h>
  30:Middlewares/Third_Party/FreeRTOS/Source/timers.c **** 
  31:Middlewares/Third_Party/FreeRTOS/Source/timers.c **** /* Defining MPU_WRAPPERS_INCLUDED_FROM_API_FILE prevents task.h from redefining
  32:Middlewares/Third_Party/FreeRTOS/Source/timers.c **** all the API functions to use the MPU wrappers.  That should only be done when
  33:Middlewares/Third_Party/FreeRTOS/Source/timers.c **** task.h is included from an application file. */
  34:Middlewares/Third_Party/FreeRTOS/Source/timers.c **** #define MPU_WRAPPERS_INCLUDED_FROM_API_FILE
  35:Middlewares/Third_Party/FreeRTOS/Source/timers.c **** 
  36:Middlewares/Third_Party/FreeRTOS/Source/timers.c **** #include "FreeRTOS.h"
  37:Middlewares/Third_Party/FreeRTOS/Source/timers.c **** #include "task.h"
  38:Middlewares/Third_Party/FreeRTOS/Source/timers.c **** #include "queue.h"
  39:Middlewares/Third_Party/FreeRTOS/Source/timers.c **** #include "timers.h"
  40:Middlewares/Third_Party/FreeRTOS/Source/timers.c **** 
  41:Middlewares/Third_Party/FreeRTOS/Source/timers.c **** #if ( INCLUDE_xTimerPendFunctionCall == 1 ) && ( configUSE_TIMERS == 0 )
  42:Middlewares/Third_Party/FreeRTOS/Source/timers.c **** 	#error configUSE_TIMERS must be set to 1 to make the xTimerPendFunctionCall() function available.
  43:Middlewares/Third_Party/FreeRTOS/Source/timers.c **** #endif
  44:Middlewares/Third_Party/FreeRTOS/Source/timers.c **** 
  45:Middlewares/Third_Party/FreeRTOS/Source/timers.c **** /* Lint e9021, e961 and e750 are suppressed as a MISRA exception justified
  46:Middlewares/Third_Party/FreeRTOS/Source/timers.c **** because the MPU ports require MPU_WRAPPERS_INCLUDED_FROM_API_FILE to be defined
  47:Middlewares/Third_Party/FreeRTOS/Source/timers.c **** for the header files above, but not in this file, in order to generate the
  48:Middlewares/Third_Party/FreeRTOS/Source/timers.c **** correct privileged Vs unprivileged linkage and placement. */
  49:Middlewares/Third_Party/FreeRTOS/Source/timers.c **** #undef MPU_WRAPPERS_INCLUDED_FROM_API_FILE /*lint !e9021 !e961 !e750. */
  50:Middlewares/Third_Party/FreeRTOS/Source/timers.c **** 
ARM GAS  /tmp/ccCB62sD.s 			page 3


  51:Middlewares/Third_Party/FreeRTOS/Source/timers.c **** 
  52:Middlewares/Third_Party/FreeRTOS/Source/timers.c **** /* This entire source file will be skipped if the application is not configured
  53:Middlewares/Third_Party/FreeRTOS/Source/timers.c **** to include software timer functionality.  This #if is closed at the very bottom
  54:Middlewares/Third_Party/FreeRTOS/Source/timers.c **** of this file.  If you want to include software timer functionality then ensure
  55:Middlewares/Third_Party/FreeRTOS/Source/timers.c **** configUSE_TIMERS is set to 1 in FreeRTOSConfig.h. */
  56:Middlewares/Third_Party/FreeRTOS/Source/timers.c **** #if ( configUSE_TIMERS == 1 )
  57:Middlewares/Third_Party/FreeRTOS/Source/timers.c **** 
  58:Middlewares/Third_Party/FreeRTOS/Source/timers.c **** /* Misc definitions. */
  59:Middlewares/Third_Party/FreeRTOS/Source/timers.c **** #define tmrNO_DELAY		( TickType_t ) 0U
  60:Middlewares/Third_Party/FreeRTOS/Source/timers.c **** 
  61:Middlewares/Third_Party/FreeRTOS/Source/timers.c **** /* The name assigned to the timer service task.  This can be overridden by
  62:Middlewares/Third_Party/FreeRTOS/Source/timers.c **** defining trmTIMER_SERVICE_TASK_NAME in FreeRTOSConfig.h. */
  63:Middlewares/Third_Party/FreeRTOS/Source/timers.c **** #ifndef configTIMER_SERVICE_TASK_NAME
  64:Middlewares/Third_Party/FreeRTOS/Source/timers.c **** 	#define configTIMER_SERVICE_TASK_NAME "Tmr Svc"
  65:Middlewares/Third_Party/FreeRTOS/Source/timers.c **** #endif
  66:Middlewares/Third_Party/FreeRTOS/Source/timers.c **** 
  67:Middlewares/Third_Party/FreeRTOS/Source/timers.c **** /* Bit definitions used in the ucStatus member of a timer structure. */
  68:Middlewares/Third_Party/FreeRTOS/Source/timers.c **** #define tmrSTATUS_IS_ACTIVE					( ( uint8_t ) 0x01 )
  69:Middlewares/Third_Party/FreeRTOS/Source/timers.c **** #define tmrSTATUS_IS_STATICALLY_ALLOCATED	( ( uint8_t ) 0x02 )
  70:Middlewares/Third_Party/FreeRTOS/Source/timers.c **** #define tmrSTATUS_IS_AUTORELOAD				( ( uint8_t ) 0x04 )
  71:Middlewares/Third_Party/FreeRTOS/Source/timers.c **** 
  72:Middlewares/Third_Party/FreeRTOS/Source/timers.c **** /* The definition of the timers themselves. */
  73:Middlewares/Third_Party/FreeRTOS/Source/timers.c **** typedef struct tmrTimerControl /* The old naming convention is used to prevent breaking kernel awar
  74:Middlewares/Third_Party/FreeRTOS/Source/timers.c **** {
  75:Middlewares/Third_Party/FreeRTOS/Source/timers.c **** 	const char				*pcTimerName;		/*<< Text name.  This is not used by the kernel, it is included simpl
  76:Middlewares/Third_Party/FreeRTOS/Source/timers.c **** 	ListItem_t				xTimerListItem;		/*<< Standard linked list item as used by all kernel features for e
  77:Middlewares/Third_Party/FreeRTOS/Source/timers.c **** 	TickType_t				xTimerPeriodInTicks;/*<< How quickly and often the timer expires. */
  78:Middlewares/Third_Party/FreeRTOS/Source/timers.c **** 	void 					*pvTimerID;			/*<< An ID to identify the timer.  This allows the timer to be identified 
  79:Middlewares/Third_Party/FreeRTOS/Source/timers.c **** 	TimerCallbackFunction_t	pxCallbackFunction;	/*<< The function that will be called when the timer e
  80:Middlewares/Third_Party/FreeRTOS/Source/timers.c **** 	#if( configUSE_TRACE_FACILITY == 1 )
  81:Middlewares/Third_Party/FreeRTOS/Source/timers.c **** 		UBaseType_t			uxTimerNumber;		/*<< An ID assigned by trace tools such as FreeRTOS+Trace */
  82:Middlewares/Third_Party/FreeRTOS/Source/timers.c **** 	#endif
  83:Middlewares/Third_Party/FreeRTOS/Source/timers.c **** 	uint8_t 				ucStatus;			/*<< Holds bits to say if the timer was statically allocated or not, and i
  84:Middlewares/Third_Party/FreeRTOS/Source/timers.c **** } xTIMER;
  85:Middlewares/Third_Party/FreeRTOS/Source/timers.c **** 
  86:Middlewares/Third_Party/FreeRTOS/Source/timers.c **** /* The old xTIMER name is maintained above then typedefed to the new Timer_t
  87:Middlewares/Third_Party/FreeRTOS/Source/timers.c **** name below to enable the use of older kernel aware debuggers. */
  88:Middlewares/Third_Party/FreeRTOS/Source/timers.c **** typedef xTIMER Timer_t;
  89:Middlewares/Third_Party/FreeRTOS/Source/timers.c **** 
  90:Middlewares/Third_Party/FreeRTOS/Source/timers.c **** /* The definition of messages that can be sent and received on the timer queue.
  91:Middlewares/Third_Party/FreeRTOS/Source/timers.c **** Two types of message can be queued - messages that manipulate a software timer,
  92:Middlewares/Third_Party/FreeRTOS/Source/timers.c **** and messages that request the execution of a non-timer related callback.  The
  93:Middlewares/Third_Party/FreeRTOS/Source/timers.c **** two message types are defined in two separate structures, xTimerParametersType
  94:Middlewares/Third_Party/FreeRTOS/Source/timers.c **** and xCallbackParametersType respectively. */
  95:Middlewares/Third_Party/FreeRTOS/Source/timers.c **** typedef struct tmrTimerParameters
  96:Middlewares/Third_Party/FreeRTOS/Source/timers.c **** {
  97:Middlewares/Third_Party/FreeRTOS/Source/timers.c **** 	TickType_t			xMessageValue;		/*<< An optional value used by a subset of commands, for example, whe
  98:Middlewares/Third_Party/FreeRTOS/Source/timers.c **** 	Timer_t *			pxTimer;			/*<< The timer to which the command will be applied. */
  99:Middlewares/Third_Party/FreeRTOS/Source/timers.c **** } TimerParameter_t;
 100:Middlewares/Third_Party/FreeRTOS/Source/timers.c **** 
 101:Middlewares/Third_Party/FreeRTOS/Source/timers.c **** 
 102:Middlewares/Third_Party/FreeRTOS/Source/timers.c **** typedef struct tmrCallbackParameters
 103:Middlewares/Third_Party/FreeRTOS/Source/timers.c **** {
 104:Middlewares/Third_Party/FreeRTOS/Source/timers.c **** 	PendedFunction_t	pxCallbackFunction;	/* << The callback function to execute. */
 105:Middlewares/Third_Party/FreeRTOS/Source/timers.c **** 	void *pvParameter1;						/* << The value that will be used as the callback functions first paramet
 106:Middlewares/Third_Party/FreeRTOS/Source/timers.c **** 	uint32_t ulParameter2;					/* << The value that will be used as the callback functions second para
 107:Middlewares/Third_Party/FreeRTOS/Source/timers.c **** } CallbackParameters_t;
ARM GAS  /tmp/ccCB62sD.s 			page 4


 108:Middlewares/Third_Party/FreeRTOS/Source/timers.c **** 
 109:Middlewares/Third_Party/FreeRTOS/Source/timers.c **** /* The structure that contains the two message types, along with an identifier
 110:Middlewares/Third_Party/FreeRTOS/Source/timers.c **** that is used to determine which message type is valid. */
 111:Middlewares/Third_Party/FreeRTOS/Source/timers.c **** typedef struct tmrTimerQueueMessage
 112:Middlewares/Third_Party/FreeRTOS/Source/timers.c **** {
 113:Middlewares/Third_Party/FreeRTOS/Source/timers.c **** 	BaseType_t			xMessageID;			/*<< The command being sent to the timer service task. */
 114:Middlewares/Third_Party/FreeRTOS/Source/timers.c **** 	union
 115:Middlewares/Third_Party/FreeRTOS/Source/timers.c **** 	{
 116:Middlewares/Third_Party/FreeRTOS/Source/timers.c **** 		TimerParameter_t xTimerParameters;
 117:Middlewares/Third_Party/FreeRTOS/Source/timers.c **** 
 118:Middlewares/Third_Party/FreeRTOS/Source/timers.c **** 		/* Don't include xCallbackParameters if it is not going to be used as
 119:Middlewares/Third_Party/FreeRTOS/Source/timers.c **** 		it makes the structure (and therefore the timer queue) larger. */
 120:Middlewares/Third_Party/FreeRTOS/Source/timers.c **** 		#if ( INCLUDE_xTimerPendFunctionCall == 1 )
 121:Middlewares/Third_Party/FreeRTOS/Source/timers.c **** 			CallbackParameters_t xCallbackParameters;
 122:Middlewares/Third_Party/FreeRTOS/Source/timers.c **** 		#endif /* INCLUDE_xTimerPendFunctionCall */
 123:Middlewares/Third_Party/FreeRTOS/Source/timers.c **** 	} u;
 124:Middlewares/Third_Party/FreeRTOS/Source/timers.c **** } DaemonTaskMessage_t;
 125:Middlewares/Third_Party/FreeRTOS/Source/timers.c **** 
 126:Middlewares/Third_Party/FreeRTOS/Source/timers.c **** /*lint -save -e956 A manual analysis and inspection has been used to determine
 127:Middlewares/Third_Party/FreeRTOS/Source/timers.c **** which static variables must be declared volatile. */
 128:Middlewares/Third_Party/FreeRTOS/Source/timers.c **** 
 129:Middlewares/Third_Party/FreeRTOS/Source/timers.c **** /* The list in which active timers are stored.  Timers are referenced in expire
 130:Middlewares/Third_Party/FreeRTOS/Source/timers.c **** time order, with the nearest expiry time at the front of the list.  Only the
 131:Middlewares/Third_Party/FreeRTOS/Source/timers.c **** timer service task is allowed to access these lists.
 132:Middlewares/Third_Party/FreeRTOS/Source/timers.c **** xActiveTimerList1 and xActiveTimerList2 could be at function scope but that
 133:Middlewares/Third_Party/FreeRTOS/Source/timers.c **** breaks some kernel aware debuggers, and debuggers that reply on removing the
 134:Middlewares/Third_Party/FreeRTOS/Source/timers.c **** static qualifier. */
 135:Middlewares/Third_Party/FreeRTOS/Source/timers.c **** PRIVILEGED_DATA static List_t xActiveTimerList1;
 136:Middlewares/Third_Party/FreeRTOS/Source/timers.c **** PRIVILEGED_DATA static List_t xActiveTimerList2;
 137:Middlewares/Third_Party/FreeRTOS/Source/timers.c **** PRIVILEGED_DATA static List_t *pxCurrentTimerList;
 138:Middlewares/Third_Party/FreeRTOS/Source/timers.c **** PRIVILEGED_DATA static List_t *pxOverflowTimerList;
 139:Middlewares/Third_Party/FreeRTOS/Source/timers.c **** 
 140:Middlewares/Third_Party/FreeRTOS/Source/timers.c **** /* A queue that is used to send commands to the timer service task. */
 141:Middlewares/Third_Party/FreeRTOS/Source/timers.c **** PRIVILEGED_DATA static QueueHandle_t xTimerQueue = NULL;
 142:Middlewares/Third_Party/FreeRTOS/Source/timers.c **** PRIVILEGED_DATA static TaskHandle_t xTimerTaskHandle = NULL;
 143:Middlewares/Third_Party/FreeRTOS/Source/timers.c **** 
 144:Middlewares/Third_Party/FreeRTOS/Source/timers.c **** /*lint -restore */
 145:Middlewares/Third_Party/FreeRTOS/Source/timers.c **** 
 146:Middlewares/Third_Party/FreeRTOS/Source/timers.c **** /*-----------------------------------------------------------*/
 147:Middlewares/Third_Party/FreeRTOS/Source/timers.c **** 
 148:Middlewares/Third_Party/FreeRTOS/Source/timers.c **** #if( configSUPPORT_STATIC_ALLOCATION == 1 )
 149:Middlewares/Third_Party/FreeRTOS/Source/timers.c **** 
 150:Middlewares/Third_Party/FreeRTOS/Source/timers.c **** 	/* If static allocation is supported then the application must provide the
 151:Middlewares/Third_Party/FreeRTOS/Source/timers.c **** 	following callback function - which enables the application to optionally
 152:Middlewares/Third_Party/FreeRTOS/Source/timers.c **** 	provide the memory that will be used by the timer task as the task's stack
 153:Middlewares/Third_Party/FreeRTOS/Source/timers.c **** 	and TCB. */
 154:Middlewares/Third_Party/FreeRTOS/Source/timers.c **** 	extern void vApplicationGetTimerTaskMemory( StaticTask_t **ppxTimerTaskTCBBuffer, StackType_t **pp
 155:Middlewares/Third_Party/FreeRTOS/Source/timers.c **** 
 156:Middlewares/Third_Party/FreeRTOS/Source/timers.c **** #endif
 157:Middlewares/Third_Party/FreeRTOS/Source/timers.c **** 
 158:Middlewares/Third_Party/FreeRTOS/Source/timers.c **** /*
 159:Middlewares/Third_Party/FreeRTOS/Source/timers.c ****  * Initialise the infrastructure used by the timer service task if it has not
 160:Middlewares/Third_Party/FreeRTOS/Source/timers.c ****  * been initialised already.
 161:Middlewares/Third_Party/FreeRTOS/Source/timers.c ****  */
 162:Middlewares/Third_Party/FreeRTOS/Source/timers.c **** static void prvCheckForValidListAndQueue( void ) PRIVILEGED_FUNCTION;
 163:Middlewares/Third_Party/FreeRTOS/Source/timers.c **** 
 164:Middlewares/Third_Party/FreeRTOS/Source/timers.c **** /*
ARM GAS  /tmp/ccCB62sD.s 			page 5


 165:Middlewares/Third_Party/FreeRTOS/Source/timers.c ****  * The timer service task (daemon).  Timer functionality is controlled by this
 166:Middlewares/Third_Party/FreeRTOS/Source/timers.c ****  * task.  Other tasks communicate with the timer service task using the
 167:Middlewares/Third_Party/FreeRTOS/Source/timers.c ****  * xTimerQueue queue.
 168:Middlewares/Third_Party/FreeRTOS/Source/timers.c ****  */
 169:Middlewares/Third_Party/FreeRTOS/Source/timers.c **** static portTASK_FUNCTION_PROTO( prvTimerTask, pvParameters ) PRIVILEGED_FUNCTION;
 170:Middlewares/Third_Party/FreeRTOS/Source/timers.c **** 
 171:Middlewares/Third_Party/FreeRTOS/Source/timers.c **** /*
 172:Middlewares/Third_Party/FreeRTOS/Source/timers.c ****  * Called by the timer service task to interpret and process a command it
 173:Middlewares/Third_Party/FreeRTOS/Source/timers.c ****  * received on the timer queue.
 174:Middlewares/Third_Party/FreeRTOS/Source/timers.c ****  */
 175:Middlewares/Third_Party/FreeRTOS/Source/timers.c **** static void prvProcessReceivedCommands( void ) PRIVILEGED_FUNCTION;
 176:Middlewares/Third_Party/FreeRTOS/Source/timers.c **** 
 177:Middlewares/Third_Party/FreeRTOS/Source/timers.c **** /*
 178:Middlewares/Third_Party/FreeRTOS/Source/timers.c ****  * Insert the timer into either xActiveTimerList1, or xActiveTimerList2,
 179:Middlewares/Third_Party/FreeRTOS/Source/timers.c ****  * depending on if the expire time causes a timer counter overflow.
 180:Middlewares/Third_Party/FreeRTOS/Source/timers.c ****  */
 181:Middlewares/Third_Party/FreeRTOS/Source/timers.c **** static BaseType_t prvInsertTimerInActiveList( Timer_t * const pxTimer, const TickType_t xNextExpiry
 182:Middlewares/Third_Party/FreeRTOS/Source/timers.c **** 
 183:Middlewares/Third_Party/FreeRTOS/Source/timers.c **** /*
 184:Middlewares/Third_Party/FreeRTOS/Source/timers.c ****  * An active timer has reached its expire time.  Reload the timer if it is an
 185:Middlewares/Third_Party/FreeRTOS/Source/timers.c ****  * auto-reload timer, then call its callback.
 186:Middlewares/Third_Party/FreeRTOS/Source/timers.c ****  */
 187:Middlewares/Third_Party/FreeRTOS/Source/timers.c **** static void prvProcessExpiredTimer( const TickType_t xNextExpireTime, const TickType_t xTimeNow ) P
 188:Middlewares/Third_Party/FreeRTOS/Source/timers.c **** 
 189:Middlewares/Third_Party/FreeRTOS/Source/timers.c **** /*
 190:Middlewares/Third_Party/FreeRTOS/Source/timers.c ****  * The tick count has overflowed.  Switch the timer lists after ensuring the
 191:Middlewares/Third_Party/FreeRTOS/Source/timers.c ****  * current timer list does not still reference some timers.
 192:Middlewares/Third_Party/FreeRTOS/Source/timers.c ****  */
 193:Middlewares/Third_Party/FreeRTOS/Source/timers.c **** static void prvSwitchTimerLists( void ) PRIVILEGED_FUNCTION;
 194:Middlewares/Third_Party/FreeRTOS/Source/timers.c **** 
 195:Middlewares/Third_Party/FreeRTOS/Source/timers.c **** /*
 196:Middlewares/Third_Party/FreeRTOS/Source/timers.c ****  * Obtain the current tick count, setting *pxTimerListsWereSwitched to pdTRUE
 197:Middlewares/Third_Party/FreeRTOS/Source/timers.c ****  * if a tick count overflow occurred since prvSampleTimeNow() was last called.
 198:Middlewares/Third_Party/FreeRTOS/Source/timers.c ****  */
 199:Middlewares/Third_Party/FreeRTOS/Source/timers.c **** static TickType_t prvSampleTimeNow( BaseType_t * const pxTimerListsWereSwitched ) PRIVILEGED_FUNCTI
 200:Middlewares/Third_Party/FreeRTOS/Source/timers.c **** 
 201:Middlewares/Third_Party/FreeRTOS/Source/timers.c **** /*
 202:Middlewares/Third_Party/FreeRTOS/Source/timers.c ****  * If the timer list contains any active timers then return the expire time of
 203:Middlewares/Third_Party/FreeRTOS/Source/timers.c ****  * the timer that will expire first and set *pxListWasEmpty to false.  If the
 204:Middlewares/Third_Party/FreeRTOS/Source/timers.c ****  * timer list does not contain any timers then return 0 and set *pxListWasEmpty
 205:Middlewares/Third_Party/FreeRTOS/Source/timers.c ****  * to pdTRUE.
 206:Middlewares/Third_Party/FreeRTOS/Source/timers.c ****  */
 207:Middlewares/Third_Party/FreeRTOS/Source/timers.c **** static TickType_t prvGetNextExpireTime( BaseType_t * const pxListWasEmpty ) PRIVILEGED_FUNCTION;
 208:Middlewares/Third_Party/FreeRTOS/Source/timers.c **** 
 209:Middlewares/Third_Party/FreeRTOS/Source/timers.c **** /*
 210:Middlewares/Third_Party/FreeRTOS/Source/timers.c ****  * If a timer has expired, process it.  Otherwise, block the timer service task
 211:Middlewares/Third_Party/FreeRTOS/Source/timers.c ****  * until either a timer does expire or a command is received.
 212:Middlewares/Third_Party/FreeRTOS/Source/timers.c ****  */
 213:Middlewares/Third_Party/FreeRTOS/Source/timers.c **** static void prvProcessTimerOrBlockTask( const TickType_t xNextExpireTime, BaseType_t xListWasEmpty 
 214:Middlewares/Third_Party/FreeRTOS/Source/timers.c **** 
 215:Middlewares/Third_Party/FreeRTOS/Source/timers.c **** /*
 216:Middlewares/Third_Party/FreeRTOS/Source/timers.c ****  * Called after a Timer_t structure has been allocated either statically or
 217:Middlewares/Third_Party/FreeRTOS/Source/timers.c ****  * dynamically to fill in the structure's members.
 218:Middlewares/Third_Party/FreeRTOS/Source/timers.c ****  */
 219:Middlewares/Third_Party/FreeRTOS/Source/timers.c **** static void prvInitialiseNewTimer(	const char * const pcTimerName,			/*lint !e971 Unqualified char 
 220:Middlewares/Third_Party/FreeRTOS/Source/timers.c **** 									const TickType_t xTimerPeriodInTicks,
 221:Middlewares/Third_Party/FreeRTOS/Source/timers.c **** 									const UBaseType_t uxAutoReload,
ARM GAS  /tmp/ccCB62sD.s 			page 6


 222:Middlewares/Third_Party/FreeRTOS/Source/timers.c **** 									void * const pvTimerID,
 223:Middlewares/Third_Party/FreeRTOS/Source/timers.c **** 									TimerCallbackFunction_t pxCallbackFunction,
 224:Middlewares/Third_Party/FreeRTOS/Source/timers.c **** 									Timer_t *pxNewTimer ) PRIVILEGED_FUNCTION;
 225:Middlewares/Third_Party/FreeRTOS/Source/timers.c **** /*-----------------------------------------------------------*/
 226:Middlewares/Third_Party/FreeRTOS/Source/timers.c **** 
 227:Middlewares/Third_Party/FreeRTOS/Source/timers.c **** BaseType_t xTimerCreateTimerTask( void )
 228:Middlewares/Third_Party/FreeRTOS/Source/timers.c **** {
  69              		.loc 1 228 1
  70              		.cfi_startproc
  71              		@ args = 0, pretend = 0, frame = 24
  72              		@ frame_needed = 1, uses_anonymous_args = 0
  73 0000 80B5     		push	{r7, lr}
  74              	.LCFI0:
  75              		.cfi_def_cfa_offset 8
  76              		.cfi_offset 7, -8
  77              		.cfi_offset 14, -4
  78 0002 8AB0     		sub	sp, sp, #40
  79              	.LCFI1:
  80              		.cfi_def_cfa_offset 48
  81 0004 04AF     		add	r7, sp, #16
  82              	.LCFI2:
  83              		.cfi_def_cfa 7, 32
 229:Middlewares/Third_Party/FreeRTOS/Source/timers.c **** BaseType_t xReturn = pdFAIL;
  84              		.loc 1 229 12
  85 0006 0023     		movs	r3, #0
  86 0008 7B61     		str	r3, [r7, #20]
 230:Middlewares/Third_Party/FreeRTOS/Source/timers.c **** 
 231:Middlewares/Third_Party/FreeRTOS/Source/timers.c **** 	/* This function is called when the scheduler is started if
 232:Middlewares/Third_Party/FreeRTOS/Source/timers.c **** 	configUSE_TIMERS is set to 1.  Check that the infrastructure used by the
 233:Middlewares/Third_Party/FreeRTOS/Source/timers.c **** 	timer service task has been created/initialised.  If timers have already
 234:Middlewares/Third_Party/FreeRTOS/Source/timers.c **** 	been created then the initialisation will already have been performed. */
 235:Middlewares/Third_Party/FreeRTOS/Source/timers.c **** 	prvCheckForValidListAndQueue();
  87              		.loc 1 235 2
  88 000a FFF7FEFF 		bl	prvCheckForValidListAndQueue
 236:Middlewares/Third_Party/FreeRTOS/Source/timers.c **** 
 237:Middlewares/Third_Party/FreeRTOS/Source/timers.c **** 	if( xTimerQueue != NULL )
  89              		.loc 1 237 18
  90 000e 1D4B     		ldr	r3, .L7
  91 0010 1B68     		ldr	r3, [r3]
  92              		.loc 1 237 4
  93 0012 002B     		cmp	r3, #0
  94 0014 21D0     		beq	.L2
  95              	.LBB45:
 238:Middlewares/Third_Party/FreeRTOS/Source/timers.c **** 	{
 239:Middlewares/Third_Party/FreeRTOS/Source/timers.c **** 		#if( configSUPPORT_STATIC_ALLOCATION == 1 )
 240:Middlewares/Third_Party/FreeRTOS/Source/timers.c **** 		{
 241:Middlewares/Third_Party/FreeRTOS/Source/timers.c **** 			StaticTask_t *pxTimerTaskTCBBuffer = NULL;
  96              		.loc 1 241 18
  97 0016 0023     		movs	r3, #0
  98 0018 FB60     		str	r3, [r7, #12]
 242:Middlewares/Third_Party/FreeRTOS/Source/timers.c **** 			StackType_t *pxTimerTaskStackBuffer = NULL;
  99              		.loc 1 242 17
 100 001a 0023     		movs	r3, #0
 101 001c BB60     		str	r3, [r7, #8]
 243:Middlewares/Third_Party/FreeRTOS/Source/timers.c **** 			uint32_t ulTimerTaskStackSize;
 244:Middlewares/Third_Party/FreeRTOS/Source/timers.c **** 
 245:Middlewares/Third_Party/FreeRTOS/Source/timers.c **** 			vApplicationGetTimerTaskMemory( &pxTimerTaskTCBBuffer, &pxTimerTaskStackBuffer, &ulTimerTaskStac
ARM GAS  /tmp/ccCB62sD.s 			page 7


 102              		.loc 1 245 4
 103 001e 3A1D     		adds	r2, r7, #4
 104 0020 07F10801 		add	r1, r7, #8
 105 0024 07F10C03 		add	r3, r7, #12
 106 0028 1846     		mov	r0, r3
 107 002a FFF7FEFF 		bl	vApplicationGetTimerTaskMemory
 246:Middlewares/Third_Party/FreeRTOS/Source/timers.c **** 			xTimerTaskHandle = xTaskCreateStatic(	prvTimerTask,
 108              		.loc 1 246 23
 109 002e 7968     		ldr	r1, [r7, #4]
 110 0030 BB68     		ldr	r3, [r7, #8]
 111 0032 FA68     		ldr	r2, [r7, #12]
 112 0034 0292     		str	r2, [sp, #8]
 113 0036 0193     		str	r3, [sp, #4]
 114 0038 0223     		movs	r3, #2
 115 003a 0093     		str	r3, [sp]
 116 003c 0023     		movs	r3, #0
 117 003e 0A46     		mov	r2, r1
 118 0040 1149     		ldr	r1, .L7+4
 119 0042 1248     		ldr	r0, .L7+8
 120 0044 FFF7FEFF 		bl	xTaskCreateStatic
 121 0048 0346     		mov	r3, r0
 122              		.loc 1 246 21 discriminator 1
 123 004a 114A     		ldr	r2, .L7+12
 124 004c 1360     		str	r3, [r2]
 247:Middlewares/Third_Party/FreeRTOS/Source/timers.c **** 													configTIMER_SERVICE_TASK_NAME,
 248:Middlewares/Third_Party/FreeRTOS/Source/timers.c **** 													ulTimerTaskStackSize,
 249:Middlewares/Third_Party/FreeRTOS/Source/timers.c **** 													NULL,
 250:Middlewares/Third_Party/FreeRTOS/Source/timers.c **** 													( ( UBaseType_t ) configTIMER_TASK_PRIORITY ) | portPRIVILEGE_BIT,
 251:Middlewares/Third_Party/FreeRTOS/Source/timers.c **** 													pxTimerTaskStackBuffer,
 252:Middlewares/Third_Party/FreeRTOS/Source/timers.c **** 													pxTimerTaskTCBBuffer );
 253:Middlewares/Third_Party/FreeRTOS/Source/timers.c **** 
 254:Middlewares/Third_Party/FreeRTOS/Source/timers.c **** 			if( xTimerTaskHandle != NULL )
 125              		.loc 1 254 25
 126 004e 104B     		ldr	r3, .L7+12
 127 0050 1B68     		ldr	r3, [r3]
 128              		.loc 1 254 6
 129 0052 002B     		cmp	r3, #0
 130 0054 01D0     		beq	.L2
 255:Middlewares/Third_Party/FreeRTOS/Source/timers.c **** 			{
 256:Middlewares/Third_Party/FreeRTOS/Source/timers.c **** 				xReturn = pdPASS;
 131              		.loc 1 256 13
 132 0056 0123     		movs	r3, #1
 133 0058 7B61     		str	r3, [r7, #20]
 134              	.L2:
 135              	.LBE45:
 257:Middlewares/Third_Party/FreeRTOS/Source/timers.c **** 			}
 258:Middlewares/Third_Party/FreeRTOS/Source/timers.c **** 		}
 259:Middlewares/Third_Party/FreeRTOS/Source/timers.c **** 		#else
 260:Middlewares/Third_Party/FreeRTOS/Source/timers.c **** 		{
 261:Middlewares/Third_Party/FreeRTOS/Source/timers.c **** 			xReturn = xTaskCreate(	prvTimerTask,
 262:Middlewares/Third_Party/FreeRTOS/Source/timers.c **** 									configTIMER_SERVICE_TASK_NAME,
 263:Middlewares/Third_Party/FreeRTOS/Source/timers.c **** 									configTIMER_TASK_STACK_DEPTH,
 264:Middlewares/Third_Party/FreeRTOS/Source/timers.c **** 									NULL,
 265:Middlewares/Third_Party/FreeRTOS/Source/timers.c **** 									( ( UBaseType_t ) configTIMER_TASK_PRIORITY ) | portPRIVILEGE_BIT,
 266:Middlewares/Third_Party/FreeRTOS/Source/timers.c **** 									&xTimerTaskHandle );
 267:Middlewares/Third_Party/FreeRTOS/Source/timers.c **** 		}
 268:Middlewares/Third_Party/FreeRTOS/Source/timers.c **** 		#endif /* configSUPPORT_STATIC_ALLOCATION */
ARM GAS  /tmp/ccCB62sD.s 			page 8


 269:Middlewares/Third_Party/FreeRTOS/Source/timers.c **** 	}
 270:Middlewares/Third_Party/FreeRTOS/Source/timers.c **** 	else
 271:Middlewares/Third_Party/FreeRTOS/Source/timers.c **** 	{
 272:Middlewares/Third_Party/FreeRTOS/Source/timers.c **** 		mtCOVERAGE_TEST_MARKER();
 273:Middlewares/Third_Party/FreeRTOS/Source/timers.c **** 	}
 274:Middlewares/Third_Party/FreeRTOS/Source/timers.c **** 
 275:Middlewares/Third_Party/FreeRTOS/Source/timers.c **** 	configASSERT( xReturn );
 136              		.loc 1 275 2
 137 005a 7B69     		ldr	r3, [r7, #20]
 138 005c 002B     		cmp	r3, #0
 139 005e 0BD1     		bne	.L4
 140              	.LBB46:
 141              	.LBB47:
 142              		.file 2 "Middlewares/Third_Party/FreeRTOS/Source/portable/GCC/ARM_CM4F/portmacro.h"
   1:Middlewares/Third_Party/FreeRTOS/Source/portable/GCC/ARM_CM4F/portmacro.h **** /*
   2:Middlewares/Third_Party/FreeRTOS/Source/portable/GCC/ARM_CM4F/portmacro.h ****  * FreeRTOS Kernel V10.3.1
   3:Middlewares/Third_Party/FreeRTOS/Source/portable/GCC/ARM_CM4F/portmacro.h ****  * Copyright (C) 2020 Amazon.com, Inc. or its affiliates.  All Rights Reserved.
   4:Middlewares/Third_Party/FreeRTOS/Source/portable/GCC/ARM_CM4F/portmacro.h ****  *
   5:Middlewares/Third_Party/FreeRTOS/Source/portable/GCC/ARM_CM4F/portmacro.h ****  * Permission is hereby granted, free of charge, to any person obtaining a copy of
   6:Middlewares/Third_Party/FreeRTOS/Source/portable/GCC/ARM_CM4F/portmacro.h ****  * this software and associated documentation files (the "Software"), to deal in
   7:Middlewares/Third_Party/FreeRTOS/Source/portable/GCC/ARM_CM4F/portmacro.h ****  * the Software without restriction, including without limitation the rights to
   8:Middlewares/Third_Party/FreeRTOS/Source/portable/GCC/ARM_CM4F/portmacro.h ****  * use, copy, modify, merge, publish, distribute, sublicense, and/or sell copies of
   9:Middlewares/Third_Party/FreeRTOS/Source/portable/GCC/ARM_CM4F/portmacro.h ****  * the Software, and to permit persons to whom the Software is furnished to do so,
  10:Middlewares/Third_Party/FreeRTOS/Source/portable/GCC/ARM_CM4F/portmacro.h ****  * subject to the following conditions:
  11:Middlewares/Third_Party/FreeRTOS/Source/portable/GCC/ARM_CM4F/portmacro.h ****  *
  12:Middlewares/Third_Party/FreeRTOS/Source/portable/GCC/ARM_CM4F/portmacro.h ****  * The above copyright notice and this permission notice shall be included in all
  13:Middlewares/Third_Party/FreeRTOS/Source/portable/GCC/ARM_CM4F/portmacro.h ****  * copies or substantial portions of the Software.
  14:Middlewares/Third_Party/FreeRTOS/Source/portable/GCC/ARM_CM4F/portmacro.h ****  *
  15:Middlewares/Third_Party/FreeRTOS/Source/portable/GCC/ARM_CM4F/portmacro.h ****  * THE SOFTWARE IS PROVIDED "AS IS", WITHOUT WARRANTY OF ANY KIND, EXPRESS OR
  16:Middlewares/Third_Party/FreeRTOS/Source/portable/GCC/ARM_CM4F/portmacro.h ****  * IMPLIED, INCLUDING BUT NOT LIMITED TO THE WARRANTIES OF MERCHANTABILITY, FITNESS
  17:Middlewares/Third_Party/FreeRTOS/Source/portable/GCC/ARM_CM4F/portmacro.h ****  * FOR A PARTICULAR PURPOSE AND NONINFRINGEMENT. IN NO EVENT SHALL THE AUTHORS OR
  18:Middlewares/Third_Party/FreeRTOS/Source/portable/GCC/ARM_CM4F/portmacro.h ****  * COPYRIGHT HOLDERS BE LIABLE FOR ANY CLAIM, DAMAGES OR OTHER LIABILITY, WHETHER
  19:Middlewares/Third_Party/FreeRTOS/Source/portable/GCC/ARM_CM4F/portmacro.h ****  * IN AN ACTION OF CONTRACT, TORT OR OTHERWISE, ARISING FROM, OUT OF OR IN
  20:Middlewares/Third_Party/FreeRTOS/Source/portable/GCC/ARM_CM4F/portmacro.h ****  * CONNECTION WITH THE SOFTWARE OR THE USE OR OTHER DEALINGS IN THE SOFTWARE.
  21:Middlewares/Third_Party/FreeRTOS/Source/portable/GCC/ARM_CM4F/portmacro.h ****  *
  22:Middlewares/Third_Party/FreeRTOS/Source/portable/GCC/ARM_CM4F/portmacro.h ****  * http://www.FreeRTOS.org
  23:Middlewares/Third_Party/FreeRTOS/Source/portable/GCC/ARM_CM4F/portmacro.h ****  * http://aws.amazon.com/freertos
  24:Middlewares/Third_Party/FreeRTOS/Source/portable/GCC/ARM_CM4F/portmacro.h ****  *
  25:Middlewares/Third_Party/FreeRTOS/Source/portable/GCC/ARM_CM4F/portmacro.h ****  * 1 tab == 4 spaces!
  26:Middlewares/Third_Party/FreeRTOS/Source/portable/GCC/ARM_CM4F/portmacro.h ****  */
  27:Middlewares/Third_Party/FreeRTOS/Source/portable/GCC/ARM_CM4F/portmacro.h **** 
  28:Middlewares/Third_Party/FreeRTOS/Source/portable/GCC/ARM_CM4F/portmacro.h **** 
  29:Middlewares/Third_Party/FreeRTOS/Source/portable/GCC/ARM_CM4F/portmacro.h **** #ifndef PORTMACRO_H
  30:Middlewares/Third_Party/FreeRTOS/Source/portable/GCC/ARM_CM4F/portmacro.h **** #define PORTMACRO_H
  31:Middlewares/Third_Party/FreeRTOS/Source/portable/GCC/ARM_CM4F/portmacro.h **** 
  32:Middlewares/Third_Party/FreeRTOS/Source/portable/GCC/ARM_CM4F/portmacro.h **** #ifdef __cplusplus
  33:Middlewares/Third_Party/FreeRTOS/Source/portable/GCC/ARM_CM4F/portmacro.h **** extern "C" {
  34:Middlewares/Third_Party/FreeRTOS/Source/portable/GCC/ARM_CM4F/portmacro.h **** #endif
  35:Middlewares/Third_Party/FreeRTOS/Source/portable/GCC/ARM_CM4F/portmacro.h **** 
  36:Middlewares/Third_Party/FreeRTOS/Source/portable/GCC/ARM_CM4F/portmacro.h **** /*-----------------------------------------------------------
  37:Middlewares/Third_Party/FreeRTOS/Source/portable/GCC/ARM_CM4F/portmacro.h ****  * Port specific definitions.
  38:Middlewares/Third_Party/FreeRTOS/Source/portable/GCC/ARM_CM4F/portmacro.h ****  *
  39:Middlewares/Third_Party/FreeRTOS/Source/portable/GCC/ARM_CM4F/portmacro.h ****  * The settings in this file configure FreeRTOS correctly for the
  40:Middlewares/Third_Party/FreeRTOS/Source/portable/GCC/ARM_CM4F/portmacro.h ****  * given hardware and compiler.
  41:Middlewares/Third_Party/FreeRTOS/Source/portable/GCC/ARM_CM4F/portmacro.h ****  *
  42:Middlewares/Third_Party/FreeRTOS/Source/portable/GCC/ARM_CM4F/portmacro.h ****  * These settings should not be altered.
  43:Middlewares/Third_Party/FreeRTOS/Source/portable/GCC/ARM_CM4F/portmacro.h ****  *-----------------------------------------------------------
ARM GAS  /tmp/ccCB62sD.s 			page 9


  44:Middlewares/Third_Party/FreeRTOS/Source/portable/GCC/ARM_CM4F/portmacro.h ****  */
  45:Middlewares/Third_Party/FreeRTOS/Source/portable/GCC/ARM_CM4F/portmacro.h **** 
  46:Middlewares/Third_Party/FreeRTOS/Source/portable/GCC/ARM_CM4F/portmacro.h **** /* Type definitions. */
  47:Middlewares/Third_Party/FreeRTOS/Source/portable/GCC/ARM_CM4F/portmacro.h **** #define portCHAR		char
  48:Middlewares/Third_Party/FreeRTOS/Source/portable/GCC/ARM_CM4F/portmacro.h **** #define portFLOAT		float
  49:Middlewares/Third_Party/FreeRTOS/Source/portable/GCC/ARM_CM4F/portmacro.h **** #define portDOUBLE		double
  50:Middlewares/Third_Party/FreeRTOS/Source/portable/GCC/ARM_CM4F/portmacro.h **** #define portLONG		long
  51:Middlewares/Third_Party/FreeRTOS/Source/portable/GCC/ARM_CM4F/portmacro.h **** #define portSHORT		short
  52:Middlewares/Third_Party/FreeRTOS/Source/portable/GCC/ARM_CM4F/portmacro.h **** #define portSTACK_TYPE	uint32_t
  53:Middlewares/Third_Party/FreeRTOS/Source/portable/GCC/ARM_CM4F/portmacro.h **** #define portBASE_TYPE	long
  54:Middlewares/Third_Party/FreeRTOS/Source/portable/GCC/ARM_CM4F/portmacro.h **** 
  55:Middlewares/Third_Party/FreeRTOS/Source/portable/GCC/ARM_CM4F/portmacro.h **** typedef portSTACK_TYPE StackType_t;
  56:Middlewares/Third_Party/FreeRTOS/Source/portable/GCC/ARM_CM4F/portmacro.h **** typedef long BaseType_t;
  57:Middlewares/Third_Party/FreeRTOS/Source/portable/GCC/ARM_CM4F/portmacro.h **** typedef unsigned long UBaseType_t;
  58:Middlewares/Third_Party/FreeRTOS/Source/portable/GCC/ARM_CM4F/portmacro.h **** 
  59:Middlewares/Third_Party/FreeRTOS/Source/portable/GCC/ARM_CM4F/portmacro.h **** #if( configUSE_16_BIT_TICKS == 1 )
  60:Middlewares/Third_Party/FreeRTOS/Source/portable/GCC/ARM_CM4F/portmacro.h **** 	typedef uint16_t TickType_t;
  61:Middlewares/Third_Party/FreeRTOS/Source/portable/GCC/ARM_CM4F/portmacro.h **** 	#define portMAX_DELAY ( TickType_t ) 0xffff
  62:Middlewares/Third_Party/FreeRTOS/Source/portable/GCC/ARM_CM4F/portmacro.h **** #else
  63:Middlewares/Third_Party/FreeRTOS/Source/portable/GCC/ARM_CM4F/portmacro.h **** 	typedef uint32_t TickType_t;
  64:Middlewares/Third_Party/FreeRTOS/Source/portable/GCC/ARM_CM4F/portmacro.h **** 	#define portMAX_DELAY ( TickType_t ) 0xffffffffUL
  65:Middlewares/Third_Party/FreeRTOS/Source/portable/GCC/ARM_CM4F/portmacro.h **** 
  66:Middlewares/Third_Party/FreeRTOS/Source/portable/GCC/ARM_CM4F/portmacro.h **** 	/* 32-bit tick type on a 32-bit architecture, so reads of the tick count do
  67:Middlewares/Third_Party/FreeRTOS/Source/portable/GCC/ARM_CM4F/portmacro.h **** 	not need to be guarded with a critical section. */
  68:Middlewares/Third_Party/FreeRTOS/Source/portable/GCC/ARM_CM4F/portmacro.h **** 	#define portTICK_TYPE_IS_ATOMIC 1
  69:Middlewares/Third_Party/FreeRTOS/Source/portable/GCC/ARM_CM4F/portmacro.h **** #endif
  70:Middlewares/Third_Party/FreeRTOS/Source/portable/GCC/ARM_CM4F/portmacro.h **** /*-----------------------------------------------------------*/
  71:Middlewares/Third_Party/FreeRTOS/Source/portable/GCC/ARM_CM4F/portmacro.h **** 
  72:Middlewares/Third_Party/FreeRTOS/Source/portable/GCC/ARM_CM4F/portmacro.h **** /* Architecture specifics. */
  73:Middlewares/Third_Party/FreeRTOS/Source/portable/GCC/ARM_CM4F/portmacro.h **** #define portSTACK_GROWTH			( -1 )
  74:Middlewares/Third_Party/FreeRTOS/Source/portable/GCC/ARM_CM4F/portmacro.h **** #define portTICK_PERIOD_MS			( ( TickType_t ) 1000 / configTICK_RATE_HZ )
  75:Middlewares/Third_Party/FreeRTOS/Source/portable/GCC/ARM_CM4F/portmacro.h **** #define portBYTE_ALIGNMENT			8
  76:Middlewares/Third_Party/FreeRTOS/Source/portable/GCC/ARM_CM4F/portmacro.h **** /*-----------------------------------------------------------*/
  77:Middlewares/Third_Party/FreeRTOS/Source/portable/GCC/ARM_CM4F/portmacro.h **** 
  78:Middlewares/Third_Party/FreeRTOS/Source/portable/GCC/ARM_CM4F/portmacro.h **** /* Scheduler utilities. */
  79:Middlewares/Third_Party/FreeRTOS/Source/portable/GCC/ARM_CM4F/portmacro.h **** #define portYIELD() 															\
  80:Middlewares/Third_Party/FreeRTOS/Source/portable/GCC/ARM_CM4F/portmacro.h **** {																				\
  81:Middlewares/Third_Party/FreeRTOS/Source/portable/GCC/ARM_CM4F/portmacro.h **** 	/* Set a PendSV to request a context switch. */								\
  82:Middlewares/Third_Party/FreeRTOS/Source/portable/GCC/ARM_CM4F/portmacro.h **** 	portNVIC_INT_CTRL_REG = portNVIC_PENDSVSET_BIT;								\
  83:Middlewares/Third_Party/FreeRTOS/Source/portable/GCC/ARM_CM4F/portmacro.h **** 																				\
  84:Middlewares/Third_Party/FreeRTOS/Source/portable/GCC/ARM_CM4F/portmacro.h **** 	/* Barriers are normally not required but do ensure the code is completely	\
  85:Middlewares/Third_Party/FreeRTOS/Source/portable/GCC/ARM_CM4F/portmacro.h **** 	within the specified behaviour for the architecture. */						\
  86:Middlewares/Third_Party/FreeRTOS/Source/portable/GCC/ARM_CM4F/portmacro.h **** 	__asm volatile( "dsb" ::: "memory" );										\
  87:Middlewares/Third_Party/FreeRTOS/Source/portable/GCC/ARM_CM4F/portmacro.h **** 	__asm volatile( "isb" );													\
  88:Middlewares/Third_Party/FreeRTOS/Source/portable/GCC/ARM_CM4F/portmacro.h **** }
  89:Middlewares/Third_Party/FreeRTOS/Source/portable/GCC/ARM_CM4F/portmacro.h **** 
  90:Middlewares/Third_Party/FreeRTOS/Source/portable/GCC/ARM_CM4F/portmacro.h **** #define portNVIC_INT_CTRL_REG		( * ( ( volatile uint32_t * ) 0xe000ed04 ) )
  91:Middlewares/Third_Party/FreeRTOS/Source/portable/GCC/ARM_CM4F/portmacro.h **** #define portNVIC_PENDSVSET_BIT		( 1UL << 28UL )
  92:Middlewares/Third_Party/FreeRTOS/Source/portable/GCC/ARM_CM4F/portmacro.h **** #define portEND_SWITCHING_ISR( xSwitchRequired ) if( xSwitchRequired != pdFALSE ) portYIELD()
  93:Middlewares/Third_Party/FreeRTOS/Source/portable/GCC/ARM_CM4F/portmacro.h **** #define portYIELD_FROM_ISR( x ) portEND_SWITCHING_ISR( x )
  94:Middlewares/Third_Party/FreeRTOS/Source/portable/GCC/ARM_CM4F/portmacro.h **** /*-----------------------------------------------------------*/
  95:Middlewares/Third_Party/FreeRTOS/Source/portable/GCC/ARM_CM4F/portmacro.h **** 
  96:Middlewares/Third_Party/FreeRTOS/Source/portable/GCC/ARM_CM4F/portmacro.h **** /* Critical section management. */
  97:Middlewares/Third_Party/FreeRTOS/Source/portable/GCC/ARM_CM4F/portmacro.h **** extern void vPortEnterCritical( void );
  98:Middlewares/Third_Party/FreeRTOS/Source/portable/GCC/ARM_CM4F/portmacro.h **** extern void vPortExitCritical( void );
  99:Middlewares/Third_Party/FreeRTOS/Source/portable/GCC/ARM_CM4F/portmacro.h **** #define portSET_INTERRUPT_MASK_FROM_ISR()		ulPortRaiseBASEPRI()
 100:Middlewares/Third_Party/FreeRTOS/Source/portable/GCC/ARM_CM4F/portmacro.h **** #define portCLEAR_INTERRUPT_MASK_FROM_ISR(x)	vPortSetBASEPRI(x)
ARM GAS  /tmp/ccCB62sD.s 			page 10


 101:Middlewares/Third_Party/FreeRTOS/Source/portable/GCC/ARM_CM4F/portmacro.h **** #define portDISABLE_INTERRUPTS()				vPortRaiseBASEPRI()
 102:Middlewares/Third_Party/FreeRTOS/Source/portable/GCC/ARM_CM4F/portmacro.h **** #define portENABLE_INTERRUPTS()					vPortSetBASEPRI(0)
 103:Middlewares/Third_Party/FreeRTOS/Source/portable/GCC/ARM_CM4F/portmacro.h **** #define portENTER_CRITICAL()					vPortEnterCritical()
 104:Middlewares/Third_Party/FreeRTOS/Source/portable/GCC/ARM_CM4F/portmacro.h **** #define portEXIT_CRITICAL()						vPortExitCritical()
 105:Middlewares/Third_Party/FreeRTOS/Source/portable/GCC/ARM_CM4F/portmacro.h **** 
 106:Middlewares/Third_Party/FreeRTOS/Source/portable/GCC/ARM_CM4F/portmacro.h **** /*-----------------------------------------------------------*/
 107:Middlewares/Third_Party/FreeRTOS/Source/portable/GCC/ARM_CM4F/portmacro.h **** 
 108:Middlewares/Third_Party/FreeRTOS/Source/portable/GCC/ARM_CM4F/portmacro.h **** /* Task function macros as described on the FreeRTOS.org WEB site.  These are
 109:Middlewares/Third_Party/FreeRTOS/Source/portable/GCC/ARM_CM4F/portmacro.h **** not necessary for to use this port.  They are defined so the common demo files
 110:Middlewares/Third_Party/FreeRTOS/Source/portable/GCC/ARM_CM4F/portmacro.h **** (which build with all the ports) will build. */
 111:Middlewares/Third_Party/FreeRTOS/Source/portable/GCC/ARM_CM4F/portmacro.h **** #define portTASK_FUNCTION_PROTO( vFunction, pvParameters ) void vFunction( void *pvParameters )
 112:Middlewares/Third_Party/FreeRTOS/Source/portable/GCC/ARM_CM4F/portmacro.h **** #define portTASK_FUNCTION( vFunction, pvParameters ) void vFunction( void *pvParameters )
 113:Middlewares/Third_Party/FreeRTOS/Source/portable/GCC/ARM_CM4F/portmacro.h **** /*-----------------------------------------------------------*/
 114:Middlewares/Third_Party/FreeRTOS/Source/portable/GCC/ARM_CM4F/portmacro.h **** 
 115:Middlewares/Third_Party/FreeRTOS/Source/portable/GCC/ARM_CM4F/portmacro.h **** /* Tickless idle/low power functionality. */
 116:Middlewares/Third_Party/FreeRTOS/Source/portable/GCC/ARM_CM4F/portmacro.h **** #ifndef portSUPPRESS_TICKS_AND_SLEEP
 117:Middlewares/Third_Party/FreeRTOS/Source/portable/GCC/ARM_CM4F/portmacro.h **** 	extern void vPortSuppressTicksAndSleep( TickType_t xExpectedIdleTime );
 118:Middlewares/Third_Party/FreeRTOS/Source/portable/GCC/ARM_CM4F/portmacro.h **** 	#define portSUPPRESS_TICKS_AND_SLEEP( xExpectedIdleTime ) vPortSuppressTicksAndSleep( xExpectedIdl
 119:Middlewares/Third_Party/FreeRTOS/Source/portable/GCC/ARM_CM4F/portmacro.h **** #endif
 120:Middlewares/Third_Party/FreeRTOS/Source/portable/GCC/ARM_CM4F/portmacro.h **** /*-----------------------------------------------------------*/
 121:Middlewares/Third_Party/FreeRTOS/Source/portable/GCC/ARM_CM4F/portmacro.h **** 
 122:Middlewares/Third_Party/FreeRTOS/Source/portable/GCC/ARM_CM4F/portmacro.h **** /* Architecture specific optimisations. */
 123:Middlewares/Third_Party/FreeRTOS/Source/portable/GCC/ARM_CM4F/portmacro.h **** #ifndef configUSE_PORT_OPTIMISED_TASK_SELECTION
 124:Middlewares/Third_Party/FreeRTOS/Source/portable/GCC/ARM_CM4F/portmacro.h **** 	#define configUSE_PORT_OPTIMISED_TASK_SELECTION 1
 125:Middlewares/Third_Party/FreeRTOS/Source/portable/GCC/ARM_CM4F/portmacro.h **** #endif
 126:Middlewares/Third_Party/FreeRTOS/Source/portable/GCC/ARM_CM4F/portmacro.h **** 
 127:Middlewares/Third_Party/FreeRTOS/Source/portable/GCC/ARM_CM4F/portmacro.h **** #if configUSE_PORT_OPTIMISED_TASK_SELECTION == 1
 128:Middlewares/Third_Party/FreeRTOS/Source/portable/GCC/ARM_CM4F/portmacro.h **** 
 129:Middlewares/Third_Party/FreeRTOS/Source/portable/GCC/ARM_CM4F/portmacro.h **** 	/* Generic helper function. */
 130:Middlewares/Third_Party/FreeRTOS/Source/portable/GCC/ARM_CM4F/portmacro.h **** 	__attribute__( ( always_inline ) ) static inline uint8_t ucPortCountLeadingZeros( uint32_t ulBitma
 131:Middlewares/Third_Party/FreeRTOS/Source/portable/GCC/ARM_CM4F/portmacro.h **** 	{
 132:Middlewares/Third_Party/FreeRTOS/Source/portable/GCC/ARM_CM4F/portmacro.h **** 	uint8_t ucReturn;
 133:Middlewares/Third_Party/FreeRTOS/Source/portable/GCC/ARM_CM4F/portmacro.h **** 
 134:Middlewares/Third_Party/FreeRTOS/Source/portable/GCC/ARM_CM4F/portmacro.h **** 		__asm volatile ( "clz %0, %1" : "=r" ( ucReturn ) : "r" ( ulBitmap ) : "memory" );
 135:Middlewares/Third_Party/FreeRTOS/Source/portable/GCC/ARM_CM4F/portmacro.h **** 		return ucReturn;
 136:Middlewares/Third_Party/FreeRTOS/Source/portable/GCC/ARM_CM4F/portmacro.h **** 	}
 137:Middlewares/Third_Party/FreeRTOS/Source/portable/GCC/ARM_CM4F/portmacro.h **** 
 138:Middlewares/Third_Party/FreeRTOS/Source/portable/GCC/ARM_CM4F/portmacro.h **** 	/* Check the configuration. */
 139:Middlewares/Third_Party/FreeRTOS/Source/portable/GCC/ARM_CM4F/portmacro.h **** 	#if( configMAX_PRIORITIES > 32 )
 140:Middlewares/Third_Party/FreeRTOS/Source/portable/GCC/ARM_CM4F/portmacro.h **** 		#error configUSE_PORT_OPTIMISED_TASK_SELECTION can only be set to 1 when configMAX_PRIORITIES is 
 141:Middlewares/Third_Party/FreeRTOS/Source/portable/GCC/ARM_CM4F/portmacro.h **** 	#endif
 142:Middlewares/Third_Party/FreeRTOS/Source/portable/GCC/ARM_CM4F/portmacro.h **** 
 143:Middlewares/Third_Party/FreeRTOS/Source/portable/GCC/ARM_CM4F/portmacro.h **** 	/* Store/clear the ready priorities in a bit map. */
 144:Middlewares/Third_Party/FreeRTOS/Source/portable/GCC/ARM_CM4F/portmacro.h **** 	#define portRECORD_READY_PRIORITY( uxPriority, uxReadyPriorities ) ( uxReadyPriorities ) |= ( 1UL 
 145:Middlewares/Third_Party/FreeRTOS/Source/portable/GCC/ARM_CM4F/portmacro.h **** 	#define portRESET_READY_PRIORITY( uxPriority, uxReadyPriorities ) ( uxReadyPriorities ) &= ~( 1UL 
 146:Middlewares/Third_Party/FreeRTOS/Source/portable/GCC/ARM_CM4F/portmacro.h **** 
 147:Middlewares/Third_Party/FreeRTOS/Source/portable/GCC/ARM_CM4F/portmacro.h **** 	/*-----------------------------------------------------------*/
 148:Middlewares/Third_Party/FreeRTOS/Source/portable/GCC/ARM_CM4F/portmacro.h **** 
 149:Middlewares/Third_Party/FreeRTOS/Source/portable/GCC/ARM_CM4F/portmacro.h **** 	#define portGET_HIGHEST_PRIORITY( uxTopPriority, uxReadyPriorities ) uxTopPriority = ( 31UL - ( ui
 150:Middlewares/Third_Party/FreeRTOS/Source/portable/GCC/ARM_CM4F/portmacro.h **** 
 151:Middlewares/Third_Party/FreeRTOS/Source/portable/GCC/ARM_CM4F/portmacro.h **** #endif /* configUSE_PORT_OPTIMISED_TASK_SELECTION */
 152:Middlewares/Third_Party/FreeRTOS/Source/portable/GCC/ARM_CM4F/portmacro.h **** 
 153:Middlewares/Third_Party/FreeRTOS/Source/portable/GCC/ARM_CM4F/portmacro.h **** /*-----------------------------------------------------------*/
 154:Middlewares/Third_Party/FreeRTOS/Source/portable/GCC/ARM_CM4F/portmacro.h **** 
 155:Middlewares/Third_Party/FreeRTOS/Source/portable/GCC/ARM_CM4F/portmacro.h **** #ifdef configASSERT
 156:Middlewares/Third_Party/FreeRTOS/Source/portable/GCC/ARM_CM4F/portmacro.h **** 	void vPortValidateInterruptPriority( void );
 157:Middlewares/Third_Party/FreeRTOS/Source/portable/GCC/ARM_CM4F/portmacro.h **** 	#define portASSERT_IF_INTERRUPT_PRIORITY_INVALID() 	vPortValidateInterruptPriority()
ARM GAS  /tmp/ccCB62sD.s 			page 11


 158:Middlewares/Third_Party/FreeRTOS/Source/portable/GCC/ARM_CM4F/portmacro.h **** #endif
 159:Middlewares/Third_Party/FreeRTOS/Source/portable/GCC/ARM_CM4F/portmacro.h **** 
 160:Middlewares/Third_Party/FreeRTOS/Source/portable/GCC/ARM_CM4F/portmacro.h **** /* portNOP() is not required by this port. */
 161:Middlewares/Third_Party/FreeRTOS/Source/portable/GCC/ARM_CM4F/portmacro.h **** #define portNOP()
 162:Middlewares/Third_Party/FreeRTOS/Source/portable/GCC/ARM_CM4F/portmacro.h **** 
 163:Middlewares/Third_Party/FreeRTOS/Source/portable/GCC/ARM_CM4F/portmacro.h **** #define portINLINE	__inline
 164:Middlewares/Third_Party/FreeRTOS/Source/portable/GCC/ARM_CM4F/portmacro.h **** 
 165:Middlewares/Third_Party/FreeRTOS/Source/portable/GCC/ARM_CM4F/portmacro.h **** #ifndef portFORCE_INLINE
 166:Middlewares/Third_Party/FreeRTOS/Source/portable/GCC/ARM_CM4F/portmacro.h **** 	#define portFORCE_INLINE inline __attribute__(( always_inline))
 167:Middlewares/Third_Party/FreeRTOS/Source/portable/GCC/ARM_CM4F/portmacro.h **** #endif
 168:Middlewares/Third_Party/FreeRTOS/Source/portable/GCC/ARM_CM4F/portmacro.h **** 
 169:Middlewares/Third_Party/FreeRTOS/Source/portable/GCC/ARM_CM4F/portmacro.h **** portFORCE_INLINE static BaseType_t xPortIsInsideInterrupt( void )
 170:Middlewares/Third_Party/FreeRTOS/Source/portable/GCC/ARM_CM4F/portmacro.h **** {
 171:Middlewares/Third_Party/FreeRTOS/Source/portable/GCC/ARM_CM4F/portmacro.h **** uint32_t ulCurrentInterrupt;
 172:Middlewares/Third_Party/FreeRTOS/Source/portable/GCC/ARM_CM4F/portmacro.h **** BaseType_t xReturn;
 173:Middlewares/Third_Party/FreeRTOS/Source/portable/GCC/ARM_CM4F/portmacro.h **** 
 174:Middlewares/Third_Party/FreeRTOS/Source/portable/GCC/ARM_CM4F/portmacro.h **** 	/* Obtain the number of the currently executing interrupt. */
 175:Middlewares/Third_Party/FreeRTOS/Source/portable/GCC/ARM_CM4F/portmacro.h **** 	__asm volatile( "mrs %0, ipsr" : "=r"( ulCurrentInterrupt ) :: "memory" );
 176:Middlewares/Third_Party/FreeRTOS/Source/portable/GCC/ARM_CM4F/portmacro.h **** 
 177:Middlewares/Third_Party/FreeRTOS/Source/portable/GCC/ARM_CM4F/portmacro.h **** 	if( ulCurrentInterrupt == 0 )
 178:Middlewares/Third_Party/FreeRTOS/Source/portable/GCC/ARM_CM4F/portmacro.h **** 	{
 179:Middlewares/Third_Party/FreeRTOS/Source/portable/GCC/ARM_CM4F/portmacro.h **** 		xReturn = pdFALSE;
 180:Middlewares/Third_Party/FreeRTOS/Source/portable/GCC/ARM_CM4F/portmacro.h **** 	}
 181:Middlewares/Third_Party/FreeRTOS/Source/portable/GCC/ARM_CM4F/portmacro.h **** 	else
 182:Middlewares/Third_Party/FreeRTOS/Source/portable/GCC/ARM_CM4F/portmacro.h **** 	{
 183:Middlewares/Third_Party/FreeRTOS/Source/portable/GCC/ARM_CM4F/portmacro.h **** 		xReturn = pdTRUE;
 184:Middlewares/Third_Party/FreeRTOS/Source/portable/GCC/ARM_CM4F/portmacro.h **** 	}
 185:Middlewares/Third_Party/FreeRTOS/Source/portable/GCC/ARM_CM4F/portmacro.h **** 
 186:Middlewares/Third_Party/FreeRTOS/Source/portable/GCC/ARM_CM4F/portmacro.h **** 	return xReturn;
 187:Middlewares/Third_Party/FreeRTOS/Source/portable/GCC/ARM_CM4F/portmacro.h **** }
 188:Middlewares/Third_Party/FreeRTOS/Source/portable/GCC/ARM_CM4F/portmacro.h **** 
 189:Middlewares/Third_Party/FreeRTOS/Source/portable/GCC/ARM_CM4F/portmacro.h **** /*-----------------------------------------------------------*/
 190:Middlewares/Third_Party/FreeRTOS/Source/portable/GCC/ARM_CM4F/portmacro.h **** 
 191:Middlewares/Third_Party/FreeRTOS/Source/portable/GCC/ARM_CM4F/portmacro.h **** portFORCE_INLINE static void vPortRaiseBASEPRI( void )
 192:Middlewares/Third_Party/FreeRTOS/Source/portable/GCC/ARM_CM4F/portmacro.h **** {
 193:Middlewares/Third_Party/FreeRTOS/Source/portable/GCC/ARM_CM4F/portmacro.h **** uint32_t ulNewBASEPRI;
 194:Middlewares/Third_Party/FreeRTOS/Source/portable/GCC/ARM_CM4F/portmacro.h **** 
 195:Middlewares/Third_Party/FreeRTOS/Source/portable/GCC/ARM_CM4F/portmacro.h **** 	__asm volatile
 143              		.loc 2 195 2
 144              		.syntax unified
 145              	@ 195 "Middlewares/Third_Party/FreeRTOS/Source/portable/GCC/ARM_CM4F/portmacro.h" 1
 146 0060 4FF05003 			mov r3, #80												
 147 0064 83F31188 		msr basepri, r3											
 148 0068 BFF36F8F 		isb														
 149 006c BFF34F8F 		dsb														
 150              	
 151              	@ 0 "" 2
 152              		.thumb
 153              		.syntax unified
 154 0070 3B61     		str	r3, [r7, #16]
 196:Middlewares/Third_Party/FreeRTOS/Source/portable/GCC/ARM_CM4F/portmacro.h **** 	(
 197:Middlewares/Third_Party/FreeRTOS/Source/portable/GCC/ARM_CM4F/portmacro.h **** 		"	mov %0, %1												\n"	\
 198:Middlewares/Third_Party/FreeRTOS/Source/portable/GCC/ARM_CM4F/portmacro.h **** 		"	msr basepri, %0											\n" \
 199:Middlewares/Third_Party/FreeRTOS/Source/portable/GCC/ARM_CM4F/portmacro.h **** 		"	isb														\n" \
 200:Middlewares/Third_Party/FreeRTOS/Source/portable/GCC/ARM_CM4F/portmacro.h **** 		"	dsb														\n" \
 201:Middlewares/Third_Party/FreeRTOS/Source/portable/GCC/ARM_CM4F/portmacro.h **** 		:"=r" (ulNewBASEPRI) : "i" ( configMAX_SYSCALL_INTERRUPT_PRIORITY ) : "memory"
 202:Middlewares/Third_Party/FreeRTOS/Source/portable/GCC/ARM_CM4F/portmacro.h **** 	);
ARM GAS  /tmp/ccCB62sD.s 			page 12


 203:Middlewares/Third_Party/FreeRTOS/Source/portable/GCC/ARM_CM4F/portmacro.h **** }
 155              		.loc 2 203 1
 156 0072 00BF     		nop
 157              	.L5:
 158              	.LBE47:
 159              	.LBE46:
 160              		.loc 1 275 2
 161 0074 00BF     		nop
 162 0076 FDE7     		b	.L5
 163              	.L4:
 276:Middlewares/Third_Party/FreeRTOS/Source/timers.c **** 	return xReturn;
 164              		.loc 1 276 9
 165 0078 7B69     		ldr	r3, [r7, #20]
 277:Middlewares/Third_Party/FreeRTOS/Source/timers.c **** }
 166              		.loc 1 277 1
 167 007a 1846     		mov	r0, r3
 168 007c 1837     		adds	r7, r7, #24
 169              	.LCFI3:
 170              		.cfi_def_cfa_offset 8
 171 007e BD46     		mov	sp, r7
 172              	.LCFI4:
 173              		.cfi_def_cfa_register 13
 174              		@ sp needed
 175 0080 80BD     		pop	{r7, pc}
 176              	.L8:
 177 0082 00BF     		.align	2
 178              	.L7:
 179 0084 00000000 		.word	xTimerQueue
 180 0088 00000000 		.word	.LC0
 181 008c 00000000 		.word	prvTimerTask
 182 0090 00000000 		.word	xTimerTaskHandle
 183              		.cfi_endproc
 184              	.LFE4:
 186              		.section	.text.xTimerCreate,"ax",%progbits
 187              		.align	1
 188              		.global	xTimerCreate
 189              		.syntax unified
 190              		.thumb
 191              		.thumb_func
 193              	xTimerCreate:
 194              	.LFB5:
 278:Middlewares/Third_Party/FreeRTOS/Source/timers.c **** /*-----------------------------------------------------------*/
 279:Middlewares/Third_Party/FreeRTOS/Source/timers.c **** 
 280:Middlewares/Third_Party/FreeRTOS/Source/timers.c **** #if( configSUPPORT_DYNAMIC_ALLOCATION == 1 )
 281:Middlewares/Third_Party/FreeRTOS/Source/timers.c **** 
 282:Middlewares/Third_Party/FreeRTOS/Source/timers.c **** 	TimerHandle_t xTimerCreate(	const char * const pcTimerName,			/*lint !e971 Unqualified char types 
 283:Middlewares/Third_Party/FreeRTOS/Source/timers.c **** 								const TickType_t xTimerPeriodInTicks,
 284:Middlewares/Third_Party/FreeRTOS/Source/timers.c **** 								const UBaseType_t uxAutoReload,
 285:Middlewares/Third_Party/FreeRTOS/Source/timers.c **** 								void * const pvTimerID,
 286:Middlewares/Third_Party/FreeRTOS/Source/timers.c **** 								TimerCallbackFunction_t pxCallbackFunction )
 287:Middlewares/Third_Party/FreeRTOS/Source/timers.c **** 	{
 195              		.loc 1 287 2
 196              		.cfi_startproc
 197              		@ args = 4, pretend = 0, frame = 24
 198              		@ frame_needed = 1, uses_anonymous_args = 0
 199 0000 80B5     		push	{r7, lr}
 200              	.LCFI5:
ARM GAS  /tmp/ccCB62sD.s 			page 13


 201              		.cfi_def_cfa_offset 8
 202              		.cfi_offset 7, -8
 203              		.cfi_offset 14, -4
 204 0002 88B0     		sub	sp, sp, #32
 205              	.LCFI6:
 206              		.cfi_def_cfa_offset 40
 207 0004 02AF     		add	r7, sp, #8
 208              	.LCFI7:
 209              		.cfi_def_cfa 7, 32
 210 0006 F860     		str	r0, [r7, #12]
 211 0008 B960     		str	r1, [r7, #8]
 212 000a 7A60     		str	r2, [r7, #4]
 213 000c 3B60     		str	r3, [r7]
 288:Middlewares/Third_Party/FreeRTOS/Source/timers.c **** 	Timer_t *pxNewTimer;
 289:Middlewares/Third_Party/FreeRTOS/Source/timers.c **** 
 290:Middlewares/Third_Party/FreeRTOS/Source/timers.c **** 		pxNewTimer = ( Timer_t * ) pvPortMalloc( sizeof( Timer_t ) ); /*lint !e9087 !e9079 All values ret
 214              		.loc 1 290 30
 215 000e 2C20     		movs	r0, #44
 216 0010 FFF7FEFF 		bl	pvPortMalloc
 217 0014 7861     		str	r0, [r7, #20]
 291:Middlewares/Third_Party/FreeRTOS/Source/timers.c **** 
 292:Middlewares/Third_Party/FreeRTOS/Source/timers.c **** 		if( pxNewTimer != NULL )
 218              		.loc 1 292 5
 219 0016 7B69     		ldr	r3, [r7, #20]
 220 0018 002B     		cmp	r3, #0
 221 001a 0DD0     		beq	.L10
 293:Middlewares/Third_Party/FreeRTOS/Source/timers.c **** 		{
 294:Middlewares/Third_Party/FreeRTOS/Source/timers.c **** 			/* Status is thus far zero as the timer is not created statically
 295:Middlewares/Third_Party/FreeRTOS/Source/timers.c **** 			and has not been started.  The auto-reload bit may get set in
 296:Middlewares/Third_Party/FreeRTOS/Source/timers.c **** 			prvInitialiseNewTimer. */
 297:Middlewares/Third_Party/FreeRTOS/Source/timers.c **** 			pxNewTimer->ucStatus = 0x00;
 222              		.loc 1 297 25
 223 001c 7B69     		ldr	r3, [r7, #20]
 224 001e 0022     		movs	r2, #0
 225 0020 83F82820 		strb	r2, [r3, #40]
 298:Middlewares/Third_Party/FreeRTOS/Source/timers.c **** 			prvInitialiseNewTimer( pcTimerName, xTimerPeriodInTicks, uxAutoReload, pvTimerID, pxCallbackFunc
 226              		.loc 1 298 4
 227 0024 7B69     		ldr	r3, [r7, #20]
 228 0026 0193     		str	r3, [sp, #4]
 229 0028 3B6A     		ldr	r3, [r7, #32]
 230 002a 0093     		str	r3, [sp]
 231 002c 3B68     		ldr	r3, [r7]
 232 002e 7A68     		ldr	r2, [r7, #4]
 233 0030 B968     		ldr	r1, [r7, #8]
 234 0032 F868     		ldr	r0, [r7, #12]
 235 0034 FFF7FEFF 		bl	prvInitialiseNewTimer
 236              	.L10:
 299:Middlewares/Third_Party/FreeRTOS/Source/timers.c **** 		}
 300:Middlewares/Third_Party/FreeRTOS/Source/timers.c **** 
 301:Middlewares/Third_Party/FreeRTOS/Source/timers.c **** 		return pxNewTimer;
 237              		.loc 1 301 10
 238 0038 7B69     		ldr	r3, [r7, #20]
 302:Middlewares/Third_Party/FreeRTOS/Source/timers.c **** 	}
 239              		.loc 1 302 2
 240 003a 1846     		mov	r0, r3
 241 003c 1837     		adds	r7, r7, #24
 242              	.LCFI8:
ARM GAS  /tmp/ccCB62sD.s 			page 14


 243              		.cfi_def_cfa_offset 8
 244 003e BD46     		mov	sp, r7
 245              	.LCFI9:
 246              		.cfi_def_cfa_register 13
 247              		@ sp needed
 248 0040 80BD     		pop	{r7, pc}
 249              		.cfi_endproc
 250              	.LFE5:
 252              		.section	.text.xTimerCreateStatic,"ax",%progbits
 253              		.align	1
 254              		.global	xTimerCreateStatic
 255              		.syntax unified
 256              		.thumb
 257              		.thumb_func
 259              	xTimerCreateStatic:
 260              	.LFB6:
 303:Middlewares/Third_Party/FreeRTOS/Source/timers.c **** 
 304:Middlewares/Third_Party/FreeRTOS/Source/timers.c **** #endif /* configSUPPORT_DYNAMIC_ALLOCATION */
 305:Middlewares/Third_Party/FreeRTOS/Source/timers.c **** /*-----------------------------------------------------------*/
 306:Middlewares/Third_Party/FreeRTOS/Source/timers.c **** 
 307:Middlewares/Third_Party/FreeRTOS/Source/timers.c **** #if( configSUPPORT_STATIC_ALLOCATION == 1 )
 308:Middlewares/Third_Party/FreeRTOS/Source/timers.c **** 
 309:Middlewares/Third_Party/FreeRTOS/Source/timers.c **** 	TimerHandle_t xTimerCreateStatic(	const char * const pcTimerName,		/*lint !e971 Unqualified char t
 310:Middlewares/Third_Party/FreeRTOS/Source/timers.c **** 										const TickType_t xTimerPeriodInTicks,
 311:Middlewares/Third_Party/FreeRTOS/Source/timers.c **** 										const UBaseType_t uxAutoReload,
 312:Middlewares/Third_Party/FreeRTOS/Source/timers.c **** 										void * const pvTimerID,
 313:Middlewares/Third_Party/FreeRTOS/Source/timers.c **** 										TimerCallbackFunction_t pxCallbackFunction,
 314:Middlewares/Third_Party/FreeRTOS/Source/timers.c **** 										StaticTimer_t *pxTimerBuffer )
 315:Middlewares/Third_Party/FreeRTOS/Source/timers.c **** 	{
 261              		.loc 1 315 2
 262              		.cfi_startproc
 263              		@ args = 8, pretend = 0, frame = 32
 264              		@ frame_needed = 1, uses_anonymous_args = 0
 265 0000 80B5     		push	{r7, lr}
 266              	.LCFI10:
 267              		.cfi_def_cfa_offset 8
 268              		.cfi_offset 7, -8
 269              		.cfi_offset 14, -4
 270 0002 8AB0     		sub	sp, sp, #40
 271              	.LCFI11:
 272              		.cfi_def_cfa_offset 48
 273 0004 02AF     		add	r7, sp, #8
 274              	.LCFI12:
 275              		.cfi_def_cfa 7, 40
 276 0006 F860     		str	r0, [r7, #12]
 277 0008 B960     		str	r1, [r7, #8]
 278 000a 7A60     		str	r2, [r7, #4]
 279 000c 3B60     		str	r3, [r7]
 280              	.LBB48:
 316:Middlewares/Third_Party/FreeRTOS/Source/timers.c **** 	Timer_t *pxNewTimer;
 317:Middlewares/Third_Party/FreeRTOS/Source/timers.c **** 
 318:Middlewares/Third_Party/FreeRTOS/Source/timers.c **** 		#if( configASSERT_DEFINED == 1 )
 319:Middlewares/Third_Party/FreeRTOS/Source/timers.c **** 		{
 320:Middlewares/Third_Party/FreeRTOS/Source/timers.c **** 			/* Sanity check that the size of the structure used to declare a
 321:Middlewares/Third_Party/FreeRTOS/Source/timers.c **** 			variable of type StaticTimer_t equals the size of the real timer
 322:Middlewares/Third_Party/FreeRTOS/Source/timers.c **** 			structure. */
 323:Middlewares/Third_Party/FreeRTOS/Source/timers.c **** 			volatile size_t xSize = sizeof( StaticTimer_t );
ARM GAS  /tmp/ccCB62sD.s 			page 15


 281              		.loc 1 323 20
 282 000e 2C23     		movs	r3, #44
 283 0010 3B61     		str	r3, [r7, #16]
 324:Middlewares/Third_Party/FreeRTOS/Source/timers.c **** 			configASSERT( xSize == sizeof( Timer_t ) );
 284              		.loc 1 324 4
 285 0012 3B69     		ldr	r3, [r7, #16]
 286 0014 2C2B     		cmp	r3, #44
 287 0016 0BD0     		beq	.L13
 288              	.LBB49:
 289              	.LBB50:
 195:Middlewares/Third_Party/FreeRTOS/Source/portable/GCC/ARM_CM4F/portmacro.h **** 	(
 290              		.loc 2 195 2
 291              		.syntax unified
 292              	@ 195 "Middlewares/Third_Party/FreeRTOS/Source/portable/GCC/ARM_CM4F/portmacro.h" 1
 293 0018 4FF05003 			mov r3, #80												
 294 001c 83F31188 		msr basepri, r3											
 295 0020 BFF36F8F 		isb														
 296 0024 BFF34F8F 		dsb														
 297              	
 298              	@ 0 "" 2
 299              		.thumb
 300              		.syntax unified
 301 0028 BB61     		str	r3, [r7, #24]
 302              		.loc 2 203 1
 303 002a 00BF     		nop
 304              	.L14:
 305              	.LBE50:
 306              	.LBE49:
 307              		.loc 1 324 4
 308 002c 00BF     		nop
 309 002e FDE7     		b	.L14
 310              	.L13:
 325:Middlewares/Third_Party/FreeRTOS/Source/timers.c **** 			( void ) xSize; /* Keeps lint quiet when configASSERT() is not defined. */
 311              		.loc 1 325 4
 312 0030 3B69     		ldr	r3, [r7, #16]
 313              	.LBE48:
 326:Middlewares/Third_Party/FreeRTOS/Source/timers.c **** 		}
 327:Middlewares/Third_Party/FreeRTOS/Source/timers.c **** 		#endif /* configASSERT_DEFINED */
 328:Middlewares/Third_Party/FreeRTOS/Source/timers.c **** 
 329:Middlewares/Third_Party/FreeRTOS/Source/timers.c **** 		/* A pointer to a StaticTimer_t structure MUST be provided, use it. */
 330:Middlewares/Third_Party/FreeRTOS/Source/timers.c **** 		configASSERT( pxTimerBuffer );
 314              		.loc 1 330 3
 315 0032 FB6A     		ldr	r3, [r7, #44]
 316 0034 002B     		cmp	r3, #0
 317 0036 0BD1     		bne	.L15
 318              	.LBB51:
 319              	.LBB52:
 195:Middlewares/Third_Party/FreeRTOS/Source/portable/GCC/ARM_CM4F/portmacro.h **** 	(
 320              		.loc 2 195 2
 321              		.syntax unified
 322              	@ 195 "Middlewares/Third_Party/FreeRTOS/Source/portable/GCC/ARM_CM4F/portmacro.h" 1
 323 0038 4FF05003 			mov r3, #80												
 324 003c 83F31188 		msr basepri, r3											
 325 0040 BFF36F8F 		isb														
 326 0044 BFF34F8F 		dsb														
 327              	
 328              	@ 0 "" 2
ARM GAS  /tmp/ccCB62sD.s 			page 16


 329              		.thumb
 330              		.syntax unified
 331 0048 7B61     		str	r3, [r7, #20]
 332              		.loc 2 203 1
 333 004a 00BF     		nop
 334              	.L16:
 335              	.LBE52:
 336              	.LBE51:
 337              		.loc 1 330 3
 338 004c 00BF     		nop
 339 004e FDE7     		b	.L16
 340              	.L15:
 331:Middlewares/Third_Party/FreeRTOS/Source/timers.c **** 		pxNewTimer = ( Timer_t * ) pxTimerBuffer; /*lint !e740 !e9087 StaticTimer_t is a pointer to a Tim
 341              		.loc 1 331 14
 342 0050 FB6A     		ldr	r3, [r7, #44]
 343 0052 FB61     		str	r3, [r7, #28]
 332:Middlewares/Third_Party/FreeRTOS/Source/timers.c **** 
 333:Middlewares/Third_Party/FreeRTOS/Source/timers.c **** 		if( pxNewTimer != NULL )
 344              		.loc 1 333 5
 345 0054 FB69     		ldr	r3, [r7, #28]
 346 0056 002B     		cmp	r3, #0
 347 0058 0DD0     		beq	.L17
 334:Middlewares/Third_Party/FreeRTOS/Source/timers.c **** 		{
 335:Middlewares/Third_Party/FreeRTOS/Source/timers.c **** 			/* Timers can be created statically or dynamically so note this
 336:Middlewares/Third_Party/FreeRTOS/Source/timers.c **** 			timer was created statically in case it is later deleted.  The
 337:Middlewares/Third_Party/FreeRTOS/Source/timers.c **** 			auto-reload bit may get set in prvInitialiseNewTimer(). */
 338:Middlewares/Third_Party/FreeRTOS/Source/timers.c **** 			pxNewTimer->ucStatus = tmrSTATUS_IS_STATICALLY_ALLOCATED;
 348              		.loc 1 338 25
 349 005a FB69     		ldr	r3, [r7, #28]
 350 005c 0222     		movs	r2, #2
 351 005e 83F82820 		strb	r2, [r3, #40]
 339:Middlewares/Third_Party/FreeRTOS/Source/timers.c **** 
 340:Middlewares/Third_Party/FreeRTOS/Source/timers.c **** 			prvInitialiseNewTimer( pcTimerName, xTimerPeriodInTicks, uxAutoReload, pvTimerID, pxCallbackFunc
 352              		.loc 1 340 4
 353 0062 FB69     		ldr	r3, [r7, #28]
 354 0064 0193     		str	r3, [sp, #4]
 355 0066 BB6A     		ldr	r3, [r7, #40]
 356 0068 0093     		str	r3, [sp]
 357 006a 3B68     		ldr	r3, [r7]
 358 006c 7A68     		ldr	r2, [r7, #4]
 359 006e B968     		ldr	r1, [r7, #8]
 360 0070 F868     		ldr	r0, [r7, #12]
 361 0072 FFF7FEFF 		bl	prvInitialiseNewTimer
 362              	.L17:
 341:Middlewares/Third_Party/FreeRTOS/Source/timers.c **** 		}
 342:Middlewares/Third_Party/FreeRTOS/Source/timers.c **** 
 343:Middlewares/Third_Party/FreeRTOS/Source/timers.c **** 		return pxNewTimer;
 363              		.loc 1 343 10
 364 0076 FB69     		ldr	r3, [r7, #28]
 344:Middlewares/Third_Party/FreeRTOS/Source/timers.c **** 	}
 365              		.loc 1 344 2
 366 0078 1846     		mov	r0, r3
 367 007a 2037     		adds	r7, r7, #32
 368              	.LCFI13:
 369              		.cfi_def_cfa_offset 8
 370 007c BD46     		mov	sp, r7
 371              	.LCFI14:
ARM GAS  /tmp/ccCB62sD.s 			page 17


 372              		.cfi_def_cfa_register 13
 373              		@ sp needed
 374 007e 80BD     		pop	{r7, pc}
 375              		.cfi_endproc
 376              	.LFE6:
 378              		.section	.text.prvInitialiseNewTimer,"ax",%progbits
 379              		.align	1
 380              		.syntax unified
 381              		.thumb
 382              		.thumb_func
 384              	prvInitialiseNewTimer:
 385              	.LFB7:
 345:Middlewares/Third_Party/FreeRTOS/Source/timers.c **** 
 346:Middlewares/Third_Party/FreeRTOS/Source/timers.c **** #endif /* configSUPPORT_STATIC_ALLOCATION */
 347:Middlewares/Third_Party/FreeRTOS/Source/timers.c **** /*-----------------------------------------------------------*/
 348:Middlewares/Third_Party/FreeRTOS/Source/timers.c **** 
 349:Middlewares/Third_Party/FreeRTOS/Source/timers.c **** static void prvInitialiseNewTimer(	const char * const pcTimerName,			/*lint !e971 Unqualified char 
 350:Middlewares/Third_Party/FreeRTOS/Source/timers.c **** 									const TickType_t xTimerPeriodInTicks,
 351:Middlewares/Third_Party/FreeRTOS/Source/timers.c **** 									const UBaseType_t uxAutoReload,
 352:Middlewares/Third_Party/FreeRTOS/Source/timers.c **** 									void * const pvTimerID,
 353:Middlewares/Third_Party/FreeRTOS/Source/timers.c **** 									TimerCallbackFunction_t pxCallbackFunction,
 354:Middlewares/Third_Party/FreeRTOS/Source/timers.c **** 									Timer_t *pxNewTimer )
 355:Middlewares/Third_Party/FreeRTOS/Source/timers.c **** {
 386              		.loc 1 355 1
 387              		.cfi_startproc
 388              		@ args = 8, pretend = 0, frame = 24
 389              		@ frame_needed = 1, uses_anonymous_args = 0
 390 0000 80B5     		push	{r7, lr}
 391              	.LCFI15:
 392              		.cfi_def_cfa_offset 8
 393              		.cfi_offset 7, -8
 394              		.cfi_offset 14, -4
 395 0002 86B0     		sub	sp, sp, #24
 396              	.LCFI16:
 397              		.cfi_def_cfa_offset 32
 398 0004 00AF     		add	r7, sp, #0
 399              	.LCFI17:
 400              		.cfi_def_cfa_register 7
 401 0006 F860     		str	r0, [r7, #12]
 402 0008 B960     		str	r1, [r7, #8]
 403 000a 7A60     		str	r2, [r7, #4]
 404 000c 3B60     		str	r3, [r7]
 356:Middlewares/Third_Party/FreeRTOS/Source/timers.c **** 	/* 0 is not a valid value for xTimerPeriodInTicks. */
 357:Middlewares/Third_Party/FreeRTOS/Source/timers.c **** 	configASSERT( ( xTimerPeriodInTicks > 0 ) );
 405              		.loc 1 357 2
 406 000e BB68     		ldr	r3, [r7, #8]
 407 0010 002B     		cmp	r3, #0
 408 0012 0BD1     		bne	.L20
 409              	.LBB53:
 410              	.LBB54:
 195:Middlewares/Third_Party/FreeRTOS/Source/portable/GCC/ARM_CM4F/portmacro.h **** 	(
 411              		.loc 2 195 2
 412              		.syntax unified
 413              	@ 195 "Middlewares/Third_Party/FreeRTOS/Source/portable/GCC/ARM_CM4F/portmacro.h" 1
 414 0014 4FF05003 			mov r3, #80												
 415 0018 83F31188 		msr basepri, r3											
 416 001c BFF36F8F 		isb														
ARM GAS  /tmp/ccCB62sD.s 			page 18


 417 0020 BFF34F8F 		dsb														
 418              	
 419              	@ 0 "" 2
 420              		.thumb
 421              		.syntax unified
 422 0024 7B61     		str	r3, [r7, #20]
 423              		.loc 2 203 1
 424 0026 00BF     		nop
 425              	.L21:
 426              	.LBE54:
 427              	.LBE53:
 428              		.loc 1 357 2
 429 0028 00BF     		nop
 430 002a FDE7     		b	.L21
 431              	.L20:
 358:Middlewares/Third_Party/FreeRTOS/Source/timers.c **** 
 359:Middlewares/Third_Party/FreeRTOS/Source/timers.c **** 	if( pxNewTimer != NULL )
 432              		.loc 1 359 4
 433 002c 7B6A     		ldr	r3, [r7, #36]
 434 002e 002B     		cmp	r3, #0
 435 0030 1ED0     		beq	.L23
 360:Middlewares/Third_Party/FreeRTOS/Source/timers.c **** 	{
 361:Middlewares/Third_Party/FreeRTOS/Source/timers.c **** 		/* Ensure the infrastructure used by the timer service task has been
 362:Middlewares/Third_Party/FreeRTOS/Source/timers.c **** 		created/initialised. */
 363:Middlewares/Third_Party/FreeRTOS/Source/timers.c **** 		prvCheckForValidListAndQueue();
 436              		.loc 1 363 3
 437 0032 FFF7FEFF 		bl	prvCheckForValidListAndQueue
 364:Middlewares/Third_Party/FreeRTOS/Source/timers.c **** 
 365:Middlewares/Third_Party/FreeRTOS/Source/timers.c **** 		/* Initialise the timer structure members using the function
 366:Middlewares/Third_Party/FreeRTOS/Source/timers.c **** 		parameters. */
 367:Middlewares/Third_Party/FreeRTOS/Source/timers.c **** 		pxNewTimer->pcTimerName = pcTimerName;
 438              		.loc 1 367 27
 439 0036 7B6A     		ldr	r3, [r7, #36]
 440 0038 FA68     		ldr	r2, [r7, #12]
 441 003a 1A60     		str	r2, [r3]
 368:Middlewares/Third_Party/FreeRTOS/Source/timers.c **** 		pxNewTimer->xTimerPeriodInTicks = xTimerPeriodInTicks;
 442              		.loc 1 368 35
 443 003c 7B6A     		ldr	r3, [r7, #36]
 444 003e BA68     		ldr	r2, [r7, #8]
 445 0040 9A61     		str	r2, [r3, #24]
 369:Middlewares/Third_Party/FreeRTOS/Source/timers.c **** 		pxNewTimer->pvTimerID = pvTimerID;
 446              		.loc 1 369 25
 447 0042 7B6A     		ldr	r3, [r7, #36]
 448 0044 3A68     		ldr	r2, [r7]
 449 0046 DA61     		str	r2, [r3, #28]
 370:Middlewares/Third_Party/FreeRTOS/Source/timers.c **** 		pxNewTimer->pxCallbackFunction = pxCallbackFunction;
 450              		.loc 1 370 34
 451 0048 7B6A     		ldr	r3, [r7, #36]
 452 004a 3A6A     		ldr	r2, [r7, #32]
 453 004c 1A62     		str	r2, [r3, #32]
 371:Middlewares/Third_Party/FreeRTOS/Source/timers.c **** 		vListInitialiseItem( &( pxNewTimer->xTimerListItem ) );
 454              		.loc 1 371 24
 455 004e 7B6A     		ldr	r3, [r7, #36]
 456 0050 0433     		adds	r3, r3, #4
 457              		.loc 1 371 3
 458 0052 1846     		mov	r0, r3
 459 0054 FFF7FEFF 		bl	vListInitialiseItem
ARM GAS  /tmp/ccCB62sD.s 			page 19


 372:Middlewares/Third_Party/FreeRTOS/Source/timers.c **** 		if( uxAutoReload != pdFALSE )
 460              		.loc 1 372 5
 461 0058 7B68     		ldr	r3, [r7, #4]
 462 005a 002B     		cmp	r3, #0
 463 005c 08D0     		beq	.L23
 373:Middlewares/Third_Party/FreeRTOS/Source/timers.c **** 		{
 374:Middlewares/Third_Party/FreeRTOS/Source/timers.c **** 			pxNewTimer->ucStatus |= tmrSTATUS_IS_AUTORELOAD;
 464              		.loc 1 374 14
 465 005e 7B6A     		ldr	r3, [r7, #36]
 466 0060 93F82830 		ldrb	r3, [r3, #40]	@ zero_extendqisi2
 467              		.loc 1 374 25
 468 0064 43F00403 		orr	r3, r3, #4
 469 0068 DAB2     		uxtb	r2, r3
 470 006a 7B6A     		ldr	r3, [r7, #36]
 471 006c 83F82820 		strb	r2, [r3, #40]
 472              	.L23:
 375:Middlewares/Third_Party/FreeRTOS/Source/timers.c **** 		}
 376:Middlewares/Third_Party/FreeRTOS/Source/timers.c **** 		traceTIMER_CREATE( pxNewTimer );
 377:Middlewares/Third_Party/FreeRTOS/Source/timers.c **** 	}
 378:Middlewares/Third_Party/FreeRTOS/Source/timers.c **** }
 473              		.loc 1 378 1
 474 0070 00BF     		nop
 475 0072 1837     		adds	r7, r7, #24
 476              	.LCFI18:
 477              		.cfi_def_cfa_offset 8
 478 0074 BD46     		mov	sp, r7
 479              	.LCFI19:
 480              		.cfi_def_cfa_register 13
 481              		@ sp needed
 482 0076 80BD     		pop	{r7, pc}
 483              		.cfi_endproc
 484              	.LFE7:
 486              		.section	.text.xTimerGenericCommand,"ax",%progbits
 487              		.align	1
 488              		.global	xTimerGenericCommand
 489              		.syntax unified
 490              		.thumb
 491              		.thumb_func
 493              	xTimerGenericCommand:
 494              	.LFB8:
 379:Middlewares/Third_Party/FreeRTOS/Source/timers.c **** /*-----------------------------------------------------------*/
 380:Middlewares/Third_Party/FreeRTOS/Source/timers.c **** 
 381:Middlewares/Third_Party/FreeRTOS/Source/timers.c **** BaseType_t xTimerGenericCommand( TimerHandle_t xTimer, const BaseType_t xCommandID, const TickType_
 382:Middlewares/Third_Party/FreeRTOS/Source/timers.c **** {
 495              		.loc 1 382 1
 496              		.cfi_startproc
 497              		@ args = 4, pretend = 0, frame = 40
 498              		@ frame_needed = 1, uses_anonymous_args = 0
 499 0000 80B5     		push	{r7, lr}
 500              	.LCFI20:
 501              		.cfi_def_cfa_offset 8
 502              		.cfi_offset 7, -8
 503              		.cfi_offset 14, -4
 504 0002 8AB0     		sub	sp, sp, #40
 505              	.LCFI21:
 506              		.cfi_def_cfa_offset 48
 507 0004 00AF     		add	r7, sp, #0
ARM GAS  /tmp/ccCB62sD.s 			page 20


 508              	.LCFI22:
 509              		.cfi_def_cfa_register 7
 510 0006 F860     		str	r0, [r7, #12]
 511 0008 B960     		str	r1, [r7, #8]
 512 000a 7A60     		str	r2, [r7, #4]
 513 000c 3B60     		str	r3, [r7]
 383:Middlewares/Third_Party/FreeRTOS/Source/timers.c **** BaseType_t xReturn = pdFAIL;
 514              		.loc 1 383 12
 515 000e 0023     		movs	r3, #0
 516 0010 7B62     		str	r3, [r7, #36]
 384:Middlewares/Third_Party/FreeRTOS/Source/timers.c **** DaemonTaskMessage_t xMessage;
 385:Middlewares/Third_Party/FreeRTOS/Source/timers.c **** 
 386:Middlewares/Third_Party/FreeRTOS/Source/timers.c **** 	configASSERT( xTimer );
 517              		.loc 1 386 2
 518 0012 FB68     		ldr	r3, [r7, #12]
 519 0014 002B     		cmp	r3, #0
 520 0016 0BD1     		bne	.L25
 521              	.LBB55:
 522              	.LBB56:
 195:Middlewares/Third_Party/FreeRTOS/Source/portable/GCC/ARM_CM4F/portmacro.h **** 	(
 523              		.loc 2 195 2
 524              		.syntax unified
 525              	@ 195 "Middlewares/Third_Party/FreeRTOS/Source/portable/GCC/ARM_CM4F/portmacro.h" 1
 526 0018 4FF05003 			mov r3, #80												
 527 001c 83F31188 		msr basepri, r3											
 528 0020 BFF36F8F 		isb														
 529 0024 BFF34F8F 		dsb														
 530              	
 531              	@ 0 "" 2
 532              		.thumb
 533              		.syntax unified
 534 0028 3B62     		str	r3, [r7, #32]
 535              		.loc 2 203 1
 536 002a 00BF     		nop
 537              	.L26:
 538              	.LBE56:
 539              	.LBE55:
 540              		.loc 1 386 2
 541 002c 00BF     		nop
 542 002e FDE7     		b	.L26
 543              	.L25:
 387:Middlewares/Third_Party/FreeRTOS/Source/timers.c **** 
 388:Middlewares/Third_Party/FreeRTOS/Source/timers.c **** 	/* Send a message to the timer service task to perform a particular action
 389:Middlewares/Third_Party/FreeRTOS/Source/timers.c **** 	on a particular timer definition. */
 390:Middlewares/Third_Party/FreeRTOS/Source/timers.c **** 	if( xTimerQueue != NULL )
 544              		.loc 1 390 18
 545 0030 194B     		ldr	r3, .L31
 546 0032 1B68     		ldr	r3, [r3]
 547              		.loc 1 390 4
 548 0034 002B     		cmp	r3, #0
 549 0036 2AD0     		beq	.L27
 391:Middlewares/Third_Party/FreeRTOS/Source/timers.c **** 	{
 392:Middlewares/Third_Party/FreeRTOS/Source/timers.c **** 		/* Send a command to the timer service task to start the xTimer timer. */
 393:Middlewares/Third_Party/FreeRTOS/Source/timers.c **** 		xMessage.xMessageID = xCommandID;
 550              		.loc 1 393 23
 551 0038 BB68     		ldr	r3, [r7, #8]
 552 003a 3B61     		str	r3, [r7, #16]
ARM GAS  /tmp/ccCB62sD.s 			page 21


 394:Middlewares/Third_Party/FreeRTOS/Source/timers.c **** 		xMessage.u.xTimerParameters.xMessageValue = xOptionalValue;
 553              		.loc 1 394 45
 554 003c 7B68     		ldr	r3, [r7, #4]
 555 003e 7B61     		str	r3, [r7, #20]
 395:Middlewares/Third_Party/FreeRTOS/Source/timers.c **** 		xMessage.u.xTimerParameters.pxTimer = xTimer;
 556              		.loc 1 395 39
 557 0040 FB68     		ldr	r3, [r7, #12]
 558 0042 BB61     		str	r3, [r7, #24]
 396:Middlewares/Third_Party/FreeRTOS/Source/timers.c **** 
 397:Middlewares/Third_Party/FreeRTOS/Source/timers.c **** 		if( xCommandID < tmrFIRST_FROM_ISR_COMMAND )
 559              		.loc 1 397 5
 560 0044 BB68     		ldr	r3, [r7, #8]
 561 0046 052B     		cmp	r3, #5
 562 0048 18DC     		bgt	.L28
 398:Middlewares/Third_Party/FreeRTOS/Source/timers.c **** 		{
 399:Middlewares/Third_Party/FreeRTOS/Source/timers.c **** 			if( xTaskGetSchedulerState() == taskSCHEDULER_RUNNING )
 563              		.loc 1 399 8
 564 004a FFF7FEFF 		bl	xTaskGetSchedulerState
 565 004e 0346     		mov	r3, r0
 566              		.loc 1 399 6 discriminator 1
 567 0050 022B     		cmp	r3, #2
 568 0052 09D1     		bne	.L29
 400:Middlewares/Third_Party/FreeRTOS/Source/timers.c **** 			{
 401:Middlewares/Third_Party/FreeRTOS/Source/timers.c **** 				xReturn = xQueueSendToBack( xTimerQueue, &xMessage, xTicksToWait );
 569              		.loc 1 401 15
 570 0054 104B     		ldr	r3, .L31
 571 0056 1868     		ldr	r0, [r3]
 572 0058 07F11001 		add	r1, r7, #16
 573 005c 0023     		movs	r3, #0
 574 005e 3A6B     		ldr	r2, [r7, #48]
 575 0060 FFF7FEFF 		bl	xQueueGenericSend
 576 0064 7862     		str	r0, [r7, #36]
 577 0066 12E0     		b	.L27
 578              	.L29:
 402:Middlewares/Third_Party/FreeRTOS/Source/timers.c **** 			}
 403:Middlewares/Third_Party/FreeRTOS/Source/timers.c **** 			else
 404:Middlewares/Third_Party/FreeRTOS/Source/timers.c **** 			{
 405:Middlewares/Third_Party/FreeRTOS/Source/timers.c **** 				xReturn = xQueueSendToBack( xTimerQueue, &xMessage, tmrNO_DELAY );
 579              		.loc 1 405 15
 580 0068 0B4B     		ldr	r3, .L31
 581 006a 1868     		ldr	r0, [r3]
 582 006c 07F11001 		add	r1, r7, #16
 583 0070 0023     		movs	r3, #0
 584 0072 0022     		movs	r2, #0
 585 0074 FFF7FEFF 		bl	xQueueGenericSend
 586 0078 7862     		str	r0, [r7, #36]
 587 007a 08E0     		b	.L27
 588              	.L28:
 406:Middlewares/Third_Party/FreeRTOS/Source/timers.c **** 			}
 407:Middlewares/Third_Party/FreeRTOS/Source/timers.c **** 		}
 408:Middlewares/Third_Party/FreeRTOS/Source/timers.c **** 		else
 409:Middlewares/Third_Party/FreeRTOS/Source/timers.c **** 		{
 410:Middlewares/Third_Party/FreeRTOS/Source/timers.c **** 			xReturn = xQueueSendToBackFromISR( xTimerQueue, &xMessage, pxHigherPriorityTaskWoken );
 589              		.loc 1 410 14
 590 007c 064B     		ldr	r3, .L31
 591 007e 1868     		ldr	r0, [r3]
 592 0080 07F11001 		add	r1, r7, #16
ARM GAS  /tmp/ccCB62sD.s 			page 22


 593 0084 0023     		movs	r3, #0
 594 0086 3A68     		ldr	r2, [r7]
 595 0088 FFF7FEFF 		bl	xQueueGenericSendFromISR
 596 008c 7862     		str	r0, [r7, #36]
 597              	.L27:
 411:Middlewares/Third_Party/FreeRTOS/Source/timers.c **** 		}
 412:Middlewares/Third_Party/FreeRTOS/Source/timers.c **** 
 413:Middlewares/Third_Party/FreeRTOS/Source/timers.c **** 		traceTIMER_COMMAND_SEND( xTimer, xCommandID, xOptionalValue, xReturn );
 414:Middlewares/Third_Party/FreeRTOS/Source/timers.c **** 	}
 415:Middlewares/Third_Party/FreeRTOS/Source/timers.c **** 	else
 416:Middlewares/Third_Party/FreeRTOS/Source/timers.c **** 	{
 417:Middlewares/Third_Party/FreeRTOS/Source/timers.c **** 		mtCOVERAGE_TEST_MARKER();
 418:Middlewares/Third_Party/FreeRTOS/Source/timers.c **** 	}
 419:Middlewares/Third_Party/FreeRTOS/Source/timers.c **** 
 420:Middlewares/Third_Party/FreeRTOS/Source/timers.c **** 	return xReturn;
 598              		.loc 1 420 9
 599 008e 7B6A     		ldr	r3, [r7, #36]
 421:Middlewares/Third_Party/FreeRTOS/Source/timers.c **** }
 600              		.loc 1 421 1
 601 0090 1846     		mov	r0, r3
 602 0092 2837     		adds	r7, r7, #40
 603              	.LCFI23:
 604              		.cfi_def_cfa_offset 8
 605 0094 BD46     		mov	sp, r7
 606              	.LCFI24:
 607              		.cfi_def_cfa_register 13
 608              		@ sp needed
 609 0096 80BD     		pop	{r7, pc}
 610              	.L32:
 611              		.align	2
 612              	.L31:
 613 0098 00000000 		.word	xTimerQueue
 614              		.cfi_endproc
 615              	.LFE8:
 617              		.section	.text.xTimerGetTimerDaemonTaskHandle,"ax",%progbits
 618              		.align	1
 619              		.global	xTimerGetTimerDaemonTaskHandle
 620              		.syntax unified
 621              		.thumb
 622              		.thumb_func
 624              	xTimerGetTimerDaemonTaskHandle:
 625              	.LFB9:
 422:Middlewares/Third_Party/FreeRTOS/Source/timers.c **** /*-----------------------------------------------------------*/
 423:Middlewares/Third_Party/FreeRTOS/Source/timers.c **** 
 424:Middlewares/Third_Party/FreeRTOS/Source/timers.c **** TaskHandle_t xTimerGetTimerDaemonTaskHandle( void )
 425:Middlewares/Third_Party/FreeRTOS/Source/timers.c **** {
 626              		.loc 1 425 1
 627              		.cfi_startproc
 628              		@ args = 0, pretend = 0, frame = 8
 629              		@ frame_needed = 1, uses_anonymous_args = 0
 630              		@ link register save eliminated.
 631 0000 80B4     		push	{r7}
 632              	.LCFI25:
 633              		.cfi_def_cfa_offset 4
 634              		.cfi_offset 7, -4
 635 0002 83B0     		sub	sp, sp, #12
 636              	.LCFI26:
ARM GAS  /tmp/ccCB62sD.s 			page 23


 637              		.cfi_def_cfa_offset 16
 638 0004 00AF     		add	r7, sp, #0
 639              	.LCFI27:
 640              		.cfi_def_cfa_register 7
 426:Middlewares/Third_Party/FreeRTOS/Source/timers.c **** 	/* If xTimerGetTimerDaemonTaskHandle() is called before the scheduler has been
 427:Middlewares/Third_Party/FreeRTOS/Source/timers.c **** 	started, then xTimerTaskHandle will be NULL. */
 428:Middlewares/Third_Party/FreeRTOS/Source/timers.c **** 	configASSERT( ( xTimerTaskHandle != NULL ) );
 641              		.loc 1 428 2
 642 0006 0B4B     		ldr	r3, .L37
 643 0008 1B68     		ldr	r3, [r3]
 644 000a 002B     		cmp	r3, #0
 645 000c 0BD1     		bne	.L34
 646              	.LBB57:
 647              	.LBB58:
 195:Middlewares/Third_Party/FreeRTOS/Source/portable/GCC/ARM_CM4F/portmacro.h **** 	(
 648              		.loc 2 195 2
 649              		.syntax unified
 650              	@ 195 "Middlewares/Third_Party/FreeRTOS/Source/portable/GCC/ARM_CM4F/portmacro.h" 1
 651 000e 4FF05003 			mov r3, #80												
 652 0012 83F31188 		msr basepri, r3											
 653 0016 BFF36F8F 		isb														
 654 001a BFF34F8F 		dsb														
 655              	
 656              	@ 0 "" 2
 657              		.thumb
 658              		.syntax unified
 659 001e 7B60     		str	r3, [r7, #4]
 660              		.loc 2 203 1
 661 0020 00BF     		nop
 662              	.L35:
 663              	.LBE58:
 664              	.LBE57:
 665              		.loc 1 428 2
 666 0022 00BF     		nop
 667 0024 FDE7     		b	.L35
 668              	.L34:
 429:Middlewares/Third_Party/FreeRTOS/Source/timers.c **** 	return xTimerTaskHandle;
 669              		.loc 1 429 9
 670 0026 034B     		ldr	r3, .L37
 671 0028 1B68     		ldr	r3, [r3]
 430:Middlewares/Third_Party/FreeRTOS/Source/timers.c **** }
 672              		.loc 1 430 1
 673 002a 1846     		mov	r0, r3
 674 002c 0C37     		adds	r7, r7, #12
 675              	.LCFI28:
 676              		.cfi_def_cfa_offset 4
 677 002e BD46     		mov	sp, r7
 678              	.LCFI29:
 679              		.cfi_def_cfa_register 13
 680              		@ sp needed
 681 0030 80BC     		pop	{r7}
 682              	.LCFI30:
 683              		.cfi_restore 7
 684              		.cfi_def_cfa_offset 0
 685 0032 7047     		bx	lr
 686              	.L38:
 687              		.align	2
ARM GAS  /tmp/ccCB62sD.s 			page 24


 688              	.L37:
 689 0034 00000000 		.word	xTimerTaskHandle
 690              		.cfi_endproc
 691              	.LFE9:
 693              		.section	.text.xTimerGetPeriod,"ax",%progbits
 694              		.align	1
 695              		.global	xTimerGetPeriod
 696              		.syntax unified
 697              		.thumb
 698              		.thumb_func
 700              	xTimerGetPeriod:
 701              	.LFB10:
 431:Middlewares/Third_Party/FreeRTOS/Source/timers.c **** /*-----------------------------------------------------------*/
 432:Middlewares/Third_Party/FreeRTOS/Source/timers.c **** 
 433:Middlewares/Third_Party/FreeRTOS/Source/timers.c **** TickType_t xTimerGetPeriod( TimerHandle_t xTimer )
 434:Middlewares/Third_Party/FreeRTOS/Source/timers.c **** {
 702              		.loc 1 434 1
 703              		.cfi_startproc
 704              		@ args = 0, pretend = 0, frame = 16
 705              		@ frame_needed = 1, uses_anonymous_args = 0
 706              		@ link register save eliminated.
 707 0000 80B4     		push	{r7}
 708              	.LCFI31:
 709              		.cfi_def_cfa_offset 4
 710              		.cfi_offset 7, -4
 711 0002 85B0     		sub	sp, sp, #20
 712              	.LCFI32:
 713              		.cfi_def_cfa_offset 24
 714 0004 00AF     		add	r7, sp, #0
 715              	.LCFI33:
 716              		.cfi_def_cfa_register 7
 717 0006 7860     		str	r0, [r7, #4]
 435:Middlewares/Third_Party/FreeRTOS/Source/timers.c **** Timer_t *pxTimer = xTimer;
 718              		.loc 1 435 10
 719 0008 7B68     		ldr	r3, [r7, #4]
 720 000a FB60     		str	r3, [r7, #12]
 436:Middlewares/Third_Party/FreeRTOS/Source/timers.c **** 
 437:Middlewares/Third_Party/FreeRTOS/Source/timers.c **** 	configASSERT( xTimer );
 721              		.loc 1 437 2
 722 000c 7B68     		ldr	r3, [r7, #4]
 723 000e 002B     		cmp	r3, #0
 724 0010 0BD1     		bne	.L40
 725              	.LBB59:
 726              	.LBB60:
 195:Middlewares/Third_Party/FreeRTOS/Source/portable/GCC/ARM_CM4F/portmacro.h **** 	(
 727              		.loc 2 195 2
 728              		.syntax unified
 729              	@ 195 "Middlewares/Third_Party/FreeRTOS/Source/portable/GCC/ARM_CM4F/portmacro.h" 1
 730 0012 4FF05003 			mov r3, #80												
 731 0016 83F31188 		msr basepri, r3											
 732 001a BFF36F8F 		isb														
 733 001e BFF34F8F 		dsb														
 734              	
 735              	@ 0 "" 2
 736              		.thumb
 737              		.syntax unified
 738 0022 BB60     		str	r3, [r7, #8]
ARM GAS  /tmp/ccCB62sD.s 			page 25


 739              		.loc 2 203 1
 740 0024 00BF     		nop
 741              	.L41:
 742              	.LBE60:
 743              	.LBE59:
 744              		.loc 1 437 2
 745 0026 00BF     		nop
 746 0028 FDE7     		b	.L41
 747              	.L40:
 438:Middlewares/Third_Party/FreeRTOS/Source/timers.c **** 	return pxTimer->xTimerPeriodInTicks;
 748              		.loc 1 438 16
 749 002a FB68     		ldr	r3, [r7, #12]
 750 002c 9B69     		ldr	r3, [r3, #24]
 439:Middlewares/Third_Party/FreeRTOS/Source/timers.c **** }
 751              		.loc 1 439 1
 752 002e 1846     		mov	r0, r3
 753 0030 1437     		adds	r7, r7, #20
 754              	.LCFI34:
 755              		.cfi_def_cfa_offset 4
 756 0032 BD46     		mov	sp, r7
 757              	.LCFI35:
 758              		.cfi_def_cfa_register 13
 759              		@ sp needed
 760 0034 80BC     		pop	{r7}
 761              	.LCFI36:
 762              		.cfi_restore 7
 763              		.cfi_def_cfa_offset 0
 764 0036 7047     		bx	lr
 765              		.cfi_endproc
 766              	.LFE10:
 768              		.section	.text.vTimerSetReloadMode,"ax",%progbits
 769              		.align	1
 770              		.global	vTimerSetReloadMode
 771              		.syntax unified
 772              		.thumb
 773              		.thumb_func
 775              	vTimerSetReloadMode:
 776              	.LFB11:
 440:Middlewares/Third_Party/FreeRTOS/Source/timers.c **** /*-----------------------------------------------------------*/
 441:Middlewares/Third_Party/FreeRTOS/Source/timers.c **** 
 442:Middlewares/Third_Party/FreeRTOS/Source/timers.c **** void vTimerSetReloadMode( TimerHandle_t xTimer, const UBaseType_t uxAutoReload )
 443:Middlewares/Third_Party/FreeRTOS/Source/timers.c **** {
 777              		.loc 1 443 1
 778              		.cfi_startproc
 779              		@ args = 0, pretend = 0, frame = 16
 780              		@ frame_needed = 1, uses_anonymous_args = 0
 781 0000 80B5     		push	{r7, lr}
 782              	.LCFI37:
 783              		.cfi_def_cfa_offset 8
 784              		.cfi_offset 7, -8
 785              		.cfi_offset 14, -4
 786 0002 84B0     		sub	sp, sp, #16
 787              	.LCFI38:
 788              		.cfi_def_cfa_offset 24
 789 0004 00AF     		add	r7, sp, #0
 790              	.LCFI39:
 791              		.cfi_def_cfa_register 7
ARM GAS  /tmp/ccCB62sD.s 			page 26


 792 0006 7860     		str	r0, [r7, #4]
 793 0008 3960     		str	r1, [r7]
 444:Middlewares/Third_Party/FreeRTOS/Source/timers.c **** Timer_t * pxTimer =  xTimer;
 794              		.loc 1 444 11
 795 000a 7B68     		ldr	r3, [r7, #4]
 796 000c FB60     		str	r3, [r7, #12]
 445:Middlewares/Third_Party/FreeRTOS/Source/timers.c **** 
 446:Middlewares/Third_Party/FreeRTOS/Source/timers.c **** 	configASSERT( xTimer );
 797              		.loc 1 446 2
 798 000e 7B68     		ldr	r3, [r7, #4]
 799 0010 002B     		cmp	r3, #0
 800 0012 0BD1     		bne	.L44
 801              	.LBB61:
 802              	.LBB62:
 195:Middlewares/Third_Party/FreeRTOS/Source/portable/GCC/ARM_CM4F/portmacro.h **** 	(
 803              		.loc 2 195 2
 804              		.syntax unified
 805              	@ 195 "Middlewares/Third_Party/FreeRTOS/Source/portable/GCC/ARM_CM4F/portmacro.h" 1
 806 0014 4FF05003 			mov r3, #80												
 807 0018 83F31188 		msr basepri, r3											
 808 001c BFF36F8F 		isb														
 809 0020 BFF34F8F 		dsb														
 810              	
 811              	@ 0 "" 2
 812              		.thumb
 813              		.syntax unified
 814 0024 BB60     		str	r3, [r7, #8]
 815              		.loc 2 203 1
 816 0026 00BF     		nop
 817              	.L45:
 818              	.LBE62:
 819              	.LBE61:
 820              		.loc 1 446 2
 821 0028 00BF     		nop
 822 002a FDE7     		b	.L45
 823              	.L44:
 447:Middlewares/Third_Party/FreeRTOS/Source/timers.c **** 	taskENTER_CRITICAL();
 824              		.loc 1 447 2
 825 002c FFF7FEFF 		bl	vPortEnterCritical
 448:Middlewares/Third_Party/FreeRTOS/Source/timers.c **** 	{
 449:Middlewares/Third_Party/FreeRTOS/Source/timers.c **** 		if( uxAutoReload != pdFALSE )
 826              		.loc 1 449 5
 827 0030 3B68     		ldr	r3, [r7]
 828 0032 002B     		cmp	r3, #0
 829 0034 09D0     		beq	.L46
 450:Middlewares/Third_Party/FreeRTOS/Source/timers.c **** 		{
 451:Middlewares/Third_Party/FreeRTOS/Source/timers.c **** 			pxTimer->ucStatus |= tmrSTATUS_IS_AUTORELOAD;
 830              		.loc 1 451 11
 831 0036 FB68     		ldr	r3, [r7, #12]
 832 0038 93F82830 		ldrb	r3, [r3, #40]	@ zero_extendqisi2
 833              		.loc 1 451 22
 834 003c 43F00403 		orr	r3, r3, #4
 835 0040 DAB2     		uxtb	r2, r3
 836 0042 FB68     		ldr	r3, [r7, #12]
 837 0044 83F82820 		strb	r2, [r3, #40]
 838 0048 08E0     		b	.L47
 839              	.L46:
ARM GAS  /tmp/ccCB62sD.s 			page 27


 452:Middlewares/Third_Party/FreeRTOS/Source/timers.c **** 		}
 453:Middlewares/Third_Party/FreeRTOS/Source/timers.c **** 		else
 454:Middlewares/Third_Party/FreeRTOS/Source/timers.c **** 		{
 455:Middlewares/Third_Party/FreeRTOS/Source/timers.c **** 			pxTimer->ucStatus &= ~tmrSTATUS_IS_AUTORELOAD;
 840              		.loc 1 455 11
 841 004a FB68     		ldr	r3, [r7, #12]
 842 004c 93F82830 		ldrb	r3, [r3, #40]	@ zero_extendqisi2
 843              		.loc 1 455 22
 844 0050 23F00403 		bic	r3, r3, #4
 845 0054 DAB2     		uxtb	r2, r3
 846 0056 FB68     		ldr	r3, [r7, #12]
 847 0058 83F82820 		strb	r2, [r3, #40]
 848              	.L47:
 456:Middlewares/Third_Party/FreeRTOS/Source/timers.c **** 		}
 457:Middlewares/Third_Party/FreeRTOS/Source/timers.c **** 	}
 458:Middlewares/Third_Party/FreeRTOS/Source/timers.c **** 	taskEXIT_CRITICAL();
 849              		.loc 1 458 2
 850 005c FFF7FEFF 		bl	vPortExitCritical
 459:Middlewares/Third_Party/FreeRTOS/Source/timers.c **** }
 851              		.loc 1 459 1
 852 0060 00BF     		nop
 853 0062 1037     		adds	r7, r7, #16
 854              	.LCFI40:
 855              		.cfi_def_cfa_offset 8
 856 0064 BD46     		mov	sp, r7
 857              	.LCFI41:
 858              		.cfi_def_cfa_register 13
 859              		@ sp needed
 860 0066 80BD     		pop	{r7, pc}
 861              		.cfi_endproc
 862              	.LFE11:
 864              		.section	.text.uxTimerGetReloadMode,"ax",%progbits
 865              		.align	1
 866              		.global	uxTimerGetReloadMode
 867              		.syntax unified
 868              		.thumb
 869              		.thumb_func
 871              	uxTimerGetReloadMode:
 872              	.LFB12:
 460:Middlewares/Third_Party/FreeRTOS/Source/timers.c **** /*-----------------------------------------------------------*/
 461:Middlewares/Third_Party/FreeRTOS/Source/timers.c **** 
 462:Middlewares/Third_Party/FreeRTOS/Source/timers.c **** UBaseType_t uxTimerGetReloadMode( TimerHandle_t xTimer )
 463:Middlewares/Third_Party/FreeRTOS/Source/timers.c **** {
 873              		.loc 1 463 1
 874              		.cfi_startproc
 875              		@ args = 0, pretend = 0, frame = 24
 876              		@ frame_needed = 1, uses_anonymous_args = 0
 877 0000 80B5     		push	{r7, lr}
 878              	.LCFI42:
 879              		.cfi_def_cfa_offset 8
 880              		.cfi_offset 7, -8
 881              		.cfi_offset 14, -4
 882 0002 86B0     		sub	sp, sp, #24
 883              	.LCFI43:
 884              		.cfi_def_cfa_offset 32
 885 0004 00AF     		add	r7, sp, #0
 886              	.LCFI44:
ARM GAS  /tmp/ccCB62sD.s 			page 28


 887              		.cfi_def_cfa_register 7
 888 0006 7860     		str	r0, [r7, #4]
 464:Middlewares/Third_Party/FreeRTOS/Source/timers.c **** Timer_t * pxTimer =  xTimer;
 889              		.loc 1 464 11
 890 0008 7B68     		ldr	r3, [r7, #4]
 891 000a 3B61     		str	r3, [r7, #16]
 465:Middlewares/Third_Party/FreeRTOS/Source/timers.c **** UBaseType_t uxReturn;
 466:Middlewares/Third_Party/FreeRTOS/Source/timers.c **** 
 467:Middlewares/Third_Party/FreeRTOS/Source/timers.c **** 	configASSERT( xTimer );
 892              		.loc 1 467 2
 893 000c 7B68     		ldr	r3, [r7, #4]
 894 000e 002B     		cmp	r3, #0
 895 0010 0BD1     		bne	.L49
 896              	.LBB63:
 897              	.LBB64:
 195:Middlewares/Third_Party/FreeRTOS/Source/portable/GCC/ARM_CM4F/portmacro.h **** 	(
 898              		.loc 2 195 2
 899              		.syntax unified
 900              	@ 195 "Middlewares/Third_Party/FreeRTOS/Source/portable/GCC/ARM_CM4F/portmacro.h" 1
 901 0012 4FF05003 			mov r3, #80												
 902 0016 83F31188 		msr basepri, r3											
 903 001a BFF36F8F 		isb														
 904 001e BFF34F8F 		dsb														
 905              	
 906              	@ 0 "" 2
 907              		.thumb
 908              		.syntax unified
 909 0022 FB60     		str	r3, [r7, #12]
 910              		.loc 2 203 1
 911 0024 00BF     		nop
 912              	.L50:
 913              	.LBE64:
 914              	.LBE63:
 915              		.loc 1 467 2
 916 0026 00BF     		nop
 917 0028 FDE7     		b	.L50
 918              	.L49:
 468:Middlewares/Third_Party/FreeRTOS/Source/timers.c **** 	taskENTER_CRITICAL();
 919              		.loc 1 468 2
 920 002a FFF7FEFF 		bl	vPortEnterCritical
 469:Middlewares/Third_Party/FreeRTOS/Source/timers.c **** 	{
 470:Middlewares/Third_Party/FreeRTOS/Source/timers.c **** 		if( ( pxTimer->ucStatus & tmrSTATUS_IS_AUTORELOAD ) == 0 )
 921              		.loc 1 470 16
 922 002e 3B69     		ldr	r3, [r7, #16]
 923 0030 93F82830 		ldrb	r3, [r3, #40]	@ zero_extendqisi2
 924              		.loc 1 470 27
 925 0034 03F00403 		and	r3, r3, #4
 926              		.loc 1 470 5
 927 0038 002B     		cmp	r3, #0
 928 003a 02D1     		bne	.L51
 471:Middlewares/Third_Party/FreeRTOS/Source/timers.c **** 		{
 472:Middlewares/Third_Party/FreeRTOS/Source/timers.c **** 			/* Not an auto-reload timer. */
 473:Middlewares/Third_Party/FreeRTOS/Source/timers.c **** 			uxReturn = ( UBaseType_t ) pdFALSE;
 929              		.loc 1 473 13
 930 003c 0023     		movs	r3, #0
 931 003e 7B61     		str	r3, [r7, #20]
 932 0040 01E0     		b	.L52
ARM GAS  /tmp/ccCB62sD.s 			page 29


 933              	.L51:
 474:Middlewares/Third_Party/FreeRTOS/Source/timers.c **** 		}
 475:Middlewares/Third_Party/FreeRTOS/Source/timers.c **** 		else
 476:Middlewares/Third_Party/FreeRTOS/Source/timers.c **** 		{
 477:Middlewares/Third_Party/FreeRTOS/Source/timers.c **** 			/* Is an auto-reload timer. */
 478:Middlewares/Third_Party/FreeRTOS/Source/timers.c **** 			uxReturn = ( UBaseType_t ) pdTRUE;
 934              		.loc 1 478 13
 935 0042 0123     		movs	r3, #1
 936 0044 7B61     		str	r3, [r7, #20]
 937              	.L52:
 479:Middlewares/Third_Party/FreeRTOS/Source/timers.c **** 		}
 480:Middlewares/Third_Party/FreeRTOS/Source/timers.c **** 	}
 481:Middlewares/Third_Party/FreeRTOS/Source/timers.c **** 	taskEXIT_CRITICAL();
 938              		.loc 1 481 2
 939 0046 FFF7FEFF 		bl	vPortExitCritical
 482:Middlewares/Third_Party/FreeRTOS/Source/timers.c **** 
 483:Middlewares/Third_Party/FreeRTOS/Source/timers.c **** 	return uxReturn;
 940              		.loc 1 483 9
 941 004a 7B69     		ldr	r3, [r7, #20]
 484:Middlewares/Third_Party/FreeRTOS/Source/timers.c **** }
 942              		.loc 1 484 1
 943 004c 1846     		mov	r0, r3
 944 004e 1837     		adds	r7, r7, #24
 945              	.LCFI45:
 946              		.cfi_def_cfa_offset 8
 947 0050 BD46     		mov	sp, r7
 948              	.LCFI46:
 949              		.cfi_def_cfa_register 13
 950              		@ sp needed
 951 0052 80BD     		pop	{r7, pc}
 952              		.cfi_endproc
 953              	.LFE12:
 955              		.section	.text.xTimerGetExpiryTime,"ax",%progbits
 956              		.align	1
 957              		.global	xTimerGetExpiryTime
 958              		.syntax unified
 959              		.thumb
 960              		.thumb_func
 962              	xTimerGetExpiryTime:
 963              	.LFB13:
 485:Middlewares/Third_Party/FreeRTOS/Source/timers.c **** /*-----------------------------------------------------------*/
 486:Middlewares/Third_Party/FreeRTOS/Source/timers.c **** 
 487:Middlewares/Third_Party/FreeRTOS/Source/timers.c **** TickType_t xTimerGetExpiryTime( TimerHandle_t xTimer )
 488:Middlewares/Third_Party/FreeRTOS/Source/timers.c **** {
 964              		.loc 1 488 1
 965              		.cfi_startproc
 966              		@ args = 0, pretend = 0, frame = 24
 967              		@ frame_needed = 1, uses_anonymous_args = 0
 968              		@ link register save eliminated.
 969 0000 80B4     		push	{r7}
 970              	.LCFI47:
 971              		.cfi_def_cfa_offset 4
 972              		.cfi_offset 7, -4
 973 0002 87B0     		sub	sp, sp, #28
 974              	.LCFI48:
 975              		.cfi_def_cfa_offset 32
 976 0004 00AF     		add	r7, sp, #0
ARM GAS  /tmp/ccCB62sD.s 			page 30


 977              	.LCFI49:
 978              		.cfi_def_cfa_register 7
 979 0006 7860     		str	r0, [r7, #4]
 489:Middlewares/Third_Party/FreeRTOS/Source/timers.c **** Timer_t * pxTimer =  xTimer;
 980              		.loc 1 489 11
 981 0008 7B68     		ldr	r3, [r7, #4]
 982 000a 7B61     		str	r3, [r7, #20]
 490:Middlewares/Third_Party/FreeRTOS/Source/timers.c **** TickType_t xReturn;
 491:Middlewares/Third_Party/FreeRTOS/Source/timers.c **** 
 492:Middlewares/Third_Party/FreeRTOS/Source/timers.c **** 	configASSERT( xTimer );
 983              		.loc 1 492 2
 984 000c 7B68     		ldr	r3, [r7, #4]
 985 000e 002B     		cmp	r3, #0
 986 0010 0BD1     		bne	.L55
 987              	.LBB65:
 988              	.LBB66:
 195:Middlewares/Third_Party/FreeRTOS/Source/portable/GCC/ARM_CM4F/portmacro.h **** 	(
 989              		.loc 2 195 2
 990              		.syntax unified
 991              	@ 195 "Middlewares/Third_Party/FreeRTOS/Source/portable/GCC/ARM_CM4F/portmacro.h" 1
 992 0012 4FF05003 			mov r3, #80												
 993 0016 83F31188 		msr basepri, r3											
 994 001a BFF36F8F 		isb														
 995 001e BFF34F8F 		dsb														
 996              	
 997              	@ 0 "" 2
 998              		.thumb
 999              		.syntax unified
 1000 0022 FB60     		str	r3, [r7, #12]
 1001              		.loc 2 203 1
 1002 0024 00BF     		nop
 1003              	.L56:
 1004              	.LBE66:
 1005              	.LBE65:
 1006              		.loc 1 492 2
 1007 0026 00BF     		nop
 1008 0028 FDE7     		b	.L56
 1009              	.L55:
 493:Middlewares/Third_Party/FreeRTOS/Source/timers.c **** 	xReturn = listGET_LIST_ITEM_VALUE( &( pxTimer->xTimerListItem ) );
 1010              		.loc 1 493 10
 1011 002a 7B69     		ldr	r3, [r7, #20]
 1012 002c 5B68     		ldr	r3, [r3, #4]
 1013 002e 3B61     		str	r3, [r7, #16]
 494:Middlewares/Third_Party/FreeRTOS/Source/timers.c **** 	return xReturn;
 1014              		.loc 1 494 9
 1015 0030 3B69     		ldr	r3, [r7, #16]
 495:Middlewares/Third_Party/FreeRTOS/Source/timers.c **** }
 1016              		.loc 1 495 1
 1017 0032 1846     		mov	r0, r3
 1018 0034 1C37     		adds	r7, r7, #28
 1019              	.LCFI50:
 1020              		.cfi_def_cfa_offset 4
 1021 0036 BD46     		mov	sp, r7
 1022              	.LCFI51:
 1023              		.cfi_def_cfa_register 13
 1024              		@ sp needed
 1025 0038 80BC     		pop	{r7}
ARM GAS  /tmp/ccCB62sD.s 			page 31


 1026              	.LCFI52:
 1027              		.cfi_restore 7
 1028              		.cfi_def_cfa_offset 0
 1029 003a 7047     		bx	lr
 1030              		.cfi_endproc
 1031              	.LFE13:
 1033              		.section	.text.pcTimerGetName,"ax",%progbits
 1034              		.align	1
 1035              		.global	pcTimerGetName
 1036              		.syntax unified
 1037              		.thumb
 1038              		.thumb_func
 1040              	pcTimerGetName:
 1041              	.LFB14:
 496:Middlewares/Third_Party/FreeRTOS/Source/timers.c **** /*-----------------------------------------------------------*/
 497:Middlewares/Third_Party/FreeRTOS/Source/timers.c **** 
 498:Middlewares/Third_Party/FreeRTOS/Source/timers.c **** const char * pcTimerGetName( TimerHandle_t xTimer ) /*lint !e971 Unqualified char types are allowed
 499:Middlewares/Third_Party/FreeRTOS/Source/timers.c **** {
 1042              		.loc 1 499 1
 1043              		.cfi_startproc
 1044              		@ args = 0, pretend = 0, frame = 16
 1045              		@ frame_needed = 1, uses_anonymous_args = 0
 1046              		@ link register save eliminated.
 1047 0000 80B4     		push	{r7}
 1048              	.LCFI53:
 1049              		.cfi_def_cfa_offset 4
 1050              		.cfi_offset 7, -4
 1051 0002 85B0     		sub	sp, sp, #20
 1052              	.LCFI54:
 1053              		.cfi_def_cfa_offset 24
 1054 0004 00AF     		add	r7, sp, #0
 1055              	.LCFI55:
 1056              		.cfi_def_cfa_register 7
 1057 0006 7860     		str	r0, [r7, #4]
 500:Middlewares/Third_Party/FreeRTOS/Source/timers.c **** Timer_t *pxTimer = xTimer;
 1058              		.loc 1 500 10
 1059 0008 7B68     		ldr	r3, [r7, #4]
 1060 000a FB60     		str	r3, [r7, #12]
 501:Middlewares/Third_Party/FreeRTOS/Source/timers.c **** 
 502:Middlewares/Third_Party/FreeRTOS/Source/timers.c **** 	configASSERT( xTimer );
 1061              		.loc 1 502 2
 1062 000c 7B68     		ldr	r3, [r7, #4]
 1063 000e 002B     		cmp	r3, #0
 1064 0010 0BD1     		bne	.L59
 1065              	.LBB67:
 1066              	.LBB68:
 195:Middlewares/Third_Party/FreeRTOS/Source/portable/GCC/ARM_CM4F/portmacro.h **** 	(
 1067              		.loc 2 195 2
 1068              		.syntax unified
 1069              	@ 195 "Middlewares/Third_Party/FreeRTOS/Source/portable/GCC/ARM_CM4F/portmacro.h" 1
 1070 0012 4FF05003 			mov r3, #80												
 1071 0016 83F31188 		msr basepri, r3											
 1072 001a BFF36F8F 		isb														
 1073 001e BFF34F8F 		dsb														
 1074              	
 1075              	@ 0 "" 2
 1076              		.thumb
ARM GAS  /tmp/ccCB62sD.s 			page 32


 1077              		.syntax unified
 1078 0022 BB60     		str	r3, [r7, #8]
 1079              		.loc 2 203 1
 1080 0024 00BF     		nop
 1081              	.L60:
 1082              	.LBE68:
 1083              	.LBE67:
 1084              		.loc 1 502 2
 1085 0026 00BF     		nop
 1086 0028 FDE7     		b	.L60
 1087              	.L59:
 503:Middlewares/Third_Party/FreeRTOS/Source/timers.c **** 	return pxTimer->pcTimerName;
 1088              		.loc 1 503 16
 1089 002a FB68     		ldr	r3, [r7, #12]
 1090 002c 1B68     		ldr	r3, [r3]
 504:Middlewares/Third_Party/FreeRTOS/Source/timers.c **** }
 1091              		.loc 1 504 1
 1092 002e 1846     		mov	r0, r3
 1093 0030 1437     		adds	r7, r7, #20
 1094              	.LCFI56:
 1095              		.cfi_def_cfa_offset 4
 1096 0032 BD46     		mov	sp, r7
 1097              	.LCFI57:
 1098              		.cfi_def_cfa_register 13
 1099              		@ sp needed
 1100 0034 80BC     		pop	{r7}
 1101              	.LCFI58:
 1102              		.cfi_restore 7
 1103              		.cfi_def_cfa_offset 0
 1104 0036 7047     		bx	lr
 1105              		.cfi_endproc
 1106              	.LFE14:
 1108              		.section	.text.prvProcessExpiredTimer,"ax",%progbits
 1109              		.align	1
 1110              		.syntax unified
 1111              		.thumb
 1112              		.thumb_func
 1114              	prvProcessExpiredTimer:
 1115              	.LFB15:
 505:Middlewares/Third_Party/FreeRTOS/Source/timers.c **** /*-----------------------------------------------------------*/
 506:Middlewares/Third_Party/FreeRTOS/Source/timers.c **** 
 507:Middlewares/Third_Party/FreeRTOS/Source/timers.c **** static void prvProcessExpiredTimer( const TickType_t xNextExpireTime, const TickType_t xTimeNow )
 508:Middlewares/Third_Party/FreeRTOS/Source/timers.c **** {
 1116              		.loc 1 508 1
 1117              		.cfi_startproc
 1118              		@ args = 0, pretend = 0, frame = 24
 1119              		@ frame_needed = 1, uses_anonymous_args = 0
 1120 0000 80B5     		push	{r7, lr}
 1121              	.LCFI59:
 1122              		.cfi_def_cfa_offset 8
 1123              		.cfi_offset 7, -8
 1124              		.cfi_offset 14, -4
 1125 0002 88B0     		sub	sp, sp, #32
 1126              	.LCFI60:
 1127              		.cfi_def_cfa_offset 40
 1128 0004 02AF     		add	r7, sp, #8
 1129              	.LCFI61:
ARM GAS  /tmp/ccCB62sD.s 			page 33


 1130              		.cfi_def_cfa 7, 32
 1131 0006 7860     		str	r0, [r7, #4]
 1132 0008 3960     		str	r1, [r7]
 509:Middlewares/Third_Party/FreeRTOS/Source/timers.c **** BaseType_t xResult;
 510:Middlewares/Third_Party/FreeRTOS/Source/timers.c **** Timer_t * const pxTimer = ( Timer_t * ) listGET_OWNER_OF_HEAD_ENTRY( pxCurrentTimerList ); /*lint !
 1133              		.loc 1 510 41
 1134 000a 234B     		ldr	r3, .L66
 1135 000c 1B68     		ldr	r3, [r3]
 1136 000e DB68     		ldr	r3, [r3, #12]
 1137              		.loc 1 510 17
 1138 0010 DB68     		ldr	r3, [r3, #12]
 1139 0012 7B61     		str	r3, [r7, #20]
 511:Middlewares/Third_Party/FreeRTOS/Source/timers.c **** 
 512:Middlewares/Third_Party/FreeRTOS/Source/timers.c **** 	/* Remove the timer from the list of active timers.  A check has already
 513:Middlewares/Third_Party/FreeRTOS/Source/timers.c **** 	been performed to ensure the list is not empty. */
 514:Middlewares/Third_Party/FreeRTOS/Source/timers.c **** 	( void ) uxListRemove( &( pxTimer->xTimerListItem ) );
 1140              		.loc 1 514 25
 1141 0014 7B69     		ldr	r3, [r7, #20]
 1142 0016 0433     		adds	r3, r3, #4
 1143              		.loc 1 514 11
 1144 0018 1846     		mov	r0, r3
 1145 001a FFF7FEFF 		bl	uxListRemove
 515:Middlewares/Third_Party/FreeRTOS/Source/timers.c **** 	traceTIMER_EXPIRED( pxTimer );
 516:Middlewares/Third_Party/FreeRTOS/Source/timers.c **** 
 517:Middlewares/Third_Party/FreeRTOS/Source/timers.c **** 	/* If the timer is an auto-reload timer then calculate the next
 518:Middlewares/Third_Party/FreeRTOS/Source/timers.c **** 	expiry time and re-insert the timer in the list of active timers. */
 519:Middlewares/Third_Party/FreeRTOS/Source/timers.c **** 	if( ( pxTimer->ucStatus & tmrSTATUS_IS_AUTORELOAD ) != 0 )
 1146              		.loc 1 519 15
 1147 001e 7B69     		ldr	r3, [r7, #20]
 1148 0020 93F82830 		ldrb	r3, [r3, #40]	@ zero_extendqisi2
 1149              		.loc 1 519 26
 1150 0024 03F00403 		and	r3, r3, #4
 1151              		.loc 1 519 4
 1152 0028 002B     		cmp	r3, #0
 1153 002a 23D0     		beq	.L63
 520:Middlewares/Third_Party/FreeRTOS/Source/timers.c **** 	{
 521:Middlewares/Third_Party/FreeRTOS/Source/timers.c **** 		/* The timer is inserted into a list using a time relative to anything
 522:Middlewares/Third_Party/FreeRTOS/Source/timers.c **** 		other than the current time.  It will therefore be inserted into the
 523:Middlewares/Third_Party/FreeRTOS/Source/timers.c **** 		correct list relative to the time this task thinks it is now. */
 524:Middlewares/Third_Party/FreeRTOS/Source/timers.c **** 		if( prvInsertTimerInActiveList( pxTimer, ( xNextExpireTime + pxTimer->xTimerPeriodInTicks ), xTim
 1154              		.loc 1 524 71
 1155 002c 7B69     		ldr	r3, [r7, #20]
 1156 002e 9A69     		ldr	r2, [r3, #24]
 1157              		.loc 1 524 62
 1158 0030 7B68     		ldr	r3, [r7, #4]
 1159 0032 D118     		adds	r1, r2, r3
 1160              		.loc 1 524 7
 1161 0034 7B68     		ldr	r3, [r7, #4]
 1162 0036 3A68     		ldr	r2, [r7]
 1163 0038 7869     		ldr	r0, [r7, #20]
 1164 003a FFF7FEFF 		bl	prvInsertTimerInActiveList
 1165 003e 0346     		mov	r3, r0
 1166              		.loc 1 524 5 discriminator 1
 1167 0040 002B     		cmp	r3, #0
 1168 0042 20D0     		beq	.L64
 525:Middlewares/Third_Party/FreeRTOS/Source/timers.c **** 		{
 526:Middlewares/Third_Party/FreeRTOS/Source/timers.c **** 			/* The timer expired before it was added to the active timer
ARM GAS  /tmp/ccCB62sD.s 			page 34


 527:Middlewares/Third_Party/FreeRTOS/Source/timers.c **** 			list.  Reload it now.  */
 528:Middlewares/Third_Party/FreeRTOS/Source/timers.c **** 			xResult = xTimerGenericCommand( pxTimer, tmrCOMMAND_START_DONT_TRACE, xNextExpireTime, NULL, tmr
 1169              		.loc 1 528 14
 1170 0044 0023     		movs	r3, #0
 1171 0046 0093     		str	r3, [sp]
 1172 0048 0023     		movs	r3, #0
 1173 004a 7A68     		ldr	r2, [r7, #4]
 1174 004c 0021     		movs	r1, #0
 1175 004e 7869     		ldr	r0, [r7, #20]
 1176 0050 FFF7FEFF 		bl	xTimerGenericCommand
 1177 0054 3861     		str	r0, [r7, #16]
 529:Middlewares/Third_Party/FreeRTOS/Source/timers.c **** 			configASSERT( xResult );
 1178              		.loc 1 529 4
 1179 0056 3B69     		ldr	r3, [r7, #16]
 1180 0058 002B     		cmp	r3, #0
 1181 005a 14D1     		bne	.L64
 1182              	.LBB69:
 1183              	.LBB70:
 195:Middlewares/Third_Party/FreeRTOS/Source/portable/GCC/ARM_CM4F/portmacro.h **** 	(
 1184              		.loc 2 195 2
 1185              		.syntax unified
 1186              	@ 195 "Middlewares/Third_Party/FreeRTOS/Source/portable/GCC/ARM_CM4F/portmacro.h" 1
 1187 005c 4FF05003 			mov r3, #80												
 1188 0060 83F31188 		msr basepri, r3											
 1189 0064 BFF36F8F 		isb														
 1190 0068 BFF34F8F 		dsb														
 1191              	
 1192              	@ 0 "" 2
 1193              		.thumb
 1194              		.syntax unified
 1195 006c FB60     		str	r3, [r7, #12]
 1196              		.loc 2 203 1
 1197 006e 00BF     		nop
 1198              	.L65:
 1199              	.LBE70:
 1200              	.LBE69:
 1201              		.loc 1 529 4
 1202 0070 00BF     		nop
 1203 0072 FDE7     		b	.L65
 1204              	.L63:
 530:Middlewares/Third_Party/FreeRTOS/Source/timers.c **** 			( void ) xResult;
 531:Middlewares/Third_Party/FreeRTOS/Source/timers.c **** 		}
 532:Middlewares/Third_Party/FreeRTOS/Source/timers.c **** 		else
 533:Middlewares/Third_Party/FreeRTOS/Source/timers.c **** 		{
 534:Middlewares/Third_Party/FreeRTOS/Source/timers.c **** 			mtCOVERAGE_TEST_MARKER();
 535:Middlewares/Third_Party/FreeRTOS/Source/timers.c **** 		}
 536:Middlewares/Third_Party/FreeRTOS/Source/timers.c **** 	}
 537:Middlewares/Third_Party/FreeRTOS/Source/timers.c **** 	else
 538:Middlewares/Third_Party/FreeRTOS/Source/timers.c **** 	{
 539:Middlewares/Third_Party/FreeRTOS/Source/timers.c **** 		pxTimer->ucStatus &= ~tmrSTATUS_IS_ACTIVE;
 1205              		.loc 1 539 10
 1206 0074 7B69     		ldr	r3, [r7, #20]
 1207 0076 93F82830 		ldrb	r3, [r3, #40]	@ zero_extendqisi2
 1208              		.loc 1 539 21
 1209 007a 23F00103 		bic	r3, r3, #1
 1210 007e DAB2     		uxtb	r2, r3
 1211 0080 7B69     		ldr	r3, [r7, #20]
ARM GAS  /tmp/ccCB62sD.s 			page 35


 1212 0082 83F82820 		strb	r2, [r3, #40]
 1213              	.L64:
 540:Middlewares/Third_Party/FreeRTOS/Source/timers.c **** 		mtCOVERAGE_TEST_MARKER();
 541:Middlewares/Third_Party/FreeRTOS/Source/timers.c **** 	}
 542:Middlewares/Third_Party/FreeRTOS/Source/timers.c **** 
 543:Middlewares/Third_Party/FreeRTOS/Source/timers.c **** 	/* Call the timer callback. */
 544:Middlewares/Third_Party/FreeRTOS/Source/timers.c **** 	pxTimer->pxCallbackFunction( ( TimerHandle_t ) pxTimer );
 1214              		.loc 1 544 9
 1215 0086 7B69     		ldr	r3, [r7, #20]
 1216 0088 1B6A     		ldr	r3, [r3, #32]
 1217              		.loc 1 544 2
 1218 008a 7869     		ldr	r0, [r7, #20]
 1219 008c 9847     		blx	r3
 1220              	.LVL0:
 545:Middlewares/Third_Party/FreeRTOS/Source/timers.c **** }
 1221              		.loc 1 545 1
 1222 008e 00BF     		nop
 1223 0090 1837     		adds	r7, r7, #24
 1224              	.LCFI62:
 1225              		.cfi_def_cfa_offset 8
 1226 0092 BD46     		mov	sp, r7
 1227              	.LCFI63:
 1228              		.cfi_def_cfa_register 13
 1229              		@ sp needed
 1230 0094 80BD     		pop	{r7, pc}
 1231              	.L67:
 1232 0096 00BF     		.align	2
 1233              	.L66:
 1234 0098 00000000 		.word	pxCurrentTimerList
 1235              		.cfi_endproc
 1236              	.LFE15:
 1238              		.section	.text.prvTimerTask,"ax",%progbits
 1239              		.align	1
 1240              		.syntax unified
 1241              		.thumb
 1242              		.thumb_func
 1244              	prvTimerTask:
 1245              	.LFB16:
 546:Middlewares/Third_Party/FreeRTOS/Source/timers.c **** /*-----------------------------------------------------------*/
 547:Middlewares/Third_Party/FreeRTOS/Source/timers.c **** 
 548:Middlewares/Third_Party/FreeRTOS/Source/timers.c **** static portTASK_FUNCTION( prvTimerTask, pvParameters )
 549:Middlewares/Third_Party/FreeRTOS/Source/timers.c **** {
 1246              		.loc 1 549 1
 1247              		.cfi_startproc
 1248              		@ args = 0, pretend = 0, frame = 16
 1249              		@ frame_needed = 1, uses_anonymous_args = 0
 1250 0000 80B5     		push	{r7, lr}
 1251              	.LCFI64:
 1252              		.cfi_def_cfa_offset 8
 1253              		.cfi_offset 7, -8
 1254              		.cfi_offset 14, -4
 1255 0002 84B0     		sub	sp, sp, #16
 1256              	.LCFI65:
 1257              		.cfi_def_cfa_offset 24
 1258 0004 00AF     		add	r7, sp, #0
 1259              	.LCFI66:
 1260              		.cfi_def_cfa_register 7
ARM GAS  /tmp/ccCB62sD.s 			page 36


 1261 0006 7860     		str	r0, [r7, #4]
 1262              	.L69:
 550:Middlewares/Third_Party/FreeRTOS/Source/timers.c **** TickType_t xNextExpireTime;
 551:Middlewares/Third_Party/FreeRTOS/Source/timers.c **** BaseType_t xListWasEmpty;
 552:Middlewares/Third_Party/FreeRTOS/Source/timers.c **** 
 553:Middlewares/Third_Party/FreeRTOS/Source/timers.c **** 	/* Just to avoid compiler warnings. */
 554:Middlewares/Third_Party/FreeRTOS/Source/timers.c **** 	( void ) pvParameters;
 555:Middlewares/Third_Party/FreeRTOS/Source/timers.c **** 
 556:Middlewares/Third_Party/FreeRTOS/Source/timers.c **** 	#if( configUSE_DAEMON_TASK_STARTUP_HOOK == 1 )
 557:Middlewares/Third_Party/FreeRTOS/Source/timers.c **** 	{
 558:Middlewares/Third_Party/FreeRTOS/Source/timers.c **** 		extern void vApplicationDaemonTaskStartupHook( void );
 559:Middlewares/Third_Party/FreeRTOS/Source/timers.c **** 
 560:Middlewares/Third_Party/FreeRTOS/Source/timers.c **** 		/* Allow the application writer to execute some code in the context of
 561:Middlewares/Third_Party/FreeRTOS/Source/timers.c **** 		this task at the point the task starts executing.  This is useful if the
 562:Middlewares/Third_Party/FreeRTOS/Source/timers.c **** 		application includes initialisation code that would benefit from
 563:Middlewares/Third_Party/FreeRTOS/Source/timers.c **** 		executing after the scheduler has been started. */
 564:Middlewares/Third_Party/FreeRTOS/Source/timers.c **** 		vApplicationDaemonTaskStartupHook();
 565:Middlewares/Third_Party/FreeRTOS/Source/timers.c **** 	}
 566:Middlewares/Third_Party/FreeRTOS/Source/timers.c **** 	#endif /* configUSE_DAEMON_TASK_STARTUP_HOOK */
 567:Middlewares/Third_Party/FreeRTOS/Source/timers.c **** 
 568:Middlewares/Third_Party/FreeRTOS/Source/timers.c **** 	for( ;; )
 569:Middlewares/Third_Party/FreeRTOS/Source/timers.c **** 	{
 570:Middlewares/Third_Party/FreeRTOS/Source/timers.c **** 		/* Query the timers list to see if it contains any timers, and if so,
 571:Middlewares/Third_Party/FreeRTOS/Source/timers.c **** 		obtain the time at which the next timer will expire. */
 572:Middlewares/Third_Party/FreeRTOS/Source/timers.c **** 		xNextExpireTime = prvGetNextExpireTime( &xListWasEmpty );
 1263              		.loc 1 572 21
 1264 0008 07F10803 		add	r3, r7, #8
 1265 000c 1846     		mov	r0, r3
 1266 000e FFF7FEFF 		bl	prvGetNextExpireTime
 1267 0012 F860     		str	r0, [r7, #12]
 573:Middlewares/Third_Party/FreeRTOS/Source/timers.c **** 
 574:Middlewares/Third_Party/FreeRTOS/Source/timers.c **** 		/* If a timer has expired, process it.  Otherwise, block this task
 575:Middlewares/Third_Party/FreeRTOS/Source/timers.c **** 		until either a timer does expire, or a command is received. */
 576:Middlewares/Third_Party/FreeRTOS/Source/timers.c **** 		prvProcessTimerOrBlockTask( xNextExpireTime, xListWasEmpty );
 1268              		.loc 1 576 3
 1269 0014 BB68     		ldr	r3, [r7, #8]
 1270 0016 1946     		mov	r1, r3
 1271 0018 F868     		ldr	r0, [r7, #12]
 1272 001a FFF7FEFF 		bl	prvProcessTimerOrBlockTask
 577:Middlewares/Third_Party/FreeRTOS/Source/timers.c **** 
 578:Middlewares/Third_Party/FreeRTOS/Source/timers.c **** 		/* Empty the command queue. */
 579:Middlewares/Third_Party/FreeRTOS/Source/timers.c **** 		prvProcessReceivedCommands();
 1273              		.loc 1 579 3 discriminator 2
 1274 001e FFF7FEFF 		bl	prvProcessReceivedCommands
 572:Middlewares/Third_Party/FreeRTOS/Source/timers.c **** 
 1275              		.loc 1 572 19
 1276 0022 00BF     		nop
 1277 0024 F0E7     		b	.L69
 1278              		.cfi_endproc
 1279              	.LFE16:
 1281              		.section	.text.prvProcessTimerOrBlockTask,"ax",%progbits
 1282              		.align	1
 1283              		.syntax unified
 1284              		.thumb
 1285              		.thumb_func
 1287              	prvProcessTimerOrBlockTask:
 1288              	.LFB17:
ARM GAS  /tmp/ccCB62sD.s 			page 37


 580:Middlewares/Third_Party/FreeRTOS/Source/timers.c **** 	}
 581:Middlewares/Third_Party/FreeRTOS/Source/timers.c **** }
 582:Middlewares/Third_Party/FreeRTOS/Source/timers.c **** /*-----------------------------------------------------------*/
 583:Middlewares/Third_Party/FreeRTOS/Source/timers.c **** 
 584:Middlewares/Third_Party/FreeRTOS/Source/timers.c **** static void prvProcessTimerOrBlockTask( const TickType_t xNextExpireTime, BaseType_t xListWasEmpty 
 585:Middlewares/Third_Party/FreeRTOS/Source/timers.c **** {
 1289              		.loc 1 585 1
 1290              		.cfi_startproc
 1291              		@ args = 0, pretend = 0, frame = 16
 1292              		@ frame_needed = 1, uses_anonymous_args = 0
 1293 0000 80B5     		push	{r7, lr}
 1294              	.LCFI67:
 1295              		.cfi_def_cfa_offset 8
 1296              		.cfi_offset 7, -8
 1297              		.cfi_offset 14, -4
 1298 0002 84B0     		sub	sp, sp, #16
 1299              	.LCFI68:
 1300              		.cfi_def_cfa_offset 24
 1301 0004 00AF     		add	r7, sp, #0
 1302              	.LCFI69:
 1303              		.cfi_def_cfa_register 7
 1304 0006 7860     		str	r0, [r7, #4]
 1305 0008 3960     		str	r1, [r7]
 586:Middlewares/Third_Party/FreeRTOS/Source/timers.c **** TickType_t xTimeNow;
 587:Middlewares/Third_Party/FreeRTOS/Source/timers.c **** BaseType_t xTimerListsWereSwitched;
 588:Middlewares/Third_Party/FreeRTOS/Source/timers.c **** 
 589:Middlewares/Third_Party/FreeRTOS/Source/timers.c **** 	vTaskSuspendAll();
 1306              		.loc 1 589 2
 1307 000a FFF7FEFF 		bl	vTaskSuspendAll
 590:Middlewares/Third_Party/FreeRTOS/Source/timers.c **** 	{
 591:Middlewares/Third_Party/FreeRTOS/Source/timers.c **** 		/* Obtain the time now to make an assessment as to whether the timer
 592:Middlewares/Third_Party/FreeRTOS/Source/timers.c **** 		has expired or not.  If obtaining the time causes the lists to switch
 593:Middlewares/Third_Party/FreeRTOS/Source/timers.c **** 		then don't process this timer as any timers that remained in the list
 594:Middlewares/Third_Party/FreeRTOS/Source/timers.c **** 		when the lists were switched will have been processed within the
 595:Middlewares/Third_Party/FreeRTOS/Source/timers.c **** 		prvSampleTimeNow() function. */
 596:Middlewares/Third_Party/FreeRTOS/Source/timers.c **** 		xTimeNow = prvSampleTimeNow( &xTimerListsWereSwitched );
 1308              		.loc 1 596 14
 1309 000e 07F10803 		add	r3, r7, #8
 1310 0012 1846     		mov	r0, r3
 1311 0014 FFF7FEFF 		bl	prvSampleTimeNow
 1312 0018 F860     		str	r0, [r7, #12]
 597:Middlewares/Third_Party/FreeRTOS/Source/timers.c **** 		if( xTimerListsWereSwitched == pdFALSE )
 1313              		.loc 1 597 31
 1314 001a BB68     		ldr	r3, [r7, #8]
 1315              		.loc 1 597 5
 1316 001c 002B     		cmp	r3, #0
 1317 001e 31D1     		bne	.L71
 598:Middlewares/Third_Party/FreeRTOS/Source/timers.c **** 		{
 599:Middlewares/Third_Party/FreeRTOS/Source/timers.c **** 			/* The tick count has not overflowed, has the timer expired? */
 600:Middlewares/Third_Party/FreeRTOS/Source/timers.c **** 			if( ( xListWasEmpty == pdFALSE ) && ( xNextExpireTime <= xTimeNow ) )
 1318              		.loc 1 600 6
 1319 0020 3B68     		ldr	r3, [r7]
 1320 0022 002B     		cmp	r3, #0
 1321 0024 0AD1     		bne	.L72
 1322              		.loc 1 600 37 discriminator 1
 1323 0026 7A68     		ldr	r2, [r7, #4]
 1324 0028 FB68     		ldr	r3, [r7, #12]
ARM GAS  /tmp/ccCB62sD.s 			page 38


 1325 002a 9A42     		cmp	r2, r3
 1326 002c 06D8     		bhi	.L72
 601:Middlewares/Third_Party/FreeRTOS/Source/timers.c **** 			{
 602:Middlewares/Third_Party/FreeRTOS/Source/timers.c **** 				( void ) xTaskResumeAll();
 1327              		.loc 1 602 14
 1328 002e FFF7FEFF 		bl	xTaskResumeAll
 603:Middlewares/Third_Party/FreeRTOS/Source/timers.c **** 				prvProcessExpiredTimer( xNextExpireTime, xTimeNow );
 1329              		.loc 1 603 5
 1330 0032 F968     		ldr	r1, [r7, #12]
 1331 0034 7868     		ldr	r0, [r7, #4]
 1332 0036 FFF7FEFF 		bl	prvProcessExpiredTimer
 604:Middlewares/Third_Party/FreeRTOS/Source/timers.c **** 			}
 605:Middlewares/Third_Party/FreeRTOS/Source/timers.c **** 			else
 606:Middlewares/Third_Party/FreeRTOS/Source/timers.c **** 			{
 607:Middlewares/Third_Party/FreeRTOS/Source/timers.c **** 				/* The tick count has not overflowed, and the next expire
 608:Middlewares/Third_Party/FreeRTOS/Source/timers.c **** 				time has not been reached yet.  This task should therefore
 609:Middlewares/Third_Party/FreeRTOS/Source/timers.c **** 				block to wait for the next expire time or a command to be
 610:Middlewares/Third_Party/FreeRTOS/Source/timers.c **** 				received - whichever comes first.  The following line cannot
 611:Middlewares/Third_Party/FreeRTOS/Source/timers.c **** 				be reached unless xNextExpireTime > xTimeNow, except in the
 612:Middlewares/Third_Party/FreeRTOS/Source/timers.c **** 				case when the current timer list is empty. */
 613:Middlewares/Third_Party/FreeRTOS/Source/timers.c **** 				if( xListWasEmpty != pdFALSE )
 614:Middlewares/Third_Party/FreeRTOS/Source/timers.c **** 				{
 615:Middlewares/Third_Party/FreeRTOS/Source/timers.c **** 					/* The current timer list is empty - is the overflow list
 616:Middlewares/Third_Party/FreeRTOS/Source/timers.c **** 					also empty? */
 617:Middlewares/Third_Party/FreeRTOS/Source/timers.c **** 					xListWasEmpty = listLIST_IS_EMPTY( pxOverflowTimerList );
 618:Middlewares/Third_Party/FreeRTOS/Source/timers.c **** 				}
 619:Middlewares/Third_Party/FreeRTOS/Source/timers.c **** 
 620:Middlewares/Third_Party/FreeRTOS/Source/timers.c **** 				vQueueWaitForMessageRestricted( xTimerQueue, ( xNextExpireTime - xTimeNow ), xListWasEmpty );
 621:Middlewares/Third_Party/FreeRTOS/Source/timers.c **** 
 622:Middlewares/Third_Party/FreeRTOS/Source/timers.c **** 				if( xTaskResumeAll() == pdFALSE )
 623:Middlewares/Third_Party/FreeRTOS/Source/timers.c **** 				{
 624:Middlewares/Third_Party/FreeRTOS/Source/timers.c **** 					/* Yield to wait for either a command to arrive, or the
 625:Middlewares/Third_Party/FreeRTOS/Source/timers.c **** 					block time to expire.  If a command arrived between the
 626:Middlewares/Third_Party/FreeRTOS/Source/timers.c **** 					critical section being exited and this yield then the yield
 627:Middlewares/Third_Party/FreeRTOS/Source/timers.c **** 					will not cause the task to block. */
 628:Middlewares/Third_Party/FreeRTOS/Source/timers.c **** 					portYIELD_WITHIN_API();
 629:Middlewares/Third_Party/FreeRTOS/Source/timers.c **** 				}
 630:Middlewares/Third_Party/FreeRTOS/Source/timers.c **** 				else
 631:Middlewares/Third_Party/FreeRTOS/Source/timers.c **** 				{
 632:Middlewares/Third_Party/FreeRTOS/Source/timers.c **** 					mtCOVERAGE_TEST_MARKER();
 633:Middlewares/Third_Party/FreeRTOS/Source/timers.c **** 				}
 634:Middlewares/Third_Party/FreeRTOS/Source/timers.c **** 			}
 635:Middlewares/Third_Party/FreeRTOS/Source/timers.c **** 		}
 636:Middlewares/Third_Party/FreeRTOS/Source/timers.c **** 		else
 637:Middlewares/Third_Party/FreeRTOS/Source/timers.c **** 		{
 638:Middlewares/Third_Party/FreeRTOS/Source/timers.c **** 			( void ) xTaskResumeAll();
 639:Middlewares/Third_Party/FreeRTOS/Source/timers.c **** 		}
 640:Middlewares/Third_Party/FreeRTOS/Source/timers.c **** 	}
 641:Middlewares/Third_Party/FreeRTOS/Source/timers.c **** }
 1333              		.loc 1 641 1
 1334 003a 25E0     		b	.L77
 1335              	.L72:
 613:Middlewares/Third_Party/FreeRTOS/Source/timers.c **** 				{
 1336              		.loc 1 613 7
 1337 003c 3B68     		ldr	r3, [r7]
 1338 003e 002B     		cmp	r3, #0
 1339 0040 09D0     		beq	.L74
ARM GAS  /tmp/ccCB62sD.s 			page 39


 617:Middlewares/Third_Party/FreeRTOS/Source/timers.c **** 				}
 1340              		.loc 1 617 22
 1341 0042 134B     		ldr	r3, .L78
 1342 0044 1B68     		ldr	r3, [r3]
 1343 0046 1B68     		ldr	r3, [r3]
 1344 0048 002B     		cmp	r3, #0
 1345 004a 02D1     		bne	.L75
 617:Middlewares/Third_Party/FreeRTOS/Source/timers.c **** 				}
 1346              		.loc 1 617 20 discriminator 1
 1347 004c 0123     		movs	r3, #1
 1348 004e 3B60     		str	r3, [r7]
 1349 0050 01E0     		b	.L74
 1350              	.L75:
 617:Middlewares/Third_Party/FreeRTOS/Source/timers.c **** 				}
 1351              		.loc 1 617 20 is_stmt 0 discriminator 2
 1352 0052 0023     		movs	r3, #0
 1353 0054 3B60     		str	r3, [r7]
 1354              	.L74:
 620:Middlewares/Third_Party/FreeRTOS/Source/timers.c **** 
 1355              		.loc 1 620 5 is_stmt 1
 1356 0056 0F4B     		ldr	r3, .L78+4
 1357 0058 1868     		ldr	r0, [r3]
 1358 005a 7A68     		ldr	r2, [r7, #4]
 1359 005c FB68     		ldr	r3, [r7, #12]
 1360 005e D31A     		subs	r3, r2, r3
 1361 0060 3A68     		ldr	r2, [r7]
 1362 0062 1946     		mov	r1, r3
 1363 0064 FFF7FEFF 		bl	vQueueWaitForMessageRestricted
 622:Middlewares/Third_Party/FreeRTOS/Source/timers.c **** 				{
 1364              		.loc 1 622 9
 1365 0068 FFF7FEFF 		bl	xTaskResumeAll
 1366 006c 0346     		mov	r3, r0
 622:Middlewares/Third_Party/FreeRTOS/Source/timers.c **** 				{
 1367              		.loc 1 622 7 discriminator 1
 1368 006e 002B     		cmp	r3, #0
 1369 0070 0AD1     		bne	.L77
 628:Middlewares/Third_Party/FreeRTOS/Source/timers.c **** 				}
 1370              		.loc 1 628 6
 1371 0072 094B     		ldr	r3, .L78+8
 1372 0074 4FF08052 		mov	r2, #268435456
 1373 0078 1A60     		str	r2, [r3]
 1374              		.syntax unified
 1375              	@ 628 "Middlewares/Third_Party/FreeRTOS/Source/timers.c" 1
 1376 007a BFF34F8F 		dsb
 1377              	@ 0 "" 2
 1378              	@ 628 "Middlewares/Third_Party/FreeRTOS/Source/timers.c" 1
 1379 007e BFF36F8F 		isb
 1380              	@ 0 "" 2
 1381              		.loc 1 641 1
 1382              		.thumb
 1383              		.syntax unified
 1384 0082 01E0     		b	.L77
 1385              	.L71:
 638:Middlewares/Third_Party/FreeRTOS/Source/timers.c **** 		}
 1386              		.loc 1 638 13
 1387 0084 FFF7FEFF 		bl	xTaskResumeAll
 1388              	.L77:
ARM GAS  /tmp/ccCB62sD.s 			page 40


 1389              		.loc 1 641 1
 1390 0088 00BF     		nop
 1391 008a 1037     		adds	r7, r7, #16
 1392              	.LCFI70:
 1393              		.cfi_def_cfa_offset 8
 1394 008c BD46     		mov	sp, r7
 1395              	.LCFI71:
 1396              		.cfi_def_cfa_register 13
 1397              		@ sp needed
 1398 008e 80BD     		pop	{r7, pc}
 1399              	.L79:
 1400              		.align	2
 1401              	.L78:
 1402 0090 00000000 		.word	pxOverflowTimerList
 1403 0094 00000000 		.word	xTimerQueue
 1404 0098 04ED00E0 		.word	-536810236
 1405              		.cfi_endproc
 1406              	.LFE17:
 1408              		.section	.text.prvGetNextExpireTime,"ax",%progbits
 1409              		.align	1
 1410              		.syntax unified
 1411              		.thumb
 1412              		.thumb_func
 1414              	prvGetNextExpireTime:
 1415              	.LFB18:
 642:Middlewares/Third_Party/FreeRTOS/Source/timers.c **** /*-----------------------------------------------------------*/
 643:Middlewares/Third_Party/FreeRTOS/Source/timers.c **** 
 644:Middlewares/Third_Party/FreeRTOS/Source/timers.c **** static TickType_t prvGetNextExpireTime( BaseType_t * const pxListWasEmpty )
 645:Middlewares/Third_Party/FreeRTOS/Source/timers.c **** {
 1416              		.loc 1 645 1
 1417              		.cfi_startproc
 1418              		@ args = 0, pretend = 0, frame = 16
 1419              		@ frame_needed = 1, uses_anonymous_args = 0
 1420              		@ link register save eliminated.
 1421 0000 80B4     		push	{r7}
 1422              	.LCFI72:
 1423              		.cfi_def_cfa_offset 4
 1424              		.cfi_offset 7, -4
 1425 0002 85B0     		sub	sp, sp, #20
 1426              	.LCFI73:
 1427              		.cfi_def_cfa_offset 24
 1428 0004 00AF     		add	r7, sp, #0
 1429              	.LCFI74:
 1430              		.cfi_def_cfa_register 7
 1431 0006 7860     		str	r0, [r7, #4]
 646:Middlewares/Third_Party/FreeRTOS/Source/timers.c **** TickType_t xNextExpireTime;
 647:Middlewares/Third_Party/FreeRTOS/Source/timers.c **** 
 648:Middlewares/Third_Party/FreeRTOS/Source/timers.c **** 	/* Timers are listed in expiry time order, with the head of the list
 649:Middlewares/Third_Party/FreeRTOS/Source/timers.c **** 	referencing the task that will expire first.  Obtain the time at which
 650:Middlewares/Third_Party/FreeRTOS/Source/timers.c **** 	the timer with the nearest expiry time will expire.  If there are no
 651:Middlewares/Third_Party/FreeRTOS/Source/timers.c **** 	active timers then just set the next expire time to 0.  That will cause
 652:Middlewares/Third_Party/FreeRTOS/Source/timers.c **** 	this task to unblock when the tick count overflows, at which point the
 653:Middlewares/Third_Party/FreeRTOS/Source/timers.c **** 	timer lists will be switched and the next expiry time can be
 654:Middlewares/Third_Party/FreeRTOS/Source/timers.c **** 	re-assessed.  */
 655:Middlewares/Third_Party/FreeRTOS/Source/timers.c **** 	*pxListWasEmpty = listLIST_IS_EMPTY( pxCurrentTimerList );
 1432              		.loc 1 655 20
 1433 0008 0D4B     		ldr	r3, .L86
ARM GAS  /tmp/ccCB62sD.s 			page 41


 1434 000a 1B68     		ldr	r3, [r3]
 1435 000c 1B68     		ldr	r3, [r3]
 1436 000e 002B     		cmp	r3, #0
 1437 0010 01D1     		bne	.L81
 1438              		.loc 1 655 20 is_stmt 0 discriminator 1
 1439 0012 0122     		movs	r2, #1
 1440 0014 00E0     		b	.L82
 1441              	.L81:
 1442              		.loc 1 655 20 discriminator 2
 1443 0016 0022     		movs	r2, #0
 1444              	.L82:
 1445              		.loc 1 655 18 is_stmt 1 discriminator 4
 1446 0018 7B68     		ldr	r3, [r7, #4]
 1447 001a 1A60     		str	r2, [r3]
 656:Middlewares/Third_Party/FreeRTOS/Source/timers.c **** 	if( *pxListWasEmpty == pdFALSE )
 1448              		.loc 1 656 6
 1449 001c 7B68     		ldr	r3, [r7, #4]
 1450 001e 1B68     		ldr	r3, [r3]
 1451              		.loc 1 656 4
 1452 0020 002B     		cmp	r3, #0
 1453 0022 05D1     		bne	.L83
 657:Middlewares/Third_Party/FreeRTOS/Source/timers.c **** 	{
 658:Middlewares/Third_Party/FreeRTOS/Source/timers.c **** 		xNextExpireTime = listGET_ITEM_VALUE_OF_HEAD_ENTRY( pxCurrentTimerList );
 1454              		.loc 1 658 21
 1455 0024 064B     		ldr	r3, .L86
 1456 0026 1B68     		ldr	r3, [r3]
 1457 0028 DB68     		ldr	r3, [r3, #12]
 1458              		.loc 1 658 19
 1459 002a 1B68     		ldr	r3, [r3]
 1460 002c FB60     		str	r3, [r7, #12]
 1461 002e 01E0     		b	.L84
 1462              	.L83:
 659:Middlewares/Third_Party/FreeRTOS/Source/timers.c **** 	}
 660:Middlewares/Third_Party/FreeRTOS/Source/timers.c **** 	else
 661:Middlewares/Third_Party/FreeRTOS/Source/timers.c **** 	{
 662:Middlewares/Third_Party/FreeRTOS/Source/timers.c **** 		/* Ensure the task unblocks when the tick count rolls over. */
 663:Middlewares/Third_Party/FreeRTOS/Source/timers.c **** 		xNextExpireTime = ( TickType_t ) 0U;
 1463              		.loc 1 663 19
 1464 0030 0023     		movs	r3, #0
 1465 0032 FB60     		str	r3, [r7, #12]
 1466              	.L84:
 664:Middlewares/Third_Party/FreeRTOS/Source/timers.c **** 	}
 665:Middlewares/Third_Party/FreeRTOS/Source/timers.c **** 
 666:Middlewares/Third_Party/FreeRTOS/Source/timers.c **** 	return xNextExpireTime;
 1467              		.loc 1 666 9
 1468 0034 FB68     		ldr	r3, [r7, #12]
 667:Middlewares/Third_Party/FreeRTOS/Source/timers.c **** }
 1469              		.loc 1 667 1
 1470 0036 1846     		mov	r0, r3
 1471 0038 1437     		adds	r7, r7, #20
 1472              	.LCFI75:
 1473              		.cfi_def_cfa_offset 4
 1474 003a BD46     		mov	sp, r7
 1475              	.LCFI76:
 1476              		.cfi_def_cfa_register 13
 1477              		@ sp needed
 1478 003c 80BC     		pop	{r7}
ARM GAS  /tmp/ccCB62sD.s 			page 42


 1479              	.LCFI77:
 1480              		.cfi_restore 7
 1481              		.cfi_def_cfa_offset 0
 1482 003e 7047     		bx	lr
 1483              	.L87:
 1484              		.align	2
 1485              	.L86:
 1486 0040 00000000 		.word	pxCurrentTimerList
 1487              		.cfi_endproc
 1488              	.LFE18:
 1490              		.section	.text.prvSampleTimeNow,"ax",%progbits
 1491              		.align	1
 1492              		.syntax unified
 1493              		.thumb
 1494              		.thumb_func
 1496              	prvSampleTimeNow:
 1497              	.LFB19:
 668:Middlewares/Third_Party/FreeRTOS/Source/timers.c **** /*-----------------------------------------------------------*/
 669:Middlewares/Third_Party/FreeRTOS/Source/timers.c **** 
 670:Middlewares/Third_Party/FreeRTOS/Source/timers.c **** static TickType_t prvSampleTimeNow( BaseType_t * const pxTimerListsWereSwitched )
 671:Middlewares/Third_Party/FreeRTOS/Source/timers.c **** {
 1498              		.loc 1 671 1
 1499              		.cfi_startproc
 1500              		@ args = 0, pretend = 0, frame = 16
 1501              		@ frame_needed = 1, uses_anonymous_args = 0
 1502 0000 80B5     		push	{r7, lr}
 1503              	.LCFI78:
 1504              		.cfi_def_cfa_offset 8
 1505              		.cfi_offset 7, -8
 1506              		.cfi_offset 14, -4
 1507 0002 84B0     		sub	sp, sp, #16
 1508              	.LCFI79:
 1509              		.cfi_def_cfa_offset 24
 1510 0004 00AF     		add	r7, sp, #0
 1511              	.LCFI80:
 1512              		.cfi_def_cfa_register 7
 1513 0006 7860     		str	r0, [r7, #4]
 672:Middlewares/Third_Party/FreeRTOS/Source/timers.c **** TickType_t xTimeNow;
 673:Middlewares/Third_Party/FreeRTOS/Source/timers.c **** PRIVILEGED_DATA static TickType_t xLastTime = ( TickType_t ) 0U; /*lint !e956 Variable is only acce
 674:Middlewares/Third_Party/FreeRTOS/Source/timers.c **** 
 675:Middlewares/Third_Party/FreeRTOS/Source/timers.c **** 	xTimeNow = xTaskGetTickCount();
 1514              		.loc 1 675 13
 1515 0008 FFF7FEFF 		bl	xTaskGetTickCount
 1516 000c F860     		str	r0, [r7, #12]
 676:Middlewares/Third_Party/FreeRTOS/Source/timers.c **** 
 677:Middlewares/Third_Party/FreeRTOS/Source/timers.c **** 	if( xTimeNow < xLastTime )
 1517              		.loc 1 677 15
 1518 000e 0B4B     		ldr	r3, .L92
 1519 0010 1B68     		ldr	r3, [r3]
 1520              		.loc 1 677 4
 1521 0012 FA68     		ldr	r2, [r7, #12]
 1522 0014 9A42     		cmp	r2, r3
 1523 0016 05D2     		bcs	.L89
 678:Middlewares/Third_Party/FreeRTOS/Source/timers.c **** 	{
 679:Middlewares/Third_Party/FreeRTOS/Source/timers.c **** 		prvSwitchTimerLists();
 1524              		.loc 1 679 3
 1525 0018 FFF7FEFF 		bl	prvSwitchTimerLists
ARM GAS  /tmp/ccCB62sD.s 			page 43


 680:Middlewares/Third_Party/FreeRTOS/Source/timers.c **** 		*pxTimerListsWereSwitched = pdTRUE;
 1526              		.loc 1 680 29
 1527 001c 7B68     		ldr	r3, [r7, #4]
 1528 001e 0122     		movs	r2, #1
 1529 0020 1A60     		str	r2, [r3]
 1530 0022 02E0     		b	.L90
 1531              	.L89:
 681:Middlewares/Third_Party/FreeRTOS/Source/timers.c **** 	}
 682:Middlewares/Third_Party/FreeRTOS/Source/timers.c **** 	else
 683:Middlewares/Third_Party/FreeRTOS/Source/timers.c **** 	{
 684:Middlewares/Third_Party/FreeRTOS/Source/timers.c **** 		*pxTimerListsWereSwitched = pdFALSE;
 1532              		.loc 1 684 29
 1533 0024 7B68     		ldr	r3, [r7, #4]
 1534 0026 0022     		movs	r2, #0
 1535 0028 1A60     		str	r2, [r3]
 1536              	.L90:
 685:Middlewares/Third_Party/FreeRTOS/Source/timers.c **** 	}
 686:Middlewares/Third_Party/FreeRTOS/Source/timers.c **** 
 687:Middlewares/Third_Party/FreeRTOS/Source/timers.c **** 	xLastTime = xTimeNow;
 1537              		.loc 1 687 12
 1538 002a 044A     		ldr	r2, .L92
 1539 002c FB68     		ldr	r3, [r7, #12]
 1540 002e 1360     		str	r3, [r2]
 688:Middlewares/Third_Party/FreeRTOS/Source/timers.c **** 
 689:Middlewares/Third_Party/FreeRTOS/Source/timers.c **** 	return xTimeNow;
 1541              		.loc 1 689 9
 1542 0030 FB68     		ldr	r3, [r7, #12]
 690:Middlewares/Third_Party/FreeRTOS/Source/timers.c **** }
 1543              		.loc 1 690 1
 1544 0032 1846     		mov	r0, r3
 1545 0034 1037     		adds	r7, r7, #16
 1546              	.LCFI81:
 1547              		.cfi_def_cfa_offset 8
 1548 0036 BD46     		mov	sp, r7
 1549              	.LCFI82:
 1550              		.cfi_def_cfa_register 13
 1551              		@ sp needed
 1552 0038 80BD     		pop	{r7, pc}
 1553              	.L93:
 1554 003a 00BF     		.align	2
 1555              	.L92:
 1556 003c 00000000 		.word	xLastTime.2
 1557              		.cfi_endproc
 1558              	.LFE19:
 1560              		.section	.text.prvInsertTimerInActiveList,"ax",%progbits
 1561              		.align	1
 1562              		.syntax unified
 1563              		.thumb
 1564              		.thumb_func
 1566              	prvInsertTimerInActiveList:
 1567              	.LFB20:
 691:Middlewares/Third_Party/FreeRTOS/Source/timers.c **** /*-----------------------------------------------------------*/
 692:Middlewares/Third_Party/FreeRTOS/Source/timers.c **** 
 693:Middlewares/Third_Party/FreeRTOS/Source/timers.c **** static BaseType_t prvInsertTimerInActiveList( Timer_t * const pxTimer, const TickType_t xNextExpiry
 694:Middlewares/Third_Party/FreeRTOS/Source/timers.c **** {
 1568              		.loc 1 694 1
 1569              		.cfi_startproc
ARM GAS  /tmp/ccCB62sD.s 			page 44


 1570              		@ args = 0, pretend = 0, frame = 24
 1571              		@ frame_needed = 1, uses_anonymous_args = 0
 1572 0000 80B5     		push	{r7, lr}
 1573              	.LCFI83:
 1574              		.cfi_def_cfa_offset 8
 1575              		.cfi_offset 7, -8
 1576              		.cfi_offset 14, -4
 1577 0002 86B0     		sub	sp, sp, #24
 1578              	.LCFI84:
 1579              		.cfi_def_cfa_offset 32
 1580 0004 00AF     		add	r7, sp, #0
 1581              	.LCFI85:
 1582              		.cfi_def_cfa_register 7
 1583 0006 F860     		str	r0, [r7, #12]
 1584 0008 B960     		str	r1, [r7, #8]
 1585 000a 7A60     		str	r2, [r7, #4]
 1586 000c 3B60     		str	r3, [r7]
 695:Middlewares/Third_Party/FreeRTOS/Source/timers.c **** BaseType_t xProcessTimerNow = pdFALSE;
 1587              		.loc 1 695 12
 1588 000e 0023     		movs	r3, #0
 1589 0010 7B61     		str	r3, [r7, #20]
 696:Middlewares/Third_Party/FreeRTOS/Source/timers.c **** 
 697:Middlewares/Third_Party/FreeRTOS/Source/timers.c **** 	listSET_LIST_ITEM_VALUE( &( pxTimer->xTimerListItem ), xNextExpiryTime );
 1590              		.loc 1 697 2
 1591 0012 FB68     		ldr	r3, [r7, #12]
 1592 0014 BA68     		ldr	r2, [r7, #8]
 1593 0016 5A60     		str	r2, [r3, #4]
 698:Middlewares/Third_Party/FreeRTOS/Source/timers.c **** 	listSET_LIST_ITEM_OWNER( &( pxTimer->xTimerListItem ), pxTimer );
 1594              		.loc 1 698 2
 1595 0018 FB68     		ldr	r3, [r7, #12]
 1596 001a FA68     		ldr	r2, [r7, #12]
 1597 001c 1A61     		str	r2, [r3, #16]
 699:Middlewares/Third_Party/FreeRTOS/Source/timers.c **** 
 700:Middlewares/Third_Party/FreeRTOS/Source/timers.c **** 	if( xNextExpiryTime <= xTimeNow )
 1598              		.loc 1 700 4
 1599 001e BA68     		ldr	r2, [r7, #8]
 1600 0020 7B68     		ldr	r3, [r7, #4]
 1601 0022 9A42     		cmp	r2, r3
 1602 0024 12D8     		bhi	.L95
 701:Middlewares/Third_Party/FreeRTOS/Source/timers.c **** 	{
 702:Middlewares/Third_Party/FreeRTOS/Source/timers.c **** 		/* Has the expiry time elapsed between the command to start/reset a
 703:Middlewares/Third_Party/FreeRTOS/Source/timers.c **** 		timer was issued, and the time the command was processed? */
 704:Middlewares/Third_Party/FreeRTOS/Source/timers.c **** 		if( ( ( TickType_t ) ( xTimeNow - xCommandTime ) ) >= pxTimer->xTimerPeriodInTicks ) /*lint !e961
 1603              		.loc 1 704 35
 1604 0026 7A68     		ldr	r2, [r7, #4]
 1605 0028 3B68     		ldr	r3, [r7]
 1606 002a D21A     		subs	r2, r2, r3
 1607              		.loc 1 704 64
 1608 002c FB68     		ldr	r3, [r7, #12]
 1609 002e 9B69     		ldr	r3, [r3, #24]
 1610              		.loc 1 704 5
 1611 0030 9A42     		cmp	r2, r3
 1612 0032 02D3     		bcc	.L96
 705:Middlewares/Third_Party/FreeRTOS/Source/timers.c **** 		{
 706:Middlewares/Third_Party/FreeRTOS/Source/timers.c **** 			/* The time between a command being issued and the command being
 707:Middlewares/Third_Party/FreeRTOS/Source/timers.c **** 			processed actually exceeds the timers period.  */
 708:Middlewares/Third_Party/FreeRTOS/Source/timers.c **** 			xProcessTimerNow = pdTRUE;
ARM GAS  /tmp/ccCB62sD.s 			page 45


 1613              		.loc 1 708 21
 1614 0034 0123     		movs	r3, #1
 1615 0036 7B61     		str	r3, [r7, #20]
 1616 0038 1BE0     		b	.L97
 1617              	.L96:
 709:Middlewares/Third_Party/FreeRTOS/Source/timers.c **** 		}
 710:Middlewares/Third_Party/FreeRTOS/Source/timers.c **** 		else
 711:Middlewares/Third_Party/FreeRTOS/Source/timers.c **** 		{
 712:Middlewares/Third_Party/FreeRTOS/Source/timers.c **** 			vListInsert( pxOverflowTimerList, &( pxTimer->xTimerListItem ) );
 1618              		.loc 1 712 4
 1619 003a 104B     		ldr	r3, .L100
 1620 003c 1A68     		ldr	r2, [r3]
 1621              		.loc 1 712 38
 1622 003e FB68     		ldr	r3, [r7, #12]
 1623 0040 0433     		adds	r3, r3, #4
 1624              		.loc 1 712 4
 1625 0042 1946     		mov	r1, r3
 1626 0044 1046     		mov	r0, r2
 1627 0046 FFF7FEFF 		bl	vListInsert
 1628 004a 12E0     		b	.L97
 1629              	.L95:
 713:Middlewares/Third_Party/FreeRTOS/Source/timers.c **** 		}
 714:Middlewares/Third_Party/FreeRTOS/Source/timers.c **** 	}
 715:Middlewares/Third_Party/FreeRTOS/Source/timers.c **** 	else
 716:Middlewares/Third_Party/FreeRTOS/Source/timers.c **** 	{
 717:Middlewares/Third_Party/FreeRTOS/Source/timers.c **** 		if( ( xTimeNow < xCommandTime ) && ( xNextExpiryTime >= xCommandTime ) )
 1630              		.loc 1 717 5
 1631 004c 7A68     		ldr	r2, [r7, #4]
 1632 004e 3B68     		ldr	r3, [r7]
 1633 0050 9A42     		cmp	r2, r3
 1634 0052 06D2     		bcs	.L98
 1635              		.loc 1 717 35 discriminator 1
 1636 0054 BA68     		ldr	r2, [r7, #8]
 1637 0056 3B68     		ldr	r3, [r7]
 1638 0058 9A42     		cmp	r2, r3
 1639 005a 02D3     		bcc	.L98
 718:Middlewares/Third_Party/FreeRTOS/Source/timers.c **** 		{
 719:Middlewares/Third_Party/FreeRTOS/Source/timers.c **** 			/* If, since the command was issued, the tick count has overflowed
 720:Middlewares/Third_Party/FreeRTOS/Source/timers.c **** 			but the expiry time has not, then the timer must have already passed
 721:Middlewares/Third_Party/FreeRTOS/Source/timers.c **** 			its expiry time and should be processed immediately. */
 722:Middlewares/Third_Party/FreeRTOS/Source/timers.c **** 			xProcessTimerNow = pdTRUE;
 1640              		.loc 1 722 21
 1641 005c 0123     		movs	r3, #1
 1642 005e 7B61     		str	r3, [r7, #20]
 1643 0060 07E0     		b	.L97
 1644              	.L98:
 723:Middlewares/Third_Party/FreeRTOS/Source/timers.c **** 		}
 724:Middlewares/Third_Party/FreeRTOS/Source/timers.c **** 		else
 725:Middlewares/Third_Party/FreeRTOS/Source/timers.c **** 		{
 726:Middlewares/Third_Party/FreeRTOS/Source/timers.c **** 			vListInsert( pxCurrentTimerList, &( pxTimer->xTimerListItem ) );
 1645              		.loc 1 726 4
 1646 0062 074B     		ldr	r3, .L100+4
 1647 0064 1A68     		ldr	r2, [r3]
 1648              		.loc 1 726 37
 1649 0066 FB68     		ldr	r3, [r7, #12]
 1650 0068 0433     		adds	r3, r3, #4
 1651              		.loc 1 726 4
ARM GAS  /tmp/ccCB62sD.s 			page 46


 1652 006a 1946     		mov	r1, r3
 1653 006c 1046     		mov	r0, r2
 1654 006e FFF7FEFF 		bl	vListInsert
 1655              	.L97:
 727:Middlewares/Third_Party/FreeRTOS/Source/timers.c **** 		}
 728:Middlewares/Third_Party/FreeRTOS/Source/timers.c **** 	}
 729:Middlewares/Third_Party/FreeRTOS/Source/timers.c **** 
 730:Middlewares/Third_Party/FreeRTOS/Source/timers.c **** 	return xProcessTimerNow;
 1656              		.loc 1 730 9
 1657 0072 7B69     		ldr	r3, [r7, #20]
 731:Middlewares/Third_Party/FreeRTOS/Source/timers.c **** }
 1658              		.loc 1 731 1
 1659 0074 1846     		mov	r0, r3
 1660 0076 1837     		adds	r7, r7, #24
 1661              	.LCFI86:
 1662              		.cfi_def_cfa_offset 8
 1663 0078 BD46     		mov	sp, r7
 1664              	.LCFI87:
 1665              		.cfi_def_cfa_register 13
 1666              		@ sp needed
 1667 007a 80BD     		pop	{r7, pc}
 1668              	.L101:
 1669              		.align	2
 1670              	.L100:
 1671 007c 00000000 		.word	pxOverflowTimerList
 1672 0080 00000000 		.word	pxCurrentTimerList
 1673              		.cfi_endproc
 1674              	.LFE20:
 1676              		.section	.text.prvProcessReceivedCommands,"ax",%progbits
 1677              		.align	1
 1678              		.syntax unified
 1679              		.thumb
 1680              		.thumb_func
 1682              	prvProcessReceivedCommands:
 1683              	.LFB21:
 732:Middlewares/Third_Party/FreeRTOS/Source/timers.c **** /*-----------------------------------------------------------*/
 733:Middlewares/Third_Party/FreeRTOS/Source/timers.c **** 
 734:Middlewares/Third_Party/FreeRTOS/Source/timers.c **** static void	prvProcessReceivedCommands( void )
 735:Middlewares/Third_Party/FreeRTOS/Source/timers.c **** {
 1684              		.loc 1 735 1
 1685              		.cfi_startproc
 1686              		@ args = 0, pretend = 0, frame = 48
 1687              		@ frame_needed = 1, uses_anonymous_args = 0
 1688 0000 80B5     		push	{r7, lr}
 1689              	.LCFI88:
 1690              		.cfi_def_cfa_offset 8
 1691              		.cfi_offset 7, -8
 1692              		.cfi_offset 14, -4
 1693 0002 8EB0     		sub	sp, sp, #56
 1694              	.LCFI89:
 1695              		.cfi_def_cfa_offset 64
 1696 0004 02AF     		add	r7, sp, #8
 1697              	.LCFI90:
 1698              		.cfi_def_cfa 7, 56
 736:Middlewares/Third_Party/FreeRTOS/Source/timers.c **** DaemonTaskMessage_t xMessage;
 737:Middlewares/Third_Party/FreeRTOS/Source/timers.c **** Timer_t *pxTimer;
 738:Middlewares/Third_Party/FreeRTOS/Source/timers.c **** BaseType_t xTimerListsWereSwitched, xResult;
ARM GAS  /tmp/ccCB62sD.s 			page 47


 739:Middlewares/Third_Party/FreeRTOS/Source/timers.c **** TickType_t xTimeNow;
 740:Middlewares/Third_Party/FreeRTOS/Source/timers.c **** 
 741:Middlewares/Third_Party/FreeRTOS/Source/timers.c **** 	while( xQueueReceive( xTimerQueue, &xMessage, tmrNO_DELAY ) != pdFAIL ) /*lint !e603 xMessage does
 1699              		.loc 1 741 7
 1700 0006 D5E0     		b	.L107
 1701              	.L122:
 742:Middlewares/Third_Party/FreeRTOS/Source/timers.c **** 	{
 743:Middlewares/Third_Party/FreeRTOS/Source/timers.c **** 		#if ( INCLUDE_xTimerPendFunctionCall == 1 )
 744:Middlewares/Third_Party/FreeRTOS/Source/timers.c **** 		{
 745:Middlewares/Third_Party/FreeRTOS/Source/timers.c **** 			/* Negative commands are pended function calls rather than timer
 746:Middlewares/Third_Party/FreeRTOS/Source/timers.c **** 			commands. */
 747:Middlewares/Third_Party/FreeRTOS/Source/timers.c **** 			if( xMessage.xMessageID < ( BaseType_t ) 0 )
 1702              		.loc 1 747 16
 1703 0008 7B68     		ldr	r3, [r7, #4]
 1704              		.loc 1 747 6
 1705 000a 002B     		cmp	r3, #0
 1706 000c 19DA     		bge	.L104
 1707              	.LBB71:
 748:Middlewares/Third_Party/FreeRTOS/Source/timers.c **** 			{
 749:Middlewares/Third_Party/FreeRTOS/Source/timers.c **** 				const CallbackParameters_t * const pxCallback = &( xMessage.u.xCallbackParameters );
 1708              		.loc 1 749 40
 1709 000e 3B1D     		adds	r3, r7, #4
 1710 0010 0433     		adds	r3, r3, #4
 1711 0012 FB62     		str	r3, [r7, #44]
 750:Middlewares/Third_Party/FreeRTOS/Source/timers.c **** 
 751:Middlewares/Third_Party/FreeRTOS/Source/timers.c **** 				/* The timer uses the xCallbackParameters member to request a
 752:Middlewares/Third_Party/FreeRTOS/Source/timers.c **** 				callback be executed.  Check the callback is not NULL. */
 753:Middlewares/Third_Party/FreeRTOS/Source/timers.c **** 				configASSERT( pxCallback );
 1712              		.loc 1 753 5
 1713 0014 FB6A     		ldr	r3, [r7, #44]
 1714 0016 002B     		cmp	r3, #0
 1715 0018 0BD1     		bne	.L105
 1716              	.LBB72:
 1717              	.LBB73:
 195:Middlewares/Third_Party/FreeRTOS/Source/portable/GCC/ARM_CM4F/portmacro.h **** 	(
 1718              		.loc 2 195 2
 1719              		.syntax unified
 1720              	@ 195 "Middlewares/Third_Party/FreeRTOS/Source/portable/GCC/ARM_CM4F/portmacro.h" 1
 1721 001a 4FF05003 			mov r3, #80												
 1722 001e 83F31188 		msr basepri, r3											
 1723 0022 BFF36F8F 		isb														
 1724 0026 BFF34F8F 		dsb														
 1725              	
 1726              	@ 0 "" 2
 1727              		.thumb
 1728              		.syntax unified
 1729 002a FB61     		str	r3, [r7, #28]
 1730              		.loc 2 203 1
 1731 002c 00BF     		nop
 1732              	.L106:
 1733              	.LBE73:
 1734              	.LBE72:
 1735              		.loc 1 753 5
 1736 002e 00BF     		nop
 1737 0030 FDE7     		b	.L106
 1738              	.L105:
 754:Middlewares/Third_Party/FreeRTOS/Source/timers.c **** 
ARM GAS  /tmp/ccCB62sD.s 			page 48


 755:Middlewares/Third_Party/FreeRTOS/Source/timers.c **** 				/* Call the function. */
 756:Middlewares/Third_Party/FreeRTOS/Source/timers.c **** 				pxCallback->pxCallbackFunction( pxCallback->pvParameter1, pxCallback->ulParameter2 );
 1739              		.loc 1 756 15
 1740 0032 FB6A     		ldr	r3, [r7, #44]
 1741 0034 1B68     		ldr	r3, [r3]
 1742              		.loc 1 756 47
 1743 0036 FA6A     		ldr	r2, [r7, #44]
 1744 0038 5068     		ldr	r0, [r2, #4]
 1745              		.loc 1 756 73
 1746 003a FA6A     		ldr	r2, [r7, #44]
 1747 003c 9268     		ldr	r2, [r2, #8]
 1748              		.loc 1 756 5
 1749 003e 1146     		mov	r1, r2
 1750 0040 9847     		blx	r3
 1751              	.LVL1:
 1752              	.L104:
 1753              	.LBE71:
 757:Middlewares/Third_Party/FreeRTOS/Source/timers.c **** 			}
 758:Middlewares/Third_Party/FreeRTOS/Source/timers.c **** 			else
 759:Middlewares/Third_Party/FreeRTOS/Source/timers.c **** 			{
 760:Middlewares/Third_Party/FreeRTOS/Source/timers.c **** 				mtCOVERAGE_TEST_MARKER();
 761:Middlewares/Third_Party/FreeRTOS/Source/timers.c **** 			}
 762:Middlewares/Third_Party/FreeRTOS/Source/timers.c **** 		}
 763:Middlewares/Third_Party/FreeRTOS/Source/timers.c **** 		#endif /* INCLUDE_xTimerPendFunctionCall */
 764:Middlewares/Third_Party/FreeRTOS/Source/timers.c **** 
 765:Middlewares/Third_Party/FreeRTOS/Source/timers.c **** 		/* Commands that are positive are timer commands rather than pended
 766:Middlewares/Third_Party/FreeRTOS/Source/timers.c **** 		function calls. */
 767:Middlewares/Third_Party/FreeRTOS/Source/timers.c **** 		if( xMessage.xMessageID >= ( BaseType_t ) 0 )
 1754              		.loc 1 767 15
 1755 0042 7B68     		ldr	r3, [r7, #4]
 1756              		.loc 1 767 5
 1757 0044 002B     		cmp	r3, #0
 1758 0046 C0F2B580 		blt	.L107
 768:Middlewares/Third_Party/FreeRTOS/Source/timers.c **** 		{
 769:Middlewares/Third_Party/FreeRTOS/Source/timers.c **** 			/* The messages uses the xTimerParameters member to work on a
 770:Middlewares/Third_Party/FreeRTOS/Source/timers.c **** 			software timer. */
 771:Middlewares/Third_Party/FreeRTOS/Source/timers.c **** 			pxTimer = xMessage.u.xTimerParameters.pxTimer;
 1759              		.loc 1 771 12
 1760 004a FB68     		ldr	r3, [r7, #12]
 1761 004c BB62     		str	r3, [r7, #40]
 772:Middlewares/Third_Party/FreeRTOS/Source/timers.c **** 
 773:Middlewares/Third_Party/FreeRTOS/Source/timers.c **** 			if( listIS_CONTAINED_WITHIN( NULL, &( pxTimer->xTimerListItem ) ) == pdFALSE ) /*lint !e961. The
 1762              		.loc 1 773 8
 1763 004e BB6A     		ldr	r3, [r7, #40]
 1764 0050 5B69     		ldr	r3, [r3, #20]
 1765              		.loc 1 773 6
 1766 0052 002B     		cmp	r3, #0
 1767 0054 04D0     		beq	.L108
 774:Middlewares/Third_Party/FreeRTOS/Source/timers.c **** 			{
 775:Middlewares/Third_Party/FreeRTOS/Source/timers.c **** 				/* The timer is in a list, remove it. */
 776:Middlewares/Third_Party/FreeRTOS/Source/timers.c **** 				( void ) uxListRemove( &( pxTimer->xTimerListItem ) );
 1768              		.loc 1 776 28
 1769 0056 BB6A     		ldr	r3, [r7, #40]
 1770 0058 0433     		adds	r3, r3, #4
 1771              		.loc 1 776 14
 1772 005a 1846     		mov	r0, r3
 1773 005c FFF7FEFF 		bl	uxListRemove
ARM GAS  /tmp/ccCB62sD.s 			page 49


 1774              	.L108:
 777:Middlewares/Third_Party/FreeRTOS/Source/timers.c **** 			}
 778:Middlewares/Third_Party/FreeRTOS/Source/timers.c **** 			else
 779:Middlewares/Third_Party/FreeRTOS/Source/timers.c **** 			{
 780:Middlewares/Third_Party/FreeRTOS/Source/timers.c **** 				mtCOVERAGE_TEST_MARKER();
 781:Middlewares/Third_Party/FreeRTOS/Source/timers.c **** 			}
 782:Middlewares/Third_Party/FreeRTOS/Source/timers.c **** 
 783:Middlewares/Third_Party/FreeRTOS/Source/timers.c **** 			traceTIMER_COMMAND_RECEIVED( pxTimer, xMessage.xMessageID, xMessage.u.xTimerParameters.xMessageV
 784:Middlewares/Third_Party/FreeRTOS/Source/timers.c **** 
 785:Middlewares/Third_Party/FreeRTOS/Source/timers.c **** 			/* In this case the xTimerListsWereSwitched parameter is not used, but
 786:Middlewares/Third_Party/FreeRTOS/Source/timers.c **** 			it must be present in the function call.  prvSampleTimeNow() must be
 787:Middlewares/Third_Party/FreeRTOS/Source/timers.c **** 			called after the message is received from xTimerQueue so there is no
 788:Middlewares/Third_Party/FreeRTOS/Source/timers.c **** 			possibility of a higher priority task adding a message to the message
 789:Middlewares/Third_Party/FreeRTOS/Source/timers.c **** 			queue with a time that is ahead of the timer daemon task (because it
 790:Middlewares/Third_Party/FreeRTOS/Source/timers.c **** 			pre-empted the timer daemon task after the xTimeNow value was set). */
 791:Middlewares/Third_Party/FreeRTOS/Source/timers.c **** 			xTimeNow = prvSampleTimeNow( &xTimerListsWereSwitched );
 1775              		.loc 1 791 15
 1776 0060 3B46     		mov	r3, r7
 1777 0062 1846     		mov	r0, r3
 1778 0064 FFF7FEFF 		bl	prvSampleTimeNow
 1779 0068 7862     		str	r0, [r7, #36]
 792:Middlewares/Third_Party/FreeRTOS/Source/timers.c **** 
 793:Middlewares/Third_Party/FreeRTOS/Source/timers.c **** 			switch( xMessage.xMessageID )
 1780              		.loc 1 793 20
 1781 006a 7B68     		ldr	r3, [r7, #4]
 1782              		.loc 1 793 4
 1783 006c 092B     		cmp	r3, #9
 1784 006e 63D0     		beq	.L109
 1785 0070 092B     		cmp	r3, #9
 1786 0072 00F39C80 		bgt	.L123
 1787 0076 082B     		cmp	r3, #8
 1788 0078 54D0     		beq	.L111
 1789 007a 082B     		cmp	r3, #8
 1790 007c 00F39780 		bgt	.L123
 1791 0080 072B     		cmp	r3, #7
 1792 0082 00F39480 		bgt	.L123
 1793 0086 062B     		cmp	r3, #6
 1794 0088 11DA     		bge	.L112
 1795 008a 052B     		cmp	r3, #5
 1796 008c 7AD0     		beq	.L113
 1797 008e 052B     		cmp	r3, #5
 1798 0090 00F38D80 		bgt	.L123
 1799 0094 042B     		cmp	r3, #4
 1800 0096 4FD0     		beq	.L109
 1801 0098 042B     		cmp	r3, #4
 1802 009a 00F38880 		bgt	.L123
 1803 009e 022B     		cmp	r3, #2
 1804 00a0 02DC     		bgt	.L114
 1805 00a2 002B     		cmp	r3, #0
 1806 00a4 03DA     		bge	.L112
 794:Middlewares/Third_Party/FreeRTOS/Source/timers.c **** 			{
 795:Middlewares/Third_Party/FreeRTOS/Source/timers.c **** 				case tmrCOMMAND_START :
 796:Middlewares/Third_Party/FreeRTOS/Source/timers.c **** 				case tmrCOMMAND_START_FROM_ISR :
 797:Middlewares/Third_Party/FreeRTOS/Source/timers.c **** 				case tmrCOMMAND_RESET :
 798:Middlewares/Third_Party/FreeRTOS/Source/timers.c **** 				case tmrCOMMAND_RESET_FROM_ISR :
 799:Middlewares/Third_Party/FreeRTOS/Source/timers.c **** 				case tmrCOMMAND_START_DONT_TRACE :
 800:Middlewares/Third_Party/FreeRTOS/Source/timers.c **** 					/* Start or restart a timer. */
ARM GAS  /tmp/ccCB62sD.s 			page 50


 801:Middlewares/Third_Party/FreeRTOS/Source/timers.c **** 					pxTimer->ucStatus |= tmrSTATUS_IS_ACTIVE;
 802:Middlewares/Third_Party/FreeRTOS/Source/timers.c **** 					if( prvInsertTimerInActiveList( pxTimer,  xMessage.u.xTimerParameters.xMessageValue + pxTimer-
 803:Middlewares/Third_Party/FreeRTOS/Source/timers.c **** 					{
 804:Middlewares/Third_Party/FreeRTOS/Source/timers.c **** 						/* The timer expired before it was added to the active
 805:Middlewares/Third_Party/FreeRTOS/Source/timers.c **** 						timer list.  Process it now. */
 806:Middlewares/Third_Party/FreeRTOS/Source/timers.c **** 						pxTimer->pxCallbackFunction( ( TimerHandle_t ) pxTimer );
 807:Middlewares/Third_Party/FreeRTOS/Source/timers.c **** 						traceTIMER_EXPIRED( pxTimer );
 808:Middlewares/Third_Party/FreeRTOS/Source/timers.c **** 
 809:Middlewares/Third_Party/FreeRTOS/Source/timers.c **** 						if( ( pxTimer->ucStatus & tmrSTATUS_IS_AUTORELOAD ) != 0 )
 810:Middlewares/Third_Party/FreeRTOS/Source/timers.c **** 						{
 811:Middlewares/Third_Party/FreeRTOS/Source/timers.c **** 							xResult = xTimerGenericCommand( pxTimer, tmrCOMMAND_START_DONT_TRACE, xMessage.u.xTimerParam
 812:Middlewares/Third_Party/FreeRTOS/Source/timers.c **** 							configASSERT( xResult );
 813:Middlewares/Third_Party/FreeRTOS/Source/timers.c **** 							( void ) xResult;
 814:Middlewares/Third_Party/FreeRTOS/Source/timers.c **** 						}
 815:Middlewares/Third_Party/FreeRTOS/Source/timers.c **** 						else
 816:Middlewares/Third_Party/FreeRTOS/Source/timers.c **** 						{
 817:Middlewares/Third_Party/FreeRTOS/Source/timers.c **** 							mtCOVERAGE_TEST_MARKER();
 818:Middlewares/Third_Party/FreeRTOS/Source/timers.c **** 						}
 819:Middlewares/Third_Party/FreeRTOS/Source/timers.c **** 					}
 820:Middlewares/Third_Party/FreeRTOS/Source/timers.c **** 					else
 821:Middlewares/Third_Party/FreeRTOS/Source/timers.c **** 					{
 822:Middlewares/Third_Party/FreeRTOS/Source/timers.c **** 						mtCOVERAGE_TEST_MARKER();
 823:Middlewares/Third_Party/FreeRTOS/Source/timers.c **** 					}
 824:Middlewares/Third_Party/FreeRTOS/Source/timers.c **** 					break;
 825:Middlewares/Third_Party/FreeRTOS/Source/timers.c **** 
 826:Middlewares/Third_Party/FreeRTOS/Source/timers.c **** 				case tmrCOMMAND_STOP :
 827:Middlewares/Third_Party/FreeRTOS/Source/timers.c **** 				case tmrCOMMAND_STOP_FROM_ISR :
 828:Middlewares/Third_Party/FreeRTOS/Source/timers.c **** 					/* The timer has already been removed from the active list. */
 829:Middlewares/Third_Party/FreeRTOS/Source/timers.c **** 					pxTimer->ucStatus &= ~tmrSTATUS_IS_ACTIVE;
 830:Middlewares/Third_Party/FreeRTOS/Source/timers.c **** 					break;
 831:Middlewares/Third_Party/FreeRTOS/Source/timers.c **** 
 832:Middlewares/Third_Party/FreeRTOS/Source/timers.c **** 				case tmrCOMMAND_CHANGE_PERIOD :
 833:Middlewares/Third_Party/FreeRTOS/Source/timers.c **** 				case tmrCOMMAND_CHANGE_PERIOD_FROM_ISR :
 834:Middlewares/Third_Party/FreeRTOS/Source/timers.c **** 					pxTimer->ucStatus |= tmrSTATUS_IS_ACTIVE;
 835:Middlewares/Third_Party/FreeRTOS/Source/timers.c **** 					pxTimer->xTimerPeriodInTicks = xMessage.u.xTimerParameters.xMessageValue;
 836:Middlewares/Third_Party/FreeRTOS/Source/timers.c **** 					configASSERT( ( pxTimer->xTimerPeriodInTicks > 0 ) );
 837:Middlewares/Third_Party/FreeRTOS/Source/timers.c **** 
 838:Middlewares/Third_Party/FreeRTOS/Source/timers.c **** 					/* The new period does not really have a reference, and can
 839:Middlewares/Third_Party/FreeRTOS/Source/timers.c **** 					be longer or shorter than the old one.  The command time is
 840:Middlewares/Third_Party/FreeRTOS/Source/timers.c **** 					therefore set to the current time, and as the period cannot
 841:Middlewares/Third_Party/FreeRTOS/Source/timers.c **** 					be zero the next expiry time can only be in the future,
 842:Middlewares/Third_Party/FreeRTOS/Source/timers.c **** 					meaning (unlike for the xTimerStart() case above) there is
 843:Middlewares/Third_Party/FreeRTOS/Source/timers.c **** 					no fail case that needs to be handled here. */
 844:Middlewares/Third_Party/FreeRTOS/Source/timers.c **** 					( void ) prvInsertTimerInActiveList( pxTimer, ( xTimeNow + pxTimer->xTimerPeriodInTicks ), xTi
 845:Middlewares/Third_Party/FreeRTOS/Source/timers.c **** 					break;
 846:Middlewares/Third_Party/FreeRTOS/Source/timers.c **** 
 847:Middlewares/Third_Party/FreeRTOS/Source/timers.c **** 				case tmrCOMMAND_DELETE :
 848:Middlewares/Third_Party/FreeRTOS/Source/timers.c **** 					#if ( configSUPPORT_DYNAMIC_ALLOCATION == 1 )
 849:Middlewares/Third_Party/FreeRTOS/Source/timers.c **** 					{
 850:Middlewares/Third_Party/FreeRTOS/Source/timers.c **** 						/* The timer has already been removed from the active list,
 851:Middlewares/Third_Party/FreeRTOS/Source/timers.c **** 						just free up the memory if the memory was dynamically
 852:Middlewares/Third_Party/FreeRTOS/Source/timers.c **** 						allocated. */
 853:Middlewares/Third_Party/FreeRTOS/Source/timers.c **** 						if( ( pxTimer->ucStatus & tmrSTATUS_IS_STATICALLY_ALLOCATED ) == ( uint8_t ) 0 )
 854:Middlewares/Third_Party/FreeRTOS/Source/timers.c **** 						{
 855:Middlewares/Third_Party/FreeRTOS/Source/timers.c **** 							vPortFree( pxTimer );
 856:Middlewares/Third_Party/FreeRTOS/Source/timers.c **** 						}
 857:Middlewares/Third_Party/FreeRTOS/Source/timers.c **** 						else
ARM GAS  /tmp/ccCB62sD.s 			page 51


 858:Middlewares/Third_Party/FreeRTOS/Source/timers.c **** 						{
 859:Middlewares/Third_Party/FreeRTOS/Source/timers.c **** 							pxTimer->ucStatus &= ~tmrSTATUS_IS_ACTIVE;
 860:Middlewares/Third_Party/FreeRTOS/Source/timers.c **** 						}
 861:Middlewares/Third_Party/FreeRTOS/Source/timers.c **** 					}
 862:Middlewares/Third_Party/FreeRTOS/Source/timers.c **** 					#else
 863:Middlewares/Third_Party/FreeRTOS/Source/timers.c **** 					{
 864:Middlewares/Third_Party/FreeRTOS/Source/timers.c **** 						/* If dynamic allocation is not enabled, the memory
 865:Middlewares/Third_Party/FreeRTOS/Source/timers.c **** 						could not have been dynamically allocated. So there is
 866:Middlewares/Third_Party/FreeRTOS/Source/timers.c **** 						no need to free the memory - just mark the timer as
 867:Middlewares/Third_Party/FreeRTOS/Source/timers.c **** 						"not active". */
 868:Middlewares/Third_Party/FreeRTOS/Source/timers.c **** 						pxTimer->ucStatus &= ~tmrSTATUS_IS_ACTIVE;
 869:Middlewares/Third_Party/FreeRTOS/Source/timers.c **** 					}
 870:Middlewares/Third_Party/FreeRTOS/Source/timers.c **** 					#endif /* configSUPPORT_DYNAMIC_ALLOCATION */
 871:Middlewares/Third_Party/FreeRTOS/Source/timers.c **** 					break;
 872:Middlewares/Third_Party/FreeRTOS/Source/timers.c **** 
 873:Middlewares/Third_Party/FreeRTOS/Source/timers.c **** 				default	:
 874:Middlewares/Third_Party/FreeRTOS/Source/timers.c **** 					/* Don't expect to get here. */
 875:Middlewares/Third_Party/FreeRTOS/Source/timers.c **** 					break;
 1807              		.loc 1 875 6
 1808 00a6 82E0     		b	.L123
 1809              	.L114:
 793:Middlewares/Third_Party/FreeRTOS/Source/timers.c **** 			{
 1810              		.loc 1 793 4
 1811 00a8 032B     		cmp	r3, #3
 1812 00aa 3BD0     		beq	.L111
 1813              		.loc 1 875 6
 1814 00ac 7FE0     		b	.L123
 1815              	.L112:
 801:Middlewares/Third_Party/FreeRTOS/Source/timers.c **** 					if( prvInsertTimerInActiveList( pxTimer,  xMessage.u.xTimerParameters.xMessageValue + pxTimer-
 1816              		.loc 1 801 13
 1817 00ae BB6A     		ldr	r3, [r7, #40]
 1818 00b0 93F82830 		ldrb	r3, [r3, #40]	@ zero_extendqisi2
 801:Middlewares/Third_Party/FreeRTOS/Source/timers.c **** 					if( prvInsertTimerInActiveList( pxTimer,  xMessage.u.xTimerParameters.xMessageValue + pxTimer-
 1819              		.loc 1 801 24
 1820 00b4 43F00103 		orr	r3, r3, #1
 1821 00b8 DAB2     		uxtb	r2, r3
 1822 00ba BB6A     		ldr	r3, [r7, #40]
 1823 00bc 83F82820 		strb	r2, [r3, #40]
 802:Middlewares/Third_Party/FreeRTOS/Source/timers.c **** 					{
 1824              		.loc 1 802 75
 1825 00c0 BA68     		ldr	r2, [r7, #8]
 802:Middlewares/Third_Party/FreeRTOS/Source/timers.c **** 					{
 1826              		.loc 1 802 99
 1827 00c2 BB6A     		ldr	r3, [r7, #40]
 1828 00c4 9B69     		ldr	r3, [r3, #24]
 802:Middlewares/Third_Party/FreeRTOS/Source/timers.c **** 					{
 1829              		.loc 1 802 90
 1830 00c6 D118     		adds	r1, r2, r3
 802:Middlewares/Third_Party/FreeRTOS/Source/timers.c **** 					{
 1831              		.loc 1 802 159
 1832 00c8 BB68     		ldr	r3, [r7, #8]
 802:Middlewares/Third_Party/FreeRTOS/Source/timers.c **** 					{
 1833              		.loc 1 802 10
 1834 00ca 7A6A     		ldr	r2, [r7, #36]
 1835 00cc B86A     		ldr	r0, [r7, #40]
 1836 00ce FFF7FEFF 		bl	prvInsertTimerInActiveList
 1837 00d2 0346     		mov	r3, r0
ARM GAS  /tmp/ccCB62sD.s 			page 52


 802:Middlewares/Third_Party/FreeRTOS/Source/timers.c **** 					{
 1838              		.loc 1 802 8 discriminator 1
 1839 00d4 002B     		cmp	r3, #0
 1840 00d6 6CD0     		beq	.L124
 806:Middlewares/Third_Party/FreeRTOS/Source/timers.c **** 						traceTIMER_EXPIRED( pxTimer );
 1841              		.loc 1 806 14
 1842 00d8 BB6A     		ldr	r3, [r7, #40]
 1843 00da 1B6A     		ldr	r3, [r3, #32]
 806:Middlewares/Third_Party/FreeRTOS/Source/timers.c **** 						traceTIMER_EXPIRED( pxTimer );
 1844              		.loc 1 806 7
 1845 00dc B86A     		ldr	r0, [r7, #40]
 1846 00de 9847     		blx	r3
 1847              	.LVL2:
 809:Middlewares/Third_Party/FreeRTOS/Source/timers.c **** 						{
 1848              		.loc 1 809 20
 1849 00e0 BB6A     		ldr	r3, [r7, #40]
 1850 00e2 93F82830 		ldrb	r3, [r3, #40]	@ zero_extendqisi2
 809:Middlewares/Third_Party/FreeRTOS/Source/timers.c **** 						{
 1851              		.loc 1 809 31
 1852 00e6 03F00403 		and	r3, r3, #4
 809:Middlewares/Third_Party/FreeRTOS/Source/timers.c **** 						{
 1853              		.loc 1 809 9
 1854 00ea 002B     		cmp	r3, #0
 1855 00ec 61D0     		beq	.L124
 811:Middlewares/Third_Party/FreeRTOS/Source/timers.c **** 							configASSERT( xResult );
 1856              		.loc 1 811 105
 1857 00ee BA68     		ldr	r2, [r7, #8]
 811:Middlewares/Third_Party/FreeRTOS/Source/timers.c **** 							configASSERT( xResult );
 1858              		.loc 1 811 129
 1859 00f0 BB6A     		ldr	r3, [r7, #40]
 1860 00f2 9B69     		ldr	r3, [r3, #24]
 811:Middlewares/Third_Party/FreeRTOS/Source/timers.c **** 							configASSERT( xResult );
 1861              		.loc 1 811 120
 1862 00f4 1A44     		add	r2, r2, r3
 811:Middlewares/Third_Party/FreeRTOS/Source/timers.c **** 							configASSERT( xResult );
 1863              		.loc 1 811 18
 1864 00f6 0023     		movs	r3, #0
 1865 00f8 0093     		str	r3, [sp]
 1866 00fa 0023     		movs	r3, #0
 1867 00fc 0021     		movs	r1, #0
 1868 00fe B86A     		ldr	r0, [r7, #40]
 1869 0100 FFF7FEFF 		bl	xTimerGenericCommand
 1870 0104 3862     		str	r0, [r7, #32]
 812:Middlewares/Third_Party/FreeRTOS/Source/timers.c **** 							( void ) xResult;
 1871              		.loc 1 812 8
 1872 0106 3B6A     		ldr	r3, [r7, #32]
 1873 0108 002B     		cmp	r3, #0
 1874 010a 52D1     		bne	.L124
 1875              	.LBB74:
 1876              	.LBB75:
 195:Middlewares/Third_Party/FreeRTOS/Source/portable/GCC/ARM_CM4F/portmacro.h **** 	(
 1877              		.loc 2 195 2
 1878              		.syntax unified
 1879              	@ 195 "Middlewares/Third_Party/FreeRTOS/Source/portable/GCC/ARM_CM4F/portmacro.h" 1
 1880 010c 4FF05003 			mov r3, #80												
 1881 0110 83F31188 		msr basepri, r3											
 1882 0114 BFF36F8F 		isb														
ARM GAS  /tmp/ccCB62sD.s 			page 53


 1883 0118 BFF34F8F 		dsb														
 1884              	
 1885              	@ 0 "" 2
 1886              		.thumb
 1887              		.syntax unified
 1888 011c BB61     		str	r3, [r7, #24]
 1889              		.loc 2 203 1
 1890 011e 00BF     		nop
 1891              	.L116:
 1892              	.LBE75:
 1893              	.LBE74:
 812:Middlewares/Third_Party/FreeRTOS/Source/timers.c **** 							( void ) xResult;
 1894              		.loc 1 812 8
 1895 0120 00BF     		nop
 1896 0122 FDE7     		b	.L116
 1897              	.L111:
 829:Middlewares/Third_Party/FreeRTOS/Source/timers.c **** 					break;
 1898              		.loc 1 829 13
 1899 0124 BB6A     		ldr	r3, [r7, #40]
 1900 0126 93F82830 		ldrb	r3, [r3, #40]	@ zero_extendqisi2
 829:Middlewares/Third_Party/FreeRTOS/Source/timers.c **** 					break;
 1901              		.loc 1 829 24
 1902 012a 23F00103 		bic	r3, r3, #1
 1903 012e DAB2     		uxtb	r2, r3
 1904 0130 BB6A     		ldr	r3, [r7, #40]
 1905 0132 83F82820 		strb	r2, [r3, #40]
 830:Middlewares/Third_Party/FreeRTOS/Source/timers.c **** 
 1906              		.loc 1 830 6
 1907 0136 3DE0     		b	.L107
 1908              	.L109:
 834:Middlewares/Third_Party/FreeRTOS/Source/timers.c **** 					pxTimer->xTimerPeriodInTicks = xMessage.u.xTimerParameters.xMessageValue;
 1909              		.loc 1 834 13
 1910 0138 BB6A     		ldr	r3, [r7, #40]
 1911 013a 93F82830 		ldrb	r3, [r3, #40]	@ zero_extendqisi2
 834:Middlewares/Third_Party/FreeRTOS/Source/timers.c **** 					pxTimer->xTimerPeriodInTicks = xMessage.u.xTimerParameters.xMessageValue;
 1912              		.loc 1 834 24
 1913 013e 43F00103 		orr	r3, r3, #1
 1914 0142 DAB2     		uxtb	r2, r3
 1915 0144 BB6A     		ldr	r3, [r7, #40]
 1916 0146 83F82820 		strb	r2, [r3, #40]
 835:Middlewares/Third_Party/FreeRTOS/Source/timers.c **** 					configASSERT( ( pxTimer->xTimerPeriodInTicks > 0 ) );
 1917              		.loc 1 835 64
 1918 014a BA68     		ldr	r2, [r7, #8]
 835:Middlewares/Third_Party/FreeRTOS/Source/timers.c **** 					configASSERT( ( pxTimer->xTimerPeriodInTicks > 0 ) );
 1919              		.loc 1 835 35
 1920 014c BB6A     		ldr	r3, [r7, #40]
 1921 014e 9A61     		str	r2, [r3, #24]
 836:Middlewares/Third_Party/FreeRTOS/Source/timers.c **** 
 1922              		.loc 1 836 6
 1923 0150 BB6A     		ldr	r3, [r7, #40]
 1924 0152 9B69     		ldr	r3, [r3, #24]
 1925 0154 002B     		cmp	r3, #0
 1926 0156 0BD1     		bne	.L118
 1927              	.LBB76:
 1928              	.LBB77:
 195:Middlewares/Third_Party/FreeRTOS/Source/portable/GCC/ARM_CM4F/portmacro.h **** 	(
 1929              		.loc 2 195 2
ARM GAS  /tmp/ccCB62sD.s 			page 54


 1930              		.syntax unified
 1931              	@ 195 "Middlewares/Third_Party/FreeRTOS/Source/portable/GCC/ARM_CM4F/portmacro.h" 1
 1932 0158 4FF05003 			mov r3, #80												
 1933 015c 83F31188 		msr basepri, r3											
 1934 0160 BFF36F8F 		isb														
 1935 0164 BFF34F8F 		dsb														
 1936              	
 1937              	@ 0 "" 2
 1938              		.thumb
 1939              		.syntax unified
 1940 0168 7B61     		str	r3, [r7, #20]
 1941              		.loc 2 203 1
 1942 016a 00BF     		nop
 1943              	.L119:
 1944              	.LBE77:
 1945              	.LBE76:
 836:Middlewares/Third_Party/FreeRTOS/Source/timers.c **** 
 1946              		.loc 1 836 6
 1947 016c 00BF     		nop
 1948 016e FDE7     		b	.L119
 1949              	.L118:
 844:Middlewares/Third_Party/FreeRTOS/Source/timers.c **** 					break;
 1950              		.loc 1 844 72
 1951 0170 BB6A     		ldr	r3, [r7, #40]
 1952 0172 9A69     		ldr	r2, [r3, #24]
 844:Middlewares/Third_Party/FreeRTOS/Source/timers.c **** 					break;
 1953              		.loc 1 844 63
 1954 0174 7B6A     		ldr	r3, [r7, #36]
 1955 0176 D118     		adds	r1, r2, r3
 844:Middlewares/Third_Party/FreeRTOS/Source/timers.c **** 					break;
 1956              		.loc 1 844 15
 1957 0178 7B6A     		ldr	r3, [r7, #36]
 1958 017a 7A6A     		ldr	r2, [r7, #36]
 1959 017c B86A     		ldr	r0, [r7, #40]
 1960 017e FFF7FEFF 		bl	prvInsertTimerInActiveList
 845:Middlewares/Third_Party/FreeRTOS/Source/timers.c **** 
 1961              		.loc 1 845 6
 1962 0182 17E0     		b	.L107
 1963              	.L113:
 853:Middlewares/Third_Party/FreeRTOS/Source/timers.c **** 						{
 1964              		.loc 1 853 20
 1965 0184 BB6A     		ldr	r3, [r7, #40]
 1966 0186 93F82830 		ldrb	r3, [r3, #40]	@ zero_extendqisi2
 853:Middlewares/Third_Party/FreeRTOS/Source/timers.c **** 						{
 1967              		.loc 1 853 31
 1968 018a 03F00203 		and	r3, r3, #2
 853:Middlewares/Third_Party/FreeRTOS/Source/timers.c **** 						{
 1969              		.loc 1 853 9
 1970 018e 002B     		cmp	r3, #0
 1971 0190 03D1     		bne	.L120
 855:Middlewares/Third_Party/FreeRTOS/Source/timers.c **** 						}
 1972              		.loc 1 855 8
 1973 0192 B86A     		ldr	r0, [r7, #40]
 1974 0194 FFF7FEFF 		bl	vPortFree
 871:Middlewares/Third_Party/FreeRTOS/Source/timers.c **** 
 1975              		.loc 1 871 6
 1976 0198 0CE0     		b	.L107
ARM GAS  /tmp/ccCB62sD.s 			page 55


 1977              	.L120:
 859:Middlewares/Third_Party/FreeRTOS/Source/timers.c **** 						}
 1978              		.loc 1 859 15
 1979 019a BB6A     		ldr	r3, [r7, #40]
 1980 019c 93F82830 		ldrb	r3, [r3, #40]	@ zero_extendqisi2
 859:Middlewares/Third_Party/FreeRTOS/Source/timers.c **** 						}
 1981              		.loc 1 859 26
 1982 01a0 23F00103 		bic	r3, r3, #1
 1983 01a4 DAB2     		uxtb	r2, r3
 1984 01a6 BB6A     		ldr	r3, [r7, #40]
 1985 01a8 83F82820 		strb	r2, [r3, #40]
 871:Middlewares/Third_Party/FreeRTOS/Source/timers.c **** 
 1986              		.loc 1 871 6
 1987 01ac 02E0     		b	.L107
 1988              	.L123:
 1989              		.loc 1 875 6
 1990 01ae 00BF     		nop
 1991 01b0 00E0     		b	.L107
 1992              	.L124:
 824:Middlewares/Third_Party/FreeRTOS/Source/timers.c **** 
 1993              		.loc 1 824 6
 1994 01b2 00BF     		nop
 1995              	.L107:
 741:Middlewares/Third_Party/FreeRTOS/Source/timers.c **** 	{
 1996              		.loc 1 741 9
 1997 01b4 074B     		ldr	r3, .L125
 1998 01b6 1B68     		ldr	r3, [r3]
 1999 01b8 391D     		adds	r1, r7, #4
 2000 01ba 0022     		movs	r2, #0
 2001 01bc 1846     		mov	r0, r3
 2002 01be FFF7FEFF 		bl	xQueueReceive
 2003 01c2 0346     		mov	r3, r0
 741:Middlewares/Third_Party/FreeRTOS/Source/timers.c **** 	{
 2004              		.loc 1 741 62 discriminator 1
 2005 01c4 002B     		cmp	r3, #0
 2006 01c6 7FF41FAF 		bne	.L122
 876:Middlewares/Third_Party/FreeRTOS/Source/timers.c **** 			}
 877:Middlewares/Third_Party/FreeRTOS/Source/timers.c **** 		}
 878:Middlewares/Third_Party/FreeRTOS/Source/timers.c **** 	}
 879:Middlewares/Third_Party/FreeRTOS/Source/timers.c **** }
 2007              		.loc 1 879 1
 2008 01ca 00BF     		nop
 2009 01cc 00BF     		nop
 2010 01ce 3037     		adds	r7, r7, #48
 2011              	.LCFI91:
 2012              		.cfi_def_cfa_offset 8
 2013 01d0 BD46     		mov	sp, r7
 2014              	.LCFI92:
 2015              		.cfi_def_cfa_register 13
 2016              		@ sp needed
 2017 01d2 80BD     		pop	{r7, pc}
 2018              	.L126:
 2019              		.align	2
 2020              	.L125:
 2021 01d4 00000000 		.word	xTimerQueue
 2022              		.cfi_endproc
 2023              	.LFE21:
ARM GAS  /tmp/ccCB62sD.s 			page 56


 2025              		.section	.text.prvSwitchTimerLists,"ax",%progbits
 2026              		.align	1
 2027              		.syntax unified
 2028              		.thumb
 2029              		.thumb_func
 2031              	prvSwitchTimerLists:
 2032              	.LFB22:
 880:Middlewares/Third_Party/FreeRTOS/Source/timers.c **** /*-----------------------------------------------------------*/
 881:Middlewares/Third_Party/FreeRTOS/Source/timers.c **** 
 882:Middlewares/Third_Party/FreeRTOS/Source/timers.c **** static void prvSwitchTimerLists( void )
 883:Middlewares/Third_Party/FreeRTOS/Source/timers.c **** {
 2033              		.loc 1 883 1
 2034              		.cfi_startproc
 2035              		@ args = 0, pretend = 0, frame = 24
 2036              		@ frame_needed = 1, uses_anonymous_args = 0
 2037 0000 80B5     		push	{r7, lr}
 2038              	.LCFI93:
 2039              		.cfi_def_cfa_offset 8
 2040              		.cfi_offset 7, -8
 2041              		.cfi_offset 14, -4
 2042 0002 88B0     		sub	sp, sp, #32
 2043              	.LCFI94:
 2044              		.cfi_def_cfa_offset 40
 2045 0004 02AF     		add	r7, sp, #8
 2046              	.LCFI95:
 2047              		.cfi_def_cfa 7, 32
 884:Middlewares/Third_Party/FreeRTOS/Source/timers.c **** TickType_t xNextExpireTime, xReloadTime;
 885:Middlewares/Third_Party/FreeRTOS/Source/timers.c **** List_t *pxTemp;
 886:Middlewares/Third_Party/FreeRTOS/Source/timers.c **** Timer_t *pxTimer;
 887:Middlewares/Third_Party/FreeRTOS/Source/timers.c **** BaseType_t xResult;
 888:Middlewares/Third_Party/FreeRTOS/Source/timers.c **** 
 889:Middlewares/Third_Party/FreeRTOS/Source/timers.c **** 	/* The tick count has overflowed.  The timer lists must be switched.
 890:Middlewares/Third_Party/FreeRTOS/Source/timers.c **** 	If there are any timers still referenced from the current timer list
 891:Middlewares/Third_Party/FreeRTOS/Source/timers.c **** 	then they must have expired and should be processed before the lists
 892:Middlewares/Third_Party/FreeRTOS/Source/timers.c **** 	are switched. */
 893:Middlewares/Third_Party/FreeRTOS/Source/timers.c **** 	while( listLIST_IS_EMPTY( pxCurrentTimerList ) == pdFALSE )
 2048              		.loc 1 893 7
 2049 0006 49E0     		b	.L129
 2050              	.L133:
 894:Middlewares/Third_Party/FreeRTOS/Source/timers.c **** 	{
 895:Middlewares/Third_Party/FreeRTOS/Source/timers.c **** 		xNextExpireTime = listGET_ITEM_VALUE_OF_HEAD_ENTRY( pxCurrentTimerList );
 2051              		.loc 1 895 21
 2052 0008 2E4B     		ldr	r3, .L134
 2053 000a 1B68     		ldr	r3, [r3]
 2054 000c DB68     		ldr	r3, [r3, #12]
 2055              		.loc 1 895 19
 2056 000e 1B68     		ldr	r3, [r3]
 2057 0010 3B61     		str	r3, [r7, #16]
 896:Middlewares/Third_Party/FreeRTOS/Source/timers.c **** 
 897:Middlewares/Third_Party/FreeRTOS/Source/timers.c **** 		/* Remove the timer from the list. */
 898:Middlewares/Third_Party/FreeRTOS/Source/timers.c **** 		pxTimer = ( Timer_t * ) listGET_OWNER_OF_HEAD_ENTRY( pxCurrentTimerList ); /*lint !e9087 !e9079 v
 2058              		.loc 1 898 27
 2059 0012 2C4B     		ldr	r3, .L134
 2060 0014 1B68     		ldr	r3, [r3]
 2061 0016 DB68     		ldr	r3, [r3, #12]
 2062              		.loc 1 898 11
 2063 0018 DB68     		ldr	r3, [r3, #12]
ARM GAS  /tmp/ccCB62sD.s 			page 57


 2064 001a FB60     		str	r3, [r7, #12]
 899:Middlewares/Third_Party/FreeRTOS/Source/timers.c **** 		( void ) uxListRemove( &( pxTimer->xTimerListItem ) );
 2065              		.loc 1 899 26
 2066 001c FB68     		ldr	r3, [r7, #12]
 2067 001e 0433     		adds	r3, r3, #4
 2068              		.loc 1 899 12
 2069 0020 1846     		mov	r0, r3
 2070 0022 FFF7FEFF 		bl	uxListRemove
 900:Middlewares/Third_Party/FreeRTOS/Source/timers.c **** 		traceTIMER_EXPIRED( pxTimer );
 901:Middlewares/Third_Party/FreeRTOS/Source/timers.c **** 
 902:Middlewares/Third_Party/FreeRTOS/Source/timers.c **** 		/* Execute its callback, then send a command to restart the timer if
 903:Middlewares/Third_Party/FreeRTOS/Source/timers.c **** 		it is an auto-reload timer.  It cannot be restarted here as the lists
 904:Middlewares/Third_Party/FreeRTOS/Source/timers.c **** 		have not yet been switched. */
 905:Middlewares/Third_Party/FreeRTOS/Source/timers.c **** 		pxTimer->pxCallbackFunction( ( TimerHandle_t ) pxTimer );
 2071              		.loc 1 905 10
 2072 0026 FB68     		ldr	r3, [r7, #12]
 2073 0028 1B6A     		ldr	r3, [r3, #32]
 2074              		.loc 1 905 3
 2075 002a F868     		ldr	r0, [r7, #12]
 2076 002c 9847     		blx	r3
 2077              	.LVL3:
 906:Middlewares/Third_Party/FreeRTOS/Source/timers.c **** 
 907:Middlewares/Third_Party/FreeRTOS/Source/timers.c **** 		if( ( pxTimer->ucStatus & tmrSTATUS_IS_AUTORELOAD ) != 0 )
 2078              		.loc 1 907 16
 2079 002e FB68     		ldr	r3, [r7, #12]
 2080 0030 93F82830 		ldrb	r3, [r3, #40]	@ zero_extendqisi2
 2081              		.loc 1 907 27
 2082 0034 03F00403 		and	r3, r3, #4
 2083              		.loc 1 907 5
 2084 0038 002B     		cmp	r3, #0
 2085 003a 2FD0     		beq	.L129
 908:Middlewares/Third_Party/FreeRTOS/Source/timers.c **** 		{
 909:Middlewares/Third_Party/FreeRTOS/Source/timers.c **** 			/* Calculate the reload value, and if the reload value results in
 910:Middlewares/Third_Party/FreeRTOS/Source/timers.c **** 			the timer going into the same timer list then it has already expired
 911:Middlewares/Third_Party/FreeRTOS/Source/timers.c **** 			and the timer should be re-inserted into the current list so it is
 912:Middlewares/Third_Party/FreeRTOS/Source/timers.c **** 			processed again within this loop.  Otherwise a command should be sent
 913:Middlewares/Third_Party/FreeRTOS/Source/timers.c **** 			to restart the timer to ensure it is only inserted into a list after
 914:Middlewares/Third_Party/FreeRTOS/Source/timers.c **** 			the lists have been swapped. */
 915:Middlewares/Third_Party/FreeRTOS/Source/timers.c **** 			xReloadTime = ( xNextExpireTime + pxTimer->xTimerPeriodInTicks );
 2086              		.loc 1 915 45
 2087 003c FB68     		ldr	r3, [r7, #12]
 2088 003e 9B69     		ldr	r3, [r3, #24]
 2089              		.loc 1 915 16
 2090 0040 3A69     		ldr	r2, [r7, #16]
 2091 0042 1344     		add	r3, r3, r2
 2092 0044 BB60     		str	r3, [r7, #8]
 916:Middlewares/Third_Party/FreeRTOS/Source/timers.c **** 			if( xReloadTime > xNextExpireTime )
 2093              		.loc 1 916 6
 2094 0046 BA68     		ldr	r2, [r7, #8]
 2095 0048 3B69     		ldr	r3, [r7, #16]
 2096 004a 9A42     		cmp	r2, r3
 2097 004c 0ED9     		bls	.L130
 917:Middlewares/Third_Party/FreeRTOS/Source/timers.c **** 			{
 918:Middlewares/Third_Party/FreeRTOS/Source/timers.c **** 				listSET_LIST_ITEM_VALUE( &( pxTimer->xTimerListItem ), xReloadTime );
 2098              		.loc 1 918 5
 2099 004e FB68     		ldr	r3, [r7, #12]
 2100 0050 BA68     		ldr	r2, [r7, #8]
ARM GAS  /tmp/ccCB62sD.s 			page 58


 2101 0052 5A60     		str	r2, [r3, #4]
 919:Middlewares/Third_Party/FreeRTOS/Source/timers.c **** 				listSET_LIST_ITEM_OWNER( &( pxTimer->xTimerListItem ), pxTimer );
 2102              		.loc 1 919 5
 2103 0054 FB68     		ldr	r3, [r7, #12]
 2104 0056 FA68     		ldr	r2, [r7, #12]
 2105 0058 1A61     		str	r2, [r3, #16]
 920:Middlewares/Third_Party/FreeRTOS/Source/timers.c **** 				vListInsert( pxCurrentTimerList, &( pxTimer->xTimerListItem ) );
 2106              		.loc 1 920 5
 2107 005a 1A4B     		ldr	r3, .L134
 2108 005c 1A68     		ldr	r2, [r3]
 2109              		.loc 1 920 38
 2110 005e FB68     		ldr	r3, [r7, #12]
 2111 0060 0433     		adds	r3, r3, #4
 2112              		.loc 1 920 5
 2113 0062 1946     		mov	r1, r3
 2114 0064 1046     		mov	r0, r2
 2115 0066 FFF7FEFF 		bl	vListInsert
 2116 006a 17E0     		b	.L129
 2117              	.L130:
 921:Middlewares/Third_Party/FreeRTOS/Source/timers.c **** 			}
 922:Middlewares/Third_Party/FreeRTOS/Source/timers.c **** 			else
 923:Middlewares/Third_Party/FreeRTOS/Source/timers.c **** 			{
 924:Middlewares/Third_Party/FreeRTOS/Source/timers.c **** 				xResult = xTimerGenericCommand( pxTimer, tmrCOMMAND_START_DONT_TRACE, xNextExpireTime, NULL, tm
 2118              		.loc 1 924 15
 2119 006c 0023     		movs	r3, #0
 2120 006e 0093     		str	r3, [sp]
 2121 0070 0023     		movs	r3, #0
 2122 0072 3A69     		ldr	r2, [r7, #16]
 2123 0074 0021     		movs	r1, #0
 2124 0076 F868     		ldr	r0, [r7, #12]
 2125 0078 FFF7FEFF 		bl	xTimerGenericCommand
 2126 007c 7860     		str	r0, [r7, #4]
 925:Middlewares/Third_Party/FreeRTOS/Source/timers.c **** 				configASSERT( xResult );
 2127              		.loc 1 925 5
 2128 007e 7B68     		ldr	r3, [r7, #4]
 2129 0080 002B     		cmp	r3, #0
 2130 0082 0BD1     		bne	.L129
 2131              	.LBB78:
 2132              	.LBB79:
 195:Middlewares/Third_Party/FreeRTOS/Source/portable/GCC/ARM_CM4F/portmacro.h **** 	(
 2133              		.loc 2 195 2
 2134              		.syntax unified
 2135              	@ 195 "Middlewares/Third_Party/FreeRTOS/Source/portable/GCC/ARM_CM4F/portmacro.h" 1
 2136 0084 4FF05003 			mov r3, #80												
 2137 0088 83F31188 		msr basepri, r3											
 2138 008c BFF36F8F 		isb														
 2139 0090 BFF34F8F 		dsb														
 2140              	
 2141              	@ 0 "" 2
 2142              		.thumb
 2143              		.syntax unified
 2144 0094 3B60     		str	r3, [r7]
 2145              		.loc 2 203 1
 2146 0096 00BF     		nop
 2147              	.L132:
 2148              	.LBE79:
 2149              	.LBE78:
ARM GAS  /tmp/ccCB62sD.s 			page 59


 2150              		.loc 1 925 5
 2151 0098 00BF     		nop
 2152 009a FDE7     		b	.L132
 2153              	.L129:
 893:Middlewares/Third_Party/FreeRTOS/Source/timers.c **** 	{
 2154              		.loc 1 893 9
 2155 009c 094B     		ldr	r3, .L134
 2156 009e 1B68     		ldr	r3, [r3]
 2157 00a0 1B68     		ldr	r3, [r3]
 893:Middlewares/Third_Party/FreeRTOS/Source/timers.c **** 	{
 2158              		.loc 1 893 49
 2159 00a2 002B     		cmp	r3, #0
 2160 00a4 B0D1     		bne	.L133
 926:Middlewares/Third_Party/FreeRTOS/Source/timers.c **** 				( void ) xResult;
 927:Middlewares/Third_Party/FreeRTOS/Source/timers.c **** 			}
 928:Middlewares/Third_Party/FreeRTOS/Source/timers.c **** 		}
 929:Middlewares/Third_Party/FreeRTOS/Source/timers.c **** 		else
 930:Middlewares/Third_Party/FreeRTOS/Source/timers.c **** 		{
 931:Middlewares/Third_Party/FreeRTOS/Source/timers.c **** 			mtCOVERAGE_TEST_MARKER();
 932:Middlewares/Third_Party/FreeRTOS/Source/timers.c **** 		}
 933:Middlewares/Third_Party/FreeRTOS/Source/timers.c **** 	}
 934:Middlewares/Third_Party/FreeRTOS/Source/timers.c **** 
 935:Middlewares/Third_Party/FreeRTOS/Source/timers.c **** 	pxTemp = pxCurrentTimerList;
 2161              		.loc 1 935 9
 2162 00a6 074B     		ldr	r3, .L134
 2163 00a8 1B68     		ldr	r3, [r3]
 2164 00aa 7B61     		str	r3, [r7, #20]
 936:Middlewares/Third_Party/FreeRTOS/Source/timers.c **** 	pxCurrentTimerList = pxOverflowTimerList;
 2165              		.loc 1 936 21
 2166 00ac 064B     		ldr	r3, .L134+4
 2167 00ae 1B68     		ldr	r3, [r3]
 2168 00b0 044A     		ldr	r2, .L134
 2169 00b2 1360     		str	r3, [r2]
 937:Middlewares/Third_Party/FreeRTOS/Source/timers.c **** 	pxOverflowTimerList = pxTemp;
 2170              		.loc 1 937 22
 2171 00b4 044A     		ldr	r2, .L134+4
 2172 00b6 7B69     		ldr	r3, [r7, #20]
 2173 00b8 1360     		str	r3, [r2]
 938:Middlewares/Third_Party/FreeRTOS/Source/timers.c **** }
 2174              		.loc 1 938 1
 2175 00ba 00BF     		nop
 2176 00bc 1837     		adds	r7, r7, #24
 2177              	.LCFI96:
 2178              		.cfi_def_cfa_offset 8
 2179 00be BD46     		mov	sp, r7
 2180              	.LCFI97:
 2181              		.cfi_def_cfa_register 13
 2182              		@ sp needed
 2183 00c0 80BD     		pop	{r7, pc}
 2184              	.L135:
 2185 00c2 00BF     		.align	2
 2186              	.L134:
 2187 00c4 00000000 		.word	pxCurrentTimerList
 2188 00c8 00000000 		.word	pxOverflowTimerList
 2189              		.cfi_endproc
 2190              	.LFE22:
 2192              		.section	.rodata
ARM GAS  /tmp/ccCB62sD.s 			page 60


 2193              		.align	2
 2194              	.LC1:
 2195 0008 546D7251 		.ascii	"TmrQ\000"
 2195      00
 2196              		.section	.text.prvCheckForValidListAndQueue,"ax",%progbits
 2197              		.align	1
 2198              		.syntax unified
 2199              		.thumb
 2200              		.thumb_func
 2202              	prvCheckForValidListAndQueue:
 2203              	.LFB23:
 939:Middlewares/Third_Party/FreeRTOS/Source/timers.c **** /*-----------------------------------------------------------*/
 940:Middlewares/Third_Party/FreeRTOS/Source/timers.c **** 
 941:Middlewares/Third_Party/FreeRTOS/Source/timers.c **** static void prvCheckForValidListAndQueue( void )
 942:Middlewares/Third_Party/FreeRTOS/Source/timers.c **** {
 2204              		.loc 1 942 1
 2205              		.cfi_startproc
 2206              		@ args = 0, pretend = 0, frame = 0
 2207              		@ frame_needed = 1, uses_anonymous_args = 0
 2208 0000 80B5     		push	{r7, lr}
 2209              	.LCFI98:
 2210              		.cfi_def_cfa_offset 8
 2211              		.cfi_offset 7, -8
 2212              		.cfi_offset 14, -4
 2213 0002 82B0     		sub	sp, sp, #8
 2214              	.LCFI99:
 2215              		.cfi_def_cfa_offset 16
 2216 0004 02AF     		add	r7, sp, #8
 2217              	.LCFI100:
 2218              		.cfi_def_cfa 7, 8
 943:Middlewares/Third_Party/FreeRTOS/Source/timers.c **** 	/* Check that the list from which active timers are referenced, and the
 944:Middlewares/Third_Party/FreeRTOS/Source/timers.c **** 	queue used to communicate with the timer service, have been
 945:Middlewares/Third_Party/FreeRTOS/Source/timers.c **** 	initialised. */
 946:Middlewares/Third_Party/FreeRTOS/Source/timers.c **** 	taskENTER_CRITICAL();
 2219              		.loc 1 946 2
 2220 0006 FFF7FEFF 		bl	vPortEnterCritical
 947:Middlewares/Third_Party/FreeRTOS/Source/timers.c **** 	{
 948:Middlewares/Third_Party/FreeRTOS/Source/timers.c **** 		if( xTimerQueue == NULL )
 2221              		.loc 1 948 19
 2222 000a 154B     		ldr	r3, .L138
 2223 000c 1B68     		ldr	r3, [r3]
 2224              		.loc 1 948 5
 2225 000e 002B     		cmp	r3, #0
 2226 0010 20D1     		bne	.L137
 949:Middlewares/Third_Party/FreeRTOS/Source/timers.c **** 		{
 950:Middlewares/Third_Party/FreeRTOS/Source/timers.c **** 			vListInitialise( &xActiveTimerList1 );
 2227              		.loc 1 950 4
 2228 0012 1448     		ldr	r0, .L138+4
 2229 0014 FFF7FEFF 		bl	vListInitialise
 951:Middlewares/Third_Party/FreeRTOS/Source/timers.c **** 			vListInitialise( &xActiveTimerList2 );
 2230              		.loc 1 951 4
 2231 0018 1348     		ldr	r0, .L138+8
 2232 001a FFF7FEFF 		bl	vListInitialise
 952:Middlewares/Third_Party/FreeRTOS/Source/timers.c **** 			pxCurrentTimerList = &xActiveTimerList1;
 2233              		.loc 1 952 23
 2234 001e 134B     		ldr	r3, .L138+12
 2235 0020 104A     		ldr	r2, .L138+4
ARM GAS  /tmp/ccCB62sD.s 			page 61


 2236 0022 1A60     		str	r2, [r3]
 953:Middlewares/Third_Party/FreeRTOS/Source/timers.c **** 			pxOverflowTimerList = &xActiveTimerList2;
 2237              		.loc 1 953 24
 2238 0024 124B     		ldr	r3, .L138+16
 2239 0026 104A     		ldr	r2, .L138+8
 2240 0028 1A60     		str	r2, [r3]
 2241              	.LBB80:
 954:Middlewares/Third_Party/FreeRTOS/Source/timers.c **** 
 955:Middlewares/Third_Party/FreeRTOS/Source/timers.c **** 			#if( configSUPPORT_STATIC_ALLOCATION == 1 )
 956:Middlewares/Third_Party/FreeRTOS/Source/timers.c **** 			{
 957:Middlewares/Third_Party/FreeRTOS/Source/timers.c **** 				/* The timer queue is allocated statically in case
 958:Middlewares/Third_Party/FreeRTOS/Source/timers.c **** 				configSUPPORT_DYNAMIC_ALLOCATION is 0. */
 959:Middlewares/Third_Party/FreeRTOS/Source/timers.c **** 				static StaticQueue_t xStaticTimerQueue; /*lint !e956 Ok to declare in this manner to prevent ad
 960:Middlewares/Third_Party/FreeRTOS/Source/timers.c **** 				static uint8_t ucStaticTimerQueueStorage[ ( size_t ) configTIMER_QUEUE_LENGTH * sizeof( DaemonT
 961:Middlewares/Third_Party/FreeRTOS/Source/timers.c **** 
 962:Middlewares/Third_Party/FreeRTOS/Source/timers.c **** 				xTimerQueue = xQueueCreateStatic( ( UBaseType_t ) configTIMER_QUEUE_LENGTH, ( UBaseType_t ) siz
 2242              		.loc 1 962 19
 2243 002a 0023     		movs	r3, #0
 2244 002c 0093     		str	r3, [sp]
 2245 002e 114B     		ldr	r3, .L138+20
 2246 0030 114A     		ldr	r2, .L138+24
 2247 0032 1021     		movs	r1, #16
 2248 0034 0A20     		movs	r0, #10
 2249 0036 FFF7FEFF 		bl	xQueueGenericCreateStatic
 2250 003a 0346     		mov	r3, r0
 2251              		.loc 1 962 17 discriminator 1
 2252 003c 084A     		ldr	r2, .L138
 2253 003e 1360     		str	r3, [r2]
 2254              	.LBE80:
 963:Middlewares/Third_Party/FreeRTOS/Source/timers.c **** 			}
 964:Middlewares/Third_Party/FreeRTOS/Source/timers.c **** 			#else
 965:Middlewares/Third_Party/FreeRTOS/Source/timers.c **** 			{
 966:Middlewares/Third_Party/FreeRTOS/Source/timers.c **** 				xTimerQueue = xQueueCreate( ( UBaseType_t ) configTIMER_QUEUE_LENGTH, sizeof( DaemonTaskMessage
 967:Middlewares/Third_Party/FreeRTOS/Source/timers.c **** 			}
 968:Middlewares/Third_Party/FreeRTOS/Source/timers.c **** 			#endif
 969:Middlewares/Third_Party/FreeRTOS/Source/timers.c **** 
 970:Middlewares/Third_Party/FreeRTOS/Source/timers.c **** 			#if ( configQUEUE_REGISTRY_SIZE > 0 )
 971:Middlewares/Third_Party/FreeRTOS/Source/timers.c **** 			{
 972:Middlewares/Third_Party/FreeRTOS/Source/timers.c **** 				if( xTimerQueue != NULL )
 2255              		.loc 1 972 21
 2256 0040 074B     		ldr	r3, .L138
 2257 0042 1B68     		ldr	r3, [r3]
 2258              		.loc 1 972 7
 2259 0044 002B     		cmp	r3, #0
 2260 0046 05D0     		beq	.L137
 973:Middlewares/Third_Party/FreeRTOS/Source/timers.c **** 				{
 974:Middlewares/Third_Party/FreeRTOS/Source/timers.c **** 					vQueueAddToRegistry( xTimerQueue, "TmrQ" );
 2261              		.loc 1 974 6
 2262 0048 054B     		ldr	r3, .L138
 2263 004a 1B68     		ldr	r3, [r3]
 2264 004c 0B49     		ldr	r1, .L138+28
 2265 004e 1846     		mov	r0, r3
 2266 0050 FFF7FEFF 		bl	vQueueAddToRegistry
 2267              	.L137:
 975:Middlewares/Third_Party/FreeRTOS/Source/timers.c **** 				}
 976:Middlewares/Third_Party/FreeRTOS/Source/timers.c **** 				else
 977:Middlewares/Third_Party/FreeRTOS/Source/timers.c **** 				{
ARM GAS  /tmp/ccCB62sD.s 			page 62


 978:Middlewares/Third_Party/FreeRTOS/Source/timers.c **** 					mtCOVERAGE_TEST_MARKER();
 979:Middlewares/Third_Party/FreeRTOS/Source/timers.c **** 				}
 980:Middlewares/Third_Party/FreeRTOS/Source/timers.c **** 			}
 981:Middlewares/Third_Party/FreeRTOS/Source/timers.c **** 			#endif /* configQUEUE_REGISTRY_SIZE */
 982:Middlewares/Third_Party/FreeRTOS/Source/timers.c **** 		}
 983:Middlewares/Third_Party/FreeRTOS/Source/timers.c **** 		else
 984:Middlewares/Third_Party/FreeRTOS/Source/timers.c **** 		{
 985:Middlewares/Third_Party/FreeRTOS/Source/timers.c **** 			mtCOVERAGE_TEST_MARKER();
 986:Middlewares/Third_Party/FreeRTOS/Source/timers.c **** 		}
 987:Middlewares/Third_Party/FreeRTOS/Source/timers.c **** 	}
 988:Middlewares/Third_Party/FreeRTOS/Source/timers.c **** 	taskEXIT_CRITICAL();
 2268              		.loc 1 988 2
 2269 0054 FFF7FEFF 		bl	vPortExitCritical
 989:Middlewares/Third_Party/FreeRTOS/Source/timers.c **** }
 2270              		.loc 1 989 1
 2271 0058 00BF     		nop
 2272 005a BD46     		mov	sp, r7
 2273              	.LCFI101:
 2274              		.cfi_def_cfa_register 13
 2275              		@ sp needed
 2276 005c 80BD     		pop	{r7, pc}
 2277              	.L139:
 2278 005e 00BF     		.align	2
 2279              	.L138:
 2280 0060 00000000 		.word	xTimerQueue
 2281 0064 00000000 		.word	xActiveTimerList1
 2282 0068 00000000 		.word	xActiveTimerList2
 2283 006c 00000000 		.word	pxCurrentTimerList
 2284 0070 00000000 		.word	pxOverflowTimerList
 2285 0074 00000000 		.word	xStaticTimerQueue.0
 2286 0078 00000000 		.word	ucStaticTimerQueueStorage.1
 2287 007c 08000000 		.word	.LC1
 2288              		.cfi_endproc
 2289              	.LFE23:
 2291              		.section	.text.xTimerIsTimerActive,"ax",%progbits
 2292              		.align	1
 2293              		.global	xTimerIsTimerActive
 2294              		.syntax unified
 2295              		.thumb
 2296              		.thumb_func
 2298              	xTimerIsTimerActive:
 2299              	.LFB24:
 990:Middlewares/Third_Party/FreeRTOS/Source/timers.c **** /*-----------------------------------------------------------*/
 991:Middlewares/Third_Party/FreeRTOS/Source/timers.c **** 
 992:Middlewares/Third_Party/FreeRTOS/Source/timers.c **** BaseType_t xTimerIsTimerActive( TimerHandle_t xTimer )
 993:Middlewares/Third_Party/FreeRTOS/Source/timers.c **** {
 2300              		.loc 1 993 1
 2301              		.cfi_startproc
 2302              		@ args = 0, pretend = 0, frame = 24
 2303              		@ frame_needed = 1, uses_anonymous_args = 0
 2304 0000 80B5     		push	{r7, lr}
 2305              	.LCFI102:
 2306              		.cfi_def_cfa_offset 8
 2307              		.cfi_offset 7, -8
 2308              		.cfi_offset 14, -4
 2309 0002 86B0     		sub	sp, sp, #24
 2310              	.LCFI103:
ARM GAS  /tmp/ccCB62sD.s 			page 63


 2311              		.cfi_def_cfa_offset 32
 2312 0004 00AF     		add	r7, sp, #0
 2313              	.LCFI104:
 2314              		.cfi_def_cfa_register 7
 2315 0006 7860     		str	r0, [r7, #4]
 994:Middlewares/Third_Party/FreeRTOS/Source/timers.c **** BaseType_t xReturn;
 995:Middlewares/Third_Party/FreeRTOS/Source/timers.c **** Timer_t *pxTimer = xTimer;
 2316              		.loc 1 995 10
 2317 0008 7B68     		ldr	r3, [r7, #4]
 2318 000a 3B61     		str	r3, [r7, #16]
 996:Middlewares/Third_Party/FreeRTOS/Source/timers.c **** 
 997:Middlewares/Third_Party/FreeRTOS/Source/timers.c **** 	configASSERT( xTimer );
 2319              		.loc 1 997 2
 2320 000c 7B68     		ldr	r3, [r7, #4]
 2321 000e 002B     		cmp	r3, #0
 2322 0010 0BD1     		bne	.L141
 2323              	.LBB81:
 2324              	.LBB82:
 195:Middlewares/Third_Party/FreeRTOS/Source/portable/GCC/ARM_CM4F/portmacro.h **** 	(
 2325              		.loc 2 195 2
 2326              		.syntax unified
 2327              	@ 195 "Middlewares/Third_Party/FreeRTOS/Source/portable/GCC/ARM_CM4F/portmacro.h" 1
 2328 0012 4FF05003 			mov r3, #80												
 2329 0016 83F31188 		msr basepri, r3											
 2330 001a BFF36F8F 		isb														
 2331 001e BFF34F8F 		dsb														
 2332              	
 2333              	@ 0 "" 2
 2334              		.thumb
 2335              		.syntax unified
 2336 0022 FB60     		str	r3, [r7, #12]
 2337              		.loc 2 203 1
 2338 0024 00BF     		nop
 2339              	.L142:
 2340              	.LBE82:
 2341              	.LBE81:
 2342              		.loc 1 997 2
 2343 0026 00BF     		nop
 2344 0028 FDE7     		b	.L142
 2345              	.L141:
 998:Middlewares/Third_Party/FreeRTOS/Source/timers.c **** 
 999:Middlewares/Third_Party/FreeRTOS/Source/timers.c **** 	/* Is the timer in the list of active timers? */
1000:Middlewares/Third_Party/FreeRTOS/Source/timers.c **** 	taskENTER_CRITICAL();
 2346              		.loc 1 1000 2
 2347 002a FFF7FEFF 		bl	vPortEnterCritical
1001:Middlewares/Third_Party/FreeRTOS/Source/timers.c **** 	{
1002:Middlewares/Third_Party/FreeRTOS/Source/timers.c **** 		if( ( pxTimer->ucStatus & tmrSTATUS_IS_ACTIVE ) == 0 )
 2348              		.loc 1 1002 16
 2349 002e 3B69     		ldr	r3, [r7, #16]
 2350 0030 93F82830 		ldrb	r3, [r3, #40]	@ zero_extendqisi2
 2351              		.loc 1 1002 27
 2352 0034 03F00103 		and	r3, r3, #1
 2353              		.loc 1 1002 5
 2354 0038 002B     		cmp	r3, #0
 2355 003a 02D1     		bne	.L143
1003:Middlewares/Third_Party/FreeRTOS/Source/timers.c **** 		{
1004:Middlewares/Third_Party/FreeRTOS/Source/timers.c **** 			xReturn = pdFALSE;
ARM GAS  /tmp/ccCB62sD.s 			page 64


 2356              		.loc 1 1004 12
 2357 003c 0023     		movs	r3, #0
 2358 003e 7B61     		str	r3, [r7, #20]
 2359 0040 01E0     		b	.L144
 2360              	.L143:
1005:Middlewares/Third_Party/FreeRTOS/Source/timers.c **** 		}
1006:Middlewares/Third_Party/FreeRTOS/Source/timers.c **** 		else
1007:Middlewares/Third_Party/FreeRTOS/Source/timers.c **** 		{
1008:Middlewares/Third_Party/FreeRTOS/Source/timers.c **** 			xReturn = pdTRUE;
 2361              		.loc 1 1008 12
 2362 0042 0123     		movs	r3, #1
 2363 0044 7B61     		str	r3, [r7, #20]
 2364              	.L144:
1009:Middlewares/Third_Party/FreeRTOS/Source/timers.c **** 		}
1010:Middlewares/Third_Party/FreeRTOS/Source/timers.c **** 	}
1011:Middlewares/Third_Party/FreeRTOS/Source/timers.c **** 	taskEXIT_CRITICAL();
 2365              		.loc 1 1011 2
 2366 0046 FFF7FEFF 		bl	vPortExitCritical
1012:Middlewares/Third_Party/FreeRTOS/Source/timers.c **** 
1013:Middlewares/Third_Party/FreeRTOS/Source/timers.c **** 	return xReturn;
 2367              		.loc 1 1013 9
 2368 004a 7B69     		ldr	r3, [r7, #20]
1014:Middlewares/Third_Party/FreeRTOS/Source/timers.c **** } /*lint !e818 Can't be pointer to const due to the typedef. */
 2369              		.loc 1 1014 1
 2370 004c 1846     		mov	r0, r3
 2371 004e 1837     		adds	r7, r7, #24
 2372              	.LCFI105:
 2373              		.cfi_def_cfa_offset 8
 2374 0050 BD46     		mov	sp, r7
 2375              	.LCFI106:
 2376              		.cfi_def_cfa_register 13
 2377              		@ sp needed
 2378 0052 80BD     		pop	{r7, pc}
 2379              		.cfi_endproc
 2380              	.LFE24:
 2382              		.section	.text.pvTimerGetTimerID,"ax",%progbits
 2383              		.align	1
 2384              		.global	pvTimerGetTimerID
 2385              		.syntax unified
 2386              		.thumb
 2387              		.thumb_func
 2389              	pvTimerGetTimerID:
 2390              	.LFB25:
1015:Middlewares/Third_Party/FreeRTOS/Source/timers.c **** /*-----------------------------------------------------------*/
1016:Middlewares/Third_Party/FreeRTOS/Source/timers.c **** 
1017:Middlewares/Third_Party/FreeRTOS/Source/timers.c **** void *pvTimerGetTimerID( const TimerHandle_t xTimer )
1018:Middlewares/Third_Party/FreeRTOS/Source/timers.c **** {
 2391              		.loc 1 1018 1
 2392              		.cfi_startproc
 2393              		@ args = 0, pretend = 0, frame = 24
 2394              		@ frame_needed = 1, uses_anonymous_args = 0
 2395 0000 80B5     		push	{r7, lr}
 2396              	.LCFI107:
 2397              		.cfi_def_cfa_offset 8
 2398              		.cfi_offset 7, -8
 2399              		.cfi_offset 14, -4
 2400 0002 86B0     		sub	sp, sp, #24
ARM GAS  /tmp/ccCB62sD.s 			page 65


 2401              	.LCFI108:
 2402              		.cfi_def_cfa_offset 32
 2403 0004 00AF     		add	r7, sp, #0
 2404              	.LCFI109:
 2405              		.cfi_def_cfa_register 7
 2406 0006 7860     		str	r0, [r7, #4]
1019:Middlewares/Third_Party/FreeRTOS/Source/timers.c **** Timer_t * const pxTimer = xTimer;
 2407              		.loc 1 1019 17
 2408 0008 7B68     		ldr	r3, [r7, #4]
 2409 000a 7B61     		str	r3, [r7, #20]
1020:Middlewares/Third_Party/FreeRTOS/Source/timers.c **** void *pvReturn;
1021:Middlewares/Third_Party/FreeRTOS/Source/timers.c **** 
1022:Middlewares/Third_Party/FreeRTOS/Source/timers.c **** 	configASSERT( xTimer );
 2410              		.loc 1 1022 2
 2411 000c 7B68     		ldr	r3, [r7, #4]
 2412 000e 002B     		cmp	r3, #0
 2413 0010 0BD1     		bne	.L147
 2414              	.LBB83:
 2415              	.LBB84:
 195:Middlewares/Third_Party/FreeRTOS/Source/portable/GCC/ARM_CM4F/portmacro.h **** 	(
 2416              		.loc 2 195 2
 2417              		.syntax unified
 2418              	@ 195 "Middlewares/Third_Party/FreeRTOS/Source/portable/GCC/ARM_CM4F/portmacro.h" 1
 2419 0012 4FF05003 			mov r3, #80												
 2420 0016 83F31188 		msr basepri, r3											
 2421 001a BFF36F8F 		isb														
 2422 001e BFF34F8F 		dsb														
 2423              	
 2424              	@ 0 "" 2
 2425              		.thumb
 2426              		.syntax unified
 2427 0022 FB60     		str	r3, [r7, #12]
 2428              		.loc 2 203 1
 2429 0024 00BF     		nop
 2430              	.L148:
 2431              	.LBE84:
 2432              	.LBE83:
 2433              		.loc 1 1022 2
 2434 0026 00BF     		nop
 2435 0028 FDE7     		b	.L148
 2436              	.L147:
1023:Middlewares/Third_Party/FreeRTOS/Source/timers.c **** 
1024:Middlewares/Third_Party/FreeRTOS/Source/timers.c **** 	taskENTER_CRITICAL();
 2437              		.loc 1 1024 2
 2438 002a FFF7FEFF 		bl	vPortEnterCritical
1025:Middlewares/Third_Party/FreeRTOS/Source/timers.c **** 	{
1026:Middlewares/Third_Party/FreeRTOS/Source/timers.c **** 		pvReturn = pxTimer->pvTimerID;
 2439              		.loc 1 1026 12
 2440 002e 7B69     		ldr	r3, [r7, #20]
 2441 0030 DB69     		ldr	r3, [r3, #28]
 2442 0032 3B61     		str	r3, [r7, #16]
1027:Middlewares/Third_Party/FreeRTOS/Source/timers.c **** 	}
1028:Middlewares/Third_Party/FreeRTOS/Source/timers.c **** 	taskEXIT_CRITICAL();
 2443              		.loc 1 1028 2
 2444 0034 FFF7FEFF 		bl	vPortExitCritical
1029:Middlewares/Third_Party/FreeRTOS/Source/timers.c **** 
1030:Middlewares/Third_Party/FreeRTOS/Source/timers.c **** 	return pvReturn;
ARM GAS  /tmp/ccCB62sD.s 			page 66


 2445              		.loc 1 1030 9
 2446 0038 3B69     		ldr	r3, [r7, #16]
1031:Middlewares/Third_Party/FreeRTOS/Source/timers.c **** }
 2447              		.loc 1 1031 1
 2448 003a 1846     		mov	r0, r3
 2449 003c 1837     		adds	r7, r7, #24
 2450              	.LCFI110:
 2451              		.cfi_def_cfa_offset 8
 2452 003e BD46     		mov	sp, r7
 2453              	.LCFI111:
 2454              		.cfi_def_cfa_register 13
 2455              		@ sp needed
 2456 0040 80BD     		pop	{r7, pc}
 2457              		.cfi_endproc
 2458              	.LFE25:
 2460              		.section	.text.vTimerSetTimerID,"ax",%progbits
 2461              		.align	1
 2462              		.global	vTimerSetTimerID
 2463              		.syntax unified
 2464              		.thumb
 2465              		.thumb_func
 2467              	vTimerSetTimerID:
 2468              	.LFB26:
1032:Middlewares/Third_Party/FreeRTOS/Source/timers.c **** /*-----------------------------------------------------------*/
1033:Middlewares/Third_Party/FreeRTOS/Source/timers.c **** 
1034:Middlewares/Third_Party/FreeRTOS/Source/timers.c **** void vTimerSetTimerID( TimerHandle_t xTimer, void *pvNewID )
1035:Middlewares/Third_Party/FreeRTOS/Source/timers.c **** {
 2469              		.loc 1 1035 1
 2470              		.cfi_startproc
 2471              		@ args = 0, pretend = 0, frame = 16
 2472              		@ frame_needed = 1, uses_anonymous_args = 0
 2473 0000 80B5     		push	{r7, lr}
 2474              	.LCFI112:
 2475              		.cfi_def_cfa_offset 8
 2476              		.cfi_offset 7, -8
 2477              		.cfi_offset 14, -4
 2478 0002 84B0     		sub	sp, sp, #16
 2479              	.LCFI113:
 2480              		.cfi_def_cfa_offset 24
 2481 0004 00AF     		add	r7, sp, #0
 2482              	.LCFI114:
 2483              		.cfi_def_cfa_register 7
 2484 0006 7860     		str	r0, [r7, #4]
 2485 0008 3960     		str	r1, [r7]
1036:Middlewares/Third_Party/FreeRTOS/Source/timers.c **** Timer_t * const pxTimer = xTimer;
 2486              		.loc 1 1036 17
 2487 000a 7B68     		ldr	r3, [r7, #4]
 2488 000c FB60     		str	r3, [r7, #12]
1037:Middlewares/Third_Party/FreeRTOS/Source/timers.c **** 
1038:Middlewares/Third_Party/FreeRTOS/Source/timers.c **** 	configASSERT( xTimer );
 2489              		.loc 1 1038 2
 2490 000e 7B68     		ldr	r3, [r7, #4]
 2491 0010 002B     		cmp	r3, #0
 2492 0012 0BD1     		bne	.L151
 2493              	.LBB85:
 2494              	.LBB86:
 195:Middlewares/Third_Party/FreeRTOS/Source/portable/GCC/ARM_CM4F/portmacro.h **** 	(
ARM GAS  /tmp/ccCB62sD.s 			page 67


 2495              		.loc 2 195 2
 2496              		.syntax unified
 2497              	@ 195 "Middlewares/Third_Party/FreeRTOS/Source/portable/GCC/ARM_CM4F/portmacro.h" 1
 2498 0014 4FF05003 			mov r3, #80												
 2499 0018 83F31188 		msr basepri, r3											
 2500 001c BFF36F8F 		isb														
 2501 0020 BFF34F8F 		dsb														
 2502              	
 2503              	@ 0 "" 2
 2504              		.thumb
 2505              		.syntax unified
 2506 0024 BB60     		str	r3, [r7, #8]
 2507              		.loc 2 203 1
 2508 0026 00BF     		nop
 2509              	.L152:
 2510              	.LBE86:
 2511              	.LBE85:
 2512              		.loc 1 1038 2
 2513 0028 00BF     		nop
 2514 002a FDE7     		b	.L152
 2515              	.L151:
1039:Middlewares/Third_Party/FreeRTOS/Source/timers.c **** 
1040:Middlewares/Third_Party/FreeRTOS/Source/timers.c **** 	taskENTER_CRITICAL();
 2516              		.loc 1 1040 2
 2517 002c FFF7FEFF 		bl	vPortEnterCritical
1041:Middlewares/Third_Party/FreeRTOS/Source/timers.c **** 	{
1042:Middlewares/Third_Party/FreeRTOS/Source/timers.c **** 		pxTimer->pvTimerID = pvNewID;
 2518              		.loc 1 1042 22
 2519 0030 FB68     		ldr	r3, [r7, #12]
 2520 0032 3A68     		ldr	r2, [r7]
 2521 0034 DA61     		str	r2, [r3, #28]
1043:Middlewares/Third_Party/FreeRTOS/Source/timers.c **** 	}
1044:Middlewares/Third_Party/FreeRTOS/Source/timers.c **** 	taskEXIT_CRITICAL();
 2522              		.loc 1 1044 2
 2523 0036 FFF7FEFF 		bl	vPortExitCritical
1045:Middlewares/Third_Party/FreeRTOS/Source/timers.c **** }
 2524              		.loc 1 1045 1
 2525 003a 00BF     		nop
 2526 003c 1037     		adds	r7, r7, #16
 2527              	.LCFI115:
 2528              		.cfi_def_cfa_offset 8
 2529 003e BD46     		mov	sp, r7
 2530              	.LCFI116:
 2531              		.cfi_def_cfa_register 13
 2532              		@ sp needed
 2533 0040 80BD     		pop	{r7, pc}
 2534              		.cfi_endproc
 2535              	.LFE26:
 2537              		.section	.text.xTimerPendFunctionCallFromISR,"ax",%progbits
 2538              		.align	1
 2539              		.global	xTimerPendFunctionCallFromISR
 2540              		.syntax unified
 2541              		.thumb
 2542              		.thumb_func
 2544              	xTimerPendFunctionCallFromISR:
 2545              	.LFB27:
1046:Middlewares/Third_Party/FreeRTOS/Source/timers.c **** /*-----------------------------------------------------------*/
ARM GAS  /tmp/ccCB62sD.s 			page 68


1047:Middlewares/Third_Party/FreeRTOS/Source/timers.c **** 
1048:Middlewares/Third_Party/FreeRTOS/Source/timers.c **** #if( INCLUDE_xTimerPendFunctionCall == 1 )
1049:Middlewares/Third_Party/FreeRTOS/Source/timers.c **** 
1050:Middlewares/Third_Party/FreeRTOS/Source/timers.c **** 	BaseType_t xTimerPendFunctionCallFromISR( PendedFunction_t xFunctionToPend, void *pvParameter1, ui
1051:Middlewares/Third_Party/FreeRTOS/Source/timers.c **** 	{
 2546              		.loc 1 1051 2
 2547              		.cfi_startproc
 2548              		@ args = 0, pretend = 0, frame = 40
 2549              		@ frame_needed = 1, uses_anonymous_args = 0
 2550 0000 80B5     		push	{r7, lr}
 2551              	.LCFI117:
 2552              		.cfi_def_cfa_offset 8
 2553              		.cfi_offset 7, -8
 2554              		.cfi_offset 14, -4
 2555 0002 8AB0     		sub	sp, sp, #40
 2556              	.LCFI118:
 2557              		.cfi_def_cfa_offset 48
 2558 0004 00AF     		add	r7, sp, #0
 2559              	.LCFI119:
 2560              		.cfi_def_cfa_register 7
 2561 0006 F860     		str	r0, [r7, #12]
 2562 0008 B960     		str	r1, [r7, #8]
 2563 000a 7A60     		str	r2, [r7, #4]
 2564 000c 3B60     		str	r3, [r7]
1052:Middlewares/Third_Party/FreeRTOS/Source/timers.c **** 	DaemonTaskMessage_t xMessage;
1053:Middlewares/Third_Party/FreeRTOS/Source/timers.c **** 	BaseType_t xReturn;
1054:Middlewares/Third_Party/FreeRTOS/Source/timers.c **** 
1055:Middlewares/Third_Party/FreeRTOS/Source/timers.c **** 		/* Complete the message with the function parameters and post it to the
1056:Middlewares/Third_Party/FreeRTOS/Source/timers.c **** 		daemon task. */
1057:Middlewares/Third_Party/FreeRTOS/Source/timers.c **** 		xMessage.xMessageID = tmrCOMMAND_EXECUTE_CALLBACK_FROM_ISR;
 2565              		.loc 1 1057 23
 2566 000e 6FF00103 		mvn	r3, #1
 2567 0012 7B61     		str	r3, [r7, #20]
1058:Middlewares/Third_Party/FreeRTOS/Source/timers.c **** 		xMessage.u.xCallbackParameters.pxCallbackFunction = xFunctionToPend;
 2568              		.loc 1 1058 53
 2569 0014 FB68     		ldr	r3, [r7, #12]
 2570 0016 BB61     		str	r3, [r7, #24]
1059:Middlewares/Third_Party/FreeRTOS/Source/timers.c **** 		xMessage.u.xCallbackParameters.pvParameter1 = pvParameter1;
 2571              		.loc 1 1059 47
 2572 0018 BB68     		ldr	r3, [r7, #8]
 2573 001a FB61     		str	r3, [r7, #28]
1060:Middlewares/Third_Party/FreeRTOS/Source/timers.c **** 		xMessage.u.xCallbackParameters.ulParameter2 = ulParameter2;
 2574              		.loc 1 1060 47
 2575 001c 7B68     		ldr	r3, [r7, #4]
 2576 001e 3B62     		str	r3, [r7, #32]
1061:Middlewares/Third_Party/FreeRTOS/Source/timers.c **** 
1062:Middlewares/Third_Party/FreeRTOS/Source/timers.c **** 		xReturn = xQueueSendFromISR( xTimerQueue, &xMessage, pxHigherPriorityTaskWoken );
 2577              		.loc 1 1062 13
 2578 0020 064B     		ldr	r3, .L155
 2579 0022 1868     		ldr	r0, [r3]
 2580 0024 07F11401 		add	r1, r7, #20
 2581 0028 0023     		movs	r3, #0
 2582 002a 3A68     		ldr	r2, [r7]
 2583 002c FFF7FEFF 		bl	xQueueGenericSendFromISR
 2584 0030 7862     		str	r0, [r7, #36]
1063:Middlewares/Third_Party/FreeRTOS/Source/timers.c **** 
1064:Middlewares/Third_Party/FreeRTOS/Source/timers.c **** 		tracePEND_FUNC_CALL_FROM_ISR( xFunctionToPend, pvParameter1, ulParameter2, xReturn );
ARM GAS  /tmp/ccCB62sD.s 			page 69


1065:Middlewares/Third_Party/FreeRTOS/Source/timers.c **** 
1066:Middlewares/Third_Party/FreeRTOS/Source/timers.c **** 		return xReturn;
 2585              		.loc 1 1066 10
 2586 0032 7B6A     		ldr	r3, [r7, #36]
1067:Middlewares/Third_Party/FreeRTOS/Source/timers.c **** 	}
 2587              		.loc 1 1067 2
 2588 0034 1846     		mov	r0, r3
 2589 0036 2837     		adds	r7, r7, #40
 2590              	.LCFI120:
 2591              		.cfi_def_cfa_offset 8
 2592 0038 BD46     		mov	sp, r7
 2593              	.LCFI121:
 2594              		.cfi_def_cfa_register 13
 2595              		@ sp needed
 2596 003a 80BD     		pop	{r7, pc}
 2597              	.L156:
 2598              		.align	2
 2599              	.L155:
 2600 003c 00000000 		.word	xTimerQueue
 2601              		.cfi_endproc
 2602              	.LFE27:
 2604              		.section	.text.xTimerPendFunctionCall,"ax",%progbits
 2605              		.align	1
 2606              		.global	xTimerPendFunctionCall
 2607              		.syntax unified
 2608              		.thumb
 2609              		.thumb_func
 2611              	xTimerPendFunctionCall:
 2612              	.LFB28:
1068:Middlewares/Third_Party/FreeRTOS/Source/timers.c **** 
1069:Middlewares/Third_Party/FreeRTOS/Source/timers.c **** #endif /* INCLUDE_xTimerPendFunctionCall */
1070:Middlewares/Third_Party/FreeRTOS/Source/timers.c **** /*-----------------------------------------------------------*/
1071:Middlewares/Third_Party/FreeRTOS/Source/timers.c **** 
1072:Middlewares/Third_Party/FreeRTOS/Source/timers.c **** #if( INCLUDE_xTimerPendFunctionCall == 1 )
1073:Middlewares/Third_Party/FreeRTOS/Source/timers.c **** 
1074:Middlewares/Third_Party/FreeRTOS/Source/timers.c **** 	BaseType_t xTimerPendFunctionCall( PendedFunction_t xFunctionToPend, void *pvParameter1, uint32_t 
1075:Middlewares/Third_Party/FreeRTOS/Source/timers.c **** 	{
 2613              		.loc 1 1075 2
 2614              		.cfi_startproc
 2615              		@ args = 0, pretend = 0, frame = 40
 2616              		@ frame_needed = 1, uses_anonymous_args = 0
 2617 0000 80B5     		push	{r7, lr}
 2618              	.LCFI122:
 2619              		.cfi_def_cfa_offset 8
 2620              		.cfi_offset 7, -8
 2621              		.cfi_offset 14, -4
 2622 0002 8AB0     		sub	sp, sp, #40
 2623              	.LCFI123:
 2624              		.cfi_def_cfa_offset 48
 2625 0004 00AF     		add	r7, sp, #0
 2626              	.LCFI124:
 2627              		.cfi_def_cfa_register 7
 2628 0006 F860     		str	r0, [r7, #12]
 2629 0008 B960     		str	r1, [r7, #8]
 2630 000a 7A60     		str	r2, [r7, #4]
 2631 000c 3B60     		str	r3, [r7]
1076:Middlewares/Third_Party/FreeRTOS/Source/timers.c **** 	DaemonTaskMessage_t xMessage;
ARM GAS  /tmp/ccCB62sD.s 			page 70


1077:Middlewares/Third_Party/FreeRTOS/Source/timers.c **** 	BaseType_t xReturn;
1078:Middlewares/Third_Party/FreeRTOS/Source/timers.c **** 
1079:Middlewares/Third_Party/FreeRTOS/Source/timers.c **** 		/* This function can only be called after a timer has been created or
1080:Middlewares/Third_Party/FreeRTOS/Source/timers.c **** 		after the scheduler has been started because, until then, the timer
1081:Middlewares/Third_Party/FreeRTOS/Source/timers.c **** 		queue does not exist. */
1082:Middlewares/Third_Party/FreeRTOS/Source/timers.c **** 		configASSERT( xTimerQueue );
 2632              		.loc 1 1082 3
 2633 000e 134B     		ldr	r3, .L161
 2634 0010 1B68     		ldr	r3, [r3]
 2635 0012 002B     		cmp	r3, #0
 2636 0014 0BD1     		bne	.L158
 2637              	.LBB87:
 2638              	.LBB88:
 195:Middlewares/Third_Party/FreeRTOS/Source/portable/GCC/ARM_CM4F/portmacro.h **** 	(
 2639              		.loc 2 195 2
 2640              		.syntax unified
 2641              	@ 195 "Middlewares/Third_Party/FreeRTOS/Source/portable/GCC/ARM_CM4F/portmacro.h" 1
 2642 0016 4FF05003 			mov r3, #80												
 2643 001a 83F31188 		msr basepri, r3											
 2644 001e BFF36F8F 		isb														
 2645 0022 BFF34F8F 		dsb														
 2646              	
 2647              	@ 0 "" 2
 2648              		.thumb
 2649              		.syntax unified
 2650 0026 3B62     		str	r3, [r7, #32]
 2651              		.loc 2 203 1
 2652 0028 00BF     		nop
 2653              	.L159:
 2654              	.LBE88:
 2655              	.LBE87:
 2656              		.loc 1 1082 3
 2657 002a 00BF     		nop
 2658 002c FDE7     		b	.L159
 2659              	.L158:
1083:Middlewares/Third_Party/FreeRTOS/Source/timers.c **** 
1084:Middlewares/Third_Party/FreeRTOS/Source/timers.c **** 		/* Complete the message with the function parameters and post it to the
1085:Middlewares/Third_Party/FreeRTOS/Source/timers.c **** 		daemon task. */
1086:Middlewares/Third_Party/FreeRTOS/Source/timers.c **** 		xMessage.xMessageID = tmrCOMMAND_EXECUTE_CALLBACK;
 2660              		.loc 1 1086 23
 2661 002e 4FF0FF33 		mov	r3, #-1
 2662 0032 3B61     		str	r3, [r7, #16]
1087:Middlewares/Third_Party/FreeRTOS/Source/timers.c **** 		xMessage.u.xCallbackParameters.pxCallbackFunction = xFunctionToPend;
 2663              		.loc 1 1087 53
 2664 0034 FB68     		ldr	r3, [r7, #12]
 2665 0036 7B61     		str	r3, [r7, #20]
1088:Middlewares/Third_Party/FreeRTOS/Source/timers.c **** 		xMessage.u.xCallbackParameters.pvParameter1 = pvParameter1;
 2666              		.loc 1 1088 47
 2667 0038 BB68     		ldr	r3, [r7, #8]
 2668 003a BB61     		str	r3, [r7, #24]
1089:Middlewares/Third_Party/FreeRTOS/Source/timers.c **** 		xMessage.u.xCallbackParameters.ulParameter2 = ulParameter2;
 2669              		.loc 1 1089 47
 2670 003c 7B68     		ldr	r3, [r7, #4]
 2671 003e FB61     		str	r3, [r7, #28]
1090:Middlewares/Third_Party/FreeRTOS/Source/timers.c **** 
1091:Middlewares/Third_Party/FreeRTOS/Source/timers.c **** 		xReturn = xQueueSendToBack( xTimerQueue, &xMessage, xTicksToWait );
 2672              		.loc 1 1091 13
ARM GAS  /tmp/ccCB62sD.s 			page 71


 2673 0040 064B     		ldr	r3, .L161
 2674 0042 1868     		ldr	r0, [r3]
 2675 0044 07F11001 		add	r1, r7, #16
 2676 0048 0023     		movs	r3, #0
 2677 004a 3A68     		ldr	r2, [r7]
 2678 004c FFF7FEFF 		bl	xQueueGenericSend
 2679 0050 7862     		str	r0, [r7, #36]
1092:Middlewares/Third_Party/FreeRTOS/Source/timers.c **** 
1093:Middlewares/Third_Party/FreeRTOS/Source/timers.c **** 		tracePEND_FUNC_CALL( xFunctionToPend, pvParameter1, ulParameter2, xReturn );
1094:Middlewares/Third_Party/FreeRTOS/Source/timers.c **** 
1095:Middlewares/Third_Party/FreeRTOS/Source/timers.c **** 		return xReturn;
 2680              		.loc 1 1095 10
 2681 0052 7B6A     		ldr	r3, [r7, #36]
1096:Middlewares/Third_Party/FreeRTOS/Source/timers.c **** 	}
 2682              		.loc 1 1096 2
 2683 0054 1846     		mov	r0, r3
 2684 0056 2837     		adds	r7, r7, #40
 2685              	.LCFI125:
 2686              		.cfi_def_cfa_offset 8
 2687 0058 BD46     		mov	sp, r7
 2688              	.LCFI126:
 2689              		.cfi_def_cfa_register 13
 2690              		@ sp needed
 2691 005a 80BD     		pop	{r7, pc}
 2692              	.L162:
 2693              		.align	2
 2694              	.L161:
 2695 005c 00000000 		.word	xTimerQueue
 2696              		.cfi_endproc
 2697              	.LFE28:
 2699              		.section	.text.uxTimerGetTimerNumber,"ax",%progbits
 2700              		.align	1
 2701              		.global	uxTimerGetTimerNumber
 2702              		.syntax unified
 2703              		.thumb
 2704              		.thumb_func
 2706              	uxTimerGetTimerNumber:
 2707              	.LFB29:
1097:Middlewares/Third_Party/FreeRTOS/Source/timers.c **** 
1098:Middlewares/Third_Party/FreeRTOS/Source/timers.c **** #endif /* INCLUDE_xTimerPendFunctionCall */
1099:Middlewares/Third_Party/FreeRTOS/Source/timers.c **** /*-----------------------------------------------------------*/
1100:Middlewares/Third_Party/FreeRTOS/Source/timers.c **** 
1101:Middlewares/Third_Party/FreeRTOS/Source/timers.c **** #if ( configUSE_TRACE_FACILITY == 1 )
1102:Middlewares/Third_Party/FreeRTOS/Source/timers.c **** 
1103:Middlewares/Third_Party/FreeRTOS/Source/timers.c **** 	UBaseType_t uxTimerGetTimerNumber( TimerHandle_t xTimer )
1104:Middlewares/Third_Party/FreeRTOS/Source/timers.c **** 	{
 2708              		.loc 1 1104 2
 2709              		.cfi_startproc
 2710              		@ args = 0, pretend = 0, frame = 8
 2711              		@ frame_needed = 1, uses_anonymous_args = 0
 2712              		@ link register save eliminated.
 2713 0000 80B4     		push	{r7}
 2714              	.LCFI127:
 2715              		.cfi_def_cfa_offset 4
 2716              		.cfi_offset 7, -4
 2717 0002 83B0     		sub	sp, sp, #12
 2718              	.LCFI128:
ARM GAS  /tmp/ccCB62sD.s 			page 72


 2719              		.cfi_def_cfa_offset 16
 2720 0004 00AF     		add	r7, sp, #0
 2721              	.LCFI129:
 2722              		.cfi_def_cfa_register 7
 2723 0006 7860     		str	r0, [r7, #4]
1105:Middlewares/Third_Party/FreeRTOS/Source/timers.c **** 		return ( ( Timer_t * ) xTimer )->uxTimerNumber;
 2724              		.loc 1 1105 34
 2725 0008 7B68     		ldr	r3, [r7, #4]
 2726 000a 5B6A     		ldr	r3, [r3, #36]
1106:Middlewares/Third_Party/FreeRTOS/Source/timers.c **** 	}
 2727              		.loc 1 1106 2
 2728 000c 1846     		mov	r0, r3
 2729 000e 0C37     		adds	r7, r7, #12
 2730              	.LCFI130:
 2731              		.cfi_def_cfa_offset 4
 2732 0010 BD46     		mov	sp, r7
 2733              	.LCFI131:
 2734              		.cfi_def_cfa_register 13
 2735              		@ sp needed
 2736 0012 80BC     		pop	{r7}
 2737              	.LCFI132:
 2738              		.cfi_restore 7
 2739              		.cfi_def_cfa_offset 0
 2740 0014 7047     		bx	lr
 2741              		.cfi_endproc
 2742              	.LFE29:
 2744              		.section	.text.vTimerSetTimerNumber,"ax",%progbits
 2745              		.align	1
 2746              		.global	vTimerSetTimerNumber
 2747              		.syntax unified
 2748              		.thumb
 2749              		.thumb_func
 2751              	vTimerSetTimerNumber:
 2752              	.LFB30:
1107:Middlewares/Third_Party/FreeRTOS/Source/timers.c **** 
1108:Middlewares/Third_Party/FreeRTOS/Source/timers.c **** #endif /* configUSE_TRACE_FACILITY */
1109:Middlewares/Third_Party/FreeRTOS/Source/timers.c **** /*-----------------------------------------------------------*/
1110:Middlewares/Third_Party/FreeRTOS/Source/timers.c **** 
1111:Middlewares/Third_Party/FreeRTOS/Source/timers.c **** #if ( configUSE_TRACE_FACILITY == 1 )
1112:Middlewares/Third_Party/FreeRTOS/Source/timers.c **** 
1113:Middlewares/Third_Party/FreeRTOS/Source/timers.c **** 	void vTimerSetTimerNumber( TimerHandle_t xTimer, UBaseType_t uxTimerNumber )
1114:Middlewares/Third_Party/FreeRTOS/Source/timers.c **** 	{
 2753              		.loc 1 1114 2
 2754              		.cfi_startproc
 2755              		@ args = 0, pretend = 0, frame = 8
 2756              		@ frame_needed = 1, uses_anonymous_args = 0
 2757              		@ link register save eliminated.
 2758 0000 80B4     		push	{r7}
 2759              	.LCFI133:
 2760              		.cfi_def_cfa_offset 4
 2761              		.cfi_offset 7, -4
 2762 0002 83B0     		sub	sp, sp, #12
 2763              	.LCFI134:
 2764              		.cfi_def_cfa_offset 16
 2765 0004 00AF     		add	r7, sp, #0
 2766              	.LCFI135:
 2767              		.cfi_def_cfa_register 7
ARM GAS  /tmp/ccCB62sD.s 			page 73


 2768 0006 7860     		str	r0, [r7, #4]
 2769 0008 3960     		str	r1, [r7]
1115:Middlewares/Third_Party/FreeRTOS/Source/timers.c **** 		( ( Timer_t * ) xTimer )->uxTimerNumber = uxTimerNumber;
 2770              		.loc 1 1115 43
 2771 000a 7B68     		ldr	r3, [r7, #4]
 2772 000c 3A68     		ldr	r2, [r7]
 2773 000e 5A62     		str	r2, [r3, #36]
1116:Middlewares/Third_Party/FreeRTOS/Source/timers.c **** 	}
 2774              		.loc 1 1116 2
 2775 0010 00BF     		nop
 2776 0012 0C37     		adds	r7, r7, #12
 2777              	.LCFI136:
 2778              		.cfi_def_cfa_offset 4
 2779 0014 BD46     		mov	sp, r7
 2780              	.LCFI137:
 2781              		.cfi_def_cfa_register 13
 2782              		@ sp needed
 2783 0016 80BC     		pop	{r7}
 2784              	.LCFI138:
 2785              		.cfi_restore 7
 2786              		.cfi_def_cfa_offset 0
 2787 0018 7047     		bx	lr
 2788              		.cfi_endproc
 2789              	.LFE30:
 2791              		.section	.bss.xLastTime.2,"aw",%nobits
 2792              		.align	2
 2795              	xLastTime.2:
 2796 0000 00000000 		.space	4
 2797              		.section	.bss.ucStaticTimerQueueStorage.1,"aw",%nobits
 2798              		.align	2
 2801              	ucStaticTimerQueueStorage.1:
 2802 0000 00000000 		.space	160
 2802      00000000 
 2802      00000000 
 2802      00000000 
 2802      00000000 
 2803              		.section	.bss.xStaticTimerQueue.0,"aw",%nobits
 2804              		.align	2
 2807              	xStaticTimerQueue.0:
 2808 0000 00000000 		.space	80
 2808      00000000 
 2808      00000000 
 2808      00000000 
 2808      00000000 
 2809              		.text
 2810              	.Letext0:
 2811              		.file 3 "/home/fabio/arm-gnu-toolchain-15.2.rel1-x86_64-arm-none-eabi/lib/gcc/arm-none-eabi/15.2.1
 2812              		.file 4 "/home/fabio/arm-gnu-toolchain-15.2.rel1-x86_64-arm-none-eabi/arm-none-eabi/include/machin
 2813              		.file 5 "/home/fabio/arm-gnu-toolchain-15.2.rel1-x86_64-arm-none-eabi/arm-none-eabi/include/sys/_s
 2814              		.file 6 "Middlewares/Third_Party/FreeRTOS/Source/include/projdefs.h"
 2815              		.file 7 "Middlewares/Third_Party/FreeRTOS/Source/include/FreeRTOS.h"
 2816              		.file 8 "Middlewares/Third_Party/FreeRTOS/Source/include/list.h"
 2817              		.file 9 "Middlewares/Third_Party/FreeRTOS/Source/include/task.h"
 2818              		.file 10 "Middlewares/Third_Party/FreeRTOS/Source/include/queue.h"
 2819              		.file 11 "Middlewares/Third_Party/FreeRTOS/Source/include/timers.h"
 2820              		.file 12 "Middlewares/Third_Party/FreeRTOS/Source/include/portable.h"
ARM GAS  /tmp/ccCB62sD.s 			page 74


DEFINED SYMBOLS
                            *ABS*:00000000 timers.c
     /tmp/ccCB62sD.s:21     .bss.xActiveTimerList1:00000000 $d
     /tmp/ccCB62sD.s:24     .bss.xActiveTimerList1:00000000 xActiveTimerList1
     /tmp/ccCB62sD.s:27     .bss.xActiveTimerList2:00000000 $d
     /tmp/ccCB62sD.s:30     .bss.xActiveTimerList2:00000000 xActiveTimerList2
     /tmp/ccCB62sD.s:33     .bss.pxCurrentTimerList:00000000 $d
     /tmp/ccCB62sD.s:36     .bss.pxCurrentTimerList:00000000 pxCurrentTimerList
     /tmp/ccCB62sD.s:39     .bss.pxOverflowTimerList:00000000 $d
     /tmp/ccCB62sD.s:42     .bss.pxOverflowTimerList:00000000 pxOverflowTimerList
     /tmp/ccCB62sD.s:45     .bss.xTimerQueue:00000000 $d
     /tmp/ccCB62sD.s:48     .bss.xTimerQueue:00000000 xTimerQueue
     /tmp/ccCB62sD.s:51     .bss.xTimerTaskHandle:00000000 $d
     /tmp/ccCB62sD.s:54     .bss.xTimerTaskHandle:00000000 xTimerTaskHandle
     /tmp/ccCB62sD.s:57     .rodata:00000000 $d
     /tmp/ccCB62sD.s:61     .text.xTimerCreateTimerTask:00000000 $t
     /tmp/ccCB62sD.s:67     .text.xTimerCreateTimerTask:00000000 xTimerCreateTimerTask
     /tmp/ccCB62sD.s:2202   .text.prvCheckForValidListAndQueue:00000000 prvCheckForValidListAndQueue
     /tmp/ccCB62sD.s:179    .text.xTimerCreateTimerTask:00000084 $d
     /tmp/ccCB62sD.s:1244   .text.prvTimerTask:00000000 prvTimerTask
     /tmp/ccCB62sD.s:187    .text.xTimerCreate:00000000 $t
     /tmp/ccCB62sD.s:193    .text.xTimerCreate:00000000 xTimerCreate
     /tmp/ccCB62sD.s:384    .text.prvInitialiseNewTimer:00000000 prvInitialiseNewTimer
     /tmp/ccCB62sD.s:253    .text.xTimerCreateStatic:00000000 $t
     /tmp/ccCB62sD.s:259    .text.xTimerCreateStatic:00000000 xTimerCreateStatic
     /tmp/ccCB62sD.s:379    .text.prvInitialiseNewTimer:00000000 $t
     /tmp/ccCB62sD.s:487    .text.xTimerGenericCommand:00000000 $t
     /tmp/ccCB62sD.s:493    .text.xTimerGenericCommand:00000000 xTimerGenericCommand
     /tmp/ccCB62sD.s:613    .text.xTimerGenericCommand:00000098 $d
     /tmp/ccCB62sD.s:618    .text.xTimerGetTimerDaemonTaskHandle:00000000 $t
     /tmp/ccCB62sD.s:624    .text.xTimerGetTimerDaemonTaskHandle:00000000 xTimerGetTimerDaemonTaskHandle
     /tmp/ccCB62sD.s:689    .text.xTimerGetTimerDaemonTaskHandle:00000034 $d
     /tmp/ccCB62sD.s:694    .text.xTimerGetPeriod:00000000 $t
     /tmp/ccCB62sD.s:700    .text.xTimerGetPeriod:00000000 xTimerGetPeriod
     /tmp/ccCB62sD.s:769    .text.vTimerSetReloadMode:00000000 $t
     /tmp/ccCB62sD.s:775    .text.vTimerSetReloadMode:00000000 vTimerSetReloadMode
     /tmp/ccCB62sD.s:865    .text.uxTimerGetReloadMode:00000000 $t
     /tmp/ccCB62sD.s:871    .text.uxTimerGetReloadMode:00000000 uxTimerGetReloadMode
     /tmp/ccCB62sD.s:956    .text.xTimerGetExpiryTime:00000000 $t
     /tmp/ccCB62sD.s:962    .text.xTimerGetExpiryTime:00000000 xTimerGetExpiryTime
     /tmp/ccCB62sD.s:1034   .text.pcTimerGetName:00000000 $t
     /tmp/ccCB62sD.s:1040   .text.pcTimerGetName:00000000 pcTimerGetName
     /tmp/ccCB62sD.s:1109   .text.prvProcessExpiredTimer:00000000 $t
     /tmp/ccCB62sD.s:1114   .text.prvProcessExpiredTimer:00000000 prvProcessExpiredTimer
     /tmp/ccCB62sD.s:1566   .text.prvInsertTimerInActiveList:00000000 prvInsertTimerInActiveList
     /tmp/ccCB62sD.s:1234   .text.prvProcessExpiredTimer:00000098 $d
     /tmp/ccCB62sD.s:1239   .text.prvTimerTask:00000000 $t
     /tmp/ccCB62sD.s:1414   .text.prvGetNextExpireTime:00000000 prvGetNextExpireTime
     /tmp/ccCB62sD.s:1287   .text.prvProcessTimerOrBlockTask:00000000 prvProcessTimerOrBlockTask
     /tmp/ccCB62sD.s:1682   .text.prvProcessReceivedCommands:00000000 prvProcessReceivedCommands
     /tmp/ccCB62sD.s:1282   .text.prvProcessTimerOrBlockTask:00000000 $t
     /tmp/ccCB62sD.s:1496   .text.prvSampleTimeNow:00000000 prvSampleTimeNow
     /tmp/ccCB62sD.s:1402   .text.prvProcessTimerOrBlockTask:00000090 $d
     /tmp/ccCB62sD.s:1409   .text.prvGetNextExpireTime:00000000 $t
     /tmp/ccCB62sD.s:1486   .text.prvGetNextExpireTime:00000040 $d
     /tmp/ccCB62sD.s:1491   .text.prvSampleTimeNow:00000000 $t
     /tmp/ccCB62sD.s:2031   .text.prvSwitchTimerLists:00000000 prvSwitchTimerLists
ARM GAS  /tmp/ccCB62sD.s 			page 75


     /tmp/ccCB62sD.s:1556   .text.prvSampleTimeNow:0000003c $d
     /tmp/ccCB62sD.s:2795   .bss.xLastTime.2:00000000 xLastTime.2
     /tmp/ccCB62sD.s:1561   .text.prvInsertTimerInActiveList:00000000 $t
     /tmp/ccCB62sD.s:1671   .text.prvInsertTimerInActiveList:0000007c $d
     /tmp/ccCB62sD.s:1677   .text.prvProcessReceivedCommands:00000000 $t
     /tmp/ccCB62sD.s:2021   .text.prvProcessReceivedCommands:000001d4 $d
     /tmp/ccCB62sD.s:2026   .text.prvSwitchTimerLists:00000000 $t
     /tmp/ccCB62sD.s:2187   .text.prvSwitchTimerLists:000000c4 $d
     /tmp/ccCB62sD.s:2197   .text.prvCheckForValidListAndQueue:00000000 $t
     /tmp/ccCB62sD.s:2280   .text.prvCheckForValidListAndQueue:00000060 $d
     /tmp/ccCB62sD.s:2807   .bss.xStaticTimerQueue.0:00000000 xStaticTimerQueue.0
     /tmp/ccCB62sD.s:2801   .bss.ucStaticTimerQueueStorage.1:00000000 ucStaticTimerQueueStorage.1
     /tmp/ccCB62sD.s:2292   .text.xTimerIsTimerActive:00000000 $t
     /tmp/ccCB62sD.s:2298   .text.xTimerIsTimerActive:00000000 xTimerIsTimerActive
     /tmp/ccCB62sD.s:2383   .text.pvTimerGetTimerID:00000000 $t
     /tmp/ccCB62sD.s:2389   .text.pvTimerGetTimerID:00000000 pvTimerGetTimerID
     /tmp/ccCB62sD.s:2461   .text.vTimerSetTimerID:00000000 $t
     /tmp/ccCB62sD.s:2467   .text.vTimerSetTimerID:00000000 vTimerSetTimerID
     /tmp/ccCB62sD.s:2538   .text.xTimerPendFunctionCallFromISR:00000000 $t
     /tmp/ccCB62sD.s:2544   .text.xTimerPendFunctionCallFromISR:00000000 xTimerPendFunctionCallFromISR
     /tmp/ccCB62sD.s:2600   .text.xTimerPendFunctionCallFromISR:0000003c $d
     /tmp/ccCB62sD.s:2605   .text.xTimerPendFunctionCall:00000000 $t
     /tmp/ccCB62sD.s:2611   .text.xTimerPendFunctionCall:00000000 xTimerPendFunctionCall
     /tmp/ccCB62sD.s:2695   .text.xTimerPendFunctionCall:0000005c $d
     /tmp/ccCB62sD.s:2700   .text.uxTimerGetTimerNumber:00000000 $t
     /tmp/ccCB62sD.s:2706   .text.uxTimerGetTimerNumber:00000000 uxTimerGetTimerNumber
     /tmp/ccCB62sD.s:2745   .text.vTimerSetTimerNumber:00000000 $t
     /tmp/ccCB62sD.s:2751   .text.vTimerSetTimerNumber:00000000 vTimerSetTimerNumber
     /tmp/ccCB62sD.s:2792   .bss.xLastTime.2:00000000 $d
     /tmp/ccCB62sD.s:2798   .bss.ucStaticTimerQueueStorage.1:00000000 $d
     /tmp/ccCB62sD.s:2804   .bss.xStaticTimerQueue.0:00000000 $d

UNDEFINED SYMBOLS
vApplicationGetTimerTaskMemory
xTaskCreateStatic
pvPortMalloc
vListInitialiseItem
xTaskGetSchedulerState
xQueueGenericSend
xQueueGenericSendFromISR
vPortEnterCritical
vPortExitCritical
uxListRemove
vTaskSuspendAll
xTaskResumeAll
vQueueWaitForMessageRestricted
xTaskGetTickCount
vListInsert
vPortFree
xQueueReceive
vListInitialise
xQueueGenericCreateStatic
vQueueAddToRegistry
